TIME,H1_TEMP,H2_TEMP,AMB_TEMP,SP1_ABS,SP2_ABS,SP1_REL,SP2_REL,H1_MUL_NOISE,H2_MUL_NOISE,F_MUL_NOISE,H1_ADD_NOISE,H2_ADD_NOISE,F_ADD_NOISE,H1_NEG_SAT,H2_NEG_SAT,F_NEG_SAT,H1_POS_SAT,H2_POS_SAT,F_POS_SAT,H1_RATE_SAT,H2_RATE_SAT,F_RATE_SAT,H1_C_PWM,H2_C_PWM,F_C_PWM,H1_D_PWM,H2_D_PWM,F_D_PWM,CTRL_ACTION,CTRL_TIME
200,24.0,24.5,24.0,,,,,1.0,1.0,1.0,50.0,0.0,0.0,0.0,0.0,0.0,100.0,100.0,100.0,10000.0,10000.0,10000.0,0,0,0,50.0,0.0,0.0,0,0
400,24.0,24.5,24.0,,,,,1.0,1.0,1.0,50.0,0.0,0.0,0.0,0.0,0.0,100.0,100.0,100.0,10000.0,10000.0,10000.0,0,0,0,50.0,0.0,0.0,0,0
600,24.0,24.5,24.0,,,,,1.0,1.0,1.0,50.0,0.0,0.0,0.0,0.0,0.0,100.0,100.0,100.0,10000.0,10000.0,10000.0,0,0,0,50.0,0.0,0.0,0,0
800,24.0,24.5,24.0,,,,,1.0,1.0,1.0,50.0,0.0,0.0,0.0,0.0,0.0,100.0,100.0,100.0,10000.0,10000.0,10000.0,0,0,0,50.0,0.0,0.0,0,0
1000,24.0,24.5,24.0,,,,,1.0,1.0,1.0,50.0,0.0,0.0,0.0,0.0,0.0,100.0,100.0,100.0,10000.0,10000.0,10000.0,0,0,0,50.0,0.0,0.0,0,0
1200,24.0,24.5,24.0,,,,,1.0,1.0,1.0,50.0,0.0,0.0,0.0,0.0,0.0,100.0,100.0,100.0,10000.0,10000.0,10000.0,0,0,0,50.0,0.0,0.0,0,0
1400,24.0,24.5,24.0,,,,,1.0,1.0,1.0,50.0,0.0,0.0,0.0,0.0,0.0,100.0,100.0,100.0,10000.0,10000.0,10000.0,0,0,0,50.0,0.0,0.0,0,0
1600,24.0,24.5,24.0,,,,,1.0,1.0,1.0,50.0,0.0,0.0,0.0,0.0,0.0,100.0,100.0,100.0,10000.0,10000.0,10000.0,0,0,0,50.0,0.0,0.0,0,0
1800,24.0,24.5,24.0,,,,,1.0,1.0,1.0,50.0,0.0,0.0,0.0,0.0,0.0,100.0,100.0,100.0,10000.0,10000.0,10000.0,0,0,0,50.0,0.0,0.0,0,0
2000,24.0,24.5,24.0,,,,,1.0,1.0,1.0,50.0,0.0,0.0,0.0,0.0,0.0,100.0,100.0,100.0,10000.0,10000.0,10000.0,0,0,0,50.0,0.0,0.0,0,0
2200,24.0,24.5,24.0,,,,,1.0,1.0,1.0,50.0,0.0,0.0,0.0,0.0,0.0,100.0,100.0,100.0,10000.0,10000.0,10000.0,0,0,0,50.0,0.0,0.0,0,0
2400,24.0,24.5,24.0,,,,,1.0,1.0,1.0,50.0,0.0,0.0,0.0,0.0,0.0,100.0,100.0,100.0,10000.0,10000.0,10000.0,0,0,0,50.0,0.0,0.0,0,0
2600,24.0,24.5,24.0,,,,,1.0,1.0,1.0,50.0,0.0,0.0,0.0,0.0,0.0,100.0,100.0,100.0,10000.0,10000.0,10000.0,0,0,0,50.0,0.0,0.0,0,0
2800,24.0,24.5,24.0,,,,,1.0,1.0,1.0,50.0,0.0,0.0,0.0,0.0,0.0,100.0,100.0,100.0,10000.0,10000.0,10000.0,0,0,0,50.0,0.0,0.0,0,0
3000,24.0,24.5,24.0,,,,,1.0,1.0,1.0,50.0,0.0,0.0,0.0,0.0,0.0,100.0,100.0,100.0,10000.0,10000.0,10000.0,0,0,0,50.0,0.0,0.0,0,0
3200,24.0,24.5,24.0,,,,,1.0,1.0,1.0,50.0,0.0,0.0,0.0,0.0,0.0,100.0,100.0,100.0,10000.0,10000.0,10000.0,0,0,0,50.0,0.0,0.0,0,0
3400,24.0,24.5,24.0,,,,,1.0,1.0,1.0,50.0,0.0,0.0,0.0,0.0,0.0,100.0,100.0,100.0,10000.0,10000.0,10000.0,0,0,0,50.0,0.0,0.0,0,0
3600,24.0,24.5,24.0,,,,,1.0,1.0,1.0,50.0,0.0,0.0,0.0,0.0,0.0,100.0,100.0,100.0,10000.0,10000.0,10000.0,0,0,0,50.0,0.0,0.0,0,0
3800,24.0,24.5,24.0,,,,,1.0,1.0,1.0,50.0,0.0,0.0,0.0,0.0,0.0,100.0,100.0,100.0,10000.0,10000.0,10000.0,0,0,0,50.0,0.0,0.0,0,0
4000,24.0,24.5,24.0,,,,,1.0,1.0,1.0,50.0,0.0,0.0,0.0,0.0,0.0,100.0,100.0,100.0,10000.0,10000.0,10000.0,0,0,0,50.0,0.0,0.0,0,0
4200,24.0,24.5,24.0,,,,,1.0,1.0,1.0,50.0,0.0,0.0,0.0,0.0,0.0,100.0,100.0,100.0,10000.0,10000.0,10000.0,0,0,0,50.0,0.0,0.0,0,0
4400,24.0,24.5,24.0,,,,,1.0,1.0,1.0,50.0,0.0,0.0,0.0,0.0,0.0,100.0,100.0,100.0,10000.0,10000.0,10000.0,0,0,0,50.0,0.0,0.0,0,0
4600,24.0,24.5,24.0,,,,,1.0,1.0,1.0,50.0,0.0,0.0,0.0,0.0,0.0,100.0,100.0,100.0,10000.0,10000.0,10000.0,0,0,0,50.0,0.0,0.0,0,0
4800,24.0,24.5,24.0,,,,,1.0,1.0,1.0,50.0,0.0,0.0,0.0,0.0,0.0,100.0,100.0,100.0,10000.0,10000.0,10000.0,0,0,0,50.0,0.0,0.0,0,0
5000,24.0,24.5,24.0,,,,,1.0,1.0,1.0,50.0,0.0,0.0,0.0,0.0,0.0,100.0,100.0,100.0,10000.0,10000.0,10000.0,0,0,0,50.0,0.0,0.0,0,0
5200,24.0,24.5,24.0,,,,,1.0,1.0,1.0,50.0,0.0,0.0,0.0,0.0,0.0,100.0,100.0,100.0,10000.0,10000.0,10000.0,0,0,0,50.0,0.0,0.0,0,0
5400,24.0,24.5,24.0,,,,,1.0,1.0,1.0,50.0,0.0,0.0,0.0,0.0,0.0,100.0,100.0,100.0,10000.0,10000.0,10000.0,0,0,0,50.0,0.0,0.0,0,0
5600,24.5,24.5,24.0,,,,,1.0,1.0,1.0,50.0,0.0,0.0,0.0,0.0,0.0,100.0,100.0,100.0,10000.0,10000.0,10000.0,0,0,0,50.0,0.0,0.0,0,0
5800,24.5,24.5,24.0,,,,,1.0,1.0,1.0,50.0,0.0,0.0,0.0,0.0,0.0,100.0,100.0,100.0,10000.0,10000.0,10000.0,0,0,0,50.0,0.0,0.0,0,0
6000,24.5,24.5,24.0,,,,,1.0,1.0,1.0,50.0,0.0,0.0,0.0,0.0,0.0,100.0,100.0,100.0,10000.0,10000.0,10000.0,0,0,0,50.0,0.0,0.0,0,0
6200,24.5,24.5,24.0,,,,,1.0,1.0,1.0,50.0,0.0,0.0,0.0,0.0,0.0,100.0,100.0,100.0,10000.0,10000.0,10000.0,0,0,0,50.0,0.0,0.0,0,0
6400,24.5,24.5,24.0,,,,,1.0,1.0,1.0,50.0,0.0,0.0,0.0,0.0,0.0,100.0,100.0,100.0,10000.0,10000.0,10000.0,0,0,0,50.0,0.0,0.0,0,0
6600,24.5,24.5,24.0,,,,,1.0,1.0,1.0,50.0,0.0,0.0,0.0,0.0,0.0,100.0,100.0,100.0,10000.0,10000.0,10000.0,0,0,0,50.0,0.0,0.0,0,0
6800,24.5,24.5,24.0,,,,,1.0,1.0,1.0,50.0,0.0,0.0,0.0,0.0,0.0,100.0,100.0,100.0,10000.0,10000.0,10000.0,0,0,0,50.0,0.0,0.0,0,0
7000,24.5,24.5,24.0,,,,,1.0,1.0,1.0,50.0,0.0,0.0,0.0,0.0,0.0,100.0,100.0,100.0,10000.0,10000.0,10000.0,0,0,0,50.0,0.0,0.0,0,0
7200,24.5,24.5,24.0,,,,,1.0,1.0,1.0,50.0,0.0,0.0,0.0,0.0,0.0,100.0,100.0,100.0,10000.0,10000.0,10000.0,0,0,0,50.0,0.0,0.0,0,0
7400,24.5,24.5,24.0,,,,,1.0,1.0,1.0,50.0,0.0,0.0,0.0,0.0,0.0,100.0,100.0,100.0,10000.0,10000.0,10000.0,0,0,0,50.0,0.0,0.0,0,0
7600,24.5,24.5,24.0,,,,,1.0,1.0,1.0,50.0,0.0,0.0,0.0,0.0,0.0,100.0,100.0,100.0,10000.0,10000.0,10000.0,0,0,0,50.0,0.0,0.0,0,0
7800,24.5,24.5,24.0,,,,,1.0,1.0,1.0,50.0,0.0,0.0,0.0,0.0,0.0,100.0,100.0,100.0,10000.0,10000.0,10000.0,0,0,0,50.0,0.0,0.0,0,0
8000,24.5,24.5,24.0,,,,,1.0,1.0,1.0,50.0,0.0,0.0,0.0,0.0,0.0,100.0,100.0,100.0,10000.0,10000.0,10000.0,0,0,0,50.0,0.0,0.0,0,0
8200,24.5,24.5,24.0,,,,,1.0,1.0,1.0,50.0,0.0,0.0,0.0,0.0,0.0,100.0,100.0,100.0,10000.0,10000.0,10000.0,0,0,0,50.0,0.0,0.0,0,0
8400,24.5,24.5,24.0,,,,,1.0,1.0,1.0,50.0,0.0,0.0,0.0,0.0,0.0,100.0,100.0,100.0,10000.0,10000.0,10000.0,0,0,0,50.0,0.0,0.0,0,0
8600,25.0,24.5,24.0,,,,,1.0,1.0,1.0,50.0,0.0,0.0,0.0,0.0,0.0,100.0,100.0,100.0,10000.0,10000.0,10000.0,0,0,0,50.0,0.0,0.0,0,0
8800,25.0,24.5,24.0,,,,,1.0,1.0,1.0,50.0,0.0,0.0,0.0,0.0,0.0,100.0,100.0,100.0,10000.0,10000.0,10000.0,0,0,0,50.0,0.0,0.0,0,0
9000,25.0,25.0,24.0,,,,,1.0,1.0,1.0,50.0,0.0,0.0,0.0,0.0,0.0,100.0,100.0,100.0,10000.0,10000.0,10000.0,0,0,0,50.0,0.0,0.0,0,0
9200,25.0,25.0,24.0,,,,,1.0,1.0,1.0,50.0,0.0,0.0,0.0,0.0,0.0,100.0,100.0,100.0,10000.0,10000.0,10000.0,0,0,0,50.0,0.0,0.0,0,0
9400,25.0,25.0,24.0,,,,,1.0,1.0,1.0,50.0,0.0,0.0,0.0,0.0,0.0,100.0,100.0,100.0,10000.0,10000.0,10000.0,0,0,0,50.0,0.0,0.0,0,0
9600,25.0,25.0,24.0,,,,,1.0,1.0,1.0,50.0,0.0,0.0,0.0,0.0,0.0,100.0,100.0,100.0,10000.0,10000.0,10000.0,0,0,0,50.0,0.0,0.0,0,0
9800,25.0,25.0,24.0,,,,,1.0,1.0,1.0,50.0,0.0,0.0,0.0,0.0,0.0,100.0,100.0,100.0,10000.0,10000.0,10000.0,0,0,0,50.0,0.0,0.0,0,0
10000,25.0,25.0,24.0,,,,,1.0,1.0,1.0,50.0,0.0,0.0,0.0,0.0,0.0,100.0,100.0,100.0,10000.0,10000.0,10000.0,0,0,0,50.0,0.0,0.0,0,0
10200,25.0,25.0,24.0,,,,,1.0,1.0,1.0,50.0,0.0,0.0,0.0,0.0,0.0,100.0,100.0,100.0,10000.0,10000.0,10000.0,0,0,0,50.0,0.0,0.0,0,0
10400,25.0,25.0,24.0,,,,,1.0,1.0,1.0,50.0,0.0,0.0,0.0,0.0,0.0,100.0,100.0,100.0,10000.0,10000.0,10000.0,0,0,0,50.0,0.0,0.0,0,0
10600,25.0,25.0,24.0,,,,,1.0,1.0,1.0,50.0,0.0,0.0,0.0,0.0,0.0,100.0,100.0,100.0,10000.0,10000.0,10000.0,0,0,0,50.0,0.0,0.0,0,0
10800,25.0,25.0,24.0,,,,,1.0,1.0,1.0,50.0,0.0,0.0,0.0,0.0,0.0,100.0,100.0,100.0,10000.0,10000.0,10000.0,0,0,0,50.0,0.0,0.0,0,0
11000,25.0,25.0,24.0,,,,,1.0,1.0,1.0,50.0,0.0,0.0,0.0,0.0,0.0,100.0,100.0,100.0,10000.0,10000.0,10000.0,0,0,0,50.0,0.0,0.0,0,0
11200,25.0,25.0,24.0,,,,,1.0,1.0,1.0,50.0,0.0,0.0,0.0,0.0,0.0,100.0,100.0,100.0,10000.0,10000.0,10000.0,0,0,0,50.0,0.0,0.0,0,0
11400,25.0,25.0,24.0,,,,,1.0,1.0,1.0,50.0,0.0,0.0,0.0,0.0,0.0,100.0,100.0,100.0,10000.0,10000.0,10000.0,0,0,0,50.0,0.0,0.0,0,0
11600,25.5,25.0,24.0,,,,,1.0,1.0,1.0,50.0,0.0,0.0,0.0,0.0,0.0,100.0,100.0,100.0,10000.0,10000.0,10000.0,0,0,0,50.0,0.0,0.0,0,0
11800,25.5,25.0,24.0,,,,,1.0,1.0,1.0,50.0,0.0,0.0,0.0,0.0,0.0,100.0,100.0,100.0,10000.0,10000.0,10000.0,0,0,0,50.0,0.0,0.0,0,0
12000,25.5,25.5,24.0,,,,,1.0,1.0,1.0,50.0,0.0,0.0,0.0,0.0,0.0,100.0,100.0,100.0,10000.0,10000.0,10000.0,0,0,0,50.0,0.0,0.0,0,0
12200,25.5,25.5,24.0,,,,,1.0,1.0,1.0,50.0,0.0,0.0,0.0,0.0,0.0,100.0,100.0,100.0,10000.0,10000.0,10000.0,0,0,0,50.0,0.0,0.0,0,0
12400,25.5,25.5,24.0,,,,,1.0,1.0,1.0,50.0,0.0,0.0,0.0,0.0,0.0,100.0,100.0,100.0,10000.0,10000.0,10000.0,0,0,0,50.0,0.0,0.0,0,0
12600,25.5,25.5,24.0,,,,,1.0,1.0,1.0,50.0,0.0,0.0,0.0,0.0,0.0,100.0,100.0,100.0,10000.0,10000.0,10000.0,0,0,0,50.0,0.0,0.0,0,0
12800,25.5,25.5,24.0,,,,,1.0,1.0,1.0,50.0,0.0,0.0,0.0,0.0,0.0,100.0,100.0,100.0,10000.0,10000.0,10000.0,0,0,0,50.0,0.0,0.0,0,0
13000,25.5,25.5,24.0,,,,,1.0,1.0,1.0,50.0,0.0,0.0,0.0,0.0,0.0,100.0,100.0,100.0,10000.0,10000.0,10000.0,0,0,0,50.0,0.0,0.0,0,0
13200,25.5,25.5,24.0,,,,,1.0,1.0,1.0,50.0,0.0,0.0,0.0,0.0,0.0,100.0,100.0,100.0,10000.0,10000.0,10000.0,0,0,0,50.0,0.0,0.0,0,0
13400,25.5,25.5,24.0,,,,,1.0,1.0,1.0,50.0,0.0,0.0,0.0,0.0,0.0,100.0,100.0,100.0,10000.0,10000.0,10000.0,0,0,0,50.0,0.0,0.0,0,0
13600,26.0,25.5,24.0,,,,,1.0,1.0,1.0,50.0,0.0,0.0,0.0,0.0,0.0,100.0,100.0,100.0,10000.0,10000.0,10000.0,0,0,0,50.0,0.0,0.0,0,0
13800,26.0,25.5,24.0,,,,,1.0,1.0,1.0,50.0,0.0,0.0,0.0,0.0,0.0,100.0,100.0,100.0,10000.0,10000.0,10000.0,0,0,0,50.0,0.0,0.0,0,0
14000,26.0,25.5,24.0,,,,,1.0,1.0,1.0,50.0,0.0,0.0,0.0,0.0,0.0,100.0,100.0,100.0,10000.0,10000.0,10000.0,0,0,0,50.0,0.0,0.0,0,0
14200,26.0,25.5,24.0,,,,,1.0,1.0,1.0,50.0,0.0,0.0,0.0,0.0,0.0,100.0,100.0,100.0,10000.0,10000.0,10000.0,0,0,0,50.0,0.0,0.0,0,0
14400,26.0,25.5,24.0,,,,,1.0,1.0,1.0,50.0,0.0,0.0,0.0,0.0,0.0,100.0,100.0,100.0,10000.0,10000.0,10000.0,0,0,0,50.0,0.0,0.0,0,0
14600,26.0,25.5,24.0,,,,,1.0,1.0,1.0,50.0,0.0,0.0,0.0,0.0,0.0,100.0,100.0,100.0,10000.0,10000.0,10000.0,0,0,0,50.0,0.0,0.0,0,0
14800,26.0,25.5,24.0,,,,,1.0,1.0,1.0,50.0,0.0,0.0,0.0,0.0,0.0,100.0,100.0,100.0,10000.0,10000.0,10000.0,0,0,0,50.0,0.0,0.0,0,0
15000,26.0,26.0,24.0,,,,,1.0,1.0,1.0,50.0,0.0,0.0,0.0,0.0,0.0,100.0,100.0,100.0,10000.0,10000.0,10000.0,0,0,0,50.0,0.0,0.0,0,0
15200,26.0,26.0,24.0,,,,,1.0,1.0,1.0,50.0,0.0,0.0,0.0,0.0,0.0,100.0,100.0,100.0,10000.0,10000.0,10000.0,0,0,0,50.0,0.0,0.0,0,0
15400,26.0,26.0,24.0,,,,,1.0,1.0,1.0,50.0,0.0,0.0,0.0,0.0,0.0,100.0,100.0,100.0,10000.0,10000.0,10000.0,0,0,0,50.0,0.0,0.0,0,0
15600,26.0,26.0,24.0,,,,,1.0,1.0,1.0,50.0,0.0,0.0,0.0,0.0,0.0,100.0,100.0,100.0,10000.0,10000.0,10000.0,0,0,0,50.0,0.0,0.0,0,0
15800,26.0,26.0,24.0,,,,,1.0,1.0,1.0,50.0,0.0,0.0,0.0,0.0,0.0,100.0,100.0,100.0,10000.0,10000.0,10000.0,0,0,0,50.0,0.0,0.0,0,0
16000,26.5,26.0,24.0,,,,,1.0,1.0,1.0,50.0,0.0,0.0,0.0,0.0,0.0,100.0,100.0,100.0,10000.0,10000.0,10000.0,0,0,0,50.0,0.0,0.0,0,0
16200,26.5,26.0,24.0,,,,,1.0,1.0,1.0,50.0,0.0,0.0,0.0,0.0,0.0,100.0,100.0,100.0,10000.0,10000.0,10000.0,0,0,0,50.0,0.0,0.0,0,0
16400,26.5,26.0,24.0,,,,,1.0,1.0,1.0,50.0,0.0,0.0,0.0,0.0,0.0,100.0,100.0,100.0,10000.0,10000.0,10000.0,0,0,0,50.0,0.0,0.0,0,0
16600,26.5,26.0,24.0,,,,,1.0,1.0,1.0,50.0,0.0,0.0,0.0,0.0,0.0,100.0,100.0,100.0,10000.0,10000.0,10000.0,0,0,0,50.0,0.0,0.0,0,0
16800,26.5,26.0,24.0,,,,,1.0,1.0,1.0,50.0,0.0,0.0,0.0,0.0,0.0,100.0,100.0,100.0,10000.0,10000.0,10000.0,0,0,0,50.0,0.0,0.0,0,0
17000,26.5,26.0,24.0,,,,,1.0,1.0,1.0,50.0,0.0,0.0,0.0,0.0,0.0,100.0,100.0,100.0,10000.0,10000.0,10000.0,0,0,0,50.0,0.0,0.0,0,0
17200,26.5,26.0,24.0,,,,,1.0,1.0,1.0,50.0,0.0,0.0,0.0,0.0,0.0,100.0,100.0,100.0,10000.0,10000.0,10000.0,0,0,0,50.0,0.0,0.0,0,0
17400,26.5,26.5,24.0,,,,,1.0,1.0,1.0,50.0,0.0,0.0,0.0,0.0,0.0,100.0,100.0,100.0,10000.0,10000.0,10000.0,0,0,0,50.0,0.0,0.0,0,0
17600,26.5,26.5,24.0,,,,,1.0,1.0,1.0,50.0,0.0,0.0,0.0,0.0,0.0,100.0,100.0,100.0,10000.0,10000.0,10000.0,0,0,0,50.0,0.0,0.0,0,0
17800,26.5,26.5,24.0,,,,,1.0,1.0,1.0,50.0,0.0,0.0,0.0,0.0,0.0,100.0,100.0,100.0,10000.0,10000.0,10000.0,0,0,0,50.0,0.0,0.0,0,0
18000,27.0,26.5,24.0,,,,,1.0,1.0,1.0,50.0,0.0,0.0,0.0,0.0,0.0,100.0,100.0,100.0,10000.0,10000.0,10000.0,0,0,0,50.0,0.0,0.0,0,0
18200,27.0,26.5,24.0,,,,,1.0,1.0,1.0,50.0,0.0,0.0,0.0,0.0,0.0,100.0,100.0,100.0,10000.0,10000.0,10000.0,0,0,0,50.0,0.0,0.0,0,0
18400,27.0,26.5,24.0,,,,,1.0,1.0,1.0,50.0,0.0,0.0,0.0,0.0,0.0,100.0,100.0,100.0,10000.0,10000.0,10000.0,0,0,0,50.0,0.0,0.0,0,0
18600,27.0,26.5,24.0,,,,,1.0,1.0,1.0,50.0,0.0,0.0,0.0,0.0,0.0,100.0,100.0,100.0,10000.0,10000.0,10000.0,0,0,0,50.0,0.0,0.0,0,0
18800,27.0,26.5,24.0,,,,,1.0,1.0,1.0,50.0,0.0,0.0,0.0,0.0,0.0,100.0,100.0,100.0,10000.0,10000.0,10000.0,0,0,0,50.0,0.0,0.0,0,0
19000,27.0,26.5,24.0,,,,,1.0,1.0,1.0,50.0,0.0,0.0,0.0,0.0,0.0,100.0,100.0,100.0,10000.0,10000.0,10000.0,0,0,0,50.0,0.0,0.0,0,0
19200,27.0,26.5,24.0,,,,,1.0,1.0,1.0,50.0,0.0,0.0,0.0,0.0,0.0,100.0,100.0,100.0,10000.0,10000.0,10000.0,0,0,0,50.0,0.0,0.0,0,0
19400,27.0,26.5,24.0,,,,,1.0,1.0,1.0,50.0,0.0,0.0,0.0,0.0,0.0,100.0,100.0,100.0,10000.0,10000.0,10000.0,0,0,0,50.0,0.0,0.0,0,0
19600,27.0,26.5,24.0,,,,,1.0,1.0,1.0,50.0,0.0,0.0,0.0,0.0,0.0,100.0,100.0,100.0,10000.0,10000.0,10000.0,0,0,0,50.0,0.0,0.0,0,0
19800,27.0,26.5,24.0,,,,,1.0,1.0,1.0,50.0,0.0,0.0,0.0,0.0,0.0,100.0,100.0,100.0,10000.0,10000.0,10000.0,0,0,0,50.0,0.0,0.0,0,0
20000,27.0,27.0,24.0,,,,,1.0,1.0,1.0,50.0,0.0,0.0,0.0,0.0,0.0,100.0,100.0,100.0,10000.0,10000.0,10000.0,0,0,0,50.0,0.0,0.0,0,0
20200,27.0,27.0,24.0,,,,,1.0,1.0,1.0,50.0,0.0,0.0,0.0,0.0,0.0,100.0,100.0,100.0,10000.0,10000.0,10000.0,0,0,0,50.0,0.0,0.0,0,0
20400,27.0,27.0,24.0,,,,,1.0,1.0,1.0,50.0,0.0,0.0,0.0,0.0,0.0,100.0,100.0,100.0,10000.0,10000.0,10000.0,0,0,0,50.0,0.0,0.0,0,0
20600,27.5,27.0,24.0,,,,,1.0,1.0,1.0,50.0,0.0,0.0,0.0,0.0,0.0,100.0,100.0,100.0,10000.0,10000.0,10000.0,0,0,0,50.0,0.0,0.0,0,0
20800,27.5,27.0,24.0,,,,,1.0,1.0,1.0,50.0,0.0,0.0,0.0,0.0,0.0,100.0,100.0,100.0,10000.0,10000.0,10000.0,0,0,0,50.0,0.0,0.0,0,0
21000,27.5,27.0,24.0,,,,,1.0,1.0,1.0,50.0,0.0,0.0,0.0,0.0,0.0,100.0,100.0,100.0,10000.0,10000.0,10000.0,0,0,0,50.0,0.0,0.0,0,0
21200,27.5,27.0,24.0,,,,,1.0,1.0,1.0,50.0,0.0,0.0,0.0,0.0,0.0,100.0,100.0,100.0,10000.0,10000.0,10000.0,0,0,0,50.0,0.0,0.0,0,0
21400,27.5,27.0,24.0,,,,,1.0,1.0,1.0,50.0,0.0,0.0,0.0,0.0,0.0,100.0,100.0,100.0,10000.0,10000.0,10000.0,0,0,0,50.0,0.0,0.0,0,0
21600,27.5,27.0,24.0,,,,,1.0,1.0,1.0,50.0,0.0,0.0,0.0,0.0,0.0,100.0,100.0,100.0,10000.0,10000.0,10000.0,0,0,0,50.0,0.0,0.0,0,0
21800,27.5,27.0,24.0,,,,,1.0,1.0,1.0,50.0,0.0,0.0,0.0,0.0,0.0,100.0,100.0,100.0,10000.0,10000.0,10000.0,0,0,0,50.0,0.0,0.0,0,0
22000,27.5,27.0,24.0,,,,,1.0,1.0,1.0,50.0,0.0,0.0,0.0,0.0,0.0,100.0,100.0,100.0,10000.0,10000.0,10000.0,0,0,0,50.0,0.0,0.0,0,0
22200,27.5,27.0,24.0,,,,,1.0,1.0,1.0,50.0,0.0,0.0,0.0,0.0,0.0,100.0,100.0,100.0,10000.0,10000.0,10000.0,0,0,0,50.0,0.0,0.0,0,0
22400,27.5,27.5,24.0,,,,,1.0,1.0,1.0,50.0,0.0,0.0,0.0,0.0,0.0,100.0,100.0,100.0,10000.0,10000.0,10000.0,0,0,0,50.0,0.0,0.0,0,0
22600,28.0,27.5,24.0,,,,,1.0,1.0,1.0,50.0,0.0,0.0,0.0,0.0,0.0,100.0,100.0,100.0,10000.0,10000.0,10000.0,0,0,0,50.0,0.0,0.0,0,0
22800,28.0,27.5,24.0,,,,,1.0,1.0,1.0,50.0,0.0,0.0,0.0,0.0,0.0,100.0,100.0,100.0,10000.0,10000.0,10000.0,0,0,0,50.0,0.0,0.0,0,0
23000,28.0,27.5,24.0,,,,,1.0,1.0,1.0,50.0,0.0,0.0,0.0,0.0,0.0,100.0,100.0,100.0,10000.0,10000.0,10000.0,0,0,0,50.0,0.0,0.0,0,0
23200,28.0,27.5,24.0,,,,,1.0,1.0,1.0,50.0,0.0,0.0,0.0,0.0,0.0,100.0,100.0,100.0,10000.0,10000.0,10000.0,0,0,0,50.0,0.0,0.0,0,0
23400,28.0,27.5,24.0,,,,,1.0,1.0,1.0,50.0,0.0,0.0,0.0,0.0,0.0,100.0,100.0,100.0,10000.0,10000.0,10000.0,0,0,0,50.0,0.0,0.0,0,0
23600,28.0,27.5,24.0,,,,,1.0,1.0,1.0,50.0,0.0,0.0,0.0,0.0,0.0,100.0,100.0,100.0,10000.0,10000.0,10000.0,0,0,0,50.0,0.0,0.0,0,0
23800,28.0,27.5,24.0,,,,,1.0,1.0,1.0,50.0,0.0,0.0,0.0,0.0,0.0,100.0,100.0,100.0,10000.0,10000.0,10000.0,0,0,0,50.0,0.0,0.0,0,0
24000,28.0,27.5,24.0,,,,,1.0,1.0,1.0,50.0,0.0,0.0,0.0,0.0,0.0,100.0,100.0,100.0,10000.0,10000.0,10000.0,0,0,0,50.0,0.0,0.0,0,0
24200,28.0,27.5,24.0,,,,,1.0,1.0,1.0,50.0,0.0,0.0,0.0,0.0,0.0,100.0,100.0,100.0,10000.0,10000.0,10000.0,0,0,0,50.0,0.0,0.0,0,0
24400,28.0,27.5,24.0,,,,,1.0,1.0,1.0,50.0,0.0,0.0,0.0,0.0,0.0,100.0,100.0,100.0,10000.0,10000.0,10000.0,0,0,0,50.0,0.0,0.0,0,0
24600,28.0,27.5,24.0,,,,,1.0,1.0,1.0,50.0,0.0,0.0,0.0,0.0,0.0,100.0,100.0,100.0,10000.0,10000.0,10000.0,0,0,0,50.0,0.0,0.0,0,0
24800,28.0,27.5,24.0,,,,,1.0,1.0,1.0,50.0,0.0,0.0,0.0,0.0,0.0,100.0,100.0,100.0,10000.0,10000.0,10000.0,0,0,0,50.0,0.0,0.0,0,0
25000,28.5,28.0,24.0,,,,,1.0,1.0,1.0,50.0,0.0,0.0,0.0,0.0,0.0,100.0,100.0,100.0,10000.0,10000.0,10000.0,0,0,0,50.0,0.0,0.0,0,0
25200,28.5,28.0,24.0,,,,,1.0,1.0,1.0,50.0,0.0,0.0,0.0,0.0,0.0,100.0,100.0,100.0,10000.0,10000.0,10000.0,0,0,0,50.0,0.0,0.0,0,0
25400,28.5,28.0,24.0,,,,,1.0,1.0,1.0,50.0,0.0,0.0,0.0,0.0,0.0,100.0,100.0,100.0,10000.0,10000.0,10000.0,0,0,0,50.0,0.0,0.0,0,0
25600,28.5,28.0,24.0,,,,,1.0,1.0,1.0,50.0,0.0,0.0,0.0,0.0,0.0,100.0,100.0,100.0,10000.0,10000.0,10000.0,0,0,0,50.0,0.0,0.0,0,0
25800,28.5,28.0,24.0,,,,,1.0,1.0,1.0,50.0,0.0,0.0,0.0,0.0,0.0,100.0,100.0,100.0,10000.0,10000.0,10000.0,0,0,0,50.0,0.0,0.0,0,0
26000,28.5,28.0,24.0,,,,,1.0,1.0,1.0,50.0,0.0,0.0,0.0,0.0,0.0,100.0,100.0,100.0,10000.0,10000.0,10000.0,0,0,0,50.0,0.0,0.0,0,0
26200,28.5,28.0,24.0,,,,,1.0,1.0,1.0,50.0,0.0,0.0,0.0,0.0,0.0,100.0,100.0,100.0,10000.0,10000.0,10000.0,0,0,0,50.0,0.0,0.0,0,0
26400,28.5,28.0,24.0,,,,,1.0,1.0,1.0,50.0,0.0,0.0,0.0,0.0,0.0,100.0,100.0,100.0,10000.0,10000.0,10000.0,0,0,0,50.0,0.0,0.0,0,0
26600,28.5,28.0,24.0,,,,,1.0,1.0,1.0,50.0,0.0,0.0,0.0,0.0,0.0,100.0,100.0,100.0,10000.0,10000.0,10000.0,0,0,0,50.0,0.0,0.0,0,0
26800,28.5,28.0,24.0,,,,,1.0,1.0,1.0,50.0,0.0,0.0,0.0,0.0,0.0,100.0,100.0,100.0,10000.0,10000.0,10000.0,0,0,0,50.0,0.0,0.0,0,0
27000,29.0,28.0,24.0,,,,,1.0,1.0,1.0,50.0,0.0,0.0,0.0,0.0,0.0,100.0,100.0,100.0,10000.0,10000.0,10000.0,0,0,0,50.0,0.0,0.0,0,0
27200,29.0,28.0,24.0,,,,,1.0,1.0,1.0,50.0,0.0,0.0,0.0,0.0,0.0,100.0,100.0,100.0,10000.0,10000.0,10000.0,0,0,0,50.0,0.0,0.0,0,0
27400,29.0,28.5,24.0,,,,,1.0,1.0,1.0,50.0,0.0,0.0,0.0,0.0,0.0,100.0,100.0,100.0,10000.0,10000.0,10000.0,0,0,0,50.0,0.0,0.0,0,0
27600,29.0,28.5,24.0,,,,,1.0,1.0,1.0,50.0,0.0,0.0,0.0,0.0,0.0,100.0,100.0,100.0,10000.0,10000.0,10000.0,0,0,0,50.0,0.0,0.0,0,0
27800,29.0,28.5,24.0,,,,,1.0,1.0,1.0,50.0,0.0,0.0,0.0,0.0,0.0,100.0,100.0,100.0,10000.0,10000.0,10000.0,0,0,0,50.0,0.0,0.0,0,0
28000,29.0,28.5,24.0,,,,,1.0,1.0,1.0,50.0,0.0,0.0,0.0,0.0,0.0,100.0,100.0,100.0,10000.0,10000.0,10000.0,0,0,0,50.0,0.0,0.0,0,0
28200,29.0,28.5,24.0,,,,,1.0,1.0,1.0,50.0,0.0,0.0,0.0,0.0,0.0,100.0,100.0,100.0,10000.0,10000.0,10000.0,0,0,0,50.0,0.0,0.0,0,0
28400,29.0,28.5,24.0,,,,,1.0,1.0,1.0,50.0,0.0,0.0,0.0,0.0,0.0,100.0,100.0,100.0,10000.0,10000.0,10000.0,0,0,0,50.0,0.0,0.0,0,0
28600,29.0,28.5,24.0,,,,,1.0,1.0,1.0,50.0,0.0,0.0,0.0,0.0,0.0,100.0,100.0,100.0,10000.0,10000.0,10000.0,0,0,0,50.0,0.0,0.0,0,0
28800,29.0,28.5,24.0,,,,,1.0,1.0,1.0,50.0,0.0,0.0,0.0,0.0,0.0,100.0,100.0,100.0,10000.0,10000.0,10000.0,0,0,0,50.0,0.0,0.0,0,0
29000,29.0,28.5,24.0,,,,,1.0,1.0,1.0,50.0,0.0,0.0,0.0,0.0,0.0,100.0,100.0,100.0,10000.0,10000.0,10000.0,0,0,0,50.0,0.0,0.0,0,0
29200,29.0,28.5,24.0,,,,,1.0,1.0,1.0,50.0,0.0,0.0,0.0,0.0,0.0,100.0,100.0,100.0,10000.0,10000.0,10000.0,0,0,0,50.0,0.0,0.0,0,0
29400,29.0,29.0,24.0,,,,,1.0,1.0,1.0,50.0,0.0,0.0,0.0,0.0,0.0,100.0,100.0,100.0,10000.0,10000.0,10000.0,0,0,0,50.0,0.0,0.0,0,0
29600,29.5,29.0,24.0,,,,,1.0,1.0,1.0,50.0,0.0,0.0,0.0,0.0,0.0,100.0,100.0,100.0,10000.0,10000.0,10000.0,0,0,0,50.0,0.0,0.0,0,0
29800,29.5,29.0,24.0,,,,,1.0,1.0,1.0,50.0,0.0,0.0,0.0,0.0,0.0,100.0,100.0,100.0,10000.0,10000.0,10000.0,0,0,0,50.0,0.0,0.0,0,0
30000,29.5,29.0,24.0,,,,,1.0,1.0,1.0,50.0,0.0,0.0,0.0,0.0,0.0,100.0,100.0,100.0,10000.0,10000.0,10000.0,0,0,0,50.0,0.0,0.0,0,0
30200,29.5,29.0,24.0,,,,,1.0,1.0,1.0,50.0,0.0,0.0,0.0,0.0,0.0,100.0,100.0,100.0,10000.0,10000.0,10000.0,0,0,0,50.0,0.0,0.0,0,0
30400,29.5,29.0,24.0,,,,,1.0,1.0,1.0,50.0,0.0,0.0,0.0,0.0,0.0,100.0,100.0,100.0,10000.0,10000.0,10000.0,0,0,0,50.0,0.0,0.0,0,0
30600,29.5,29.0,24.0,,,,,1.0,1.0,1.0,50.0,0.0,0.0,0.0,0.0,0.0,100.0,100.0,100.0,10000.0,10000.0,10000.0,0,0,0,50.0,0.0,0.0,0,0
30800,29.5,29.0,24.0,,,,,1.0,1.0,1.0,50.0,0.0,0.0,0.0,0.0,0.0,100.0,100.0,100.0,10000.0,10000.0,10000.0,0,0,0,50.0,0.0,0.0,0,0
31000,29.5,29.0,24.0,,,,,1.0,1.0,1.0,50.0,0.0,0.0,0.0,0.0,0.0,100.0,100.0,100.0,10000.0,10000.0,10000.0,0,0,0,50.0,0.0,0.0,0,0
31200,29.5,29.0,24.0,,,,,1.0,1.0,1.0,50.0,0.0,0.0,0.0,0.0,0.0,100.0,100.0,100.0,10000.0,10000.0,10000.0,0,0,0,50.0,0.0,0.0,0,0
31400,29.5,29.0,24.0,,,,,1.0,1.0,1.0,50.0,0.0,0.0,0.0,0.0,0.0,100.0,100.0,100.0,10000.0,10000.0,10000.0,0,0,0,50.0,0.0,0.0,0,0
31600,30.0,29.0,24.0,,,,,1.0,1.0,1.0,50.0,0.0,0.0,0.0,0.0,0.0,100.0,100.0,100.0,10000.0,10000.0,10000.0,0,0,0,50.0,0.0,0.0,0,0
31800,30.0,29.0,24.0,,,,,1.0,1.0,1.0,50.0,0.0,0.0,0.0,0.0,0.0,100.0,100.0,100.0,10000.0,10000.0,10000.0,0,0,0,50.0,0.0,0.0,0,0
32000,30.0,29.5,24.0,,,,,1.0,1.0,1.0,50.0,0.0,0.0,0.0,0.0,0.0,100.0,100.0,100.0,10000.0,10000.0,10000.0,0,0,0,50.0,0.0,0.0,0,0
32200,30.0,29.5,24.0,,,,,1.0,1.0,1.0,50.0,0.0,0.0,0.0,0.0,0.0,100.0,100.0,100.0,10000.0,10000.0,10000.0,0,0,0,50.0,0.0,0.0,0,0
32400,30.0,29.5,24.0,,,,,1.0,1.0,1.0,50.0,0.0,0.0,0.0,0.0,0.0,100.0,100.0,100.0,10000.0,10000.0,10000.0,0,0,0,50.0,0.0,0.0,0,0
32600,30.0,29.5,24.0,,,,,1.0,1.0,1.0,50.0,0.0,0.0,0.0,0.0,0.0,100.0,100.0,100.0,10000.0,10000.0,10000.0,0,0,0,50.0,0.0,0.0,0,0
32800,30.0,29.5,24.0,,,,,1.0,1.0,1.0,50.0,0.0,0.0,0.0,0.0,0.0,100.0,100.0,100.0,10000.0,10000.0,10000.0,0,0,0,50.0,0.0,0.0,0,0
33000,30.0,29.5,24.0,,,,,1.0,1.0,1.0,50.0,0.0,0.0,0.0,0.0,0.0,100.0,100.0,100.0,10000.0,10000.0,10000.0,0,0,0,50.0,0.0,0.0,0,0
33200,30.0,29.5,24.0,,,,,1.0,1.0,1.0,50.0,0.0,0.0,0.0,0.0,0.0,100.0,100.0,100.0,10000.0,10000.0,10000.0,0,0,0,50.0,0.0,0.0,0,0
33400,30.0,29.5,24.0,,,,,1.0,1.0,1.0,50.0,0.0,0.0,0.0,0.0,0.0,100.0,100.0,100.0,10000.0,10000.0,10000.0,0,0,0,50.0,0.0,0.0,0,0
33600,30.0,29.5,24.0,,,,,1.0,1.0,1.0,50.0,0.0,0.0,0.0,0.0,0.0,100.0,100.0,100.0,10000.0,10000.0,10000.0,0,0,0,50.0,0.0,0.0,0,0
33800,30.0,29.5,24.0,,,,,1.0,1.0,1.0,50.0,0.0,0.0,0.0,0.0,0.0,100.0,100.0,100.0,10000.0,10000.0,10000.0,0,0,0,50.0,0.0,0.0,0,0
34000,30.5,30.0,24.0,,,,,1.0,1.0,1.0,50.0,0.0,0.0,0.0,0.0,0.0,100.0,100.0,100.0,10000.0,10000.0,10000.0,0,0,0,50.0,0.0,0.0,0,0
34200,30.5,30.0,24.0,,,,,1.0,1.0,1.0,50.0,0.0,0.0,0.0,0.0,0.0,100.0,100.0,100.0,10000.0,10000.0,10000.0,0,0,0,50.0,0.0,0.0,0,0
34400,30.5,30.0,24.0,,,,,1.0,1.0,1.0,50.0,0.0,0.0,0.0,0.0,0.0,100.0,100.0,100.0,10000.0,10000.0,10000.0,0,0,0,50.0,0.0,0.0,0,0
34600,30.5,30.0,24.0,,,,,1.0,1.0,1.0,50.0,0.0,0.0,0.0,0.0,0.0,100.0,100.0,100.0,10000.0,10000.0,10000.0,0,0,0,50.0,0.0,0.0,0,0
34800,30.5,30.0,24.0,,,,,1.0,1.0,1.0,50.0,0.0,0.0,0.0,0.0,0.0,100.0,100.0,100.0,10000.0,10000.0,10000.0,0,0,0,50.0,0.0,0.0,0,0
35000,30.5,30.0,24.0,,,,,1.0,1.0,1.0,50.0,0.0,0.0,0.0,0.0,0.0,100.0,100.0,100.0,10000.0,10000.0,10000.0,0,0,0,50.0,0.0,0.0,0,0
35200,30.5,30.0,24.0,,,,,1.0,1.0,1.0,50.0,0.0,0.0,0.0,0.0,0.0,100.0,100.0,100.0,10000.0,10000.0,10000.0,0,0,0,50.0,0.0,0.0,0,0
35400,30.5,30.0,24.0,,,,,1.0,1.0,1.0,50.0,0.0,0.0,0.0,0.0,0.0,100.0,100.0,100.0,10000.0,10000.0,10000.0,0,0,0,50.0,0.0,0.0,0,0
35600,30.5,30.0,24.0,,,,,1.0,1.0,1.0,50.0,0.0,0.0,0.0,0.0,0.0,100.0,100.0,100.0,10000.0,10000.0,10000.0,0,0,0,50.0,0.0,0.0,0,0
35800,30.5,30.0,24.0,,,,,1.0,1.0,1.0,50.0,0.0,0.0,0.0,0.0,0.0,100.0,100.0,100.0,10000.0,10000.0,10000.0,0,0,0,50.0,0.0,0.0,0,0
36000,31.0,30.0,24.0,,,,,1.0,1.0,1.0,50.0,0.0,0.0,0.0,0.0,0.0,100.0,100.0,100.0,10000.0,10000.0,10000.0,0,0,0,50.0,0.0,0.0,0,0
36200,31.0,30.0,24.0,,,,,1.0,1.0,1.0,50.0,0.0,0.0,0.0,0.0,0.0,100.0,100.0,100.0,10000.0,10000.0,10000.0,0,0,0,50.0,0.0,0.0,0,0
36400,31.0,30.5,24.0,,,,,1.0,1.0,1.0,50.0,0.0,0.0,0.0,0.0,0.0,100.0,100.0,100.0,10000.0,10000.0,10000.0,0,0,0,50.0,0.0,0.0,0,0
36600,31.0,30.5,24.0,,,,,1.0,1.0,1.0,50.0,0.0,0.0,0.0,0.0,0.0,100.0,100.0,100.0,10000.0,10000.0,10000.0,0,0,0,50.0,0.0,0.0,0,0
36800,31.0,30.5,24.0,,,,,1.0,1.0,1.0,50.0,0.0,0.0,0.0,0.0,0.0,100.0,100.0,100.0,10000.0,10000.0,10000.0,0,0,0,50.0,0.0,0.0,0,0
37000,31.0,30.5,24.0,,,,,1.0,1.0,1.0,50.0,0.0,0.0,0.0,0.0,0.0,100.0,100.0,100.0,10000.0,10000.0,10000.0,0,0,0,50.0,0.0,0.0,0,0
37200,31.0,30.5,24.0,,,,,1.0,1.0,1.0,50.0,0.0,0.0,0.0,0.0,0.0,100.0,100.0,100.0,10000.0,10000.0,10000.0,0,0,0,50.0,0.0,0.0,0,0
37400,31.0,30.5,24.0,,,,,1.0,1.0,1.0,50.0,0.0,0.0,0.0,0.0,0.0,100.0,100.0,100.0,10000.0,10000.0,10000.0,0,0,0,50.0,0.0,0.0,0,0
37600,31.0,30.5,24.0,,,,,1.0,1.0,1.0,50.0,0.0,0.0,0.0,0.0,0.0,100.0,100.0,100.0,10000.0,10000.0,10000.0,0,0,0,50.0,0.0,0.0,0,0
37800,31.0,30.5,24.0,,,,,1.0,1.0,1.0,50.0,0.0,0.0,0.0,0.0,0.0,100.0,100.0,100.0,10000.0,10000.0,10000.0,0,0,0,50.0,0.0,0.0,0,0
38000,31.0,30.5,24.0,,,,,1.0,1.0,1.0,50.0,0.0,0.0,0.0,0.0,0.0,100.0,100.0,100.0,10000.0,10000.0,10000.0,0,0,0,50.0,0.0,0.0,0,0
38200,31.0,30.5,24.0,,,,,1.0,1.0,1.0,50.0,0.0,0.0,0.0,0.0,0.0,100.0,100.0,100.0,10000.0,10000.0,10000.0,0,0,0,50.0,0.0,0.0,0,0
38400,31.0,31.0,24.0,,,,,1.0,1.0,1.0,50.0,0.0,0.0,0.0,0.0,0.0,100.0,100.0,100.0,10000.0,10000.0,10000.0,0,0,0,50.0,0.0,0.0,0,0
38600,31.5,31.0,24.0,,,,,1.0,1.0,1.0,50.0,0.0,0.0,0.0,0.0,0.0,100.0,100.0,100.0,10000.0,10000.0,10000.0,0,0,0,50.0,0.0,0.0,0,0
38800,31.5,31.0,24.0,,,,,1.0,1.0,1.0,50.0,0.0,0.0,0.0,0.0,0.0,100.0,100.0,100.0,10000.0,10000.0,10000.0,0,0,0,50.0,0.0,0.0,0,0
39000,31.5,31.0,24.0,,,,,1.0,1.0,1.0,50.0,0.0,0.0,0.0,0.0,0.0,100.0,100.0,100.0,10000.0,10000.0,10000.0,0,0,0,50.0,0.0,0.0,0,0
39200,31.5,31.0,24.0,,,,,1.0,1.0,1.0,50.0,0.0,0.0,0.0,0.0,0.0,100.0,100.0,100.0,10000.0,10000.0,10000.0,0,0,0,50.0,0.0,0.0,0,0
39400,31.5,31.0,24.0,,,,,1.0,1.0,1.0,50.0,0.0,0.0,0.0,0.0,0.0,100.0,100.0,100.0,10000.0,10000.0,10000.0,0,0,0,50.0,0.0,0.0,0,0
39600,31.5,31.0,24.0,,,,,1.0,1.0,1.0,50.0,0.0,0.0,0.0,0.0,0.0,100.0,100.0,100.0,10000.0,10000.0,10000.0,0,0,0,50.0,0.0,0.0,0,0
39800,31.5,31.0,24.0,,,,,1.0,1.0,1.0,50.0,0.0,0.0,0.0,0.0,0.0,100.0,100.0,100.0,10000.0,10000.0,10000.0,0,0,0,50.0,0.0,0.0,0,0
40000,31.5,31.0,24.0,,,,,1.0,1.0,1.0,50.0,0.0,0.0,0.0,0.0,0.0,100.0,100.0,100.0,10000.0,10000.0,10000.0,0,0,0,50.0,0.0,0.0,0,0
40200,31.5,31.0,24.0,,,,,1.0,1.0,1.0,50.0,0.0,0.0,0.0,0.0,0.0,100.0,100.0,100.0,10000.0,10000.0,10000.0,0,0,0,50.0,0.0,0.0,0,0
40400,31.5,31.0,24.0,,,,,1.0,1.0,1.0,50.0,0.0,0.0,0.0,0.0,0.0,100.0,100.0,100.0,10000.0,10000.0,10000.0,0,0,0,50.0,0.0,0.0,0,0
40600,32.0,31.0,24.0,,,,,1.0,1.0,1.0,50.0,0.0,0.0,0.0,0.0,0.0,100.0,100.0,100.0,10000.0,10000.0,10000.0,0,0,0,50.0,0.0,0.0,0,0
40800,32.0,31.0,24.0,,,,,1.0,1.0,1.0,50.0,0.0,0.0,0.0,0.0,0.0,100.0,100.0,100.0,10000.0,10000.0,10000.0,0,0,0,50.0,0.0,0.0,0,0
41000,32.0,31.5,24.0,,,,,1.0,1.0,1.0,50.0,0.0,0.0,0.0,0.0,0.0,100.0,100.0,100.0,10000.0,10000.0,10000.0,0,0,0,50.0,0.0,0.0,0,0
41200,32.0,31.5,24.0,,,,,1.0,1.0,1.0,50.0,0.0,0.0,0.0,0.0,0.0,100.0,100.0,100.0,10000.0,10000.0,10000.0,0,0,0,50.0,0.0,0.0,0,0
41400,32.0,31.5,24.0,,,,,1.0,1.0,1.0,50.0,0.0,0.0,0.0,0.0,0.0,100.0,100.0,100.0,10000.0,10000.0,10000.0,0,0,0,50.0,0.0,0.0,0,0
41600,32.0,31.5,24.0,,,,,1.0,1.0,1.0,50.0,0.0,0.0,0.0,0.0,0.0,100.0,100.0,100.0,10000.0,10000.0,10000.0,0,0,0,50.0,0.0,0.0,0,0
41800,32.0,31.5,24.0,,,,,1.0,1.0,1.0,50.0,0.0,0.0,0.0,0.0,0.0,100.0,100.0,100.0,10000.0,10000.0,10000.0,0,0,0,50.0,0.0,0.0,0,0
42000,32.0,31.5,24.0,,,,,1.0,1.0,1.0,50.0,0.0,0.0,0.0,0.0,0.0,100.0,100.0,100.0,10000.0,10000.0,10000.0,0,0,0,50.0,0.0,0.0,0,0
42200,32.0,31.5,24.0,,,,,1.0,1.0,1.0,50.0,0.0,0.0,0.0,0.0,0.0,100.0,100.0,100.0,10000.0,10000.0,10000.0,0,0,0,50.0,0.0,0.0,0,0
42400,32.0,31.5,24.0,,,,,1.0,1.0,1.0,50.0,0.0,0.0,0.0,0.0,0.0,100.0,100.0,100.0,10000.0,10000.0,10000.0,0,0,0,50.0,0.0,0.0,0,0
42600,32.0,31.5,24.0,,,,,1.0,1.0,1.0,50.0,0.0,0.0,0.0,0.0,0.0,100.0,100.0,100.0,10000.0,10000.0,10000.0,0,0,0,50.0,0.0,0.0,0,0
42800,32.0,31.5,24.0,,,,,1.0,1.0,1.0,50.0,0.0,0.0,0.0,0.0,0.0,100.0,100.0,100.0,10000.0,10000.0,10000.0,0,0,0,50.0,0.0,0.0,0,0
43000,32.5,32.0,24.0,,,,,1.0,1.0,1.0,50.0,0.0,0.0,0.0,0.0,0.0,100.0,100.0,100.0,10000.0,10000.0,10000.0,0,0,0,50.0,0.0,0.0,0,0
43200,32.5,32.0,24.0,,,,,1.0,1.0,1.0,50.0,0.0,0.0,0.0,0.0,0.0,100.0,100.0,100.0,10000.0,10000.0,10000.0,0,0,0,50.0,0.0,0.0,0,0
43400,32.5,32.0,24.0,,,,,1.0,1.0,1.0,50.0,0.0,0.0,0.0,0.0,0.0,100.0,100.0,100.0,10000.0,10000.0,10000.0,0,0,0,50.0,0.0,0.0,0,0
43600,32.5,32.0,24.0,,,,,1.0,1.0,1.0,50.0,0.0,0.0,0.0,0.0,0.0,100.0,100.0,100.0,10000.0,10000.0,10000.0,0,0,0,50.0,0.0,0.0,0,0
43800,32.5,32.0,24.0,,,,,1.0,1.0,1.0,50.0,0.0,0.0,0.0,0.0,0.0,100.0,100.0,100.0,10000.0,10000.0,10000.0,0,0,0,50.0,0.0,0.0,0,0
44000,32.5,32.0,24.0,,,,,1.0,1.0,1.0,50.0,0.0,0.0,0.0,0.0,0.0,100.0,100.0,100.0,10000.0,10000.0,10000.0,0,0,0,50.0,0.0,0.0,0,0
44200,32.5,32.0,24.0,,,,,1.0,1.0,1.0,50.0,0.0,0.0,0.0,0.0,0.0,100.0,100.0,100.0,10000.0,10000.0,10000.0,0,0,0,50.0,0.0,0.0,0,0
44400,32.5,32.0,24.0,,,,,1.0,1.0,1.0,50.0,0.0,0.0,0.0,0.0,0.0,100.0,100.0,100.0,10000.0,10000.0,10000.0,0,0,0,50.0,0.0,0.0,0,0
44600,32.5,32.0,24.0,,,,,1.0,1.0,1.0,50.0,0.0,0.0,0.0,0.0,0.0,100.0,100.0,100.0,10000.0,10000.0,10000.0,0,0,0,50.0,0.0,0.0,0,0
44800,32.5,32.0,24.0,,,,,1.0,1.0,1.0,50.0,0.0,0.0,0.0,0.0,0.0,100.0,100.0,100.0,10000.0,10000.0,10000.0,0,0,0,50.0,0.0,0.0,0,0
45000,32.5,32.0,24.0,,,,,1.0,1.0,1.0,50.0,0.0,0.0,0.0,0.0,0.0,100.0,100.0,100.0,10000.0,10000.0,10000.0,0,0,0,50.0,0.0,0.0,0,0
45200,32.5,32.0,24.0,,,,,1.0,1.0,1.0,50.0,0.0,0.0,0.0,0.0,0.0,100.0,100.0,100.0,10000.0,10000.0,10000.0,0,0,0,50.0,0.0,0.0,0,0
45400,32.5,32.5,24.0,,,,,1.0,1.0,1.0,50.0,0.0,0.0,0.0,0.0,0.0,100.0,100.0,100.0,10000.0,10000.0,10000.0,0,0,0,50.0,0.0,0.0,0,0
45600,33.0,32.5,24.0,,,,,1.0,1.0,1.0,50.0,0.0,0.0,0.0,0.0,0.0,100.0,100.0,100.0,10000.0,10000.0,10000.0,0,0,0,50.0,0.0,0.0,0,0
45800,33.0,32.5,24.0,,,,,1.0,1.0,1.0,50.0,0.0,0.0,0.0,0.0,0.0,100.0,100.0,100.0,10000.0,10000.0,10000.0,0,0,0,50.0,0.0,0.0,0,0
46000,33.0,32.5,24.0,,,,,1.0,1.0,1.0,50.0,0.0,0.0,0.0,0.0,0.0,100.0,100.0,100.0,10000.0,10000.0,10000.0,0,0,0,50.0,0.0,0.0,0,0
46200,33.0,32.5,24.0,,,,,1.0,1.0,1.0,50.0,0.0,0.0,0.0,0.0,0.0,100.0,100.0,100.0,10000.0,10000.0,10000.0,0,0,0,50.0,0.0,0.0,0,0
46400,33.0,32.5,24.0,,,,,1.0,1.0,1.0,50.0,0.0,0.0,0.0,0.0,0.0,100.0,100.0,100.0,10000.0,10000.0,10000.0,0,0,0,50.0,0.0,0.0,0,0
46600,33.0,32.5,24.0,,,,,1.0,1.0,1.0,50.0,0.0,0.0,0.0,0.0,0.0,100.0,100.0,100.0,10000.0,10000.0,10000.0,0,0,0,50.0,0.0,0.0,0,0
46800,33.0,32.5,24.0,,,,,1.0,1.0,1.0,50.0,0.0,0.0,0.0,0.0,0.0,100.0,100.0,100.0,10000.0,10000.0,10000.0,0,0,0,50.0,0.0,0.0,0,0
47000,33.0,32.5,24.0,,,,,1.0,1.0,1.0,50.0,0.0,0.0,0.0,0.0,0.0,100.0,100.0,100.0,10000.0,10000.0,10000.0,0,0,0,50.0,0.0,0.0,0,0
47200,33.0,32.5,24.0,,,,,1.0,1.0,1.0,50.0,0.0,0.0,0.0,0.0,0.0,100.0,100.0,100.0,10000.0,10000.0,10000.0,0,0,0,50.0,0.0,0.0,0,0
47400,33.0,32.5,24.0,,,,,1.0,1.0,1.0,50.0,0.0,0.0,0.0,0.0,0.0,100.0,100.0,100.0,10000.0,10000.0,10000.0,0,0,0,50.0,0.0,0.0,0,0
47600,33.0,32.5,24.0,,,,,1.0,1.0,1.0,50.0,0.0,0.0,0.0,0.0,0.0,100.0,100.0,100.0,10000.0,10000.0,10000.0,0,0,0,50.0,0.0,0.0,0,0
47800,33.0,32.5,24.0,,,,,1.0,1.0,1.0,50.0,0.0,0.0,0.0,0.0,0.0,100.0,100.0,100.0,10000.0,10000.0,10000.0,0,0,0,50.0,0.0,0.0,0,0
48000,33.5,33.0,24.0,,,,,1.0,1.0,1.0,50.0,0.0,0.0,0.0,0.0,0.0,100.0,100.0,100.0,10000.0,10000.0,10000.0,0,0,0,50.0,0.0,0.0,0,0
48200,33.5,33.0,24.0,,,,,1.0,1.0,1.0,50.0,0.0,0.0,0.0,0.0,0.0,100.0,100.0,100.0,10000.0,10000.0,10000.0,0,0,0,50.0,0.0,0.0,0,0
48400,33.5,33.0,24.0,,,,,1.0,1.0,1.0,50.0,0.0,0.0,0.0,0.0,0.0,100.0,100.0,100.0,10000.0,10000.0,10000.0,0,0,0,50.0,0.0,0.0,0,0
48600,33.5,33.0,24.0,,,,,1.0,1.0,1.0,50.0,0.0,0.0,0.0,0.0,0.0,100.0,100.0,100.0,10000.0,10000.0,10000.0,0,0,0,50.0,0.0,0.0,0,0
48800,33.5,33.0,24.0,,,,,1.0,1.0,1.0,50.0,0.0,0.0,0.0,0.0,0.0,100.0,100.0,100.0,10000.0,10000.0,10000.0,0,0,0,50.0,0.0,0.0,0,0
49000,33.5,33.0,24.0,,,,,1.0,1.0,1.0,50.0,0.0,0.0,0.0,0.0,0.0,100.0,100.0,100.0,10000.0,10000.0,10000.0,0,0,0,50.0,0.0,0.0,0,0
49200,33.5,33.0,24.0,,,,,1.0,1.0,1.0,50.0,0.0,0.0,0.0,0.0,0.0,100.0,100.0,100.0,10000.0,10000.0,10000.0,0,0,0,50.0,0.0,0.0,0,0
49400,33.5,33.0,24.0,,,,,1.0,1.0,1.0,50.0,0.0,0.0,0.0,0.0,0.0,100.0,100.0,100.0,10000.0,10000.0,10000.0,0,0,0,50.0,0.0,0.0,0,0
49600,33.5,33.0,24.0,,,,,1.0,1.0,1.0,50.0,0.0,0.0,0.0,0.0,0.0,100.0,100.0,100.0,10000.0,10000.0,10000.0,0,0,0,50.0,0.0,0.0,0,0
49800,33.5,33.0,24.0,,,,,1.0,1.0,1.0,50.0,0.0,0.0,0.0,0.0,0.0,100.0,100.0,100.0,10000.0,10000.0,10000.0,0,0,0,50.0,0.0,0.0,0,0
50000,33.5,33.0,24.0,,,,,1.0,1.0,1.0,50.0,0.0,0.0,0.0,0.0,0.0,100.0,100.0,100.0,10000.0,10000.0,10000.0,0,0,0,50.0,0.0,0.0,0,0
50200,33.5,33.0,24.0,,,,,1.0,1.0,1.0,50.0,0.0,0.0,0.0,0.0,0.0,100.0,100.0,100.0,10000.0,10000.0,10000.0,0,0,0,50.0,0.0,0.0,0,0
50400,33.5,33.5,24.0,,,,,1.0,1.0,1.0,50.0,0.0,0.0,0.0,0.0,0.0,100.0,100.0,100.0,10000.0,10000.0,10000.0,0,0,0,50.0,0.0,0.0,0,0
50600,34.0,33.5,24.0,,,,,1.0,1.0,1.0,50.0,0.0,0.0,0.0,0.0,0.0,100.0,100.0,100.0,10000.0,10000.0,10000.0,0,0,0,50.0,0.0,0.0,0,0
50800,34.0,33.5,24.0,,,,,1.0,1.0,1.0,50.0,0.0,0.0,0.0,0.0,0.0,100.0,100.0,100.0,10000.0,10000.0,10000.0,0,0,0,50.0,0.0,0.0,0,0
51000,34.0,33.5,24.0,,,,,1.0,1.0,1.0,50.0,0.0,0.0,0.0,0.0,0.0,100.0,100.0,100.0,10000.0,10000.0,10000.0,0,0,0,50.0,0.0,0.0,0,0
51200,34.0,33.5,24.0,,,,,1.0,1.0,1.0,50.0,0.0,0.0,0.0,0.0,0.0,100.0,100.0,100.0,10000.0,10000.0,10000.0,0,0,0,50.0,0.0,0.0,0,0
51400,34.0,33.5,24.0,,,,,1.0,1.0,1.0,50.0,0.0,0.0,0.0,0.0,0.0,100.0,100.0,100.0,10000.0,10000.0,10000.0,0,0,0,50.0,0.0,0.0,0,0
51600,34.0,33.5,24.0,,,,,1.0,1.0,1.0,50.0,0.0,0.0,0.0,0.0,0.0,100.0,100.0,100.0,10000.0,10000.0,10000.0,0,0,0,50.0,0.0,0.0,0,0
51800,34.0,33.5,24.0,,,,,1.0,1.0,1.0,50.0,0.0,0.0,0.0,0.0,0.0,100.0,100.0,100.0,10000.0,10000.0,10000.0,0,0,0,50.0,0.0,0.0,0,0
52000,34.0,33.5,24.0,,,,,1.0,1.0,1.0,50.0,0.0,0.0,0.0,0.0,0.0,100.0,100.0,100.0,10000.0,10000.0,10000.0,0,0,0,50.0,0.0,0.0,0,0
52200,34.0,33.5,24.0,,,,,1.0,1.0,1.0,50.0,0.0,0.0,0.0,0.0,0.0,100.0,100.0,100.0,10000.0,10000.0,10000.0,0,0,0,50.0,0.0,0.0,0,0
52400,34.0,33.5,24.0,,,,,1.0,1.0,1.0,50.0,0.0,0.0,0.0,0.0,0.0,100.0,100.0,100.0,10000.0,10000.0,10000.0,0,0,0,50.0,0.0,0.0,0,0
52600,34.5,33.5,24.0,,,,,1.0,1.0,1.0,50.0,0.0,0.0,0.0,0.0,0.0,100.0,100.0,100.0,10000.0,10000.0,10000.0,0,0,0,50.0,0.0,0.0,0,0
52800,34.5,33.5,24.0,,,,,1.0,1.0,1.0,50.0,0.0,0.0,0.0,0.0,0.0,100.0,100.0,100.0,10000.0,10000.0,10000.0,0,0,0,50.0,0.0,0.0,0,0
53000,34.5,34.0,24.0,,,,,1.0,1.0,1.0,50.0,0.0,0.0,0.0,0.0,0.0,100.0,100.0,100.0,10000.0,10000.0,10000.0,0,0,0,50.0,0.0,0.0,0,0
53200,34.5,34.0,24.0,,,,,1.0,1.0,1.0,50.0,0.0,0.0,0.0,0.0,0.0,100.0,100.0,100.0,10000.0,10000.0,10000.0,0,0,0,50.0,0.0,0.0,0,0
53400,34.5,34.0,24.0,,,,,1.0,1.0,1.0,50.0,0.0,0.0,0.0,0.0,0.0,100.0,100.0,100.0,10000.0,10000.0,10000.0,0,0,0,50.0,0.0,0.0,0,0
53600,34.5,34.0,24.0,,,,,1.0,1.0,1.0,50.0,0.0,0.0,0.0,0.0,0.0,100.0,100.0,100.0,10000.0,10000.0,10000.0,0,0,0,50.0,0.0,0.0,0,0
53800,34.5,34.0,24.0,,,,,1.0,1.0,1.0,50.0,0.0,0.0,0.0,0.0,0.0,100.0,100.0,100.0,10000.0,10000.0,10000.0,0,0,0,50.0,0.0,0.0,0,0
54000,34.5,34.0,24.0,,,,,1.0,1.0,1.0,50.0,0.0,0.0,0.0,0.0,0.0,100.0,100.0,100.0,10000.0,10000.0,10000.0,0,0,0,50.0,0.0,0.0,0,0
54200,34.5,34.0,24.0,,,,,1.0,1.0,1.0,50.0,0.0,0.0,0.0,0.0,0.0,100.0,100.0,100.0,10000.0,10000.0,10000.0,0,0,0,50.0,0.0,0.0,0,0
54400,34.5,34.0,24.0,,,,,1.0,1.0,1.0,50.0,0.0,0.0,0.0,0.0,0.0,100.0,100.0,100.0,10000.0,10000.0,10000.0,0,0,0,50.0,0.0,0.0,0,0
54600,34.5,34.0,24.0,,,,,1.0,1.0,1.0,50.0,0.0,0.0,0.0,0.0,0.0,100.0,100.0,100.0,10000.0,10000.0,10000.0,0,0,0,50.0,0.0,0.0,0,0
54800,34.5,34.0,24.0,,,,,1.0,1.0,1.0,50.0,0.0,0.0,0.0,0.0,0.0,100.0,100.0,100.0,10000.0,10000.0,10000.0,0,0,0,50.0,0.0,0.0,0,0
55000,35.0,34.0,24.0,,,,,1.0,1.0,1.0,50.0,0.0,0.0,0.0,0.0,0.0,100.0,100.0,100.0,10000.0,10000.0,10000.0,0,0,0,50.0,0.0,0.0,0,0
55200,35.0,34.0,24.0,,,,,1.0,1.0,1.0,50.0,0.0,0.0,0.0,0.0,0.0,100.0,100.0,100.0,10000.0,10000.0,10000.0,0,0,0,50.0,0.0,0.0,0,0
55400,35.0,34.5,24.0,,,,,1.0,1.0,1.0,50.0,0.0,0.0,0.0,0.0,0.0,100.0,100.0,100.0,10000.0,10000.0,10000.0,0,0,0,50.0,0.0,0.0,0,0
55600,35.0,34.5,24.0,,,,,1.0,1.0,1.0,50.0,0.0,0.0,0.0,0.0,0.0,100.0,100.0,100.0,10000.0,10000.0,10000.0,0,0,0,50.0,0.0,0.0,0,0
55800,35.0,34.5,24.0,,,,,1.0,1.0,1.0,50.0,0.0,0.0,0.0,0.0,0.0,100.0,100.0,100.0,10000.0,10000.0,10000.0,0,0,0,50.0,0.0,0.0,0,0
56000,35.0,34.5,24.0,,,,,1.0,1.0,1.0,50.0,0.0,0.0,0.0,0.0,0.0,100.0,100.0,100.0,10000.0,10000.0,10000.0,0,0,0,50.0,0.0,0.0,0,0
56200,35.0,34.5,24.0,,,,,1.0,1.0,1.0,50.0,0.0,0.0,0.0,0.0,0.0,100.0,100.0,100.0,10000.0,10000.0,10000.0,0,0,0,50.0,0.0,0.0,0,0
56400,35.0,34.5,24.0,,,,,1.0,1.0,1.0,50.0,0.0,0.0,0.0,0.0,0.0,100.0,100.0,100.0,10000.0,10000.0,10000.0,0,0,0,50.0,0.0,0.0,0,0
56600,35.0,34.5,24.0,,,,,1.0,1.0,1.0,50.0,0.0,0.0,0.0,0.0,0.0,100.0,100.0,100.0,10000.0,10000.0,10000.0,0,0,0,50.0,0.0,0.0,0,0
56800,35.0,34.5,24.0,,,,,1.0,1.0,1.0,50.0,0.0,0.0,0.0,0.0,0.0,100.0,100.0,100.0,10000.0,10000.0,10000.0,0,0,0,50.0,0.0,0.0,0,0
57000,35.0,34.5,24.0,,,,,1.0,1.0,1.0,50.0,0.0,0.0,0.0,0.0,0.0,100.0,100.0,100.0,10000.0,10000.0,10000.0,0,0,0,50.0,0.0,0.0,0,0
57200,35.0,34.5,24.0,,,,,1.0,1.0,1.0,50.0,0.0,0.0,0.0,0.0,0.0,100.0,100.0,100.0,10000.0,10000.0,10000.0,0,0,0,50.0,0.0,0.0,0,0
57400,35.0,34.5,24.0,,,,,1.0,1.0,1.0,50.0,0.0,0.0,0.0,0.0,0.0,100.0,100.0,100.0,10000.0,10000.0,10000.0,0,0,0,50.0,0.0,0.0,0,0
57600,35.5,34.5,24.0,,,,,1.0,1.0,1.0,50.0,0.0,0.0,0.0,0.0,0.0,100.0,100.0,100.0,10000.0,10000.0,10000.0,0,0,0,50.0,0.0,0.0,0,0
57800,35.5,34.5,24.0,,,,,1.0,1.0,1.0,50.0,0.0,0.0,0.0,0.0,0.0,100.0,100.0,100.0,10000.0,10000.0,10000.0,0,0,0,50.0,0.0,0.0,0,0
58000,35.5,35.0,24.0,,,,,1.0,1.0,1.0,50.0,0.0,0.0,0.0,0.0,0.0,100.0,100.0,100.0,10000.0,10000.0,10000.0,0,0,0,50.0,0.0,0.0,0,0
58200,35.5,35.0,24.0,,,,,1.0,1.0,1.0,50.0,0.0,0.0,0.0,0.0,0.0,100.0,100.0,100.0,10000.0,10000.0,10000.0,0,0,0,50.0,0.0,0.0,0,0
58400,35.5,35.0,24.0,,,,,1.0,1.0,1.0,50.0,0.0,0.0,0.0,0.0,0.0,100.0,100.0,100.0,10000.0,10000.0,10000.0,0,0,0,50.0,0.0,0.0,0,0
58600,35.5,35.0,24.0,,,,,1.0,1.0,1.0,50.0,0.0,0.0,0.0,0.0,0.0,100.0,100.0,100.0,10000.0,10000.0,10000.0,0,0,0,50.0,0.0,0.0,0,0
58800,35.5,35.0,24.0,,,,,1.0,1.0,1.0,50.0,0.0,0.0,0.0,0.0,0.0,100.0,100.0,100.0,10000.0,10000.0,10000.0,0,0,0,50.0,0.0,0.0,0,0
59000,35.5,35.0,24.0,,,,,1.0,1.0,1.0,50.0,0.0,0.0,0.0,0.0,0.0,100.0,100.0,100.0,10000.0,10000.0,10000.0,0,0,0,50.0,0.0,0.0,0,0
59200,35.5,35.0,24.0,,,,,1.0,1.0,1.0,50.0,0.0,0.0,0.0,0.0,0.0,100.0,100.0,100.0,10000.0,10000.0,10000.0,0,0,0,50.0,0.0,0.0,0,0
59400,35.5,35.0,24.0,,,,,1.0,1.0,1.0,50.0,0.0,0.0,0.0,0.0,0.0,100.0,100.0,100.0,10000.0,10000.0,10000.0,0,0,0,50.0,0.0,0.0,0,0
59600,35.5,35.0,24.0,,,,,1.0,1.0,1.0,50.0,0.0,0.0,0.0,0.0,0.0,100.0,100.0,100.0,10000.0,10000.0,10000.0,0,0,0,50.0,0.0,0.0,0,0
59800,35.5,35.0,24.0,,,,,1.0,1.0,1.0,50.0,0.0,0.0,0.0,0.0,0.0,100.0,100.0,100.0,10000.0,10000.0,10000.0,0,0,0,50.0,0.0,0.0,0,0
60000,35.5,35.0,24.0,,,,,1.0,1.0,1.0,50.0,0.0,0.0,0.0,0.0,0.0,100.0,100.0,100.0,10000.0,10000.0,10000.0,0,0,0,50.0,0.0,0.0,0,0
60200,35.5,35.0,24.0,,,,,1.0,1.0,1.0,50.0,0.0,0.0,0.0,0.0,0.0,100.0,100.0,100.0,10000.0,10000.0,10000.0,0,0,0,50.0,0.0,0.0,0,0
60400,35.5,35.5,24.0,,,,,1.0,1.0,1.0,50.0,0.0,0.0,0.0,0.0,0.0,100.0,100.0,100.0,10000.0,10000.0,10000.0,0,0,0,50.0,0.0,0.0,0,0
60600,36.0,35.5,24.0,,,,,1.0,1.0,1.0,50.0,0.0,0.0,0.0,0.0,0.0,100.0,100.0,100.0,10000.0,10000.0,10000.0,0,0,0,50.0,0.0,0.0,0,0
60800,36.0,35.5,24.0,,,,,1.0,1.0,1.0,50.0,0.0,0.0,0.0,0.0,0.0,100.0,100.0,100.0,10000.0,10000.0,10000.0,0,0,0,50.0,0.0,0.0,0,0
61000,36.0,35.5,24.0,,,,,1.0,1.0,1.0,50.0,0.0,0.0,0.0,0.0,0.0,100.0,100.0,100.0,10000.0,10000.0,10000.0,0,0,0,50.0,0.0,0.0,0,0
61200,36.0,35.5,24.0,,,,,1.0,1.0,1.0,50.0,0.0,0.0,0.0,0.0,0.0,100.0,100.0,100.0,10000.0,10000.0,10000.0,0,0,0,50.0,0.0,0.0,0,0
61400,36.0,35.5,24.0,,,,,1.0,1.0,1.0,50.0,0.0,0.0,0.0,0.0,0.0,100.0,100.0,100.0,10000.0,10000.0,10000.0,0,0,0,50.0,0.0,0.0,0,0
61600,36.0,35.5,24.0,,,,,1.0,1.0,1.0,50.0,0.0,0.0,0.0,0.0,0.0,100.0,100.0,100.0,10000.0,10000.0,10000.0,0,0,0,50.0,0.0,0.0,0,0
61800,36.0,35.5,24.0,,,,,1.0,1.0,1.0,50.0,0.0,0.0,0.0,0.0,0.0,100.0,100.0,100.0,10000.0,10000.0,10000.0,0,0,0,50.0,0.0,0.0,0,0
62000,36.0,35.5,24.0,,,,,1.0,1.0,1.0,50.0,0.0,0.0,0.0,0.0,0.0,100.0,100.0,100.0,10000.0,10000.0,10000.0,0,0,0,50.0,0.0,0.0,0,0
62200,36.0,35.5,24.0,,,,,1.0,1.0,1.0,50.0,0.0,0.0,0.0,0.0,0.0,100.0,100.0,100.0,10000.0,10000.0,10000.0,0,0,0,50.0,0.0,0.0,0,0
62400,36.0,35.5,24.0,,,,,1.0,1.0,1.0,50.0,0.0,0.0,0.0,0.0,0.0,100.0,100.0,100.0,10000.0,10000.0,10000.0,0,0,0,50.0,0.0,0.0,0,0
62600,36.5,35.5,24.0,,,,,1.0,1.0,1.0,50.0,0.0,0.0,0.0,0.0,0.0,100.0,100.0,100.0,10000.0,10000.0,10000.0,0,0,0,50.0,0.0,0.0,0,0
62800,36.5,35.5,24.0,,,,,1.0,1.0,1.0,50.0,0.0,0.0,0.0,0.0,0.0,100.0,100.0,100.0,10000.0,10000.0,10000.0,0,0,0,50.0,0.0,0.0,0,0
63000,36.5,35.5,24.0,,,,,1.0,1.0,1.0,50.0,0.0,0.0,0.0,0.0,0.0,100.0,100.0,100.0,10000.0,10000.0,10000.0,0,0,0,50.0,0.0,0.0,0,0
63200,36.5,35.5,24.0,,,,,1.0,1.0,1.0,50.0,0.0,0.0,0.0,0.0,0.0,100.0,100.0,100.0,10000.0,10000.0,10000.0,0,0,0,50.0,0.0,0.0,0,0
63400,36.5,36.0,24.0,,,,,1.0,1.0,1.0,50.0,0.0,0.0,0.0,0.0,0.0,100.0,100.0,100.0,10000.0,10000.0,10000.0,0,0,0,50.0,0.0,0.0,0,0
63600,36.5,36.0,24.0,,,,,1.0,1.0,1.0,50.0,0.0,0.0,0.0,0.0,0.0,100.0,100.0,100.0,10000.0,10000.0,10000.0,0,0,0,50.0,0.0,0.0,0,0
63800,36.5,36.0,24.0,,,,,1.0,1.0,1.0,50.0,0.0,0.0,0.0,0.0,0.0,100.0,100.0,100.0,10000.0,10000.0,10000.0,0,0,0,50.0,0.0,0.0,0,0
64000,36.5,36.0,24.0,,,,,1.0,1.0,1.0,50.0,0.0,0.0,0.0,0.0,0.0,100.0,100.0,100.0,10000.0,10000.0,10000.0,0,0,0,50.0,0.0,0.0,0,0
64200,36.5,36.0,24.0,,,,,1.0,1.0,1.0,50.0,0.0,0.0,0.0,0.0,0.0,100.0,100.0,100.0,10000.0,10000.0,10000.0,0,0,0,50.0,0.0,0.0,0,0
64400,36.5,36.0,24.0,,,,,1.0,1.0,1.0,50.0,0.0,0.0,0.0,0.0,0.0,100.0,100.0,100.0,10000.0,10000.0,10000.0,0,0,0,50.0,0.0,0.0,0,0
64600,36.5,36.0,24.0,,,,,1.0,1.0,1.0,50.0,0.0,0.0,0.0,0.0,0.0,100.0,100.0,100.0,10000.0,10000.0,10000.0,0,0,0,50.0,0.0,0.0,0,0
64800,36.5,36.0,24.0,,,,,1.0,1.0,1.0,50.0,0.0,0.0,0.0,0.0,0.0,100.0,100.0,100.0,10000.0,10000.0,10000.0,0,0,0,50.0,0.0,0.0,0,0
65000,36.5,36.0,24.0,,,,,1.0,1.0,1.0,50.0,0.0,0.0,0.0,0.0,0.0,100.0,100.0,100.0,10000.0,10000.0,10000.0,0,0,0,50.0,0.0,0.0,0,0
65200,36.5,36.0,24.0,,,,,1.0,1.0,1.0,50.0,0.0,0.0,0.0,0.0,0.0,100.0,100.0,100.0,10000.0,10000.0,10000.0,0,0,0,50.0,0.0,0.0,0,0
65400,36.5,36.0,24.0,,,,,1.0,1.0,1.0,50.0,0.0,0.0,0.0,0.0,0.0,100.0,100.0,100.0,10000.0,10000.0,10000.0,0,0,0,50.0,0.0,0.0,0,0
65600,37.0,36.0,24.0,,,,,1.0,1.0,1.0,50.0,0.0,0.0,0.0,0.0,0.0,100.0,100.0,100.0,10000.0,10000.0,10000.0,0,0,0,50.0,0.0,0.0,0,0
65800,37.0,36.0,24.0,,,,,1.0,1.0,1.0,50.0,0.0,0.0,0.0,0.0,0.0,100.0,100.0,100.0,10000.0,10000.0,10000.0,0,0,0,50.0,0.0,0.0,0,0
66000,37.0,36.5,24.0,,,,,1.0,1.0,1.0,50.0,0.0,0.0,0.0,0.0,0.0,100.0,100.0,100.0,10000.0,10000.0,10000.0,0,0,0,50.0,0.0,0.0,0,0
66200,37.0,36.5,24.0,,,,,1.0,1.0,1.0,50.0,0.0,0.0,0.0,0.0,0.0,100.0,100.0,100.0,10000.0,10000.0,10000.0,0,0,0,50.0,0.0,0.0,0,0
66400,37.0,36.5,24.0,,,,,1.0,1.0,1.0,50.0,0.0,0.0,0.0,0.0,0.0,100.0,100.0,100.0,10000.0,10000.0,10000.0,0,0,0,50.0,0.0,0.0,0,0
66600,37.0,36.5,24.0,,,,,1.0,1.0,1.0,50.0,0.0,0.0,0.0,0.0,0.0,100.0,100.0,100.0,10000.0,10000.0,10000.0,0,0,0,50.0,0.0,0.0,0,0
66800,37.0,36.5,24.0,,,,,1.0,1.0,1.0,50.0,0.0,0.0,0.0,0.0,0.0,100.0,100.0,100.0,10000.0,10000.0,10000.0,0,0,0,50.0,0.0,0.0,0,0
67000,37.0,36.5,24.0,,,,,1.0,1.0,1.0,50.0,0.0,0.0,0.0,0.0,0.0,100.0,100.0,100.0,10000.0,10000.0,10000.0,0,0,0,50.0,0.0,0.0,0,0
67200,37.0,36.5,24.0,,,,,1.0,1.0,1.0,50.0,0.0,0.0,0.0,0.0,0.0,100.0,100.0,100.0,10000.0,10000.0,10000.0,0,0,0,50.0,0.0,0.0,0,0
67400,37.0,36.5,24.0,,,,,1.0,1.0,1.0,50.0,0.0,0.0,0.0,0.0,0.0,100.0,100.0,100.0,10000.0,10000.0,10000.0,0,0,0,50.0,0.0,0.0,0,0
67600,37.0,36.5,24.0,,,,,1.0,1.0,1.0,50.0,0.0,0.0,0.0,0.0,0.0,100.0,100.0,100.0,10000.0,10000.0,10000.0,0,0,0,50.0,0.0,0.0,0,0
67800,37.0,36.5,24.0,,,,,1.0,1.0,1.0,50.0,0.0,0.0,0.0,0.0,0.0,100.0,100.0,100.0,10000.0,10000.0,10000.0,0,0,0,50.0,0.0,0.0,0,0
68000,37.0,36.5,24.0,,,,,1.0,1.0,1.0,50.0,0.0,0.0,0.0,0.0,0.0,100.0,100.0,100.0,10000.0,10000.0,10000.0,0,0,0,50.0,0.0,0.0,0,0
68200,37.0,36.5,24.0,,,,,1.0,1.0,1.0,50.0,0.0,0.0,0.0,0.0,0.0,100.0,100.0,100.0,10000.0,10000.0,10000.0,0,0,0,50.0,0.0,0.0,0,0
68400,37.0,37.5,24.0,,,,,1.0,1.0,1.0,50.0,0.0,0.0,0.0,0.0,0.0,100.0,100.0,100.0,10000.0,10000.0,10000.0,0,0,0,50.0,0.0,0.0,0,0
68600,37.5,37.0,24.0,,,,,1.0,1.0,1.0,50.0,0.0,0.0,0.0,0.0,0.0,100.0,100.0,100.0,10000.0,10000.0,10000.0,0,0,0,50.0,0.0,0.0,0,0
68800,37.5,37.0,24.0,,,,,1.0,1.0,1.0,50.0,0.0,0.0,0.0,0.0,0.0,100.0,100.0,100.0,10000.0,10000.0,10000.0,0,0,0,50.0,0.0,0.0,0,0
69000,37.5,37.0,24.0,,,,,1.0,1.0,1.0,50.0,0.0,0.0,0.0,0.0,0.0,100.0,100.0,100.0,10000.0,10000.0,10000.0,0,0,0,50.0,0.0,0.0,0,0
69200,37.5,37.0,24.0,,,,,1.0,1.0,1.0,50.0,0.0,0.0,0.0,0.0,0.0,100.0,100.0,100.0,10000.0,10000.0,10000.0,0,0,0,50.0,0.0,0.0,0,0
69400,37.5,37.0,24.0,,,,,1.0,1.0,1.0,50.0,0.0,0.0,0.0,0.0,0.0,100.0,100.0,100.0,10000.0,10000.0,10000.0,0,0,0,50.0,0.0,0.0,0,0
69600,37.5,37.0,24.0,,,,,1.0,1.0,1.0,50.0,0.0,0.0,0.0,0.0,0.0,100.0,100.0,100.0,10000.0,10000.0,10000.0,0,0,0,50.0,0.0,0.0,0,0
69800,37.5,37.0,24.0,,,,,1.0,1.0,1.0,50.0,0.0,0.0,0.0,0.0,0.0,100.0,100.0,100.0,10000.0,10000.0,10000.0,0,0,0,50.0,0.0,0.0,0,0
70000,37.5,37.0,24.0,,,,,1.0,1.0,1.0,50.0,0.0,0.0,0.0,0.0,0.0,100.0,100.0,100.0,10000.0,10000.0,10000.0,0,0,0,50.0,0.0,0.0,0,0
70200,37.5,37.0,24.0,,,,,1.0,1.0,1.0,50.0,0.0,0.0,0.0,0.0,0.0,100.0,100.0,100.0,10000.0,10000.0,10000.0,0,0,0,50.0,0.0,0.0,0,0
70400,37.5,37.0,24.0,,,,,1.0,1.0,1.0,50.0,0.0,0.0,0.0,0.0,0.0,100.0,100.0,100.0,10000.0,10000.0,10000.0,0,0,0,50.0,0.0,0.0,0,0
70600,37.5,37.0,24.0,,,,,1.0,1.0,1.0,50.0,0.0,0.0,0.0,0.0,0.0,100.0,100.0,100.0,10000.0,10000.0,10000.0,0,0,0,50.0,0.0,0.0,0,0
70800,37.5,37.0,24.0,,,,,1.0,1.0,1.0,50.0,0.0,0.0,0.0,0.0,0.0,100.0,100.0,100.0,10000.0,10000.0,10000.0,0,0,0,50.0,0.0,0.0,0,0
71000,38.0,37.5,24.0,,,,,1.0,1.0,1.0,50.0,0.0,0.0,0.0,0.0,0.0,100.0,100.0,100.0,10000.0,10000.0,10000.0,0,0,0,50.0,0.0,0.0,0,0
71200,38.0,37.5,24.0,,,,,1.0,1.0,1.0,50.0,0.0,0.0,0.0,0.0,0.0,100.0,100.0,100.0,10000.0,10000.0,10000.0,0,0,0,50.0,0.0,0.0,0,0
71400,38.0,37.5,24.0,,,,,1.0,1.0,1.0,50.0,0.0,0.0,0.0,0.0,0.0,100.0,100.0,100.0,10000.0,10000.0,10000.0,0,0,0,50.0,0.0,0.0,0,0
71600,38.0,37.5,24.0,,,,,1.0,1.0,1.0,50.0,0.0,0.0,0.0,0.0,0.0,100.0,100.0,100.0,10000.0,10000.0,10000.0,0,0,0,50.0,0.0,0.0,0,0
71800,38.0,37.5,24.0,,,,,1.0,1.0,1.0,50.0,0.0,0.0,0.0,0.0,0.0,100.0,100.0,100.0,10000.0,10000.0,10000.0,0,0,0,50.0,0.0,0.0,0,0
72000,38.0,37.5,24.0,,,,,1.0,1.0,1.0,50.0,0.0,0.0,0.0,0.0,0.0,100.0,100.0,100.0,10000.0,10000.0,10000.0,0,0,0,50.0,0.0,0.0,0,0
72200,38.0,37.5,24.0,,,,,1.0,1.0,1.0,50.0,0.0,0.0,0.0,0.0,0.0,100.0,100.0,100.0,10000.0,10000.0,10000.0,0,0,0,50.0,0.0,0.0,0,0
72400,38.0,37.5,24.0,,,,,1.0,1.0,1.0,50.0,0.0,0.0,0.0,0.0,0.0,100.0,100.0,100.0,10000.0,10000.0,10000.0,0,0,0,50.0,0.0,0.0,0,0
72600,38.0,37.5,24.0,,,,,1.0,1.0,1.0,50.0,0.0,0.0,0.0,0.0,0.0,100.0,100.0,100.0,10000.0,10000.0,10000.0,0,0,0,50.0,0.0,0.0,0,0
72800,38.0,37.5,24.0,,,,,1.0,1.0,1.0,50.0,0.0,0.0,0.0,0.0,0.0,100.0,100.0,100.0,10000.0,10000.0,10000.0,0,0,0,50.0,0.0,0.0,0,0
73000,38.0,37.5,24.0,,,,,1.0,1.0,1.0,50.0,0.0,0.0,0.0,0.0,0.0,100.0,100.0,100.0,10000.0,10000.0,10000.0,0,0,0,50.0,0.0,0.0,0,0
73200,38.0,37.5,24.0,,,,,1.0,1.0,1.0,50.0,0.0,0.0,0.0,0.0,0.0,100.0,100.0,100.0,10000.0,10000.0,10000.0,0,0,0,50.0,0.0,0.0,0,0
73400,38.0,37.5,24.0,,,,,1.0,1.0,1.0,50.0,0.0,0.0,0.0,0.0,0.0,100.0,100.0,100.0,10000.0,10000.0,10000.0,0,0,0,50.0,0.0,0.0,0,0
73600,38.0,37.5,24.0,,,,,1.0,1.0,1.0,50.0,0.0,0.0,0.0,0.0,0.0,100.0,100.0,100.0,10000.0,10000.0,10000.0,0,0,0,50.0,0.0,0.0,0,0
73800,38.0,37.5,24.0,,,,,1.0,1.0,1.0,50.0,0.0,0.0,0.0,0.0,0.0,100.0,100.0,100.0,10000.0,10000.0,10000.0,0,0,0,50.0,0.0,0.0,0,0
74000,38.5,38.0,24.0,,,,,1.0,1.0,1.0,50.0,0.0,0.0,0.0,0.0,0.0,100.0,100.0,100.0,10000.0,10000.0,10000.0,0,0,0,50.0,0.0,0.0,0,0
74200,38.5,38.0,24.0,,,,,1.0,1.0,1.0,50.0,0.0,0.0,0.0,0.0,0.0,100.0,100.0,100.0,10000.0,10000.0,10000.0,0,0,0,50.0,0.0,0.0,0,0
74400,38.5,38.0,24.0,,,,,1.0,1.0,1.0,50.0,0.0,0.0,0.0,0.0,0.0,100.0,100.0,100.0,10000.0,10000.0,10000.0,0,0,0,50.0,0.0,0.0,0,0
74600,38.5,38.0,24.0,,,,,1.0,1.0,1.0,50.0,0.0,0.0,0.0,0.0,0.0,100.0,100.0,100.0,10000.0,10000.0,10000.0,0,0,0,50.0,0.0,0.0,0,0
74800,38.5,38.0,24.0,,,,,1.0,1.0,1.0,50.0,0.0,0.0,0.0,0.0,0.0,100.0,100.0,100.0,10000.0,10000.0,10000.0,0,0,0,50.0,0.0,0.0,0,0
75000,38.5,38.0,24.0,,,,,1.0,1.0,1.0,50.0,0.0,0.0,0.0,0.0,0.0,100.0,100.0,100.0,10000.0,10000.0,10000.0,0,0,0,50.0,0.0,0.0,0,0
75200,38.5,38.0,24.0,,,,,1.0,1.0,1.0,50.0,0.0,0.0,0.0,0.0,0.0,100.0,100.0,100.0,10000.0,10000.0,10000.0,0,0,0,50.0,0.0,0.0,0,0
75400,38.5,38.0,24.0,,,,,1.0,1.0,1.0,50.0,0.0,0.0,0.0,0.0,0.0,100.0,100.0,100.0,10000.0,10000.0,10000.0,0,0,0,50.0,0.0,0.0,0,0
75600,38.5,38.0,24.0,,,,,1.0,1.0,1.0,50.0,0.0,0.0,0.0,0.0,0.0,100.0,100.0,100.0,10000.0,10000.0,10000.0,0,0,0,50.0,0.0,0.0,0,0
75800,38.5,38.0,24.0,,,,,1.0,1.0,1.0,50.0,0.0,0.0,0.0,0.0,0.0,100.0,100.0,100.0,10000.0,10000.0,10000.0,0,0,0,50.0,0.0,0.0,0,0
76000,38.5,38.0,24.0,,,,,1.0,1.0,1.0,50.0,0.0,0.0,0.0,0.0,0.0,100.0,100.0,100.0,10000.0,10000.0,10000.0,0,0,0,50.0,0.0,0.0,0,0
76200,38.5,38.0,24.0,,,,,1.0,1.0,1.0,50.0,0.0,0.0,0.0,0.0,0.0,100.0,100.0,100.0,10000.0,10000.0,10000.0,0,0,0,50.0,0.0,0.0,0,0
76400,38.5,38.0,24.0,,,,,1.0,1.0,1.0,50.0,0.0,0.0,0.0,0.0,0.0,100.0,100.0,100.0,10000.0,10000.0,10000.0,0,0,0,50.0,0.0,0.0,0,0
76600,38.5,38.5,24.0,,,,,1.0,1.0,1.0,50.0,0.0,0.0,0.0,0.0,0.0,100.0,100.0,100.0,10000.0,10000.0,10000.0,0,0,0,50.0,0.0,0.0,0,0
76800,38.5,38.5,24.0,,,,,1.0,1.0,1.0,50.0,0.0,0.0,0.0,0.0,0.0,100.0,100.0,100.0,10000.0,10000.0,10000.0,0,0,0,50.0,0.0,0.0,0,0
77000,39.0,38.5,24.0,,,,,1.0,1.0,1.0,50.0,0.0,0.0,0.0,0.0,0.0,100.0,100.0,100.0,10000.0,10000.0,10000.0,0,0,0,50.0,0.0,0.0,0,0
77200,39.0,38.5,24.0,,,,,1.0,1.0,1.0,50.0,0.0,0.0,0.0,0.0,0.0,100.0,100.0,100.0,10000.0,10000.0,10000.0,0,0,0,50.0,0.0,0.0,0,0
77400,39.0,38.5,24.0,,,,,1.0,1.0,1.0,50.0,0.0,0.0,0.0,0.0,0.0,100.0,100.0,100.0,10000.0,10000.0,10000.0,0,0,0,50.0,0.0,0.0,0,0
77600,39.0,38.5,24.0,,,,,1.0,1.0,1.0,50.0,0.0,0.0,0.0,0.0,0.0,100.0,100.0,100.0,10000.0,10000.0,10000.0,0,0,0,50.0,0.0,0.0,0,0
77800,39.0,38.5,24.0,,,,,1.0,1.0,1.0,50.0,0.0,0.0,0.0,0.0,0.0,100.0,100.0,100.0,10000.0,10000.0,10000.0,0,0,0,50.0,0.0,0.0,0,0
78000,39.0,38.5,24.0,,,,,1.0,1.0,1.0,50.0,0.0,0.0,0.0,0.0,0.0,100.0,100.0,100.0,10000.0,10000.0,10000.0,0,0,0,50.0,0.0,0.0,0,0
78200,39.0,38.5,24.0,,,,,1.0,1.0,1.0,50.0,0.0,0.0,0.0,0.0,0.0,100.0,100.0,100.0,10000.0,10000.0,10000.0,0,0,0,50.0,0.0,0.0,0,0
78400,39.0,38.5,24.0,,,,,1.0,1.0,1.0,50.0,0.0,0.0,0.0,0.0,0.0,100.0,100.0,100.0,10000.0,10000.0,10000.0,0,0,0,50.0,0.0,0.0,0,0
78600,39.0,38.5,24.0,,,,,1.0,1.0,1.0,50.0,0.0,0.0,0.0,0.0,0.0,100.0,100.0,100.0,10000.0,10000.0,10000.0,0,0,0,50.0,0.0,0.0,0,0
78800,39.0,38.5,24.0,,,,,1.0,1.0,1.0,50.0,0.0,0.0,0.0,0.0,0.0,100.0,100.0,100.0,10000.0,10000.0,10000.0,0,0,0,50.0,0.0,0.0,0,0
79000,39.0,39.0,24.0,,,,,1.0,1.0,1.0,50.0,0.0,0.0,0.0,0.0,0.0,100.0,100.0,100.0,10000.0,10000.0,10000.0,0,0,0,50.0,0.0,0.0,0,0
79200,39.0,39.0,24.0,,,,,1.0,1.0,1.0,50.0,0.0,0.0,0.0,0.0,0.0,100.0,100.0,100.0,10000.0,10000.0,10000.0,0,0,0,50.0,0.0,0.0,0,0
79400,39.0,39.0,24.0,,,,,1.0,1.0,1.0,50.0,0.0,0.0,0.0,0.0,0.0,100.0,100.0,100.0,10000.0,10000.0,10000.0,0,0,0,50.0,0.0,0.0,0,0
79600,39.0,39.0,24.0,,,,,1.0,1.0,1.0,50.0,0.0,0.0,0.0,0.0,0.0,100.0,100.0,100.0,10000.0,10000.0,10000.0,0,0,0,50.0,0.0,0.0,0,0
79800,39.0,39.0,24.0,,,,,1.0,1.0,1.0,50.0,0.0,0.0,0.0,0.0,0.0,100.0,100.0,100.0,10000.0,10000.0,10000.0,0,0,0,50.0,0.0,0.0,0,0
80000,39.5,39.0,24.0,,,,,1.0,1.0,1.0,50.0,0.0,0.0,0.0,0.0,0.0,100.0,100.0,100.0,10000.0,10000.0,10000.0,0,0,0,50.0,0.0,0.0,0,0
80200,39.5,39.0,24.0,,,,,1.0,1.0,1.0,50.0,0.0,0.0,0.0,0.0,0.0,100.0,100.0,100.0,10000.0,10000.0,10000.0,0,0,0,50.0,0.0,0.0,0,0
80400,39.5,39.0,24.0,,,,,1.0,1.0,1.0,50.0,0.0,0.0,0.0,0.0,0.0,100.0,100.0,100.0,10000.0,10000.0,10000.0,0,0,0,50.0,0.0,0.0,0,0
80600,39.5,39.0,24.0,,,,,1.0,1.0,1.0,50.0,0.0,0.0,0.0,0.0,0.0,100.0,100.0,100.0,10000.0,10000.0,10000.0,0,0,0,50.0,0.0,0.0,0,0
80800,39.5,39.0,24.0,,,,,1.0,1.0,1.0,50.0,0.0,0.0,0.0,0.0,0.0,100.0,100.0,100.0,10000.0,10000.0,10000.0,0,0,0,50.0,0.0,0.0,0,0
81000,39.5,39.0,24.0,,,,,1.0,1.0,1.0,50.0,0.0,0.0,0.0,0.0,0.0,100.0,100.0,100.0,10000.0,10000.0,10000.0,0,0,0,50.0,0.0,0.0,0,0
81200,39.5,39.0,24.0,,,,,1.0,1.0,1.0,50.0,0.0,0.0,0.0,0.0,0.0,100.0,100.0,100.0,10000.0,10000.0,10000.0,0,0,0,50.0,0.0,0.0,0,0
81400,39.5,39.0,24.0,,,,,1.0,1.0,1.0,50.0,0.0,0.0,0.0,0.0,0.0,100.0,100.0,100.0,10000.0,10000.0,10000.0,0,0,0,50.0,0.0,0.0,0,0
81600,39.5,39.0,24.0,,,,,1.0,1.0,1.0,50.0,0.0,0.0,0.0,0.0,0.0,100.0,100.0,100.0,10000.0,10000.0,10000.0,0,0,0,50.0,0.0,0.0,0,0
81800,39.5,39.0,24.0,,,,,1.0,1.0,1.0,50.0,0.0,0.0,0.0,0.0,0.0,100.0,100.0,100.0,10000.0,10000.0,10000.0,0,0,0,50.0,0.0,0.0,0,0
82000,39.5,39.5,24.0,,,,,1.0,1.0,1.0,50.0,0.0,0.0,0.0,0.0,0.0,100.0,100.0,100.0,10000.0,10000.0,10000.0,0,0,0,50.0,0.0,0.0,0,0
82200,39.5,39.5,24.0,,,,,1.0,1.0,1.0,50.0,0.0,0.0,0.0,0.0,0.0,100.0,100.0,100.0,10000.0,10000.0,10000.0,0,0,0,50.0,0.0,0.0,0,0
82400,39.5,39.5,24.0,,,,,1.0,1.0,1.0,50.0,0.0,0.0,0.0,0.0,0.0,100.0,100.0,100.0,10000.0,10000.0,10000.0,0,0,0,50.0,0.0,0.0,0,0
82600,40.0,39.5,24.0,,,,,1.0,1.0,1.0,50.0,0.0,0.0,0.0,0.0,0.0,100.0,100.0,100.0,10000.0,10000.0,10000.0,0,0,0,50.0,0.0,0.0,0,0
82800,40.0,39.5,24.0,,,,,1.0,1.0,1.0,50.0,0.0,0.0,0.0,0.0,0.0,100.0,100.0,100.0,10000.0,10000.0,10000.0,0,0,0,50.0,0.0,0.0,0,0
83000,40.0,39.5,24.0,,,,,1.0,1.0,1.0,50.0,0.0,0.0,0.0,0.0,0.0,100.0,100.0,100.0,10000.0,10000.0,10000.0,0,0,0,50.0,0.0,0.0,0,0
83200,40.0,39.5,24.0,,,,,1.0,1.0,1.0,50.0,0.0,0.0,0.0,0.0,0.0,100.0,100.0,100.0,10000.0,10000.0,10000.0,0,0,0,50.0,0.0,0.0,0,0
83400,40.0,39.5,24.0,,,,,1.0,1.0,1.0,50.0,0.0,0.0,0.0,0.0,0.0,100.0,100.0,100.0,10000.0,10000.0,10000.0,0,0,0,50.0,0.0,0.0,0,0
83600,40.0,39.5,24.0,,,,,1.0,1.0,1.0,50.0,0.0,0.0,0.0,0.0,0.0,100.0,100.0,100.0,10000.0,10000.0,10000.0,0,0,0,50.0,0.0,0.0,0,0
83800,40.0,39.5,24.0,,,,,1.0,1.0,1.0,50.0,0.0,0.0,0.0,0.0,0.0,100.0,100.0,100.0,10000.0,10000.0,10000.0,0,0,0,50.0,0.0,0.0,0,0
84000,40.0,39.5,24.0,,,,,1.0,1.0,1.0,50.0,0.0,0.0,0.0,0.0,0.0,100.0,100.0,100.0,10000.0,10000.0,10000.0,0,0,0,50.0,0.0,0.0,0,0
84200,40.0,39.5,24.0,,,,,1.0,1.0,1.0,50.0,0.0,0.0,0.0,0.0,0.0,100.0,100.0,100.0,10000.0,10000.0,10000.0,0,0,0,50.0,0.0,0.0,0,0
84400,40.0,39.5,24.0,,,,,1.0,1.0,1.0,50.0,0.0,0.0,0.0,0.0,0.0,100.0,100.0,100.0,10000.0,10000.0,10000.0,0,0,0,50.0,0.0,0.0,0,0
84600,40.0,39.5,24.0,,,,,1.0,1.0,1.0,50.0,0.0,0.0,0.0,0.0,0.0,100.0,100.0,100.0,10000.0,10000.0,10000.0,0,0,0,50.0,0.0,0.0,0,0
84800,40.0,39.5,24.0,,,,,1.0,1.0,1.0,50.0,0.0,0.0,0.0,0.0,0.0,100.0,100.0,100.0,10000.0,10000.0,10000.0,0,0,0,50.0,0.0,0.0,0,0
85000,40.0,39.5,24.0,,,,,1.0,1.0,1.0,50.0,0.0,0.0,0.0,0.0,0.0,100.0,100.0,100.0,10000.0,10000.0,10000.0,0,0,0,50.0,0.0,0.0,0,0
85200,40.0,39.5,24.0,,,,,1.0,1.0,1.0,50.0,0.0,0.0,0.0,0.0,0.0,100.0,100.0,100.0,10000.0,10000.0,10000.0,0,0,0,50.0,0.0,0.0,0,0
85400,40.0,39.5,24.0,,,,,1.0,1.0,1.0,50.0,0.0,0.0,0.0,0.0,0.0,100.0,100.0,100.0,10000.0,10000.0,10000.0,0,0,0,50.0,0.0,0.0,0,0
85600,40.5,40.0,24.0,,,,,1.0,1.0,1.0,50.0,0.0,0.0,0.0,0.0,0.0,100.0,100.0,100.0,10000.0,10000.0,10000.0,0,0,0,50.0,0.0,0.0,0,0
85800,40.5,40.0,24.0,,,,,1.0,1.0,1.0,50.0,0.0,0.0,0.0,0.0,0.0,100.0,100.0,100.0,10000.0,10000.0,10000.0,0,0,0,50.0,0.0,0.0,0,0
86000,40.5,40.0,24.0,,,,,1.0,1.0,1.0,50.0,0.0,0.0,0.0,0.0,0.0,100.0,100.0,100.0,10000.0,10000.0,10000.0,0,0,0,50.0,0.0,0.0,0,0
86200,40.5,40.0,24.0,,,,,1.0,1.0,1.0,50.0,0.0,0.0,0.0,0.0,0.0,100.0,100.0,100.0,10000.0,10000.0,10000.0,0,0,0,50.0,0.0,0.0,0,0
86400,40.5,40.0,24.0,,,,,1.0,1.0,1.0,50.0,0.0,0.0,0.0,0.0,0.0,100.0,100.0,100.0,10000.0,10000.0,10000.0,0,0,0,50.0,0.0,0.0,0,0
86600,40.5,40.0,24.0,,,,,1.0,1.0,1.0,50.0,0.0,0.0,0.0,0.0,0.0,100.0,100.0,100.0,10000.0,10000.0,10000.0,0,0,0,50.0,0.0,0.0,0,0
86800,40.5,40.0,24.0,,,,,1.0,1.0,1.0,50.0,0.0,0.0,0.0,0.0,0.0,100.0,100.0,100.0,10000.0,10000.0,10000.0,0,0,0,50.0,0.0,0.0,0,0
87000,40.5,40.0,24.0,,,,,1.0,1.0,1.0,50.0,0.0,0.0,0.0,0.0,0.0,100.0,100.0,100.0,10000.0,10000.0,10000.0,0,0,0,50.0,0.0,0.0,0,0
87200,40.5,40.0,24.0,,,,,1.0,1.0,1.0,50.0,0.0,0.0,0.0,0.0,0.0,100.0,100.0,100.0,10000.0,10000.0,10000.0,0,0,0,50.0,0.0,0.0,0,0
87400,40.5,40.0,24.0,,,,,1.0,1.0,1.0,50.0,0.0,0.0,0.0,0.0,0.0,100.0,100.0,100.0,10000.0,10000.0,10000.0,0,0,0,50.0,0.0,0.0,0,0
87600,40.5,40.0,24.0,,,,,1.0,1.0,1.0,50.0,0.0,0.0,0.0,0.0,0.0,100.0,100.0,100.0,10000.0,10000.0,10000.0,0,0,0,50.0,0.0,0.0,0,0
87800,40.5,40.0,24.0,,,,,1.0,1.0,1.0,50.0,0.0,0.0,0.0,0.0,0.0,100.0,100.0,100.0,10000.0,10000.0,10000.0,0,0,0,50.0,0.0,0.0,0,0
88000,40.5,40.0,24.0,,,,,1.0,1.0,1.0,50.0,0.0,0.0,0.0,0.0,0.0,100.0,100.0,100.0,10000.0,10000.0,10000.0,0,0,0,50.0,0.0,0.0,0,0
88200,40.5,40.0,24.0,,,,,1.0,1.0,1.0,50.0,0.0,0.0,0.0,0.0,0.0,100.0,100.0,100.0,10000.0,10000.0,10000.0,0,0,0,50.0,0.0,0.0,0,0
88400,40.5,40.0,24.0,,,,,1.0,1.0,1.0,50.0,0.0,0.0,0.0,0.0,0.0,100.0,100.0,100.0,10000.0,10000.0,10000.0,0,0,0,50.0,0.0,0.0,0,0
88600,41.0,40.5,24.0,,,,,1.0,1.0,1.0,50.0,0.0,0.0,0.0,0.0,0.0,100.0,100.0,100.0,10000.0,10000.0,10000.0,0,0,0,50.0,0.0,0.0,0,0
88800,41.0,40.5,24.0,,,,,1.0,1.0,1.0,50.0,0.0,0.0,0.0,0.0,0.0,100.0,100.0,100.0,10000.0,10000.0,10000.0,0,0,0,50.0,0.0,0.0,0,0
89000,41.0,40.5,24.0,,,,,1.0,1.0,1.0,50.0,0.0,0.0,0.0,0.0,0.0,100.0,100.0,100.0,10000.0,10000.0,10000.0,0,0,0,50.0,0.0,0.0,0,0
89200,41.0,40.5,24.0,,,,,1.0,1.0,1.0,50.0,0.0,0.0,0.0,0.0,0.0,100.0,100.0,100.0,10000.0,10000.0,10000.0,0,0,0,50.0,0.0,0.0,0,0
89400,41.0,40.5,24.0,,,,,1.0,1.0,1.0,50.0,0.0,0.0,0.0,0.0,0.0,100.0,100.0,100.0,10000.0,10000.0,10000.0,0,0,0,50.0,0.0,0.0,0,0
89600,41.0,40.5,24.0,,,,,1.0,1.0,1.0,50.0,0.0,0.0,0.0,0.0,0.0,100.0,100.0,100.0,10000.0,10000.0,10000.0,0,0,0,50.0,0.0,0.0,0,0
89800,41.0,40.5,24.0,,,,,1.0,1.0,1.0,50.0,0.0,0.0,0.0,0.0,0.0,100.0,100.0,100.0,10000.0,10000.0,10000.0,0,0,0,50.0,0.0,0.0,0,0
90000,41.0,40.5,24.0,,,,,1.0,1.0,1.0,50.0,0.0,0.0,0.0,0.0,0.0,100.0,100.0,100.0,10000.0,10000.0,10000.0,0,0,0,50.0,0.0,0.0,0,0
90200,41.0,40.5,24.0,,,,,1.0,1.0,1.0,50.0,0.0,0.0,0.0,0.0,0.0,100.0,100.0,100.0,10000.0,10000.0,10000.0,0,0,0,50.0,0.0,0.0,0,0
90400,41.0,40.5,24.0,,,,,1.0,1.0,1.0,50.0,0.0,0.0,0.0,0.0,0.0,100.0,100.0,100.0,10000.0,10000.0,10000.0,0,0,0,50.0,0.0,0.0,0,0
90600,41.0,40.5,24.0,,,,,1.0,1.0,1.0,50.0,0.0,0.0,0.0,0.0,0.0,100.0,100.0,100.0,10000.0,10000.0,10000.0,0,0,0,50.0,0.0,0.0,0,0
90800,41.0,40.5,24.0,,,,,1.0,1.0,1.0,50.0,0.0,0.0,0.0,0.0,0.0,100.0,100.0,100.0,10000.0,10000.0,10000.0,0,0,0,50.0,0.0,0.0,0,0
91000,41.0,40.5,24.0,,,,,1.0,1.0,1.0,50.0,0.0,0.0,0.0,0.0,0.0,100.0,100.0,100.0,10000.0,10000.0,10000.0,0,0,0,50.0,0.0,0.0,0,0
91200,41.0,40.5,24.0,,,,,1.0,1.0,1.0,50.0,0.0,0.0,0.0,0.0,0.0,100.0,100.0,100.0,10000.0,10000.0,10000.0,0,0,0,50.0,0.0,0.0,0,0
91400,41.0,41.0,24.0,,,,,1.0,1.0,1.0,50.0,0.0,0.0,0.0,0.0,0.0,100.0,100.0,100.0,10000.0,10000.0,10000.0,0,0,0,50.0,0.0,0.0,0,0
91600,41.5,41.0,24.0,,,,,1.0,1.0,1.0,50.0,0.0,0.0,0.0,0.0,0.0,100.0,100.0,100.0,10000.0,10000.0,10000.0,0,0,0,50.0,0.0,0.0,0,0
91800,41.5,41.0,24.0,,,,,1.0,1.0,1.0,50.0,0.0,0.0,0.0,0.0,0.0,100.0,100.0,100.0,10000.0,10000.0,10000.0,0,0,0,50.0,0.0,0.0,0,0
92000,41.5,41.0,24.0,,,,,1.0,1.0,1.0,50.0,0.0,0.0,0.0,0.0,0.0,100.0,100.0,100.0,10000.0,10000.0,10000.0,0,0,0,50.0,0.0,0.0,0,0
92200,41.5,41.0,24.0,,,,,1.0,1.0,1.0,50.0,0.0,0.0,0.0,0.0,0.0,100.0,100.0,100.0,10000.0,10000.0,10000.0,0,0,0,50.0,0.0,0.0,0,0
92400,41.5,41.0,24.0,,,,,1.0,1.0,1.0,50.0,0.0,0.0,0.0,0.0,0.0,100.0,100.0,100.0,10000.0,10000.0,10000.0,0,0,0,50.0,0.0,0.0,0,0
92600,41.5,41.0,24.0,,,,,1.0,1.0,1.0,50.0,0.0,0.0,0.0,0.0,0.0,100.0,100.0,100.0,10000.0,10000.0,10000.0,0,0,0,50.0,0.0,0.0,0,0
92800,41.5,41.0,24.0,,,,,1.0,1.0,1.0,50.0,0.0,0.0,0.0,0.0,0.0,100.0,100.0,100.0,10000.0,10000.0,10000.0,0,0,0,50.0,0.0,0.0,0,0
93000,41.5,41.0,24.0,,,,,1.0,1.0,1.0,50.0,0.0,0.0,0.0,0.0,0.0,100.0,100.0,100.0,10000.0,10000.0,10000.0,0,0,0,50.0,0.0,0.0,0,0
93200,41.5,41.0,24.0,,,,,1.0,1.0,1.0,50.0,0.0,0.0,0.0,0.0,0.0,100.0,100.0,100.0,10000.0,10000.0,10000.0,0,0,0,50.0,0.0,0.0,0,0
93400,41.5,41.0,24.0,,,,,1.0,1.0,1.0,50.0,0.0,0.0,0.0,0.0,0.0,100.0,100.0,100.0,10000.0,10000.0,10000.0,0,0,0,50.0,0.0,0.0,0,0
93600,41.5,41.0,24.0,,,,,1.0,1.0,1.0,50.0,0.0,0.0,0.0,0.0,0.0,100.0,100.0,100.0,10000.0,10000.0,10000.0,0,0,0,50.0,0.0,0.0,0,0
93800,41.5,41.0,24.0,,,,,1.0,1.0,1.0,50.0,0.0,0.0,0.0,0.0,0.0,100.0,100.0,100.0,10000.0,10000.0,10000.0,0,0,0,50.0,0.0,0.0,0,0
94000,41.5,41.0,24.0,,,,,1.0,1.0,1.0,50.0,0.0,0.0,0.0,0.0,0.0,100.0,100.0,100.0,10000.0,10000.0,10000.0,0,0,0,50.0,0.0,0.0,0,0
94200,41.5,41.0,24.0,,,,,1.0,1.0,1.0,50.0,0.0,0.0,0.0,0.0,0.0,100.0,100.0,100.0,10000.0,10000.0,10000.0,0,0,0,50.0,0.0,0.0,0,0
94400,41.5,41.0,24.0,,,,,1.0,1.0,1.0,50.0,0.0,0.0,0.0,0.0,0.0,100.0,100.0,100.0,10000.0,10000.0,10000.0,0,0,0,50.0,0.0,0.0,0,0
94600,41.5,41.5,24.0,,,,,1.0,1.0,1.0,50.0,0.0,0.0,0.0,0.0,0.0,100.0,100.0,100.0,10000.0,10000.0,10000.0,0,0,0,50.0,0.0,0.0,0,0
94800,41.5,41.5,24.0,,,,,1.0,1.0,1.0,50.0,0.0,0.0,0.0,0.0,0.0,100.0,100.0,100.0,10000.0,10000.0,10000.0,0,0,0,50.0,0.0,0.0,0,0
95000,42.0,41.5,24.0,,,,,1.0,1.0,1.0,50.0,0.0,0.0,0.0,0.0,0.0,100.0,100.0,100.0,10000.0,10000.0,10000.0,0,0,0,50.0,0.0,0.0,0,0
95200,42.0,41.5,24.0,,,,,1.0,1.0,1.0,50.0,0.0,0.0,0.0,0.0,0.0,100.0,100.0,100.0,10000.0,10000.0,10000.0,0,0,0,50.0,0.0,0.0,0,0
95400,42.0,41.5,24.0,,,,,1.0,1.0,1.0,50.0,0.0,0.0,0.0,0.0,0.0,100.0,100.0,100.0,10000.0,10000.0,10000.0,0,0,0,50.0,0.0,0.0,0,0
95600,42.0,41.5,24.0,,,,,1.0,1.0,1.0,50.0,0.0,0.0,0.0,0.0,0.0,100.0,100.0,100.0,10000.0,10000.0,10000.0,0,0,0,50.0,0.0,0.0,0,0
95800,42.0,41.5,24.0,,,,,1.0,1.0,1.0,50.0,0.0,0.0,0.0,0.0,0.0,100.0,100.0,100.0,10000.0,10000.0,10000.0,0,0,0,50.0,0.0,0.0,0,0
96000,42.0,41.5,24.0,,,,,1.0,1.0,1.0,50.0,0.0,0.0,0.0,0.0,0.0,100.0,100.0,100.0,10000.0,10000.0,10000.0,0,0,0,50.0,0.0,0.0,0,0
96200,42.0,41.5,24.0,,,,,1.0,1.0,1.0,50.0,0.0,0.0,0.0,0.0,0.0,100.0,100.0,100.0,10000.0,10000.0,10000.0,0,0,0,50.0,0.0,0.0,0,0
96400,42.0,41.5,24.0,,,,,1.0,1.0,1.0,50.0,0.0,0.0,0.0,0.0,0.0,100.0,100.0,100.0,10000.0,10000.0,10000.0,0,0,0,50.0,0.0,0.0,0,0
96600,42.0,41.5,24.0,,,,,1.0,1.0,1.0,50.0,0.0,0.0,0.0,0.0,0.0,100.0,100.0,100.0,10000.0,10000.0,10000.0,0,0,0,50.0,0.0,0.0,0,0
96800,42.0,41.5,24.0,,,,,1.0,1.0,1.0,50.0,0.0,0.0,0.0,0.0,0.0,100.0,100.0,100.0,10000.0,10000.0,10000.0,0,0,0,50.0,0.0,0.0,0,0
97000,42.0,41.5,24.0,,,,,1.0,1.0,1.0,50.0,0.0,0.0,0.0,0.0,0.0,100.0,100.0,100.0,10000.0,10000.0,10000.0,0,0,0,50.0,0.0,0.0,0,0
97200,42.0,41.5,24.0,,,,,1.0,1.0,1.0,50.0,0.0,0.0,0.0,0.0,0.0,100.0,100.0,100.0,10000.0,10000.0,10000.0,0,0,0,50.0,0.0,0.0,0,0
97400,42.0,41.5,24.0,,,,,1.0,1.0,1.0,50.0,0.0,0.0,0.0,0.0,0.0,100.0,100.0,100.0,10000.0,10000.0,10000.0,0,0,0,50.0,0.0,0.0,0,0
97600,42.0,41.5,24.0,,,,,1.0,1.0,1.0,50.0,0.0,0.0,0.0,0.0,0.0,100.0,100.0,100.0,10000.0,10000.0,10000.0,0,0,0,50.0,0.0,0.0,0,0
97800,42.0,41.5,24.0,,,,,1.0,1.0,1.0,50.0,0.0,0.0,0.0,0.0,0.0,100.0,100.0,100.0,10000.0,10000.0,10000.0,0,0,0,50.0,0.0,0.0,0,0
98000,42.5,42.0,24.0,,,,,1.0,1.0,1.0,50.0,0.0,0.0,0.0,0.0,0.0,100.0,100.0,100.0,10000.0,10000.0,10000.0,0,0,0,50.0,0.0,0.0,0,0
98200,42.5,42.0,24.0,,,,,1.0,1.0,1.0,50.0,0.0,0.0,0.0,0.0,0.0,100.0,100.0,100.0,10000.0,10000.0,10000.0,0,0,0,50.0,0.0,0.0,0,0
98400,42.5,42.0,24.0,,,,,1.0,1.0,1.0,50.0,0.0,0.0,0.0,0.0,0.0,100.0,100.0,100.0,10000.0,10000.0,10000.0,0,0,0,50.0,0.0,0.0,0,0
98600,42.5,42.0,24.0,,,,,1.0,1.0,1.0,50.0,0.0,0.0,0.0,0.0,0.0,100.0,100.0,100.0,10000.0,10000.0,10000.0,0,0,0,50.0,0.0,0.0,0,0
98800,42.5,42.0,24.0,,,,,1.0,1.0,1.0,50.0,0.0,0.0,0.0,0.0,0.0,100.0,100.0,100.0,10000.0,10000.0,10000.0,0,0,0,50.0,0.0,0.0,0,0
99000,42.5,42.0,24.0,,,,,1.0,1.0,1.0,50.0,0.0,0.0,0.0,0.0,0.0,100.0,100.0,100.0,10000.0,10000.0,10000.0,0,0,0,50.0,0.0,0.0,0,0
99200,42.5,42.0,24.0,,,,,1.0,1.0,1.0,50.0,0.0,0.0,0.0,0.0,0.0,100.0,100.0,100.0,10000.0,10000.0,10000.0,0,0,0,50.0,0.0,0.0,0,0
99400,42.5,42.0,24.0,,,,,1.0,1.0,1.0,50.0,0.0,0.0,0.0,0.0,0.0,100.0,100.0,100.0,10000.0,10000.0,10000.0,0,0,0,50.0,0.0,0.0,0,0
99600,42.5,42.0,24.0,,,,,1.0,1.0,1.0,50.0,0.0,0.0,0.0,0.0,0.0,100.0,100.0,100.0,10000.0,10000.0,10000.0,0,0,0,50.0,0.0,0.0,0,0
99800,42.5,42.0,24.0,,,,,1.0,1.0,1.0,50.0,0.0,0.0,0.0,0.0,0.0,100.0,100.0,100.0,10000.0,10000.0,10000.0,0,0,0,50.0,0.0,0.0,0,0
100000,42.5,42.0,24.0,,,,,1.0,1.0,1.0,50.0,0.0,0.0,0.0,0.0,0.0,100.0,100.0,100.0,10000.0,10000.0,10000.0,0,0,0,50.0,0.0,0.0,0,0
100200,42.5,42.0,24.0,,,,,1.0,1.0,1.0,50.0,0.0,0.0,0.0,0.0,0.0,100.0,100.0,100.0,10000.0,10000.0,10000.0,0,0,0,50.0,0.0,0.0,0,0
100400,42.5,42.0,24.0,,,,,1.0,1.0,1.0,50.0,0.0,0.0,0.0,0.0,0.0,100.0,100.0,100.0,10000.0,10000.0,10000.0,0,0,0,50.0,0.0,0.0,0,0
100600,42.5,42.0,24.0,,,,,1.0,1.0,1.0,50.0,0.0,0.0,0.0,0.0,0.0,100.0,100.0,100.0,10000.0,10000.0,10000.0,0,0,0,50.0,0.0,0.0,0,0
100800,42.5,42.0,24.0,,,,,1.0,1.0,1.0,50.0,0.0,0.0,0.0,0.0,0.0,100.0,100.0,100.0,10000.0,10000.0,10000.0,0,0,0,50.0,0.0,0.0,0,0
101000,43.0,42.5,24.0,,,,,1.0,1.0,1.0,50.0,0.0,0.0,0.0,0.0,0.0,100.0,100.0,100.0,10000.0,10000.0,10000.0,0,0,0,50.0,0.0,0.0,0,0
101200,43.0,42.5,24.0,,,,,1.0,1.0,1.0,50.0,0.0,0.0,0.0,0.0,0.0,100.0,100.0,100.0,10000.0,10000.0,10000.0,0,0,0,50.0,0.0,0.0,0,0
101400,43.0,42.5,24.0,,,,,1.0,1.0,1.0,50.0,0.0,0.0,0.0,0.0,0.0,100.0,100.0,100.0,10000.0,10000.0,10000.0,0,0,0,50.0,0.0,0.0,0,0
101600,43.0,42.5,24.0,,,,,1.0,1.0,1.0,50.0,0.0,0.0,0.0,0.0,0.0,100.0,100.0,100.0,10000.0,10000.0,10000.0,0,0,0,50.0,0.0,0.0,0,0
101800,43.0,42.5,24.0,,,,,1.0,1.0,1.0,50.0,0.0,0.0,0.0,0.0,0.0,100.0,100.0,100.0,10000.0,10000.0,10000.0,0,0,0,50.0,0.0,0.0,0,0
102000,43.0,42.5,24.0,,,,,1.0,1.0,1.0,50.0,0.0,0.0,0.0,0.0,0.0,100.0,100.0,100.0,10000.0,10000.0,10000.0,0,0,0,50.0,0.0,0.0,0,0
102200,43.0,42.5,24.0,,,,,1.0,1.0,1.0,50.0,0.0,0.0,0.0,0.0,0.0,100.0,100.0,100.0,10000.0,10000.0,10000.0,0,0,0,50.0,0.0,0.0,0,0
102400,43.0,42.5,24.0,,,,,1.0,1.0,1.0,50.0,0.0,0.0,0.0,0.0,0.0,100.0,100.0,100.0,10000.0,10000.0,10000.0,0,0,0,50.0,0.0,0.0,0,0
102600,43.0,42.5,24.0,,,,,1.0,1.0,1.0,50.0,0.0,0.0,0.0,0.0,0.0,100.0,100.0,100.0,10000.0,10000.0,10000.0,0,0,0,50.0,0.0,0.0,0,0
102800,43.0,42.5,24.0,,,,,1.0,1.0,1.0,50.0,0.0,0.0,0.0,0.0,0.0,100.0,100.0,100.0,10000.0,10000.0,10000.0,0,0,0,50.0,0.0,0.0,0,0
103000,43.0,42.5,24.0,,,,,1.0,1.0,1.0,50.0,0.0,0.0,0.0,0.0,0.0,100.0,100.0,100.0,10000.0,10000.0,10000.0,0,0,0,50.0,0.0,0.0,0,0
103200,43.0,42.5,24.0,,,,,1.0,1.0,1.0,50.0,0.0,0.0,0.0,0.0,0.0,100.0,100.0,100.0,10000.0,10000.0,10000.0,0,0,0,50.0,0.0,0.0,0,0
103400,43.0,42.5,24.0,,,,,1.0,1.0,1.0,50.0,0.0,0.0,0.0,0.0,0.0,100.0,100.0,100.0,10000.0,10000.0,10000.0,0,0,0,50.0,0.0,0.0,0,0
103600,43.0,42.5,24.0,,,,,1.0,1.0,1.0,50.0,0.0,0.0,0.0,0.0,0.0,100.0,100.0,100.0,10000.0,10000.0,10000.0,0,0,0,50.0,0.0,0.0,0,0
103800,43.0,42.5,24.0,,,,,1.0,1.0,1.0,50.0,0.0,0.0,0.0,0.0,0.0,100.0,100.0,100.0,10000.0,10000.0,10000.0,0,0,0,50.0,0.0,0.0,0,0
104000,43.0,43.0,24.0,,,,,1.0,1.0,1.0,50.0,0.0,0.0,0.0,0.0,0.0,100.0,100.0,100.0,10000.0,10000.0,10000.0,0,0,0,50.0,0.0,0.0,0,0
104200,43.0,43.0,24.0,,,,,1.0,1.0,1.0,50.0,0.0,0.0,0.0,0.0,0.0,100.0,100.0,100.0,10000.0,10000.0,10000.0,0,0,0,50.0,0.0,0.0,0,0
104400,43.0,43.0,24.0,,,,,1.0,1.0,1.0,50.0,0.0,0.0,0.0,0.0,0.0,100.0,100.0,100.0,10000.0,10000.0,10000.0,0,0,0,50.0,0.0,0.0,0,0
104600,43.5,43.0,24.0,,,,,1.0,1.0,1.0,50.0,0.0,0.0,0.0,0.0,0.0,100.0,100.0,100.0,10000.0,10000.0,10000.0,0,0,0,50.0,0.0,0.0,0,0
104800,43.5,43.0,24.0,,,,,1.0,1.0,1.0,50.0,0.0,0.0,0.0,0.0,0.0,100.0,100.0,100.0,10000.0,10000.0,10000.0,0,0,0,50.0,0.0,0.0,0,0
105000,43.5,43.0,24.0,,,,,1.0,1.0,1.0,50.0,0.0,0.0,0.0,0.0,0.0,100.0,100.0,100.0,10000.0,10000.0,10000.0,0,0,0,50.0,0.0,0.0,0,0
105200,43.5,43.0,24.0,,,,,1.0,1.0,1.0,50.0,0.0,0.0,0.0,0.0,0.0,100.0,100.0,100.0,10000.0,10000.0,10000.0,0,0,0,50.0,0.0,0.0,0,0
105400,43.5,43.0,24.0,,,,,1.0,1.0,1.0,50.0,0.0,0.0,0.0,0.0,0.0,100.0,100.0,100.0,10000.0,10000.0,10000.0,0,0,0,50.0,0.0,0.0,0,0
105600,43.5,43.0,24.0,,,,,1.0,1.0,1.0,50.0,0.0,0.0,0.0,0.0,0.0,100.0,100.0,100.0,10000.0,10000.0,10000.0,0,0,0,50.0,0.0,0.0,0,0
105800,43.5,43.0,24.0,,,,,1.0,1.0,1.0,50.0,0.0,0.0,0.0,0.0,0.0,100.0,100.0,100.0,10000.0,10000.0,10000.0,0,0,0,50.0,0.0,0.0,0,0
106000,43.5,43.0,24.0,,,,,1.0,1.0,1.0,50.0,0.0,0.0,0.0,0.0,0.0,100.0,100.0,100.0,10000.0,10000.0,10000.0,0,0,0,50.0,0.0,0.0,0,0
106200,43.5,43.0,24.0,,,,,1.0,1.0,1.0,50.0,0.0,0.0,0.0,0.0,0.0,100.0,100.0,100.0,10000.0,10000.0,10000.0,0,0,0,50.0,0.0,0.0,0,0
106400,43.5,43.0,24.0,,,,,1.0,1.0,1.0,50.0,0.0,0.0,0.0,0.0,0.0,100.0,100.0,100.0,10000.0,10000.0,10000.0,0,0,0,50.0,0.0,0.0,0,0
106600,43.5,43.0,24.0,,,,,1.0,1.0,1.0,50.0,0.0,0.0,0.0,0.0,0.0,100.0,100.0,100.0,10000.0,10000.0,10000.0,0,0,0,50.0,0.0,0.0,0,0
106800,43.5,43.0,24.0,,,,,1.0,1.0,1.0,50.0,0.0,0.0,0.0,0.0,0.0,100.0,100.0,100.0,10000.0,10000.0,10000.0,0,0,0,50.0,0.0,0.0,0,0
107000,43.5,43.0,24.0,,,,,1.0,1.0,1.0,50.0,0.0,0.0,0.0,0.0,0.0,100.0,100.0,100.0,10000.0,10000.0,10000.0,0,0,0,50.0,0.0,0.0,0,0
107200,43.5,43.0,24.0,,,,,1.0,1.0,1.0,50.0,0.0,0.0,0.0,0.0,0.0,100.0,100.0,100.0,10000.0,10000.0,10000.0,0,0,0,50.0,0.0,0.0,0,0
107400,43.5,43.0,24.0,,,,,1.0,1.0,1.0,50.0,0.0,0.0,0.0,0.0,0.0,100.0,100.0,100.0,10000.0,10000.0,10000.0,0,0,0,50.0,0.0,0.0,0,0
107600,43.5,43.5,24.0,,,,,1.0,1.0,1.0,50.0,0.0,0.0,0.0,0.0,0.0,100.0,100.0,100.0,10000.0,10000.0,10000.0,0,0,0,50.0,0.0,0.0,0,0
107800,43.5,43.5,24.0,,,,,1.0,1.0,1.0,50.0,0.0,0.0,0.0,0.0,0.0,100.0,100.0,100.0,10000.0,10000.0,10000.0,0,0,0,50.0,0.0,0.0,0,0
108000,44.0,43.5,24.0,,,,,1.0,1.0,1.0,50.0,0.0,0.0,0.0,0.0,0.0,100.0,100.0,100.0,10000.0,10000.0,10000.0,0,0,0,50.0,0.0,0.0,0,0
108200,44.0,43.5,24.0,,,,,1.0,1.0,1.0,50.0,0.0,0.0,0.0,0.0,0.0,100.0,100.0,100.0,10000.0,10000.0,10000.0,0,0,0,50.0,0.0,0.0,0,0
108400,44.0,43.5,24.0,,,,,1.0,1.0,1.0,50.0,0.0,0.0,0.0,0.0,0.0,100.0,100.0,100.0,10000.0,10000.0,10000.0,0,0,0,50.0,0.0,0.0,0,0
108600,44.0,43.5,24.0,,,,,1.0,1.0,1.0,50.0,0.0,0.0,0.0,0.0,0.0,100.0,100.0,100.0,10000.0,10000.0,10000.0,0,0,0,50.0,0.0,0.0,0,0
108800,44.0,43.5,24.0,,,,,1.0,1.0,1.0,50.0,0.0,0.0,0.0,0.0,0.0,100.0,100.0,100.0,10000.0,10000.0,10000.0,0,0,0,50.0,0.0,0.0,0,0
109000,44.0,43.5,24.0,,,,,1.0,1.0,1.0,50.0,0.0,0.0,0.0,0.0,0.0,100.0,100.0,100.0,10000.0,10000.0,10000.0,0,0,0,50.0,0.0,0.0,0,0
109200,44.0,43.5,24.0,,,,,1.0,1.0,1.0,50.0,0.0,0.0,0.0,0.0,0.0,100.0,100.0,100.0,10000.0,10000.0,10000.0,0,0,0,50.0,0.0,0.0,0,0
109400,44.0,43.5,24.0,,,,,1.0,1.0,1.0,50.0,0.0,0.0,0.0,0.0,0.0,100.0,100.0,100.0,10000.0,10000.0,10000.0,0,0,0,50.0,0.0,0.0,0,0
109600,44.0,43.5,24.0,,,,,1.0,1.0,1.0,50.0,0.0,0.0,0.0,0.0,0.0,100.0,100.0,100.0,10000.0,10000.0,10000.0,0,0,0,50.0,0.0,0.0,0,0
109800,44.0,43.5,24.0,,,,,1.0,1.0,1.0,50.0,0.0,0.0,0.0,0.0,0.0,100.0,100.0,100.0,10000.0,10000.0,10000.0,0,0,0,50.0,0.0,0.0,0,0
110000,44.0,43.5,24.0,,,,,1.0,1.0,1.0,50.0,0.0,0.0,0.0,0.0,0.0,100.0,100.0,100.0,10000.0,10000.0,10000.0,0,0,0,50.0,0.0,0.0,0,0
110200,44.0,43.5,24.0,,,,,1.0,1.0,1.0,50.0,0.0,0.0,0.0,0.0,0.0,100.0,100.0,100.0,10000.0,10000.0,10000.0,0,0,0,50.0,0.0,0.0,0,0
110400,44.0,43.5,24.0,,,,,1.0,1.0,1.0,50.0,0.0,0.0,0.0,0.0,0.0,100.0,100.0,100.0,10000.0,10000.0,10000.0,0,0,0,50.0,0.0,0.0,0,0
110600,44.0,44.0,24.0,,,,,1.0,1.0,1.0,50.0,0.0,0.0,0.0,0.0,0.0,100.0,100.0,100.0,10000.0,10000.0,10000.0,0,0,0,50.0,0.0,0.0,0,0
110800,44.0,44.0,24.0,,,,,1.0,1.0,1.0,50.0,0.0,0.0,0.0,0.0,0.0,100.0,100.0,100.0,10000.0,10000.0,10000.0,0,0,0,50.0,0.0,0.0,0,0
111000,44.0,44.0,24.0,,,,,1.0,1.0,1.0,50.0,0.0,0.0,0.0,0.0,0.0,100.0,100.0,100.0,10000.0,10000.0,10000.0,0,0,0,50.0,0.0,0.0,0,0
111200,44.0,44.0,24.0,,,,,1.0,1.0,1.0,50.0,0.0,0.0,0.0,0.0,0.0,100.0,100.0,100.0,10000.0,10000.0,10000.0,0,0,0,50.0,0.0,0.0,0,0
111400,44.0,44.0,24.0,,,,,1.0,1.0,1.0,50.0,0.0,0.0,0.0,0.0,0.0,100.0,100.0,100.0,10000.0,10000.0,10000.0,0,0,0,50.0,0.0,0.0,0,0
111600,44.0,44.0,24.0,,,,,1.0,1.0,1.0,50.0,0.0,0.0,0.0,0.0,0.0,100.0,100.0,100.0,10000.0,10000.0,10000.0,0,0,0,50.0,0.0,0.0,0,0
111800,44.0,44.0,24.0,,,,,1.0,1.0,1.0,50.0,0.0,0.0,0.0,0.0,0.0,100.0,100.0,100.0,10000.0,10000.0,10000.0,0,0,0,50.0,0.0,0.0,0,0
112000,44.5,44.0,24.0,,,,,1.0,1.0,1.0,50.0,0.0,0.0,0.0,0.0,0.0,100.0,100.0,100.0,10000.0,10000.0,10000.0,0,0,0,50.0,0.0,0.0,0,0
112200,44.5,44.0,24.0,,,,,1.0,1.0,1.0,50.0,0.0,0.0,0.0,0.0,0.0,100.0,100.0,100.0,10000.0,10000.0,10000.0,0,0,0,50.0,0.0,0.0,0,0
112400,44.5,44.0,24.0,,,,,1.0,1.0,1.0,50.0,0.0,0.0,0.0,0.0,0.0,100.0,100.0,100.0,10000.0,10000.0,10000.0,0,0,0,50.0,0.0,0.0,0,0
112600,44.5,44.0,24.0,,,,,1.0,1.0,1.0,50.0,0.0,0.0,0.0,0.0,0.0,100.0,100.0,100.0,10000.0,10000.0,10000.0,0,0,0,50.0,0.0,0.0,0,0
112800,44.5,44.0,24.0,,,,,1.0,1.0,1.0,50.0,0.0,0.0,0.0,0.0,0.0,100.0,100.0,100.0,10000.0,10000.0,10000.0,0,0,0,50.0,0.0,0.0,0,0
113000,44.5,44.0,24.0,,,,,1.0,1.0,1.0,50.0,0.0,0.0,0.0,0.0,0.0,100.0,100.0,100.0,10000.0,10000.0,10000.0,0,0,0,50.0,0.0,0.0,0,0
113200,44.5,44.0,24.0,,,,,1.0,1.0,1.0,50.0,0.0,0.0,0.0,0.0,0.0,100.0,100.0,100.0,10000.0,10000.0,10000.0,0,0,0,50.0,0.0,0.0,0,0
113400,44.5,44.0,24.0,,,,,1.0,1.0,1.0,50.0,0.0,0.0,0.0,0.0,0.0,100.0,100.0,100.0,10000.0,10000.0,10000.0,0,0,0,50.0,0.0,0.0,0,0
113600,44.5,44.0,24.0,,,,,1.0,1.0,1.0,50.0,0.0,0.0,0.0,0.0,0.0,100.0,100.0,100.0,10000.0,10000.0,10000.0,0,0,0,50.0,0.0,0.0,0,0
113800,44.5,44.0,24.0,,,,,1.0,1.0,1.0,50.0,0.0,0.0,0.0,0.0,0.0,100.0,100.0,100.0,10000.0,10000.0,10000.0,0,0,0,50.0,0.0,0.0,0,0
114000,44.5,44.0,24.0,,,,,1.0,1.0,1.0,50.0,0.0,0.0,0.0,0.0,0.0,100.0,100.0,100.0,10000.0,10000.0,10000.0,0,0,0,50.0,0.0,0.0,0,0
114200,44.5,44.0,24.0,,,,,1.0,1.0,1.0,50.0,0.0,0.0,0.0,0.0,0.0,100.0,100.0,100.0,10000.0,10000.0,10000.0,0,0,0,50.0,0.0,0.0,0,0
114400,44.5,44.0,24.0,,,,,1.0,1.0,1.0,50.0,0.0,0.0,0.0,0.0,0.0,100.0,100.0,100.0,10000.0,10000.0,10000.0,0,0,0,50.0,0.0,0.0,0,0
114600,44.5,44.5,24.0,,,,,1.0,1.0,1.0,50.0,0.0,0.0,0.0,0.0,0.0,100.0,100.0,100.0,10000.0,10000.0,10000.0,0,0,0,50.0,0.0,0.0,0,0
114800,44.5,44.5,24.0,,,,,1.0,1.0,1.0,50.0,0.0,0.0,0.0,0.0,0.0,100.0,100.0,100.0,10000.0,10000.0,10000.0,0,0,0,50.0,0.0,0.0,0,0
115000,44.5,44.5,24.0,,,,,1.0,1.0,1.0,50.0,0.0,0.0,0.0,0.0,0.0,100.0,100.0,100.0,10000.0,10000.0,10000.0,0,0,0,50.0,0.0,0.0,0,0
115200,44.5,44.5,24.0,,,,,1.0,1.0,1.0,50.0,0.0,0.0,0.0,0.0,0.0,100.0,100.0,100.0,10000.0,10000.0,10000.0,0,0,0,50.0,0.0,0.0,0,0
115400,44.5,44.5,24.0,,,,,1.0,1.0,1.0,50.0,0.0,0.0,0.0,0.0,0.0,100.0,100.0,100.0,10000.0,10000.0,10000.0,0,0,0,50.0,0.0,0.0,0,0
115600,45.0,44.5,24.0,,,,,1.0,1.0,1.0,50.0,0.0,0.0,0.0,0.0,0.0,100.0,100.0,100.0,10000.0,10000.0,10000.0,0,0,0,50.0,0.0,0.0,0,0
115800,45.0,44.5,24.0,,,,,1.0,1.0,1.0,50.0,0.0,0.0,0.0,0.0,0.0,100.0,100.0,100.0,10000.0,10000.0,10000.0,0,0,0,50.0,0.0,0.0,0,0
116000,45.0,44.5,24.0,,,,,1.0,1.0,1.0,50.0,0.0,0.0,0.0,0.0,0.0,100.0,100.0,100.0,10000.0,10000.0,10000.0,0,0,0,50.0,0.0,0.0,0,0
116200,45.0,44.5,24.0,,,,,1.0,1.0,1.0,50.0,0.0,0.0,0.0,0.0,0.0,100.0,100.0,100.0,10000.0,10000.0,10000.0,0,0,0,50.0,0.0,0.0,0,0
116400,45.0,44.5,24.0,,,,,1.0,1.0,1.0,50.0,0.0,0.0,0.0,0.0,0.0,100.0,100.0,100.0,10000.0,10000.0,10000.0,0,0,0,50.0,0.0,0.0,0,0
116600,45.0,44.5,24.0,,,,,1.0,1.0,1.0,50.0,0.0,0.0,0.0,0.0,0.0,100.0,100.0,100.0,10000.0,10000.0,10000.0,0,0,0,50.0,0.0,0.0,0,0
116800,45.0,44.5,24.0,,,,,1.0,1.0,1.0,50.0,0.0,0.0,0.0,0.0,0.0,100.0,100.0,100.0,10000.0,10000.0,10000.0,0,0,0,50.0,0.0,0.0,0,0
117000,45.0,44.5,24.5,,,,,1.0,1.0,1.0,50.0,0.0,0.0,0.0,0.0,0.0,100.0,100.0,100.0,10000.0,10000.0,10000.0,0,0,0,50.0,0.0,0.0,0,0
117200,45.0,44.5,24.5,,,,,1.0,1.0,1.0,50.0,0.0,0.0,0.0,0.0,0.0,100.0,100.0,100.0,10000.0,10000.0,10000.0,0,0,0,50.0,0.0,0.0,0,0
117400,45.0,44.5,24.5,,,,,1.0,1.0,1.0,50.0,0.0,0.0,0.0,0.0,0.0,100.0,100.0,100.0,10000.0,10000.0,10000.0,0,0,0,50.0,0.0,0.0,0,0
117600,45.0,44.5,24.0,,,,,1.0,1.0,1.0,50.0,0.0,0.0,0.0,0.0,0.0,100.0,100.0,100.0,10000.0,10000.0,10000.0,0,0,0,50.0,0.0,0.0,0,0
117800,45.0,44.5,24.0,,,,,1.0,1.0,1.0,50.0,0.0,0.0,0.0,0.0,0.0,100.0,100.0,100.0,10000.0,10000.0,10000.0,0,0,0,50.0,0.0,0.0,0,0
118000,45.0,44.5,24.0,,,,,1.0,1.0,1.0,50.0,0.0,0.0,0.0,0.0,0.0,100.0,100.0,100.0,10000.0,10000.0,10000.0,0,0,0,50.0,0.0,0.0,0,0
118200,45.0,44.5,24.0,,,,,1.0,1.0,1.0,50.0,0.0,0.0,0.0,0.0,0.0,100.0,100.0,100.0,10000.0,10000.0,10000.0,0,0,0,50.0,0.0,0.0,0,0
118400,45.0,44.5,24.0,,,,,1.0,1.0,1.0,50.0,0.0,0.0,0.0,0.0,0.0,100.0,100.0,100.0,10000.0,10000.0,10000.0,0,0,0,50.0,0.0,0.0,0,0
118600,45.0,45.0,24.0,,,,,1.0,1.0,1.0,50.0,0.0,0.0,0.0,0.0,0.0,100.0,100.0,100.0,10000.0,10000.0,10000.0,0,0,0,50.0,0.0,0.0,0,0
118800,45.0,45.0,24.0,,,,,1.0,1.0,1.0,50.0,0.0,0.0,0.0,0.0,0.0,100.0,100.0,100.0,10000.0,10000.0,10000.0,0,0,0,50.0,0.0,0.0,0,0
119000,45.5,45.0,24.5,,,,,1.0,1.0,1.0,50.0,0.0,0.0,0.0,0.0,0.0,100.0,100.0,100.0,10000.0,10000.0,10000.0,0,0,0,50.0,0.0,0.0,0,0
119200,45.5,45.0,24.5,,,,,1.0,1.0,1.0,50.0,0.0,0.0,0.0,0.0,0.0,100.0,100.0,100.0,10000.0,10000.0,10000.0,0,0,0,50.0,0.0,0.0,0,0
119400,45.5,45.0,24.5,,,,,1.0,1.0,1.0,50.0,0.0,0.0,0.0,0.0,0.0,100.0,100.0,100.0,10000.0,10000.0,10000.0,0,0,0,50.0,0.0,0.0,0,0
119600,45.5,45.0,24.5,,,,,1.0,1.0,1.0,50.0,0.0,0.0,0.0,0.0,0.0,100.0,100.0,100.0,10000.0,10000.0,10000.0,0,0,0,50.0,0.0,0.0,0,0
119800,45.5,45.0,24.5,,,,,1.0,1.0,1.0,50.0,0.0,0.0,0.0,0.0,0.0,100.0,100.0,100.0,10000.0,10000.0,10000.0,0,0,0,50.0,0.0,0.0,0,0
120000,45.5,45.0,24.0,,,,,1.0,1.0,1.0,50.0,0.0,0.0,0.0,0.0,0.0,100.0,100.0,100.0,10000.0,10000.0,10000.0,0,0,0,50.0,0.0,0.0,0,0
120200,45.5,45.0,24.0,,,,,1.0,1.0,1.0,50.0,0.0,0.0,0.0,0.0,0.0,100.0,100.0,100.0,10000.0,10000.0,10000.0,0,0,0,50.0,0.0,0.0,0,0
120400,45.5,45.0,24.0,,,,,1.0,1.0,1.0,50.0,0.0,0.0,0.0,0.0,0.0,100.0,100.0,100.0,10000.0,10000.0,10000.0,0,0,0,50.0,0.0,0.0,0,0
120600,45.5,45.0,24.0,,,,,1.0,1.0,1.0,50.0,0.0,0.0,0.0,0.0,0.0,100.0,100.0,100.0,10000.0,10000.0,10000.0,0,0,0,50.0,0.0,0.0,0,0
120800,45.5,45.0,24.0,,,,,1.0,1.0,1.0,50.0,0.0,0.0,0.0,0.0,0.0,100.0,100.0,100.0,10000.0,10000.0,10000.0,0,0,0,50.0,0.0,0.0,0,0
121000,45.5,45.0,24.0,,,,,1.0,1.0,1.0,50.0,0.0,0.0,0.0,0.0,0.0,100.0,100.0,100.0,10000.0,10000.0,10000.0,0,0,0,50.0,0.0,0.0,0,0
121200,45.5,45.0,24.0,,,,,1.0,1.0,1.0,50.0,0.0,0.0,0.0,0.0,0.0,100.0,100.0,100.0,10000.0,10000.0,10000.0,0,0,0,50.0,0.0,0.0,0,0
121400,45.5,45.0,24.0,,,,,1.0,1.0,1.0,50.0,0.0,0.0,0.0,0.0,0.0,100.0,100.0,100.0,10000.0,10000.0,10000.0,0,0,0,50.0,0.0,0.0,0,0
121600,45.5,45.0,24.5,,,,,1.0,1.0,1.0,50.0,0.0,0.0,0.0,0.0,0.0,100.0,100.0,100.0,10000.0,10000.0,10000.0,0,0,0,50.0,0.0,0.0,0,0
121800,45.5,45.0,24.5,,,,,1.0,1.0,1.0,50.0,0.0,0.0,0.0,0.0,0.0,100.0,100.0,100.0,10000.0,10000.0,10000.0,0,0,0,50.0,0.0,0.0,0,0
122000,45.5,45.0,24.5,,,,,1.0,1.0,1.0,50.0,0.0,0.0,0.0,0.0,0.0,100.0,100.0,100.0,10000.0,10000.0,10000.0,0,0,0,50.0,0.0,0.0,0,0
122200,45.5,45.0,24.5,,,,,1.0,1.0,1.0,50.0,0.0,0.0,0.0,0.0,0.0,100.0,100.0,100.0,10000.0,10000.0,10000.0,0,0,0,50.0,0.0,0.0,0,0
122400,45.5,45.0,24.5,,,,,1.0,1.0,1.0,50.0,0.0,0.0,0.0,0.0,0.0,100.0,100.0,100.0,10000.0,10000.0,10000.0,0,0,0,50.0,0.0,0.0,0,0
122600,45.5,45.0,24.0,,,,,1.0,1.0,1.0,50.0,0.0,0.0,0.0,0.0,0.0,100.0,100.0,100.0,10000.0,10000.0,10000.0,0,0,0,50.0,0.0,0.0,0,0
122800,45.5,45.0,24.0,,,,,1.0,1.0,1.0,50.0,0.0,0.0,0.0,0.0,0.0,100.0,100.0,100.0,10000.0,10000.0,10000.0,0,0,0,50.0,0.0,0.0,0,0
123000,45.5,45.5,24.0,,,,,1.0,1.0,1.0,50.0,0.0,0.0,0.0,0.0,0.0,100.0,100.0,100.0,10000.0,10000.0,10000.0,0,0,0,50.0,0.0,0.0,0,0
123200,45.5,45.5,24.0,,,,,1.0,1.0,1.0,50.0,0.0,0.0,0.0,0.0,0.0,100.0,100.0,100.0,10000.0,10000.0,10000.0,0,0,0,50.0,0.0,0.0,0,0
123400,45.5,45.5,24.0,,,,,1.0,1.0,1.0,50.0,0.0,0.0,0.0,0.0,0.0,100.0,100.0,100.0,10000.0,10000.0,10000.0,0,0,0,50.0,0.0,0.0,0,0
123600,45.5,45.5,24.0,,,,,1.0,1.0,1.0,50.0,0.0,0.0,0.0,0.0,0.0,100.0,100.0,100.0,10000.0,10000.0,10000.0,0,0,0,50.0,0.0,0.0,0,0
123800,45.5,45.5,24.0,,,,,1.0,1.0,1.0,50.0,0.0,0.0,0.0,0.0,0.0,100.0,100.0,100.0,10000.0,10000.0,10000.0,0,0,0,50.0,0.0,0.0,0,0
124000,45.5,45.5,24.5,,,,,1.0,1.0,1.0,50.0,0.0,0.0,0.0,0.0,0.0,100.0,100.0,100.0,10000.0,10000.0,10000.0,0,0,0,50.0,0.0,0.0,0,0
124200,45.5,45.5,24.5,,,,,1.0,1.0,1.0,50.0,0.0,0.0,0.0,0.0,0.0,100.0,100.0,100.0,10000.0,10000.0,10000.0,0,0,0,50.0,0.0,0.0,0,0
124400,45.5,45.5,24.5,,,,,1.0,1.0,1.0,50.0,0.0,0.0,0.0,0.0,0.0,100.0,100.0,100.0,10000.0,10000.0,10000.0,0,0,0,50.0,0.0,0.0,0,0
124600,45.5,45.5,24.0,,,,,1.0,1.0,1.0,50.0,0.0,0.0,0.0,0.0,0.0,100.0,100.0,100.0,10000.0,10000.0,10000.0,0,0,0,50.0,0.0,0.0,0,0
124800,45.5,45.5,24.0,,,,,1.0,1.0,1.0,50.0,0.0,0.0,0.0,0.0,0.0,100.0,100.0,100.0,10000.0,10000.0,10000.0,0,0,0,50.0,0.0,0.0,0,0
125000,46.0,45.5,24.0,,,,,1.0,1.0,1.0,50.0,0.0,0.0,0.0,0.0,0.0,100.0,100.0,100.0,10000.0,10000.0,10000.0,0,0,0,50.0,0.0,0.0,0,0
125200,46.0,45.5,24.0,,,,,1.0,1.0,1.0,50.0,0.0,0.0,0.0,0.0,0.0,100.0,100.0,100.0,10000.0,10000.0,10000.0,0,0,0,50.0,0.0,0.0,0,0
125400,46.0,45.5,24.0,,,,,1.0,1.0,1.0,50.0,0.0,0.0,0.0,0.0,0.0,100.0,100.0,100.0,10000.0,10000.0,10000.0,0,0,0,50.0,0.0,0.0,0,0
125600,46.0,45.5,24.5,,,,,1.0,1.0,1.0,50.0,0.0,0.0,0.0,0.0,0.0,100.0,100.0,100.0,10000.0,10000.0,10000.0,0,0,0,50.0,0.0,0.0,0,0
125800,46.0,45.5,24.5,,,,,1.0,1.0,1.0,50.0,0.0,0.0,0.0,0.0,0.0,100.0,100.0,100.0,10000.0,10000.0,10000.0,0,0,0,50.0,0.0,0.0,0,0
126000,46.0,45.5,24.5,,,,,1.0,1.0,1.0,50.0,0.0,0.0,0.0,0.0,0.0,100.0,100.0,100.0,10000.0,10000.0,10000.0,0,0,0,50.0,0.0,0.0,0,0
126200,46.0,45.5,24.5,,,,,1.0,1.0,1.0,50.0,0.0,0.0,0.0,0.0,0.0,100.0,100.0,100.0,10000.0,10000.0,10000.0,0,0,0,50.0,0.0,0.0,0,0
126400,46.0,45.5,24.5,,,,,1.0,1.0,1.0,50.0,0.0,0.0,0.0,0.0,0.0,100.0,100.0,100.0,10000.0,10000.0,10000.0,0,0,0,50.0,0.0,0.0,0,0
126600,46.0,46.0,24.0,,,,,1.0,1.0,1.0,50.0,0.0,0.0,0.0,0.0,0.0,100.0,100.0,100.0,10000.0,10000.0,10000.0,0,0,0,50.0,0.0,0.0,0,0
126800,46.0,46.0,24.0,,,,,1.0,1.0,1.0,50.0,0.0,0.0,0.0,0.0,0.0,100.0,100.0,100.0,10000.0,10000.0,10000.0,0,0,0,50.0,0.0,0.0,0,0
127000,46.0,46.0,24.0,,,,,1.0,1.0,1.0,50.0,0.0,0.0,0.0,0.0,0.0,100.0,100.0,100.0,10000.0,10000.0,10000.0,0,0,0,50.0,0.0,0.0,0,0
127200,46.0,46.0,24.0,,,,,1.0,1.0,1.0,50.0,0.0,0.0,0.0,0.0,0.0,100.0,100.0,100.0,10000.0,10000.0,10000.0,0,0,0,50.0,0.0,0.0,0,0
127400,46.0,46.0,24.0,,,,,1.0,1.0,1.0,50.0,0.0,0.0,0.0,0.0,0.0,100.0,100.0,100.0,10000.0,10000.0,10000.0,0,0,0,50.0,0.0,0.0,0,0
127600,46.0,46.0,24.0,,,,,1.0,1.0,1.0,50.0,0.0,0.0,0.0,0.0,0.0,100.0,100.0,100.0,10000.0,10000.0,10000.0,0,0,0,50.0,0.0,0.0,0,0
127800,46.0,46.0,24.0,,,,,1.0,1.0,1.0,50.0,0.0,0.0,0.0,0.0,0.0,100.0,100.0,100.0,10000.0,10000.0,10000.0,0,0,0,50.0,0.0,0.0,0,0
128000,46.0,46.0,24.5,,,,,1.0,1.0,1.0,50.0,0.0,0.0,0.0,0.0,0.0,100.0,100.0,100.0,10000.0,10000.0,10000.0,0,0,0,50.0,0.0,0.0,0,0
128200,46.0,46.0,24.5,,,,,1.0,1.0,1.0,50.0,0.0,0.0,0.0,0.0,0.0,100.0,100.0,100.0,10000.0,10000.0,10000.0,0,0,0,50.0,0.0,0.0,0,0
128400,46.0,46.0,24.5,,,,,1.0,1.0,1.0,50.0,0.0,0.0,0.0,0.0,0.0,100.0,100.0,100.0,10000.0,10000.0,10000.0,0,0,0,50.0,0.0,0.0,0,0
128600,46.0,46.0,24.5,,,,,1.0,1.0,1.0,50.0,0.0,0.0,0.0,0.0,0.0,100.0,100.0,100.0,10000.0,10000.0,10000.0,0,0,0,50.0,0.0,0.0,0,0
128800,46.0,46.0,24.5,,,,,1.0,1.0,1.0,50.0,0.0,0.0,0.0,0.0,0.0,100.0,100.0,100.0,10000.0,10000.0,10000.0,0,0,0,50.0,0.0,0.0,0,0
129000,46.5,46.0,24.5,,,,,1.0,1.0,1.0,50.0,0.0,0.0,0.0,0.0,0.0,100.0,100.0,100.0,10000.0,10000.0,10000.0,0,0,0,50.0,0.0,0.0,0,0
129200,46.5,46.0,24.5,,,,,1.0,1.0,1.0,50.0,0.0,0.0,0.0,0.0,0.0,100.0,100.0,100.0,10000.0,10000.0,10000.0,0,0,0,50.0,0.0,0.0,0,0
129400,46.5,46.0,24.5,,,,,1.0,1.0,1.0,50.0,0.0,0.0,0.0,0.0,0.0,100.0,100.0,100.0,10000.0,10000.0,10000.0,0,0,0,50.0,0.0,0.0,0,0
129600,46.5,46.0,24.5,,,,,1.0,1.0,1.0,50.0,0.0,0.0,0.0,0.0,0.0,100.0,100.0,100.0,10000.0,10000.0,10000.0,0,0,0,50.0,0.0,0.0,0,0
129800,46.5,46.0,24.5,,,,,1.0,1.0,1.0,50.0,0.0,0.0,0.0,0.0,0.0,100.0,100.0,100.0,10000.0,10000.0,10000.0,0,0,0,50.0,0.0,0.0,0,0
130000,46.5,46.5,24.5,,,,,1.0,1.0,1.0,50.0,0.0,0.0,0.0,0.0,0.0,100.0,100.0,100.0,10000.0,10000.0,10000.0,0,0,0,50.0,0.0,0.0,0,0
130200,46.5,46.5,24.5,,,,,1.0,1.0,1.0,50.0,0.0,0.0,0.0,0.0,0.0,100.0,100.0,100.0,10000.0,10000.0,10000.0,0,0,0,50.0,0.0,0.0,0,0
130400,46.5,46.5,24.5,,,,,1.0,1.0,1.0,50.0,0.0,0.0,0.0,0.0,0.0,100.0,100.0,100.0,10000.0,10000.0,10000.0,0,0,0,50.0,0.0,0.0,0,0
130600,46.5,46.5,24.5,,,,,1.0,1.0,1.0,50.0,0.0,0.0,0.0,0.0,0.0,100.0,100.0,100.0,10000.0,10000.0,10000.0,0,0,0,50.0,0.0,0.0,0,0
130800,46.5,46.5,24.5,,,,,1.0,1.0,1.0,50.0,0.0,0.0,0.0,0.0,0.0,100.0,100.0,100.0,10000.0,10000.0,10000.0,0,0,0,50.0,0.0,0.0,0,0
131000,46.5,46.5,24.5,,,,,1.0,1.0,1.0,50.0,0.0,0.0,0.0,0.0,0.0,100.0,100.0,100.0,10000.0,10000.0,10000.0,0,0,0,50.0,0.0,0.0,0,0
131200,46.5,46.5,24.5,,,,,1.0,1.0,1.0,50.0,0.0,0.0,0.0,0.0,0.0,100.0,100.0,100.0,10000.0,10000.0,10000.0,0,0,0,50.0,0.0,0.0,0,0
131400,46.5,46.5,24.5,,,,,1.0,1.0,1.0,50.0,0.0,0.0,0.0,0.0,0.0,100.0,100.0,100.0,10000.0,10000.0,10000.0,0,0,0,50.0,0.0,0.0,0,0
131600,46.5,46.5,24.5,,,,,1.0,1.0,1.0,50.0,0.0,0.0,0.0,0.0,0.0,100.0,100.0,100.0,10000.0,10000.0,10000.0,0,0,0,50.0,0.0,0.0,0,0
131800,46.5,46.5,24.5,,,,,1.0,1.0,1.0,50.0,0.0,0.0,0.0,0.0,0.0,100.0,100.0,100.0,10000.0,10000.0,10000.0,0,0,0,50.0,0.0,0.0,0,0
132000,46.5,46.5,24.0,,,,,1.0,1.0,1.0,50.0,0.0,0.0,0.0,0.0,0.0,100.0,100.0,100.0,10000.0,10000.0,10000.0,0,0,0,50.0,0.0,0.0,0,0
132200,46.5,46.5,24.0,,,,,1.0,1.0,1.0,50.0,0.0,0.0,0.0,0.0,0.0,100.0,100.0,100.0,10000.0,10000.0,10000.0,0,0,0,50.0,0.0,0.0,0,0
132400,46.5,46.5,24.0,,,,,1.0,1.0,1.0,50.0,0.0,0.0,0.0,0.0,0.0,100.0,100.0,100.0,10000.0,10000.0,10000.0,0,0,0,50.0,0.0,0.0,0,0
132600,46.5,46.5,24.5,,,,,1.0,1.0,1.0,50.0,0.0,0.0,0.0,0.0,0.0,100.0,100.0,100.0,10000.0,10000.0,10000.0,0,0,0,50.0,0.0,0.0,0,0
132800,46.5,46.5,24.5,,,,,1.0,1.0,1.0,50.0,0.0,0.0,0.0,0.0,0.0,100.0,100.0,100.0,10000.0,10000.0,10000.0,0,0,0,50.0,0.0,0.0,0,0
133000,47.0,46.5,24.5,,,,,1.0,1.0,1.0,50.0,0.0,0.0,0.0,0.0,0.0,100.0,100.0,100.0,10000.0,10000.0,10000.0,0,0,0,50.0,0.0,0.0,0,0
133200,47.0,46.5,24.5,,,,,1.0,1.0,1.0,50.0,0.0,0.0,0.0,0.0,0.0,100.0,100.0,100.0,10000.0,10000.0,10000.0,0,0,0,50.0,0.0,0.0,0,0
133400,47.0,46.5,24.5,,,,,1.0,1.0,1.0,50.0,0.0,0.0,0.0,0.0,0.0,100.0,100.0,100.0,10000.0,10000.0,10000.0,0,0,0,50.0,0.0,0.0,0,0
133600,47.0,46.5,24.0,,,,,1.0,1.0,1.0,50.0,0.0,0.0,0.0,0.0,0.0,100.0,100.0,100.0,10000.0,10000.0,10000.0,0,0,0,50.0,0.0,0.0,0,0
133800,47.0,46.5,24.0,,,,,1.0,1.0,1.0,50.0,0.0,0.0,0.0,0.0,0.0,100.0,100.0,100.0,10000.0,10000.0,10000.0,0,0,0,50.0,0.0,0.0,0,0
134000,47.0,47.0,24.5,,,,,1.0,1.0,1.0,50.0,0.0,0.0,0.0,0.0,0.0,100.0,100.0,100.0,10000.0,10000.0,10000.0,0,0,0,50.0,0.0,0.0,0,0
134200,47.0,47.0,24.5,,,,,1.0,1.0,1.0,50.0,0.0,0.0,0.0,0.0,0.0,100.0,100.0,100.0,10000.0,10000.0,10000.0,0,0,0,50.0,0.0,0.0,0,0
134400,47.0,47.0,24.5,,,,,1.0,1.0,1.0,50.0,0.0,0.0,0.0,0.0,0.0,100.0,100.0,100.0,10000.0,10000.0,10000.0,0,0,0,50.0,0.0,0.0,0,0
134600,47.0,47.0,24.5,,,,,1.0,1.0,1.0,50.0,0.0,0.0,0.0,0.0,0.0,100.0,100.0,100.0,10000.0,10000.0,10000.0,0,0,0,50.0,0.0,0.0,0,0
134800,47.0,47.0,24.5,,,,,1.0,1.0,1.0,50.0,0.0,0.0,0.0,0.0,0.0,100.0,100.0,100.0,10000.0,10000.0,10000.0,0,0,0,50.0,0.0,0.0,0,0
135000,47.0,47.0,24.5,,,,,1.0,1.0,1.0,50.0,0.0,0.0,0.0,0.0,0.0,100.0,100.0,100.0,10000.0,10000.0,10000.0,0,0,0,50.0,0.0,0.0,0,0
135200,47.0,47.0,24.5,,,,,1.0,1.0,1.0,50.0,0.0,0.0,0.0,0.0,0.0,100.0,100.0,100.0,10000.0,10000.0,10000.0,0,0,0,50.0,0.0,0.0,0,0
135400,47.0,47.0,24.5,,,,,1.0,1.0,1.0,50.0,0.0,0.0,0.0,0.0,0.0,100.0,100.0,100.0,10000.0,10000.0,10000.0,0,0,0,50.0,0.0,0.0,0,0
135600,47.0,47.0,24.5,,,,,1.0,1.0,1.0,50.0,0.0,0.0,0.0,0.0,0.0,100.0,100.0,100.0,10000.0,10000.0,10000.0,0,0,0,50.0,0.0,0.0,0,0
135800,47.0,47.0,24.5,,,,,1.0,1.0,1.0,50.0,0.0,0.0,0.0,0.0,0.0,100.0,100.0,100.0,10000.0,10000.0,10000.0,0,0,0,50.0,0.0,0.0,0,0
136000,47.0,47.0,24.5,,,,,1.0,1.0,1.0,50.0,0.0,0.0,0.0,0.0,0.0,100.0,100.0,100.0,10000.0,10000.0,10000.0,0,0,0,50.0,0.0,0.0,0,0
136200,47.0,47.0,24.5,,,,,1.0,1.0,1.0,50.0,0.0,0.0,0.0,0.0,0.0,100.0,100.0,100.0,10000.0,10000.0,10000.0,0,0,0,50.0,0.0,0.0,0,0
136400,47.0,47.0,24.5,,,,,1.0,1.0,1.0,50.0,0.0,0.0,0.0,0.0,0.0,100.0,100.0,100.0,10000.0,10000.0,10000.0,0,0,0,50.0,0.0,0.0,0,0
136600,47.0,47.0,24.5,,,,,1.0,1.0,1.0,50.0,0.0,0.0,0.0,0.0,0.0,100.0,100.0,100.0,10000.0,10000.0,10000.0,0,0,0,50.0,0.0,0.0,0,0
136800,47.0,47.0,24.5,,,,,1.0,1.0,1.0,50.0,0.0,0.0,0.0,0.0,0.0,100.0,100.0,100.0,10000.0,10000.0,10000.0,0,0,0,50.0,0.0,0.0,0,0
137000,47.0,47.0,24.5,,,,,1.0,1.0,1.0,50.0,0.0,0.0,0.0,0.0,0.0,100.0,100.0,100.0,10000.0,10000.0,10000.0,0,0,0,50.0,0.0,0.0,0,0
137200,47.0,47.0,24.5,,,,,1.0,1.0,1.0,50.0,0.0,0.0,0.0,0.0,0.0,100.0,100.0,100.0,10000.0,10000.0,10000.0,0,0,0,50.0,0.0,0.0,0,0
137400,47.0,47.0,24.5,,,,,1.0,1.0,1.0,50.0,0.0,0.0,0.0,0.0,0.0,100.0,100.0,100.0,10000.0,10000.0,10000.0,0,0,0,50.0,0.0,0.0,0,0
137600,47.5,47.0,24.5,,,,,1.0,1.0,1.0,50.0,0.0,0.0,0.0,0.0,0.0,100.0,100.0,100.0,10000.0,10000.0,10000.0,0,0,0,50.0,0.0,0.0,0,0
137800,47.5,47.0,24.5,,,,,1.0,1.0,1.0,50.0,0.0,0.0,0.0,0.0,0.0,100.0,100.0,100.0,10000.0,10000.0,10000.0,0,0,0,50.0,0.0,0.0,0,0
138000,47.5,47.5,24.5,,,,,1.0,1.0,1.0,50.0,0.0,0.0,0.0,0.0,0.0,100.0,100.0,100.0,10000.0,10000.0,10000.0,0,0,0,50.0,0.0,0.0,0,0
138200,47.5,47.5,24.5,,,,,1.0,1.0,1.0,50.0,0.0,0.0,0.0,0.0,0.0,100.0,100.0,100.0,10000.0,10000.0,10000.0,0,0,0,50.0,0.0,0.0,0,0
138400,47.5,47.5,24.5,,,,,1.0,1.0,1.0,50.0,0.0,0.0,0.0,0.0,0.0,100.0,100.0,100.0,10000.0,10000.0,10000.0,0,0,0,50.0,0.0,0.0,0,0
138600,47.5,47.5,24.5,,,,,1.0,1.0,1.0,50.0,0.0,0.0,0.0,0.0,0.0,100.0,100.0,100.0,10000.0,10000.0,10000.0,0,0,0,50.0,0.0,0.0,0,0
138800,47.5,47.5,24.5,,,,,1.0,1.0,1.0,50.0,0.0,0.0,0.0,0.0,0.0,100.0,100.0,100.0,10000.0,10000.0,10000.0,0,0,0,50.0,0.0,0.0,0,0
139000,47.5,47.5,24.5,,,,,1.0,1.0,1.0,50.0,0.0,0.0,0.0,0.0,0.0,100.0,100.0,100.0,10000.0,10000.0,10000.0,0,0,0,50.0,0.0,0.0,0,0
139200,47.5,47.5,24.5,,,,,1.0,1.0,1.0,50.0,0.0,0.0,0.0,0.0,0.0,100.0,100.0,100.0,10000.0,10000.0,10000.0,0,0,0,50.0,0.0,0.0,0,0
139400,47.5,47.5,24.5,,,,,1.0,1.0,1.0,50.0,0.0,0.0,0.0,0.0,0.0,100.0,100.0,100.0,10000.0,10000.0,10000.0,0,0,0,50.0,0.0,0.0,0,0
139600,47.5,47.5,24.5,,,,,1.0,1.0,1.0,50.0,0.0,0.0,0.0,0.0,0.0,100.0,100.0,100.0,10000.0,10000.0,10000.0,0,0,0,50.0,0.0,0.0,0,0
139800,47.5,47.5,24.5,,,,,1.0,1.0,1.0,50.0,0.0,0.0,0.0,0.0,0.0,100.0,100.0,100.0,10000.0,10000.0,10000.0,0,0,0,50.0,0.0,0.0,0,0
140000,47.5,47.5,24.5,,,,,1.0,1.0,1.0,50.0,0.0,0.0,0.0,0.0,0.0,100.0,100.0,100.0,10000.0,10000.0,10000.0,0,0,0,50.0,0.0,0.0,0,0
140200,47.5,47.5,24.5,,,,,1.0,1.0,1.0,50.0,0.0,0.0,0.0,0.0,0.0,100.0,100.0,100.0,10000.0,10000.0,10000.0,0,0,0,50.0,0.0,0.0,0,0
140400,47.5,47.5,24.5,,,,,1.0,1.0,1.0,50.0,0.0,0.0,0.0,0.0,0.0,100.0,100.0,100.0,10000.0,10000.0,10000.0,0,0,0,50.0,0.0,0.0,0,0
140600,47.5,47.5,24.5,,,,,1.0,1.0,1.0,50.0,0.0,0.0,0.0,0.0,0.0,100.0,100.0,100.0,10000.0,10000.0,10000.0,0,0,0,50.0,0.0,0.0,0,0
140800,47.5,47.5,24.5,,,,,1.0,1.0,1.0,50.0,0.0,0.0,0.0,0.0,0.0,100.0,100.0,100.0,10000.0,10000.0,10000.0,0,0,0,50.0,0.0,0.0,0,0
141000,47.5,47.5,24.5,,,,,1.0,1.0,1.0,50.0,0.0,0.0,0.0,0.0,0.0,100.0,100.0,100.0,10000.0,10000.0,10000.0,0,0,0,50.0,0.0,0.0,0,0
141200,47.5,47.5,24.5,,,,,1.0,1.0,1.0,50.0,0.0,0.0,0.0,0.0,0.0,100.0,100.0,100.0,10000.0,10000.0,10000.0,0,0,0,50.0,0.0,0.0,0,0
141400,47.5,47.5,24.5,,,,,1.0,1.0,1.0,50.0,0.0,0.0,0.0,0.0,0.0,100.0,100.0,100.0,10000.0,10000.0,10000.0,0,0,0,50.0,0.0,0.0,0,0
141600,47.5,47.5,24.5,,,,,1.0,1.0,1.0,50.0,0.0,0.0,0.0,0.0,0.0,100.0,100.0,100.0,10000.0,10000.0,10000.0,0,0,0,50.0,0.0,0.0,0,0
141800,47.5,47.5,24.5,,,,,1.0,1.0,1.0,50.0,0.0,0.0,0.0,0.0,0.0,100.0,100.0,100.0,10000.0,10000.0,10000.0,0,0,0,50.0,0.0,0.0,0,0
142000,48.0,47.5,24.5,,,,,1.0,1.0,1.0,50.0,0.0,0.0,0.0,0.0,0.0,100.0,100.0,100.0,10000.0,10000.0,10000.0,0,0,0,50.0,0.0,0.0,0,0
142200,48.0,47.5,24.5,,,,,1.0,1.0,1.0,50.0,0.0,0.0,0.0,0.0,0.0,100.0,100.0,100.0,10000.0,10000.0,10000.0,0,0,0,50.0,0.0,0.0,0,0
142400,48.0,47.5,24.5,,,,,1.0,1.0,1.0,50.0,0.0,0.0,0.0,0.0,0.0,100.0,100.0,100.0,10000.0,10000.0,10000.0,0,0,0,50.0,0.0,0.0,0,0
142600,48.0,48.0,24.5,,,,,1.0,1.0,1.0,50.0,0.0,0.0,0.0,0.0,0.0,100.0,100.0,100.0,10000.0,10000.0,10000.0,0,0,0,50.0,0.0,0.0,0,0
142800,48.0,48.0,24.5,,,,,1.0,1.0,1.0,50.0,0.0,0.0,0.0,0.0,0.0,100.0,100.0,100.0,10000.0,10000.0,10000.0,0,0,0,50.0,0.0,0.0,0,0
143000,48.0,48.0,24.5,,,,,1.0,1.0,1.0,50.0,0.0,0.0,0.0,0.0,0.0,100.0,100.0,100.0,10000.0,10000.0,10000.0,0,0,0,50.0,0.0,0.0,0,0
143200,48.0,48.0,24.5,,,,,1.0,1.0,1.0,50.0,0.0,0.0,0.0,0.0,0.0,100.0,100.0,100.0,10000.0,10000.0,10000.0,0,0,0,50.0,0.0,0.0,0,0
143400,48.0,48.0,24.5,,,,,1.0,1.0,1.0,50.0,0.0,0.0,0.0,0.0,0.0,100.0,100.0,100.0,10000.0,10000.0,10000.0,0,0,0,50.0,0.0,0.0,0,0
143600,48.0,48.0,24.5,,,,,1.0,1.0,1.0,50.0,0.0,0.0,0.0,0.0,0.0,100.0,100.0,100.0,10000.0,10000.0,10000.0,0,0,0,50.0,0.0,0.0,0,0
143800,48.0,48.0,24.5,,,,,1.0,1.0,1.0,50.0,0.0,0.0,0.0,0.0,0.0,100.0,100.0,100.0,10000.0,10000.0,10000.0,0,0,0,50.0,0.0,0.0,0,0
144000,48.0,48.0,24.5,,,,,1.0,1.0,1.0,50.0,0.0,0.0,0.0,0.0,0.0,100.0,100.0,100.0,10000.0,10000.0,10000.0,0,0,0,50.0,0.0,0.0,0,0
144200,48.0,48.0,24.5,,,,,1.0,1.0,1.0,50.0,0.0,0.0,0.0,0.0,0.0,100.0,100.0,100.0,10000.0,10000.0,10000.0,0,0,0,50.0,0.0,0.0,0,0
144400,48.0,48.0,24.5,,,,,1.0,1.0,1.0,50.0,0.0,0.0,0.0,0.0,0.0,100.0,100.0,100.0,10000.0,10000.0,10000.0,0,0,0,50.0,0.0,0.0,0,0
144600,48.0,48.0,24.5,,,,,1.0,1.0,1.0,50.0,0.0,0.0,0.0,0.0,0.0,100.0,100.0,100.0,10000.0,10000.0,10000.0,0,0,0,50.0,0.0,0.0,0,0
144800,48.0,48.0,24.5,,,,,1.0,1.0,1.0,50.0,0.0,0.0,0.0,0.0,0.0,100.0,100.0,100.0,10000.0,10000.0,10000.0,0,0,0,50.0,0.0,0.0,0,0
145000,48.0,48.0,24.5,,,,,1.0,1.0,1.0,50.0,0.0,0.0,0.0,0.0,0.0,100.0,100.0,100.0,10000.0,10000.0,10000.0,0,0,0,50.0,0.0,0.0,0,0
145200,48.0,48.0,24.5,,,,,1.0,1.0,1.0,50.0,0.0,0.0,0.0,0.0,0.0,100.0,100.0,100.0,10000.0,10000.0,10000.0,0,0,0,50.0,0.0,0.0,0,0
145400,48.0,48.0,24.5,,,,,1.0,1.0,1.0,50.0,0.0,0.0,0.0,0.0,0.0,100.0,100.0,100.0,10000.0,10000.0,10000.0,0,0,0,50.0,0.0,0.0,0,0
145600,48.0,48.0,24.5,,,,,1.0,1.0,1.0,50.0,0.0,0.0,0.0,0.0,0.0,100.0,100.0,100.0,10000.0,10000.0,10000.0,0,0,0,50.0,0.0,0.0,0,0
145800,48.0,48.0,24.5,,,,,1.0,1.0,1.0,50.0,0.0,0.0,0.0,0.0,0.0,100.0,100.0,100.0,10000.0,10000.0,10000.0,0,0,0,50.0,0.0,0.0,0,0
146000,48.0,48.0,24.5,,,,,1.0,1.0,1.0,50.0,0.0,0.0,0.0,0.0,0.0,100.0,100.0,100.0,10000.0,10000.0,10000.0,0,0,0,50.0,0.0,0.0,0,0
146200,48.0,48.0,24.5,,,,,1.0,1.0,1.0,50.0,0.0,0.0,0.0,0.0,0.0,100.0,100.0,100.0,10000.0,10000.0,10000.0,0,0,0,50.0,0.0,0.0,0,0
146400,48.0,48.0,24.5,,,,,1.0,1.0,1.0,50.0,0.0,0.0,0.0,0.0,0.0,100.0,100.0,100.0,10000.0,10000.0,10000.0,0,0,0,50.0,0.0,0.0,0,0
146600,48.5,48.5,24.5,,,,,1.0,1.0,1.0,50.0,0.0,0.0,0.0,0.0,0.0,100.0,100.0,100.0,10000.0,10000.0,10000.0,0,0,0,50.0,0.0,0.0,0,0
146800,48.5,48.5,24.5,,,,,1.0,1.0,1.0,50.0,0.0,0.0,0.0,0.0,0.0,100.0,100.0,100.0,10000.0,10000.0,10000.0,0,0,0,50.0,0.0,0.0,0,0
147000,48.5,48.5,24.5,,,,,1.0,1.0,1.0,50.0,0.0,0.0,0.0,0.0,0.0,100.0,100.0,100.0,10000.0,10000.0,10000.0,0,0,0,50.0,0.0,0.0,0,0
147200,48.5,48.5,24.5,,,,,1.0,1.0,1.0,50.0,0.0,0.0,0.0,0.0,0.0,100.0,100.0,100.0,10000.0,10000.0,10000.0,0,0,0,50.0,0.0,0.0,0,0
147400,48.5,48.5,24.5,,,,,1.0,1.0,1.0,50.0,0.0,0.0,0.0,0.0,0.0,100.0,100.0,100.0,10000.0,10000.0,10000.0,0,0,0,50.0,0.0,0.0,0,0
147600,48.5,48.5,24.5,,,,,1.0,1.0,1.0,50.0,0.0,0.0,0.0,0.0,0.0,100.0,100.0,100.0,10000.0,10000.0,10000.0,0,0,0,50.0,0.0,0.0,0,0
147800,48.5,48.5,24.5,,,,,1.0,1.0,1.0,50.0,0.0,0.0,0.0,0.0,0.0,100.0,100.0,100.0,10000.0,10000.0,10000.0,0,0,0,50.0,0.0,0.0,0,0
148000,48.5,48.5,24.5,,,,,1.0,1.0,1.0,50.0,0.0,0.0,0.0,0.0,0.0,100.0,100.0,100.0,10000.0,10000.0,10000.0,0,0,0,50.0,0.0,0.0,0,0
148200,48.5,48.5,24.5,,,,,1.0,1.0,1.0,50.0,0.0,0.0,0.0,0.0,0.0,100.0,100.0,100.0,10000.0,10000.0,10000.0,0,0,0,50.0,0.0,0.0,0,0
148400,48.5,48.5,24.5,,,,,1.0,1.0,1.0,50.0,0.0,0.0,0.0,0.0,0.0,100.0,100.0,100.0,10000.0,10000.0,10000.0,0,0,0,50.0,0.0,0.0,0,0
148600,48.5,48.5,24.5,,,,,1.0,1.0,1.0,50.0,0.0,0.0,0.0,0.0,0.0,100.0,100.0,100.0,10000.0,10000.0,10000.0,0,0,0,50.0,0.0,0.0,0,0
148800,48.5,48.5,24.5,,,,,1.0,1.0,1.0,50.0,0.0,0.0,0.0,0.0,0.0,100.0,100.0,100.0,10000.0,10000.0,10000.0,0,0,0,50.0,0.0,0.0,0,0
149000,48.5,48.5,24.5,,,,,1.0,1.0,1.0,50.0,0.0,0.0,0.0,0.0,0.0,100.0,100.0,100.0,10000.0,10000.0,10000.0,0,0,0,50.0,0.0,0.0,0,0
149200,48.5,48.5,24.5,,,,,1.0,1.0,1.0,50.0,0.0,0.0,0.0,0.0,0.0,100.0,100.0,100.0,10000.0,10000.0,10000.0,0,0,0,50.0,0.0,0.0,0,0
149400,48.5,48.5,24.5,,,,,1.0,1.0,1.0,50.0,0.0,0.0,0.0,0.0,0.0,100.0,100.0,100.0,10000.0,10000.0,10000.0,0,0,0,50.0,0.0,0.0,0,0
149600,48.5,48.5,24.5,,,,,1.0,1.0,1.0,50.0,0.0,0.0,0.0,0.0,0.0,100.0,100.0,100.0,10000.0,10000.0,10000.0,0,0,0,50.0,0.0,0.0,0,0
149800,48.5,48.5,24.5,,,,,1.0,1.0,1.0,50.0,0.0,0.0,0.0,0.0,0.0,100.0,100.0,100.0,10000.0,10000.0,10000.0,0,0,0,50.0,0.0,0.0,0,0
150000,48.5,48.5,24.5,,,,,1.0,1.0,1.0,50.0,0.0,0.0,0.0,0.0,0.0,100.0,100.0,100.0,10000.0,10000.0,10000.0,0,0,0,50.0,0.0,0.0,0,0
150200,48.5,48.5,24.5,,,,,1.0,1.0,1.0,50.0,0.0,0.0,0.0,0.0,0.0,100.0,100.0,100.0,10000.0,10000.0,10000.0,0,0,0,50.0,0.0,0.0,0,0
150400,48.5,48.5,24.5,,,,,1.0,1.0,1.0,50.0,0.0,0.0,0.0,0.0,0.0,100.0,100.0,100.0,10000.0,10000.0,10000.0,0,0,0,50.0,0.0,0.0,0,0
150600,48.5,48.5,24.5,,,,,1.0,1.0,1.0,50.0,0.0,0.0,0.0,0.0,0.0,100.0,100.0,100.0,10000.0,10000.0,10000.0,0,0,0,50.0,0.0,0.0,0,0
150800,48.5,48.5,24.5,,,,,1.0,1.0,1.0,50.0,0.0,0.0,0.0,0.0,0.0,100.0,100.0,100.0,10000.0,10000.0,10000.0,0,0,0,50.0,0.0,0.0,0,0
151000,49.0,49.0,24.5,,,,,1.0,1.0,1.0,50.0,0.0,0.0,0.0,0.0,0.0,100.0,100.0,100.0,10000.0,10000.0,10000.0,0,0,0,50.0,0.0,0.0,0,0
151200,49.0,49.0,24.5,,,,,1.0,1.0,1.0,50.0,0.0,0.0,0.0,0.0,0.0,100.0,100.0,100.0,10000.0,10000.0,10000.0,0,0,0,50.0,0.0,0.0,0,0
151400,49.0,49.0,24.5,,,,,1.0,1.0,1.0,50.0,0.0,0.0,0.0,0.0,0.0,100.0,100.0,100.0,10000.0,10000.0,10000.0,0,0,0,50.0,0.0,0.0,0,0
151600,49.0,49.0,24.5,,,,,1.0,1.0,1.0,50.0,0.0,0.0,0.0,0.0,0.0,100.0,100.0,100.0,10000.0,10000.0,10000.0,0,0,0,50.0,0.0,0.0,0,0
151800,49.0,49.0,24.5,,,,,1.0,1.0,1.0,50.0,0.0,0.0,0.0,0.0,0.0,100.0,100.0,100.0,10000.0,10000.0,10000.0,0,0,0,50.0,0.0,0.0,0,0
152000,49.0,49.0,24.5,,,,,1.0,1.0,1.0,50.0,0.0,0.0,0.0,0.0,0.0,100.0,100.0,100.0,10000.0,10000.0,10000.0,0,0,0,50.0,0.0,0.0,0,0
152200,49.0,49.0,24.5,,,,,1.0,1.0,1.0,50.0,0.0,0.0,0.0,0.0,0.0,100.0,100.0,100.0,10000.0,10000.0,10000.0,0,0,0,50.0,0.0,0.0,0,0
152400,49.0,49.0,24.5,,,,,1.0,1.0,1.0,50.0,0.0,0.0,0.0,0.0,0.0,100.0,100.0,100.0,10000.0,10000.0,10000.0,0,0,0,50.0,0.0,0.0,0,0
152600,49.0,49.0,24.5,,,,,1.0,1.0,1.0,50.0,0.0,0.0,0.0,0.0,0.0,100.0,100.0,100.0,10000.0,10000.0,10000.0,0,0,0,50.0,0.0,0.0,0,0
152800,49.0,49.0,24.5,,,,,1.0,1.0,1.0,50.0,0.0,0.0,0.0,0.0,0.0,100.0,100.0,100.0,10000.0,10000.0,10000.0,0,0,0,50.0,0.0,0.0,0,0
153000,49.0,49.0,24.5,,,,,1.0,1.0,1.0,50.0,0.0,0.0,0.0,0.0,0.0,100.0,100.0,100.0,10000.0,10000.0,10000.0,0,0,0,50.0,0.0,0.0,0,0
153200,49.0,49.0,24.5,,,,,1.0,1.0,1.0,50.0,0.0,0.0,0.0,0.0,0.0,100.0,100.0,100.0,10000.0,10000.0,10000.0,0,0,0,50.0,0.0,0.0,0,0
153400,49.0,49.0,24.5,,,,,1.0,1.0,1.0,50.0,0.0,0.0,0.0,0.0,0.0,100.0,100.0,100.0,10000.0,10000.0,10000.0,0,0,0,50.0,0.0,0.0,0,0
153600,49.0,49.0,24.5,,,,,1.0,1.0,1.0,50.0,0.0,0.0,0.0,0.0,0.0,100.0,100.0,100.0,10000.0,10000.0,10000.0,0,0,0,50.0,0.0,0.0,0,0
153800,49.0,49.0,24.5,,,,,1.0,1.0,1.0,50.0,0.0,0.0,0.0,0.0,0.0,100.0,100.0,100.0,10000.0,10000.0,10000.0,0,0,0,50.0,0.0,0.0,0,0
154000,49.0,49.0,24.5,,,,,1.0,1.0,1.0,50.0,0.0,0.0,0.0,0.0,0.0,100.0,100.0,100.0,10000.0,10000.0,10000.0,0,0,0,50.0,0.0,0.0,0,0
154200,49.0,49.0,24.5,,,,,1.0,1.0,1.0,50.0,0.0,0.0,0.0,0.0,0.0,100.0,100.0,100.0,10000.0,10000.0,10000.0,0,0,0,50.0,0.0,0.0,0,0
154400,49.0,49.0,24.5,,,,,1.0,1.0,1.0,50.0,0.0,0.0,0.0,0.0,0.0,100.0,100.0,100.0,10000.0,10000.0,10000.0,0,0,0,50.0,0.0,0.0,0,0
154600,49.0,49.0,24.5,,,,,1.0,1.0,1.0,50.0,0.0,0.0,0.0,0.0,0.0,100.0,100.0,100.0,10000.0,10000.0,10000.0,0,0,0,50.0,0.0,0.0,0,0
154800,49.0,49.0,24.5,,,,,1.0,1.0,1.0,50.0,0.0,0.0,0.0,0.0,0.0,100.0,100.0,100.0,10000.0,10000.0,10000.0,0,0,0,50.0,0.0,0.0,0,0
155000,49.0,49.0,24.5,,,,,1.0,1.0,1.0,50.0,0.0,0.0,0.0,0.0,0.0,100.0,100.0,100.0,10000.0,10000.0,10000.0,0,0,0,50.0,0.0,0.0,0,0
155200,49.0,49.0,24.5,,,,,1.0,1.0,1.0,50.0,0.0,0.0,0.0,0.0,0.0,100.0,100.0,100.0,10000.0,10000.0,10000.0,0,0,0,50.0,0.0,0.0,0,0
155400,49.0,49.0,24.5,,,,,1.0,1.0,1.0,50.0,0.0,0.0,0.0,0.0,0.0,100.0,100.0,100.0,10000.0,10000.0,10000.0,0,0,0,50.0,0.0,0.0,0,0
155600,49.5,49.5,24.5,,,,,1.0,1.0,1.0,50.0,0.0,0.0,0.0,0.0,0.0,100.0,100.0,100.0,10000.0,10000.0,10000.0,0,0,0,50.0,0.0,0.0,0,0
155800,49.5,49.5,24.5,,,,,1.0,1.0,1.0,50.0,0.0,0.0,0.0,0.0,0.0,100.0,100.0,100.0,10000.0,10000.0,10000.0,0,0,0,50.0,0.0,0.0,0,0
156000,49.5,49.5,24.5,,,,,1.0,1.0,1.0,50.0,0.0,0.0,0.0,0.0,0.0,100.0,100.0,100.0,10000.0,10000.0,10000.0,0,0,0,50.0,0.0,0.0,0,0
156200,49.5,49.5,24.5,,,,,1.0,1.0,1.0,50.0,0.0,0.0,0.0,0.0,0.0,100.0,100.0,100.0,10000.0,10000.0,10000.0,0,0,0,50.0,0.0,0.0,0,0
156400,49.5,49.5,24.5,,,,,1.0,1.0,1.0,50.0,0.0,0.0,0.0,0.0,0.0,100.0,100.0,100.0,10000.0,10000.0,10000.0,0,0,0,50.0,0.0,0.0,0,0
156600,49.5,49.5,24.5,,,,,1.0,1.0,1.0,50.0,0.0,0.0,0.0,0.0,0.0,100.0,100.0,100.0,10000.0,10000.0,10000.0,0,0,0,50.0,0.0,0.0,0,0
156800,49.5,49.5,24.5,,,,,1.0,1.0,1.0,50.0,0.0,0.0,0.0,0.0,0.0,100.0,100.0,100.0,10000.0,10000.0,10000.0,0,0,0,50.0,0.0,0.0,0,0
157000,49.5,49.5,24.5,,,,,1.0,1.0,1.0,50.0,0.0,0.0,0.0,0.0,0.0,100.0,100.0,100.0,10000.0,10000.0,10000.0,0,0,0,50.0,0.0,0.0,0,0
157200,49.5,49.5,24.5,,,,,1.0,1.0,1.0,50.0,0.0,0.0,0.0,0.0,0.0,100.0,100.0,100.0,10000.0,10000.0,10000.0,0,0,0,50.0,0.0,0.0,0,0
157400,49.5,49.5,24.5,,,,,1.0,1.0,1.0,50.0,0.0,0.0,0.0,0.0,0.0,100.0,100.0,100.0,10000.0,10000.0,10000.0,0,0,0,50.0,0.0,0.0,0,0
157600,49.5,49.5,24.5,,,,,1.0,1.0,1.0,50.0,0.0,0.0,0.0,0.0,0.0,100.0,100.0,100.0,10000.0,10000.0,10000.0,0,0,0,50.0,0.0,0.0,0,0
157800,49.5,49.5,24.5,,,,,1.0,1.0,1.0,50.0,0.0,0.0,0.0,0.0,0.0,100.0,100.0,100.0,10000.0,10000.0,10000.0,0,0,0,50.0,0.0,0.0,0,0
158000,49.5,49.5,24.5,,,,,1.0,1.0,1.0,50.0,0.0,0.0,0.0,0.0,0.0,100.0,100.0,100.0,10000.0,10000.0,10000.0,0,0,0,50.0,0.0,0.0,0,0
158200,49.5,49.5,24.5,,,,,1.0,1.0,1.0,50.0,0.0,0.0,0.0,0.0,0.0,100.0,100.0,100.0,10000.0,10000.0,10000.0,0,0,0,50.0,0.0,0.0,0,0
158400,49.5,49.5,24.5,,,,,1.0,1.0,1.0,50.0,0.0,0.0,0.0,0.0,0.0,100.0,100.0,100.0,10000.0,10000.0,10000.0,0,0,0,50.0,0.0,0.0,0,0
158600,49.5,49.5,24.5,,,,,1.0,1.0,1.0,50.0,0.0,0.0,0.0,0.0,0.0,100.0,100.0,100.0,10000.0,10000.0,10000.0,0,0,0,50.0,0.0,0.0,0,0
158800,49.5,49.5,24.5,,,,,1.0,1.0,1.0,50.0,0.0,0.0,0.0,0.0,0.0,100.0,100.0,100.0,10000.0,10000.0,10000.0,0,0,0,50.0,0.0,0.0,0,0
159000,49.5,49.5,24.5,,,,,1.0,1.0,1.0,50.0,0.0,0.0,0.0,0.0,0.0,100.0,100.0,100.0,10000.0,10000.0,10000.0,0,0,0,50.0,0.0,0.0,0,0
159200,49.5,49.5,24.5,,,,,1.0,1.0,1.0,50.0,0.0,0.0,0.0,0.0,0.0,100.0,100.0,100.0,10000.0,10000.0,10000.0,0,0,0,50.0,0.0,0.0,0,0
159400,49.5,49.5,24.5,,,,,1.0,1.0,1.0,50.0,0.0,0.0,0.0,0.0,0.0,100.0,100.0,100.0,10000.0,10000.0,10000.0,0,0,0,50.0,0.0,0.0,0,0
159600,50.0,49.5,24.5,,,,,1.0,1.0,1.0,50.0,0.0,0.0,0.0,0.0,0.0,100.0,100.0,100.0,10000.0,10000.0,10000.0,0,0,0,50.0,0.0,0.0,0,0
159800,50.0,49.5,24.5,,,,,1.0,1.0,1.0,50.0,0.0,0.0,0.0,0.0,0.0,100.0,100.0,100.0,10000.0,10000.0,10000.0,0,0,0,50.0,0.0,0.0,0,0
160000,50.0,49.5,24.5,,,,,1.0,1.0,1.0,50.0,0.0,0.0,0.0,0.0,0.0,100.0,100.0,100.0,10000.0,10000.0,10000.0,0,0,0,50.0,0.0,0.0,0,0
160200,50.0,49.5,24.5,,,,,1.0,1.0,1.0,50.0,0.0,0.0,0.0,0.0,0.0,100.0,100.0,100.0,10000.0,10000.0,10000.0,0,0,0,50.0,0.0,0.0,0,0
160400,50.0,49.5,24.5,,,,,1.0,1.0,1.0,50.0,0.0,0.0,0.0,0.0,0.0,100.0,100.0,100.0,10000.0,10000.0,10000.0,0,0,0,50.0,0.0,0.0,0,0
160600,50.0,49.5,24.5,,,,,1.0,1.0,1.0,50.0,0.0,0.0,0.0,0.0,0.0,100.0,100.0,100.0,10000.0,10000.0,10000.0,0,0,0,50.0,0.0,0.0,0,0
160800,50.0,49.5,24.5,,,,,1.0,1.0,1.0,50.0,0.0,0.0,0.0,0.0,0.0,100.0,100.0,100.0,10000.0,10000.0,10000.0,0,0,0,50.0,0.0,0.0,0,0
161000,50.0,50.0,24.5,,,,,1.0,1.0,1.0,50.0,0.0,0.0,0.0,0.0,0.0,100.0,100.0,100.0,10000.0,10000.0,10000.0,0,0,0,50.0,0.0,0.0,0,0
161200,50.0,50.0,24.5,,,,,1.0,1.0,1.0,50.0,0.0,0.0,0.0,0.0,0.0,100.0,100.0,100.0,10000.0,10000.0,10000.0,0,0,0,50.0,0.0,0.0,0,0
161400,50.0,50.0,24.5,,,,,1.0,1.0,1.0,50.0,0.0,0.0,0.0,0.0,0.0,100.0,100.0,100.0,10000.0,10000.0,10000.0,0,0,0,50.0,0.0,0.0,0,0
161600,50.0,50.0,24.5,,,,,1.0,1.0,1.0,50.0,0.0,0.0,0.0,0.0,0.0,100.0,100.0,100.0,10000.0,10000.0,10000.0,0,0,0,50.0,0.0,0.0,0,0
161800,50.0,50.0,24.5,,,,,1.0,1.0,1.0,50.0,0.0,0.0,0.0,0.0,0.0,100.0,100.0,100.0,10000.0,10000.0,10000.0,0,0,0,50.0,0.0,0.0,0,0
162000,50.0,50.0,24.5,,,,,1.0,1.0,1.0,50.0,0.0,0.0,0.0,0.0,0.0,100.0,100.0,100.0,10000.0,10000.0,10000.0,0,0,0,50.0,0.0,0.0,0,0
162200,50.0,50.0,24.5,,,,,1.0,1.0,1.0,50.0,0.0,0.0,0.0,0.0,0.0,100.0,100.0,100.0,10000.0,10000.0,10000.0,0,0,0,50.0,0.0,0.0,0,0
162400,50.0,50.0,24.5,,,,,1.0,1.0,1.0,50.0,0.0,0.0,0.0,0.0,0.0,100.0,100.0,100.0,10000.0,10000.0,10000.0,0,0,0,50.0,0.0,0.0,0,0
162600,50.0,50.0,24.5,,,,,1.0,1.0,1.0,50.0,0.0,0.0,0.0,0.0,0.0,100.0,100.0,100.0,10000.0,10000.0,10000.0,0,0,0,50.0,0.0,0.0,0,0
162800,50.0,50.0,24.5,,,,,1.0,1.0,1.0,50.0,0.0,0.0,0.0,0.0,0.0,100.0,100.0,100.0,10000.0,10000.0,10000.0,0,0,0,50.0,0.0,0.0,0,0
163000,50.0,50.0,24.5,,,,,1.0,1.0,1.0,50.0,0.0,0.0,0.0,0.0,0.0,100.0,100.0,100.0,10000.0,10000.0,10000.0,0,0,0,50.0,0.0,0.0,0,0
163200,50.0,50.0,24.5,,,,,1.0,1.0,1.0,50.0,0.0,0.0,0.0,0.0,0.0,100.0,100.0,100.0,10000.0,10000.0,10000.0,0,0,0,50.0,0.0,0.0,0,0
163400,50.0,50.0,24.5,,,,,1.0,1.0,1.0,50.0,0.0,0.0,0.0,0.0,0.0,100.0,100.0,100.0,10000.0,10000.0,10000.0,0,0,0,50.0,0.0,0.0,0,0
163600,50.5,50.0,24.5,,,,,1.0,1.0,1.0,50.0,0.0,0.0,0.0,0.0,0.0,100.0,100.0,100.0,10000.0,10000.0,10000.0,0,0,0,50.0,0.0,0.0,0,0
163800,50.5,50.0,24.5,,,,,1.0,1.0,1.0,50.0,0.0,0.0,0.0,0.0,0.0,100.0,100.0,100.0,10000.0,10000.0,10000.0,0,0,0,50.0,0.0,0.0,0,0
164000,50.5,50.0,24.5,,,,,1.0,1.0,1.0,50.0,0.0,0.0,0.0,0.0,0.0,100.0,100.0,100.0,10000.0,10000.0,10000.0,0,0,0,50.0,0.0,0.0,0,0
164200,50.5,50.0,24.5,,,,,1.0,1.0,1.0,50.0,0.0,0.0,0.0,0.0,0.0,100.0,100.0,100.0,10000.0,10000.0,10000.0,0,0,0,50.0,0.0,0.0,0,0
164400,50.5,50.0,24.5,,,,,1.0,1.0,1.0,50.0,0.0,0.0,0.0,0.0,0.0,100.0,100.0,100.0,10000.0,10000.0,10000.0,0,0,0,50.0,0.0,0.0,0,0
164600,50.5,50.0,24.5,,,,,1.0,1.0,1.0,50.0,0.0,0.0,0.0,0.0,0.0,100.0,100.0,100.0,10000.0,10000.0,10000.0,0,0,0,50.0,0.0,0.0,0,0
164800,50.5,50.0,24.5,,,,,1.0,1.0,1.0,50.0,0.0,0.0,0.0,0.0,0.0,100.0,100.0,100.0,10000.0,10000.0,10000.0,0,0,0,50.0,0.0,0.0,0,0
165000,50.5,50.0,24.5,,,,,1.0,1.0,1.0,50.0,0.0,0.0,0.0,0.0,0.0,100.0,100.0,100.0,10000.0,10000.0,10000.0,0,0,0,50.0,0.0,0.0,0,0
165200,50.5,50.0,24.5,,,,,1.0,1.0,1.0,50.0,0.0,0.0,0.0,0.0,0.0,100.0,100.0,100.0,10000.0,10000.0,10000.0,0,0,0,50.0,0.0,0.0,0,0
165400,50.5,50.0,24.5,,,,,1.0,1.0,1.0,50.0,0.0,0.0,0.0,0.0,0.0,100.0,100.0,100.0,10000.0,10000.0,10000.0,0,0,0,50.0,0.0,0.0,0,0
165600,50.5,50.5,24.5,,,,,1.0,1.0,1.0,50.0,0.0,0.0,0.0,0.0,0.0,100.0,100.0,100.0,10000.0,10000.0,10000.0,0,0,0,50.0,0.0,0.0,0,0
165800,50.5,50.5,24.5,,,,,1.0,1.0,1.0,50.0,0.0,0.0,0.0,0.0,0.0,100.0,100.0,100.0,10000.0,10000.0,10000.0,0,0,0,50.0,0.0,0.0,0,0
166000,50.5,50.5,24.5,,,,,1.0,1.0,1.0,50.0,0.0,0.0,0.0,0.0,0.0,100.0,100.0,100.0,10000.0,10000.0,10000.0,0,0,0,50.0,0.0,0.0,0,0
166200,50.5,50.5,24.5,,,,,1.0,1.0,1.0,50.0,0.0,0.0,0.0,0.0,0.0,100.0,100.0,100.0,10000.0,10000.0,10000.0,0,0,0,50.0,0.0,0.0,0,0
166400,50.5,50.5,24.5,,,,,1.0,1.0,1.0,50.0,0.0,0.0,0.0,0.0,0.0,100.0,100.0,100.0,10000.0,10000.0,10000.0,0,0,0,50.0,0.0,0.0,0,0
166600,50.5,50.5,24.5,,,,,1.0,1.0,1.0,50.0,0.0,0.0,0.0,0.0,0.0,100.0,100.0,100.0,10000.0,10000.0,10000.0,0,0,0,50.0,0.0,0.0,0,0
166800,50.5,50.5,24.5,,,,,1.0,1.0,1.0,50.0,0.0,0.0,0.0,0.0,0.0,100.0,100.0,100.0,10000.0,10000.0,10000.0,0,0,0,50.0,0.0,0.0,0,0
167000,50.5,50.5,24.5,,,,,1.0,1.0,1.0,50.0,0.0,0.0,0.0,0.0,0.0,100.0,100.0,100.0,10000.0,10000.0,10000.0,0,0,0,50.0,0.0,0.0,0,0
167200,50.5,50.5,24.5,,,,,1.0,1.0,1.0,50.0,0.0,0.0,0.0,0.0,0.0,100.0,100.0,100.0,10000.0,10000.0,10000.0,0,0,0,50.0,0.0,0.0,0,0
167400,50.5,50.5,24.5,,,,,1.0,1.0,1.0,50.0,0.0,0.0,0.0,0.0,0.0,100.0,100.0,100.0,10000.0,10000.0,10000.0,0,0,0,50.0,0.0,0.0,0,0
167600,50.5,50.5,24.5,,,,,1.0,1.0,1.0,50.0,0.0,0.0,0.0,0.0,0.0,100.0,100.0,100.0,10000.0,10000.0,10000.0,0,0,0,50.0,0.0,0.0,0,0
167800,50.5,50.5,24.5,,,,,1.0,1.0,1.0,50.0,0.0,0.0,0.0,0.0,0.0,100.0,100.0,100.0,10000.0,10000.0,10000.0,0,0,0,50.0,0.0,0.0,0,0
168000,51.0,50.5,24.5,,,,,1.0,1.0,1.0,50.0,0.0,0.0,0.0,0.0,0.0,100.0,100.0,100.0,10000.0,10000.0,10000.0,0,0,0,50.0,0.0,0.0,0,0
168200,51.0,50.5,24.5,,,,,1.0,1.0,1.0,50.0,0.0,0.0,0.0,0.0,0.0,100.0,100.0,100.0,10000.0,10000.0,10000.0,0,0,0,50.0,0.0,0.0,0,0
168400,51.0,50.5,24.5,,,,,1.0,1.0,1.0,50.0,0.0,0.0,0.0,0.0,0.0,100.0,100.0,100.0,10000.0,10000.0,10000.0,0,0,0,50.0,0.0,0.0,0,0
168600,51.0,50.5,24.5,,,,,1.0,1.0,1.0,50.0,0.0,0.0,0.0,0.0,0.0,100.0,100.0,100.0,10000.0,10000.0,10000.0,0,0,0,50.0,0.0,0.0,0,0
168800,51.0,50.5,24.5,,,,,1.0,1.0,1.0,50.0,0.0,0.0,0.0,0.0,0.0,100.0,100.0,100.0,10000.0,10000.0,10000.0,0,0,0,50.0,0.0,0.0,0,0
169000,51.0,50.5,24.5,,,,,1.0,1.0,1.0,50.0,0.0,0.0,0.0,0.0,0.0,100.0,100.0,100.0,10000.0,10000.0,10000.0,0,0,0,50.0,0.0,0.0,0,0
169200,51.0,50.5,24.5,,,,,1.0,1.0,1.0,50.0,0.0,0.0,0.0,0.0,0.0,100.0,100.0,100.0,10000.0,10000.0,10000.0,0,0,0,50.0,0.0,0.0,0,0
169400,51.0,50.5,24.5,,,,,1.0,1.0,1.0,50.0,0.0,0.0,0.0,0.0,0.0,100.0,100.0,100.0,10000.0,10000.0,10000.0,0,0,0,50.0,0.0,0.0,0,0
169600,51.0,50.5,24.5,,,,,1.0,1.0,1.0,50.0,0.0,0.0,0.0,0.0,0.0,100.0,100.0,100.0,10000.0,10000.0,10000.0,0,0,0,50.0,0.0,0.0,0,0
169800,51.0,50.5,24.5,,,,,1.0,1.0,1.0,50.0,0.0,0.0,0.0,0.0,0.0,100.0,100.0,100.0,10000.0,10000.0,10000.0,0,0,0,50.0,0.0,0.0,0,1
170000,51.0,50.5,24.5,,,,,1.0,1.0,1.0,50.0,0.0,0.0,0.0,0.0,0.0,100.0,100.0,100.0,10000.0,10000.0,10000.0,0,0,0,50.0,0.0,0.0,0,0
170200,51.0,50.5,24.5,,,,,1.0,1.0,1.0,50.0,0.0,0.0,0.0,0.0,0.0,100.0,100.0,100.0,10000.0,10000.0,10000.0,0,0,0,50.0,0.0,0.0,0,0
170400,51.0,50.5,24.5,,,,,1.0,1.0,1.0,50.0,0.0,0.0,0.0,0.0,0.0,100.0,100.0,100.0,10000.0,10000.0,10000.0,0,0,0,50.0,0.0,0.0,0,0
170600,51.0,51.0,24.5,,,,,1.0,1.0,1.0,50.0,0.0,0.0,0.0,0.0,0.0,100.0,100.0,100.0,10000.0,10000.0,10000.0,0,0,0,50.0,0.0,0.0,0,0
170800,51.0,51.0,24.5,,,,,1.0,1.0,1.0,50.0,0.0,0.0,0.0,0.0,0.0,100.0,100.0,100.0,10000.0,10000.0,10000.0,0,0,0,50.0,0.0,0.0,0,0
171000,51.0,51.0,24.5,,,,,1.0,1.0,1.0,50.0,0.0,0.0,0.0,0.0,0.0,100.0,100.0,100.0,10000.0,10000.0,10000.0,0,0,0,50.0,0.0,0.0,0,0
171200,51.0,51.0,24.5,,,,,1.0,1.0,1.0,50.0,0.0,0.0,0.0,0.0,0.0,100.0,100.0,100.0,10000.0,10000.0,10000.0,0,0,0,50.0,0.0,0.0,0,0
171400,51.0,51.0,24.5,,,,,1.0,1.0,1.0,50.0,0.0,0.0,0.0,0.0,0.0,100.0,100.0,100.0,10000.0,10000.0,10000.0,0,0,0,50.0,0.0,0.0,0,0
171600,51.0,51.0,24.5,,,,,1.0,1.0,1.0,50.0,0.0,0.0,0.0,0.0,0.0,100.0,100.0,100.0,10000.0,10000.0,10000.0,0,0,0,50.0,0.0,0.0,0,0
171800,51.0,51.0,24.5,,,,,1.0,1.0,1.0,50.0,0.0,0.0,0.0,0.0,0.0,100.0,100.0,100.0,10000.0,10000.0,10000.0,0,0,0,50.0,0.0,0.0,0,0
172000,51.0,51.0,24.5,,,,,1.0,1.0,1.0,50.0,0.0,0.0,0.0,0.0,0.0,100.0,100.0,100.0,10000.0,10000.0,10000.0,0,0,0,50.0,0.0,0.0,0,0
172200,51.0,51.0,24.5,,,,,1.0,1.0,1.0,50.0,0.0,0.0,0.0,0.0,0.0,100.0,100.0,100.0,10000.0,10000.0,10000.0,0,0,0,50.0,0.0,0.0,0,0
172400,51.0,51.0,24.5,,,,,1.0,1.0,1.0,50.0,0.0,0.0,0.0,0.0,0.0,100.0,100.0,100.0,10000.0,10000.0,10000.0,0,0,0,50.0,0.0,0.0,0,0
172600,51.5,51.0,24.5,,,,,1.0,1.0,1.0,50.0,0.0,0.0,0.0,0.0,0.0,100.0,100.0,100.0,10000.0,10000.0,10000.0,0,0,0,50.0,0.0,0.0,0,0
172800,51.5,51.0,24.5,,,,,1.0,1.0,1.0,50.0,0.0,0.0,0.0,0.0,0.0,100.0,100.0,100.0,10000.0,10000.0,10000.0,0,0,0,50.0,0.0,0.0,0,0
173000,51.5,51.0,24.5,,,,,1.0,1.0,1.0,50.0,0.0,0.0,0.0,0.0,0.0,100.0,100.0,100.0,10000.0,10000.0,10000.0,0,0,0,50.0,0.0,0.0,0,0
173200,51.5,51.0,24.5,,,,,1.0,1.0,1.0,50.0,0.0,0.0,0.0,0.0,0.0,100.0,100.0,100.0,10000.0,10000.0,10000.0,0,0,0,50.0,0.0,0.0,0,0
173400,51.5,51.0,24.5,,,,,1.0,1.0,1.0,50.0,0.0,0.0,0.0,0.0,0.0,100.0,100.0,100.0,10000.0,10000.0,10000.0,0,0,0,50.0,0.0,0.0,0,0
173600,51.5,51.0,24.5,,,,,1.0,1.0,1.0,50.0,0.0,0.0,0.0,0.0,0.0,100.0,100.0,100.0,10000.0,10000.0,10000.0,0,0,0,50.0,0.0,0.0,0,0
173800,51.5,51.0,24.5,,,,,1.0,1.0,1.0,50.0,0.0,0.0,0.0,0.0,0.0,100.0,100.0,100.0,10000.0,10000.0,10000.0,0,0,0,50.0,0.0,0.0,0,0
174000,51.5,51.0,24.5,,,,,1.0,1.0,1.0,50.0,0.0,0.0,0.0,0.0,0.0,100.0,100.0,100.0,10000.0,10000.0,10000.0,0,0,0,50.0,0.0,0.0,0,0
174200,51.5,51.0,24.5,,,,,1.0,1.0,1.0,50.0,0.0,0.0,0.0,0.0,0.0,100.0,100.0,100.0,10000.0,10000.0,10000.0,0,0,0,50.0,0.0,0.0,0,0
174400,51.5,51.0,24.5,,,,,1.0,1.0,1.0,50.0,0.0,0.0,0.0,0.0,0.0,100.0,100.0,100.0,10000.0,10000.0,10000.0,0,0,0,50.0,0.0,0.0,0,0
174600,51.5,51.0,24.5,,,,,1.0,1.0,1.0,50.0,0.0,0.0,0.0,0.0,0.0,100.0,100.0,100.0,10000.0,10000.0,10000.0,0,0,0,50.0,0.0,0.0,0,0
174800,51.5,51.0,24.5,,,,,1.0,1.0,1.0,50.0,0.0,0.0,0.0,0.0,0.0,100.0,100.0,100.0,10000.0,10000.0,10000.0,0,0,0,50.0,0.0,0.0,0,0
175000,51.5,51.0,24.5,,,,,1.0,1.0,1.0,50.0,0.0,0.0,0.0,0.0,0.0,100.0,100.0,100.0,10000.0,10000.0,10000.0,0,0,0,50.0,0.0,0.0,0,0
175200,51.5,51.0,24.5,,,,,1.0,1.0,1.0,50.0,0.0,0.0,0.0,0.0,0.0,100.0,100.0,100.0,10000.0,10000.0,10000.0,0,0,0,50.0,0.0,0.0,0,0
175400,51.5,51.0,24.5,,,,,1.0,1.0,1.0,50.0,0.0,0.0,0.0,0.0,0.0,100.0,100.0,100.0,10000.0,10000.0,10000.0,0,0,0,50.0,0.0,0.0,0,0
175600,51.5,51.0,24.5,,,,,1.0,1.0,1.0,50.0,0.0,0.0,0.0,0.0,0.0,100.0,100.0,100.0,10000.0,10000.0,10000.0,0,0,0,50.0,0.0,0.0,0,0
175800,51.5,51.0,24.5,,,,,1.0,1.0,1.0,50.0,0.0,0.0,0.0,0.0,0.0,100.0,100.0,100.0,10000.0,10000.0,10000.0,0,0,0,50.0,0.0,0.0,0,0
176000,51.5,51.5,24.5,,,,,1.0,1.0,1.0,50.0,0.0,0.0,0.0,0.0,0.0,100.0,100.0,100.0,10000.0,10000.0,10000.0,0,0,0,50.0,0.0,0.0,0,0
176200,51.5,51.5,24.5,,,,,1.0,1.0,1.0,50.0,0.0,0.0,0.0,0.0,0.0,100.0,100.0,100.0,10000.0,10000.0,10000.0,0,0,0,50.0,0.0,0.0,0,0
176400,51.5,51.5,24.5,,,,,1.0,1.0,1.0,50.0,0.0,0.0,0.0,0.0,0.0,100.0,100.0,100.0,10000.0,10000.0,10000.0,0,0,0,50.0,0.0,0.0,0,0
176600,51.5,51.5,24.5,,,,,1.0,1.0,1.0,50.0,0.0,0.0,0.0,0.0,0.0,100.0,100.0,100.0,10000.0,10000.0,10000.0,0,0,0,50.0,0.0,0.0,0,0
176800,51.5,51.5,24.5,,,,,1.0,1.0,1.0,50.0,0.0,0.0,0.0,0.0,0.0,100.0,100.0,100.0,10000.0,10000.0,10000.0,0,0,0,50.0,0.0,0.0,0,0
177000,51.5,51.5,24.5,,,,,1.0,1.0,1.0,50.0,0.0,0.0,0.0,0.0,0.0,100.0,100.0,100.0,10000.0,10000.0,10000.0,0,0,0,50.0,0.0,0.0,0,0
177200,51.5,51.5,24.5,,,,,1.0,1.0,1.0,50.0,0.0,0.0,0.0,0.0,0.0,100.0,100.0,100.0,10000.0,10000.0,10000.0,0,0,0,50.0,0.0,0.0,0,0
177400,51.5,51.5,24.5,,,,,1.0,1.0,1.0,50.0,0.0,0.0,0.0,0.0,0.0,100.0,100.0,100.0,10000.0,10000.0,10000.0,0,0,0,50.0,0.0,0.0,0,0
177600,52.0,51.5,24.5,,,,,1.0,1.0,1.0,50.0,0.0,0.0,0.0,0.0,0.0,100.0,100.0,100.0,10000.0,10000.0,10000.0,0,0,0,50.0,0.0,0.0,0,0
177800,52.0,51.5,24.5,,,,,1.0,1.0,1.0,50.0,0.0,0.0,0.0,0.0,0.0,100.0,100.0,100.0,10000.0,10000.0,10000.0,0,0,0,50.0,0.0,0.0,0,0
178000,52.0,51.5,24.5,,,,,1.0,1.0,1.0,50.0,0.0,0.0,0.0,0.0,0.0,100.0,100.0,100.0,10000.0,10000.0,10000.0,0,0,0,50.0,0.0,0.0,0,0
178200,52.0,51.5,24.5,,,,,1.0,1.0,1.0,50.0,0.0,0.0,0.0,0.0,0.0,100.0,100.0,100.0,10000.0,10000.0,10000.0,0,0,0,50.0,0.0,0.0,0,0
178400,52.0,51.5,24.5,,,,,1.0,1.0,1.0,50.0,0.0,0.0,0.0,0.0,0.0,100.0,100.0,100.0,10000.0,10000.0,10000.0,0,0,0,50.0,0.0,0.0,0,0
178600,52.0,51.5,24.5,,,,,1.0,1.0,1.0,50.0,0.0,0.0,0.0,0.0,0.0,100.0,100.0,100.0,10000.0,10000.0,10000.0,0,0,0,50.0,0.0,0.0,0,0
178800,52.0,51.5,24.5,,,,,1.0,1.0,1.0,50.0,0.0,0.0,0.0,0.0,0.0,100.0,100.0,100.0,10000.0,10000.0,10000.0,0,0,0,50.0,0.0,0.0,0,0
179000,52.0,51.5,24.5,,,,,1.0,1.0,1.0,50.0,0.0,0.0,0.0,0.0,0.0,100.0,100.0,100.0,10000.0,10000.0,10000.0,0,0,0,50.0,0.0,0.0,0,0
179200,52.0,51.5,24.5,,,,,1.0,1.0,1.0,50.0,0.0,0.0,0.0,0.0,0.0,100.0,100.0,100.0,10000.0,10000.0,10000.0,0,0,0,50.0,0.0,0.0,0,0
179400,52.0,51.5,24.5,,,,,1.0,1.0,1.0,50.0,0.0,0.0,0.0,0.0,0.0,100.0,100.0,100.0,10000.0,10000.0,10000.0,0,0,0,50.0,0.0,0.0,0,0
179600,52.0,51.5,24.5,,,,,1.0,1.0,1.0,50.0,0.0,0.0,0.0,0.0,0.0,100.0,100.0,100.0,10000.0,10000.0,10000.0,0,0,0,50.0,0.0,0.0,0,0
179800,52.0,51.5,24.5,,,,,1.0,1.0,1.0,50.0,0.0,0.0,0.0,0.0,0.0,100.0,100.0,100.0,10000.0,10000.0,10000.0,0,0,0,50.0,0.0,0.0,0,0
180000,52.0,51.5,24.5,,,,,1.0,1.0,1.0,50.0,0.0,0.0,0.0,0.0,0.0,100.0,100.0,100.0,10000.0,10000.0,10000.0,0,0,0,50.0,0.0,0.0,0,0
180200,52.0,51.5,24.5,,,,,1.0,1.0,1.0,50.0,0.0,0.0,0.0,0.0,0.0,100.0,100.0,100.0,10000.0,10000.0,10000.0,0,0,0,50.0,0.0,0.0,0,0
180400,52.0,51.5,24.5,,,,,1.0,1.0,1.0,50.0,0.0,0.0,0.0,0.0,0.0,100.0,100.0,100.0,10000.0,10000.0,10000.0,0,0,0,50.0,0.0,0.0,0,0
180600,52.0,51.5,24.5,,,,,1.0,1.0,1.0,50.0,0.0,0.0,0.0,0.0,0.0,100.0,100.0,100.0,10000.0,10000.0,10000.0,0,0,0,50.0,0.0,0.0,0,0
180800,52.0,51.5,24.5,,,,,1.0,1.0,1.0,50.0,0.0,0.0,0.0,0.0,0.0,100.0,100.0,100.0,10000.0,10000.0,10000.0,0,0,0,50.0,0.0,0.0,0,0
181000,52.0,52.0,24.5,,,,,1.0,1.0,1.0,50.0,0.0,0.0,0.0,0.0,0.0,100.0,100.0,100.0,10000.0,10000.0,10000.0,0,0,0,50.0,0.0,0.0,0,0
181200,52.0,52.0,24.5,,,,,1.0,1.0,1.0,50.0,0.0,0.0,0.0,0.0,0.0,100.0,100.0,100.0,10000.0,10000.0,10000.0,0,0,0,50.0,0.0,0.0,0,0
181400,52.0,52.0,24.5,,,,,1.0,1.0,1.0,50.0,0.0,0.0,0.0,0.0,0.0,100.0,100.0,100.0,10000.0,10000.0,10000.0,0,0,0,50.0,0.0,0.0,0,0
181600,52.0,52.0,24.5,,,,,1.0,1.0,1.0,50.0,0.0,0.0,0.0,0.0,0.0,100.0,100.0,100.0,10000.0,10000.0,10000.0,0,0,0,50.0,0.0,0.0,0,0
181800,52.0,52.0,24.5,,,,,1.0,1.0,1.0,50.0,0.0,0.0,0.0,0.0,0.0,100.0,100.0,100.0,10000.0,10000.0,10000.0,0,0,0,50.0,0.0,0.0,0,0
182000,52.0,52.0,24.5,,,,,1.0,1.0,1.0,50.0,0.0,0.0,0.0,0.0,0.0,100.0,100.0,100.0,10000.0,10000.0,10000.0,0,0,0,50.0,0.0,0.0,0,0
182200,52.0,52.0,24.5,,,,,1.0,1.0,1.0,50.0,0.0,0.0,0.0,0.0,0.0,100.0,100.0,100.0,10000.0,10000.0,10000.0,0,0,0,50.0,0.0,0.0,0,0
182400,52.0,52.0,24.5,,,,,1.0,1.0,1.0,50.0,0.0,0.0,0.0,0.0,0.0,100.0,100.0,100.0,10000.0,10000.0,10000.0,0,0,0,50.0,0.0,0.0,0,0
182600,52.5,52.0,24.5,,,,,1.0,1.0,1.0,50.0,0.0,0.0,0.0,0.0,0.0,100.0,100.0,100.0,10000.0,10000.0,10000.0,0,0,0,50.0,0.0,0.0,0,0
182800,52.5,52.0,24.5,,,,,1.0,1.0,1.0,50.0,0.0,0.0,0.0,0.0,0.0,100.0,100.0,100.0,10000.0,10000.0,10000.0,0,0,0,50.0,0.0,0.0,0,0
183000,52.5,52.0,24.5,,,,,1.0,1.0,1.0,50.0,0.0,0.0,0.0,0.0,0.0,100.0,100.0,100.0,10000.0,10000.0,10000.0,0,0,0,50.0,0.0,0.0,0,0
183200,52.5,52.0,24.5,,,,,1.0,1.0,1.0,50.0,0.0,0.0,0.0,0.0,0.0,100.0,100.0,100.0,10000.0,10000.0,10000.0,0,0,0,50.0,0.0,0.0,0,0
183400,52.5,52.0,24.5,,,,,1.0,1.0,1.0,50.0,0.0,0.0,0.0,0.0,0.0,100.0,100.0,100.0,10000.0,10000.0,10000.0,0,0,0,50.0,0.0,0.0,0,0
183600,52.5,52.0,24.5,,,,,1.0,1.0,1.0,50.0,0.0,0.0,0.0,0.0,0.0,100.0,100.0,100.0,10000.0,10000.0,10000.0,0,0,0,50.0,0.0,0.0,0,0
183800,52.5,52.0,24.5,,,,,1.0,1.0,1.0,50.0,0.0,0.0,0.0,0.0,0.0,100.0,100.0,100.0,10000.0,10000.0,10000.0,0,0,0,50.0,0.0,0.0,0,0
184000,52.5,52.0,24.5,,,,,1.0,1.0,1.0,50.0,0.0,0.0,0.0,0.0,0.0,100.0,100.0,100.0,10000.0,10000.0,10000.0,0,0,0,50.0,0.0,0.0,0,0
184200,52.5,52.0,24.5,,,,,1.0,1.0,1.0,50.0,0.0,0.0,0.0,0.0,0.0,100.0,100.0,100.0,10000.0,10000.0,10000.0,0,0,0,50.0,0.0,0.0,0,0
184400,52.5,52.0,24.5,,,,,1.0,1.0,1.0,50.0,0.0,0.0,0.0,0.0,0.0,100.0,100.0,100.0,10000.0,10000.0,10000.0,0,0,0,50.0,0.0,0.0,0,0
184600,52.5,52.0,24.5,,,,,1.0,1.0,1.0,50.0,0.0,0.0,0.0,0.0,0.0,100.0,100.0,100.0,10000.0,10000.0,10000.0,0,0,0,50.0,0.0,0.0,0,0
184800,52.5,52.0,24.5,,,,,1.0,1.0,1.0,50.0,0.0,0.0,0.0,0.0,0.0,100.0,100.0,100.0,10000.0,10000.0,10000.0,0,0,0,50.0,0.0,0.0,0,0
185000,52.5,52.0,24.5,,,,,1.0,1.0,1.0,50.0,0.0,0.0,0.0,0.0,0.0,100.0,100.0,100.0,10000.0,10000.0,10000.0,0,0,0,50.0,0.0,0.0,0,0
185200,52.5,52.0,24.5,,,,,1.0,1.0,1.0,50.0,0.0,0.0,0.0,0.0,0.0,100.0,100.0,100.0,10000.0,10000.0,10000.0,0,0,0,50.0,0.0,0.0,0,0
185400,52.5,52.0,24.5,,,,,1.0,1.0,1.0,50.0,0.0,0.0,0.0,0.0,0.0,100.0,100.0,100.0,10000.0,10000.0,10000.0,0,0,0,50.0,0.0,0.0,0,0
185600,52.5,52.5,24.5,,,,,1.0,1.0,1.0,50.0,0.0,0.0,0.0,0.0,0.0,100.0,100.0,100.0,10000.0,10000.0,10000.0,0,0,0,50.0,0.0,0.0,0,0
185800,52.5,52.5,24.5,,,,,1.0,1.0,1.0,50.0,0.0,0.0,0.0,0.0,0.0,100.0,100.0,100.0,10000.0,10000.0,10000.0,0,0,0,50.0,0.0,0.0,0,0
186000,52.5,52.5,24.5,,,,,1.0,1.0,1.0,50.0,0.0,0.0,0.0,0.0,0.0,100.0,100.0,100.0,10000.0,10000.0,10000.0,0,0,0,50.0,0.0,0.0,0,0
186200,52.5,52.5,24.5,,,,,1.0,1.0,1.0,50.0,0.0,0.0,0.0,0.0,0.0,100.0,100.0,100.0,10000.0,10000.0,10000.0,0,0,0,50.0,0.0,0.0,0,0
186400,52.5,52.5,24.5,,,,,1.0,1.0,1.0,50.0,0.0,0.0,0.0,0.0,0.0,100.0,100.0,100.0,10000.0,10000.0,10000.0,0,0,0,50.0,0.0,0.0,0,0
186600,52.5,52.5,24.5,,,,,1.0,1.0,1.0,50.0,0.0,0.0,0.0,0.0,0.0,100.0,100.0,100.0,10000.0,10000.0,10000.0,0,0,0,50.0,0.0,0.0,0,0
186800,52.5,52.5,24.5,,,,,1.0,1.0,1.0,50.0,0.0,0.0,0.0,0.0,0.0,100.0,100.0,100.0,10000.0,10000.0,10000.0,0,0,0,50.0,0.0,0.0,0,0
187000,52.5,52.5,24.5,,,,,1.0,1.0,1.0,50.0,0.0,0.0,0.0,0.0,0.0,100.0,100.0,100.0,10000.0,10000.0,10000.0,0,0,0,50.0,0.0,0.0,0,0
187200,52.5,52.5,24.5,,,,,1.0,1.0,1.0,50.0,0.0,0.0,0.0,0.0,0.0,100.0,100.0,100.0,10000.0,10000.0,10000.0,0,0,0,50.0,0.0,0.0,0,0
187400,52.5,52.5,24.5,,,,,1.0,1.0,1.0,50.0,0.0,0.0,0.0,0.0,0.0,100.0,100.0,100.0,10000.0,10000.0,10000.0,0,0,0,50.0,0.0,0.0,0,0
187600,52.5,52.5,24.5,,,,,1.0,1.0,1.0,50.0,0.0,0.0,0.0,0.0,0.0,100.0,100.0,100.0,10000.0,10000.0,10000.0,0,0,0,50.0,0.0,0.0,0,0
187800,52.5,52.5,24.5,,,,,1.0,1.0,1.0,50.0,0.0,0.0,0.0,0.0,0.0,100.0,100.0,100.0,10000.0,10000.0,10000.0,0,0,0,50.0,0.0,0.0,0,0
188000,53.0,52.5,24.5,,,,,1.0,1.0,1.0,50.0,0.0,0.0,0.0,0.0,0.0,100.0,100.0,100.0,10000.0,10000.0,10000.0,0,0,0,50.0,0.0,0.0,0,0
188200,53.0,52.5,24.5,,,,,1.0,1.0,1.0,50.0,0.0,0.0,0.0,0.0,0.0,100.0,100.0,100.0,10000.0,10000.0,10000.0,0,0,0,50.0,0.0,0.0,0,0
188400,53.0,52.5,24.5,,,,,1.0,1.0,1.0,50.0,0.0,0.0,0.0,0.0,0.0,100.0,100.0,100.0,10000.0,10000.0,10000.0,0,0,0,50.0,0.0,0.0,0,0
188600,53.0,52.5,24.5,,,,,1.0,1.0,1.0,50.0,0.0,0.0,0.0,0.0,0.0,100.0,100.0,100.0,10000.0,10000.0,10000.0,0,0,0,50.0,0.0,0.0,0,0
188800,53.0,52.5,24.5,,,,,1.0,1.0,1.0,50.0,0.0,0.0,0.0,0.0,0.0,100.0,100.0,100.0,10000.0,10000.0,10000.0,0,0,0,50.0,0.0,0.0,0,0
189000,53.0,52.5,24.5,,,,,1.0,1.0,1.0,50.0,0.0,0.0,0.0,0.0,0.0,100.0,100.0,100.0,10000.0,10000.0,10000.0,0,0,0,50.0,0.0,0.0,0,0
189200,53.0,52.5,24.5,,,,,1.0,1.0,1.0,50.0,0.0,0.0,0.0,0.0,0.0,100.0,100.0,100.0,10000.0,10000.0,10000.0,0,0,0,50.0,0.0,0.0,0,0
189400,53.0,52.5,24.5,,,,,1.0,1.0,1.0,50.0,0.0,0.0,0.0,0.0,0.0,100.0,100.0,100.0,10000.0,10000.0,10000.0,0,0,0,50.0,0.0,0.0,0,0
189600,53.0,52.5,24.5,,,,,1.0,1.0,1.0,50.0,0.0,0.0,0.0,0.0,0.0,100.0,100.0,100.0,10000.0,10000.0,10000.0,0,0,0,50.0,0.0,0.0,0,0
189800,53.0,52.5,24.5,,,,,1.0,1.0,1.0,50.0,0.0,0.0,0.0,0.0,0.0,100.0,100.0,100.0,10000.0,10000.0,10000.0,0,0,0,50.0,0.0,0.0,0,0
190000,53.0,52.5,24.5,,,,,1.0,1.0,1.0,50.0,0.0,0.0,0.0,0.0,0.0,100.0,100.0,100.0,10000.0,10000.0,10000.0,0,0,0,50.0,0.0,0.0,0,0
190200,53.0,52.5,24.5,,,,,1.0,1.0,1.0,50.0,0.0,0.0,0.0,0.0,0.0,100.0,100.0,100.0,10000.0,10000.0,10000.0,0,0,0,50.0,0.0,0.0,0,0
190400,53.0,52.5,24.5,,,,,1.0,1.0,1.0,50.0,0.0,0.0,0.0,0.0,0.0,100.0,100.0,100.0,10000.0,10000.0,10000.0,0,0,0,50.0,0.0,0.0,0,0
190600,53.0,53.0,24.5,,,,,1.0,1.0,1.0,50.0,0.0,0.0,0.0,0.0,0.0,100.0,100.0,100.0,10000.0,10000.0,10000.0,0,0,0,50.0,0.0,0.0,0,0
190800,53.0,53.0,24.5,,,,,1.0,1.0,1.0,50.0,0.0,0.0,0.0,0.0,0.0,100.0,100.0,100.0,10000.0,10000.0,10000.0,0,0,0,50.0,0.0,0.0,0,0
191000,53.0,53.0,24.5,,,,,1.0,1.0,1.0,50.0,0.0,0.0,0.0,0.0,0.0,100.0,100.0,100.0,10000.0,10000.0,10000.0,0,0,0,50.0,0.0,0.0,0,0
191200,53.0,53.0,24.5,,,,,1.0,1.0,1.0,50.0,0.0,0.0,0.0,0.0,0.0,100.0,100.0,100.0,10000.0,10000.0,10000.0,0,0,0,50.0,0.0,0.0,0,0
191400,53.0,53.0,24.5,,,,,1.0,1.0,1.0,50.0,0.0,0.0,0.0,0.0,0.0,100.0,100.0,100.0,10000.0,10000.0,10000.0,0,0,0,50.0,0.0,0.0,0,0
191600,53.0,53.0,24.5,,,,,1.0,1.0,1.0,50.0,0.0,0.0,0.0,0.0,0.0,100.0,100.0,100.0,10000.0,10000.0,10000.0,0,0,0,50.0,0.0,0.0,0,0
191800,53.0,53.0,24.5,,,,,1.0,1.0,1.0,50.0,0.0,0.0,0.0,0.0,0.0,100.0,100.0,100.0,10000.0,10000.0,10000.0,0,0,0,50.0,0.0,0.0,0,0
192000,53.0,53.0,24.5,,,,,1.0,1.0,1.0,50.0,0.0,0.0,0.0,0.0,0.0,100.0,100.0,100.0,10000.0,10000.0,10000.0,0,0,0,50.0,0.0,0.0,0,0
192200,53.0,53.0,24.5,,,,,1.0,1.0,1.0,50.0,0.0,0.0,0.0,0.0,0.0,100.0,100.0,100.0,10000.0,10000.0,10000.0,0,0,0,50.0,0.0,0.0,0,0
192400,53.0,53.0,24.5,,,,,1.0,1.0,1.0,50.0,0.0,0.0,0.0,0.0,0.0,100.0,100.0,100.0,10000.0,10000.0,10000.0,0,0,0,50.0,0.0,0.0,0,0
192600,53.0,53.0,24.5,,,,,1.0,1.0,1.0,50.0,0.0,0.0,0.0,0.0,0.0,100.0,100.0,100.0,10000.0,10000.0,10000.0,0,0,0,50.0,0.0,0.0,0,0
192800,53.0,53.0,24.5,,,,,1.0,1.0,1.0,50.0,0.0,0.0,0.0,0.0,0.0,100.0,100.0,100.0,10000.0,10000.0,10000.0,0,0,0,50.0,0.0,0.0,0,0
193000,53.0,53.0,24.5,,,,,1.0,1.0,1.0,50.0,0.0,0.0,0.0,0.0,0.0,100.0,100.0,100.0,10000.0,10000.0,10000.0,0,0,0,50.0,0.0,0.0,0,0
193200,53.0,53.0,24.5,,,,,1.0,1.0,1.0,50.0,0.0,0.0,0.0,0.0,0.0,100.0,100.0,100.0,10000.0,10000.0,10000.0,0,0,0,50.0,0.0,0.0,0,0
193400,53.0,53.0,24.5,,,,,1.0,1.0,1.0,50.0,0.0,0.0,0.0,0.0,0.0,100.0,100.0,100.0,10000.0,10000.0,10000.0,0,0,0,50.0,0.0,0.0,0,0
193600,53.0,53.0,24.5,,,,,1.0,1.0,1.0,50.0,0.0,0.0,0.0,0.0,0.0,100.0,100.0,100.0,10000.0,10000.0,10000.0,0,0,0,50.0,0.0,0.0,0,0
193800,53.0,53.0,24.5,,,,,1.0,1.0,1.0,50.0,0.0,0.0,0.0,0.0,0.0,100.0,100.0,100.0,10000.0,10000.0,10000.0,0,0,0,50.0,0.0,0.0,0,0
194000,53.0,53.0,24.5,,,,,1.0,1.0,1.0,50.0,0.0,0.0,0.0,0.0,0.0,100.0,100.0,100.0,10000.0,10000.0,10000.0,0,0,0,50.0,0.0,0.0,0,0
194200,53.0,53.0,24.5,,,,,1.0,1.0,1.0,50.0,0.0,0.0,0.0,0.0,0.0,100.0,100.0,100.0,10000.0,10000.0,10000.0,0,0,0,50.0,0.0,0.0,0,0
194400,53.0,53.0,24.5,,,,,1.0,1.0,1.0,50.0,0.0,0.0,0.0,0.0,0.0,100.0,100.0,100.0,10000.0,10000.0,10000.0,0,0,0,50.0,0.0,0.0,0,0
194600,53.0,53.0,24.5,,,,,1.0,1.0,1.0,50.0,0.0,0.0,0.0,0.0,0.0,100.0,100.0,100.0,10000.0,10000.0,10000.0,0,0,0,50.0,0.0,0.0,0,0
194800,53.0,53.0,24.5,,,,,1.0,1.0,1.0,50.0,0.0,0.0,0.0,0.0,0.0,100.0,100.0,100.0,10000.0,10000.0,10000.0,0,0,0,50.0,0.0,0.0,0,0
195000,53.0,53.0,24.5,,,,,1.0,1.0,1.0,50.0,0.0,0.0,0.0,0.0,0.0,100.0,100.0,100.0,10000.0,10000.0,10000.0,0,0,0,50.0,0.0,0.0,0,0
195200,53.0,53.0,24.5,,,,,1.0,1.0,1.0,50.0,0.0,0.0,0.0,0.0,0.0,100.0,100.0,100.0,10000.0,10000.0,10000.0,0,0,0,50.0,0.0,0.0,0,0
195400,53.0,53.0,24.5,,,,,1.0,1.0,1.0,50.0,0.0,0.0,0.0,0.0,0.0,100.0,100.0,100.0,10000.0,10000.0,10000.0,0,0,0,50.0,0.0,0.0,0,0
195600,53.5,53.5,24.5,,,,,1.0,1.0,1.0,50.0,0.0,0.0,0.0,0.0,0.0,100.0,100.0,100.0,10000.0,10000.0,10000.0,0,0,0,50.0,0.0,0.0,0,0
195800,53.5,53.5,24.5,,,,,1.0,1.0,1.0,50.0,0.0,0.0,0.0,0.0,0.0,100.0,100.0,100.0,10000.0,10000.0,10000.0,0,0,0,50.0,0.0,0.0,0,0
196000,53.5,53.5,24.5,,,,,1.0,1.0,1.0,50.0,0.0,0.0,0.0,0.0,0.0,100.0,100.0,100.0,10000.0,10000.0,10000.0,0,0,0,50.0,0.0,0.0,0,0
196200,53.5,53.5,24.5,,,,,1.0,1.0,1.0,50.0,0.0,0.0,0.0,0.0,0.0,100.0,100.0,100.0,10000.0,10000.0,10000.0,0,0,0,50.0,0.0,0.0,0,0
196400,53.5,53.5,24.5,,,,,1.0,1.0,1.0,50.0,0.0,0.0,0.0,0.0,0.0,100.0,100.0,100.0,10000.0,10000.0,10000.0,0,0,0,50.0,0.0,0.0,0,0
196600,53.5,53.5,24.5,,,,,1.0,1.0,1.0,50.0,0.0,0.0,0.0,0.0,0.0,100.0,100.0,100.0,10000.0,10000.0,10000.0,0,0,0,50.0,0.0,0.0,0,0
196800,53.5,53.5,24.5,,,,,1.0,1.0,1.0,50.0,0.0,0.0,0.0,0.0,0.0,100.0,100.0,100.0,10000.0,10000.0,10000.0,0,0,0,50.0,0.0,0.0,0,0
197000,53.5,53.5,24.5,,,,,1.0,1.0,1.0,50.0,0.0,0.0,0.0,0.0,0.0,100.0,100.0,100.0,10000.0,10000.0,10000.0,0,0,0,50.0,0.0,0.0,0,0
197200,53.5,53.5,24.5,,,,,1.0,1.0,1.0,50.0,0.0,0.0,0.0,0.0,0.0,100.0,100.0,100.0,10000.0,10000.0,10000.0,0,0,0,50.0,0.0,0.0,0,0
197400,53.5,53.5,24.5,,,,,1.0,1.0,1.0,50.0,0.0,0.0,0.0,0.0,0.0,100.0,100.0,100.0,10000.0,10000.0,10000.0,0,0,0,50.0,0.0,0.0,0,0
197600,53.5,53.5,24.5,,,,,1.0,1.0,1.0,50.0,0.0,0.0,0.0,0.0,0.0,100.0,100.0,100.0,10000.0,10000.0,10000.0,0,0,0,50.0,0.0,0.0,0,0
197800,53.5,53.5,24.5,,,,,1.0,1.0,1.0,50.0,0.0,0.0,0.0,0.0,0.0,100.0,100.0,100.0,10000.0,10000.0,10000.0,0,0,0,50.0,0.0,0.0,0,0
198000,53.5,53.5,24.5,,,,,1.0,1.0,1.0,50.0,0.0,0.0,0.0,0.0,0.0,100.0,100.0,100.0,10000.0,10000.0,10000.0,0,0,0,50.0,0.0,0.0,0,0
198200,53.5,53.5,24.5,,,,,1.0,1.0,1.0,50.0,0.0,0.0,0.0,0.0,0.0,100.0,100.0,100.0,10000.0,10000.0,10000.0,0,0,0,50.0,0.0,0.0,0,0
198400,53.5,53.5,24.5,,,,,1.0,1.0,1.0,50.0,0.0,0.0,0.0,0.0,0.0,100.0,100.0,100.0,10000.0,10000.0,10000.0,0,0,0,50.0,0.0,0.0,0,0
198600,53.5,53.5,24.5,,,,,1.0,1.0,1.0,50.0,0.0,0.0,0.0,0.0,0.0,100.0,100.0,100.0,10000.0,10000.0,10000.0,0,0,0,50.0,0.0,0.0,0,0
198800,53.5,53.5,24.5,,,,,1.0,1.0,1.0,50.0,0.0,0.0,0.0,0.0,0.0,100.0,100.0,100.0,10000.0,10000.0,10000.0,0,0,0,50.0,0.0,0.0,0,0
199000,53.5,53.5,24.5,,,,,1.0,1.0,1.0,50.0,0.0,0.0,0.0,0.0,0.0,100.0,100.0,100.0,10000.0,10000.0,10000.0,0,0,0,50.0,0.0,0.0,0,0
199200,53.5,53.5,24.5,,,,,1.0,1.0,1.0,50.0,0.0,0.0,0.0,0.0,0.0,100.0,100.0,100.0,10000.0,10000.0,10000.0,0,0,0,50.0,0.0,0.0,0,0
199400,53.5,53.5,24.5,,,,,1.0,1.0,1.0,50.0,0.0,0.0,0.0,0.0,0.0,100.0,100.0,100.0,10000.0,10000.0,10000.0,0,0,0,50.0,0.0,0.0,0,0
199600,53.5,53.5,24.5,,,,,1.0,1.0,1.0,50.0,0.0,0.0,0.0,0.0,0.0,100.0,100.0,100.0,10000.0,10000.0,10000.0,0,0,0,50.0,0.0,0.0,0,0
199800,53.5,53.5,24.5,,,,,1.0,1.0,1.0,50.0,0.0,0.0,0.0,0.0,0.0,100.0,100.0,100.0,10000.0,10000.0,10000.0,0,0,0,50.0,0.0,0.0,0,0
200000,53.5,53.5,24.5,,,,,1.0,1.0,1.0,50.0,0.0,0.0,0.0,0.0,0.0,100.0,100.0,100.0,10000.0,10000.0,10000.0,0,0,0,50.0,0.0,0.0,0,0
200200,53.5,53.5,24.5,,,,,1.0,1.0,1.0,50.0,0.0,0.0,0.0,0.0,0.0,100.0,100.0,100.0,10000.0,10000.0,10000.0,0,0,0,50.0,0.0,0.0,0,0
200400,53.5,53.5,24.5,,,,,1.0,1.0,1.0,50.0,0.0,0.0,0.0,0.0,0.0,100.0,100.0,100.0,10000.0,10000.0,10000.0,0,0,0,50.0,0.0,0.0,0,0
200600,53.5,53.5,24.5,,,,,1.0,1.0,1.0,50.0,0.0,0.0,0.0,0.0,0.0,100.0,100.0,100.0,10000.0,10000.0,10000.0,0,0,0,50.0,0.0,0.0,0,0
200800,53.5,53.5,24.5,,,,,1.0,1.0,1.0,50.0,0.0,0.0,0.0,0.0,0.0,100.0,100.0,100.0,10000.0,10000.0,10000.0,0,0,0,50.0,0.0,0.0,0,0
201000,53.5,54.0,24.5,,,,,1.0,1.0,1.0,50.0,0.0,0.0,0.0,0.0,0.0,100.0,100.0,100.0,10000.0,10000.0,10000.0,0,0,0,50.0,0.0,0.0,0,0
201200,53.5,54.0,24.5,,,,,1.0,1.0,1.0,50.0,0.0,0.0,0.0,0.0,0.0,100.0,100.0,100.0,10000.0,10000.0,10000.0,0,0,0,50.0,0.0,0.0,0,0
201400,53.5,54.0,24.5,,,,,1.0,1.0,1.0,50.0,0.0,0.0,0.0,0.0,0.0,100.0,100.0,100.0,10000.0,10000.0,10000.0,0,0,0,50.0,0.0,0.0,0,0
201600,53.5,54.0,24.5,,,,,1.0,1.0,1.0,50.0,0.0,0.0,0.0,0.0,0.0,100.0,100.0,100.0,10000.0,10000.0,10000.0,0,0,0,50.0,0.0,0.0,0,0
201800,53.5,54.0,24.5,,,,,1.0,1.0,1.0,50.0,0.0,0.0,0.0,0.0,0.0,100.0,100.0,100.0,10000.0,10000.0,10000.0,0,0,0,50.0,0.0,0.0,0,0
202000,53.5,54.0,24.5,,,,,1.0,1.0,1.0,50.0,0.0,0.0,0.0,0.0,0.0,100.0,100.0,100.0,10000.0,10000.0,10000.0,0,0,0,50.0,0.0,0.0,0,0
202200,53.5,54.0,24.5,,,,,1.0,1.0,1.0,50.0,0.0,0.0,0.0,0.0,0.0,100.0,100.0,100.0,10000.0,10000.0,10000.0,0,0,0,50.0,0.0,0.0,0,0
202400,53.5,54.0,24.5,,,,,1.0,1.0,1.0,50.0,0.0,0.0,0.0,0.0,0.0,100.0,100.0,100.0,10000.0,10000.0,10000.0,0,0,0,50.0,0.0,0.0,0,0
202600,54.0,54.0,24.5,,,,,1.0,1.0,1.0,50.0,0.0,0.0,0.0,0.0,0.0,100.0,100.0,100.0,10000.0,10000.0,10000.0,0,0,0,50.0,0.0,0.0,0,0
202800,54.0,54.0,24.5,,,,,1.0,1.0,1.0,50.0,0.0,0.0,0.0,0.0,0.0,100.0,100.0,100.0,10000.0,10000.0,10000.0,0,0,0,50.0,0.0,0.0,0,0
203000,54.0,54.0,24.5,,,,,1.0,1.0,1.0,50.0,0.0,0.0,0.0,0.0,0.0,100.0,100.0,100.0,10000.0,10000.0,10000.0,0,0,0,50.0,0.0,0.0,0,0
203200,54.0,54.0,24.5,,,,,1.0,1.0,1.0,50.0,0.0,0.0,0.0,0.0,0.0,100.0,100.0,100.0,10000.0,10000.0,10000.0,0,0,0,50.0,0.0,0.0,0,0
203400,54.0,54.0,24.5,,,,,1.0,1.0,1.0,50.0,0.0,0.0,0.0,0.0,0.0,100.0,100.0,100.0,10000.0,10000.0,10000.0,0,0,0,50.0,0.0,0.0,0,0
203600,54.0,54.0,24.5,,,,,1.0,1.0,1.0,50.0,0.0,0.0,0.0,0.0,0.0,100.0,100.0,100.0,10000.0,10000.0,10000.0,0,0,0,50.0,0.0,0.0,0,0
203800,54.0,54.0,24.5,,,,,1.0,1.0,1.0,50.0,0.0,0.0,0.0,0.0,0.0,100.0,100.0,100.0,10000.0,10000.0,10000.0,0,0,0,50.0,0.0,0.0,0,0
204000,54.0,54.0,24.5,,,,,1.0,1.0,1.0,50.0,0.0,0.0,0.0,0.0,0.0,100.0,100.0,100.0,10000.0,10000.0,10000.0,0,0,0,50.0,0.0,0.0,0,0
204200,54.0,54.0,24.5,,,,,1.0,1.0,1.0,50.0,0.0,0.0,0.0,0.0,0.0,100.0,100.0,100.0,10000.0,10000.0,10000.0,0,0,0,50.0,0.0,0.0,0,0
204400,54.0,54.0,24.5,,,,,1.0,1.0,1.0,50.0,0.0,0.0,0.0,0.0,0.0,100.0,100.0,100.0,10000.0,10000.0,10000.0,0,0,0,50.0,0.0,0.0,0,0
204600,54.0,54.0,24.5,,,,,1.0,1.0,1.0,50.0,0.0,0.0,0.0,0.0,0.0,100.0,100.0,100.0,10000.0,10000.0,10000.0,0,0,0,50.0,0.0,0.0,0,0
204800,54.0,54.0,24.5,,,,,1.0,1.0,1.0,50.0,0.0,0.0,0.0,0.0,0.0,100.0,100.0,100.0,10000.0,10000.0,10000.0,0,0,0,50.0,0.0,0.0,0,0
205000,54.0,54.0,24.5,,,,,1.0,1.0,1.0,50.0,0.0,0.0,0.0,0.0,0.0,100.0,100.0,100.0,10000.0,10000.0,10000.0,0,0,0,50.0,0.0,0.0,0,0
205200,54.0,54.0,24.5,,,,,1.0,1.0,1.0,50.0,0.0,0.0,0.0,0.0,0.0,100.0,100.0,100.0,10000.0,10000.0,10000.0,0,0,0,50.0,0.0,0.0,0,0
205400,54.0,54.0,24.5,,,,,1.0,1.0,1.0,50.0,0.0,0.0,0.0,0.0,0.0,100.0,100.0,100.0,10000.0,10000.0,10000.0,0,0,0,50.0,0.0,0.0,0,0
205600,54.0,54.0,24.5,,,,,1.0,1.0,1.0,50.0,0.0,0.0,0.0,0.0,0.0,100.0,100.0,100.0,10000.0,10000.0,10000.0,0,0,0,50.0,0.0,0.0,0,0
205800,54.0,54.0,24.5,,,,,1.0,1.0,1.0,50.0,0.0,0.0,0.0,0.0,0.0,100.0,100.0,100.0,10000.0,10000.0,10000.0,0,0,0,50.0,0.0,0.0,0,0
206000,54.0,54.0,24.5,,,,,1.0,1.0,1.0,50.0,0.0,0.0,0.0,0.0,0.0,100.0,100.0,100.0,10000.0,10000.0,10000.0,0,0,0,50.0,0.0,0.0,0,0
206200,54.0,54.0,24.5,,,,,1.0,1.0,1.0,50.0,0.0,0.0,0.0,0.0,0.0,100.0,100.0,100.0,10000.0,10000.0,10000.0,0,0,0,50.0,0.0,0.0,0,0
206400,54.0,54.0,24.5,,,,,1.0,1.0,1.0,50.0,0.0,0.0,0.0,0.0,0.0,100.0,100.0,100.0,10000.0,10000.0,10000.0,0,0,0,50.0,0.0,0.0,0,0
206600,54.0,54.0,24.5,,,,,1.0,1.0,1.0,50.0,0.0,0.0,0.0,0.0,0.0,100.0,100.0,100.0,10000.0,10000.0,10000.0,0,0,0,50.0,0.0,0.0,0,0
206800,54.0,54.0,24.5,,,,,1.0,1.0,1.0,50.0,0.0,0.0,0.0,0.0,0.0,100.0,100.0,100.0,10000.0,10000.0,10000.0,0,0,0,50.0,0.0,0.0,0,0
207000,54.0,54.0,24.5,,,,,1.0,1.0,1.0,50.0,0.0,0.0,0.0,0.0,0.0,100.0,100.0,100.0,10000.0,10000.0,10000.0,0,0,0,50.0,0.0,0.0,0,0
207200,54.0,54.0,24.5,,,,,1.0,1.0,1.0,50.0,0.0,0.0,0.0,0.0,0.0,100.0,100.0,100.0,10000.0,10000.0,10000.0,0,0,0,50.0,0.0,0.0,0,0
207400,54.0,54.0,24.5,,,,,1.0,1.0,1.0,50.0,0.0,0.0,0.0,0.0,0.0,100.0,100.0,100.0,10000.0,10000.0,10000.0,0,0,0,50.0,0.0,0.0,0,0
207600,54.0,54.5,24.5,,,,,1.0,1.0,1.0,50.0,0.0,0.0,0.0,0.0,0.0,100.0,100.0,100.0,10000.0,10000.0,10000.0,0,0,0,50.0,0.0,0.0,0,0
207800,54.0,54.5,24.5,,,,,1.0,1.0,1.0,50.0,0.0,0.0,0.0,0.0,0.0,100.0,100.0,100.0,10000.0,10000.0,10000.0,0,0,0,50.0,0.0,0.0,0,0
208000,54.0,54.5,24.5,,,,,1.0,1.0,1.0,50.0,0.0,0.0,0.0,0.0,0.0,100.0,100.0,100.0,10000.0,10000.0,10000.0,0,0,0,50.0,0.0,0.0,0,0
208200,54.0,54.5,24.5,,,,,1.0,1.0,1.0,50.0,0.0,0.0,0.0,0.0,0.0,100.0,100.0,100.0,10000.0,10000.0,10000.0,0,0,0,50.0,0.0,0.0,0,0
208400,54.0,54.5,24.5,,,,,1.0,1.0,1.0,50.0,0.0,0.0,0.0,0.0,0.0,100.0,100.0,100.0,10000.0,10000.0,10000.0,0,0,0,50.0,0.0,0.0,0,0
208600,54.5,54.5,24.5,,,,,1.0,1.0,1.0,50.0,0.0,0.0,0.0,0.0,0.0,100.0,100.0,100.0,10000.0,10000.0,10000.0,0,0,0,50.0,0.0,0.0,0,0
208800,54.5,54.5,24.5,,,,,1.0,1.0,1.0,50.0,0.0,0.0,0.0,0.0,0.0,100.0,100.0,100.0,10000.0,10000.0,10000.0,0,0,0,50.0,0.0,0.0,0,0
209000,54.5,54.5,24.5,,,,,1.0,1.0,1.0,50.0,0.0,0.0,0.0,0.0,0.0,100.0,100.0,100.0,10000.0,10000.0,10000.0,0,0,0,50.0,0.0,0.0,0,0
209200,54.5,54.5,24.5,,,,,1.0,1.0,1.0,50.0,0.0,0.0,0.0,0.0,0.0,100.0,100.0,100.0,10000.0,10000.0,10000.0,0,0,0,50.0,0.0,0.0,0,0
209400,54.5,54.5,24.5,,,,,1.0,1.0,1.0,50.0,0.0,0.0,0.0,0.0,0.0,100.0,100.0,100.0,10000.0,10000.0,10000.0,0,0,0,50.0,0.0,0.0,0,0
209600,54.5,54.5,24.5,,,,,1.0,1.0,1.0,50.0,0.0,0.0,0.0,0.0,0.0,100.0,100.0,100.0,10000.0,10000.0,10000.0,0,0,0,50.0,0.0,0.0,0,0
209800,54.5,54.5,24.5,,,,,1.0,1.0,1.0,50.0,0.0,0.0,0.0,0.0,0.0,100.0,100.0,100.0,10000.0,10000.0,10000.0,0,0,0,50.0,0.0,0.0,0,0
210000,54.5,54.5,24.5,,,,,1.0,1.0,1.0,50.0,0.0,0.0,0.0,0.0,0.0,100.0,100.0,100.0,10000.0,10000.0,10000.0,0,0,0,50.0,0.0,0.0,0,0
210200,54.5,54.5,24.5,,,,,1.0,1.0,1.0,50.0,0.0,0.0,0.0,0.0,0.0,100.0,100.0,100.0,10000.0,10000.0,10000.0,0,0,0,50.0,0.0,0.0,0,0
210400,54.5,54.5,24.5,,,,,1.0,1.0,1.0,50.0,0.0,0.0,0.0,0.0,0.0,100.0,100.0,100.0,10000.0,10000.0,10000.0,0,0,0,50.0,0.0,0.0,0,0
210600,54.5,54.5,24.5,,,,,1.0,1.0,1.0,50.0,0.0,0.0,0.0,0.0,0.0,100.0,100.0,100.0,10000.0,10000.0,10000.0,0,0,0,50.0,0.0,0.0,0,0
210800,54.5,54.5,24.5,,,,,1.0,1.0,1.0,50.0,0.0,0.0,0.0,0.0,0.0,100.0,100.0,100.0,10000.0,10000.0,10000.0,0,0,0,50.0,0.0,0.0,0,0
211000,54.5,54.5,24.5,,,,,1.0,1.0,1.0,50.0,0.0,0.0,0.0,0.0,0.0,100.0,100.0,100.0,10000.0,10000.0,10000.0,0,0,0,50.0,0.0,0.0,0,0
211200,54.5,54.5,24.5,,,,,1.0,1.0,1.0,50.0,0.0,0.0,0.0,0.0,0.0,100.0,100.0,100.0,10000.0,10000.0,10000.0,0,0,0,50.0,0.0,0.0,0,0
211400,54.5,54.5,24.5,,,,,1.0,1.0,1.0,50.0,0.0,0.0,0.0,0.0,0.0,100.0,100.0,100.0,10000.0,10000.0,10000.0,0,0,0,50.0,0.0,0.0,0,0
211600,54.5,54.5,24.5,,,,,1.0,1.0,1.0,50.0,0.0,0.0,0.0,0.0,0.0,100.0,100.0,100.0,10000.0,10000.0,10000.0,0,0,0,50.0,0.0,0.0,0,0
211800,54.5,54.5,24.5,,,,,1.0,1.0,1.0,50.0,0.0,0.0,0.0,0.0,0.0,100.0,100.0,100.0,10000.0,10000.0,10000.0,0,0,0,50.0,0.0,0.0,0,0
212000,54.5,54.5,24.5,,,,,1.0,1.0,1.0,50.0,0.0,0.0,0.0,0.0,0.0,100.0,100.0,100.0,10000.0,10000.0,10000.0,0,0,0,50.0,0.0,0.0,0,0
212200,54.5,54.5,24.5,,,,,1.0,1.0,1.0,50.0,0.0,0.0,0.0,0.0,0.0,100.0,100.0,100.0,10000.0,10000.0,10000.0,0,0,0,50.0,0.0,0.0,0,0
212400,54.5,54.5,24.5,,,,,1.0,1.0,1.0,50.0,0.0,0.0,0.0,0.0,0.0,100.0,100.0,100.0,10000.0,10000.0,10000.0,0,0,0,50.0,0.0,0.0,0,0
212600,54.5,54.5,24.5,,,,,1.0,1.0,1.0,50.0,0.0,0.0,0.0,0.0,0.0,100.0,100.0,100.0,10000.0,10000.0,10000.0,0,0,0,50.0,0.0,0.0,0,0
212800,54.5,54.5,24.5,,,,,1.0,1.0,1.0,50.0,0.0,0.0,0.0,0.0,0.0,100.0,100.0,100.0,10000.0,10000.0,10000.0,0,0,0,50.0,0.0,0.0,0,0
213000,54.5,54.5,24.5,,,,,1.0,1.0,1.0,50.0,0.0,0.0,0.0,0.0,0.0,100.0,100.0,100.0,10000.0,10000.0,10000.0,0,0,0,50.0,0.0,0.0,0,0
213200,54.5,54.5,24.5,,,,,1.0,1.0,1.0,50.0,0.0,0.0,0.0,0.0,0.0,100.0,100.0,100.0,10000.0,10000.0,10000.0,0,0,0,50.0,0.0,0.0,0,0
213400,54.5,54.5,24.5,,,,,1.0,1.0,1.0,50.0,0.0,0.0,0.0,0.0,0.0,100.0,100.0,100.0,10000.0,10000.0,10000.0,0,0,0,50.0,0.0,0.0,0,0
213600,54.5,54.5,24.5,,,,,1.0,1.0,1.0,50.0,0.0,0.0,0.0,0.0,0.0,100.0,100.0,100.0,10000.0,10000.0,10000.0,0,0,0,50.0,0.0,0.0,0,0
213800,54.5,54.5,24.5,,,,,1.0,1.0,1.0,50.0,0.0,0.0,0.0,0.0,0.0,100.0,100.0,100.0,10000.0,10000.0,10000.0,0,0,0,50.0,0.0,0.0,0,0
214000,55.0,54.5,24.5,,,,,1.0,1.0,1.0,50.0,0.0,0.0,0.0,0.0,0.0,100.0,100.0,100.0,10000.0,10000.0,10000.0,0,0,0,50.0,0.0,0.0,0,0
214200,55.0,54.5,24.5,,,,,1.0,1.0,1.0,50.0,0.0,0.0,0.0,0.0,0.0,100.0,100.0,100.0,10000.0,10000.0,10000.0,0,0,0,50.0,0.0,0.0,0,0
214400,55.0,54.5,24.5,,,,,1.0,1.0,1.0,50.0,0.0,0.0,0.0,0.0,0.0,100.0,100.0,100.0,10000.0,10000.0,10000.0,0,0,0,50.0,0.0,0.0,0,0
214600,55.0,55.0,24.5,,,,,1.0,1.0,1.0,50.0,0.0,0.0,0.0,0.0,0.0,100.0,100.0,100.0,10000.0,10000.0,10000.0,0,0,0,50.0,0.0,0.0,0,0
214800,55.0,55.0,24.5,,,,,1.0,1.0,1.0,50.0,0.0,0.0,0.0,0.0,0.0,100.0,100.0,100.0,10000.0,10000.0,10000.0,0,0,0,50.0,0.0,0.0,0,0
215000,55.0,55.0,24.5,,,,,1.0,1.0,1.0,50.0,0.0,0.0,0.0,0.0,0.0,100.0,100.0,100.0,10000.0,10000.0,10000.0,0,0,0,50.0,0.0,0.0,0,0
215200,55.0,55.0,24.5,,,,,1.0,1.0,1.0,50.0,0.0,0.0,0.0,0.0,0.0,100.0,100.0,100.0,10000.0,10000.0,10000.0,0,0,0,50.0,0.0,0.0,0,0
215400,55.0,55.0,24.5,,,,,1.0,1.0,1.0,50.0,0.0,0.0,0.0,0.0,0.0,100.0,100.0,100.0,10000.0,10000.0,10000.0,0,0,0,50.0,0.0,0.0,0,0
215600,55.0,55.0,24.5,,,,,1.0,1.0,1.0,50.0,0.0,0.0,0.0,0.0,0.0,100.0,100.0,100.0,10000.0,10000.0,10000.0,0,0,0,50.0,0.0,0.0,0,0
215800,55.0,55.0,24.5,,,,,1.0,1.0,1.0,50.0,0.0,0.0,0.0,0.0,0.0,100.0,100.0,100.0,10000.0,10000.0,10000.0,0,0,0,50.0,0.0,0.0,0,0
216000,55.0,55.0,24.5,,,,,1.0,1.0,1.0,50.0,0.0,0.0,0.0,0.0,0.0,100.0,100.0,100.0,10000.0,10000.0,10000.0,0,0,0,50.0,0.0,0.0,0,0
216200,55.0,55.0,24.5,,,,,1.0,1.0,1.0,50.0,0.0,0.0,0.0,0.0,0.0,100.0,100.0,100.0,10000.0,10000.0,10000.0,0,0,0,50.0,0.0,0.0,0,0
216400,55.0,55.0,24.5,,,,,1.0,1.0,1.0,50.0,0.0,0.0,0.0,0.0,0.0,100.0,100.0,100.0,10000.0,10000.0,10000.0,0,0,0,50.0,0.0,0.0,0,0
216600,55.0,55.0,24.5,,,,,1.0,1.0,1.0,50.0,0.0,0.0,0.0,0.0,0.0,100.0,100.0,100.0,10000.0,10000.0,10000.0,0,0,0,50.0,0.0,0.0,0,0
216800,55.0,55.0,24.5,,,,,1.0,1.0,1.0,50.0,0.0,0.0,0.0,0.0,0.0,100.0,100.0,100.0,10000.0,10000.0,10000.0,0,0,0,50.0,0.0,0.0,0,0
217000,55.0,55.0,24.5,,,,,1.0,1.0,1.0,50.0,0.0,0.0,0.0,0.0,0.0,100.0,100.0,100.0,10000.0,10000.0,10000.0,0,0,0,50.0,0.0,0.0,0,0
217200,55.0,55.0,24.5,,,,,1.0,1.0,1.0,50.0,0.0,0.0,0.0,0.0,0.0,100.0,100.0,100.0,10000.0,10000.0,10000.0,0,0,0,50.0,0.0,0.0,0,0
217400,55.0,55.0,24.5,,,,,1.0,1.0,1.0,50.0,0.0,0.0,0.0,0.0,0.0,100.0,100.0,100.0,10000.0,10000.0,10000.0,0,0,0,50.0,0.0,0.0,0,0
217600,55.0,55.0,24.5,,,,,1.0,1.0,1.0,50.0,0.0,0.0,0.0,0.0,0.0,100.0,100.0,100.0,10000.0,10000.0,10000.0,0,0,0,50.0,0.0,0.0,0,0
217800,55.0,55.0,24.5,,,,,1.0,1.0,1.0,50.0,0.0,0.0,0.0,0.0,0.0,100.0,100.0,100.0,10000.0,10000.0,10000.0,0,0,0,50.0,0.0,0.0,0,0
218000,55.0,55.0,24.5,,,,,1.0,1.0,1.0,50.0,0.0,0.0,0.0,0.0,0.0,100.0,100.0,100.0,10000.0,10000.0,10000.0,0,0,0,50.0,0.0,0.0,0,0
218200,55.0,55.0,24.5,,,,,1.0,1.0,1.0,50.0,0.0,0.0,0.0,0.0,0.0,100.0,100.0,100.0,10000.0,10000.0,10000.0,0,0,0,50.0,0.0,0.0,0,0
218400,55.0,55.0,24.5,,,,,1.0,1.0,1.0,50.0,0.0,0.0,0.0,0.0,0.0,100.0,100.0,100.0,10000.0,10000.0,10000.0,0,0,0,50.0,0.0,0.0,0,0
218600,55.0,55.0,24.5,,,,,1.0,1.0,1.0,50.0,0.0,0.0,0.0,0.0,0.0,100.0,100.0,100.0,10000.0,10000.0,10000.0,0,0,0,50.0,0.0,0.0,0,0
218800,55.0,55.0,24.5,,,,,1.0,1.0,1.0,50.0,0.0,0.0,0.0,0.0,0.0,100.0,100.0,100.0,10000.0,10000.0,10000.0,0,0,0,50.0,0.0,0.0,0,0
219000,55.0,55.0,24.5,,,,,1.0,1.0,1.0,50.0,0.0,0.0,0.0,0.0,0.0,100.0,100.0,100.0,10000.0,10000.0,10000.0,0,0,0,50.0,0.0,0.0,0,0
219200,55.0,55.0,24.5,,,,,1.0,1.0,1.0,50.0,0.0,0.0,0.0,0.0,0.0,100.0,100.0,100.0,10000.0,10000.0,10000.0,0,0,0,50.0,0.0,0.0,0,0
219400,55.0,55.0,24.5,,,,,1.0,1.0,1.0,50.0,0.0,0.0,0.0,0.0,0.0,100.0,100.0,100.0,10000.0,10000.0,10000.0,0,0,0,50.0,0.0,0.0,0,0
219600,55.0,55.0,24.5,,,,,1.0,1.0,1.0,50.0,0.0,0.0,0.0,0.0,0.0,100.0,100.0,100.0,10000.0,10000.0,10000.0,0,0,0,50.0,0.0,0.0,0,0
219800,55.0,55.0,24.5,,,,,1.0,1.0,1.0,50.0,0.0,0.0,0.0,0.0,0.0,100.0,100.0,100.0,10000.0,10000.0,10000.0,0,0,0,50.0,0.0,0.0,0,0
220000,55.0,55.0,24.5,,,,,1.0,1.0,1.0,50.0,0.0,0.0,0.0,0.0,0.0,100.0,100.0,100.0,10000.0,10000.0,10000.0,0,0,0,50.0,0.0,0.0,0,0
220200,55.0,55.0,24.5,,,,,1.0,1.0,1.0,50.0,0.0,0.0,0.0,0.0,0.0,100.0,100.0,100.0,10000.0,10000.0,10000.0,0,0,0,50.0,0.0,0.0,0,0
220400,55.0,55.0,24.5,,,,,1.0,1.0,1.0,50.0,0.0,0.0,0.0,0.0,0.0,100.0,100.0,100.0,10000.0,10000.0,10000.0,0,0,0,50.0,0.0,0.0,0,0
220600,55.5,55.5,24.5,,,,,1.0,1.0,1.0,50.0,0.0,0.0,0.0,0.0,0.0,100.0,100.0,100.0,10000.0,10000.0,10000.0,0,0,0,50.0,0.0,0.0,0,0
220800,55.5,55.5,24.5,,,,,1.0,1.0,1.0,50.0,0.0,0.0,0.0,0.0,0.0,100.0,100.0,100.0,10000.0,10000.0,10000.0,0,0,0,50.0,0.0,0.0,0,0
221000,55.5,55.5,24.5,,,,,1.0,1.0,1.0,50.0,0.0,0.0,0.0,0.0,0.0,100.0,100.0,100.0,10000.0,10000.0,10000.0,0,0,0,50.0,0.0,0.0,0,0
221200,55.5,55.5,24.5,,,,,1.0,1.0,1.0,50.0,0.0,0.0,0.0,0.0,0.0,100.0,100.0,100.0,10000.0,10000.0,10000.0,0,0,0,50.0,0.0,0.0,0,0
221400,55.5,55.5,24.5,,,,,1.0,1.0,1.0,50.0,0.0,0.0,0.0,0.0,0.0,100.0,100.0,100.0,10000.0,10000.0,10000.0,0,0,0,50.0,0.0,0.0,0,0
221600,55.5,55.5,24.5,,,,,1.0,1.0,1.0,50.0,0.0,0.0,0.0,0.0,0.0,100.0,100.0,100.0,10000.0,10000.0,10000.0,0,0,0,50.0,0.0,0.0,0,0
221800,55.5,55.5,24.5,,,,,1.0,1.0,1.0,50.0,0.0,0.0,0.0,0.0,0.0,100.0,100.0,100.0,10000.0,10000.0,10000.0,0,0,0,50.0,0.0,0.0,0,0
222000,55.5,55.5,24.5,,,,,1.0,1.0,1.0,50.0,0.0,0.0,0.0,0.0,0.0,100.0,100.0,100.0,10000.0,10000.0,10000.0,0,0,0,50.0,0.0,0.0,0,0
222200,55.5,55.5,24.5,,,,,1.0,1.0,1.0,50.0,0.0,0.0,0.0,0.0,0.0,100.0,100.0,100.0,10000.0,10000.0,10000.0,0,0,0,50.0,0.0,0.0,0,0
222400,55.5,55.5,24.5,,,,,1.0,1.0,1.0,50.0,0.0,0.0,0.0,0.0,0.0,100.0,100.0,100.0,10000.0,10000.0,10000.0,0,0,0,50.0,0.0,0.0,0,0
222600,55.5,55.5,24.5,,,,,1.0,1.0,1.0,50.0,0.0,0.0,0.0,0.0,0.0,100.0,100.0,100.0,10000.0,10000.0,10000.0,0,0,0,50.0,0.0,0.0,0,0
222800,55.5,55.5,24.5,,,,,1.0,1.0,1.0,50.0,0.0,0.0,0.0,0.0,0.0,100.0,100.0,100.0,10000.0,10000.0,10000.0,0,0,0,50.0,0.0,0.0,0,0
223000,55.5,55.5,24.5,,,,,1.0,1.0,1.0,50.0,0.0,0.0,0.0,0.0,0.0,100.0,100.0,100.0,10000.0,10000.0,10000.0,0,0,0,50.0,0.0,0.0,0,0
223200,55.5,55.5,24.5,,,,,1.0,1.0,1.0,50.0,0.0,0.0,0.0,0.0,0.0,100.0,100.0,100.0,10000.0,10000.0,10000.0,0,0,0,50.0,0.0,0.0,0,0
223400,55.5,55.5,24.5,,,,,1.0,1.0,1.0,50.0,0.0,0.0,0.0,0.0,0.0,100.0,100.0,100.0,10000.0,10000.0,10000.0,0,0,0,50.0,0.0,0.0,0,0
223600,55.5,55.5,24.5,,,,,1.0,1.0,1.0,50.0,0.0,0.0,0.0,0.0,0.0,100.0,100.0,100.0,10000.0,10000.0,10000.0,0,0,0,50.0,0.0,0.0,0,0
223800,55.5,55.5,24.5,,,,,1.0,1.0,1.0,50.0,0.0,0.0,0.0,0.0,0.0,100.0,100.0,100.0,10000.0,10000.0,10000.0,0,0,0,50.0,0.0,0.0,0,0
224000,55.5,55.5,24.5,,,,,1.0,1.0,1.0,50.0,0.0,0.0,0.0,0.0,0.0,100.0,100.0,100.0,10000.0,10000.0,10000.0,0,0,0,50.0,0.0,0.0,0,0
224200,55.5,55.5,24.5,,,,,1.0,1.0,1.0,50.0,0.0,0.0,0.0,0.0,0.0,100.0,100.0,100.0,10000.0,10000.0,10000.0,0,0,0,50.0,0.0,0.0,0,0
224400,55.5,55.5,24.5,,,,,1.0,1.0,1.0,50.0,0.0,0.0,0.0,0.0,0.0,100.0,100.0,100.0,10000.0,10000.0,10000.0,0,0,0,50.0,0.0,0.0,0,0
224600,55.5,55.5,24.5,,,,,1.0,1.0,1.0,50.0,0.0,0.0,0.0,0.0,0.0,100.0,100.0,100.0,10000.0,10000.0,10000.0,0,0,0,50.0,0.0,0.0,0,0
224800,55.5,55.5,24.5,,,,,1.0,1.0,1.0,50.0,0.0,0.0,0.0,0.0,0.0,100.0,100.0,100.0,10000.0,10000.0,10000.0,0,0,0,50.0,0.0,0.0,0,0
225000,55.5,55.5,24.5,,,,,1.0,1.0,1.0,50.0,0.0,0.0,0.0,0.0,0.0,100.0,100.0,100.0,10000.0,10000.0,10000.0,0,0,0,50.0,0.0,0.0,0,0
225200,55.5,55.5,24.5,,,,,1.0,1.0,1.0,50.0,0.0,0.0,0.0,0.0,0.0,100.0,100.0,100.0,10000.0,10000.0,10000.0,0,0,0,50.0,0.0,0.0,0,0
225400,55.5,55.5,24.5,,,,,1.0,1.0,1.0,50.0,0.0,0.0,0.0,0.0,0.0,100.0,100.0,100.0,10000.0,10000.0,10000.0,0,0,0,50.0,0.0,0.0,0,0
225600,55.5,55.5,24.5,,,,,1.0,1.0,1.0,50.0,0.0,0.0,0.0,0.0,0.0,100.0,100.0,100.0,10000.0,10000.0,10000.0,0,0,0,50.0,0.0,0.0,0,0
225800,55.5,55.5,24.5,,,,,1.0,1.0,1.0,50.0,0.0,0.0,0.0,0.0,0.0,100.0,100.0,100.0,10000.0,10000.0,10000.0,0,0,0,50.0,0.0,0.0,0,0
226000,55.5,55.5,24.5,,,,,1.0,1.0,1.0,50.0,0.0,0.0,0.0,0.0,0.0,100.0,100.0,100.0,10000.0,10000.0,10000.0,0,0,0,50.0,0.0,0.0,0,0
226200,55.5,55.5,24.5,,,,,1.0,1.0,1.0,50.0,0.0,0.0,0.0,0.0,0.0,100.0,100.0,100.0,10000.0,10000.0,10000.0,0,0,0,50.0,0.0,0.0,0,0
226400,55.5,55.5,24.5,,,,,1.0,1.0,1.0,50.0,0.0,0.0,0.0,0.0,0.0,100.0,100.0,100.0,10000.0,10000.0,10000.0,0,0,0,50.0,0.0,0.0,0,0
226600,55.5,56.0,24.5,,,,,1.0,1.0,1.0,50.0,0.0,0.0,0.0,0.0,0.0,100.0,100.0,100.0,10000.0,10000.0,10000.0,0,0,0,50.0,0.0,0.0,0,0
226800,55.5,56.0,24.5,,,,,1.0,1.0,1.0,50.0,0.0,0.0,0.0,0.0,0.0,100.0,100.0,100.0,10000.0,10000.0,10000.0,0,0,0,50.0,0.0,0.0,0,0
227000,56.0,56.0,24.5,,,,,1.0,1.0,1.0,50.0,0.0,0.0,0.0,0.0,0.0,100.0,100.0,100.0,10000.0,10000.0,10000.0,0,0,0,50.0,0.0,0.0,0,0
227200,56.0,56.0,24.5,,,,,1.0,1.0,1.0,50.0,0.0,0.0,0.0,0.0,0.0,100.0,100.0,100.0,10000.0,10000.0,10000.0,0,0,0,50.0,0.0,0.0,0,0
227400,56.0,56.0,24.5,,,,,1.0,1.0,1.0,50.0,0.0,0.0,0.0,0.0,0.0,100.0,100.0,100.0,10000.0,10000.0,10000.0,0,0,0,50.0,0.0,0.0,0,0
227600,56.0,56.0,24.5,,,,,1.0,1.0,1.0,50.0,0.0,0.0,0.0,0.0,0.0,100.0,100.0,100.0,10000.0,10000.0,10000.0,0,0,0,50.0,0.0,0.0,0,0
227800,56.0,56.0,24.5,,,,,1.0,1.0,1.0,50.0,0.0,0.0,0.0,0.0,0.0,100.0,100.0,100.0,10000.0,10000.0,10000.0,0,0,0,50.0,0.0,0.0,0,0
228000,56.0,56.0,24.5,,,,,1.0,1.0,1.0,50.0,0.0,0.0,0.0,0.0,0.0,100.0,100.0,100.0,10000.0,10000.0,10000.0,0,0,0,50.0,0.0,0.0,0,0
228200,56.0,56.0,24.5,,,,,1.0,1.0,1.0,50.0,0.0,0.0,0.0,0.0,0.0,100.0,100.0,100.0,10000.0,10000.0,10000.0,0,0,0,50.0,0.0,0.0,0,0
228400,56.0,56.0,24.5,,,,,1.0,1.0,1.0,50.0,0.0,0.0,0.0,0.0,0.0,100.0,100.0,100.0,10000.0,10000.0,10000.0,0,0,0,50.0,0.0,0.0,0,0
228600,56.0,56.0,24.5,,,,,1.0,1.0,1.0,50.0,0.0,0.0,0.0,0.0,0.0,100.0,100.0,100.0,10000.0,10000.0,10000.0,0,0,0,50.0,0.0,0.0,0,0
228800,56.0,56.0,24.5,,,,,1.0,1.0,1.0,50.0,0.0,0.0,0.0,0.0,0.0,100.0,100.0,100.0,10000.0,10000.0,10000.0,0,0,0,50.0,0.0,0.0,0,0
229000,56.0,56.0,24.5,,,,,1.0,1.0,1.0,50.0,0.0,0.0,0.0,0.0,0.0,100.0,100.0,100.0,10000.0,10000.0,10000.0,0,0,0,50.0,0.0,0.0,0,0
229200,56.0,56.0,24.5,,,,,1.0,1.0,1.0,50.0,0.0,0.0,0.0,0.0,0.0,100.0,100.0,100.0,10000.0,10000.0,10000.0,0,0,0,50.0,0.0,0.0,0,0
229400,56.0,56.0,24.5,,,,,1.0,1.0,1.0,50.0,0.0,0.0,0.0,0.0,0.0,100.0,100.0,100.0,10000.0,10000.0,10000.0,0,0,0,50.0,0.0,0.0,0,0
229600,56.0,56.0,24.5,,,,,1.0,1.0,1.0,50.0,0.0,0.0,0.0,0.0,0.0,100.0,100.0,100.0,10000.0,10000.0,10000.0,0,0,0,50.0,0.0,0.0,0,0
229800,56.0,56.0,24.5,,,,,1.0,1.0,1.0,50.0,0.0,0.0,0.0,0.0,0.0,100.0,100.0,100.0,10000.0,10000.0,10000.0,0,0,0,50.0,0.0,0.0,0,0
230000,56.0,56.0,24.5,,,,,1.0,1.0,1.0,50.0,0.0,0.0,0.0,0.0,0.0,100.0,100.0,100.0,10000.0,10000.0,10000.0,0,0,0,50.0,0.0,0.0,0,0
230200,56.0,56.0,24.5,,,,,1.0,1.0,1.0,50.0,0.0,0.0,0.0,0.0,0.0,100.0,100.0,100.0,10000.0,10000.0,10000.0,0,0,0,50.0,0.0,0.0,0,0
230400,56.0,56.0,24.5,,,,,1.0,1.0,1.0,50.0,0.0,0.0,0.0,0.0,0.0,100.0,100.0,100.0,10000.0,10000.0,10000.0,0,0,0,50.0,0.0,0.0,0,0
230600,56.0,56.0,24.5,,,,,1.0,1.0,1.0,50.0,0.0,0.0,0.0,0.0,0.0,100.0,100.0,100.0,10000.0,10000.0,10000.0,0,0,0,50.0,0.0,0.0,0,0
230800,56.0,56.0,24.5,,,,,1.0,1.0,1.0,50.0,0.0,0.0,0.0,0.0,0.0,100.0,100.0,100.0,10000.0,10000.0,10000.0,0,0,0,50.0,0.0,0.0,0,0
231000,56.0,56.0,24.5,,,,,1.0,1.0,1.0,50.0,0.0,0.0,0.0,0.0,0.0,100.0,100.0,100.0,10000.0,10000.0,10000.0,0,0,0,50.0,0.0,0.0,0,0
231200,56.0,56.0,24.5,,,,,1.0,1.0,1.0,50.0,0.0,0.0,0.0,0.0,0.0,100.0,100.0,100.0,10000.0,10000.0,10000.0,0,0,0,50.0,0.0,0.0,0,0
231400,56.0,56.0,24.5,,,,,1.0,1.0,1.0,50.0,0.0,0.0,0.0,0.0,0.0,100.0,100.0,100.0,10000.0,10000.0,10000.0,0,0,0,50.0,0.0,0.0,0,0
231600,56.0,56.0,24.5,,,,,1.0,1.0,1.0,50.0,0.0,0.0,0.0,0.0,0.0,100.0,100.0,100.0,10000.0,10000.0,10000.0,0,0,0,50.0,0.0,0.0,0,0
231800,56.0,56.0,24.5,,,,,1.0,1.0,1.0,50.0,0.0,0.0,0.0,0.0,0.0,100.0,100.0,100.0,10000.0,10000.0,10000.0,0,0,0,50.0,0.0,0.0,0,0
232000,56.0,56.0,24.5,,,,,1.0,1.0,1.0,50.0,0.0,0.0,0.0,0.0,0.0,100.0,100.0,100.0,10000.0,10000.0,10000.0,0,0,0,50.0,0.0,0.0,0,0
232200,56.0,56.0,24.5,,,,,1.0,1.0,1.0,50.0,0.0,0.0,0.0,0.0,0.0,100.0,100.0,100.0,10000.0,10000.0,10000.0,0,0,0,50.0,0.0,0.0,0,0
232400,56.0,56.0,24.5,,,,,1.0,1.0,1.0,50.0,0.0,0.0,0.0,0.0,0.0,100.0,100.0,100.0,10000.0,10000.0,10000.0,0,0,0,50.0,0.0,0.0,0,0
232600,56.0,56.0,24.5,,,,,1.0,1.0,1.0,50.0,0.0,0.0,0.0,0.0,0.0,100.0,100.0,100.0,10000.0,10000.0,10000.0,0,0,0,50.0,0.0,0.0,0,0
232800,56.0,56.0,24.5,,,,,1.0,1.0,1.0,50.0,0.0,0.0,0.0,0.0,0.0,100.0,100.0,100.0,10000.0,10000.0,10000.0,0,0,0,50.0,0.0,0.0,0,0
233000,56.0,56.0,24.5,,,,,1.0,1.0,1.0,50.0,0.0,0.0,0.0,0.0,0.0,100.0,100.0,100.0,10000.0,10000.0,10000.0,0,0,0,50.0,0.0,0.0,0,0
233200,56.0,56.0,24.5,,,,,1.0,1.0,1.0,50.0,0.0,0.0,0.0,0.0,0.0,100.0,100.0,100.0,10000.0,10000.0,10000.0,0,0,0,50.0,0.0,0.0,0,0
233400,56.0,56.0,24.5,,,,,1.0,1.0,1.0,50.0,0.0,0.0,0.0,0.0,0.0,100.0,100.0,100.0,10000.0,10000.0,10000.0,0,0,0,50.0,0.0,0.0,0,0
233600,56.0,56.5,24.5,,,,,1.0,1.0,1.0,50.0,0.0,0.0,0.0,0.0,0.0,100.0,100.0,100.0,10000.0,10000.0,10000.0,0,0,0,50.0,0.0,0.0,0,0
233800,56.0,56.5,24.5,,,,,1.0,1.0,1.0,50.0,0.0,0.0,0.0,0.0,0.0,100.0,100.0,100.0,10000.0,10000.0,10000.0,0,0,0,50.0,0.0,0.0,0,0
234000,56.0,56.5,24.5,,,,,1.0,1.0,1.0,50.0,0.0,0.0,0.0,0.0,0.0,100.0,100.0,100.0,10000.0,10000.0,10000.0,0,0,0,50.0,0.0,0.0,0,0
234200,56.0,56.5,24.5,,,,,1.0,1.0,1.0,50.0,0.0,0.0,0.0,0.0,0.0,100.0,100.0,100.0,10000.0,10000.0,10000.0,0,0,0,50.0,0.0,0.0,0,0
234400,56.0,56.5,24.5,,,,,1.0,1.0,1.0,50.0,0.0,0.0,0.0,0.0,0.0,100.0,100.0,100.0,10000.0,10000.0,10000.0,0,0,0,50.0,0.0,0.0,0,0
234600,56.5,56.5,24.5,,,,,1.0,1.0,1.0,50.0,0.0,0.0,0.0,0.0,0.0,100.0,100.0,100.0,10000.0,10000.0,10000.0,0,0,0,50.0,0.0,0.0,0,0
234800,56.5,56.5,24.5,,,,,1.0,1.0,1.0,50.0,0.0,0.0,0.0,0.0,0.0,100.0,100.0,100.0,10000.0,10000.0,10000.0,0,0,0,50.0,0.0,0.0,0,0
235000,56.5,56.5,24.5,,,,,1.0,1.0,1.0,50.0,0.0,0.0,0.0,0.0,0.0,100.0,100.0,100.0,10000.0,10000.0,10000.0,0,0,0,50.0,0.0,0.0,0,0
235200,56.5,56.5,24.5,,,,,1.0,1.0,1.0,50.0,0.0,0.0,0.0,0.0,0.0,100.0,100.0,100.0,10000.0,10000.0,10000.0,0,0,0,50.0,0.0,0.0,0,0
235400,56.5,56.5,24.5,,,,,1.0,1.0,1.0,50.0,0.0,0.0,0.0,0.0,0.0,100.0,100.0,100.0,10000.0,10000.0,10000.0,0,0,0,50.0,0.0,0.0,0,0
235600,56.5,56.5,24.5,,,,,1.0,1.0,1.0,50.0,0.0,0.0,0.0,0.0,0.0,100.0,100.0,100.0,10000.0,10000.0,10000.0,0,0,0,50.0,0.0,0.0,0,0
235800,56.5,56.5,24.5,,,,,1.0,1.0,1.0,50.0,0.0,0.0,0.0,0.0,0.0,100.0,100.0,100.0,10000.0,10000.0,10000.0,0,0,0,50.0,0.0,0.0,0,0
236000,56.5,56.5,24.5,,,,,1.0,1.0,1.0,50.0,0.0,0.0,0.0,0.0,0.0,100.0,100.0,100.0,10000.0,10000.0,10000.0,0,0,0,50.0,0.0,0.0,0,0
236200,56.5,56.5,24.5,,,,,1.0,1.0,1.0,50.0,0.0,0.0,0.0,0.0,0.0,100.0,100.0,100.0,10000.0,10000.0,10000.0,0,0,0,50.0,0.0,0.0,0,0
236400,56.5,56.5,24.5,,,,,1.0,1.0,1.0,50.0,0.0,0.0,0.0,0.0,0.0,100.0,100.0,100.0,10000.0,10000.0,10000.0,0,0,0,50.0,0.0,0.0,0,0
236600,56.5,56.5,24.5,,,,,1.0,1.0,1.0,50.0,0.0,0.0,0.0,0.0,0.0,100.0,100.0,100.0,10000.0,10000.0,10000.0,0,0,0,50.0,0.0,0.0,0,0
236800,56.5,56.5,24.5,,,,,1.0,1.0,1.0,50.0,0.0,0.0,0.0,0.0,0.0,100.0,100.0,100.0,10000.0,10000.0,10000.0,0,0,0,50.0,0.0,0.0,0,0
237000,56.5,56.5,24.5,,,,,1.0,1.0,1.0,50.0,0.0,0.0,0.0,0.0,0.0,100.0,100.0,100.0,10000.0,10000.0,10000.0,0,0,0,50.0,0.0,0.0,0,0
237200,56.5,56.5,24.5,,,,,1.0,1.0,1.0,50.0,0.0,0.0,0.0,0.0,0.0,100.0,100.0,100.0,10000.0,10000.0,10000.0,0,0,0,50.0,0.0,0.0,0,0
237400,56.5,56.5,24.5,,,,,1.0,1.0,1.0,50.0,0.0,0.0,0.0,0.0,0.0,100.0,100.0,100.0,10000.0,10000.0,10000.0,0,0,0,50.0,0.0,0.0,0,0
237600,56.5,56.5,24.5,,,,,1.0,1.0,1.0,50.0,0.0,0.0,0.0,0.0,0.0,100.0,100.0,100.0,10000.0,10000.0,10000.0,0,0,0,50.0,0.0,0.0,0,0
237800,56.5,56.5,24.5,,,,,1.0,1.0,1.0,50.0,0.0,0.0,0.0,0.0,0.0,100.0,100.0,100.0,10000.0,10000.0,10000.0,0,0,0,50.0,0.0,0.0,0,0
238000,56.5,56.5,24.5,,,,,1.0,1.0,1.0,50.0,0.0,0.0,0.0,0.0,0.0,100.0,100.0,100.0,10000.0,10000.0,10000.0,0,0,0,50.0,0.0,0.0,0,0
238200,56.5,56.5,24.5,,,,,1.0,1.0,1.0,50.0,0.0,0.0,0.0,0.0,0.0,100.0,100.0,100.0,10000.0,10000.0,10000.0,0,0,0,50.0,0.0,0.0,0,0
238400,56.5,56.5,24.5,,,,,1.0,1.0,1.0,50.0,0.0,0.0,0.0,0.0,0.0,100.0,100.0,100.0,10000.0,10000.0,10000.0,0,0,0,50.0,0.0,0.0,0,0
238600,56.5,56.5,24.5,,,,,1.0,1.0,1.0,50.0,0.0,0.0,0.0,0.0,0.0,100.0,100.0,100.0,10000.0,10000.0,10000.0,0,0,0,50.0,0.0,0.0,0,0
238800,56.5,56.5,24.5,,,,,1.0,1.0,1.0,50.0,0.0,0.0,0.0,0.0,0.0,100.0,100.0,100.0,10000.0,10000.0,10000.0,0,0,0,50.0,0.0,0.0,0,0
239000,56.5,56.5,24.5,,,,,1.0,1.0,1.0,50.0,0.0,0.0,0.0,0.0,0.0,100.0,100.0,100.0,10000.0,10000.0,10000.0,0,0,0,50.0,0.0,0.0,0,0
239200,56.5,56.5,24.5,,,,,1.0,1.0,1.0,50.0,0.0,0.0,0.0,0.0,0.0,100.0,100.0,100.0,10000.0,10000.0,10000.0,0,0,0,50.0,0.0,0.0,0,0
239400,56.5,56.5,24.5,,,,,1.0,1.0,1.0,50.0,0.0,0.0,0.0,0.0,0.0,100.0,100.0,100.0,10000.0,10000.0,10000.0,0,0,0,50.0,0.0,0.0,0,0
239600,56.5,56.5,24.5,,,,,1.0,1.0,1.0,50.0,0.0,0.0,0.0,0.0,0.0,100.0,100.0,100.0,10000.0,10000.0,10000.0,0,0,0,50.0,0.0,0.0,0,0
239800,56.5,56.5,24.5,,,,,1.0,1.0,1.0,50.0,0.0,0.0,0.0,0.0,0.0,100.0,100.0,100.0,10000.0,10000.0,10000.0,0,0,0,50.0,0.0,0.0,0,0
240000,56.5,56.5,24.5,,,,,1.0,1.0,1.0,50.0,0.0,0.0,0.0,0.0,0.0,100.0,100.0,100.0,10000.0,10000.0,10000.0,0,0,0,50.0,0.0,0.0,0,0
240200,56.5,56.5,24.5,,,,,1.0,1.0,1.0,50.0,0.0,0.0,0.0,0.0,0.0,100.0,100.0,100.0,10000.0,10000.0,10000.0,0,0,0,50.0,0.0,0.0,0,0
240400,56.5,56.5,24.5,,,,,1.0,1.0,1.0,50.0,0.0,0.0,0.0,0.0,0.0,100.0,100.0,100.0,10000.0,10000.0,10000.0,0,0,0,50.0,0.0,0.0,0,0
240600,57.0,56.5,24.5,,,,,1.0,1.0,1.0,50.0,0.0,0.0,0.0,0.0,0.0,100.0,100.0,100.0,10000.0,10000.0,10000.0,0,0,0,50.0,0.0,0.0,0,0
240800,57.0,56.5,24.5,,,,,1.0,1.0,1.0,50.0,0.0,0.0,0.0,0.0,0.0,100.0,100.0,100.0,10000.0,10000.0,10000.0,0,0,0,50.0,0.0,0.0,0,0
241000,57.0,56.5,24.5,,,,,1.0,1.0,1.0,50.0,0.0,0.0,0.0,0.0,0.0,100.0,100.0,100.0,10000.0,10000.0,10000.0,0,0,0,50.0,0.0,0.0,0,0
241200,57.0,56.5,24.5,,,,,1.0,1.0,1.0,50.0,0.0,0.0,0.0,0.0,0.0,100.0,100.0,100.0,10000.0,10000.0,10000.0,0,0,0,50.0,0.0,0.0,0,0
241400,57.0,56.5,24.5,,,,,1.0,1.0,1.0,50.0,0.0,0.0,0.0,0.0,0.0,100.0,100.0,100.0,10000.0,10000.0,10000.0,0,0,0,50.0,0.0,0.0,0,0
241600,57.0,56.5,24.5,,,,,1.0,1.0,1.0,50.0,0.0,0.0,0.0,0.0,0.0,100.0,100.0,100.0,10000.0,10000.0,10000.0,0,0,0,50.0,0.0,0.0,0,0
241800,57.0,56.5,24.5,,,,,1.0,1.0,1.0,50.0,0.0,0.0,0.0,0.0,0.0,100.0,100.0,100.0,10000.0,10000.0,10000.0,0,0,0,50.0,0.0,0.0,0,0
242000,57.0,57.0,24.5,,,,,1.0,1.0,1.0,50.0,0.0,0.0,0.0,0.0,0.0,100.0,100.0,100.0,10000.0,10000.0,10000.0,0,0,0,50.0,0.0,0.0,0,0
242200,57.0,57.0,24.5,,,,,1.0,1.0,1.0,50.0,0.0,0.0,0.0,0.0,0.0,100.0,100.0,100.0,10000.0,10000.0,10000.0,0,0,0,50.0,0.0,0.0,0,0
242400,57.0,57.0,24.5,,,,,1.0,1.0,1.0,50.0,0.0,0.0,0.0,0.0,0.0,100.0,100.0,100.0,10000.0,10000.0,10000.0,0,0,0,50.0,0.0,0.0,0,0
242600,57.0,57.0,24.5,,,,,1.0,1.0,1.0,50.0,0.0,0.0,0.0,0.0,0.0,100.0,100.0,100.0,10000.0,10000.0,10000.0,0,0,0,50.0,0.0,0.0,0,0
242800,57.0,57.0,24.5,,,,,1.0,1.0,1.0,50.0,0.0,0.0,0.0,0.0,0.0,100.0,100.0,100.0,10000.0,10000.0,10000.0,0,0,0,50.0,0.0,0.0,0,0
243000,57.0,57.0,24.5,,,,,1.0,1.0,1.0,50.0,0.0,0.0,0.0,0.0,0.0,100.0,100.0,100.0,10000.0,10000.0,10000.0,0,0,0,50.0,0.0,0.0,0,0
243200,57.0,57.0,24.5,,,,,1.0,1.0,1.0,50.0,0.0,0.0,0.0,0.0,0.0,100.0,100.0,100.0,10000.0,10000.0,10000.0,0,0,0,50.0,0.0,0.0,0,0
243400,57.0,57.0,24.5,,,,,1.0,1.0,1.0,50.0,0.0,0.0,0.0,0.0,0.0,100.0,100.0,100.0,10000.0,10000.0,10000.0,0,0,0,50.0,0.0,0.0,0,0
243600,57.0,57.0,24.5,,,,,1.0,1.0,1.0,50.0,0.0,0.0,0.0,0.0,0.0,100.0,100.0,100.0,10000.0,10000.0,10000.0,0,0,0,50.0,0.0,0.0,0,0
243800,57.0,57.0,24.5,,,,,1.0,1.0,1.0,50.0,0.0,0.0,0.0,0.0,0.0,100.0,100.0,100.0,10000.0,10000.0,10000.0,0,0,0,50.0,0.0,0.0,0,0
244000,57.0,57.0,24.5,,,,,1.0,1.0,1.0,50.0,0.0,0.0,0.0,0.0,0.0,100.0,100.0,100.0,10000.0,10000.0,10000.0,0,0,0,50.0,0.0,0.0,0,0
244200,57.0,57.0,24.5,,,,,1.0,1.0,1.0,50.0,0.0,0.0,0.0,0.0,0.0,100.0,100.0,100.0,10000.0,10000.0,10000.0,0,0,0,50.0,0.0,0.0,0,0
244400,57.0,57.0,24.5,,,,,1.0,1.0,1.0,50.0,0.0,0.0,0.0,0.0,0.0,100.0,100.0,100.0,10000.0,10000.0,10000.0,0,0,0,50.0,0.0,0.0,0,0
244600,57.0,57.0,24.5,,,,,1.0,1.0,1.0,50.0,0.0,0.0,0.0,0.0,0.0,100.0,100.0,100.0,10000.0,10000.0,10000.0,0,0,0,50.0,0.0,0.0,0,0
244800,57.0,57.0,24.5,,,,,1.0,1.0,1.0,50.0,0.0,0.0,0.0,0.0,0.0,100.0,100.0,100.0,10000.0,10000.0,10000.0,0,0,0,50.0,0.0,0.0,0,0
245000,57.0,57.0,24.5,,,,,1.0,1.0,1.0,50.0,0.0,0.0,0.0,0.0,0.0,100.0,100.0,100.0,10000.0,10000.0,10000.0,0,0,0,50.0,0.0,0.0,0,0
245200,57.0,57.0,24.5,,,,,1.0,1.0,1.0,50.0,0.0,0.0,0.0,0.0,0.0,100.0,100.0,100.0,10000.0,10000.0,10000.0,0,0,0,50.0,0.0,0.0,0,0
245400,57.0,57.0,24.5,,,,,1.0,1.0,1.0,50.0,0.0,0.0,0.0,0.0,0.0,100.0,100.0,100.0,10000.0,10000.0,10000.0,0,0,0,50.0,0.0,0.0,0,0
245600,57.0,57.0,24.5,,,,,1.0,1.0,1.0,50.0,0.0,0.0,0.0,0.0,0.0,100.0,100.0,100.0,10000.0,10000.0,10000.0,0,0,0,50.0,0.0,0.0,0,0
245800,57.0,57.0,24.5,,,,,1.0,1.0,1.0,50.0,0.0,0.0,0.0,0.0,0.0,100.0,100.0,100.0,10000.0,10000.0,10000.0,0,0,0,50.0,0.0,0.0,0,0
246000,57.0,57.0,24.5,,,,,1.0,1.0,1.0,50.0,0.0,0.0,0.0,0.0,0.0,100.0,100.0,100.0,10000.0,10000.0,10000.0,0,0,0,50.0,0.0,0.0,0,0
246200,57.0,57.0,24.5,,,,,1.0,1.0,1.0,50.0,0.0,0.0,0.0,0.0,0.0,100.0,100.0,100.0,10000.0,10000.0,10000.0,0,0,0,50.0,0.0,0.0,0,0
246400,57.0,57.0,24.5,,,,,1.0,1.0,1.0,50.0,0.0,0.0,0.0,0.0,0.0,100.0,100.0,100.0,10000.0,10000.0,10000.0,0,0,0,50.0,0.0,0.0,0,0
246600,57.5,57.0,24.5,,,,,1.0,1.0,1.0,50.0,0.0,0.0,0.0,0.0,0.0,100.0,100.0,100.0,10000.0,10000.0,10000.0,0,0,0,50.0,0.0,0.0,0,0
246800,57.5,57.0,24.5,,,,,1.0,1.0,1.0,50.0,0.0,0.0,0.0,0.0,0.0,100.0,100.0,100.0,10000.0,10000.0,10000.0,0,0,0,50.0,0.0,0.0,0,0
247000,57.5,57.0,24.5,,,,,1.0,1.0,1.0,50.0,0.0,0.0,0.0,0.0,0.0,100.0,100.0,100.0,10000.0,10000.0,10000.0,0,0,0,50.0,0.0,0.0,0,0
247200,57.5,57.0,24.5,,,,,1.0,1.0,1.0,50.0,0.0,0.0,0.0,0.0,0.0,100.0,100.0,100.0,10000.0,10000.0,10000.0,0,0,0,50.0,0.0,0.0,0,0
247400,57.5,57.0,24.5,,,,,1.0,1.0,1.0,50.0,0.0,0.0,0.0,0.0,0.0,100.0,100.0,100.0,10000.0,10000.0,10000.0,0,0,0,50.0,0.0,0.0,0,0
247600,57.5,57.0,24.5,,,,,1.0,1.0,1.0,50.0,0.0,0.0,0.0,0.0,0.0,100.0,100.0,100.0,10000.0,10000.0,10000.0,0,0,0,50.0,0.0,0.0,0,0
247800,57.5,57.0,24.5,,,,,1.0,1.0,1.0,50.0,0.0,0.0,0.0,0.0,0.0,100.0,100.0,100.0,10000.0,10000.0,10000.0,0,0,0,50.0,0.0,0.0,0,0
248000,57.5,57.0,24.5,,,,,1.0,1.0,1.0,50.0,0.0,0.0,0.0,0.0,0.0,100.0,100.0,100.0,10000.0,10000.0,10000.0,0,0,0,50.0,0.0,0.0,0,0
248200,57.5,57.0,24.5,,,,,1.0,1.0,1.0,50.0,0.0,0.0,0.0,0.0,0.0,100.0,100.0,100.0,10000.0,10000.0,10000.0,0,0,0,50.0,0.0,0.0,0,0
248400,57.5,57.0,24.5,,,,,1.0,1.0,1.0,50.0,0.0,0.0,0.0,0.0,0.0,100.0,100.0,100.0,10000.0,10000.0,10000.0,0,0,0,50.0,0.0,0.0,0,0
248600,57.5,57.5,24.5,,,,,1.0,1.0,1.0,50.0,0.0,0.0,0.0,0.0,0.0,100.0,100.0,100.0,10000.0,10000.0,10000.0,0,0,0,50.0,0.0,0.0,0,0
248800,57.5,57.5,24.5,,,,,1.0,1.0,1.0,50.0,0.0,0.0,0.0,0.0,0.0,100.0,100.0,100.0,10000.0,10000.0,10000.0,0,0,0,50.0,0.0,0.0,0,0
249000,57.5,57.5,24.5,,,,,1.0,1.0,1.0,50.0,0.0,0.0,0.0,0.0,0.0,100.0,100.0,100.0,10000.0,10000.0,10000.0,0,0,0,50.0,0.0,0.0,0,0
249200,57.5,57.5,24.5,,,,,1.0,1.0,1.0,50.0,0.0,0.0,0.0,0.0,0.0,100.0,100.0,100.0,10000.0,10000.0,10000.0,0,0,0,50.0,0.0,0.0,0,0
249400,57.5,57.5,24.5,,,,,1.0,1.0,1.0,50.0,0.0,0.0,0.0,0.0,0.0,100.0,100.0,100.0,10000.0,10000.0,10000.0,0,0,0,50.0,0.0,0.0,0,0
249600,57.5,57.5,24.5,,,,,1.0,1.0,1.0,50.0,0.0,0.0,0.0,0.0,0.0,100.0,100.0,100.0,10000.0,10000.0,10000.0,0,0,0,50.0,0.0,0.0,0,0
249800,57.5,57.5,24.5,,,,,1.0,1.0,1.0,50.0,0.0,0.0,0.0,0.0,0.0,100.0,100.0,100.0,10000.0,10000.0,10000.0,0,0,0,50.0,0.0,0.0,0,0
250000,57.5,57.5,24.5,,,,,1.0,1.0,1.0,50.0,0.0,0.0,0.0,0.0,0.0,100.0,100.0,100.0,10000.0,10000.0,10000.0,0,0,0,50.0,0.0,0.0,0,0
250200,57.5,57.5,24.5,,,,,1.0,1.0,1.0,50.0,0.0,0.0,0.0,0.0,0.0,100.0,100.0,100.0,10000.0,10000.0,10000.0,0,0,0,50.0,0.0,0.0,0,0
250400,57.5,57.5,24.5,,,,,1.0,1.0,1.0,50.0,0.0,0.0,0.0,0.0,0.0,100.0,100.0,100.0,10000.0,10000.0,10000.0,0,0,0,50.0,0.0,0.0,0,0
250600,57.5,57.5,24.5,,,,,1.0,1.0,1.0,50.0,0.0,0.0,0.0,0.0,0.0,100.0,100.0,100.0,10000.0,10000.0,10000.0,0,0,0,50.0,0.0,0.0,0,0
250800,57.5,57.5,24.5,,,,,1.0,1.0,1.0,50.0,0.0,0.0,0.0,0.0,0.0,100.0,100.0,100.0,10000.0,10000.0,10000.0,0,0,0,50.0,0.0,0.0,0,0
251000,57.5,57.5,24.5,,,,,1.0,1.0,1.0,50.0,0.0,0.0,0.0,0.0,0.0,100.0,100.0,100.0,10000.0,10000.0,10000.0,0,0,0,50.0,0.0,0.0,0,0
251200,57.5,57.5,24.5,,,,,1.0,1.0,1.0,50.0,0.0,0.0,0.0,0.0,0.0,100.0,100.0,100.0,10000.0,10000.0,10000.0,0,0,0,50.0,0.0,0.0,0,0
251400,57.5,57.5,24.5,,,,,1.0,1.0,1.0,50.0,0.0,0.0,0.0,0.0,0.0,100.0,100.0,100.0,10000.0,10000.0,10000.0,0,0,0,50.0,0.0,0.0,0,0
251600,57.5,57.5,24.5,,,,,1.0,1.0,1.0,50.0,0.0,0.0,0.0,0.0,0.0,100.0,100.0,100.0,10000.0,10000.0,10000.0,0,0,0,50.0,0.0,0.0,0,0
251800,57.5,57.5,24.5,,,,,1.0,1.0,1.0,50.0,0.0,0.0,0.0,0.0,0.0,100.0,100.0,100.0,10000.0,10000.0,10000.0,0,0,0,50.0,0.0,0.0,0,0
252000,57.5,57.5,24.5,,,,,1.0,1.0,1.0,50.0,0.0,0.0,0.0,0.0,0.0,100.0,100.0,100.0,10000.0,10000.0,10000.0,0,0,0,50.0,0.0,0.0,0,0
252200,57.5,57.5,24.5,,,,,1.0,1.0,1.0,50.0,0.0,0.0,0.0,0.0,0.0,100.0,100.0,100.0,10000.0,10000.0,10000.0,0,0,0,50.0,0.0,0.0,0,0
252400,57.5,57.5,24.5,,,,,1.0,1.0,1.0,50.0,0.0,0.0,0.0,0.0,0.0,100.0,100.0,100.0,10000.0,10000.0,10000.0,0,0,0,50.0,0.0,0.0,0,0
252600,57.5,57.5,24.5,,,,,1.0,1.0,1.0,50.0,0.0,0.0,0.0,0.0,0.0,100.0,100.0,100.0,10000.0,10000.0,10000.0,0,0,0,50.0,0.0,0.0,0,0
252800,57.5,57.5,24.5,,,,,1.0,1.0,1.0,50.0,0.0,0.0,0.0,0.0,0.0,100.0,100.0,100.0,10000.0,10000.0,10000.0,0,0,0,50.0,0.0,0.0,0,0
253000,57.5,57.5,24.5,,,,,1.0,1.0,1.0,50.0,0.0,0.0,0.0,0.0,0.0,100.0,100.0,100.0,10000.0,10000.0,10000.0,0,0,0,50.0,0.0,0.0,0,0
253200,57.5,57.5,24.5,,,,,1.0,1.0,1.0,50.0,0.0,0.0,0.0,0.0,0.0,100.0,100.0,100.0,10000.0,10000.0,10000.0,0,0,0,50.0,0.0,0.0,0,0
253400,57.5,57.5,24.5,,,,,1.0,1.0,1.0,50.0,0.0,0.0,0.0,0.0,0.0,100.0,100.0,100.0,10000.0,10000.0,10000.0,0,0,0,50.0,0.0,0.0,0,0
253600,57.5,57.5,24.5,,,,,1.0,1.0,1.0,50.0,0.0,0.0,0.0,0.0,0.0,100.0,100.0,100.0,10000.0,10000.0,10000.0,0,0,0,50.0,0.0,0.0,0,0
253800,57.5,57.5,24.5,,,,,1.0,1.0,1.0,50.0,0.0,0.0,0.0,0.0,0.0,100.0,100.0,100.0,10000.0,10000.0,10000.0,0,0,0,50.0,0.0,0.0,0,0
254000,57.5,57.5,24.5,,,,,1.0,1.0,1.0,50.0,0.0,0.0,0.0,0.0,0.0,100.0,100.0,100.0,10000.0,10000.0,10000.0,0,0,0,50.0,0.0,0.0,0,0
254200,57.5,57.5,24.5,,,,,1.0,1.0,1.0,50.0,0.0,0.0,0.0,0.0,0.0,100.0,100.0,100.0,10000.0,10000.0,10000.0,0,0,0,50.0,0.0,0.0,0,0
254400,57.5,57.5,24.5,,,,,1.0,1.0,1.0,50.0,0.0,0.0,0.0,0.0,0.0,100.0,100.0,100.0,10000.0,10000.0,10000.0,0,0,0,50.0,0.0,0.0,0,0
254600,57.5,57.5,24.5,,,,,1.0,1.0,1.0,50.0,0.0,0.0,0.0,0.0,0.0,100.0,100.0,100.0,10000.0,10000.0,10000.0,0,0,0,50.0,0.0,0.0,0,0
254800,57.5,57.5,24.5,,,,,1.0,1.0,1.0,50.0,0.0,0.0,0.0,0.0,0.0,100.0,100.0,100.0,10000.0,10000.0,10000.0,0,0,0,50.0,0.0,0.0,0,0
255000,57.5,57.5,24.5,,,,,1.0,1.0,1.0,50.0,0.0,0.0,0.0,0.0,0.0,100.0,100.0,100.0,10000.0,10000.0,10000.0,0,0,0,50.0,0.0,0.0,0,0
255200,57.5,57.5,24.5,,,,,1.0,1.0,1.0,50.0,0.0,0.0,0.0,0.0,0.0,100.0,100.0,100.0,10000.0,10000.0,10000.0,0,0,0,50.0,0.0,0.0,0,0
255400,57.5,57.5,24.5,,,,,1.0,1.0,1.0,50.0,0.0,0.0,0.0,0.0,0.0,100.0,100.0,100.0,10000.0,10000.0,10000.0,0,0,0,50.0,0.0,0.0,0,0
255600,58.0,57.5,24.5,,,,,1.0,1.0,1.0,50.0,0.0,0.0,0.0,0.0,0.0,100.0,100.0,100.0,10000.0,10000.0,10000.0,0,0,0,50.0,0.0,0.0,0,0
255800,58.0,57.5,24.5,,,,,1.0,1.0,1.0,50.0,0.0,0.0,0.0,0.0,0.0,100.0,100.0,100.0,10000.0,10000.0,10000.0,0,0,0,50.0,0.0,0.0,0,0
256000,58.0,58.0,24.5,,,,,1.0,1.0,1.0,50.0,0.0,0.0,0.0,0.0,0.0,100.0,100.0,100.0,10000.0,10000.0,10000.0,0,0,0,50.0,0.0,0.0,0,0
256200,58.0,58.0,24.5,,,,,1.0,1.0,1.0,50.0,0.0,0.0,0.0,0.0,0.0,100.0,100.0,100.0,10000.0,10000.0,10000.0,0,0,0,50.0,0.0,0.0,0,0
256400,58.0,58.0,24.5,,,,,1.0,1.0,1.0,50.0,0.0,0.0,0.0,0.0,0.0,100.0,100.0,100.0,10000.0,10000.0,10000.0,0,0,0,50.0,0.0,0.0,0,0
256600,58.0,58.0,24.5,,,,,1.0,1.0,1.0,50.0,0.0,0.0,0.0,0.0,0.0,100.0,100.0,100.0,10000.0,10000.0,10000.0,0,0,0,50.0,0.0,0.0,0,0
256800,58.0,58.0,24.5,,,,,1.0,1.0,1.0,50.0,0.0,0.0,0.0,0.0,0.0,100.0,100.0,100.0,10000.0,10000.0,10000.0,0,0,0,50.0,0.0,0.0,0,0
257000,58.0,58.0,24.5,,,,,1.0,1.0,1.0,50.0,0.0,0.0,0.0,0.0,0.0,100.0,100.0,100.0,10000.0,10000.0,10000.0,0,0,0,50.0,0.0,0.0,0,0
257200,58.0,58.0,24.5,,,,,1.0,1.0,1.0,50.0,0.0,0.0,0.0,0.0,0.0,100.0,100.0,100.0,10000.0,10000.0,10000.0,0,0,0,50.0,0.0,0.0,0,0
257400,58.0,58.0,24.5,,,,,1.0,1.0,1.0,50.0,0.0,0.0,0.0,0.0,0.0,100.0,100.0,100.0,10000.0,10000.0,10000.0,0,0,0,50.0,0.0,0.0,0,0
257600,58.0,58.0,24.5,,,,,1.0,1.0,1.0,50.0,0.0,0.0,0.0,0.0,0.0,100.0,100.0,100.0,10000.0,10000.0,10000.0,0,0,0,50.0,0.0,0.0,0,0
257800,58.0,58.0,24.5,,,,,1.0,1.0,1.0,50.0,0.0,0.0,0.0,0.0,0.0,100.0,100.0,100.0,10000.0,10000.0,10000.0,0,0,0,50.0,0.0,0.0,0,0
258000,58.0,58.0,24.5,,,,,1.0,1.0,1.0,50.0,0.0,0.0,0.0,0.0,0.0,100.0,100.0,100.0,10000.0,10000.0,10000.0,0,0,0,50.0,0.0,0.0,0,0
258200,58.0,58.0,24.5,,,,,1.0,1.0,1.0,50.0,0.0,0.0,0.0,0.0,0.0,100.0,100.0,100.0,10000.0,10000.0,10000.0,0,0,0,50.0,0.0,0.0,0,0
258400,58.0,58.0,24.5,,,,,1.0,1.0,1.0,50.0,0.0,0.0,0.0,0.0,0.0,100.0,100.0,100.0,10000.0,10000.0,10000.0,0,0,0,50.0,0.0,0.0,0,0
258600,58.0,58.0,24.5,,,,,1.0,1.0,1.0,50.0,0.0,0.0,0.0,0.0,0.0,100.0,100.0,100.0,10000.0,10000.0,10000.0,0,0,0,50.0,0.0,0.0,0,0
258800,58.0,58.0,24.5,,,,,1.0,1.0,1.0,50.0,0.0,0.0,0.0,0.0,0.0,100.0,100.0,100.0,10000.0,10000.0,10000.0,0,0,0,50.0,0.0,0.0,0,0
259000,58.0,58.0,24.5,,,,,1.0,1.0,1.0,50.0,0.0,0.0,0.0,0.0,0.0,100.0,100.0,100.0,10000.0,10000.0,10000.0,0,0,0,50.0,0.0,0.0,0,0
259200,58.0,58.0,24.5,,,,,1.0,1.0,1.0,50.0,0.0,0.0,0.0,0.0,0.0,100.0,100.0,100.0,10000.0,10000.0,10000.0,0,0,0,50.0,0.0,0.0,0,0
259400,58.0,58.0,24.5,,,,,1.0,1.0,1.0,50.0,0.0,0.0,0.0,0.0,0.0,100.0,100.0,100.0,10000.0,10000.0,10000.0,0,0,0,50.0,0.0,0.0,0,0
259600,58.0,58.0,24.5,,,,,1.0,1.0,1.0,50.0,0.0,0.0,0.0,0.0,0.0,100.0,100.0,100.0,10000.0,10000.0,10000.0,0,0,0,50.0,0.0,0.0,0,0
259800,58.0,58.0,24.5,,,,,1.0,1.0,1.0,50.0,0.0,0.0,0.0,0.0,0.0,100.0,100.0,100.0,10000.0,10000.0,10000.0,0,0,0,50.0,0.0,0.0,0,0
260000,58.0,58.0,24.5,,,,,1.0,1.0,1.0,50.0,0.0,0.0,0.0,0.0,0.0,100.0,100.0,100.0,10000.0,10000.0,10000.0,0,0,0,50.0,0.0,0.0,0,0
260200,58.0,58.0,24.5,,,,,1.0,1.0,1.0,50.0,0.0,0.0,0.0,0.0,0.0,100.0,100.0,100.0,10000.0,10000.0,10000.0,0,0,0,50.0,0.0,0.0,0,0
260400,58.0,58.0,24.5,,,,,1.0,1.0,1.0,50.0,0.0,0.0,0.0,0.0,0.0,100.0,100.0,100.0,10000.0,10000.0,10000.0,0,0,0,50.0,0.0,0.0,0,0
260600,58.0,58.0,24.5,,,,,1.0,1.0,1.0,50.0,0.0,0.0,0.0,0.0,0.0,100.0,100.0,100.0,10000.0,10000.0,10000.0,0,0,0,50.0,0.0,0.0,0,0
260800,58.0,58.0,24.5,,,,,1.0,1.0,1.0,50.0,0.0,0.0,0.0,0.0,0.0,100.0,100.0,100.0,10000.0,10000.0,10000.0,0,0,0,50.0,0.0,0.0,0,0
261000,58.0,58.0,24.5,,,,,1.0,1.0,1.0,50.0,0.0,0.0,0.0,0.0,0.0,100.0,100.0,100.0,10000.0,10000.0,10000.0,0,0,0,50.0,0.0,0.0,0,0
261200,58.0,58.0,24.5,,,,,1.0,1.0,1.0,50.0,0.0,0.0,0.0,0.0,0.0,100.0,100.0,100.0,10000.0,10000.0,10000.0,0,0,0,50.0,0.0,0.0,0,0
261400,58.0,58.0,24.5,,,,,1.0,1.0,1.0,50.0,0.0,0.0,0.0,0.0,0.0,100.0,100.0,100.0,10000.0,10000.0,10000.0,0,0,0,50.0,0.0,0.0,0,0
261600,58.0,58.0,24.5,,,,,1.0,1.0,1.0,50.0,0.0,0.0,0.0,0.0,0.0,100.0,100.0,100.0,10000.0,10000.0,10000.0,0,0,0,50.0,0.0,0.0,0,0
261800,58.0,58.0,24.5,,,,,1.0,1.0,1.0,50.0,0.0,0.0,0.0,0.0,0.0,100.0,100.0,100.0,10000.0,10000.0,10000.0,0,0,0,50.0,0.0,0.0,0,0
262000,58.0,58.0,24.5,,,,,1.0,1.0,1.0,50.0,0.0,0.0,0.0,0.0,0.0,100.0,100.0,100.0,10000.0,10000.0,10000.0,0,0,0,50.0,0.0,0.0,0,0
262200,58.0,58.0,24.5,,,,,1.0,1.0,1.0,50.0,0.0,0.0,0.0,0.0,0.0,100.0,100.0,100.0,10000.0,10000.0,10000.0,0,0,0,50.0,0.0,0.0,0,0
262400,58.0,58.0,24.5,,,,,1.0,1.0,1.0,50.0,0.0,0.0,0.0,0.0,0.0,100.0,100.0,100.0,10000.0,10000.0,10000.0,0,0,0,50.0,0.0,0.0,0,0
262600,58.0,58.0,24.5,,,,,1.0,1.0,1.0,50.0,0.0,0.0,0.0,0.0,0.0,100.0,100.0,100.0,10000.0,10000.0,10000.0,0,0,0,50.0,0.0,0.0,0,0
262800,58.0,58.0,24.5,,,,,1.0,1.0,1.0,50.0,0.0,0.0,0.0,0.0,0.0,100.0,100.0,100.0,10000.0,10000.0,10000.0,0,0,0,50.0,0.0,0.0,0,0
263000,58.0,58.0,24.5,,,,,1.0,1.0,1.0,50.0,0.0,0.0,0.0,0.0,0.0,100.0,100.0,100.0,10000.0,10000.0,10000.0,0,0,0,50.0,0.0,0.0,0,0
263200,58.0,58.0,24.5,,,,,1.0,1.0,1.0,50.0,0.0,0.0,0.0,0.0,0.0,100.0,100.0,100.0,10000.0,10000.0,10000.0,0,0,0,50.0,0.0,0.0,0,0
263400,58.0,58.0,24.5,,,,,1.0,1.0,1.0,50.0,0.0,0.0,0.0,0.0,0.0,100.0,100.0,100.0,10000.0,10000.0,10000.0,0,0,0,50.0,0.0,0.0,0,0
263600,58.5,58.0,24.5,,,,,1.0,1.0,1.0,50.0,0.0,0.0,0.0,0.0,0.0,100.0,100.0,100.0,10000.0,10000.0,10000.0,0,0,0,50.0,0.0,0.0,0,0
263800,58.5,58.0,24.5,,,,,1.0,1.0,1.0,50.0,0.0,0.0,0.0,0.0,0.0,100.0,100.0,100.0,10000.0,10000.0,10000.0,0,0,0,50.0,0.0,0.0,0,0
264000,58.5,58.0,24.5,,,,,1.0,1.0,1.0,50.0,0.0,0.0,0.0,0.0,0.0,100.0,100.0,100.0,10000.0,10000.0,10000.0,0,0,0,50.0,0.0,0.0,0,0
264200,58.5,58.0,24.5,,,,,1.0,1.0,1.0,50.0,0.0,0.0,0.0,0.0,0.0,100.0,100.0,100.0,10000.0,10000.0,10000.0,0,0,0,50.0,0.0,0.0,0,0
264400,58.5,58.0,24.5,,,,,1.0,1.0,1.0,50.0,0.0,0.0,0.0,0.0,0.0,100.0,100.0,100.0,10000.0,10000.0,10000.0,0,0,0,50.0,0.0,0.0,0,0
264600,58.5,58.0,24.5,,,,,1.0,1.0,1.0,50.0,0.0,0.0,0.0,0.0,0.0,100.0,100.0,100.0,10000.0,10000.0,10000.0,0,0,0,50.0,0.0,0.0,0,0
264800,58.5,58.0,24.5,,,,,1.0,1.0,1.0,50.0,0.0,0.0,0.0,0.0,0.0,100.0,100.0,100.0,10000.0,10000.0,10000.0,0,0,0,50.0,0.0,0.0,0,0
265000,58.5,58.5,24.5,,,,,1.0,1.0,1.0,50.0,0.0,0.0,0.0,0.0,0.0,100.0,100.0,100.0,10000.0,10000.0,10000.0,0,0,0,50.0,0.0,0.0,0,0
265200,58.5,58.5,24.5,,,,,1.0,1.0,1.0,50.0,0.0,0.0,0.0,0.0,0.0,100.0,100.0,100.0,10000.0,10000.0,10000.0,0,0,0,50.0,0.0,0.0,0,0
265400,58.5,58.5,24.5,,,,,1.0,1.0,1.0,50.0,0.0,0.0,0.0,0.0,0.0,100.0,100.0,100.0,10000.0,10000.0,10000.0,0,0,0,50.0,0.0,0.0,0,0
265600,58.5,58.5,24.5,,,,,1.0,1.0,1.0,50.0,0.0,0.0,0.0,0.0,0.0,100.0,100.0,100.0,10000.0,10000.0,10000.0,0,0,0,50.0,0.0,0.0,0,0
265800,58.5,58.5,24.5,,,,,1.0,1.0,1.0,50.0,0.0,0.0,0.0,0.0,0.0,100.0,100.0,100.0,10000.0,10000.0,10000.0,0,0,0,50.0,0.0,0.0,0,0
266000,58.5,58.5,24.5,,,,,1.0,1.0,1.0,50.0,0.0,0.0,0.0,0.0,0.0,100.0,100.0,100.0,10000.0,10000.0,10000.0,0,0,0,50.0,0.0,0.0,0,0
266200,58.5,58.5,24.5,,,,,1.0,1.0,1.0,50.0,0.0,0.0,0.0,0.0,0.0,100.0,100.0,100.0,10000.0,10000.0,10000.0,0,0,0,50.0,0.0,0.0,0,0
266400,58.5,58.5,24.5,,,,,1.0,1.0,1.0,50.0,0.0,0.0,0.0,0.0,0.0,100.0,100.0,100.0,10000.0,10000.0,10000.0,0,0,0,50.0,0.0,0.0,0,0
266600,58.5,58.5,24.5,,,,,1.0,1.0,1.0,50.0,0.0,0.0,0.0,0.0,0.0,100.0,100.0,100.0,10000.0,10000.0,10000.0,0,0,0,50.0,0.0,0.0,0,0
266800,58.5,58.5,24.5,,,,,1.0,1.0,1.0,50.0,0.0,0.0,0.0,0.0,0.0,100.0,100.0,100.0,10000.0,10000.0,10000.0,0,0,0,50.0,0.0,0.0,0,0
267000,58.5,58.5,24.5,,,,,1.0,1.0,1.0,50.0,0.0,0.0,0.0,0.0,0.0,100.0,100.0,100.0,10000.0,10000.0,10000.0,0,0,0,50.0,0.0,0.0,0,0
267200,58.5,58.5,24.5,,,,,1.0,1.0,1.0,50.0,0.0,0.0,0.0,0.0,0.0,100.0,100.0,100.0,10000.0,10000.0,10000.0,0,0,0,50.0,0.0,0.0,0,0
267400,58.5,58.5,24.5,,,,,1.0,1.0,1.0,50.0,0.0,0.0,0.0,0.0,0.0,100.0,100.0,100.0,10000.0,10000.0,10000.0,0,0,0,50.0,0.0,0.0,0,0
267600,58.5,58.5,24.5,,,,,1.0,1.0,1.0,50.0,0.0,0.0,0.0,0.0,0.0,100.0,100.0,100.0,10000.0,10000.0,10000.0,0,0,0,50.0,0.0,0.0,0,0
267800,58.5,58.5,24.5,,,,,1.0,1.0,1.0,50.0,0.0,0.0,0.0,0.0,0.0,100.0,100.0,100.0,10000.0,10000.0,10000.0,0,0,0,50.0,0.0,0.0,0,0
268000,58.5,58.5,24.5,,,,,1.0,1.0,1.0,50.0,0.0,0.0,0.0,0.0,0.0,100.0,100.0,100.0,10000.0,10000.0,10000.0,0,0,0,50.0,0.0,0.0,0,0
268200,58.5,58.5,24.5,,,,,1.0,1.0,1.0,50.0,0.0,0.0,0.0,0.0,0.0,100.0,100.0,100.0,10000.0,10000.0,10000.0,0,0,0,50.0,0.0,0.0,0,0
268400,58.5,58.5,24.5,,,,,1.0,1.0,1.0,50.0,0.0,0.0,0.0,0.0,0.0,100.0,100.0,100.0,10000.0,10000.0,10000.0,0,0,0,50.0,0.0,0.0,0,0
268600,58.5,58.5,24.5,,,,,1.0,1.0,1.0,50.0,0.0,0.0,0.0,0.0,0.0,100.0,100.0,100.0,10000.0,10000.0,10000.0,0,0,0,50.0,0.0,0.0,0,0
268800,58.5,58.5,24.5,,,,,1.0,1.0,1.0,50.0,0.0,0.0,0.0,0.0,0.0,100.0,100.0,100.0,10000.0,10000.0,10000.0,0,0,0,50.0,0.0,0.0,0,0
269000,58.5,58.5,24.5,,,,,1.0,1.0,1.0,50.0,0.0,0.0,0.0,0.0,0.0,100.0,100.0,100.0,10000.0,10000.0,10000.0,0,0,0,50.0,0.0,0.0,0,0
269200,58.5,58.5,24.5,,,,,1.0,1.0,1.0,50.0,0.0,0.0,0.0,0.0,0.0,100.0,100.0,100.0,10000.0,10000.0,10000.0,0,0,0,50.0,0.0,0.0,0,0
269400,58.5,58.5,24.5,,,,,1.0,1.0,1.0,50.0,0.0,0.0,0.0,0.0,0.0,100.0,100.0,100.0,10000.0,10000.0,10000.0,0,0,0,50.0,0.0,0.0,0,0
269600,58.5,58.5,24.5,,,,,1.0,1.0,1.0,50.0,0.0,0.0,0.0,0.0,0.0,100.0,100.0,100.0,10000.0,10000.0,10000.0,0,0,0,50.0,0.0,0.0,0,0
269800,58.5,58.5,24.5,,,,,1.0,1.0,1.0,50.0,0.0,0.0,0.0,0.0,0.0,100.0,100.0,100.0,10000.0,10000.0,10000.0,0,0,0,50.0,0.0,0.0,0,0
270000,58.5,58.5,24.5,,,,,1.0,1.0,1.0,50.0,0.0,0.0,0.0,0.0,0.0,100.0,100.0,100.0,10000.0,10000.0,10000.0,0,0,0,50.0,0.0,0.0,0,0
270200,58.5,58.5,24.5,,,,,1.0,1.0,1.0,50.0,0.0,0.0,0.0,0.0,0.0,100.0,100.0,100.0,10000.0,10000.0,10000.0,0,0,0,50.0,0.0,0.0,0,0
270400,58.5,58.5,24.5,,,,,1.0,1.0,1.0,50.0,0.0,0.0,0.0,0.0,0.0,100.0,100.0,100.0,10000.0,10000.0,10000.0,0,0,0,50.0,0.0,0.0,0,0
270600,58.5,58.5,24.5,,,,,1.0,1.0,1.0,50.0,0.0,0.0,0.0,0.0,0.0,100.0,100.0,100.0,10000.0,10000.0,10000.0,0,0,0,50.0,0.0,0.0,0,0
270800,58.5,58.5,24.5,,,,,1.0,1.0,1.0,50.0,0.0,0.0,0.0,0.0,0.0,100.0,100.0,100.0,10000.0,10000.0,10000.0,0,0,0,50.0,0.0,0.0,0,0
271000,58.5,58.5,24.5,,,,,1.0,1.0,1.0,50.0,0.0,0.0,0.0,0.0,0.0,100.0,100.0,100.0,10000.0,10000.0,10000.0,0,0,0,50.0,0.0,0.0,0,0
271200,58.5,58.5,24.5,,,,,1.0,1.0,1.0,50.0,0.0,0.0,0.0,0.0,0.0,100.0,100.0,100.0,10000.0,10000.0,10000.0,0,0,0,50.0,0.0,0.0,0,0
271400,58.5,58.5,24.5,,,,,1.0,1.0,1.0,50.0,0.0,0.0,0.0,0.0,0.0,100.0,100.0,100.0,10000.0,10000.0,10000.0,0,0,0,50.0,0.0,0.0,0,0
271600,58.5,58.5,24.5,,,,,1.0,1.0,1.0,50.0,0.0,0.0,0.0,0.0,0.0,100.0,100.0,100.0,10000.0,10000.0,10000.0,0,0,0,50.0,0.0,0.0,0,0
271800,58.5,58.5,24.5,,,,,1.0,1.0,1.0,50.0,0.0,0.0,0.0,0.0,0.0,100.0,100.0,100.0,10000.0,10000.0,10000.0,0,0,0,50.0,0.0,0.0,0,0
272000,58.5,58.5,24.5,,,,,1.0,1.0,1.0,50.0,0.0,0.0,0.0,0.0,0.0,100.0,100.0,100.0,10000.0,10000.0,10000.0,0,0,0,50.0,0.0,0.0,0,0
272200,58.5,58.5,24.5,,,,,1.0,1.0,1.0,50.0,0.0,0.0,0.0,0.0,0.0,100.0,100.0,100.0,10000.0,10000.0,10000.0,0,0,0,50.0,0.0,0.0,0,0
272400,58.5,58.5,24.5,,,,,1.0,1.0,1.0,50.0,0.0,0.0,0.0,0.0,0.0,100.0,100.0,100.0,10000.0,10000.0,10000.0,0,0,0,50.0,0.0,0.0,0,0
272600,58.5,58.5,24.5,,,,,1.0,1.0,1.0,50.0,0.0,0.0,0.0,0.0,0.0,100.0,100.0,100.0,10000.0,10000.0,10000.0,0,0,0,50.0,0.0,0.0,0,0
272800,58.5,58.5,24.5,,,,,1.0,1.0,1.0,50.0,0.0,0.0,0.0,0.0,0.0,100.0,100.0,100.0,10000.0,10000.0,10000.0,0,0,0,50.0,0.0,0.0,0,0
273000,58.5,58.5,24.5,,,,,1.0,1.0,1.0,50.0,0.0,0.0,0.0,0.0,0.0,100.0,100.0,100.0,10000.0,10000.0,10000.0,0,0,0,50.0,0.0,0.0,0,0
273200,58.5,58.5,24.5,,,,,1.0,1.0,1.0,50.0,0.0,0.0,0.0,0.0,0.0,100.0,100.0,100.0,10000.0,10000.0,10000.0,0,0,0,50.0,0.0,0.0,0,0
273400,58.5,58.5,24.5,,,,,1.0,1.0,1.0,50.0,0.0,0.0,0.0,0.0,0.0,100.0,100.0,100.0,10000.0,10000.0,10000.0,0,0,0,50.0,0.0,0.0,0,0
273600,59.0,59.0,24.5,,,,,1.0,1.0,1.0,50.0,0.0,0.0,0.0,0.0,0.0,100.0,100.0,100.0,10000.0,10000.0,10000.0,0,0,0,50.0,0.0,0.0,0,0
273800,59.0,59.0,24.5,,,,,1.0,1.0,1.0,50.0,0.0,0.0,0.0,0.0,0.0,100.0,100.0,100.0,10000.0,10000.0,10000.0,0,0,0,50.0,0.0,0.0,0,0
274000,59.0,59.0,24.5,,,,,1.0,1.0,1.0,50.0,0.0,0.0,0.0,0.0,0.0,100.0,100.0,100.0,10000.0,10000.0,10000.0,0,0,0,50.0,0.0,0.0,0,0
274200,59.0,59.0,24.5,,,,,1.0,1.0,1.0,50.0,0.0,0.0,0.0,0.0,0.0,100.0,100.0,100.0,10000.0,10000.0,10000.0,0,0,0,50.0,0.0,0.0,0,0
274400,59.0,59.0,24.5,,,,,1.0,1.0,1.0,50.0,0.0,0.0,0.0,0.0,0.0,100.0,100.0,100.0,10000.0,10000.0,10000.0,0,0,0,50.0,0.0,0.0,0,0
274600,59.0,59.0,24.5,,,,,1.0,1.0,1.0,50.0,0.0,0.0,0.0,0.0,0.0,100.0,100.0,100.0,10000.0,10000.0,10000.0,0,0,0,50.0,0.0,0.0,0,0
274800,59.0,59.0,24.5,,,,,1.0,1.0,1.0,50.0,0.0,0.0,0.0,0.0,0.0,100.0,100.0,100.0,10000.0,10000.0,10000.0,0,0,0,50.0,0.0,0.0,0,0
275000,59.0,59.0,24.5,,,,,1.0,1.0,1.0,50.0,0.0,0.0,0.0,0.0,0.0,100.0,100.0,100.0,10000.0,10000.0,10000.0,0,0,0,50.0,0.0,0.0,0,0
275200,59.0,59.0,24.5,,,,,1.0,1.0,1.0,50.0,0.0,0.0,0.0,0.0,0.0,100.0,100.0,100.0,10000.0,10000.0,10000.0,0,0,0,50.0,0.0,0.0,0,0
275400,59.0,59.0,24.5,,,,,1.0,1.0,1.0,50.0,0.0,0.0,0.0,0.0,0.0,100.0,100.0,100.0,10000.0,10000.0,10000.0,0,0,0,50.0,0.0,0.0,0,0
275600,59.0,59.0,24.5,,,,,1.0,1.0,1.0,50.0,0.0,0.0,0.0,0.0,0.0,100.0,100.0,100.0,10000.0,10000.0,10000.0,0,0,0,50.0,0.0,0.0,0,0
275800,59.0,59.0,24.5,,,,,1.0,1.0,1.0,50.0,0.0,0.0,0.0,0.0,0.0,100.0,100.0,100.0,10000.0,10000.0,10000.0,0,0,0,50.0,0.0,0.0,0,0
276000,59.0,59.0,24.5,,,,,1.0,1.0,1.0,50.0,0.0,0.0,0.0,0.0,0.0,100.0,100.0,100.0,10000.0,10000.0,10000.0,0,0,0,50.0,0.0,0.0,0,0
276200,59.0,59.0,24.5,,,,,1.0,1.0,1.0,50.0,0.0,0.0,0.0,0.0,0.0,100.0,100.0,100.0,10000.0,10000.0,10000.0,0,0,0,50.0,0.0,0.0,0,0
276400,59.0,59.0,24.5,,,,,1.0,1.0,1.0,50.0,0.0,0.0,0.0,0.0,0.0,100.0,100.0,100.0,10000.0,10000.0,10000.0,0,0,0,50.0,0.0,0.0,0,0
276600,59.0,59.0,24.5,,,,,1.0,1.0,1.0,50.0,0.0,0.0,0.0,0.0,0.0,100.0,100.0,100.0,10000.0,10000.0,10000.0,0,0,0,50.0,0.0,0.0,0,0
276800,59.0,59.0,24.5,,,,,1.0,1.0,1.0,50.0,0.0,0.0,0.0,0.0,0.0,100.0,100.0,100.0,10000.0,10000.0,10000.0,0,0,0,50.0,0.0,0.0,0,0
277000,59.0,59.0,24.5,,,,,1.0,1.0,1.0,50.0,0.0,0.0,0.0,0.0,0.0,100.0,100.0,100.0,10000.0,10000.0,10000.0,0,0,0,50.0,0.0,0.0,0,0
277200,59.0,59.0,24.5,,,,,1.0,1.0,1.0,50.0,0.0,0.0,0.0,0.0,0.0,100.0,100.0,100.0,10000.0,10000.0,10000.0,0,0,0,50.0,0.0,0.0,0,0
277400,59.0,59.0,24.5,,,,,1.0,1.0,1.0,50.0,0.0,0.0,0.0,0.0,0.0,100.0,100.0,100.0,10000.0,10000.0,10000.0,0,0,0,50.0,0.0,0.0,0,0
277600,59.0,59.0,24.5,,,,,1.0,1.0,1.0,50.0,0.0,0.0,0.0,0.0,0.0,100.0,100.0,100.0,10000.0,10000.0,10000.0,0,0,0,50.0,0.0,0.0,0,0
277800,59.0,59.0,24.5,,,,,1.0,1.0,1.0,50.0,0.0,0.0,0.0,0.0,0.0,100.0,100.0,100.0,10000.0,10000.0,10000.0,0,0,0,50.0,0.0,0.0,0,0
278000,59.0,59.0,24.5,,,,,1.0,1.0,1.0,50.0,0.0,0.0,0.0,0.0,0.0,100.0,100.0,100.0,10000.0,10000.0,10000.0,0,0,0,50.0,0.0,0.0,0,0
278200,59.0,59.0,24.5,,,,,1.0,1.0,1.0,50.0,0.0,0.0,0.0,0.0,0.0,100.0,100.0,100.0,10000.0,10000.0,10000.0,0,0,0,50.0,0.0,0.0,0,0
278400,59.0,59.0,24.5,,,,,1.0,1.0,1.0,50.0,0.0,0.0,0.0,0.0,0.0,100.0,100.0,100.0,10000.0,10000.0,10000.0,0,0,0,50.0,0.0,0.0,0,0
278600,59.0,59.0,24.5,,,,,1.0,1.0,1.0,50.0,0.0,0.0,0.0,0.0,0.0,100.0,100.0,100.0,10000.0,10000.0,10000.0,0,0,0,50.0,0.0,0.0,0,0
278800,59.0,59.0,24.5,,,,,1.0,1.0,1.0,50.0,0.0,0.0,0.0,0.0,0.0,100.0,100.0,100.0,10000.0,10000.0,10000.0,0,0,0,50.0,0.0,0.0,0,0
279000,59.0,59.0,24.5,,,,,1.0,1.0,1.0,50.0,0.0,0.0,0.0,0.0,0.0,100.0,100.0,100.0,10000.0,10000.0,10000.0,0,0,0,50.0,0.0,0.0,0,0
279200,59.0,59.0,24.5,,,,,1.0,1.0,1.0,50.0,0.0,0.0,0.0,0.0,0.0,100.0,100.0,100.0,10000.0,10000.0,10000.0,0,0,0,50.0,0.0,0.0,0,0
279400,59.0,59.0,24.5,,,,,1.0,1.0,1.0,50.0,0.0,0.0,0.0,0.0,0.0,100.0,100.0,100.0,10000.0,10000.0,10000.0,0,0,0,50.0,0.0,0.0,0,0
279600,59.0,59.0,24.5,,,,,1.0,1.0,1.0,50.0,0.0,0.0,0.0,0.0,0.0,100.0,100.0,100.0,10000.0,10000.0,10000.0,0,0,0,50.0,0.0,0.0,0,0
279800,59.0,59.0,24.5,,,,,1.0,1.0,1.0,50.0,0.0,0.0,0.0,0.0,0.0,100.0,100.0,100.0,10000.0,10000.0,10000.0,0,0,0,50.0,0.0,0.0,0,0
280000,59.0,59.0,24.5,,,,,1.0,1.0,1.0,50.0,0.0,0.0,0.0,0.0,0.0,100.0,100.0,100.0,10000.0,10000.0,10000.0,0,0,0,50.0,0.0,0.0,0,0
280200,59.0,59.0,24.5,,,,,1.0,1.0,1.0,50.0,0.0,0.0,0.0,0.0,0.0,100.0,100.0,100.0,10000.0,10000.0,10000.0,0,0,0,50.0,0.0,0.0,0,0
280400,59.0,59.0,24.5,,,,,1.0,1.0,1.0,50.0,0.0,0.0,0.0,0.0,0.0,100.0,100.0,100.0,10000.0,10000.0,10000.0,0,0,0,50.0,0.0,0.0,0,0
280600,59.0,59.0,24.5,,,,,1.0,1.0,1.0,50.0,0.0,0.0,0.0,0.0,0.0,100.0,100.0,100.0,10000.0,10000.0,10000.0,0,0,0,50.0,0.0,0.0,0,0
280800,59.0,59.0,24.5,,,,,1.0,1.0,1.0,50.0,0.0,0.0,0.0,0.0,0.0,100.0,100.0,100.0,10000.0,10000.0,10000.0,0,0,0,50.0,0.0,0.0,0,0
281000,59.0,59.0,24.5,,,,,1.0,1.0,1.0,50.0,0.0,0.0,0.0,0.0,0.0,100.0,100.0,100.0,10000.0,10000.0,10000.0,0,0,0,50.0,0.0,0.0,0,0
281200,59.0,59.0,24.5,,,,,1.0,1.0,1.0,50.0,0.0,0.0,0.0,0.0,0.0,100.0,100.0,100.0,10000.0,10000.0,10000.0,0,0,0,50.0,0.0,0.0,0,0
281400,59.0,59.0,24.5,,,,,1.0,1.0,1.0,50.0,0.0,0.0,0.0,0.0,0.0,100.0,100.0,100.0,10000.0,10000.0,10000.0,0,0,0,50.0,0.0,0.0,0,0
281600,59.0,59.0,24.5,,,,,1.0,1.0,1.0,50.0,0.0,0.0,0.0,0.0,0.0,100.0,100.0,100.0,10000.0,10000.0,10000.0,0,0,0,50.0,0.0,0.0,0,0
281800,59.0,59.0,24.5,,,,,1.0,1.0,1.0,50.0,0.0,0.0,0.0,0.0,0.0,100.0,100.0,100.0,10000.0,10000.0,10000.0,0,0,0,50.0,0.0,0.0,0,0
282000,59.0,59.0,24.5,,,,,1.0,1.0,1.0,50.0,0.0,0.0,0.0,0.0,0.0,100.0,100.0,100.0,10000.0,10000.0,10000.0,0,0,0,50.0,0.0,0.0,0,0
282200,59.0,59.0,24.5,,,,,1.0,1.0,1.0,50.0,0.0,0.0,0.0,0.0,0.0,100.0,100.0,100.0,10000.0,10000.0,10000.0,0,0,0,50.0,0.0,0.0,0,1
282400,59.0,59.0,24.5,,,,,1.0,1.0,1.0,50.0,0.0,0.0,0.0,0.0,0.0,100.0,100.0,100.0,10000.0,10000.0,10000.0,0,0,0,50.0,0.0,0.0,0,0
282600,59.0,59.0,24.5,,,,,1.0,1.0,1.0,50.0,0.0,0.0,0.0,0.0,0.0,100.0,100.0,100.0,10000.0,10000.0,10000.0,0,0,0,50.0,0.0,0.0,0,0
282800,59.0,59.0,24.5,,,,,1.0,1.0,1.0,50.0,0.0,0.0,0.0,0.0,0.0,100.0,100.0,100.0,10000.0,10000.0,10000.0,0,0,0,50.0,0.0,0.0,0,0
283000,59.5,59.0,24.5,,,,,1.0,1.0,1.0,50.0,0.0,0.0,0.0,0.0,0.0,100.0,100.0,100.0,10000.0,10000.0,10000.0,0,0,0,50.0,0.0,0.0,0,0
283200,59.5,59.0,24.5,,,,,1.0,1.0,1.0,50.0,0.0,0.0,0.0,0.0,0.0,100.0,100.0,100.0,10000.0,10000.0,10000.0,0,0,0,50.0,0.0,0.0,0,0
283400,59.5,59.0,24.5,,,,,1.0,1.0,1.0,50.0,0.0,0.0,0.0,0.0,0.0,100.0,100.0,100.0,10000.0,10000.0,10000.0,0,0,0,50.0,0.0,0.0,0,0
283600,59.5,59.0,24.5,,,,,1.0,1.0,1.0,50.0,0.0,0.0,0.0,0.0,0.0,100.0,100.0,100.0,10000.0,10000.0,10000.0,0,0,0,50.0,0.0,0.0,0,0
283800,59.5,59.0,24.5,,,,,1.0,1.0,1.0,50.0,0.0,0.0,0.0,0.0,0.0,100.0,100.0,100.0,10000.0,10000.0,10000.0,0,0,0,50.0,0.0,0.0,0,0
284000,59.5,59.0,24.5,,,,,1.0,1.0,1.0,50.0,0.0,0.0,0.0,0.0,0.0,100.0,100.0,100.0,10000.0,10000.0,10000.0,0,0,0,50.0,0.0,0.0,0,0
284200,59.5,59.0,24.5,,,,,1.0,1.0,1.0,50.0,0.0,0.0,0.0,0.0,0.0,100.0,100.0,100.0,10000.0,10000.0,10000.0,0,0,0,50.0,0.0,0.0,0,0
284400,59.5,59.0,24.5,,,,,1.0,1.0,1.0,50.0,0.0,0.0,0.0,0.0,0.0,100.0,100.0,100.0,10000.0,10000.0,10000.0,0,0,0,50.0,0.0,0.0,0,0
284600,59.5,59.5,24.5,,,,,1.0,1.0,1.0,50.0,0.0,0.0,0.0,0.0,0.0,100.0,100.0,100.0,10000.0,10000.0,10000.0,0,0,0,50.0,0.0,0.0,0,0
284800,59.5,59.5,24.5,,,,,1.0,1.0,1.0,50.0,0.0,0.0,0.0,0.0,0.0,100.0,100.0,100.0,10000.0,10000.0,10000.0,0,0,0,50.0,0.0,0.0,0,0
285000,59.5,59.5,24.5,,,,,1.0,1.0,1.0,50.0,0.0,0.0,0.0,0.0,0.0,100.0,100.0,100.0,10000.0,10000.0,10000.0,0,0,0,50.0,0.0,0.0,0,0
285200,59.5,59.5,24.5,,,,,1.0,1.0,1.0,50.0,0.0,0.0,0.0,0.0,0.0,100.0,100.0,100.0,10000.0,10000.0,10000.0,0,0,0,50.0,0.0,0.0,0,0
285400,59.5,59.5,24.5,,,,,1.0,1.0,1.0,50.0,0.0,0.0,0.0,0.0,0.0,100.0,100.0,100.0,10000.0,10000.0,10000.0,0,0,0,50.0,0.0,0.0,0,0
285600,59.5,59.5,24.5,,,,,1.0,1.0,1.0,50.0,0.0,0.0,0.0,0.0,0.0,100.0,100.0,100.0,10000.0,10000.0,10000.0,0,0,0,50.0,0.0,0.0,0,0
285800,59.5,59.5,24.5,,,,,1.0,1.0,1.0,50.0,0.0,0.0,0.0,0.0,0.0,100.0,100.0,100.0,10000.0,10000.0,10000.0,0,0,0,50.0,0.0,0.0,0,0
286000,59.5,59.5,24.5,,,,,1.0,1.0,1.0,50.0,0.0,0.0,0.0,0.0,0.0,100.0,100.0,100.0,10000.0,10000.0,10000.0,0,0,0,50.0,0.0,0.0,0,0
286200,59.5,59.5,24.5,,,,,1.0,1.0,1.0,50.0,0.0,0.0,0.0,0.0,0.0,100.0,100.0,100.0,10000.0,10000.0,10000.0,0,0,0,50.0,0.0,0.0,0,0
286400,59.5,59.5,24.5,,,,,1.0,1.0,1.0,50.0,0.0,0.0,0.0,0.0,0.0,100.0,100.0,100.0,10000.0,10000.0,10000.0,0,0,0,50.0,0.0,0.0,0,0
286600,59.5,59.5,24.5,,,,,1.0,1.0,1.0,50.0,0.0,0.0,0.0,0.0,0.0,100.0,100.0,100.0,10000.0,10000.0,10000.0,0,0,0,50.0,0.0,0.0,0,0
286800,59.5,59.5,24.5,,,,,1.0,1.0,1.0,50.0,0.0,0.0,0.0,0.0,0.0,100.0,100.0,100.0,10000.0,10000.0,10000.0,0,0,0,50.0,0.0,0.0,0,0
287000,59.5,59.5,24.5,,,,,1.0,1.0,1.0,50.0,0.0,0.0,0.0,0.0,0.0,100.0,100.0,100.0,10000.0,10000.0,10000.0,0,0,0,50.0,0.0,0.0,0,0
287200,59.5,59.5,24.5,,,,,1.0,1.0,1.0,50.0,0.0,0.0,0.0,0.0,0.0,100.0,100.0,100.0,10000.0,10000.0,10000.0,0,0,0,50.0,0.0,0.0,0,0
287400,59.5,59.5,24.5,,,,,1.0,1.0,1.0,50.0,0.0,0.0,0.0,0.0,0.0,100.0,100.0,100.0,10000.0,10000.0,10000.0,0,0,0,50.0,0.0,0.0,0,0
287600,59.5,59.5,24.5,,,,,1.0,1.0,1.0,50.0,0.0,0.0,0.0,0.0,0.0,100.0,100.0,100.0,10000.0,10000.0,10000.0,0,0,0,50.0,0.0,0.0,0,0
287800,59.5,59.5,24.5,,,,,1.0,1.0,1.0,50.0,0.0,0.0,0.0,0.0,0.0,100.0,100.0,100.0,10000.0,10000.0,10000.0,0,0,0,50.0,0.0,0.0,0,0
288000,59.5,59.5,24.5,,,,,1.0,1.0,1.0,50.0,0.0,0.0,0.0,0.0,0.0,100.0,100.0,100.0,10000.0,10000.0,10000.0,0,0,0,50.0,0.0,0.0,0,0
288200,59.5,59.5,24.5,,,,,1.0,1.0,1.0,50.0,0.0,0.0,0.0,0.0,0.0,100.0,100.0,100.0,10000.0,10000.0,10000.0,0,0,0,50.0,0.0,0.0,0,0
288400,59.5,59.5,24.5,,,,,1.0,1.0,1.0,50.0,0.0,0.0,0.0,0.0,0.0,100.0,100.0,100.0,10000.0,10000.0,10000.0,0,0,0,50.0,0.0,0.0,0,0
288600,59.5,59.5,24.5,,,,,1.0,1.0,1.0,50.0,0.0,0.0,0.0,0.0,0.0,100.0,100.0,100.0,10000.0,10000.0,10000.0,0,0,0,50.0,0.0,0.0,0,0
288800,59.5,59.5,24.5,,,,,1.0,1.0,1.0,50.0,0.0,0.0,0.0,0.0,0.0,100.0,100.0,100.0,10000.0,10000.0,10000.0,0,0,0,50.0,0.0,0.0,0,0
289000,59.5,59.5,24.5,,,,,1.0,1.0,1.0,50.0,0.0,0.0,0.0,0.0,0.0,100.0,100.0,100.0,10000.0,10000.0,10000.0,0,0,0,50.0,0.0,0.0,0,0
289200,59.5,59.5,24.5,,,,,1.0,1.0,1.0,50.0,0.0,0.0,0.0,0.0,0.0,100.0,100.0,100.0,10000.0,10000.0,10000.0,0,0,0,50.0,0.0,0.0,0,0
289400,59.5,59.5,24.5,,,,,1.0,1.0,1.0,50.0,0.0,0.0,0.0,0.0,0.0,100.0,100.0,100.0,10000.0,10000.0,10000.0,0,0,0,50.0,0.0,0.0,0,0
289600,59.5,59.5,24.5,,,,,1.0,1.0,1.0,50.0,0.0,0.0,0.0,0.0,0.0,100.0,100.0,100.0,10000.0,10000.0,10000.0,0,0,0,50.0,0.0,0.0,0,0
289800,59.5,59.5,24.5,,,,,1.0,1.0,1.0,50.0,0.0,0.0,0.0,0.0,0.0,100.0,100.0,100.0,10000.0,10000.0,10000.0,0,0,0,50.0,0.0,0.0,0,0
290000,59.5,59.5,24.5,,,,,1.0,1.0,1.0,50.0,0.0,0.0,0.0,0.0,0.0,100.0,100.0,100.0,10000.0,10000.0,10000.0,0,0,0,50.0,0.0,0.0,0,0
290200,59.5,59.5,24.5,,,,,1.0,1.0,1.0,50.0,0.0,0.0,0.0,0.0,0.0,100.0,100.0,100.0,10000.0,10000.0,10000.0,0,0,0,50.0,0.0,0.0,0,0
290400,59.5,59.5,24.5,,,,,1.0,1.0,1.0,50.0,0.0,0.0,0.0,0.0,0.0,100.0,100.0,100.0,10000.0,10000.0,10000.0,0,0,0,50.0,0.0,0.0,0,0
290600,59.5,59.5,24.5,,,,,1.0,1.0,1.0,50.0,0.0,0.0,0.0,0.0,0.0,100.0,100.0,100.0,10000.0,10000.0,10000.0,0,0,0,50.0,0.0,0.0,0,0
290800,59.5,59.5,24.5,,,,,1.0,1.0,1.0,50.0,0.0,0.0,0.0,0.0,0.0,100.0,100.0,100.0,10000.0,10000.0,10000.0,0,0,0,50.0,0.0,0.0,0,0
291000,59.5,59.5,24.5,,,,,1.0,1.0,1.0,50.0,0.0,0.0,0.0,0.0,0.0,100.0,100.0,100.0,10000.0,10000.0,10000.0,0,0,0,50.0,0.0,0.0,0,0
291200,59.5,59.5,24.5,,,,,1.0,1.0,1.0,50.0,0.0,0.0,0.0,0.0,0.0,100.0,100.0,100.0,10000.0,10000.0,10000.0,0,0,0,50.0,0.0,0.0,0,0
291400,59.5,59.5,24.5,,,,,1.0,1.0,1.0,50.0,0.0,0.0,0.0,0.0,0.0,100.0,100.0,100.0,10000.0,10000.0,10000.0,0,0,0,50.0,0.0,0.0,0,0
291600,59.5,59.5,24.5,,,,,1.0,1.0,1.0,50.0,0.0,0.0,0.0,0.0,0.0,100.0,100.0,100.0,10000.0,10000.0,10000.0,0,0,0,50.0,0.0,0.0,0,0
291800,59.5,59.5,24.5,,,,,1.0,1.0,1.0,50.0,0.0,0.0,0.0,0.0,0.0,100.0,100.0,100.0,10000.0,10000.0,10000.0,0,0,0,50.0,0.0,0.0,0,0
292000,59.5,59.5,24.5,,,,,1.0,1.0,1.0,50.0,0.0,0.0,0.0,0.0,0.0,100.0,100.0,100.0,10000.0,10000.0,10000.0,0,0,0,50.0,0.0,0.0,0,0
292200,59.5,59.5,24.5,,,,,1.0,1.0,1.0,50.0,0.0,0.0,0.0,0.0,0.0,100.0,100.0,100.0,10000.0,10000.0,10000.0,0,0,0,50.0,0.0,0.0,0,0
292400,59.5,59.5,24.5,,,,,1.0,1.0,1.0,50.0,0.0,0.0,0.0,0.0,0.0,100.0,100.0,100.0,10000.0,10000.0,10000.0,0,0,0,50.0,0.0,0.0,0,0
292600,59.5,59.5,24.5,,,,,1.0,1.0,1.0,50.0,0.0,0.0,0.0,0.0,0.0,100.0,100.0,100.0,10000.0,10000.0,10000.0,0,0,0,50.0,0.0,0.0,0,0
292800,59.5,59.5,24.5,,,,,1.0,1.0,1.0,50.0,0.0,0.0,0.0,0.0,0.0,100.0,100.0,100.0,10000.0,10000.0,10000.0,0,0,0,50.0,0.0,0.0,0,0
293000,60.0,60.0,24.5,,,,,1.0,1.0,1.0,50.0,0.0,0.0,0.0,0.0,0.0,100.0,100.0,100.0,10000.0,10000.0,10000.0,0,0,0,50.0,0.0,0.0,0,0
293200,60.0,60.0,24.5,,,,,1.0,1.0,1.0,50.0,0.0,0.0,0.0,0.0,0.0,100.0,100.0,100.0,10000.0,10000.0,10000.0,0,0,0,50.0,0.0,0.0,0,0
293400,60.0,60.0,24.5,,,,,1.0,1.0,1.0,50.0,0.0,0.0,0.0,0.0,0.0,100.0,100.0,100.0,10000.0,10000.0,10000.0,0,0,0,50.0,0.0,0.0,0,0
293600,60.0,60.0,24.5,,,,,1.0,1.0,1.0,50.0,0.0,0.0,0.0,0.0,0.0,100.0,100.0,100.0,10000.0,10000.0,10000.0,0,0,0,50.0,0.0,0.0,0,0
293800,60.0,60.0,24.5,,,,,1.0,1.0,1.0,50.0,0.0,0.0,0.0,0.0,0.0,100.0,100.0,100.0,10000.0,10000.0,10000.0,0,0,0,50.0,0.0,0.0,0,0
294000,60.0,60.0,24.5,,,,,1.0,1.0,1.0,50.0,0.0,0.0,0.0,0.0,0.0,100.0,100.0,100.0,10000.0,10000.0,10000.0,0,0,0,50.0,0.0,0.0,0,0
294200,60.0,60.0,24.5,,,,,1.0,1.0,1.0,50.0,0.0,0.0,0.0,0.0,0.0,100.0,100.0,100.0,10000.0,10000.0,10000.0,0,0,0,50.0,0.0,0.0,0,0
294400,60.0,60.0,24.5,,,,,1.0,1.0,1.0,50.0,0.0,0.0,0.0,0.0,0.0,100.0,100.0,100.0,10000.0,10000.0,10000.0,0,0,0,50.0,0.0,0.0,0,0
294600,60.0,60.0,24.5,,,,,1.0,1.0,1.0,50.0,0.0,0.0,0.0,0.0,0.0,100.0,100.0,100.0,10000.0,10000.0,10000.0,0,0,0,50.0,0.0,0.0,0,0
294800,60.0,60.0,24.5,,,,,1.0,1.0,1.0,50.0,0.0,0.0,0.0,0.0,0.0,100.0,100.0,100.0,10000.0,10000.0,10000.0,0,0,0,50.0,0.0,0.0,0,0
295000,60.0,60.0,24.5,,,,,1.0,1.0,1.0,50.0,0.0,0.0,0.0,0.0,0.0,100.0,100.0,100.0,10000.0,10000.0,10000.0,0,0,0,50.0,0.0,0.0,0,0
295200,60.0,60.0,24.5,,,,,1.0,1.0,1.0,50.0,0.0,0.0,0.0,0.0,0.0,100.0,100.0,100.0,10000.0,10000.0,10000.0,0,0,0,50.0,0.0,0.0,0,0
295400,60.0,60.0,24.5,,,,,1.0,1.0,1.0,50.0,0.0,0.0,0.0,0.0,0.0,100.0,100.0,100.0,10000.0,10000.0,10000.0,0,0,0,50.0,0.0,0.0,0,0
295600,60.0,60.0,24.5,,,,,1.0,1.0,1.0,50.0,0.0,0.0,0.0,0.0,0.0,100.0,100.0,100.0,10000.0,10000.0,10000.0,0,0,0,50.0,0.0,0.0,0,0
295800,60.0,60.0,24.5,,,,,1.0,1.0,1.0,50.0,0.0,0.0,0.0,0.0,0.0,100.0,100.0,100.0,10000.0,10000.0,10000.0,0,0,0,50.0,0.0,0.0,0,0
296000,60.0,60.0,24.5,,,,,1.0,1.0,1.0,50.0,0.0,0.0,0.0,0.0,0.0,100.0,100.0,100.0,10000.0,10000.0,10000.0,0,0,0,50.0,0.0,0.0,0,0
296200,60.0,60.0,24.5,,,,,1.0,1.0,1.0,50.0,0.0,0.0,0.0,0.0,0.0,100.0,100.0,100.0,10000.0,10000.0,10000.0,0,0,0,50.0,0.0,0.0,0,0
296400,60.0,60.0,24.5,,,,,1.0,1.0,1.0,50.0,0.0,0.0,0.0,0.0,0.0,100.0,100.0,100.0,10000.0,10000.0,10000.0,0,0,0,50.0,0.0,0.0,0,0
296600,60.0,60.0,24.5,,,,,1.0,1.0,1.0,50.0,0.0,0.0,0.0,0.0,0.0,100.0,100.0,100.0,10000.0,10000.0,10000.0,0,0,0,50.0,0.0,0.0,0,0
296800,60.0,60.0,24.5,,,,,1.0,1.0,1.0,50.0,0.0,0.0,0.0,0.0,0.0,100.0,100.0,100.0,10000.0,10000.0,10000.0,0,0,0,50.0,0.0,0.0,0,0
297000,60.0,60.0,24.5,,,,,1.0,1.0,1.0,50.0,0.0,0.0,0.0,0.0,0.0,100.0,100.0,100.0,10000.0,10000.0,10000.0,0,0,0,50.0,0.0,0.0,0,0
297200,60.0,60.0,24.5,,,,,1.0,1.0,1.0,50.0,0.0,0.0,0.0,0.0,0.0,100.0,100.0,100.0,10000.0,10000.0,10000.0,0,0,0,50.0,0.0,0.0,0,0
297400,60.0,60.0,24.5,,,,,1.0,1.0,1.0,50.0,0.0,0.0,0.0,0.0,0.0,100.0,100.0,100.0,10000.0,10000.0,10000.0,0,0,0,50.0,0.0,0.0,0,0
297600,60.0,60.0,24.5,,,,,1.0,1.0,1.0,50.0,0.0,0.0,0.0,0.0,0.0,100.0,100.0,100.0,10000.0,10000.0,10000.0,0,0,0,50.0,0.0,0.0,0,0
297800,60.0,60.0,24.5,,,,,1.0,1.0,1.0,50.0,0.0,0.0,0.0,0.0,0.0,100.0,100.0,100.0,10000.0,10000.0,10000.0,0,0,0,50.0,0.0,0.0,0,0
298000,60.0,60.0,24.5,,,,,1.0,1.0,1.0,50.0,0.0,0.0,0.0,0.0,0.0,100.0,100.0,100.0,10000.0,10000.0,10000.0,0,0,0,50.0,0.0,0.0,0,0
298200,60.0,60.0,24.5,,,,,1.0,1.0,1.0,50.0,0.0,0.0,0.0,0.0,0.0,100.0,100.0,100.0,10000.0,10000.0,10000.0,0,0,0,50.0,0.0,0.0,0,0
298400,60.0,60.0,24.5,,,,,1.0,1.0,1.0,50.0,0.0,0.0,0.0,0.0,0.0,100.0,100.0,100.0,10000.0,10000.0,10000.0,0,0,0,50.0,0.0,0.0,0,0
298600,60.0,60.0,24.5,,,,,1.0,1.0,1.0,50.0,0.0,0.0,0.0,0.0,0.0,100.0,100.0,100.0,10000.0,10000.0,10000.0,0,0,0,50.0,0.0,0.0,0,0
298800,60.0,60.0,24.5,,,,,1.0,1.0,1.0,50.0,0.0,0.0,0.0,0.0,0.0,100.0,100.0,100.0,10000.0,10000.0,10000.0,0,0,0,50.0,0.0,0.0,0,0
299000,60.0,60.0,24.5,,,,,1.0,1.0,1.0,50.0,0.0,0.0,0.0,0.0,0.0,100.0,100.0,100.0,10000.0,10000.0,10000.0,0,0,0,50.0,0.0,0.0,0,0
299200,60.0,60.0,24.5,,,,,1.0,1.0,1.0,50.0,0.0,0.0,0.0,0.0,0.0,100.0,100.0,100.0,10000.0,10000.0,10000.0,0,0,0,50.0,0.0,0.0,0,0
299400,60.0,60.0,24.5,,,,,1.0,1.0,1.0,50.0,0.0,0.0,0.0,0.0,0.0,100.0,100.0,100.0,10000.0,10000.0,10000.0,0,0,0,50.0,0.0,0.0,0,0
299600,60.0,60.0,24.5,,,,,1.0,1.0,1.0,50.0,0.0,0.0,0.0,0.0,0.0,100.0,100.0,100.0,10000.0,10000.0,10000.0,0,0,0,50.0,0.0,0.0,0,0
299800,60.0,60.0,24.5,,,,,1.0,1.0,1.0,50.0,0.0,0.0,0.0,0.0,0.0,100.0,100.0,100.0,10000.0,10000.0,10000.0,0,0,0,50.0,0.0,0.0,0,0
300000,60.0,60.0,24.5,,,,,1.0,1.0,1.0,50.0,0.0,0.0,0.0,0.0,0.0,100.0,100.0,100.0,10000.0,10000.0,10000.0,0,0,0,50.0,0.0,0.0,0,0
300200,60.0,60.0,24.5,,,,,1.0,1.0,1.0,50.0,0.0,0.0,0.0,0.0,0.0,100.0,100.0,100.0,10000.0,10000.0,10000.0,0,0,0,50.0,0.0,0.0,0,0
300400,60.0,60.0,24.5,,,,,1.0,1.0,1.0,50.0,0.0,0.0,0.0,0.0,0.0,100.0,100.0,100.0,10000.0,10000.0,10000.0,0,0,0,50.0,0.0,0.0,0,0
300600,60.0,60.0,24.5,,,,,1.0,1.0,1.0,50.0,0.0,0.0,0.0,0.0,0.0,100.0,100.0,100.0,10000.0,10000.0,10000.0,0,0,0,50.0,0.0,0.0,0,0
300800,60.0,60.0,24.5,,,,,1.0,1.0,1.0,50.0,0.0,0.0,0.0,0.0,0.0,100.0,100.0,100.0,10000.0,10000.0,10000.0,0,0,0,50.0,0.0,0.0,0,0
301000,60.0,60.0,24.5,,,,,1.0,1.0,1.0,50.0,0.0,0.0,0.0,0.0,0.0,100.0,100.0,100.0,10000.0,10000.0,10000.0,0,0,0,50.0,0.0,0.0,0,0
301200,60.0,60.0,24.5,,,,,1.0,1.0,1.0,50.0,0.0,0.0,0.0,0.0,0.0,100.0,100.0,100.0,10000.0,10000.0,10000.0,0,0,0,50.0,0.0,0.0,0,0
301400,60.0,60.0,24.5,,,,,1.0,1.0,1.0,50.0,0.0,0.0,0.0,0.0,0.0,100.0,100.0,100.0,10000.0,10000.0,10000.0,0,0,0,50.0,0.0,0.0,0,0
301600,60.0,60.0,24.5,,,,,1.0,1.0,1.0,50.0,0.0,0.0,0.0,0.0,0.0,100.0,100.0,100.0,10000.0,10000.0,10000.0,0,0,0,50.0,0.0,0.0,0,0
301800,60.0,60.0,24.5,,,,,1.0,1.0,1.0,50.0,0.0,0.0,0.0,0.0,0.0,100.0,100.0,100.0,10000.0,10000.0,10000.0,0,0,0,50.0,0.0,0.0,0,0
302000,60.0,60.5,24.5,,,,,1.0,1.0,1.0,50.0,0.0,0.0,0.0,0.0,0.0,100.0,100.0,100.0,10000.0,10000.0,10000.0,0,0,0,50.0,0.0,0.0,0,0
302200,60.0,60.5,24.5,,,,,1.0,1.0,1.0,50.0,0.0,0.0,0.0,0.0,0.0,100.0,100.0,100.0,10000.0,10000.0,10000.0,0,0,0,50.0,0.0,0.0,0,0
302400,60.0,60.5,24.5,,,,,1.0,1.0,1.0,50.0,0.0,0.0,0.0,0.0,0.0,100.0,100.0,100.0,10000.0,10000.0,10000.0,0,0,0,50.0,0.0,0.0,0,0
302600,60.0,60.5,24.5,,,,,1.0,1.0,1.0,50.0,0.0,0.0,0.0,0.0,0.0,100.0,100.0,100.0,10000.0,10000.0,10000.0,0,0,0,50.0,0.0,0.0,0,0
302800,60.0,60.5,24.5,,,,,1.0,1.0,1.0,50.0,0.0,0.0,0.0,0.0,0.0,100.0,100.0,100.0,10000.0,10000.0,10000.0,0,0,0,50.0,0.0,0.0,0,0
303000,60.0,60.5,24.5,,,,,1.0,1.0,1.0,50.0,0.0,0.0,0.0,0.0,0.0,100.0,100.0,100.0,10000.0,10000.0,10000.0,0,0,0,50.0,0.0,0.0,0,0
303200,60.0,60.5,24.5,,,,,1.0,1.0,1.0,50.0,0.0,0.0,0.0,0.0,0.0,100.0,100.0,100.0,10000.0,10000.0,10000.0,0,0,0,50.0,0.0,0.0,0,0
303400,60.0,60.5,24.5,,,,,1.0,1.0,1.0,50.0,0.0,0.0,0.0,0.0,0.0,100.0,100.0,100.0,10000.0,10000.0,10000.0,0,0,0,50.0,0.0,0.0,0,0
303600,60.0,60.5,24.5,,,,,1.0,1.0,1.0,50.0,0.0,0.0,0.0,0.0,0.0,100.0,100.0,100.0,10000.0,10000.0,10000.0,0,0,0,50.0,0.0,0.0,0,0
303800,60.0,60.5,24.5,,,,,1.0,1.0,1.0,50.0,0.0,0.0,0.0,0.0,0.0,100.0,100.0,100.0,10000.0,10000.0,10000.0,0,0,0,50.0,0.0,0.0,0,0
304000,60.0,60.5,24.5,,,,,1.0,1.0,1.0,50.0,0.0,0.0,0.0,0.0,0.0,100.0,100.0,100.0,10000.0,10000.0,10000.0,0,0,0,50.0,0.0,0.0,0,0
304200,60.0,60.5,24.5,,,,,1.0,1.0,1.0,50.0,0.0,0.0,0.0,0.0,0.0,100.0,100.0,100.0,10000.0,10000.0,10000.0,0,0,0,50.0,0.0,0.0,0,0
304400,60.0,60.5,24.5,,,,,1.0,1.0,1.0,50.0,0.0,0.0,0.0,0.0,0.0,100.0,100.0,100.0,10000.0,10000.0,10000.0,0,0,0,50.0,0.0,0.0,0,0
304600,60.0,60.5,24.5,,,,,1.0,1.0,1.0,50.0,0.0,0.0,0.0,0.0,0.0,100.0,100.0,100.0,10000.0,10000.0,10000.0,0,0,0,50.0,0.0,0.0,0,0
304800,60.0,60.5,24.5,,,,,1.0,1.0,1.0,50.0,0.0,0.0,0.0,0.0,0.0,100.0,100.0,100.0,10000.0,10000.0,10000.0,0,0,0,50.0,0.0,0.0,0,0
305000,60.0,60.5,24.5,,,,,1.0,1.0,1.0,50.0,0.0,0.0,0.0,0.0,0.0,100.0,100.0,100.0,10000.0,10000.0,10000.0,0,0,0,50.0,0.0,0.0,0,0
305200,60.0,60.5,24.5,,,,,1.0,1.0,1.0,50.0,0.0,0.0,0.0,0.0,0.0,100.0,100.0,100.0,10000.0,10000.0,10000.0,0,0,0,50.0,0.0,0.0,0,0
305400,60.0,60.5,24.5,,,,,1.0,1.0,1.0,50.0,0.0,0.0,0.0,0.0,0.0,100.0,100.0,100.0,10000.0,10000.0,10000.0,0,0,0,50.0,0.0,0.0,0,0
305600,60.0,60.5,24.5,,,,,1.0,1.0,1.0,50.0,0.0,0.0,0.0,0.0,0.0,100.0,100.0,100.0,10000.0,10000.0,10000.0,0,0,0,50.0,0.0,0.0,0,0
305800,60.0,60.5,24.5,,,,,1.0,1.0,1.0,50.0,0.0,0.0,0.0,0.0,0.0,100.0,100.0,100.0,10000.0,10000.0,10000.0,0,0,0,50.0,0.0,0.0,0,0
306000,60.0,60.5,24.5,,,,,1.0,1.0,1.0,50.0,0.0,0.0,0.0,0.0,0.0,100.0,100.0,100.0,10000.0,10000.0,10000.0,0,0,0,50.0,0.0,0.0,0,0
306200,60.0,60.5,24.5,,,,,1.0,1.0,1.0,50.0,0.0,0.0,0.0,0.0,0.0,100.0,100.0,100.0,10000.0,10000.0,10000.0,0,0,0,50.0,0.0,0.0,0,0
306400,60.0,60.5,24.5,,,,,1.0,1.0,1.0,50.0,0.0,0.0,0.0,0.0,0.0,100.0,100.0,100.0,10000.0,10000.0,10000.0,0,0,0,50.0,0.0,0.0,0,0
306600,60.0,60.5,24.5,,,,,1.0,1.0,1.0,50.0,0.0,0.0,0.0,0.0,0.0,100.0,100.0,100.0,10000.0,10000.0,10000.0,0,0,0,50.0,0.0,0.0,0,0
306800,60.0,60.5,24.5,,,,,1.0,1.0,1.0,50.0,0.0,0.0,0.0,0.0,0.0,100.0,100.0,100.0,10000.0,10000.0,10000.0,0,0,0,50.0,0.0,0.0,0,0
307000,60.0,60.5,24.5,,,,,1.0,1.0,1.0,50.0,0.0,0.0,0.0,0.0,0.0,100.0,100.0,100.0,10000.0,10000.0,10000.0,0,0,0,50.0,0.0,0.0,0,0
307200,60.0,60.5,24.5,,,,,1.0,1.0,1.0,50.0,0.0,0.0,0.0,0.0,0.0,100.0,100.0,100.0,10000.0,10000.0,10000.0,0,0,0,50.0,0.0,0.0,0,0
307400,60.0,60.5,24.5,,,,,1.0,1.0,1.0,50.0,0.0,0.0,0.0,0.0,0.0,100.0,100.0,100.0,10000.0,10000.0,10000.0,0,0,0,50.0,0.0,0.0,0,0
307600,60.0,60.5,24.5,,,,,1.0,1.0,1.0,50.0,0.0,0.0,0.0,0.0,0.0,100.0,100.0,100.0,10000.0,10000.0,10000.0,0,0,0,50.0,0.0,0.0,0,0
307800,60.0,60.5,24.5,,,,,1.0,1.0,1.0,50.0,0.0,0.0,0.0,0.0,0.0,100.0,100.0,100.0,10000.0,10000.0,10000.0,0,0,0,50.0,0.0,0.0,0,0
308000,60.0,60.5,24.5,,,,,1.0,1.0,1.0,50.0,0.0,0.0,0.0,0.0,0.0,100.0,100.0,100.0,10000.0,10000.0,10000.0,0,0,0,50.0,0.0,0.0,0,0
308200,60.0,60.5,24.5,,,,,1.0,1.0,1.0,50.0,0.0,0.0,0.0,0.0,0.0,100.0,100.0,100.0,10000.0,10000.0,10000.0,0,0,0,50.0,0.0,0.0,0,0
308400,60.0,60.5,24.5,,,,,1.0,1.0,1.0,50.0,0.0,0.0,0.0,0.0,0.0,100.0,100.0,100.0,10000.0,10000.0,10000.0,0,0,0,50.0,0.0,0.0,0,0
308600,60.0,60.5,24.5,,,,,1.0,1.0,1.0,50.0,0.0,0.0,0.0,0.0,0.0,100.0,100.0,100.0,10000.0,10000.0,10000.0,0,0,0,50.0,0.0,0.0,0,0
308800,60.0,60.5,24.5,,,,,1.0,1.0,1.0,50.0,0.0,0.0,0.0,0.0,0.0,100.0,100.0,100.0,10000.0,10000.0,10000.0,0,0,0,50.0,0.0,0.0,0,0
309000,60.0,60.5,24.5,,,,,1.0,1.0,1.0,50.0,0.0,0.0,0.0,0.0,0.0,100.0,100.0,100.0,10000.0,10000.0,10000.0,0,0,0,50.0,0.0,0.0,0,0
309200,60.0,60.5,24.5,,,,,1.0,1.0,1.0,50.0,0.0,0.0,0.0,0.0,0.0,100.0,100.0,100.0,10000.0,10000.0,10000.0,0,0,0,50.0,0.0,0.0,0,0
309400,60.0,60.5,24.5,,,,,1.0,1.0,1.0,50.0,0.0,0.0,0.0,0.0,0.0,100.0,100.0,100.0,10000.0,10000.0,10000.0,0,0,0,50.0,0.0,0.0,0,0
309600,60.0,60.5,24.5,,,,,1.0,1.0,1.0,50.0,0.0,0.0,0.0,0.0,0.0,100.0,100.0,100.0,10000.0,10000.0,10000.0,0,0,0,50.0,0.0,0.0,0,0
309800,60.0,60.5,24.5,,,,,1.0,1.0,1.0,50.0,0.0,0.0,0.0,0.0,0.0,100.0,100.0,100.0,10000.0,10000.0,10000.0,0,0,0,50.0,0.0,0.0,0,0
310000,60.5,60.5,24.5,,,,,1.0,1.0,1.0,50.0,0.0,0.0,0.0,0.0,0.0,100.0,100.0,100.0,10000.0,10000.0,10000.0,0,0,0,50.0,0.0,0.0,0,0
310200,60.5,60.5,24.5,,,,,1.0,1.0,1.0,50.0,0.0,0.0,0.0,0.0,0.0,100.0,100.0,100.0,10000.0,10000.0,10000.0,0,0,0,50.0,0.0,0.0,0,0
310400,60.5,60.5,24.5,,,,,1.0,1.0,1.0,50.0,0.0,0.0,0.0,0.0,0.0,100.0,100.0,100.0,10000.0,10000.0,10000.0,0,0,0,50.0,0.0,0.0,0,0
310600,60.5,60.5,24.5,,,,,1.0,1.0,1.0,50.0,0.0,0.0,0.0,0.0,0.0,100.0,100.0,100.0,10000.0,10000.0,10000.0,0,0,0,50.0,0.0,0.0,0,0
310800,60.5,60.5,24.5,,,,,1.0,1.0,1.0,50.0,0.0,0.0,0.0,0.0,0.0,100.0,100.0,100.0,10000.0,10000.0,10000.0,0,0,0,50.0,0.0,0.0,0,0
311000,60.5,60.5,24.5,,,,,1.0,1.0,1.0,50.0,0.0,0.0,0.0,0.0,0.0,100.0,100.0,100.0,10000.0,10000.0,10000.0,0,0,0,50.0,0.0,0.0,0,0
311200,60.5,60.5,24.5,,,,,1.0,1.0,1.0,50.0,0.0,0.0,0.0,0.0,0.0,100.0,100.0,100.0,10000.0,10000.0,10000.0,0,0,0,50.0,0.0,0.0,0,0
311400,60.5,60.5,24.5,,,,,1.0,1.0,1.0,50.0,0.0,0.0,0.0,0.0,0.0,100.0,100.0,100.0,10000.0,10000.0,10000.0,0,0,0,50.0,0.0,0.0,0,0
311600,60.5,60.5,24.5,,,,,1.0,1.0,1.0,50.0,0.0,0.0,0.0,0.0,0.0,100.0,100.0,100.0,10000.0,10000.0,10000.0,0,0,0,50.0,0.0,0.0,0,0
311800,60.5,60.5,24.5,,,,,1.0,1.0,1.0,50.0,0.0,0.0,0.0,0.0,0.0,100.0,100.0,100.0,10000.0,10000.0,10000.0,0,0,0,50.0,0.0,0.0,0,0
312000,60.5,60.5,24.5,,,,,1.0,1.0,1.0,50.0,0.0,0.0,0.0,0.0,0.0,100.0,100.0,100.0,10000.0,10000.0,10000.0,0,0,0,50.0,0.0,0.0,0,0
312200,60.5,60.5,24.5,,,,,1.0,1.0,1.0,50.0,0.0,0.0,0.0,0.0,0.0,100.0,100.0,100.0,10000.0,10000.0,10000.0,0,0,0,50.0,0.0,0.0,0,0
312400,60.5,60.5,24.5,,,,,1.0,1.0,1.0,50.0,0.0,0.0,0.0,0.0,0.0,100.0,100.0,100.0,10000.0,10000.0,10000.0,0,0,0,50.0,0.0,0.0,0,0
312600,60.5,60.5,24.5,,,,,1.0,1.0,1.0,50.0,0.0,0.0,0.0,0.0,0.0,100.0,100.0,100.0,10000.0,10000.0,10000.0,0,0,0,50.0,0.0,0.0,0,0
312800,60.5,60.5,24.5,,,,,1.0,1.0,1.0,50.0,0.0,0.0,0.0,0.0,0.0,100.0,100.0,100.0,10000.0,10000.0,10000.0,0,0,0,50.0,0.0,0.0,0,0
313000,60.5,60.5,24.5,,,,,1.0,1.0,1.0,50.0,0.0,0.0,0.0,0.0,0.0,100.0,100.0,100.0,10000.0,10000.0,10000.0,0,0,0,50.0,0.0,0.0,0,0
313200,60.5,60.5,24.5,,,,,1.0,1.0,1.0,50.0,0.0,0.0,0.0,0.0,0.0,100.0,100.0,100.0,10000.0,10000.0,10000.0,0,0,0,50.0,0.0,0.0,0,0
313400,60.5,60.5,24.5,,,,,1.0,1.0,1.0,50.0,0.0,0.0,0.0,0.0,0.0,100.0,100.0,100.0,10000.0,10000.0,10000.0,0,0,0,50.0,0.0,0.0,0,0
313600,60.5,61.0,24.5,,,,,1.0,1.0,1.0,50.0,0.0,0.0,0.0,0.0,0.0,100.0,100.0,100.0,10000.0,10000.0,10000.0,0,0,0,50.0,0.0,0.0,0,0
313800,60.5,61.0,24.5,,,,,1.0,1.0,1.0,50.0,0.0,0.0,0.0,0.0,0.0,100.0,100.0,100.0,10000.0,10000.0,10000.0,0,0,0,50.0,0.0,0.0,0,0
314000,60.5,61.0,24.5,,,,,1.0,1.0,1.0,50.0,0.0,0.0,0.0,0.0,0.0,100.0,100.0,100.0,10000.0,10000.0,10000.0,0,0,0,50.0,0.0,0.0,0,0
314200,60.5,61.0,24.5,,,,,1.0,1.0,1.0,50.0,0.0,0.0,0.0,0.0,0.0,100.0,100.0,100.0,10000.0,10000.0,10000.0,0,0,0,50.0,0.0,0.0,0,0
314400,60.5,61.0,24.5,,,,,1.0,1.0,1.0,50.0,0.0,0.0,0.0,0.0,0.0,100.0,100.0,100.0,10000.0,10000.0,10000.0,0,0,0,50.0,0.0,0.0,0,0
314600,60.5,61.0,24.5,,,,,1.0,1.0,1.0,50.0,0.0,0.0,0.0,0.0,0.0,100.0,100.0,100.0,10000.0,10000.0,10000.0,0,0,0,50.0,0.0,0.0,0,0
314800,60.5,61.0,24.5,,,,,1.0,1.0,1.0,50.0,0.0,0.0,0.0,0.0,0.0,100.0,100.0,100.0,10000.0,10000.0,10000.0,0,0,0,50.0,0.0,0.0,0,0
315000,60.5,61.0,24.5,,,,,1.0,1.0,1.0,50.0,0.0,0.0,0.0,0.0,0.0,100.0,100.0,100.0,10000.0,10000.0,10000.0,0,0,0,50.0,0.0,0.0,0,0
315200,60.5,61.0,24.5,,,,,1.0,1.0,1.0,50.0,0.0,0.0,0.0,0.0,0.0,100.0,100.0,100.0,10000.0,10000.0,10000.0,0,0,0,50.0,0.0,0.0,0,0
315400,60.5,61.0,24.5,,,,,1.0,1.0,1.0,50.0,0.0,0.0,0.0,0.0,0.0,100.0,100.0,100.0,10000.0,10000.0,10000.0,0,0,0,50.0,0.0,0.0,0,0
315600,60.5,61.0,24.5,,,,,1.0,1.0,1.0,50.0,0.0,0.0,0.0,0.0,0.0,100.0,100.0,100.0,10000.0,10000.0,10000.0,0,0,0,50.0,0.0,0.0,0,0
315800,60.5,61.0,24.5,,,,,1.0,1.0,1.0,50.0,0.0,0.0,0.0,0.0,0.0,100.0,100.0,100.0,10000.0,10000.0,10000.0,0,0,0,50.0,0.0,0.0,0,0
316000,60.5,61.0,24.5,,,,,1.0,1.0,1.0,50.0,0.0,0.0,0.0,0.0,0.0,100.0,100.0,100.0,10000.0,10000.0,10000.0,0,0,0,50.0,0.0,0.0,0,0
316200,60.5,61.0,24.5,,,,,1.0,1.0,1.0,50.0,0.0,0.0,0.0,0.0,0.0,100.0,100.0,100.0,10000.0,10000.0,10000.0,0,0,0,50.0,0.0,0.0,0,0
316400,60.5,61.0,24.5,,,,,1.0,1.0,1.0,50.0,0.0,0.0,0.0,0.0,0.0,100.0,100.0,100.0,10000.0,10000.0,10000.0,0,0,0,50.0,0.0,0.0,0,0
316600,60.5,61.0,24.5,,,,,1.0,1.0,1.0,50.0,0.0,0.0,0.0,0.0,0.0,100.0,100.0,100.0,10000.0,10000.0,10000.0,0,0,0,50.0,0.0,0.0,0,0
316800,60.5,61.0,24.5,,,,,1.0,1.0,1.0,50.0,0.0,0.0,0.0,0.0,0.0,100.0,100.0,100.0,10000.0,10000.0,10000.0,0,0,0,50.0,0.0,0.0,0,0
317000,60.5,61.0,24.5,,,,,1.0,1.0,1.0,50.0,0.0,0.0,0.0,0.0,0.0,100.0,100.0,100.0,10000.0,10000.0,10000.0,0,0,0,50.0,0.0,0.0,0,0
317200,60.5,61.0,24.5,,,,,1.0,1.0,1.0,50.0,0.0,0.0,0.0,0.0,0.0,100.0,100.0,100.0,10000.0,10000.0,10000.0,0,0,0,50.0,0.0,0.0,0,0
317400,60.5,61.0,24.5,,,,,1.0,1.0,1.0,50.0,0.0,0.0,0.0,0.0,0.0,100.0,100.0,100.0,10000.0,10000.0,10000.0,0,0,0,50.0,0.0,0.0,0,0
317600,60.5,61.0,24.5,,,,,1.0,1.0,1.0,50.0,0.0,0.0,0.0,0.0,0.0,100.0,100.0,100.0,10000.0,10000.0,10000.0,0,0,0,50.0,0.0,0.0,0,0
317800,60.5,61.0,24.5,,,,,1.0,1.0,1.0,50.0,0.0,0.0,0.0,0.0,0.0,100.0,100.0,100.0,10000.0,10000.0,10000.0,0,0,0,50.0,0.0,0.0,0,0
318000,60.5,61.0,24.5,,,,,1.0,1.0,1.0,50.0,0.0,0.0,0.0,0.0,0.0,100.0,100.0,100.0,10000.0,10000.0,10000.0,0,0,0,50.0,0.0,0.0,0,0
318200,60.5,61.0,24.5,,,,,1.0,1.0,1.0,50.0,0.0,0.0,0.0,0.0,0.0,100.0,100.0,100.0,10000.0,10000.0,10000.0,0,0,0,50.0,0.0,0.0,0,0
318400,60.5,61.0,24.5,,,,,1.0,1.0,1.0,50.0,0.0,0.0,0.0,0.0,0.0,100.0,100.0,100.0,10000.0,10000.0,10000.0,0,0,0,50.0,0.0,0.0,0,0
318600,60.5,61.0,24.5,,,,,1.0,1.0,1.0,50.0,0.0,0.0,0.0,0.0,0.0,100.0,100.0,100.0,10000.0,10000.0,10000.0,0,0,0,50.0,0.0,0.0,0,0
318800,60.5,61.0,24.5,,,,,1.0,1.0,1.0,50.0,0.0,0.0,0.0,0.0,0.0,100.0,100.0,100.0,10000.0,10000.0,10000.0,0,0,0,50.0,0.0,0.0,0,0
319000,61.0,61.0,24.5,,,,,1.0,1.0,1.0,50.0,0.0,0.0,0.0,0.0,0.0,100.0,100.0,100.0,10000.0,10000.0,10000.0,0,0,0,50.0,0.0,0.0,0,0
319200,61.0,61.0,24.5,,,,,1.0,1.0,1.0,50.0,0.0,0.0,0.0,0.0,0.0,100.0,100.0,100.0,10000.0,10000.0,10000.0,0,0,0,50.0,0.0,0.0,0,0
319400,61.0,61.0,24.5,,,,,1.0,1.0,1.0,50.0,0.0,0.0,0.0,0.0,0.0,100.0,100.0,100.0,10000.0,10000.0,10000.0,0,0,0,50.0,0.0,0.0,0,0
319600,61.0,61.0,24.5,,,,,1.0,1.0,1.0,50.0,0.0,0.0,0.0,0.0,0.0,100.0,100.0,100.0,10000.0,10000.0,10000.0,0,0,0,50.0,0.0,0.0,0,0
319800,61.0,61.0,24.5,,,,,1.0,1.0,1.0,50.0,0.0,0.0,0.0,0.0,0.0,100.0,100.0,100.0,10000.0,10000.0,10000.0,0,0,0,50.0,0.0,0.0,0,0
320000,61.0,61.0,24.5,,,,,1.0,1.0,1.0,50.0,0.0,0.0,0.0,0.0,0.0,100.0,100.0,100.0,10000.0,10000.0,10000.0,0,0,0,50.0,0.0,0.0,0,0
320200,61.0,61.0,24.5,,,,,1.0,1.0,1.0,50.0,0.0,0.0,0.0,0.0,0.0,100.0,100.0,100.0,10000.0,10000.0,10000.0,0,0,0,50.0,0.0,0.0,0,0
320400,61.0,61.0,24.5,,,,,1.0,1.0,1.0,50.0,0.0,0.0,0.0,0.0,0.0,100.0,100.0,100.0,10000.0,10000.0,10000.0,0,0,0,50.0,0.0,0.0,0,0
320600,61.0,61.0,24.5,,,,,1.0,1.0,1.0,50.0,0.0,0.0,0.0,0.0,0.0,100.0,100.0,100.0,10000.0,10000.0,10000.0,0,0,0,50.0,0.0,0.0,0,0
320800,61.0,61.0,24.5,,,,,1.0,1.0,1.0,50.0,0.0,0.0,0.0,0.0,0.0,100.0,100.0,100.0,10000.0,10000.0,10000.0,0,0,0,50.0,0.0,0.0,0,0
321000,61.0,61.0,24.5,,,,,1.0,1.0,1.0,50.0,0.0,0.0,0.0,0.0,0.0,100.0,100.0,100.0,10000.0,10000.0,10000.0,0,0,0,50.0,0.0,0.0,0,0
321200,61.0,61.0,24.5,,,,,1.0,1.0,1.0,50.0,0.0,0.0,0.0,0.0,0.0,100.0,100.0,100.0,10000.0,10000.0,10000.0,0,0,0,50.0,0.0,0.0,0,0
321400,61.0,61.0,24.5,,,,,1.0,1.0,1.0,50.0,0.0,0.0,0.0,0.0,0.0,100.0,100.0,100.0,10000.0,10000.0,10000.0,0,0,0,50.0,0.0,0.0,0,0
321600,61.0,61.0,24.5,,,,,1.0,1.0,1.0,50.0,0.0,0.0,0.0,0.0,0.0,100.0,100.0,100.0,10000.0,10000.0,10000.0,0,0,0,50.0,0.0,0.0,0,0
321800,61.0,61.0,24.5,,,,,1.0,1.0,1.0,50.0,0.0,0.0,0.0,0.0,0.0,100.0,100.0,100.0,10000.0,10000.0,10000.0,0,0,0,50.0,0.0,0.0,0,0
322000,61.0,61.0,24.5,,,,,1.0,1.0,1.0,50.0,0.0,0.0,0.0,0.0,0.0,100.0,100.0,100.0,10000.0,10000.0,10000.0,0,0,0,50.0,0.0,0.0,0,0
322200,61.0,61.0,24.5,,,,,1.0,1.0,1.0,50.0,0.0,0.0,0.0,0.0,0.0,100.0,100.0,100.0,10000.0,10000.0,10000.0,0,0,0,50.0,0.0,0.0,0,0
322400,61.0,61.0,24.5,,,,,1.0,1.0,1.0,50.0,0.0,0.0,0.0,0.0,0.0,100.0,100.0,100.0,10000.0,10000.0,10000.0,0,0,0,50.0,0.0,0.0,0,0
322600,61.0,61.0,24.5,,,,,1.0,1.0,1.0,50.0,0.0,0.0,0.0,0.0,0.0,100.0,100.0,100.0,10000.0,10000.0,10000.0,0,0,0,50.0,0.0,0.0,0,0
322800,61.0,61.0,24.5,,,,,1.0,1.0,1.0,50.0,0.0,0.0,0.0,0.0,0.0,100.0,100.0,100.0,10000.0,10000.0,10000.0,0,0,0,50.0,0.0,0.0,0,0
323000,61.0,61.0,24.5,,,,,1.0,1.0,1.0,50.0,0.0,0.0,0.0,0.0,0.0,100.0,100.0,100.0,10000.0,10000.0,10000.0,0,0,0,50.0,0.0,0.0,0,0
323200,61.0,61.0,24.5,,,,,1.0,1.0,1.0,50.0,0.0,0.0,0.0,0.0,0.0,100.0,100.0,100.0,10000.0,10000.0,10000.0,0,0,0,50.0,0.0,0.0,0,0
323400,61.0,61.0,24.5,,,,,1.0,1.0,1.0,50.0,0.0,0.0,0.0,0.0,0.0,100.0,100.0,100.0,10000.0,10000.0,10000.0,0,0,0,50.0,0.0,0.0,0,0
323600,61.0,61.0,24.5,,,,,1.0,1.0,1.0,50.0,0.0,0.0,0.0,0.0,0.0,100.0,100.0,100.0,10000.0,10000.0,10000.0,0,0,0,50.0,0.0,0.0,0,0
323800,61.0,61.0,24.5,,,,,1.0,1.0,1.0,50.0,0.0,0.0,0.0,0.0,0.0,100.0,100.0,100.0,10000.0,10000.0,10000.0,0,0,0,50.0,0.0,0.0,0,0
324000,61.0,61.0,24.5,,,,,1.0,1.0,1.0,50.0,0.0,0.0,0.0,0.0,0.0,100.0,100.0,100.0,10000.0,10000.0,10000.0,0,0,0,50.0,0.0,0.0,0,0
324200,61.0,61.0,24.5,,,,,1.0,1.0,1.0,50.0,0.0,0.0,0.0,0.0,0.0,100.0,100.0,100.0,10000.0,10000.0,10000.0,0,0,0,50.0,0.0,0.0,0,0
324400,61.0,61.0,24.5,,,,,1.0,1.0,1.0,50.0,0.0,0.0,0.0,0.0,0.0,100.0,100.0,100.0,10000.0,10000.0,10000.0,0,0,0,50.0,0.0,0.0,0,0
324600,61.0,61.5,24.5,,,,,1.0,1.0,1.0,50.0,0.0,0.0,0.0,0.0,0.0,100.0,100.0,100.0,10000.0,10000.0,10000.0,0,0,0,50.0,0.0,0.0,0,0
324800,61.0,61.5,24.5,,,,,1.0,1.0,1.0,50.0,0.0,0.0,0.0,0.0,0.0,100.0,100.0,100.0,10000.0,10000.0,10000.0,0,0,0,50.0,0.0,0.0,0,0
325000,61.0,61.5,24.5,,,,,1.0,1.0,1.0,50.0,0.0,0.0,0.0,0.0,0.0,100.0,100.0,100.0,10000.0,10000.0,10000.0,0,0,0,50.0,0.0,0.0,0,0
325200,61.0,61.5,24.5,,,,,1.0,1.0,1.0,50.0,0.0,0.0,0.0,0.0,0.0,100.0,100.0,100.0,10000.0,10000.0,10000.0,0,0,0,50.0,0.0,0.0,0,0
325400,61.0,61.5,24.5,,,,,1.0,1.0,1.0,50.0,0.0,0.0,0.0,0.0,0.0,100.0,100.0,100.0,10000.0,10000.0,10000.0,0,0,0,50.0,0.0,0.0,0,0
325600,61.0,61.5,24.5,,,,,1.0,1.0,1.0,50.0,0.0,0.0,0.0,0.0,0.0,100.0,100.0,100.0,10000.0,10000.0,10000.0,0,0,0,50.0,0.0,0.0,0,0
325800,61.0,61.5,24.5,,,,,1.0,1.0,1.0,50.0,0.0,0.0,0.0,0.0,0.0,100.0,100.0,100.0,10000.0,10000.0,10000.0,0,0,0,50.0,0.0,0.0,0,0
326000,61.0,61.5,24.5,,,,,1.0,1.0,1.0,50.0,0.0,0.0,0.0,0.0,0.0,100.0,100.0,100.0,10000.0,10000.0,10000.0,0,0,0,50.0,0.0,0.0,0,0
326200,61.0,61.5,24.5,,,,,1.0,1.0,1.0,50.0,0.0,0.0,0.0,0.0,0.0,100.0,100.0,100.0,10000.0,10000.0,10000.0,0,0,0,50.0,0.0,0.0,0,0
326400,61.0,61.5,24.5,,,,,1.0,1.0,1.0,50.0,0.0,0.0,0.0,0.0,0.0,100.0,100.0,100.0,10000.0,10000.0,10000.0,0,0,0,50.0,0.0,0.0,0,0
326600,61.0,61.5,24.5,,,,,1.0,1.0,1.0,50.0,0.0,0.0,0.0,0.0,0.0,100.0,100.0,100.0,10000.0,10000.0,10000.0,0,0,0,50.0,0.0,0.0,0,0
326800,61.0,61.5,24.5,,,,,1.0,1.0,1.0,50.0,0.0,0.0,0.0,0.0,0.0,100.0,100.0,100.0,10000.0,10000.0,10000.0,0,0,0,50.0,0.0,0.0,0,0
327000,61.0,61.5,24.5,,,,,1.0,1.0,1.0,50.0,0.0,0.0,0.0,0.0,0.0,100.0,100.0,100.0,10000.0,10000.0,10000.0,0,0,0,50.0,0.0,0.0,0,0
327200,61.0,61.5,24.5,,,,,1.0,1.0,1.0,50.0,0.0,0.0,0.0,0.0,0.0,100.0,100.0,100.0,10000.0,10000.0,10000.0,0,0,0,50.0,0.0,0.0,0,0
327400,61.0,61.5,24.5,,,,,1.0,1.0,1.0,50.0,0.0,0.0,0.0,0.0,0.0,100.0,100.0,100.0,10000.0,10000.0,10000.0,0,0,0,50.0,0.0,0.0,0,0
327600,61.0,61.5,24.5,,,,,1.0,1.0,1.0,50.0,0.0,0.0,0.0,0.0,0.0,100.0,100.0,100.0,10000.0,10000.0,10000.0,0,0,0,50.0,0.0,0.0,0,0
327800,61.0,61.5,24.5,,,,,1.0,1.0,1.0,50.0,0.0,0.0,0.0,0.0,0.0,100.0,100.0,100.0,10000.0,10000.0,10000.0,0,0,0,50.0,0.0,0.0,0,0
328000,61.0,61.5,24.5,,,,,1.0,1.0,1.0,50.0,0.0,0.0,0.0,0.0,0.0,100.0,100.0,100.0,10000.0,10000.0,10000.0,0,0,0,50.0,0.0,0.0,0,0
328200,61.0,61.5,24.5,,,,,1.0,1.0,1.0,50.0,0.0,0.0,0.0,0.0,0.0,100.0,100.0,100.0,10000.0,10000.0,10000.0,0,0,0,50.0,0.0,0.0,0,0
328400,61.0,61.5,24.5,,,,,1.0,1.0,1.0,50.0,0.0,0.0,0.0,0.0,0.0,100.0,100.0,100.0,10000.0,10000.0,10000.0,0,0,0,50.0,0.0,0.0,0,0
328600,61.0,61.5,24.5,,,,,1.0,1.0,1.0,50.0,0.0,0.0,0.0,0.0,0.0,100.0,100.0,100.0,10000.0,10000.0,10000.0,0,0,0,50.0,0.0,0.0,0,0
328800,61.0,61.5,24.5,,,,,1.0,1.0,1.0,50.0,0.0,0.0,0.0,0.0,0.0,100.0,100.0,100.0,10000.0,10000.0,10000.0,0,0,0,50.0,0.0,0.0,0,0
329000,61.0,61.5,24.5,,,,,1.0,1.0,1.0,50.0,0.0,0.0,0.0,0.0,0.0,100.0,100.0,100.0,10000.0,10000.0,10000.0,0,0,0,50.0,0.0,0.0,0,0
329200,61.0,61.5,24.5,,,,,1.0,1.0,1.0,50.0,0.0,0.0,0.0,0.0,0.0,100.0,100.0,100.0,10000.0,10000.0,10000.0,0,0,0,50.0,0.0,0.0,0,0
329400,61.5,61.5,24.5,,,,,1.0,1.0,1.0,50.0,0.0,0.0,0.0,0.0,0.0,100.0,100.0,100.0,10000.0,10000.0,10000.0,0,0,0,50.0,0.0,0.0,0,0
329600,61.5,61.5,24.5,,,,,1.0,1.0,1.0,50.0,0.0,0.0,0.0,0.0,0.0,100.0,100.0,100.0,10000.0,10000.0,10000.0,0,0,0,50.0,0.0,0.0,0,0
329800,61.5,61.5,24.5,,,,,1.0,1.0,1.0,50.0,0.0,0.0,0.0,0.0,0.0,100.0,100.0,100.0,10000.0,10000.0,10000.0,0,0,0,50.0,0.0,0.0,0,0
330000,61.5,61.5,24.5,,,,,1.0,1.0,1.0,50.0,0.0,0.0,0.0,0.0,0.0,100.0,100.0,100.0,10000.0,10000.0,10000.0,0,0,0,50.0,0.0,0.0,0,0
330200,61.5,61.5,24.5,,,,,1.0,1.0,1.0,50.0,0.0,0.0,0.0,0.0,0.0,100.0,100.0,100.0,10000.0,10000.0,10000.0,0,0,0,50.0,0.0,0.0,0,0
330400,61.5,61.5,24.5,,,,,1.0,1.0,1.0,50.0,0.0,0.0,0.0,0.0,0.0,100.0,100.0,100.0,10000.0,10000.0,10000.0,0,0,0,50.0,0.0,0.0,0,0
330600,61.5,61.5,24.5,,,,,1.0,1.0,1.0,50.0,0.0,0.0,0.0,0.0,0.0,100.0,100.0,100.0,10000.0,10000.0,10000.0,0,0,0,50.0,0.0,0.0,0,0
330800,61.5,61.5,24.5,,,,,1.0,1.0,1.0,50.0,0.0,0.0,0.0,0.0,0.0,100.0,100.0,100.0,10000.0,10000.0,10000.0,0,0,0,50.0,0.0,0.0,0,0
331000,61.5,61.5,24.5,,,,,1.0,1.0,1.0,50.0,0.0,0.0,0.0,0.0,0.0,100.0,100.0,100.0,10000.0,10000.0,10000.0,0,0,0,50.0,0.0,0.0,0,0
331200,61.5,61.5,24.5,,,,,1.0,1.0,1.0,50.0,0.0,0.0,0.0,0.0,0.0,100.0,100.0,100.0,10000.0,10000.0,10000.0,0,0,0,50.0,0.0,0.0,0,0
331400,61.5,61.5,24.5,,,,,1.0,1.0,1.0,50.0,0.0,0.0,0.0,0.0,0.0,100.0,100.0,100.0,10000.0,10000.0,10000.0,0,0,0,50.0,0.0,0.0,0,0
331600,61.5,61.5,24.5,,,,,1.0,1.0,1.0,50.0,0.0,0.0,0.0,0.0,0.0,100.0,100.0,100.0,10000.0,10000.0,10000.0,0,0,0,50.0,0.0,0.0,0,0
331800,61.5,61.5,24.5,,,,,1.0,1.0,1.0,50.0,0.0,0.0,0.0,0.0,0.0,100.0,100.0,100.0,10000.0,10000.0,10000.0,0,0,0,50.0,0.0,0.0,0,0
332000,61.5,61.5,24.5,,,,,1.0,1.0,1.0,50.0,0.0,0.0,0.0,0.0,0.0,100.0,100.0,100.0,10000.0,10000.0,10000.0,0,0,0,50.0,0.0,0.0,0,0
332200,61.5,61.5,24.5,,,,,1.0,1.0,1.0,50.0,0.0,0.0,0.0,0.0,0.0,100.0,100.0,100.0,10000.0,10000.0,10000.0,0,0,0,50.0,0.0,0.0,0,0
332400,61.5,61.5,24.5,,,,,1.0,1.0,1.0,50.0,0.0,0.0,0.0,0.0,0.0,100.0,100.0,100.0,10000.0,10000.0,10000.0,0,0,0,50.0,0.0,0.0,0,0
332600,61.5,61.5,24.5,,,,,1.0,1.0,1.0,50.0,0.0,0.0,0.0,0.0,0.0,100.0,100.0,100.0,10000.0,10000.0,10000.0,0,0,0,50.0,0.0,0.0,0,0
332800,61.5,61.5,24.5,,,,,1.0,1.0,1.0,50.0,0.0,0.0,0.0,0.0,0.0,100.0,100.0,100.0,10000.0,10000.0,10000.0,0,0,0,50.0,0.0,0.0,0,0
333000,61.5,61.5,24.5,,,,,1.0,1.0,1.0,50.0,0.0,0.0,0.0,0.0,0.0,100.0,100.0,100.0,10000.0,10000.0,10000.0,0,0,0,50.0,0.0,0.0,0,0
333200,61.5,61.5,24.5,,,,,1.0,1.0,1.0,50.0,0.0,0.0,0.0,0.0,0.0,100.0,100.0,100.0,10000.0,10000.0,10000.0,0,0,0,50.0,0.0,0.0,0,0
333400,61.5,61.5,24.5,,,,,1.0,1.0,1.0,50.0,0.0,0.0,0.0,0.0,0.0,100.0,100.0,100.0,10000.0,10000.0,10000.0,0,0,0,50.0,0.0,0.0,0,0
333600,61.5,61.5,24.5,,,,,1.0,1.0,1.0,50.0,0.0,0.0,0.0,0.0,0.0,100.0,100.0,100.0,10000.0,10000.0,10000.0,0,0,0,50.0,0.0,0.0,0,0
333800,61.5,61.5,24.5,,,,,1.0,1.0,1.0,50.0,0.0,0.0,0.0,0.0,0.0,100.0,100.0,100.0,10000.0,10000.0,10000.0,0,0,0,50.0,0.0,0.0,0,0
334000,61.5,61.5,24.5,,,,,1.0,1.0,1.0,50.0,0.0,0.0,0.0,0.0,0.0,100.0,100.0,100.0,10000.0,10000.0,10000.0,0,0,0,50.0,0.0,0.0,0,0
334200,61.5,61.5,24.5,,,,,1.0,1.0,1.0,50.0,0.0,0.0,0.0,0.0,0.0,100.0,100.0,100.0,10000.0,10000.0,10000.0,0,0,0,50.0,0.0,0.0,0,0
334400,61.5,61.5,24.5,,,,,1.0,1.0,1.0,50.0,0.0,0.0,0.0,0.0,0.0,100.0,100.0,100.0,10000.0,10000.0,10000.0,0,0,0,50.0,0.0,0.0,0,0
334600,61.5,61.5,24.5,,,,,1.0,1.0,1.0,50.0,0.0,0.0,0.0,0.0,0.0,100.0,100.0,100.0,10000.0,10000.0,10000.0,0,0,0,50.0,0.0,0.0,0,0
334800,61.5,61.5,24.5,,,,,1.0,1.0,1.0,50.0,0.0,0.0,0.0,0.0,0.0,100.0,100.0,100.0,10000.0,10000.0,10000.0,0,0,0,50.0,0.0,0.0,0,0
335000,61.5,61.5,24.5,,,,,1.0,1.0,1.0,50.0,0.0,0.0,0.0,0.0,0.0,100.0,100.0,100.0,10000.0,10000.0,10000.0,0,0,0,50.0,0.0,0.0,0,0
335200,61.5,61.5,24.5,,,,,1.0,1.0,1.0,50.0,0.0,0.0,0.0,0.0,0.0,100.0,100.0,100.0,10000.0,10000.0,10000.0,0,0,0,50.0,0.0,0.0,0,0
335400,61.5,61.5,24.5,,,,,1.0,1.0,1.0,50.0,0.0,0.0,0.0,0.0,0.0,100.0,100.0,100.0,10000.0,10000.0,10000.0,0,0,0,50.0,0.0,0.0,0,0
335600,61.5,61.5,24.5,,,,,1.0,1.0,1.0,50.0,0.0,0.0,0.0,0.0,0.0,100.0,100.0,100.0,10000.0,10000.0,10000.0,0,0,0,50.0,0.0,0.0,0,0
335800,61.5,61.5,24.5,,,,,1.0,1.0,1.0,50.0,0.0,0.0,0.0,0.0,0.0,100.0,100.0,100.0,10000.0,10000.0,10000.0,0,0,0,50.0,0.0,0.0,0,0
336000,61.5,61.5,24.5,,,,,1.0,1.0,1.0,50.0,0.0,0.0,0.0,0.0,0.0,100.0,100.0,100.0,10000.0,10000.0,10000.0,0,0,0,50.0,0.0,0.0,0,0
336200,61.5,61.5,24.5,,,,,1.0,1.0,1.0,50.0,0.0,0.0,0.0,0.0,0.0,100.0,100.0,100.0,10000.0,10000.0,10000.0,0,0,0,50.0,0.0,0.0,0,0
336400,61.5,61.5,24.5,,,,,1.0,1.0,1.0,50.0,0.0,0.0,0.0,0.0,0.0,100.0,100.0,100.0,10000.0,10000.0,10000.0,0,0,0,50.0,0.0,0.0,0,0
336600,61.5,61.5,24.5,,,,,1.0,1.0,1.0,50.0,0.0,0.0,0.0,0.0,0.0,100.0,100.0,100.0,10000.0,10000.0,10000.0,0,0,0,50.0,0.0,0.0,0,0
336800,61.5,61.5,24.5,,,,,1.0,1.0,1.0,50.0,0.0,0.0,0.0,0.0,0.0,100.0,100.0,100.0,10000.0,10000.0,10000.0,0,0,0,50.0,0.0,0.0,0,0
337000,61.5,61.5,24.5,,,,,1.0,1.0,1.0,50.0,0.0,0.0,0.0,0.0,0.0,100.0,100.0,100.0,10000.0,10000.0,10000.0,0,0,0,50.0,0.0,0.0,0,0
337200,61.5,61.5,24.5,,,,,1.0,1.0,1.0,50.0,0.0,0.0,0.0,0.0,0.0,100.0,100.0,100.0,10000.0,10000.0,10000.0,0,0,0,50.0,0.0,0.0,0,0
337400,61.5,61.5,24.5,,,,,1.0,1.0,1.0,50.0,0.0,0.0,0.0,0.0,0.0,100.0,100.0,100.0,10000.0,10000.0,10000.0,0,0,0,50.0,0.0,0.0,0,0
337600,61.5,61.5,24.5,,,,,1.0,1.0,1.0,50.0,0.0,0.0,0.0,0.0,0.0,100.0,100.0,100.0,10000.0,10000.0,10000.0,0,0,0,50.0,0.0,0.0,0,0
337800,61.5,61.5,24.5,,,,,1.0,1.0,1.0,50.0,0.0,0.0,0.0,0.0,0.0,100.0,100.0,100.0,10000.0,10000.0,10000.0,0,0,0,50.0,0.0,0.0,0,0
338000,61.5,61.5,24.5,,,,,1.0,1.0,1.0,50.0,0.0,0.0,0.0,0.0,0.0,100.0,100.0,100.0,10000.0,10000.0,10000.0,0,0,0,50.0,0.0,0.0,0,0
338200,61.5,61.5,24.5,,,,,1.0,1.0,1.0,50.0,0.0,0.0,0.0,0.0,0.0,100.0,100.0,100.0,10000.0,10000.0,10000.0,0,0,0,50.0,0.0,0.0,0,0
338400,61.5,61.5,24.5,,,,,1.0,1.0,1.0,50.0,0.0,0.0,0.0,0.0,0.0,100.0,100.0,100.0,10000.0,10000.0,10000.0,0,0,0,50.0,0.0,0.0,0,0
338600,61.5,62.0,24.5,,,,,1.0,1.0,1.0,50.0,0.0,0.0,0.0,0.0,0.0,100.0,100.0,100.0,10000.0,10000.0,10000.0,0,0,0,50.0,0.0,0.0,0,0
338800,61.5,62.0,24.5,,,,,1.0,1.0,1.0,50.0,0.0,0.0,0.0,0.0,0.0,100.0,100.0,100.0,10000.0,10000.0,10000.0,0,0,0,50.0,0.0,0.0,0,0
339000,61.5,62.0,24.5,,,,,1.0,1.0,1.0,50.0,0.0,0.0,0.0,0.0,0.0,100.0,100.0,100.0,10000.0,10000.0,10000.0,0,0,0,50.0,0.0,0.0,0,0
339200,61.5,62.0,24.5,,,,,1.0,1.0,1.0,50.0,0.0,0.0,0.0,0.0,0.0,100.0,100.0,100.0,10000.0,10000.0,10000.0,0,0,0,50.0,0.0,0.0,0,0
339400,61.5,62.0,24.5,,,,,1.0,1.0,1.0,50.0,0.0,0.0,0.0,0.0,0.0,100.0,100.0,100.0,10000.0,10000.0,10000.0,0,0,0,50.0,0.0,0.0,0,0
339600,61.5,62.0,24.5,,,,,1.0,1.0,1.0,50.0,0.0,0.0,0.0,0.0,0.0,100.0,100.0,100.0,10000.0,10000.0,10000.0,0,0,0,50.0,0.0,0.0,0,0
339800,61.5,62.0,24.5,,,,,1.0,1.0,1.0,50.0,0.0,0.0,0.0,0.0,0.0,100.0,100.0,100.0,10000.0,10000.0,10000.0,0,0,0,50.0,0.0,0.0,0,0
340000,61.5,62.0,24.5,,,,,1.0,1.0,1.0,50.0,0.0,0.0,0.0,0.0,0.0,100.0,100.0,100.0,10000.0,10000.0,10000.0,0,0,0,50.0,0.0,0.0,0,0
340200,61.5,62.0,24.5,,,,,1.0,1.0,1.0,50.0,0.0,0.0,0.0,0.0,0.0,100.0,100.0,100.0,10000.0,10000.0,10000.0,0,0,0,50.0,0.0,0.0,0,0
340400,61.5,62.0,24.5,,,,,1.0,1.0,1.0,50.0,0.0,0.0,0.0,0.0,0.0,100.0,100.0,100.0,10000.0,10000.0,10000.0,0,0,0,50.0,0.0,0.0,0,0
340600,61.5,62.0,24.5,,,,,1.0,1.0,1.0,50.0,0.0,0.0,0.0,0.0,0.0,100.0,100.0,100.0,10000.0,10000.0,10000.0,0,0,0,50.0,0.0,0.0,0,0
340800,61.5,62.0,24.5,,,,,1.0,1.0,1.0,50.0,0.0,0.0,0.0,0.0,0.0,100.0,100.0,100.0,10000.0,10000.0,10000.0,0,0,0,50.0,0.0,0.0,0,0
341000,61.5,62.0,24.5,,,,,1.0,1.0,1.0,50.0,0.0,0.0,0.0,0.0,0.0,100.0,100.0,100.0,10000.0,10000.0,10000.0,0,0,0,50.0,0.0,0.0,0,0
341200,62.0,62.0,24.5,,,,,1.0,1.0,1.0,50.0,0.0,0.0,0.0,0.0,0.0,100.0,100.0,100.0,10000.0,10000.0,10000.0,0,0,0,50.0,0.0,0.0,0,0
341400,62.0,62.0,24.5,,,,,1.0,1.0,1.0,50.0,0.0,0.0,0.0,0.0,0.0,100.0,100.0,100.0,10000.0,10000.0,10000.0,0,0,0,50.0,0.0,0.0,0,0
341600,62.0,62.0,24.5,,,,,1.0,1.0,1.0,50.0,0.0,0.0,0.0,0.0,0.0,100.0,100.0,100.0,10000.0,10000.0,10000.0,0,0,0,50.0,0.0,0.0,0,0
341800,62.0,62.0,24.5,,,,,1.0,1.0,1.0,50.0,0.0,0.0,0.0,0.0,0.0,100.0,100.0,100.0,10000.0,10000.0,10000.0,0,0,0,50.0,0.0,0.0,0,0
342000,62.0,62.0,24.5,,,,,1.0,1.0,1.0,50.0,0.0,0.0,0.0,0.0,0.0,100.0,100.0,100.0,10000.0,10000.0,10000.0,0,0,0,50.0,0.0,0.0,0,0
342200,62.0,62.0,24.5,,,,,1.0,1.0,1.0,50.0,0.0,0.0,0.0,0.0,0.0,100.0,100.0,100.0,10000.0,10000.0,10000.0,0,0,0,50.0,0.0,0.0,0,0
342400,62.0,62.0,24.5,,,,,1.0,1.0,1.0,50.0,0.0,0.0,0.0,0.0,0.0,100.0,100.0,100.0,10000.0,10000.0,10000.0,0,0,0,50.0,0.0,0.0,0,0
342600,62.0,62.0,24.5,,,,,1.0,1.0,1.0,50.0,0.0,0.0,0.0,0.0,0.0,100.0,100.0,100.0,10000.0,10000.0,10000.0,0,0,0,50.0,0.0,0.0,0,0
342800,62.0,62.0,24.5,,,,,1.0,1.0,1.0,50.0,0.0,0.0,0.0,0.0,0.0,100.0,100.0,100.0,10000.0,10000.0,10000.0,0,0,0,50.0,0.0,0.0,0,0
343000,62.0,62.0,24.5,,,,,1.0,1.0,1.0,50.0,0.0,0.0,0.0,0.0,0.0,100.0,100.0,100.0,10000.0,10000.0,10000.0,0,0,0,50.0,0.0,0.0,0,0
343200,62.0,62.0,24.5,,,,,1.0,1.0,1.0,50.0,0.0,0.0,0.0,0.0,0.0,100.0,100.0,100.0,10000.0,10000.0,10000.0,0,0,0,50.0,0.0,0.0,0,0
343400,62.0,62.0,24.5,,,,,1.0,1.0,1.0,50.0,0.0,0.0,0.0,0.0,0.0,100.0,100.0,100.0,10000.0,10000.0,10000.0,0,0,0,50.0,0.0,0.0,0,0
343600,62.0,62.0,24.5,,,,,1.0,1.0,1.0,50.0,0.0,0.0,0.0,0.0,0.0,100.0,100.0,100.0,10000.0,10000.0,10000.0,0,0,0,50.0,0.0,0.0,0,0
343800,62.0,62.0,24.5,,,,,1.0,1.0,1.0,50.0,0.0,0.0,0.0,0.0,0.0,100.0,100.0,100.0,10000.0,10000.0,10000.0,0,0,0,50.0,0.0,0.0,0,0
344000,62.0,62.0,24.5,,,,,1.0,1.0,1.0,50.0,0.0,0.0,0.0,0.0,0.0,100.0,100.0,100.0,10000.0,10000.0,10000.0,0,0,0,50.0,0.0,0.0,0,0
344200,62.0,62.0,24.5,,,,,1.0,1.0,1.0,50.0,0.0,0.0,0.0,0.0,0.0,100.0,100.0,100.0,10000.0,10000.0,10000.0,0,0,0,50.0,0.0,0.0,0,0
344400,62.0,62.0,24.5,,,,,1.0,1.0,1.0,50.0,0.0,0.0,0.0,0.0,0.0,100.0,100.0,100.0,10000.0,10000.0,10000.0,0,0,0,50.0,0.0,0.0,0,0
344600,62.0,62.0,25.0,,,,,1.0,1.0,1.0,50.0,0.0,0.0,0.0,0.0,0.0,100.0,100.0,100.0,10000.0,10000.0,10000.0,0,0,0,50.0,0.0,0.0,0,0
344800,62.0,62.0,25.0,,,,,1.0,1.0,1.0,50.0,0.0,0.0,0.0,0.0,0.0,100.0,100.0,100.0,10000.0,10000.0,10000.0,0,0,0,50.0,0.0,0.0,0,0
345000,62.0,62.0,24.5,,,,,1.0,1.0,1.0,50.0,0.0,0.0,0.0,0.0,0.0,100.0,100.0,100.0,10000.0,10000.0,10000.0,0,0,0,50.0,0.0,0.0,0,0
345200,62.0,62.0,24.5,,,,,1.0,1.0,1.0,50.0,0.0,0.0,0.0,0.0,0.0,100.0,100.0,100.0,10000.0,10000.0,10000.0,0,0,0,50.0,0.0,0.0,0,0
345400,62.0,62.0,24.5,,,,,1.0,1.0,1.0,50.0,0.0,0.0,0.0,0.0,0.0,100.0,100.0,100.0,10000.0,10000.0,10000.0,0,0,0,50.0,0.0,0.0,0,0
345600,62.0,62.0,24.5,,,,,1.0,1.0,1.0,50.0,0.0,0.0,0.0,0.0,0.0,100.0,100.0,100.0,10000.0,10000.0,10000.0,0,0,0,50.0,0.0,0.0,0,0
345800,62.0,62.0,24.5,,,,,1.0,1.0,1.0,50.0,0.0,0.0,0.0,0.0,0.0,100.0,100.0,100.0,10000.0,10000.0,10000.0,0,0,0,50.0,0.0,0.0,0,0
346000,62.0,62.0,24.5,,,,,1.0,1.0,1.0,50.0,0.0,0.0,0.0,0.0,0.0,100.0,100.0,100.0,10000.0,10000.0,10000.0,0,0,0,50.0,0.0,0.0,0,0
346200,62.0,62.0,24.5,,,,,1.0,1.0,1.0,50.0,0.0,0.0,0.0,0.0,0.0,100.0,100.0,100.0,10000.0,10000.0,10000.0,0,0,0,50.0,0.0,0.0,0,0
346400,62.0,62.0,24.5,,,,,1.0,1.0,1.0,50.0,0.0,0.0,0.0,0.0,0.0,100.0,100.0,100.0,10000.0,10000.0,10000.0,0,0,0,50.0,0.0,0.0,0,0
346600,62.0,62.0,24.5,,,,,1.0,1.0,1.0,50.0,0.0,0.0,0.0,0.0,0.0,100.0,100.0,100.0,10000.0,10000.0,10000.0,0,0,0,50.0,0.0,0.0,0,0
346800,62.0,62.0,24.5,,,,,1.0,1.0,1.0,50.0,0.0,0.0,0.0,0.0,0.0,100.0,100.0,100.0,10000.0,10000.0,10000.0,0,0,0,50.0,0.0,0.0,0,0
347000,62.0,62.0,24.5,,,,,1.0,1.0,1.0,50.0,0.0,0.0,0.0,0.0,0.0,100.0,100.0,100.0,10000.0,10000.0,10000.0,0,0,0,50.0,0.0,0.0,0,0
347200,62.0,62.0,24.5,,,,,1.0,1.0,1.0,50.0,0.0,0.0,0.0,0.0,0.0,100.0,100.0,100.0,10000.0,10000.0,10000.0,0,0,0,50.0,0.0,0.0,0,0
347400,62.0,62.0,24.5,,,,,1.0,1.0,1.0,50.0,0.0,0.0,0.0,0.0,0.0,100.0,100.0,100.0,10000.0,10000.0,10000.0,0,0,0,50.0,0.0,0.0,0,0
347600,62.0,62.0,24.5,,,,,1.0,1.0,1.0,50.0,0.0,0.0,0.0,0.0,0.0,100.0,100.0,100.0,10000.0,10000.0,10000.0,0,0,0,50.0,0.0,0.0,0,0
347800,62.0,62.0,24.5,,,,,1.0,1.0,1.0,50.0,0.0,0.0,0.0,0.0,0.0,100.0,100.0,100.0,10000.0,10000.0,10000.0,0,0,0,50.0,0.0,0.0,0,0
348000,62.0,62.0,24.5,,,,,1.0,1.0,1.0,50.0,0.0,0.0,0.0,0.0,0.0,100.0,100.0,100.0,10000.0,10000.0,10000.0,0,0,0,50.0,0.0,0.0,0,0
348200,62.0,62.0,24.5,,,,,1.0,1.0,1.0,50.0,0.0,0.0,0.0,0.0,0.0,100.0,100.0,100.0,10000.0,10000.0,10000.0,0,0,0,50.0,0.0,0.0,0,0
348400,62.0,62.0,24.5,,,,,1.0,1.0,1.0,50.0,0.0,0.0,0.0,0.0,0.0,100.0,100.0,100.0,10000.0,10000.0,10000.0,0,0,0,50.0,0.0,0.0,0,0
348600,62.0,62.0,24.5,,,,,1.0,1.0,1.0,50.0,0.0,0.0,0.0,0.0,0.0,100.0,100.0,100.0,10000.0,10000.0,10000.0,0,0,0,50.0,0.0,0.0,0,0
348800,62.0,62.0,24.5,,,,,1.0,1.0,1.0,50.0,0.0,0.0,0.0,0.0,0.0,100.0,100.0,100.0,10000.0,10000.0,10000.0,0,0,0,50.0,0.0,0.0,0,0
349000,62.0,62.0,24.5,,,,,1.0,1.0,1.0,50.0,0.0,0.0,0.0,0.0,0.0,100.0,100.0,100.0,10000.0,10000.0,10000.0,0,0,0,50.0,0.0,0.0,0,0
349200,62.0,62.0,24.5,,,,,1.0,1.0,1.0,50.0,0.0,0.0,0.0,0.0,0.0,100.0,100.0,100.0,10000.0,10000.0,10000.0,0,0,0,50.0,0.0,0.0,0,0
349400,62.0,62.0,24.5,,,,,1.0,1.0,1.0,50.0,0.0,0.0,0.0,0.0,0.0,100.0,100.0,100.0,10000.0,10000.0,10000.0,0,0,0,50.0,0.0,0.0,0,0
349600,62.0,62.0,24.5,,,,,1.0,1.0,1.0,50.0,0.0,0.0,0.0,0.0,0.0,100.0,100.0,100.0,10000.0,10000.0,10000.0,0,0,0,50.0,0.0,0.0,0,0
349800,62.0,62.0,24.5,,,,,1.0,1.0,1.0,50.0,0.0,0.0,0.0,0.0,0.0,100.0,100.0,100.0,10000.0,10000.0,10000.0,0,0,0,50.0,0.0,0.0,0,0
350000,62.0,62.0,24.5,,,,,1.0,1.0,1.0,50.0,0.0,0.0,0.0,0.0,0.0,100.0,100.0,100.0,10000.0,10000.0,10000.0,0,0,0,50.0,0.0,0.0,0,0
350200,62.0,62.0,24.5,,,,,1.0,1.0,1.0,50.0,0.0,0.0,0.0,0.0,0.0,100.0,100.0,100.0,10000.0,10000.0,10000.0,0,0,0,50.0,0.0,0.0,0,0
350400,62.0,62.0,24.5,,,,,1.0,1.0,1.0,50.0,0.0,0.0,0.0,0.0,0.0,100.0,100.0,100.0,10000.0,10000.0,10000.0,0,0,0,50.0,0.0,0.0,0,0
350600,62.0,62.0,24.5,,,,,1.0,1.0,1.0,50.0,0.0,0.0,0.0,0.0,0.0,100.0,100.0,100.0,10000.0,10000.0,10000.0,0,0,0,50.0,0.0,0.0,0,0
350800,62.0,62.0,24.5,,,,,1.0,1.0,1.0,50.0,0.0,0.0,0.0,0.0,0.0,100.0,100.0,100.0,10000.0,10000.0,10000.0,0,0,0,50.0,0.0,0.0,0,0
351000,62.0,62.0,25.0,,,,,1.0,1.0,1.0,50.0,0.0,0.0,0.0,0.0,0.0,100.0,100.0,100.0,10000.0,10000.0,10000.0,0,0,0,50.0,0.0,0.0,0,0
351200,62.0,62.0,25.0,,,,,1.0,1.0,1.0,50.0,0.0,0.0,0.0,0.0,0.0,100.0,100.0,100.0,10000.0,10000.0,10000.0,0,0,0,50.0,0.0,0.0,0,0
351400,62.0,62.0,25.0,,,,,1.0,1.0,1.0,50.0,0.0,0.0,0.0,0.0,0.0,100.0,100.0,100.0,10000.0,10000.0,10000.0,0,0,0,50.0,0.0,0.0,0,0
351600,62.0,62.0,25.0,,,,,1.0,1.0,1.0,50.0,0.0,0.0,0.0,0.0,0.0,100.0,100.0,100.0,10000.0,10000.0,10000.0,0,0,0,50.0,0.0,0.0,0,0
351800,62.0,62.0,25.0,,,,,1.0,1.0,1.0,50.0,0.0,0.0,0.0,0.0,0.0,100.0,100.0,100.0,10000.0,10000.0,10000.0,0,0,0,50.0,0.0,0.0,0,0
352000,62.0,62.5,24.5,,,,,1.0,1.0,1.0,50.0,0.0,0.0,0.0,0.0,0.0,100.0,100.0,100.0,10000.0,10000.0,10000.0,0,0,0,50.0,0.0,0.0,0,0
352200,62.0,62.5,24.5,,,,,1.0,1.0,1.0,50.0,0.0,0.0,0.0,0.0,0.0,100.0,100.0,100.0,10000.0,10000.0,10000.0,0,0,0,50.0,0.0,0.0,0,0
352400,62.0,62.5,24.5,,,,,1.0,1.0,1.0,50.0,0.0,0.0,0.0,0.0,0.0,100.0,100.0,100.0,10000.0,10000.0,10000.0,0,0,0,50.0,0.0,0.0,0,0
352600,62.0,62.5,24.5,,,,,1.0,1.0,1.0,50.0,0.0,0.0,0.0,0.0,0.0,100.0,100.0,100.0,10000.0,10000.0,10000.0,0,0,0,50.0,0.0,0.0,0,0
352800,62.0,62.5,24.5,,,,,1.0,1.0,1.0,50.0,0.0,0.0,0.0,0.0,0.0,100.0,100.0,100.0,10000.0,10000.0,10000.0,0,0,0,50.0,0.0,0.0,0,0
353000,62.0,62.5,25.0,,,,,1.0,1.0,1.0,50.0,0.0,0.0,0.0,0.0,0.0,100.0,100.0,100.0,10000.0,10000.0,10000.0,0,0,0,50.0,0.0,0.0,0,0
353200,62.0,62.5,25.0,,,,,1.0,1.0,1.0,50.0,0.0,0.0,0.0,0.0,0.0,100.0,100.0,100.0,10000.0,10000.0,10000.0,0,0,0,50.0,0.0,0.0,0,0
353400,62.0,62.5,25.0,,,,,1.0,1.0,1.0,50.0,0.0,0.0,0.0,0.0,0.0,100.0,100.0,100.0,10000.0,10000.0,10000.0,0,0,0,50.0,0.0,0.0,0,0
353600,62.0,62.5,24.5,,,,,1.0,1.0,1.0,50.0,0.0,0.0,0.0,0.0,0.0,100.0,100.0,100.0,10000.0,10000.0,10000.0,0,0,0,50.0,0.0,0.0,0,0
353800,62.0,62.5,24.5,,,,,1.0,1.0,1.0,50.0,0.0,0.0,0.0,0.0,0.0,100.0,100.0,100.0,10000.0,10000.0,10000.0,0,0,0,50.0,0.0,0.0,0,0
354000,62.0,62.5,25.0,,,,,1.0,1.0,1.0,50.0,0.0,0.0,0.0,0.0,0.0,100.0,100.0,100.0,10000.0,10000.0,10000.0,0,0,0,50.0,0.0,0.0,0,0
354200,62.0,62.5,25.0,,,,,1.0,1.0,1.0,50.0,0.0,0.0,0.0,0.0,0.0,100.0,100.0,100.0,10000.0,10000.0,10000.0,0,0,0,50.0,0.0,0.0,0,0
354400,62.0,62.5,25.0,,,,,1.0,1.0,1.0,50.0,0.0,0.0,0.0,0.0,0.0,100.0,100.0,100.0,10000.0,10000.0,10000.0,0,0,0,50.0,0.0,0.0,0,0
354600,62.0,62.5,25.0,,,,,1.0,1.0,1.0,50.0,0.0,0.0,0.0,0.0,0.0,100.0,100.0,100.0,10000.0,10000.0,10000.0,0,0,0,50.0,0.0,0.0,0,0
354800,62.0,62.5,25.0,,,,,1.0,1.0,1.0,50.0,0.0,0.0,0.0,0.0,0.0,100.0,100.0,100.0,10000.0,10000.0,10000.0,0,0,0,50.0,0.0,0.0,0,0
355000,62.0,62.5,25.0,,,,,1.0,1.0,1.0,50.0,0.0,0.0,0.0,0.0,0.0,100.0,100.0,100.0,10000.0,10000.0,10000.0,0,0,0,50.0,0.0,0.0,0,0
355200,62.0,62.5,25.0,,,,,1.0,1.0,1.0,50.0,0.0,0.0,0.0,0.0,0.0,100.0,100.0,100.0,10000.0,10000.0,10000.0,0,0,0,50.0,0.0,0.0,0,0
355400,62.0,62.5,25.0,,,,,1.0,1.0,1.0,50.0,0.0,0.0,0.0,0.0,0.0,100.0,100.0,100.0,10000.0,10000.0,10000.0,0,0,0,50.0,0.0,0.0,0,0
355600,62.0,62.5,25.0,,,,,1.0,1.0,1.0,50.0,0.0,0.0,0.0,0.0,0.0,100.0,100.0,100.0,10000.0,10000.0,10000.0,0,0,0,50.0,0.0,0.0,0,0
355800,62.0,62.5,25.0,,,,,1.0,1.0,1.0,50.0,0.0,0.0,0.0,0.0,0.0,100.0,100.0,100.0,10000.0,10000.0,10000.0,0,0,0,50.0,0.0,0.0,0,0
356000,62.0,62.5,25.0,,,,,1.0,1.0,1.0,50.0,0.0,0.0,0.0,0.0,0.0,100.0,100.0,100.0,10000.0,10000.0,10000.0,0,0,0,50.0,0.0,0.0,0,0
356200,62.5,62.5,25.0,,,,,1.0,1.0,1.0,50.0,0.0,0.0,0.0,0.0,0.0,100.0,100.0,100.0,10000.0,10000.0,10000.0,0,0,0,50.0,0.0,0.0,0,0
356400,62.5,62.5,25.0,,,,,1.0,1.0,1.0,50.0,0.0,0.0,0.0,0.0,0.0,100.0,100.0,100.0,10000.0,10000.0,10000.0,0,0,0,50.0,0.0,0.0,0,0
356600,62.5,62.5,25.0,,,,,1.0,1.0,1.0,50.0,0.0,0.0,0.0,0.0,0.0,100.0,100.0,100.0,10000.0,10000.0,10000.0,0,0,0,50.0,0.0,0.0,0,0
356800,62.5,62.5,25.0,,,,,1.0,1.0,1.0,50.0,0.0,0.0,0.0,0.0,0.0,100.0,100.0,100.0,10000.0,10000.0,10000.0,0,0,0,50.0,0.0,0.0,0,0
357000,62.5,62.5,25.0,,,,,1.0,1.0,1.0,50.0,0.0,0.0,0.0,0.0,0.0,100.0,100.0,100.0,10000.0,10000.0,10000.0,0,0,0,50.0,0.0,0.0,0,0
357200,62.5,62.5,25.0,,,,,1.0,1.0,1.0,50.0,0.0,0.0,0.0,0.0,0.0,100.0,100.0,100.0,10000.0,10000.0,10000.0,0,0,0,50.0,0.0,0.0,0,0
357400,62.5,62.5,25.0,,,,,1.0,1.0,1.0,50.0,0.0,0.0,0.0,0.0,0.0,100.0,100.0,100.0,10000.0,10000.0,10000.0,0,0,0,50.0,0.0,0.0,0,0
357600,62.5,62.5,25.0,,,,,1.0,1.0,1.0,50.0,0.0,0.0,0.0,0.0,0.0,100.0,100.0,100.0,10000.0,10000.0,10000.0,0,0,0,50.0,0.0,0.0,0,0
357800,62.5,62.5,25.0,,,,,1.0,1.0,1.0,50.0,0.0,0.0,0.0,0.0,0.0,100.0,100.0,100.0,10000.0,10000.0,10000.0,0,0,0,50.0,0.0,0.0,0,0
358000,62.5,62.5,25.0,,,,,1.0,1.0,1.0,50.0,0.0,0.0,0.0,0.0,0.0,100.0,100.0,100.0,10000.0,10000.0,10000.0,0,0,0,50.0,0.0,0.0,0,0
358200,62.5,62.5,25.0,,,,,1.0,1.0,1.0,50.0,0.0,0.0,0.0,0.0,0.0,100.0,100.0,100.0,10000.0,10000.0,10000.0,0,0,0,50.0,0.0,0.0,0,0
358400,62.5,62.5,25.0,,,,,1.0,1.0,1.0,50.0,0.0,0.0,0.0,0.0,0.0,100.0,100.0,100.0,10000.0,10000.0,10000.0,0,0,0,50.0,0.0,0.0,0,0
358600,62.5,62.5,24.5,,,,,1.0,1.0,1.0,50.0,0.0,0.0,0.0,0.0,0.0,100.0,100.0,100.0,10000.0,10000.0,10000.0,0,0,0,50.0,0.0,0.0,0,0
358800,62.5,62.5,24.5,,,,,1.0,1.0,1.0,50.0,0.0,0.0,0.0,0.0,0.0,100.0,100.0,100.0,10000.0,10000.0,10000.0,0,0,0,50.0,0.0,0.0,0,0
359000,62.5,62.5,25.0,,,,,1.0,1.0,1.0,50.0,0.0,0.0,0.0,0.0,0.0,100.0,100.0,100.0,10000.0,10000.0,10000.0,0,0,0,50.0,0.0,0.0,0,0
359200,62.5,62.5,25.0,,,,,1.0,1.0,1.0,50.0,0.0,0.0,0.0,0.0,0.0,100.0,100.0,100.0,10000.0,10000.0,10000.0,0,0,0,50.0,0.0,0.0,0,0
359400,62.5,62.5,25.0,,,,,1.0,1.0,1.0,50.0,0.0,0.0,0.0,0.0,0.0,100.0,100.0,100.0,10000.0,10000.0,10000.0,0,0,0,50.0,0.0,0.0,0,0
359600,62.5,62.5,25.0,,,,,1.0,1.0,1.0,50.0,0.0,0.0,0.0,0.0,0.0,100.0,100.0,100.0,10000.0,10000.0,10000.0,0,0,0,50.0,0.0,0.0,0,0
359800,62.5,62.5,25.0,,,,,1.0,1.0,1.0,50.0,0.0,0.0,0.0,0.0,0.0,100.0,100.0,100.0,10000.0,10000.0,10000.0,0,0,0,50.0,0.0,0.0,0,0
360000,62.5,62.5,25.0,,,,,1.0,1.0,1.0,50.0,0.0,0.0,0.0,0.0,0.0,100.0,100.0,100.0,10000.0,10000.0,10000.0,0,0,0,50.0,0.0,0.0,0,0
360200,62.5,62.5,25.0,,,,,1.0,1.0,1.0,50.0,0.0,0.0,0.0,0.0,0.0,100.0,100.0,100.0,10000.0,10000.0,10000.0,0,0,0,50.0,0.0,0.0,0,0
360400,62.5,62.5,25.0,,,,,1.0,1.0,1.0,50.0,0.0,0.0,0.0,0.0,0.0,100.0,100.0,100.0,10000.0,10000.0,10000.0,0,0,0,50.0,0.0,0.0,0,0
360600,62.5,62.5,25.0,,,,,1.0,1.0,1.0,50.0,0.0,0.0,0.0,0.0,0.0,100.0,100.0,100.0,10000.0,10000.0,10000.0,0,0,0,50.0,0.0,0.0,0,0
360800,62.5,62.5,25.0,,,,,1.0,1.0,1.0,50.0,0.0,0.0,0.0,0.0,0.0,100.0,100.0,100.0,10000.0,10000.0,10000.0,0,0,0,50.0,0.0,0.0,0,0
361000,62.5,62.5,25.0,,,,,1.0,1.0,1.0,50.0,0.0,0.0,0.0,0.0,0.0,100.0,100.0,100.0,10000.0,10000.0,10000.0,0,0,0,50.0,0.0,0.0,0,0
361200,62.5,62.5,25.0,,,,,1.0,1.0,1.0,50.0,0.0,0.0,0.0,0.0,0.0,100.0,100.0,100.0,10000.0,10000.0,10000.0,0,0,0,50.0,0.0,0.0,0,0
361400,62.5,62.5,25.0,,,,,1.0,1.0,1.0,50.0,0.0,0.0,0.0,0.0,0.0,100.0,100.0,100.0,10000.0,10000.0,10000.0,0,0,0,50.0,0.0,0.0,0,0
361600,62.5,62.5,25.0,,,,,1.0,1.0,1.0,50.0,0.0,0.0,0.0,0.0,0.0,100.0,100.0,100.0,10000.0,10000.0,10000.0,0,0,0,50.0,0.0,0.0,0,0
361800,62.5,62.5,25.0,,,,,1.0,1.0,1.0,50.0,0.0,0.0,0.0,0.0,0.0,100.0,100.0,100.0,10000.0,10000.0,10000.0,0,0,0,50.0,0.0,0.0,0,0
362000,62.5,62.5,25.0,,,,,1.0,1.0,1.0,50.0,0.0,0.0,0.0,0.0,0.0,100.0,100.0,100.0,10000.0,10000.0,10000.0,0,0,0,50.0,0.0,0.0,0,0
362200,62.5,62.5,25.0,,,,,1.0,1.0,1.0,50.0,0.0,0.0,0.0,0.0,0.0,100.0,100.0,100.0,10000.0,10000.0,10000.0,0,0,0,50.0,0.0,0.0,0,0
362400,62.5,62.5,25.0,,,,,1.0,1.0,1.0,50.0,0.0,0.0,0.0,0.0,0.0,100.0,100.0,100.0,10000.0,10000.0,10000.0,0,0,0,50.0,0.0,0.0,0,0
362600,62.5,62.5,25.0,,,,,1.0,1.0,1.0,50.0,0.0,0.0,0.0,0.0,0.0,100.0,100.0,100.0,10000.0,10000.0,10000.0,0,0,0,50.0,0.0,0.0,0,0
362800,62.5,62.5,25.0,,,,,1.0,1.0,1.0,50.0,0.0,0.0,0.0,0.0,0.0,100.0,100.0,100.0,10000.0,10000.0,10000.0,0,0,0,50.0,0.0,0.0,0,0
363000,62.5,62.5,25.0,,,,,1.0,1.0,1.0,50.0,0.0,0.0,0.0,0.0,0.0,100.0,100.0,100.0,10000.0,10000.0,10000.0,0,0,0,50.0,0.0,0.0,0,0
363200,62.5,62.5,25.0,,,,,1.0,1.0,1.0,50.0,0.0,0.0,0.0,0.0,0.0,100.0,100.0,100.0,10000.0,10000.0,10000.0,0,0,0,50.0,0.0,0.0,0,0
363400,62.5,62.5,25.0,,,,,1.0,1.0,1.0,50.0,0.0,0.0,0.0,0.0,0.0,100.0,100.0,100.0,10000.0,10000.0,10000.0,0,0,0,50.0,0.0,0.0,0,0
363600,62.5,62.5,25.0,,,,,1.0,1.0,1.0,50.0,0.0,0.0,0.0,0.0,0.0,100.0,100.0,100.0,10000.0,10000.0,10000.0,0,0,0,50.0,0.0,0.0,0,0
363800,62.5,62.5,25.0,,,,,1.0,1.0,1.0,50.0,0.0,0.0,0.0,0.0,0.0,100.0,100.0,100.0,10000.0,10000.0,10000.0,0,0,0,50.0,0.0,0.0,0,0
364000,62.5,62.5,25.0,,,,,1.0,1.0,1.0,50.0,0.0,0.0,0.0,0.0,0.0,100.0,100.0,100.0,10000.0,10000.0,10000.0,0,0,0,50.0,0.0,0.0,0,0
364200,62.5,62.5,25.0,,,,,1.0,1.0,1.0,50.0,0.0,0.0,0.0,0.0,0.0,100.0,100.0,100.0,10000.0,10000.0,10000.0,0,0,0,50.0,0.0,0.0,0,0
364400,62.5,62.5,25.0,,,,,1.0,1.0,1.0,50.0,0.0,0.0,0.0,0.0,0.0,100.0,100.0,100.0,10000.0,10000.0,10000.0,0,0,0,50.0,0.0,0.0,0,0
364600,62.5,62.5,25.0,,,,,1.0,1.0,1.0,50.0,0.0,0.0,0.0,0.0,0.0,100.0,100.0,100.0,10000.0,10000.0,10000.0,0,0,0,50.0,0.0,0.0,0,0
364800,62.5,62.5,25.0,,,,,1.0,1.0,1.0,50.0,0.0,0.0,0.0,0.0,0.0,100.0,100.0,100.0,10000.0,10000.0,10000.0,0,0,0,50.0,0.0,0.0,0,0
365000,62.5,62.5,25.0,,,,,1.0,1.0,1.0,50.0,0.0,0.0,0.0,0.0,0.0,100.0,100.0,100.0,10000.0,10000.0,10000.0,0,0,0,50.0,0.0,0.0,0,0
365200,62.5,62.5,25.0,,,,,1.0,1.0,1.0,50.0,0.0,0.0,0.0,0.0,0.0,100.0,100.0,100.0,10000.0,10000.0,10000.0,0,0,0,50.0,0.0,0.0,0,0
365400,62.5,62.5,25.0,,,,,1.0,1.0,1.0,50.0,0.0,0.0,0.0,0.0,0.0,100.0,100.0,100.0,10000.0,10000.0,10000.0,0,0,0,50.0,0.0,0.0,0,0
365600,62.5,62.5,25.0,,,,,1.0,1.0,1.0,50.0,0.0,0.0,0.0,0.0,0.0,100.0,100.0,100.0,10000.0,10000.0,10000.0,0,0,0,50.0,0.0,0.0,0,0
365800,62.5,62.5,25.0,,,,,1.0,1.0,1.0,50.0,0.0,0.0,0.0,0.0,0.0,100.0,100.0,100.0,10000.0,10000.0,10000.0,0,0,0,50.0,0.0,0.0,0,0
366000,62.5,62.5,25.0,,,,,1.0,1.0,1.0,50.0,0.0,0.0,0.0,0.0,0.0,100.0,100.0,100.0,10000.0,10000.0,10000.0,0,0,0,50.0,0.0,0.0,0,0
366200,62.5,62.5,25.0,,,,,1.0,1.0,1.0,50.0,0.0,0.0,0.0,0.0,0.0,100.0,100.0,100.0,10000.0,10000.0,10000.0,0,0,0,50.0,0.0,0.0,0,0
366400,62.5,62.5,25.0,,,,,1.0,1.0,1.0,50.0,0.0,0.0,0.0,0.0,0.0,100.0,100.0,100.0,10000.0,10000.0,10000.0,0,0,0,50.0,0.0,0.0,0,0
366600,62.5,62.5,25.0,,,,,1.0,1.0,1.0,50.0,0.0,0.0,0.0,0.0,0.0,100.0,100.0,100.0,10000.0,10000.0,10000.0,0,0,0,50.0,0.0,0.0,0,0
366800,62.5,62.5,25.0,,,,,1.0,1.0,1.0,50.0,0.0,0.0,0.0,0.0,0.0,100.0,100.0,100.0,10000.0,10000.0,10000.0,0,0,0,50.0,0.0,0.0,0,0
367000,62.5,62.5,25.0,,,,,1.0,1.0,1.0,50.0,0.0,0.0,0.0,0.0,0.0,100.0,100.0,100.0,10000.0,10000.0,10000.0,0,0,0,50.0,0.0,0.0,0,0
367200,62.5,62.5,25.0,,,,,1.0,1.0,1.0,50.0,0.0,0.0,0.0,0.0,0.0,100.0,100.0,100.0,10000.0,10000.0,10000.0,0,0,0,50.0,0.0,0.0,0,0
367400,62.5,62.5,25.0,,,,,1.0,1.0,1.0,50.0,0.0,0.0,0.0,0.0,0.0,100.0,100.0,100.0,10000.0,10000.0,10000.0,0,0,0,50.0,0.0,0.0,0,0
367600,62.5,62.5,25.0,,,,,1.0,1.0,1.0,50.0,0.0,0.0,0.0,0.0,0.0,100.0,100.0,100.0,10000.0,10000.0,10000.0,0,0,0,50.0,0.0,0.0,0,0
367800,62.5,62.5,25.0,,,,,1.0,1.0,1.0,50.0,0.0,0.0,0.0,0.0,0.0,100.0,100.0,100.0,10000.0,10000.0,10000.0,0,0,0,50.0,0.0,0.0,0,0
368000,62.5,62.5,25.0,,,,,1.0,1.0,1.0,50.0,0.0,0.0,0.0,0.0,0.0,100.0,100.0,100.0,10000.0,10000.0,10000.0,0,0,0,50.0,0.0,0.0,0,0
368200,62.5,62.5,25.0,,,,,1.0,1.0,1.0,50.0,0.0,0.0,0.0,0.0,0.0,100.0,100.0,100.0,10000.0,10000.0,10000.0,0,0,0,50.0,0.0,0.0,0,0
368400,62.5,62.5,25.0,,,,,1.0,1.0,1.0,50.0,0.0,0.0,0.0,0.0,0.0,100.0,100.0,100.0,10000.0,10000.0,10000.0,0,0,0,50.0,0.0,0.0,0,0
368600,62.5,62.5,25.0,,,,,1.0,1.0,1.0,50.0,0.0,0.0,0.0,0.0,0.0,100.0,100.0,100.0,10000.0,10000.0,10000.0,0,0,0,50.0,0.0,0.0,0,0
368800,62.5,62.5,25.0,,,,,1.0,1.0,1.0,50.0,0.0,0.0,0.0,0.0,0.0,100.0,100.0,100.0,10000.0,10000.0,10000.0,0,0,0,50.0,0.0,0.0,0,0
369000,62.5,62.5,25.0,,,,,1.0,1.0,1.0,50.0,0.0,0.0,0.0,0.0,0.0,100.0,100.0,100.0,10000.0,10000.0,10000.0,0,0,0,50.0,0.0,0.0,0,0
369200,62.5,62.5,25.0,,,,,1.0,1.0,1.0,50.0,0.0,0.0,0.0,0.0,0.0,100.0,100.0,100.0,10000.0,10000.0,10000.0,0,0,0,50.0,0.0,0.0,0,0
369400,62.5,62.5,25.0,,,,,1.0,1.0,1.0,50.0,0.0,0.0,0.0,0.0,0.0,100.0,100.0,100.0,10000.0,10000.0,10000.0,0,0,0,50.0,0.0,0.0,0,0
369600,63.0,62.5,25.0,,,,,1.0,1.0,1.0,50.0,0.0,0.0,0.0,0.0,0.0,100.0,100.0,100.0,10000.0,10000.0,10000.0,0,0,0,50.0,0.0,0.0,0,0
369800,63.0,62.5,25.0,,,,,1.0,1.0,1.0,50.0,0.0,0.0,0.0,0.0,0.0,100.0,100.0,100.0,10000.0,10000.0,10000.0,0,0,0,50.0,0.0,0.0,0,0
370000,63.0,62.5,25.0,,,,,1.0,1.0,1.0,50.0,0.0,0.0,0.0,0.0,0.0,100.0,100.0,100.0,10000.0,10000.0,10000.0,0,0,0,50.0,0.0,0.0,0,0
370200,63.0,62.5,25.0,,,,,1.0,1.0,1.0,50.0,0.0,0.0,0.0,0.0,0.0,100.0,100.0,100.0,10000.0,10000.0,10000.0,0,0,0,50.0,0.0,0.0,0,0
370400,63.0,62.5,25.0,,,,,1.0,1.0,1.0,50.0,0.0,0.0,0.0,0.0,0.0,100.0,100.0,100.0,10000.0,10000.0,10000.0,0,0,0,50.0,0.0,0.0,0,0
370600,63.0,62.5,25.0,,,,,1.0,1.0,1.0,50.0,0.0,0.0,0.0,0.0,0.0,100.0,100.0,100.0,10000.0,10000.0,10000.0,0,0,0,50.0,0.0,0.0,0,0
370800,63.0,62.5,25.0,,,,,1.0,1.0,1.0,50.0,0.0,0.0,0.0,0.0,0.0,100.0,100.0,100.0,10000.0,10000.0,10000.0,0,0,0,50.0,0.0,0.0,0,0
371000,63.0,63.0,25.0,,,,,1.0,1.0,1.0,50.0,0.0,0.0,0.0,0.0,0.0,100.0,100.0,100.0,10000.0,10000.0,10000.0,0,0,0,50.0,0.0,0.0,0,0
371200,63.0,63.0,25.0,,,,,1.0,1.0,1.0,50.0,0.0,0.0,0.0,0.0,0.0,100.0,100.0,100.0,10000.0,10000.0,10000.0,0,0,0,50.0,0.0,0.0,0,0
371400,63.0,63.0,25.0,,,,,1.0,1.0,1.0,50.0,0.0,0.0,0.0,0.0,0.0,100.0,100.0,100.0,10000.0,10000.0,10000.0,0,0,0,50.0,0.0,0.0,0,0
371600,63.0,63.0,25.0,,,,,1.0,1.0,1.0,50.0,0.0,0.0,0.0,0.0,0.0,100.0,100.0,100.0,10000.0,10000.0,10000.0,0,0,0,50.0,0.0,0.0,0,0
371800,63.0,63.0,25.0,,,,,1.0,1.0,1.0,50.0,0.0,0.0,0.0,0.0,0.0,100.0,100.0,100.0,10000.0,10000.0,10000.0,0,0,0,50.0,0.0,0.0,0,0
372000,63.0,63.0,25.0,,,,,1.0,1.0,1.0,50.0,0.0,0.0,0.0,0.0,0.0,100.0,100.0,100.0,10000.0,10000.0,10000.0,0,0,0,50.0,0.0,0.0,0,0
372200,63.0,63.0,25.0,,,,,1.0,1.0,1.0,50.0,0.0,0.0,0.0,0.0,0.0,100.0,100.0,100.0,10000.0,10000.0,10000.0,0,0,0,50.0,0.0,0.0,0,0
372400,63.0,63.0,25.0,,,,,1.0,1.0,1.0,50.0,0.0,0.0,0.0,0.0,0.0,100.0,100.0,100.0,10000.0,10000.0,10000.0,0,0,0,50.0,0.0,0.0,0,0
372600,63.0,63.0,25.0,,,,,1.0,1.0,1.0,50.0,0.0,0.0,0.0,0.0,0.0,100.0,100.0,100.0,10000.0,10000.0,10000.0,0,0,0,50.0,0.0,0.0,0,0
372800,63.0,63.0,25.0,,,,,1.0,1.0,1.0,50.0,0.0,0.0,0.0,0.0,0.0,100.0,100.0,100.0,10000.0,10000.0,10000.0,0,0,0,50.0,0.0,0.0,0,0
373000,63.0,63.0,25.0,,,,,1.0,1.0,1.0,50.0,0.0,0.0,0.0,0.0,0.0,100.0,100.0,100.0,10000.0,10000.0,10000.0,0,0,0,50.0,0.0,0.0,0,0
373200,63.0,63.0,25.0,,,,,1.0,1.0,1.0,50.0,0.0,0.0,0.0,0.0,0.0,100.0,100.0,100.0,10000.0,10000.0,10000.0,0,0,0,50.0,0.0,0.0,0,0
373400,63.0,63.0,25.0,,,,,1.0,1.0,1.0,50.0,0.0,0.0,0.0,0.0,0.0,100.0,100.0,100.0,10000.0,10000.0,10000.0,0,0,0,50.0,0.0,0.0,0,0
373600,63.0,63.0,25.0,,,,,1.0,1.0,1.0,50.0,0.0,0.0,0.0,0.0,0.0,100.0,100.0,100.0,10000.0,10000.0,10000.0,0,0,0,50.0,0.0,0.0,0,0
373800,63.0,63.0,25.0,,,,,1.0,1.0,1.0,50.0,0.0,0.0,0.0,0.0,0.0,100.0,100.0,100.0,10000.0,10000.0,10000.0,0,0,0,50.0,0.0,0.0,0,0
374000,63.0,63.0,25.0,,,,,1.0,1.0,1.0,50.0,0.0,0.0,0.0,0.0,0.0,100.0,100.0,100.0,10000.0,10000.0,10000.0,0,0,0,50.0,0.0,0.0,0,0
374200,63.0,63.0,25.0,,,,,1.0,1.0,1.0,50.0,0.0,0.0,0.0,0.0,0.0,100.0,100.0,100.0,10000.0,10000.0,10000.0,0,0,0,50.0,0.0,0.0,0,0
374400,63.0,63.0,25.0,,,,,1.0,1.0,1.0,50.0,0.0,0.0,0.0,0.0,0.0,100.0,100.0,100.0,10000.0,10000.0,10000.0,0,0,0,50.0,0.0,0.0,0,0
374600,63.0,63.0,25.0,,,,,1.0,1.0,1.0,50.0,0.0,0.0,0.0,0.0,0.0,100.0,100.0,100.0,10000.0,10000.0,10000.0,0,0,0,50.0,0.0,0.0,0,0
374800,63.0,63.0,25.0,,,,,1.0,1.0,1.0,50.0,0.0,0.0,0.0,0.0,0.0,100.0,100.0,100.0,10000.0,10000.0,10000.0,0,0,0,50.0,0.0,0.0,0,0
375000,63.0,63.0,25.0,,,,,1.0,1.0,1.0,50.0,0.0,0.0,0.0,0.0,0.0,100.0,100.0,100.0,10000.0,10000.0,10000.0,0,0,0,50.0,0.0,0.0,0,0
375200,63.0,63.0,25.0,,,,,1.0,1.0,1.0,50.0,0.0,0.0,0.0,0.0,0.0,100.0,100.0,100.0,10000.0,10000.0,10000.0,0,0,0,50.0,0.0,0.0,0,0
375400,63.0,63.0,25.0,,,,,1.0,1.0,1.0,50.0,0.0,0.0,0.0,0.0,0.0,100.0,100.0,100.0,10000.0,10000.0,10000.0,0,0,0,50.0,0.0,0.0,0,0
375600,63.0,63.0,25.0,,,,,1.0,1.0,1.0,50.0,0.0,0.0,0.0,0.0,0.0,100.0,100.0,100.0,10000.0,10000.0,10000.0,0,0,0,50.0,0.0,0.0,0,0
375800,63.0,63.0,25.0,,,,,1.0,1.0,1.0,50.0,0.0,0.0,0.0,0.0,0.0,100.0,100.0,100.0,10000.0,10000.0,10000.0,0,0,0,50.0,0.0,0.0,0,0
376000,63.0,63.0,25.0,,,,,1.0,1.0,1.0,50.0,0.0,0.0,0.0,0.0,0.0,100.0,100.0,100.0,10000.0,10000.0,10000.0,0,0,0,50.0,0.0,0.0,0,0
376200,63.0,63.0,25.0,,,,,1.0,1.0,1.0,50.0,0.0,0.0,0.0,0.0,0.0,100.0,100.0,100.0,10000.0,10000.0,10000.0,0,0,0,50.0,0.0,0.0,0,0
376400,63.0,63.0,25.0,,,,,1.0,1.0,1.0,50.0,0.0,0.0,0.0,0.0,0.0,100.0,100.0,100.0,10000.0,10000.0,10000.0,0,0,0,50.0,0.0,0.0,0,0
376600,63.0,63.0,25.0,,,,,1.0,1.0,1.0,50.0,0.0,0.0,0.0,0.0,0.0,100.0,100.0,100.0,10000.0,10000.0,10000.0,0,0,0,50.0,0.0,0.0,0,0
376800,63.0,63.0,25.0,,,,,1.0,1.0,1.0,50.0,0.0,0.0,0.0,0.0,0.0,100.0,100.0,100.0,10000.0,10000.0,10000.0,0,0,0,50.0,0.0,0.0,0,0
377000,63.0,63.0,25.0,,,,,1.0,1.0,1.0,50.0,0.0,0.0,0.0,0.0,0.0,100.0,100.0,100.0,10000.0,10000.0,10000.0,0,0,0,50.0,0.0,0.0,0,0
377200,63.0,63.0,25.0,,,,,1.0,1.0,1.0,50.0,0.0,0.0,0.0,0.0,0.0,100.0,100.0,100.0,10000.0,10000.0,10000.0,0,0,0,50.0,0.0,0.0,0,0
377400,63.0,63.0,25.0,,,,,1.0,1.0,1.0,50.0,0.0,0.0,0.0,0.0,0.0,100.0,100.0,100.0,10000.0,10000.0,10000.0,0,0,0,50.0,0.0,0.0,0,0
377600,63.0,63.0,25.0,,,,,1.0,1.0,1.0,50.0,0.0,0.0,0.0,0.0,0.0,100.0,100.0,100.0,10000.0,10000.0,10000.0,0,0,0,50.0,0.0,0.0,0,0
377800,63.0,63.0,25.0,,,,,1.0,1.0,1.0,50.0,0.0,0.0,0.0,0.0,0.0,100.0,100.0,100.0,10000.0,10000.0,10000.0,0,0,0,50.0,0.0,0.0,0,0
378000,63.0,63.0,25.0,,,,,1.0,1.0,1.0,50.0,0.0,0.0,0.0,0.0,0.0,100.0,100.0,100.0,10000.0,10000.0,10000.0,0,0,0,50.0,0.0,0.0,0,0
378200,63.0,63.0,25.0,,,,,1.0,1.0,1.0,50.0,0.0,0.0,0.0,0.0,0.0,100.0,100.0,100.0,10000.0,10000.0,10000.0,0,0,0,50.0,0.0,0.0,0,0
378400,63.0,63.0,25.0,,,,,1.0,1.0,1.0,50.0,0.0,0.0,0.0,0.0,0.0,100.0,100.0,100.0,10000.0,10000.0,10000.0,0,0,0,50.0,0.0,0.0,0,0
378600,63.0,63.0,25.0,,,,,1.0,1.0,1.0,50.0,0.0,0.0,0.0,0.0,0.0,100.0,100.0,100.0,10000.0,10000.0,10000.0,0,0,0,50.0,0.0,0.0,0,0
378800,63.0,63.0,25.0,,,,,1.0,1.0,1.0,50.0,0.0,0.0,0.0,0.0,0.0,100.0,100.0,100.0,10000.0,10000.0,10000.0,0,0,0,50.0,0.0,0.0,0,0
379000,63.0,63.0,25.0,,,,,1.0,1.0,1.0,50.0,0.0,0.0,0.0,0.0,0.0,100.0,100.0,100.0,10000.0,10000.0,10000.0,0,0,0,50.0,0.0,0.0,0,0
379200,63.0,63.0,25.0,,,,,1.0,1.0,1.0,50.0,0.0,0.0,0.0,0.0,0.0,100.0,100.0,100.0,10000.0,10000.0,10000.0,0,0,0,50.0,0.0,0.0,0,0
379400,63.0,63.0,25.0,,,,,1.0,1.0,1.0,50.0,0.0,0.0,0.0,0.0,0.0,100.0,100.0,100.0,10000.0,10000.0,10000.0,0,0,0,50.0,0.0,0.0,0,0
379600,63.0,63.0,25.0,,,,,1.0,1.0,1.0,50.0,0.0,0.0,0.0,0.0,0.0,100.0,100.0,100.0,10000.0,10000.0,10000.0,0,0,0,50.0,0.0,0.0,0,0
379800,63.0,63.0,25.0,,,,,1.0,1.0,1.0,50.0,0.0,0.0,0.0,0.0,0.0,100.0,100.0,100.0,10000.0,10000.0,10000.0,0,0,0,50.0,0.0,0.0,0,0
380000,63.0,63.0,25.0,,,,,1.0,1.0,1.0,50.0,0.0,0.0,0.0,0.0,0.0,100.0,100.0,100.0,10000.0,10000.0,10000.0,0,0,0,50.0,0.0,0.0,0,0
380200,63.0,63.0,25.0,,,,,1.0,1.0,1.0,50.0,0.0,0.0,0.0,0.0,0.0,100.0,100.0,100.0,10000.0,10000.0,10000.0,0,0,0,50.0,0.0,0.0,0,0
380400,63.0,63.0,25.0,,,,,1.0,1.0,1.0,50.0,0.0,0.0,0.0,0.0,0.0,100.0,100.0,100.0,10000.0,10000.0,10000.0,0,0,0,50.0,0.0,0.0,0,0
380600,63.0,63.0,25.0,,,,,1.0,1.0,1.0,50.0,0.0,0.0,0.0,0.0,0.0,100.0,100.0,100.0,10000.0,10000.0,10000.0,0,0,0,50.0,0.0,0.0,0,0
380800,63.0,63.0,25.0,,,,,1.0,1.0,1.0,50.0,0.0,0.0,0.0,0.0,0.0,100.0,100.0,100.0,10000.0,10000.0,10000.0,0,0,0,50.0,0.0,0.0,0,0
381000,63.0,63.0,25.0,,,,,1.0,1.0,1.0,50.0,0.0,0.0,0.0,0.0,0.0,100.0,100.0,100.0,10000.0,10000.0,10000.0,0,0,0,50.0,0.0,0.0,0,0
381200,63.0,63.0,25.0,,,,,1.0,1.0,1.0,50.0,0.0,0.0,0.0,0.0,0.0,100.0,100.0,100.0,10000.0,10000.0,10000.0,0,0,0,50.0,0.0,0.0,0,0
381400,63.0,63.0,25.0,,,,,1.0,1.0,1.0,50.0,0.0,0.0,0.0,0.0,0.0,100.0,100.0,100.0,10000.0,10000.0,10000.0,0,0,0,50.0,0.0,0.0,0,0
381600,63.0,63.0,25.0,,,,,1.0,1.0,1.0,50.0,0.0,0.0,0.0,0.0,0.0,100.0,100.0,100.0,10000.0,10000.0,10000.0,0,0,0,50.0,0.0,0.0,0,0
381800,63.0,63.0,25.0,,,,,1.0,1.0,1.0,50.0,0.0,0.0,0.0,0.0,0.0,100.0,100.0,100.0,10000.0,10000.0,10000.0,0,0,0,50.0,0.0,0.0,0,0
382000,63.0,63.0,25.0,,,,,1.0,1.0,1.0,50.0,0.0,0.0,0.0,0.0,0.0,100.0,100.0,100.0,10000.0,10000.0,10000.0,0,0,0,50.0,0.0,0.0,0,0
382200,63.0,63.0,25.0,,,,,1.0,1.0,1.0,50.0,0.0,0.0,0.0,0.0,0.0,100.0,100.0,100.0,10000.0,10000.0,10000.0,0,0,0,50.0,0.0,0.0,0,0
382400,63.0,63.0,25.0,,,,,1.0,1.0,1.0,50.0,0.0,0.0,0.0,0.0,0.0,100.0,100.0,100.0,10000.0,10000.0,10000.0,0,0,0,50.0,0.0,0.0,0,0
382600,63.0,63.0,25.0,,,,,1.0,1.0,1.0,50.0,0.0,0.0,0.0,0.0,0.0,100.0,100.0,100.0,10000.0,10000.0,10000.0,0,0,0,50.0,0.0,0.0,0,0
382800,63.0,63.0,25.0,,,,,1.0,1.0,1.0,50.0,0.0,0.0,0.0,0.0,0.0,100.0,100.0,100.0,10000.0,10000.0,10000.0,0,0,0,50.0,0.0,0.0,0,0
383000,63.5,63.0,25.0,,,,,1.0,1.0,1.0,50.0,0.0,0.0,0.0,0.0,0.0,100.0,100.0,100.0,10000.0,10000.0,10000.0,0,0,0,50.0,0.0,0.0,0,0
383200,63.5,63.0,25.0,,,,,1.0,1.0,1.0,50.0,0.0,0.0,0.0,0.0,0.0,100.0,100.0,100.0,10000.0,10000.0,10000.0,0,0,0,50.0,0.0,0.0,0,0
383400,63.5,63.0,25.0,,,,,1.0,1.0,1.0,50.0,0.0,0.0,0.0,0.0,0.0,100.0,100.0,100.0,10000.0,10000.0,10000.0,0,0,0,50.0,0.0,0.0,0,0
383600,63.5,63.0,25.0,,,,,1.0,1.0,1.0,50.0,0.0,0.0,0.0,0.0,0.0,100.0,100.0,100.0,10000.0,10000.0,10000.0,0,0,0,50.0,0.0,0.0,0,0
383800,63.5,63.0,25.0,,,,,1.0,1.0,1.0,50.0,0.0,0.0,0.0,0.0,0.0,100.0,100.0,100.0,10000.0,10000.0,10000.0,0,0,0,50.0,0.0,0.0,0,0
384000,63.5,63.0,25.0,,,,,1.0,1.0,1.0,50.0,0.0,0.0,0.0,0.0,0.0,100.0,100.0,100.0,10000.0,10000.0,10000.0,0,0,0,50.0,0.0,0.0,0,0
384200,63.5,63.0,25.0,,,,,1.0,1.0,1.0,50.0,0.0,0.0,0.0,0.0,0.0,100.0,100.0,100.0,10000.0,10000.0,10000.0,0,0,0,50.0,0.0,0.0,0,0
384400,63.5,63.0,25.0,,,,,1.0,1.0,1.0,50.0,0.0,0.0,0.0,0.0,0.0,100.0,100.0,100.0,10000.0,10000.0,10000.0,0,0,0,50.0,0.0,0.0,0,0
384600,63.5,63.0,25.0,,,,,1.0,1.0,1.0,50.0,0.0,0.0,0.0,0.0,0.0,100.0,100.0,100.0,10000.0,10000.0,10000.0,0,0,0,50.0,0.0,0.0,0,0
384800,63.5,63.0,25.0,,,,,1.0,1.0,1.0,50.0,0.0,0.0,0.0,0.0,0.0,100.0,100.0,100.0,10000.0,10000.0,10000.0,0,0,0,50.0,0.0,0.0,0,0
385000,63.5,63.0,25.0,,,,,1.0,1.0,1.0,50.0,0.0,0.0,0.0,0.0,0.0,100.0,100.0,100.0,10000.0,10000.0,10000.0,0,0,0,50.0,0.0,0.0,0,0
385200,63.5,63.0,25.0,,,,,1.0,1.0,1.0,50.0,0.0,0.0,0.0,0.0,0.0,100.0,100.0,100.0,10000.0,10000.0,10000.0,0,0,0,50.0,0.0,0.0,0,0
385400,63.5,63.0,25.0,,,,,1.0,1.0,1.0,50.0,0.0,0.0,0.0,0.0,0.0,100.0,100.0,100.0,10000.0,10000.0,10000.0,0,0,0,50.0,0.0,0.0,0,0
385600,63.5,63.5,25.0,,,,,1.0,1.0,1.0,50.0,0.0,0.0,0.0,0.0,0.0,100.0,100.0,100.0,10000.0,10000.0,10000.0,0,0,0,50.0,0.0,0.0,0,0
385800,63.5,63.5,25.0,,,,,1.0,1.0,1.0,50.0,0.0,0.0,0.0,0.0,0.0,100.0,100.0,100.0,10000.0,10000.0,10000.0,0,0,0,50.0,0.0,0.0,0,0
386000,63.5,63.5,25.0,,,,,1.0,1.0,1.0,50.0,0.0,0.0,0.0,0.0,0.0,100.0,100.0,100.0,10000.0,10000.0,10000.0,0,0,0,50.0,0.0,0.0,0,0
386200,63.5,63.5,25.0,,,,,1.0,1.0,1.0,50.0,0.0,0.0,0.0,0.0,0.0,100.0,100.0,100.0,10000.0,10000.0,10000.0,0,0,0,50.0,0.0,0.0,0,0
386400,63.5,63.5,25.0,,,,,1.0,1.0,1.0,50.0,0.0,0.0,0.0,0.0,0.0,100.0,100.0,100.0,10000.0,10000.0,10000.0,0,0,0,50.0,0.0,0.0,0,0
386600,63.5,63.5,25.0,,,,,1.0,1.0,1.0,50.0,0.0,0.0,0.0,0.0,0.0,100.0,100.0,100.0,10000.0,10000.0,10000.0,0,0,0,50.0,0.0,0.0,0,0
386800,63.5,63.5,25.0,,,,,1.0,1.0,1.0,50.0,0.0,0.0,0.0,0.0,0.0,100.0,100.0,100.0,10000.0,10000.0,10000.0,0,0,0,50.0,0.0,0.0,0,0
387000,63.5,63.5,25.0,,,,,1.0,1.0,1.0,50.0,0.0,0.0,0.0,0.0,0.0,100.0,100.0,100.0,10000.0,10000.0,10000.0,0,0,0,50.0,0.0,0.0,0,0
387200,63.5,63.5,25.0,,,,,1.0,1.0,1.0,50.0,0.0,0.0,0.0,0.0,0.0,100.0,100.0,100.0,10000.0,10000.0,10000.0,0,0,0,50.0,0.0,0.0,0,0
387400,63.5,63.5,25.0,,,,,1.0,1.0,1.0,50.0,0.0,0.0,0.0,0.0,0.0,100.0,100.0,100.0,10000.0,10000.0,10000.0,0,0,0,50.0,0.0,0.0,0,0
387600,63.5,63.5,25.0,,,,,1.0,1.0,1.0,50.0,0.0,0.0,0.0,0.0,0.0,100.0,100.0,100.0,10000.0,10000.0,10000.0,0,0,0,50.0,0.0,0.0,0,0
387800,63.5,63.5,25.0,,,,,1.0,1.0,1.0,50.0,0.0,0.0,0.0,0.0,0.0,100.0,100.0,100.0,10000.0,10000.0,10000.0,0,0,0,50.0,0.0,0.0,0,0
388000,63.5,63.5,25.0,,,,,1.0,1.0,1.0,50.0,0.0,0.0,0.0,0.0,0.0,100.0,100.0,100.0,10000.0,10000.0,10000.0,0,0,0,50.0,0.0,0.0,0,0
388200,63.5,63.5,25.0,,,,,1.0,1.0,1.0,50.0,0.0,0.0,0.0,0.0,0.0,100.0,100.0,100.0,10000.0,10000.0,10000.0,0,0,0,50.0,0.0,0.0,0,0
388400,63.5,63.5,25.0,,,,,1.0,1.0,1.0,50.0,0.0,0.0,0.0,0.0,0.0,100.0,100.0,100.0,10000.0,10000.0,10000.0,0,0,0,50.0,0.0,0.0,0,0
388600,63.5,63.5,25.0,,,,,1.0,1.0,1.0,50.0,0.0,0.0,0.0,0.0,0.0,100.0,100.0,100.0,10000.0,10000.0,10000.0,0,0,0,50.0,0.0,0.0,0,0
388800,63.5,63.5,25.0,,,,,1.0,1.0,1.0,50.0,0.0,0.0,0.0,0.0,0.0,100.0,100.0,100.0,10000.0,10000.0,10000.0,0,0,0,50.0,0.0,0.0,0,0
389000,63.5,63.5,25.0,,,,,1.0,1.0,1.0,50.0,0.0,0.0,0.0,0.0,0.0,100.0,100.0,100.0,10000.0,10000.0,10000.0,0,0,0,50.0,0.0,0.0,0,0
389200,63.5,63.5,25.0,,,,,1.0,1.0,1.0,50.0,0.0,0.0,0.0,0.0,0.0,100.0,100.0,100.0,10000.0,10000.0,10000.0,0,0,0,50.0,0.0,0.0,0,0
389400,63.5,63.5,25.0,,,,,1.0,1.0,1.0,50.0,0.0,0.0,0.0,0.0,0.0,100.0,100.0,100.0,10000.0,10000.0,10000.0,0,0,0,50.0,0.0,0.0,0,0
389600,63.5,63.5,25.0,,,,,1.0,1.0,1.0,50.0,0.0,0.0,0.0,0.0,0.0,100.0,100.0,100.0,10000.0,10000.0,10000.0,0,0,0,50.0,0.0,0.0,0,0
389800,63.5,63.5,25.0,,,,,1.0,1.0,1.0,50.0,0.0,0.0,0.0,0.0,0.0,100.0,100.0,100.0,10000.0,10000.0,10000.0,0,0,0,50.0,0.0,0.0,0,0
390000,63.5,63.5,25.0,,,,,1.0,1.0,1.0,50.0,0.0,0.0,0.0,0.0,0.0,100.0,100.0,100.0,10000.0,10000.0,10000.0,0,0,0,50.0,0.0,0.0,0,0
390200,63.5,63.5,25.0,,,,,1.0,1.0,1.0,50.0,0.0,0.0,0.0,0.0,0.0,100.0,100.0,100.0,10000.0,10000.0,10000.0,0,0,0,50.0,0.0,0.0,0,0
390400,63.5,63.5,25.0,,,,,1.0,1.0,1.0,50.0,0.0,0.0,0.0,0.0,0.0,100.0,100.0,100.0,10000.0,10000.0,10000.0,0,0,0,50.0,0.0,0.0,0,0
390600,63.5,63.5,25.0,,,,,1.0,1.0,1.0,50.0,0.0,0.0,0.0,0.0,0.0,100.0,100.0,100.0,10000.0,10000.0,10000.0,0,0,0,50.0,0.0,0.0,0,0
390800,63.5,63.5,25.0,,,,,1.0,1.0,1.0,50.0,0.0,0.0,0.0,0.0,0.0,100.0,100.0,100.0,10000.0,10000.0,10000.0,0,0,0,50.0,0.0,0.0,0,0
391000,63.5,63.5,25.0,,,,,1.0,1.0,1.0,50.0,0.0,0.0,0.0,0.0,0.0,100.0,100.0,100.0,10000.0,10000.0,10000.0,0,0,0,50.0,0.0,0.0,0,0
391200,63.5,63.5,25.0,,,,,1.0,1.0,1.0,50.0,0.0,0.0,0.0,0.0,0.0,100.0,100.0,100.0,10000.0,10000.0,10000.0,0,0,0,50.0,0.0,0.0,0,0
391400,63.5,63.5,25.0,,,,,1.0,1.0,1.0,50.0,0.0,0.0,0.0,0.0,0.0,100.0,100.0,100.0,10000.0,10000.0,10000.0,0,0,0,50.0,0.0,0.0,0,0
391600,63.5,63.5,25.0,,,,,1.0,1.0,1.0,50.0,0.0,0.0,0.0,0.0,0.0,100.0,100.0,100.0,10000.0,10000.0,10000.0,0,0,0,50.0,0.0,0.0,0,0
391800,63.5,63.5,25.0,,,,,1.0,1.0,1.0,50.0,0.0,0.0,0.0,0.0,0.0,100.0,100.0,100.0,10000.0,10000.0,10000.0,0,0,0,50.0,0.0,0.0,0,0
392000,63.5,63.5,25.0,,,,,1.0,1.0,1.0,50.0,0.0,0.0,0.0,0.0,0.0,100.0,100.0,100.0,10000.0,10000.0,10000.0,0,0,0,50.0,0.0,0.0,0,0
392200,63.5,63.5,25.0,,,,,1.0,1.0,1.0,50.0,0.0,0.0,0.0,0.0,0.0,100.0,100.0,100.0,10000.0,10000.0,10000.0,0,0,0,50.0,0.0,0.0,0,0
392400,63.5,63.5,25.0,,,,,1.0,1.0,1.0,50.0,0.0,0.0,0.0,0.0,0.0,100.0,100.0,100.0,10000.0,10000.0,10000.0,0,0,0,50.0,0.0,0.0,0,0
392600,63.5,63.5,25.0,,,,,1.0,1.0,1.0,50.0,0.0,0.0,0.0,0.0,0.0,100.0,100.0,100.0,10000.0,10000.0,10000.0,0,0,0,50.0,0.0,0.0,0,0
392800,63.5,63.5,25.0,,,,,1.0,1.0,1.0,50.0,0.0,0.0,0.0,0.0,0.0,100.0,100.0,100.0,10000.0,10000.0,10000.0,0,0,0,50.0,0.0,0.0,0,0
393000,63.5,63.5,25.0,,,,,1.0,1.0,1.0,50.0,0.0,0.0,0.0,0.0,0.0,100.0,100.0,100.0,10000.0,10000.0,10000.0,0,0,0,50.0,0.0,0.0,0,0
393200,63.5,63.5,25.0,,,,,1.0,1.0,1.0,50.0,0.0,0.0,0.0,0.0,0.0,100.0,100.0,100.0,10000.0,10000.0,10000.0,0,0,0,50.0,0.0,0.0,0,0
393400,63.5,63.5,25.0,,,,,1.0,1.0,1.0,50.0,0.0,0.0,0.0,0.0,0.0,100.0,100.0,100.0,10000.0,10000.0,10000.0,0,0,0,50.0,0.0,0.0,0,0
393600,63.5,63.5,25.0,,,,,1.0,1.0,1.0,50.0,0.0,0.0,0.0,0.0,0.0,100.0,100.0,100.0,10000.0,10000.0,10000.0,0,0,0,50.0,0.0,0.0,0,0
393800,63.5,63.5,25.0,,,,,1.0,1.0,1.0,50.0,0.0,0.0,0.0,0.0,0.0,100.0,100.0,100.0,10000.0,10000.0,10000.0,0,0,0,50.0,0.0,0.0,0,0
394000,63.5,63.5,25.0,,,,,1.0,1.0,1.0,50.0,0.0,0.0,0.0,0.0,0.0,100.0,100.0,100.0,10000.0,10000.0,10000.0,0,0,0,50.0,0.0,0.0,0,0
394200,63.5,63.5,25.0,,,,,1.0,1.0,1.0,50.0,0.0,0.0,0.0,0.0,0.0,100.0,100.0,100.0,10000.0,10000.0,10000.0,0,0,0,50.0,0.0,0.0,0,0
394400,63.5,63.5,25.0,,,,,1.0,1.0,1.0,50.0,0.0,0.0,0.0,0.0,0.0,100.0,100.0,100.0,10000.0,10000.0,10000.0,0,0,0,50.0,0.0,0.0,0,0
394600,63.5,63.5,25.0,,,,,1.0,1.0,1.0,50.0,0.0,0.0,0.0,0.0,0.0,100.0,100.0,100.0,10000.0,10000.0,10000.0,0,0,0,50.0,0.0,0.0,0,0
394800,63.5,63.5,25.0,,,,,1.0,1.0,1.0,50.0,0.0,0.0,0.0,0.0,0.0,100.0,100.0,100.0,10000.0,10000.0,10000.0,0,0,0,50.0,0.0,0.0,0,0
395000,63.5,63.5,25.0,,,,,1.0,1.0,1.0,50.0,0.0,0.0,0.0,0.0,0.0,100.0,100.0,100.0,10000.0,10000.0,10000.0,0,0,0,50.0,0.0,0.0,0,0
395200,63.5,63.5,25.0,,,,,1.0,1.0,1.0,50.0,0.0,0.0,0.0,0.0,0.0,100.0,100.0,100.0,10000.0,10000.0,10000.0,0,0,0,50.0,0.0,0.0,0,0
395400,63.5,63.5,25.0,,,,,1.0,1.0,1.0,50.0,0.0,0.0,0.0,0.0,0.0,100.0,100.0,100.0,10000.0,10000.0,10000.0,0,0,0,50.0,0.0,0.0,0,0
395600,63.5,63.5,25.0,,,,,1.0,1.0,1.0,50.0,0.0,0.0,0.0,0.0,0.0,100.0,100.0,100.0,10000.0,10000.0,10000.0,0,0,0,50.0,0.0,0.0,0,0
395800,63.5,63.5,25.0,,,,,1.0,1.0,1.0,50.0,0.0,0.0,0.0,0.0,0.0,100.0,100.0,100.0,10000.0,10000.0,10000.0,0,0,0,50.0,0.0,0.0,0,0
396000,63.5,63.5,25.0,,,,,1.0,1.0,1.0,50.0,0.0,0.0,0.0,0.0,0.0,100.0,100.0,100.0,10000.0,10000.0,10000.0,0,0,0,50.0,0.0,0.0,0,0
396200,63.5,63.5,25.0,,,,,1.0,1.0,1.0,50.0,0.0,0.0,0.0,0.0,0.0,100.0,100.0,100.0,10000.0,10000.0,10000.0,0,0,0,50.0,0.0,0.0,0,0
396400,63.5,63.5,25.0,,,,,1.0,1.0,1.0,50.0,0.0,0.0,0.0,0.0,0.0,100.0,100.0,100.0,10000.0,10000.0,10000.0,0,0,0,50.0,0.0,0.0,0,0
396600,63.5,63.5,25.0,,,,,1.0,1.0,1.0,50.0,0.0,0.0,0.0,0.0,0.0,100.0,100.0,100.0,10000.0,10000.0,10000.0,0,0,0,50.0,0.0,0.0,0,0
396800,63.5,63.5,25.0,,,,,1.0,1.0,1.0,50.0,0.0,0.0,0.0,0.0,0.0,100.0,100.0,100.0,10000.0,10000.0,10000.0,0,0,0,50.0,0.0,0.0,0,0
397000,63.5,63.5,25.0,,,,,1.0,1.0,1.0,50.0,0.0,0.0,0.0,0.0,0.0,100.0,100.0,100.0,10000.0,10000.0,10000.0,0,0,0,50.0,0.0,0.0,0,0
397200,63.5,63.5,25.0,,,,,1.0,1.0,1.0,50.0,0.0,0.0,0.0,0.0,0.0,100.0,100.0,100.0,10000.0,10000.0,10000.0,0,0,0,50.0,0.0,0.0,0,0
397400,63.5,63.5,25.0,,,,,1.0,1.0,1.0,50.0,0.0,0.0,0.0,0.0,0.0,100.0,100.0,100.0,10000.0,10000.0,10000.0,0,0,0,50.0,0.0,0.0,0,0
397600,64.0,63.5,25.0,,,,,1.0,1.0,1.0,50.0,0.0,0.0,0.0,0.0,0.0,100.0,100.0,100.0,10000.0,10000.0,10000.0,0,0,0,50.0,0.0,0.0,0,0
397800,64.0,63.5,25.0,,,,,1.0,1.0,1.0,50.0,0.0,0.0,0.0,0.0,0.0,100.0,100.0,100.0,10000.0,10000.0,10000.0,0,0,0,50.0,0.0,0.0,0,0
398000,64.0,63.5,25.0,,,,,1.0,1.0,1.0,50.0,0.0,0.0,0.0,0.0,0.0,100.0,100.0,100.0,10000.0,10000.0,10000.0,0,0,0,50.0,0.0,0.0,0,0
398200,64.0,63.5,25.0,,,,,1.0,1.0,1.0,50.0,0.0,0.0,0.0,0.0,0.0,100.0,100.0,100.0,10000.0,10000.0,10000.0,0,0,0,50.0,0.0,0.0,0,0
398400,64.0,63.5,25.0,,,,,1.0,1.0,1.0,50.0,0.0,0.0,0.0,0.0,0.0,100.0,100.0,100.0,10000.0,10000.0,10000.0,0,0,0,50.0,0.0,0.0,0,0
398600,64.0,63.5,25.0,,,,,1.0,1.0,1.0,50.0,0.0,0.0,0.0,0.0,0.0,100.0,100.0,100.0,10000.0,10000.0,10000.0,0,0,0,50.0,0.0,0.0,0,0
398800,64.0,63.5,25.0,,,,,1.0,1.0,1.0,50.0,0.0,0.0,0.0,0.0,0.0,100.0,100.0,100.0,10000.0,10000.0,10000.0,0,0,0,50.0,0.0,0.0,0,0
399000,64.0,63.5,25.0,,,,,1.0,1.0,1.0,50.0,0.0,0.0,0.0,0.0,0.0,100.0,100.0,100.0,10000.0,10000.0,10000.0,0,0,0,50.0,0.0,0.0,0,0
399200,64.0,63.5,25.0,,,,,1.0,1.0,1.0,50.0,0.0,0.0,0.0,0.0,0.0,100.0,100.0,100.0,10000.0,10000.0,10000.0,0,0,0,50.0,0.0,0.0,0,0
399400,64.0,63.5,25.0,,,,,1.0,1.0,1.0,50.0,0.0,0.0,0.0,0.0,0.0,100.0,100.0,100.0,10000.0,10000.0,10000.0,0,0,0,50.0,0.0,0.0,0,0
399600,64.0,64.0,25.0,,,,,1.0,1.0,1.0,50.0,0.0,0.0,0.0,0.0,0.0,100.0,100.0,100.0,10000.0,10000.0,10000.0,0,0,0,50.0,0.0,0.0,0,0
399800,64.0,64.0,25.0,,,,,1.0,1.0,1.0,50.0,0.0,0.0,0.0,0.0,0.0,100.0,100.0,100.0,10000.0,10000.0,10000.0,0,0,0,50.0,0.0,0.0,0,0
400000,64.0,64.0,25.0,,,,,1.0,1.0,1.0,50.0,0.0,0.0,0.0,0.0,0.0,100.0,100.0,100.0,10000.0,10000.0,10000.0,0,0,0,50.0,0.0,0.0,0,0
400200,64.0,64.0,25.0,,,,,1.0,1.0,1.0,50.0,0.0,0.0,0.0,0.0,0.0,100.0,100.0,100.0,10000.0,10000.0,10000.0,0,0,0,50.0,0.0,0.0,0,0
400400,64.0,64.0,25.0,,,,,1.0,1.0,1.0,50.0,0.0,0.0,0.0,0.0,0.0,100.0,100.0,100.0,10000.0,10000.0,10000.0,0,0,0,50.0,0.0,0.0,0,0
400600,64.0,64.0,25.0,,,,,1.0,1.0,1.0,50.0,0.0,0.0,0.0,0.0,0.0,100.0,100.0,100.0,10000.0,10000.0,10000.0,0,0,0,50.0,0.0,0.0,0,0
400800,64.0,64.0,25.0,,,,,1.0,1.0,1.0,50.0,0.0,0.0,0.0,0.0,0.0,100.0,100.0,100.0,10000.0,10000.0,10000.0,0,0,0,50.0,0.0,0.0,0,0
401000,64.0,64.0,25.0,,,,,1.0,1.0,1.0,50.0,0.0,0.0,0.0,0.0,0.0,100.0,100.0,100.0,10000.0,10000.0,10000.0,0,0,0,50.0,0.0,0.0,0,0
401200,64.0,64.0,25.0,,,,,1.0,1.0,1.0,50.0,0.0,0.0,0.0,0.0,0.0,100.0,100.0,100.0,10000.0,10000.0,10000.0,0,0,0,50.0,0.0,0.0,0,0
401400,64.0,64.0,25.0,,,,,1.0,1.0,1.0,50.0,0.0,0.0,0.0,0.0,0.0,100.0,100.0,100.0,10000.0,10000.0,10000.0,0,0,0,50.0,0.0,0.0,0,0
401600,64.0,64.0,25.0,,,,,1.0,1.0,1.0,50.0,0.0,0.0,0.0,0.0,0.0,100.0,100.0,100.0,10000.0,10000.0,10000.0,0,0,0,50.0,0.0,0.0,0,0
401800,64.0,64.0,25.0,,,,,1.0,1.0,1.0,50.0,0.0,0.0,0.0,0.0,0.0,100.0,100.0,100.0,10000.0,10000.0,10000.0,0,0,0,50.0,0.0,0.0,0,0
402000,64.0,64.0,25.0,,,,,1.0,1.0,1.0,50.0,0.0,0.0,0.0,0.0,0.0,100.0,100.0,100.0,10000.0,10000.0,10000.0,0,0,0,50.0,0.0,0.0,0,0
402200,64.0,64.0,25.0,,,,,1.0,1.0,1.0,50.0,0.0,0.0,0.0,0.0,0.0,100.0,100.0,100.0,10000.0,10000.0,10000.0,0,0,0,50.0,0.0,0.0,0,0
402400,64.0,64.0,25.0,,,,,1.0,1.0,1.0,50.0,0.0,0.0,0.0,0.0,0.0,100.0,100.0,100.0,10000.0,10000.0,10000.0,0,0,0,50.0,0.0,0.0,0,0
402600,64.0,64.0,25.0,,,,,1.0,1.0,1.0,50.0,0.0,0.0,0.0,0.0,0.0,100.0,100.0,100.0,10000.0,10000.0,10000.0,0,0,0,50.0,0.0,0.0,0,0
402800,64.0,64.0,25.0,,,,,1.0,1.0,1.0,50.0,0.0,0.0,0.0,0.0,0.0,100.0,100.0,100.0,10000.0,10000.0,10000.0,0,0,0,50.0,0.0,0.0,0,0
403000,64.0,64.0,25.0,,,,,1.0,1.0,1.0,50.0,0.0,0.0,0.0,0.0,0.0,100.0,100.0,100.0,10000.0,10000.0,10000.0,0,0,0,50.0,0.0,0.0,0,0
403200,64.0,64.0,25.0,,,,,1.0,1.0,1.0,50.0,0.0,0.0,0.0,0.0,0.0,100.0,100.0,100.0,10000.0,10000.0,10000.0,0,0,0,50.0,0.0,0.0,0,0
403400,64.0,64.0,25.0,,,,,1.0,1.0,1.0,50.0,0.0,0.0,0.0,0.0,0.0,100.0,100.0,100.0,10000.0,10000.0,10000.0,0,0,0,50.0,0.0,0.0,0,0
403600,64.0,64.0,25.0,,,,,1.0,1.0,1.0,50.0,0.0,0.0,0.0,0.0,0.0,100.0,100.0,100.0,10000.0,10000.0,10000.0,0,0,0,50.0,0.0,0.0,0,0
403800,64.0,64.0,25.0,,,,,1.0,1.0,1.0,50.0,0.0,0.0,0.0,0.0,0.0,100.0,100.0,100.0,10000.0,10000.0,10000.0,0,0,0,50.0,0.0,0.0,0,0
404000,64.0,64.0,25.0,,,,,1.0,1.0,1.0,50.0,0.0,0.0,0.0,0.0,0.0,100.0,100.0,100.0,10000.0,10000.0,10000.0,0,0,0,50.0,0.0,0.0,0,0
404200,64.0,64.0,25.0,,,,,1.0,1.0,1.0,50.0,0.0,0.0,0.0,0.0,0.0,100.0,100.0,100.0,10000.0,10000.0,10000.0,0,0,0,50.0,0.0,0.0,0,0
404400,64.0,64.0,25.0,,,,,1.0,1.0,1.0,50.0,0.0,0.0,0.0,0.0,0.0,100.0,100.0,100.0,10000.0,10000.0,10000.0,0,0,0,50.0,0.0,0.0,0,0
404600,64.0,64.0,25.0,,,,,1.0,1.0,1.0,50.0,0.0,0.0,0.0,0.0,0.0,100.0,100.0,100.0,10000.0,10000.0,10000.0,0,0,0,50.0,0.0,0.0,0,0
404800,64.0,64.0,25.0,,,,,1.0,1.0,1.0,50.0,0.0,0.0,0.0,0.0,0.0,100.0,100.0,100.0,10000.0,10000.0,10000.0,0,0,0,50.0,0.0,0.0,0,0
405000,64.0,64.0,25.0,,,,,1.0,1.0,1.0,50.0,0.0,0.0,0.0,0.0,0.0,100.0,100.0,100.0,10000.0,10000.0,10000.0,0,0,0,50.0,0.0,0.0,0,0
405200,64.0,64.0,25.0,,,,,1.0,1.0,1.0,50.0,0.0,0.0,0.0,0.0,0.0,100.0,100.0,100.0,10000.0,10000.0,10000.0,0,0,0,50.0,0.0,0.0,0,0
405400,64.0,64.0,25.0,,,,,1.0,1.0,1.0,50.0,0.0,0.0,0.0,0.0,0.0,100.0,100.0,100.0,10000.0,10000.0,10000.0,0,0,0,50.0,0.0,0.0,0,0
405600,64.0,64.0,25.0,,,,,1.0,1.0,1.0,50.0,0.0,0.0,0.0,0.0,0.0,100.0,100.0,100.0,10000.0,10000.0,10000.0,0,0,0,50.0,0.0,0.0,0,0
405800,64.0,64.0,25.0,,,,,1.0,1.0,1.0,50.0,0.0,0.0,0.0,0.0,0.0,100.0,100.0,100.0,10000.0,10000.0,10000.0,0,0,0,50.0,0.0,0.0,0,0
406000,64.0,64.0,25.0,,,,,1.0,1.0,1.0,50.0,0.0,0.0,0.0,0.0,0.0,100.0,100.0,100.0,10000.0,10000.0,10000.0,0,0,0,50.0,0.0,0.0,0,0
406200,64.0,64.0,25.0,,,,,1.0,1.0,1.0,50.0,0.0,0.0,0.0,0.0,0.0,100.0,100.0,100.0,10000.0,10000.0,10000.0,0,0,0,50.0,0.0,0.0,0,0
406400,64.0,64.0,25.0,,,,,1.0,1.0,1.0,50.0,0.0,0.0,0.0,0.0,0.0,100.0,100.0,100.0,10000.0,10000.0,10000.0,0,0,0,50.0,0.0,0.0,0,0
406600,64.0,64.0,25.0,,,,,1.0,1.0,1.0,50.0,0.0,0.0,0.0,0.0,0.0,100.0,100.0,100.0,10000.0,10000.0,10000.0,0,0,0,50.0,0.0,0.0,0,0
406800,64.0,64.0,25.0,,,,,1.0,1.0,1.0,50.0,0.0,0.0,0.0,0.0,0.0,100.0,100.0,100.0,10000.0,10000.0,10000.0,0,0,0,50.0,0.0,0.0,0,0
407000,64.0,64.0,25.0,,,,,1.0,1.0,1.0,50.0,0.0,0.0,0.0,0.0,0.0,100.0,100.0,100.0,10000.0,10000.0,10000.0,0,0,0,50.0,0.0,0.0,0,0
407200,64.0,64.0,25.0,,,,,1.0,1.0,1.0,50.0,0.0,0.0,0.0,0.0,0.0,100.0,100.0,100.0,10000.0,10000.0,10000.0,0,0,0,50.0,0.0,0.0,0,0
407400,64.0,64.0,25.0,,,,,1.0,1.0,1.0,50.0,0.0,0.0,0.0,0.0,0.0,100.0,100.0,100.0,10000.0,10000.0,10000.0,0,0,0,50.0,0.0,0.0,0,0
407600,64.0,64.0,25.0,,,,,1.0,1.0,1.0,50.0,0.0,0.0,0.0,0.0,0.0,100.0,100.0,100.0,10000.0,10000.0,10000.0,0,0,0,50.0,0.0,0.0,0,0
407800,64.0,64.0,25.0,,,,,1.0,1.0,1.0,50.0,0.0,0.0,0.0,0.0,0.0,100.0,100.0,100.0,10000.0,10000.0,10000.0,0,0,0,50.0,0.0,0.0,0,0
408000,64.0,64.0,25.0,,,,,1.0,1.0,1.0,50.0,0.0,0.0,0.0,0.0,0.0,100.0,100.0,100.0,10000.0,10000.0,10000.0,0,0,0,50.0,0.0,0.0,0,0
408200,64.0,64.0,25.0,,,,,1.0,1.0,1.0,50.0,0.0,0.0,0.0,0.0,0.0,100.0,100.0,100.0,10000.0,10000.0,10000.0,0,0,0,50.0,0.0,0.0,0,0
408400,64.0,64.0,25.0,,,,,1.0,1.0,1.0,50.0,0.0,0.0,0.0,0.0,0.0,100.0,100.0,100.0,10000.0,10000.0,10000.0,0,0,0,50.0,0.0,0.0,0,0
408600,64.0,64.0,25.0,,,,,1.0,1.0,1.0,50.0,0.0,0.0,0.0,0.0,0.0,100.0,100.0,100.0,10000.0,10000.0,10000.0,0,0,0,50.0,0.0,0.0,0,0
408800,64.0,64.0,25.0,,,,,1.0,1.0,1.0,50.0,0.0,0.0,0.0,0.0,0.0,100.0,100.0,100.0,10000.0,10000.0,10000.0,0,0,0,50.0,0.0,0.0,0,0
409000,64.0,64.0,25.0,,,,,1.0,1.0,1.0,50.0,0.0,0.0,0.0,0.0,0.0,100.0,100.0,100.0,10000.0,10000.0,10000.0,0,0,0,50.0,0.0,0.0,0,0
409200,64.0,64.0,25.0,,,,,1.0,1.0,1.0,50.0,0.0,0.0,0.0,0.0,0.0,100.0,100.0,100.0,10000.0,10000.0,10000.0,0,0,0,50.0,0.0,0.0,0,0
409400,64.0,64.0,25.0,,,,,1.0,1.0,1.0,50.0,0.0,0.0,0.0,0.0,0.0,100.0,100.0,100.0,10000.0,10000.0,10000.0,0,0,0,50.0,0.0,0.0,0,0
409600,64.0,64.0,25.0,,,,,1.0,1.0,1.0,50.0,0.0,0.0,0.0,0.0,0.0,100.0,100.0,100.0,10000.0,10000.0,10000.0,0,0,0,50.0,0.0,0.0,0,0
409800,64.0,64.0,25.0,,,,,1.0,1.0,1.0,50.0,0.0,0.0,0.0,0.0,0.0,100.0,100.0,100.0,10000.0,10000.0,10000.0,0,0,0,50.0,0.0,0.0,0,0
410000,64.0,64.0,25.0,,,,,1.0,1.0,1.0,50.0,0.0,0.0,0.0,0.0,0.0,100.0,100.0,100.0,10000.0,10000.0,10000.0,0,0,0,50.0,0.0,0.0,0,0
410200,64.0,64.0,25.0,,,,,1.0,1.0,1.0,50.0,0.0,0.0,0.0,0.0,0.0,100.0,100.0,100.0,10000.0,10000.0,10000.0,0,0,0,50.0,0.0,0.0,0,0
410400,64.0,64.0,25.0,,,,,1.0,1.0,1.0,50.0,0.0,0.0,0.0,0.0,0.0,100.0,100.0,100.0,10000.0,10000.0,10000.0,0,0,0,50.0,0.0,0.0,0,0
410600,64.5,64.0,25.0,,,,,1.0,1.0,1.0,50.0,0.0,0.0,0.0,0.0,0.0,100.0,100.0,100.0,10000.0,10000.0,10000.0,0,0,0,50.0,0.0,0.0,0,0
410800,64.5,64.0,25.0,,,,,1.0,1.0,1.0,50.0,0.0,0.0,0.0,0.0,0.0,100.0,100.0,100.0,10000.0,10000.0,10000.0,0,0,0,50.0,0.0,0.0,0,0
411000,64.5,64.0,25.0,,,,,1.0,1.0,1.0,50.0,0.0,0.0,0.0,0.0,0.0,100.0,100.0,100.0,10000.0,10000.0,10000.0,0,0,0,50.0,0.0,0.0,0,0
411200,64.5,64.0,25.0,,,,,1.0,1.0,1.0,50.0,0.0,0.0,0.0,0.0,0.0,100.0,100.0,100.0,10000.0,10000.0,10000.0,0,0,0,50.0,0.0,0.0,0,0
411400,64.5,64.0,25.0,,,,,1.0,1.0,1.0,50.0,0.0,0.0,0.0,0.0,0.0,100.0,100.0,100.0,10000.0,10000.0,10000.0,0,0,0,50.0,0.0,0.0,0,0
411600,64.5,64.0,25.0,,,,,1.0,1.0,1.0,50.0,0.0,0.0,0.0,0.0,0.0,100.0,100.0,100.0,10000.0,10000.0,10000.0,0,0,0,50.0,0.0,0.0,0,0
411800,64.5,64.0,25.0,,,,,1.0,1.0,1.0,50.0,0.0,0.0,0.0,0.0,0.0,100.0,100.0,100.0,10000.0,10000.0,10000.0,0,0,0,50.0,0.0,0.0,0,0
412000,64.5,64.0,25.0,,,,,1.0,1.0,1.0,50.0,0.0,0.0,0.0,0.0,0.0,100.0,100.0,100.0,10000.0,10000.0,10000.0,0,0,0,50.0,0.0,0.0,0,0
412200,64.5,64.0,25.0,,,,,1.0,1.0,1.0,50.0,0.0,0.0,0.0,0.0,0.0,100.0,100.0,100.0,10000.0,10000.0,10000.0,0,0,0,50.0,0.0,0.0,0,0
412400,64.5,64.0,25.0,,,,,1.0,1.0,1.0,50.0,0.0,0.0,0.0,0.0,0.0,100.0,100.0,100.0,10000.0,10000.0,10000.0,0,0,0,50.0,0.0,0.0,0,0
412600,64.5,64.0,25.0,,,,,1.0,1.0,1.0,50.0,0.0,0.0,0.0,0.0,0.0,100.0,100.0,100.0,10000.0,10000.0,10000.0,0,0,0,50.0,0.0,0.0,0,0
412800,64.5,64.0,25.0,,,,,1.0,1.0,1.0,50.0,0.0,0.0,0.0,0.0,0.0,100.0,100.0,100.0,10000.0,10000.0,10000.0,0,0,0,50.0,0.0,0.0,0,0
413000,64.5,64.0,25.0,,,,,1.0,1.0,1.0,50.0,0.0,0.0,0.0,0.0,0.0,100.0,100.0,100.0,10000.0,10000.0,10000.0,0,0,0,50.0,0.0,0.0,0,0
413200,64.5,64.0,25.0,,,,,1.0,1.0,1.0,50.0,0.0,0.0,0.0,0.0,0.0,100.0,100.0,100.0,10000.0,10000.0,10000.0,0,0,0,50.0,0.0,0.0,0,0
413400,64.5,64.0,25.0,,,,,1.0,1.0,1.0,50.0,0.0,0.0,0.0,0.0,0.0,100.0,100.0,100.0,10000.0,10000.0,10000.0,0,0,0,50.0,0.0,0.0,0,0
413600,64.5,64.5,25.0,,,,,1.0,1.0,1.0,50.0,0.0,0.0,0.0,0.0,0.0,100.0,100.0,100.0,10000.0,10000.0,10000.0,0,0,0,50.0,0.0,0.0,0,0
413800,64.5,64.5,25.0,,,,,1.0,1.0,1.0,50.0,0.0,0.0,0.0,0.0,0.0,100.0,100.0,100.0,10000.0,10000.0,10000.0,0,0,0,50.0,0.0,0.0,0,0
414000,64.5,64.0,25.0,,,,,1.0,1.0,1.0,50.0,0.0,0.0,0.0,0.0,0.0,100.0,100.0,100.0,10000.0,10000.0,10000.0,0,0,0,50.0,0.0,0.0,0,0
414200,64.5,64.0,25.0,,,,,1.0,1.0,1.0,50.0,0.0,0.0,0.0,0.0,0.0,100.0,100.0,100.0,10000.0,10000.0,10000.0,0,0,0,50.0,0.0,0.0,0,0
414400,64.5,64.0,25.0,,,,,1.0,1.0,1.0,50.0,0.0,0.0,0.0,0.0,0.0,100.0,100.0,100.0,10000.0,10000.0,10000.0,0,0,0,50.0,0.0,0.0,0,0
414600,64.5,64.5,25.0,,,,,1.0,1.0,1.0,50.0,0.0,0.0,0.0,0.0,0.0,100.0,100.0,100.0,10000.0,10000.0,10000.0,0,0,0,50.0,0.0,0.0,0,0
414800,64.5,64.5,25.0,,,,,1.0,1.0,1.0,50.0,0.0,0.0,0.0,0.0,0.0,100.0,100.0,100.0,10000.0,10000.0,10000.0,0,0,0,50.0,0.0,0.0,0,0
415000,64.5,64.5,25.0,,,,,1.0,1.0,1.0,50.0,0.0,0.0,0.0,0.0,0.0,100.0,100.0,100.0,10000.0,10000.0,10000.0,0,0,0,50.0,0.0,0.0,0,0
415200,64.5,64.5,25.0,,,,,1.0,1.0,1.0,50.0,0.0,0.0,0.0,0.0,0.0,100.0,100.0,100.0,10000.0,10000.0,10000.0,0,0,0,50.0,0.0,0.0,0,0
415400,64.5,64.5,25.0,,,,,1.0,1.0,1.0,50.0,0.0,0.0,0.0,0.0,0.0,100.0,100.0,100.0,10000.0,10000.0,10000.0,0,0,0,50.0,0.0,0.0,0,0
415600,64.5,64.5,25.0,,,,,1.0,1.0,1.0,50.0,0.0,0.0,0.0,0.0,0.0,100.0,100.0,100.0,10000.0,10000.0,10000.0,0,0,0,50.0,0.0,0.0,0,0
415800,64.5,64.5,25.0,,,,,1.0,1.0,1.0,50.0,0.0,0.0,0.0,0.0,0.0,100.0,100.0,100.0,10000.0,10000.0,10000.0,0,0,0,50.0,0.0,0.0,0,0
416000,64.5,64.5,25.0,,,,,1.0,1.0,1.0,50.0,0.0,0.0,0.0,0.0,0.0,100.0,100.0,100.0,10000.0,10000.0,10000.0,0,0,0,50.0,0.0,0.0,0,0
416200,64.5,64.5,25.0,,,,,1.0,1.0,1.0,50.0,0.0,0.0,0.0,0.0,0.0,100.0,100.0,100.0,10000.0,10000.0,10000.0,0,0,0,50.0,0.0,0.0,0,0
416400,64.5,64.5,25.0,,,,,1.0,1.0,1.0,50.0,0.0,0.0,0.0,0.0,0.0,100.0,100.0,100.0,10000.0,10000.0,10000.0,0,0,0,50.0,0.0,0.0,0,0
416600,64.5,64.5,25.0,,,,,1.0,1.0,1.0,50.0,0.0,0.0,0.0,0.0,0.0,100.0,100.0,100.0,10000.0,10000.0,10000.0,0,0,0,50.0,0.0,0.0,0,0
416800,64.5,64.5,25.0,,,,,1.0,1.0,1.0,50.0,0.0,0.0,0.0,0.0,0.0,100.0,100.0,100.0,10000.0,10000.0,10000.0,0,0,0,50.0,0.0,0.0,0,0
417000,64.5,64.5,25.0,,,,,1.0,1.0,1.0,50.0,0.0,0.0,0.0,0.0,0.0,100.0,100.0,100.0,10000.0,10000.0,10000.0,0,0,0,50.0,0.0,0.0,0,0
417200,64.5,64.5,25.0,,,,,1.0,1.0,1.0,50.0,0.0,0.0,0.0,0.0,0.0,100.0,100.0,100.0,10000.0,10000.0,10000.0,0,0,0,50.0,0.0,0.0,0,0
417400,64.5,64.5,25.0,,,,,1.0,1.0,1.0,50.0,0.0,0.0,0.0,0.0,0.0,100.0,100.0,100.0,10000.0,10000.0,10000.0,0,0,0,50.0,0.0,0.0,0,0
417600,64.5,64.5,25.0,,,,,1.0,1.0,1.0,50.0,0.0,0.0,0.0,0.0,0.0,100.0,100.0,100.0,10000.0,10000.0,10000.0,0,0,0,50.0,0.0,0.0,0,0
417800,64.5,64.5,25.0,,,,,1.0,1.0,1.0,50.0,0.0,0.0,0.0,0.0,0.0,100.0,100.0,100.0,10000.0,10000.0,10000.0,0,0,0,50.0,0.0,0.0,0,0
418000,64.5,64.5,25.0,,,,,1.0,1.0,1.0,50.0,0.0,0.0,0.0,0.0,0.0,100.0,100.0,100.0,10000.0,10000.0,10000.0,0,0,0,50.0,0.0,0.0,0,0
418200,64.5,64.5,25.0,,,,,1.0,1.0,1.0,50.0,0.0,0.0,0.0,0.0,0.0,100.0,100.0,100.0,10000.0,10000.0,10000.0,0,0,0,50.0,0.0,0.0,0,0
418400,64.5,64.5,25.0,,,,,1.0,1.0,1.0,50.0,0.0,0.0,0.0,0.0,0.0,100.0,100.0,100.0,10000.0,10000.0,10000.0,0,0,0,50.0,0.0,0.0,0,0
418600,64.5,64.5,25.0,,,,,1.0,1.0,1.0,50.0,0.0,0.0,0.0,0.0,0.0,100.0,100.0,100.0,10000.0,10000.0,10000.0,0,0,0,50.0,0.0,0.0,0,0
418800,64.5,64.5,25.0,,,,,1.0,1.0,1.0,50.0,0.0,0.0,0.0,0.0,0.0,100.0,100.0,100.0,10000.0,10000.0,10000.0,0,0,0,50.0,0.0,0.0,0,0
419000,64.5,64.5,25.0,,,,,1.0,1.0,1.0,50.0,0.0,0.0,0.0,0.0,0.0,100.0,100.0,100.0,10000.0,10000.0,10000.0,0,0,0,50.0,0.0,0.0,0,0
419200,64.5,64.5,25.0,,,,,1.0,1.0,1.0,50.0,0.0,0.0,0.0,0.0,0.0,100.0,100.0,100.0,10000.0,10000.0,10000.0,0,0,0,50.0,0.0,0.0,0,0
419400,64.5,64.5,25.0,,,,,1.0,1.0,1.0,50.0,0.0,0.0,0.0,0.0,0.0,100.0,100.0,100.0,10000.0,10000.0,10000.0,0,0,0,50.0,0.0,0.0,0,0
419600,64.5,64.5,25.0,,,,,1.0,1.0,1.0,50.0,0.0,0.0,0.0,0.0,0.0,100.0,100.0,100.0,10000.0,10000.0,10000.0,0,0,0,50.0,0.0,0.0,0,0
419800,64.5,64.5,25.0,,,,,1.0,1.0,1.0,50.0,0.0,0.0,0.0,0.0,0.0,100.0,100.0,100.0,10000.0,10000.0,10000.0,0,0,0,50.0,0.0,0.0,0,0
420000,64.5,64.5,25.0,,,,,1.0,1.0,1.0,50.0,0.0,0.0,0.0,0.0,0.0,100.0,100.0,100.0,10000.0,10000.0,10000.0,0,0,0,50.0,0.0,0.0,0,0
420200,64.5,64.5,25.0,,,,,1.0,1.0,1.0,50.0,0.0,0.0,0.0,0.0,0.0,100.0,100.0,100.0,10000.0,10000.0,10000.0,0,0,0,50.0,0.0,0.0,0,0
420400,64.5,64.5,25.0,,,,,1.0,1.0,1.0,50.0,0.0,0.0,0.0,0.0,0.0,100.0,100.0,100.0,10000.0,10000.0,10000.0,0,0,0,50.0,0.0,0.0,0,0
420600,64.5,64.5,25.0,,,,,1.0,1.0,1.0,50.0,0.0,0.0,0.0,0.0,0.0,100.0,100.0,100.0,10000.0,10000.0,10000.0,0,0,0,50.0,0.0,0.0,0,0
420800,64.5,64.5,25.0,,,,,1.0,1.0,1.0,50.0,0.0,0.0,0.0,0.0,0.0,100.0,100.0,100.0,10000.0,10000.0,10000.0,0,0,0,50.0,0.0,0.0,0,0
421000,64.5,64.5,25.0,,,,,1.0,1.0,1.0,50.0,0.0,0.0,0.0,0.0,0.0,100.0,100.0,100.0,10000.0,10000.0,10000.0,0,0,0,50.0,0.0,0.0,0,0
421200,64.5,64.5,25.0,,,,,1.0,1.0,1.0,50.0,0.0,0.0,0.0,0.0,0.0,100.0,100.0,100.0,10000.0,10000.0,10000.0,0,0,0,50.0,0.0,0.0,0,0
421400,64.5,64.5,25.0,,,,,1.0,1.0,1.0,50.0,0.0,0.0,0.0,0.0,0.0,100.0,100.0,100.0,10000.0,10000.0,10000.0,0,0,0,50.0,0.0,0.0,0,0
421600,64.5,64.5,25.0,,,,,1.0,1.0,1.0,50.0,0.0,0.0,0.0,0.0,0.0,100.0,100.0,100.0,10000.0,10000.0,10000.0,0,0,0,50.0,0.0,0.0,0,0
421800,64.5,64.5,25.0,,,,,1.0,1.0,1.0,50.0,0.0,0.0,0.0,0.0,0.0,100.0,100.0,100.0,10000.0,10000.0,10000.0,0,0,0,50.0,0.0,0.0,0,0
422000,64.5,64.5,25.0,,,,,1.0,1.0,1.0,50.0,0.0,0.0,0.0,0.0,0.0,100.0,100.0,100.0,10000.0,10000.0,10000.0,0,0,0,50.0,0.0,0.0,0,0
422200,64.5,64.5,25.0,,,,,1.0,1.0,1.0,50.0,0.0,0.0,0.0,0.0,0.0,100.0,100.0,100.0,10000.0,10000.0,10000.0,0,0,0,50.0,0.0,0.0,0,0
422400,64.5,64.5,25.0,,,,,1.0,1.0,1.0,50.0,0.0,0.0,0.0,0.0,0.0,100.0,100.0,100.0,10000.0,10000.0,10000.0,0,0,0,50.0,0.0,0.0,0,0
422600,64.5,64.5,25.0,,,,,1.0,1.0,1.0,50.0,0.0,0.0,0.0,0.0,0.0,100.0,100.0,100.0,10000.0,10000.0,10000.0,0,0,0,50.0,0.0,0.0,0,0
422800,64.5,64.5,25.0,,,,,1.0,1.0,1.0,50.0,0.0,0.0,0.0,0.0,0.0,100.0,100.0,100.0,10000.0,10000.0,10000.0,0,0,0,50.0,0.0,0.0,0,0
423000,64.5,64.5,25.0,,,,,1.0,1.0,1.0,50.0,0.0,0.0,0.0,0.0,0.0,100.0,100.0,100.0,10000.0,10000.0,10000.0,0,0,0,50.0,0.0,0.0,0,0
423200,64.5,64.5,25.0,,,,,1.0,1.0,1.0,50.0,0.0,0.0,0.0,0.0,0.0,100.0,100.0,100.0,10000.0,10000.0,10000.0,0,0,0,50.0,0.0,0.0,0,0
423400,64.5,64.5,25.0,,,,,1.0,1.0,1.0,50.0,0.0,0.0,0.0,0.0,0.0,100.0,100.0,100.0,10000.0,10000.0,10000.0,0,0,0,50.0,0.0,0.0,0,0
423600,64.5,64.5,25.0,,,,,1.0,1.0,1.0,50.0,0.0,0.0,0.0,0.0,0.0,100.0,100.0,100.0,10000.0,10000.0,10000.0,0,0,0,50.0,0.0,0.0,0,0
423800,64.5,64.5,25.0,,,,,1.0,1.0,1.0,50.0,0.0,0.0,0.0,0.0,0.0,100.0,100.0,100.0,10000.0,10000.0,10000.0,0,0,0,50.0,0.0,0.0,0,0
424000,64.5,64.5,25.0,,,,,1.0,1.0,1.0,50.0,0.0,0.0,0.0,0.0,0.0,100.0,100.0,100.0,10000.0,10000.0,10000.0,0,0,0,50.0,0.0,0.0,0,0
424200,64.5,64.5,25.0,,,,,1.0,1.0,1.0,50.0,0.0,0.0,0.0,0.0,0.0,100.0,100.0,100.0,10000.0,10000.0,10000.0,0,0,0,50.0,0.0,0.0,0,0
424400,64.5,64.5,25.0,,,,,1.0,1.0,1.0,50.0,0.0,0.0,0.0,0.0,0.0,100.0,100.0,100.0,10000.0,10000.0,10000.0,0,0,0,50.0,0.0,0.0,0,0
424600,64.5,64.5,25.0,,,,,1.0,1.0,1.0,50.0,0.0,0.0,0.0,0.0,0.0,100.0,100.0,100.0,10000.0,10000.0,10000.0,0,0,0,50.0,0.0,0.0,0,0
424800,64.5,64.5,25.0,,,,,1.0,1.0,1.0,50.0,0.0,0.0,0.0,0.0,0.0,100.0,100.0,100.0,10000.0,10000.0,10000.0,0,0,0,50.0,0.0,0.0,0,0
425000,64.5,64.5,25.0,,,,,1.0,1.0,1.0,50.0,0.0,0.0,0.0,0.0,0.0,100.0,100.0,100.0,10000.0,10000.0,10000.0,0,0,0,50.0,0.0,0.0,0,0
425200,64.5,64.5,25.0,,,,,1.0,1.0,1.0,50.0,0.0,0.0,0.0,0.0,0.0,100.0,100.0,100.0,10000.0,10000.0,10000.0,0,0,0,50.0,0.0,0.0,0,0
425400,64.5,64.5,25.0,,,,,1.0,1.0,1.0,50.0,0.0,0.0,0.0,0.0,0.0,100.0,100.0,100.0,10000.0,10000.0,10000.0,0,0,0,50.0,0.0,0.0,0,0
425600,64.5,64.5,25.0,,,,,1.0,1.0,1.0,50.0,0.0,0.0,0.0,0.0,0.0,100.0,100.0,100.0,10000.0,10000.0,10000.0,0,0,0,50.0,0.0,0.0,0,0
425800,64.5,64.5,25.0,,,,,1.0,1.0,1.0,50.0,0.0,0.0,0.0,0.0,0.0,100.0,100.0,100.0,10000.0,10000.0,10000.0,0,0,0,50.0,0.0,0.0,0,0
426000,64.5,64.5,25.0,,,,,1.0,1.0,1.0,50.0,0.0,0.0,0.0,0.0,0.0,100.0,100.0,100.0,10000.0,10000.0,10000.0,0,0,0,50.0,0.0,0.0,0,0
426200,64.5,64.5,25.0,,,,,1.0,1.0,1.0,50.0,0.0,0.0,0.0,0.0,0.0,100.0,100.0,100.0,10000.0,10000.0,10000.0,0,0,0,50.0,0.0,0.0,0,0
426400,64.5,64.5,25.0,,,,,1.0,1.0,1.0,50.0,0.0,0.0,0.0,0.0,0.0,100.0,100.0,100.0,10000.0,10000.0,10000.0,0,0,0,50.0,0.0,0.0,0,0
426600,64.5,64.5,25.0,,,,,1.0,1.0,1.0,50.0,0.0,0.0,0.0,0.0,0.0,100.0,100.0,100.0,10000.0,10000.0,10000.0,0,0,0,50.0,0.0,0.0,0,0
426800,65.0,64.5,25.0,,,,,1.0,1.0,1.0,50.0,0.0,0.0,0.0,0.0,0.0,100.0,100.0,100.0,10000.0,10000.0,10000.0,0,0,0,50.0,0.0,0.0,0,0
427000,65.0,64.5,25.0,,,,,1.0,1.0,1.0,50.0,0.0,0.0,0.0,0.0,0.0,100.0,100.0,100.0,10000.0,10000.0,10000.0,0,0,0,50.0,0.0,0.0,0,0
427200,65.0,64.5,25.0,,,,,1.0,1.0,1.0,50.0,0.0,0.0,0.0,0.0,0.0,100.0,100.0,100.0,10000.0,10000.0,10000.0,0,0,0,50.0,0.0,0.0,0,0
427400,64.5,64.5,25.0,,,,,1.0,1.0,1.0,50.0,0.0,0.0,0.0,0.0,0.0,100.0,100.0,100.0,10000.0,10000.0,10000.0,0,0,0,50.0,0.0,0.0,0,0
427600,64.5,64.5,25.0,,,,,1.0,1.0,1.0,50.0,0.0,0.0,0.0,0.0,0.0,100.0,100.0,100.0,10000.0,10000.0,10000.0,0,0,0,50.0,0.0,0.0,0,0
427800,64.5,64.5,25.0,,,,,1.0,1.0,1.0,50.0,0.0,0.0,0.0,0.0,0.0,100.0,100.0,100.0,10000.0,10000.0,10000.0,0,0,0,50.0,0.0,0.0,0,0
428000,64.5,64.5,25.0,,,,,1.0,1.0,1.0,50.0,0.0,0.0,0.0,0.0,0.0,100.0,100.0,100.0,10000.0,10000.0,10000.0,0,0,0,50.0,0.0,0.0,0,0
428200,64.5,64.5,25.0,,,,,1.0,1.0,1.0,50.0,0.0,0.0,0.0,0.0,0.0,100.0,100.0,100.0,10000.0,10000.0,10000.0,0,0,0,50.0,0.0,0.0,0,0
428400,64.5,64.5,25.0,,,,,1.0,1.0,1.0,50.0,0.0,0.0,0.0,0.0,0.0,100.0,100.0,100.0,10000.0,10000.0,10000.0,0,0,0,50.0,0.0,0.0,0,0
428600,64.5,64.5,25.0,,,,,1.0,1.0,1.0,50.0,0.0,0.0,0.0,0.0,0.0,100.0,100.0,100.0,10000.0,10000.0,10000.0,0,0,0,50.0,0.0,0.0,0,0
428800,64.5,64.5,25.0,,,,,1.0,1.0,1.0,50.0,0.0,0.0,0.0,0.0,0.0,100.0,100.0,100.0,10000.0,10000.0,10000.0,0,0,0,50.0,0.0,0.0,0,0
429000,64.5,64.5,25.0,,,,,1.0,1.0,1.0,50.0,0.0,0.0,0.0,0.0,0.0,100.0,100.0,100.0,10000.0,10000.0,10000.0,0,0,0,50.0,0.0,0.0,0,0
429200,64.5,64.5,25.0,,,,,1.0,1.0,1.0,50.0,0.0,0.0,0.0,0.0,0.0,100.0,100.0,100.0,10000.0,10000.0,10000.0,0,0,0,50.0,0.0,0.0,0,0
429400,64.5,64.5,25.0,,,,,1.0,1.0,1.0,50.0,0.0,0.0,0.0,0.0,0.0,100.0,100.0,100.0,10000.0,10000.0,10000.0,0,0,0,50.0,0.0,0.0,0,0
429600,64.5,64.5,25.0,,,,,1.0,1.0,1.0,50.0,0.0,0.0,0.0,0.0,0.0,100.0,100.0,100.0,10000.0,10000.0,10000.0,0,0,0,50.0,0.0,0.0,0,0
429800,64.5,64.5,25.0,,,,,1.0,1.0,1.0,50.0,0.0,0.0,0.0,0.0,0.0,100.0,100.0,100.0,10000.0,10000.0,10000.0,0,0,0,50.0,0.0,0.0,0,0
430000,64.5,64.5,25.0,,,,,1.0,1.0,1.0,50.0,0.0,0.0,0.0,0.0,0.0,100.0,100.0,100.0,10000.0,10000.0,10000.0,0,0,0,50.0,0.0,0.0,0,0
430200,64.5,64.5,25.0,,,,,1.0,1.0,1.0,50.0,0.0,0.0,0.0,0.0,0.0,100.0,100.0,100.0,10000.0,10000.0,10000.0,0,0,0,50.0,0.0,0.0,0,0
430400,64.5,64.5,25.0,,,,,1.0,1.0,1.0,50.0,0.0,0.0,0.0,0.0,0.0,100.0,100.0,100.0,10000.0,10000.0,10000.0,0,0,0,50.0,0.0,0.0,0,0
430600,64.5,64.5,25.0,,,,,1.0,1.0,1.0,50.0,0.0,0.0,0.0,0.0,0.0,100.0,100.0,100.0,10000.0,10000.0,10000.0,0,0,0,50.0,0.0,0.0,0,0
430800,64.5,64.5,25.0,,,,,1.0,1.0,1.0,50.0,0.0,0.0,0.0,0.0,0.0,100.0,100.0,100.0,10000.0,10000.0,10000.0,0,0,0,50.0,0.0,0.0,0,0
431000,64.5,64.5,25.0,,,,,1.0,1.0,1.0,50.0,0.0,0.0,0.0,0.0,0.0,100.0,100.0,100.0,10000.0,10000.0,10000.0,0,0,0,50.0,0.0,0.0,0,0
431200,64.5,64.5,25.0,,,,,1.0,1.0,1.0,50.0,0.0,0.0,0.0,0.0,0.0,100.0,100.0,100.0,10000.0,10000.0,10000.0,0,0,0,50.0,0.0,0.0,0,0
431400,64.5,64.5,25.0,,,,,1.0,1.0,1.0,50.0,0.0,0.0,0.0,0.0,0.0,100.0,100.0,100.0,10000.0,10000.0,10000.0,0,0,0,50.0,0.0,0.0,0,0
431600,64.5,64.5,25.0,,,,,1.0,1.0,1.0,50.0,0.0,0.0,0.0,0.0,0.0,100.0,100.0,100.0,10000.0,10000.0,10000.0,0,0,0,50.0,0.0,0.0,0,0
431800,64.5,64.5,25.0,,,,,1.0,1.0,1.0,50.0,0.0,0.0,0.0,0.0,0.0,100.0,100.0,100.0,10000.0,10000.0,10000.0,0,0,0,50.0,0.0,0.0,0,0
432000,64.5,65.0,25.0,,,,,1.0,1.0,1.0,50.0,0.0,0.0,0.0,0.0,0.0,100.0,100.0,100.0,10000.0,10000.0,10000.0,0,0,0,50.0,0.0,0.0,0,0
432200,64.5,65.0,25.0,,,,,1.0,1.0,1.0,50.0,0.0,0.0,0.0,0.0,0.0,100.0,100.0,100.0,10000.0,10000.0,10000.0,0,0,0,50.0,0.0,0.0,0,0
432400,64.5,65.0,25.0,,,,,1.0,1.0,1.0,50.0,0.0,0.0,0.0,0.0,0.0,100.0,100.0,100.0,10000.0,10000.0,10000.0,0,0,0,50.0,0.0,0.0,0,0
432600,64.5,65.0,25.0,,,,,1.0,1.0,1.0,50.0,0.0,0.0,0.0,0.0,0.0,100.0,100.0,100.0,10000.0,10000.0,10000.0,0,0,0,50.0,0.0,0.0,0,0
432800,64.5,65.0,25.0,,,,,1.0,1.0,1.0,50.0,0.0,0.0,0.0,0.0,0.0,100.0,100.0,100.0,10000.0,10000.0,10000.0,0,0,0,50.0,0.0,0.0,0,0
433000,64.5,65.0,25.0,,,,,1.0,1.0,1.0,50.0,0.0,0.0,0.0,0.0,0.0,100.0,100.0,100.0,10000.0,10000.0,10000.0,0,0,0,50.0,0.0,0.0,0,0
433200,64.5,65.0,25.0,,,,,1.0,1.0,1.0,50.0,0.0,0.0,0.0,0.0,0.0,100.0,100.0,100.0,10000.0,10000.0,10000.0,0,0,0,50.0,0.0,0.0,0,0
433400,64.5,65.0,25.0,,,,,1.0,1.0,1.0,50.0,0.0,0.0,0.0,0.0,0.0,100.0,100.0,100.0,10000.0,10000.0,10000.0,0,0,0,50.0,0.0,0.0,0,0
433600,64.5,65.0,25.0,,,,,1.0,1.0,1.0,50.0,0.0,0.0,0.0,0.0,0.0,100.0,100.0,100.0,10000.0,10000.0,10000.0,0,0,0,50.0,0.0,0.0,0,0
433800,64.5,65.0,25.0,,,,,1.0,1.0,1.0,50.0,0.0,0.0,0.0,0.0,0.0,100.0,100.0,100.0,10000.0,10000.0,10000.0,0,0,0,50.0,0.0,0.0,0,0
434000,64.5,65.0,25.0,,,,,1.0,1.0,1.0,50.0,0.0,0.0,0.0,0.0,0.0,100.0,100.0,100.0,10000.0,10000.0,10000.0,0,0,0,50.0,0.0,0.0,0,0
434200,64.5,65.0,25.0,,,,,1.0,1.0,1.0,50.0,0.0,0.0,0.0,0.0,0.0,100.0,100.0,100.0,10000.0,10000.0,10000.0,0,0,0,50.0,0.0,0.0,0,0
434400,64.5,65.0,25.0,,,,,1.0,1.0,1.0,50.0,0.0,0.0,0.0,0.0,0.0,100.0,100.0,100.0,10000.0,10000.0,10000.0,0,0,0,50.0,0.0,0.0,0,0
434600,64.5,65.0,25.0,,,,,1.0,1.0,1.0,50.0,0.0,0.0,0.0,0.0,0.0,100.0,100.0,100.0,10000.0,10000.0,10000.0,0,0,0,50.0,0.0,0.0,0,0
434800,64.5,65.0,25.0,,,,,1.0,1.0,1.0,50.0,0.0,0.0,0.0,0.0,0.0,100.0,100.0,100.0,10000.0,10000.0,10000.0,0,0,0,50.0,0.0,0.0,0,0
435000,64.5,65.0,25.0,,,,,1.0,1.0,1.0,50.0,0.0,0.0,0.0,0.0,0.0,100.0,100.0,100.0,10000.0,10000.0,10000.0,0,0,0,50.0,0.0,0.0,0,0
435200,64.5,65.0,25.0,,,,,1.0,1.0,1.0,50.0,0.0,0.0,0.0,0.0,0.0,100.0,100.0,100.0,10000.0,10000.0,10000.0,0,0,0,50.0,0.0,0.0,0,0
435400,64.5,65.0,25.0,,,,,1.0,1.0,1.0,50.0,0.0,0.0,0.0,0.0,0.0,100.0,100.0,100.0,10000.0,10000.0,10000.0,0,0,0,50.0,0.0,0.0,0,0
435600,64.5,65.0,25.0,,,,,1.0,1.0,1.0,50.0,0.0,0.0,0.0,0.0,0.0,100.0,100.0,100.0,10000.0,10000.0,10000.0,0,0,0,50.0,0.0,0.0,0,0
435800,64.5,65.0,25.0,,,,,1.0,1.0,1.0,50.0,0.0,0.0,0.0,0.0,0.0,100.0,100.0,100.0,10000.0,10000.0,10000.0,0,0,0,50.0,0.0,0.0,0,0
436000,64.5,65.0,25.0,,,,,1.0,1.0,1.0,50.0,0.0,0.0,0.0,0.0,0.0,100.0,100.0,100.0,10000.0,10000.0,10000.0,0,0,0,50.0,0.0,0.0,0,0
436200,64.5,65.0,25.0,,,,,1.0,1.0,1.0,50.0,0.0,0.0,0.0,0.0,0.0,100.0,100.0,100.0,10000.0,10000.0,10000.0,0,0,0,50.0,0.0,0.0,0,0
436400,65.0,65.0,25.0,,,,,1.0,1.0,1.0,50.0,0.0,0.0,0.0,0.0,0.0,100.0,100.0,100.0,10000.0,10000.0,10000.0,0,0,0,50.0,0.0,0.0,0,0
436600,65.0,65.0,25.0,,,,,1.0,1.0,1.0,50.0,0.0,0.0,0.0,0.0,0.0,100.0,100.0,100.0,10000.0,10000.0,10000.0,0,0,0,50.0,0.0,0.0,0,0
436800,65.0,65.0,25.0,,,,,1.0,1.0,1.0,50.0,0.0,0.0,0.0,0.0,0.0,100.0,100.0,100.0,10000.0,10000.0,10000.0,0,0,0,50.0,0.0,0.0,0,0
437000,65.0,65.0,25.0,,,,,1.0,1.0,1.0,50.0,0.0,0.0,0.0,0.0,0.0,100.0,100.0,100.0,10000.0,10000.0,10000.0,0,0,0,50.0,0.0,0.0,0,0
437200,65.0,65.0,25.0,,,,,1.0,1.0,1.0,50.0,0.0,0.0,0.0,0.0,0.0,100.0,100.0,100.0,10000.0,10000.0,10000.0,0,0,0,50.0,0.0,0.0,0,0
437400,65.0,65.0,25.0,,,,,1.0,1.0,1.0,50.0,0.0,0.0,0.0,0.0,0.0,100.0,100.0,100.0,10000.0,10000.0,10000.0,0,0,0,50.0,0.0,0.0,0,0
437600,65.0,65.0,25.0,,,,,1.0,1.0,1.0,50.0,0.0,0.0,0.0,0.0,0.0,100.0,100.0,100.0,10000.0,10000.0,10000.0,0,0,0,50.0,0.0,0.0,0,0
437800,65.0,65.0,25.0,,,,,1.0,1.0,1.0,50.0,0.0,0.0,0.0,0.0,0.0,100.0,100.0,100.0,10000.0,10000.0,10000.0,0,0,0,50.0,0.0,0.0,0,0
438000,65.0,65.0,25.0,,,,,1.0,1.0,1.0,50.0,0.0,0.0,0.0,0.0,0.0,100.0,100.0,100.0,10000.0,10000.0,10000.0,0,0,0,50.0,0.0,0.0,0,0
438200,65.0,65.0,25.0,,,,,1.0,1.0,1.0,50.0,0.0,0.0,0.0,0.0,0.0,100.0,100.0,100.0,10000.0,10000.0,10000.0,0,0,0,50.0,0.0,0.0,0,0
438400,65.0,65.0,25.0,,,,,1.0,1.0,1.0,50.0,0.0,0.0,0.0,0.0,0.0,100.0,100.0,100.0,10000.0,10000.0,10000.0,0,0,0,50.0,0.0,0.0,0,0
438600,65.0,65.0,25.0,,,,,1.0,1.0,1.0,50.0,0.0,0.0,0.0,0.0,0.0,100.0,100.0,100.0,10000.0,10000.0,10000.0,0,0,0,50.0,0.0,0.0,0,0
438800,65.0,65.0,25.0,,,,,1.0,1.0,1.0,50.0,0.0,0.0,0.0,0.0,0.0,100.0,100.0,100.0,10000.0,10000.0,10000.0,0,0,0,50.0,0.0,0.0,0,0
439000,65.0,65.0,25.0,,,,,1.0,1.0,1.0,50.0,0.0,0.0,0.0,0.0,0.0,100.0,100.0,100.0,10000.0,10000.0,10000.0,0,0,0,50.0,0.0,0.0,0,0
439200,65.0,65.0,25.0,,,,,1.0,1.0,1.0,50.0,0.0,0.0,0.0,0.0,0.0,100.0,100.0,100.0,10000.0,10000.0,10000.0,0,0,0,50.0,0.0,0.0,0,0
439400,65.0,65.0,25.0,,,,,1.0,1.0,1.0,50.0,0.0,0.0,0.0,0.0,0.0,100.0,100.0,100.0,10000.0,10000.0,10000.0,0,0,0,50.0,0.0,0.0,0,0
439600,65.0,65.0,25.0,,,,,1.0,1.0,1.0,50.0,0.0,0.0,0.0,0.0,0.0,100.0,100.0,100.0,10000.0,10000.0,10000.0,0,0,0,50.0,0.0,0.0,0,0
439800,65.0,65.0,25.0,,,,,1.0,1.0,1.0,50.0,0.0,0.0,0.0,0.0,0.0,100.0,100.0,100.0,10000.0,10000.0,10000.0,0,0,0,50.0,0.0,0.0,0,0
440000,65.0,65.0,25.0,,,,,1.0,1.0,1.0,50.0,0.0,0.0,0.0,0.0,0.0,100.0,100.0,100.0,10000.0,10000.0,10000.0,0,0,0,50.0,0.0,0.0,0,0
440200,65.0,65.0,25.0,,,,,1.0,1.0,1.0,50.0,0.0,0.0,0.0,0.0,0.0,100.0,100.0,100.0,10000.0,10000.0,10000.0,0,0,0,50.0,0.0,0.0,0,0
440400,65.0,65.0,25.0,,,,,1.0,1.0,1.0,50.0,0.0,0.0,0.0,0.0,0.0,100.0,100.0,100.0,10000.0,10000.0,10000.0,0,0,0,50.0,0.0,0.0,0,0
440600,65.0,65.0,25.0,,,,,1.0,1.0,1.0,50.0,0.0,0.0,0.0,0.0,0.0,100.0,100.0,100.0,10000.0,10000.0,10000.0,0,0,0,50.0,0.0,0.0,0,0
440800,65.0,65.0,25.0,,,,,1.0,1.0,1.0,50.0,0.0,0.0,0.0,0.0,0.0,100.0,100.0,100.0,10000.0,10000.0,10000.0,0,0,0,50.0,0.0,0.0,0,0
441000,65.0,65.0,25.0,,,,,1.0,1.0,1.0,50.0,0.0,0.0,0.0,0.0,0.0,100.0,100.0,100.0,10000.0,10000.0,10000.0,0,0,0,50.0,0.0,0.0,0,0
441200,65.0,65.0,25.0,,,,,1.0,1.0,1.0,50.0,0.0,0.0,0.0,0.0,0.0,100.0,100.0,100.0,10000.0,10000.0,10000.0,0,0,0,50.0,0.0,0.0,0,0
441400,65.0,65.0,25.0,,,,,1.0,1.0,1.0,50.0,0.0,0.0,0.0,0.0,0.0,100.0,100.0,100.0,10000.0,10000.0,10000.0,0,0,0,50.0,0.0,0.0,0,0
441600,65.0,65.0,25.0,,,,,1.0,1.0,1.0,50.0,0.0,0.0,0.0,0.0,0.0,100.0,100.0,100.0,10000.0,10000.0,10000.0,0,0,0,50.0,0.0,0.0,0,0
441800,65.0,65.0,25.0,,,,,1.0,1.0,1.0,50.0,0.0,0.0,0.0,0.0,0.0,100.0,100.0,100.0,10000.0,10000.0,10000.0,0,0,0,50.0,0.0,0.0,0,0
442000,65.0,65.0,25.0,,,,,1.0,1.0,1.0,50.0,0.0,0.0,0.0,0.0,0.0,100.0,100.0,100.0,10000.0,10000.0,10000.0,0,0,0,50.0,0.0,0.0,0,0
442200,65.0,65.0,25.0,,,,,1.0,1.0,1.0,50.0,0.0,0.0,0.0,0.0,0.0,100.0,100.0,100.0,10000.0,10000.0,10000.0,0,0,0,50.0,0.0,0.0,0,0
442400,65.0,65.0,25.0,,,,,1.0,1.0,1.0,50.0,0.0,0.0,0.0,0.0,0.0,100.0,100.0,100.0,10000.0,10000.0,10000.0,0,0,0,50.0,0.0,0.0,0,0
442600,65.0,65.0,25.0,,,,,1.0,1.0,1.0,50.0,0.0,0.0,0.0,0.0,0.0,100.0,100.0,100.0,10000.0,10000.0,10000.0,0,0,0,50.0,0.0,0.0,0,0
442800,65.0,65.0,25.0,,,,,1.0,1.0,1.0,50.0,0.0,0.0,0.0,0.0,0.0,100.0,100.0,100.0,10000.0,10000.0,10000.0,0,0,0,50.0,0.0,0.0,0,0
443000,65.0,65.0,25.0,,,,,1.0,1.0,1.0,50.0,0.0,0.0,0.0,0.0,0.0,100.0,100.0,100.0,10000.0,10000.0,10000.0,0,0,0,50.0,0.0,0.0,0,0
443200,65.0,65.0,25.0,,,,,1.0,1.0,1.0,50.0,0.0,0.0,0.0,0.0,0.0,100.0,100.0,100.0,10000.0,10000.0,10000.0,0,0,0,50.0,0.0,0.0,0,0
443400,65.0,65.0,25.0,,,,,1.0,1.0,1.0,50.0,0.0,0.0,0.0,0.0,0.0,100.0,100.0,100.0,10000.0,10000.0,10000.0,0,0,0,50.0,0.0,0.0,0,0
443600,65.0,65.0,25.0,,,,,1.0,1.0,1.0,50.0,0.0,0.0,0.0,0.0,0.0,100.0,100.0,100.0,10000.0,10000.0,10000.0,0,0,0,50.0,0.0,0.0,0,0
443800,65.0,65.0,25.0,,,,,1.0,1.0,1.0,50.0,0.0,0.0,0.0,0.0,0.0,100.0,100.0,100.0,10000.0,10000.0,10000.0,0,0,0,50.0,0.0,0.0,0,0
444000,65.0,65.0,25.0,,,,,1.0,1.0,1.0,50.0,0.0,0.0,0.0,0.0,0.0,100.0,100.0,100.0,10000.0,10000.0,10000.0,0,0,0,50.0,0.0,0.0,0,0
444200,65.0,65.0,25.0,,,,,1.0,1.0,1.0,50.0,0.0,0.0,0.0,0.0,0.0,100.0,100.0,100.0,10000.0,10000.0,10000.0,0,0,0,50.0,0.0,0.0,0,0
444400,65.0,65.0,25.0,,,,,1.0,1.0,1.0,50.0,0.0,0.0,0.0,0.0,0.0,100.0,100.0,100.0,10000.0,10000.0,10000.0,0,0,0,50.0,0.0,0.0,0,1
444600,65.0,65.0,25.0,,,,,1.0,1.0,1.0,50.0,0.0,0.0,0.0,0.0,0.0,100.0,100.0,100.0,10000.0,10000.0,10000.0,0,0,0,50.0,0.0,0.0,0,0
444800,65.0,65.0,25.0,,,,,1.0,1.0,1.0,50.0,0.0,0.0,0.0,0.0,0.0,100.0,100.0,100.0,10000.0,10000.0,10000.0,0,0,0,50.0,0.0,0.0,0,0
445000,65.0,65.0,25.0,,,,,1.0,1.0,1.0,50.0,0.0,0.0,0.0,0.0,0.0,100.0,100.0,100.0,10000.0,10000.0,10000.0,0,0,0,50.0,0.0,0.0,0,0
445200,65.0,65.0,25.0,,,,,1.0,1.0,1.0,50.0,0.0,0.0,0.0,0.0,0.0,100.0,100.0,100.0,10000.0,10000.0,10000.0,0,0,0,50.0,0.0,0.0,0,0
445400,65.0,65.0,25.0,,,,,1.0,1.0,1.0,50.0,0.0,0.0,0.0,0.0,0.0,100.0,100.0,100.0,10000.0,10000.0,10000.0,0,0,0,50.0,0.0,0.0,0,0
445600,65.0,65.0,25.0,,,,,1.0,1.0,1.0,50.0,0.0,0.0,0.0,0.0,0.0,100.0,100.0,100.0,10000.0,10000.0,10000.0,0,0,0,50.0,0.0,0.0,0,0
445800,65.0,65.0,25.0,,,,,1.0,1.0,1.0,50.0,0.0,0.0,0.0,0.0,0.0,100.0,100.0,100.0,10000.0,10000.0,10000.0,0,0,0,50.0,0.0,0.0,0,0
446000,65.0,65.0,25.0,,,,,1.0,1.0,1.0,50.0,0.0,0.0,0.0,0.0,0.0,100.0,100.0,100.0,10000.0,10000.0,10000.0,0,0,0,50.0,0.0,0.0,0,0
446200,65.0,65.0,25.0,,,,,1.0,1.0,1.0,50.0,0.0,0.0,0.0,0.0,0.0,100.0,100.0,100.0,10000.0,10000.0,10000.0,0,0,0,50.0,0.0,0.0,0,0
446400,65.0,65.0,25.0,,,,,1.0,1.0,1.0,50.0,0.0,0.0,0.0,0.0,0.0,100.0,100.0,100.0,10000.0,10000.0,10000.0,0,0,0,50.0,0.0,0.0,0,0
446600,65.0,65.0,25.0,,,,,1.0,1.0,1.0,50.0,0.0,0.0,0.0,0.0,0.0,100.0,100.0,100.0,10000.0,10000.0,10000.0,0,0,0,50.0,0.0,0.0,0,0
446800,65.0,65.0,25.0,,,,,1.0,1.0,1.0,50.0,0.0,0.0,0.0,0.0,0.0,100.0,100.0,100.0,10000.0,10000.0,10000.0,0,0,0,50.0,0.0,0.0,0,0
447000,65.0,65.0,25.0,,,,,1.0,1.0,1.0,50.0,0.0,0.0,0.0,0.0,0.0,100.0,100.0,100.0,10000.0,10000.0,10000.0,0,0,0,50.0,0.0,0.0,0,0
447200,65.0,65.0,25.0,,,,,1.0,1.0,1.0,50.0,0.0,0.0,0.0,0.0,0.0,100.0,100.0,100.0,10000.0,10000.0,10000.0,0,0,0,50.0,0.0,0.0,0,0
447400,65.0,65.0,25.0,,,,,1.0,1.0,1.0,50.0,0.0,0.0,0.0,0.0,0.0,100.0,100.0,100.0,10000.0,10000.0,10000.0,0,0,0,50.0,0.0,0.0,0,0
447600,65.0,65.0,25.0,,,,,1.0,1.0,1.0,50.0,0.0,0.0,0.0,0.0,0.0,100.0,100.0,100.0,10000.0,10000.0,10000.0,0,0,0,50.0,0.0,0.0,0,0
447800,65.0,65.0,25.0,,,,,1.0,1.0,1.0,50.0,0.0,0.0,0.0,0.0,0.0,100.0,100.0,100.0,10000.0,10000.0,10000.0,0,0,0,50.0,0.0,0.0,0,0
448000,65.0,65.0,25.0,,,,,1.0,1.0,1.0,50.0,0.0,0.0,0.0,0.0,0.0,100.0,100.0,100.0,10000.0,10000.0,10000.0,0,0,0,50.0,0.0,0.0,0,0
448200,65.0,65.0,25.0,,,,,1.0,1.0,1.0,50.0,0.0,0.0,0.0,0.0,0.0,100.0,100.0,100.0,10000.0,10000.0,10000.0,0,0,0,50.0,0.0,0.0,0,0
448400,65.0,65.0,25.0,,,,,1.0,1.0,1.0,50.0,0.0,0.0,0.0,0.0,0.0,100.0,100.0,100.0,10000.0,10000.0,10000.0,0,0,0,50.0,0.0,0.0,0,0
448600,65.0,65.0,25.0,,,,,1.0,1.0,1.0,50.0,0.0,0.0,0.0,0.0,0.0,100.0,100.0,100.0,10000.0,10000.0,10000.0,0,0,0,50.0,0.0,0.0,0,0
448800,65.0,65.0,25.0,,,,,1.0,1.0,1.0,50.0,0.0,0.0,0.0,0.0,0.0,100.0,100.0,100.0,10000.0,10000.0,10000.0,0,0,0,50.0,0.0,0.0,0,0
449000,65.0,65.0,25.0,,,,,1.0,1.0,1.0,50.0,0.0,0.0,0.0,0.0,0.0,100.0,100.0,100.0,10000.0,10000.0,10000.0,0,0,0,50.0,0.0,0.0,0,0
449200,65.0,65.5,25.0,,,,,1.0,1.0,1.0,50.0,0.0,0.0,0.0,0.0,0.0,100.0,100.0,100.0,10000.0,10000.0,10000.0,0,0,0,50.0,0.0,0.0,0,0
449400,65.0,65.5,25.0,,,,,1.0,1.0,1.0,50.0,0.0,0.0,0.0,0.0,0.0,100.0,100.0,100.0,10000.0,10000.0,10000.0,0,0,0,50.0,0.0,0.0,0,0
449600,65.0,65.5,25.0,,,,,1.0,1.0,1.0,50.0,0.0,0.0,0.0,0.0,0.0,100.0,100.0,100.0,10000.0,10000.0,10000.0,0,0,0,50.0,0.0,0.0,0,0
449800,65.0,65.5,25.0,,,,,1.0,1.0,1.0,50.0,0.0,0.0,0.0,0.0,0.0,100.0,100.0,100.0,10000.0,10000.0,10000.0,0,0,0,50.0,0.0,0.0,0,0
450000,65.0,65.5,25.0,,,,,1.0,1.0,1.0,50.0,0.0,0.0,0.0,0.0,0.0,100.0,100.0,100.0,10000.0,10000.0,10000.0,0,0,0,50.0,0.0,0.0,0,0
450200,65.0,65.5,25.0,,,,,1.0,1.0,1.0,50.0,0.0,0.0,0.0,0.0,0.0,100.0,100.0,100.0,10000.0,10000.0,10000.0,0,0,0,50.0,0.0,0.0,0,0
450400,65.0,65.5,25.0,,,,,1.0,1.0,1.0,50.0,0.0,0.0,0.0,0.0,0.0,100.0,100.0,100.0,10000.0,10000.0,10000.0,0,0,0,50.0,0.0,0.0,0,0
450600,65.0,65.5,25.0,,,,,1.0,1.0,1.0,50.0,0.0,0.0,0.0,0.0,0.0,100.0,100.0,100.0,10000.0,10000.0,10000.0,0,0,0,50.0,0.0,0.0,0,0
450800,65.0,65.5,25.0,,,,,1.0,1.0,1.0,50.0,0.0,0.0,0.0,0.0,0.0,100.0,100.0,100.0,10000.0,10000.0,10000.0,0,0,0,50.0,0.0,0.0,0,0
451000,65.0,65.5,25.0,,,,,1.0,1.0,1.0,50.0,0.0,0.0,0.0,0.0,0.0,100.0,100.0,100.0,10000.0,10000.0,10000.0,0,0,0,50.0,0.0,0.0,0,0
451200,65.0,65.5,25.0,,,,,1.0,1.0,1.0,50.0,0.0,0.0,0.0,0.0,0.0,100.0,100.0,100.0,10000.0,10000.0,10000.0,0,0,0,50.0,0.0,0.0,0,0
451400,65.0,65.5,25.0,,,,,1.0,1.0,1.0,50.0,0.0,0.0,0.0,0.0,0.0,100.0,100.0,100.0,10000.0,10000.0,10000.0,0,0,0,50.0,0.0,0.0,0,0
451600,65.0,65.5,25.0,,,,,1.0,1.0,1.0,50.0,0.0,0.0,0.0,0.0,0.0,100.0,100.0,100.0,10000.0,10000.0,10000.0,0,0,0,50.0,0.0,0.0,0,0
451800,65.0,65.5,25.0,,,,,1.0,1.0,1.0,50.0,0.0,0.0,0.0,0.0,0.0,100.0,100.0,100.0,10000.0,10000.0,10000.0,0,0,0,50.0,0.0,0.0,0,0
452000,65.0,65.5,25.0,,,,,1.0,1.0,1.0,50.0,0.0,0.0,0.0,0.0,0.0,100.0,100.0,100.0,10000.0,10000.0,10000.0,0,0,0,50.0,0.0,0.0,0,0
452200,65.0,65.5,25.0,,,,,1.0,1.0,1.0,50.0,0.0,0.0,0.0,0.0,0.0,100.0,100.0,100.0,10000.0,10000.0,10000.0,0,0,0,50.0,0.0,0.0,0,0
452400,65.0,65.5,25.0,,,,,1.0,1.0,1.0,50.0,0.0,0.0,0.0,0.0,0.0,100.0,100.0,100.0,10000.0,10000.0,10000.0,0,0,0,50.0,0.0,0.0,0,0
452600,65.0,65.5,25.0,,,,,1.0,1.0,1.0,50.0,0.0,0.0,0.0,0.0,0.0,100.0,100.0,100.0,10000.0,10000.0,10000.0,0,0,0,50.0,0.0,0.0,0,0
452800,65.0,65.5,25.0,,,,,1.0,1.0,1.0,50.0,0.0,0.0,0.0,0.0,0.0,100.0,100.0,100.0,10000.0,10000.0,10000.0,0,0,0,50.0,0.0,0.0,0,0
453000,65.0,65.5,25.0,,,,,1.0,1.0,1.0,50.0,0.0,0.0,0.0,0.0,0.0,100.0,100.0,100.0,10000.0,10000.0,10000.0,0,0,0,50.0,0.0,0.0,0,0
453200,65.0,65.5,25.0,,,,,1.0,1.0,1.0,50.0,0.0,0.0,0.0,0.0,0.0,100.0,100.0,100.0,10000.0,10000.0,10000.0,0,0,0,50.0,0.0,0.0,0,0
453400,65.0,65.5,25.0,,,,,1.0,1.0,1.0,50.0,0.0,0.0,0.0,0.0,0.0,100.0,100.0,100.0,10000.0,10000.0,10000.0,0,0,0,50.0,0.0,0.0,0,0
453600,65.0,65.5,25.0,,,,,1.0,1.0,1.0,50.0,0.0,0.0,0.0,0.0,0.0,100.0,100.0,100.0,10000.0,10000.0,10000.0,0,0,0,50.0,0.0,0.0,0,0
453800,65.0,65.5,25.0,,,,,1.0,1.0,1.0,50.0,0.0,0.0,0.0,0.0,0.0,100.0,100.0,100.0,10000.0,10000.0,10000.0,0,0,0,50.0,0.0,0.0,0,0
454000,65.0,65.5,25.0,,,,,1.0,1.0,1.0,50.0,0.0,0.0,0.0,0.0,0.0,100.0,100.0,100.0,10000.0,10000.0,10000.0,0,0,0,50.0,0.0,0.0,0,0
454200,65.0,65.5,25.0,,,,,1.0,1.0,1.0,50.0,0.0,0.0,0.0,0.0,0.0,100.0,100.0,100.0,10000.0,10000.0,10000.0,0,0,0,50.0,0.0,0.0,0,0
454400,65.0,65.5,25.0,,,,,1.0,1.0,1.0,50.0,0.0,0.0,0.0,0.0,0.0,100.0,100.0,100.0,10000.0,10000.0,10000.0,0,0,0,50.0,0.0,0.0,0,0
454600,65.0,65.5,25.0,,,,,1.0,1.0,1.0,50.0,0.0,0.0,0.0,0.0,0.0,100.0,100.0,100.0,10000.0,10000.0,10000.0,0,0,0,50.0,0.0,0.0,0,0
454800,65.0,65.5,25.0,,,,,1.0,1.0,1.0,50.0,0.0,0.0,0.0,0.0,0.0,100.0,100.0,100.0,10000.0,10000.0,10000.0,0,0,0,50.0,0.0,0.0,0,0
455000,65.0,65.5,25.0,,,,,1.0,1.0,1.0,50.0,0.0,0.0,0.0,0.0,0.0,100.0,100.0,100.0,10000.0,10000.0,10000.0,0,0,0,50.0,0.0,0.0,0,0
455200,65.0,65.5,25.0,,,,,1.0,1.0,1.0,50.0,0.0,0.0,0.0,0.0,0.0,100.0,100.0,100.0,10000.0,10000.0,10000.0,0,0,0,50.0,0.0,0.0,0,0
455400,65.0,65.5,25.0,,,,,1.0,1.0,1.0,50.0,0.0,0.0,0.0,0.0,0.0,100.0,100.0,100.0,10000.0,10000.0,10000.0,0,0,0,50.0,0.0,0.0,0,0
455600,65.0,65.5,25.0,,,,,1.0,1.0,1.0,50.0,0.0,0.0,0.0,0.0,0.0,100.0,100.0,100.0,10000.0,10000.0,10000.0,0,0,0,50.0,0.0,0.0,0,0
455800,65.0,65.5,25.0,,,,,1.0,1.0,1.0,50.0,0.0,0.0,0.0,0.0,0.0,100.0,100.0,100.0,10000.0,10000.0,10000.0,0,0,0,50.0,0.0,0.0,0,0
456000,65.0,65.5,25.0,,,,,1.0,1.0,1.0,50.0,0.0,0.0,0.0,0.0,0.0,100.0,100.0,100.0,10000.0,10000.0,10000.0,0,0,0,50.0,0.0,0.0,0,0
456200,65.0,65.5,25.0,,,,,1.0,1.0,1.0,50.0,0.0,0.0,0.0,0.0,0.0,100.0,100.0,100.0,10000.0,10000.0,10000.0,0,0,0,50.0,0.0,0.0,0,0
456400,65.0,65.5,25.0,,,,,1.0,1.0,1.0,50.0,0.0,0.0,0.0,0.0,0.0,100.0,100.0,100.0,10000.0,10000.0,10000.0,0,0,0,50.0,0.0,0.0,0,0
456600,65.0,65.5,25.0,,,,,1.0,1.0,1.0,50.0,0.0,0.0,0.0,0.0,0.0,100.0,100.0,100.0,10000.0,10000.0,10000.0,0,0,0,50.0,0.0,0.0,0,0
456800,65.5,65.5,25.0,,,,,1.0,1.0,1.0,50.0,0.0,0.0,0.0,0.0,0.0,100.0,100.0,100.0,10000.0,10000.0,10000.0,0,0,0,50.0,0.0,0.0,0,0
457000,65.5,65.5,25.0,,,,,1.0,1.0,1.0,50.0,0.0,0.0,0.0,0.0,0.0,100.0,100.0,100.0,10000.0,10000.0,10000.0,0,0,0,50.0,0.0,0.0,0,0
457200,65.5,65.5,25.0,,,,,1.0,1.0,1.0,50.0,0.0,0.0,0.0,0.0,0.0,100.0,100.0,100.0,10000.0,10000.0,10000.0,0,0,0,50.0,0.0,0.0,0,0
457400,65.5,65.5,25.0,,,,,1.0,1.0,1.0,50.0,0.0,0.0,0.0,0.0,0.0,100.0,100.0,100.0,10000.0,10000.0,10000.0,0,0,0,50.0,0.0,0.0,0,0
457600,65.5,65.5,25.0,,,,,1.0,1.0,1.0,50.0,0.0,0.0,0.0,0.0,0.0,100.0,100.0,100.0,10000.0,10000.0,10000.0,0,0,0,50.0,0.0,0.0,0,0
457800,65.5,65.5,25.0,,,,,1.0,1.0,1.0,50.0,0.0,0.0,0.0,0.0,0.0,100.0,100.0,100.0,10000.0,10000.0,10000.0,0,0,0,50.0,0.0,0.0,0,0
458000,65.5,65.5,25.0,,,,,1.0,1.0,1.0,50.0,0.0,0.0,0.0,0.0,0.0,100.0,100.0,100.0,10000.0,10000.0,10000.0,0,0,0,50.0,0.0,0.0,0,0
458200,65.5,65.5,25.0,,,,,1.0,1.0,1.0,50.0,0.0,0.0,0.0,0.0,0.0,100.0,100.0,100.0,10000.0,10000.0,10000.0,0,0,0,50.0,0.0,0.0,0,0
458400,65.5,65.5,25.0,,,,,1.0,1.0,1.0,50.0,0.0,0.0,0.0,0.0,0.0,100.0,100.0,100.0,10000.0,10000.0,10000.0,0,0,0,50.0,0.0,0.0,0,0
458600,65.5,65.5,25.0,,,,,1.0,1.0,1.0,50.0,0.0,0.0,0.0,0.0,0.0,100.0,100.0,100.0,10000.0,10000.0,10000.0,0,0,0,50.0,0.0,0.0,0,0
458800,65.5,65.5,25.0,,,,,1.0,1.0,1.0,50.0,0.0,0.0,0.0,0.0,0.0,100.0,100.0,100.0,10000.0,10000.0,10000.0,0,0,0,50.0,0.0,0.0,0,0
459000,65.5,65.5,25.0,,,,,1.0,1.0,1.0,50.0,0.0,0.0,0.0,0.0,0.0,100.0,100.0,100.0,10000.0,10000.0,10000.0,0,0,0,50.0,0.0,0.0,0,0
459200,65.5,65.5,25.0,,,,,1.0,1.0,1.0,50.0,0.0,0.0,0.0,0.0,0.0,100.0,100.0,100.0,10000.0,10000.0,10000.0,0,0,0,50.0,0.0,0.0,0,0
459400,65.5,65.5,25.0,,,,,1.0,1.0,1.0,50.0,0.0,0.0,0.0,0.0,0.0,100.0,100.0,100.0,10000.0,10000.0,10000.0,0,0,0,50.0,0.0,0.0,0,0
459600,65.5,65.5,25.0,,,,,1.0,1.0,1.0,50.0,0.0,0.0,0.0,0.0,0.0,100.0,100.0,100.0,10000.0,10000.0,10000.0,0,0,0,50.0,0.0,0.0,0,0
459800,65.5,65.5,25.0,,,,,1.0,1.0,1.0,50.0,0.0,0.0,0.0,0.0,0.0,100.0,100.0,100.0,10000.0,10000.0,10000.0,0,0,0,50.0,0.0,0.0,0,0
460000,65.5,65.5,25.0,,,,,1.0,1.0,1.0,50.0,0.0,0.0,0.0,0.0,0.0,100.0,100.0,100.0,10000.0,10000.0,10000.0,0,0,0,50.0,0.0,0.0,0,0
460200,65.5,65.5,25.0,,,,,1.0,1.0,1.0,50.0,0.0,0.0,0.0,0.0,0.0,100.0,100.0,100.0,10000.0,10000.0,10000.0,0,0,0,50.0,0.0,0.0,0,0
460400,65.5,65.5,25.0,,,,,1.0,1.0,1.0,50.0,0.0,0.0,0.0,0.0,0.0,100.0,100.0,100.0,10000.0,10000.0,10000.0,0,0,0,50.0,0.0,0.0,0,0
460600,65.5,65.5,25.0,,,,,1.0,1.0,1.0,50.0,0.0,0.0,0.0,0.0,0.0,100.0,100.0,100.0,10000.0,10000.0,10000.0,0,0,0,50.0,0.0,0.0,0,0
460800,65.5,65.5,25.0,,,,,1.0,1.0,1.0,50.0,0.0,0.0,0.0,0.0,0.0,100.0,100.0,100.0,10000.0,10000.0,10000.0,0,0,0,50.0,0.0,0.0,0,0
461000,65.5,65.5,25.0,,,,,1.0,1.0,1.0,50.0,0.0,0.0,0.0,0.0,0.0,100.0,100.0,100.0,10000.0,10000.0,10000.0,0,0,0,50.0,0.0,0.0,0,0
461200,65.5,65.5,25.0,,,,,1.0,1.0,1.0,50.0,0.0,0.0,0.0,0.0,0.0,100.0,100.0,100.0,10000.0,10000.0,10000.0,0,0,0,50.0,0.0,0.0,0,0
461400,65.5,65.5,25.0,,,,,1.0,1.0,1.0,50.0,0.0,0.0,0.0,0.0,0.0,100.0,100.0,100.0,10000.0,10000.0,10000.0,0,0,0,50.0,0.0,0.0,0,0
461600,65.5,65.5,25.0,,,,,1.0,1.0,1.0,50.0,0.0,0.0,0.0,0.0,0.0,100.0,100.0,100.0,10000.0,10000.0,10000.0,0,0,0,50.0,0.0,0.0,0,0
461800,65.5,65.5,25.0,,,,,1.0,1.0,1.0,50.0,0.0,0.0,0.0,0.0,0.0,100.0,100.0,100.0,10000.0,10000.0,10000.0,0,0,0,50.0,0.0,0.0,0,0
462000,65.5,65.5,25.0,,,,,1.0,1.0,1.0,50.0,0.0,0.0,0.0,0.0,0.0,100.0,100.0,100.0,10000.0,10000.0,10000.0,0,0,0,50.0,0.0,0.0,0,0
462200,65.5,65.5,25.0,,,,,1.0,1.0,1.0,50.0,0.0,0.0,0.0,0.0,0.0,100.0,100.0,100.0,10000.0,10000.0,10000.0,0,0,0,50.0,0.0,0.0,0,0
462400,65.5,65.5,25.0,,,,,1.0,1.0,1.0,50.0,0.0,0.0,0.0,0.0,0.0,100.0,100.0,100.0,10000.0,10000.0,10000.0,0,0,0,50.0,0.0,0.0,0,0
462600,65.5,65.5,25.0,,,,,1.0,1.0,1.0,50.0,0.0,0.0,0.0,0.0,0.0,100.0,100.0,100.0,10000.0,10000.0,10000.0,0,0,0,50.0,0.0,0.0,0,0
462800,65.5,65.5,25.0,,,,,1.0,1.0,1.0,50.0,0.0,0.0,0.0,0.0,0.0,100.0,100.0,100.0,10000.0,10000.0,10000.0,0,0,0,50.0,0.0,0.0,0,0
463000,65.5,65.5,25.0,,,,,1.0,1.0,1.0,50.0,0.0,0.0,0.0,0.0,0.0,100.0,100.0,100.0,10000.0,10000.0,10000.0,0,0,0,50.0,0.0,0.0,0,0
463200,65.5,65.5,25.0,,,,,1.0,1.0,1.0,50.0,0.0,0.0,0.0,0.0,0.0,100.0,100.0,100.0,10000.0,10000.0,10000.0,0,0,0,50.0,0.0,0.0,0,0
463400,65.5,65.5,25.0,,,,,1.0,1.0,1.0,50.0,0.0,0.0,0.0,0.0,0.0,100.0,100.0,100.0,10000.0,10000.0,10000.0,0,0,0,50.0,0.0,0.0,0,0
463600,65.5,65.5,25.0,,,,,1.0,1.0,1.0,50.0,0.0,0.0,0.0,0.0,0.0,100.0,100.0,100.0,10000.0,10000.0,10000.0,0,0,0,50.0,0.0,0.0,0,0
463800,65.5,65.5,25.0,,,,,1.0,1.0,1.0,50.0,0.0,0.0,0.0,0.0,0.0,100.0,100.0,100.0,10000.0,10000.0,10000.0,0,0,0,50.0,0.0,0.0,0,0
464000,65.5,65.5,25.0,,,,,1.0,1.0,1.0,50.0,0.0,0.0,0.0,0.0,0.0,100.0,100.0,100.0,10000.0,10000.0,10000.0,0,0,0,50.0,0.0,0.0,0,0
464200,65.5,65.5,25.0,,,,,1.0,1.0,1.0,50.0,0.0,0.0,0.0,0.0,0.0,100.0,100.0,100.0,10000.0,10000.0,10000.0,0,0,0,50.0,0.0,0.0,0,0
464400,65.5,65.5,25.0,,,,,1.0,1.0,1.0,50.0,0.0,0.0,0.0,0.0,0.0,100.0,100.0,100.0,10000.0,10000.0,10000.0,0,0,0,50.0,0.0,0.0,0,0
464600,65.5,65.5,25.0,,,,,1.0,1.0,1.0,50.0,0.0,0.0,0.0,0.0,0.0,100.0,100.0,100.0,10000.0,10000.0,10000.0,0,0,0,50.0,0.0,0.0,0,0
464800,65.5,65.5,25.0,,,,,1.0,1.0,1.0,50.0,0.0,0.0,0.0,0.0,0.0,100.0,100.0,100.0,10000.0,10000.0,10000.0,0,0,0,50.0,0.0,0.0,0,0
465000,65.5,65.5,25.0,,,,,1.0,1.0,1.0,50.0,0.0,0.0,0.0,0.0,0.0,100.0,100.0,100.0,10000.0,10000.0,10000.0,0,0,0,50.0,0.0,0.0,0,0
465200,65.5,65.5,25.0,,,,,1.0,1.0,1.0,50.0,0.0,0.0,0.0,0.0,0.0,100.0,100.0,100.0,10000.0,10000.0,10000.0,0,0,0,50.0,0.0,0.0,0,0
465400,65.5,65.5,25.0,,,,,1.0,1.0,1.0,50.0,0.0,0.0,0.0,0.0,0.0,100.0,100.0,100.0,10000.0,10000.0,10000.0,0,0,0,50.0,0.0,0.0,0,0
465600,65.5,65.5,25.0,,,,,1.0,1.0,1.0,50.0,0.0,0.0,0.0,0.0,0.0,100.0,100.0,100.0,10000.0,10000.0,10000.0,0,0,0,50.0,0.0,0.0,0,0
465800,65.5,65.5,25.0,,,,,1.0,1.0,1.0,50.0,0.0,0.0,0.0,0.0,0.0,100.0,100.0,100.0,10000.0,10000.0,10000.0,0,0,0,50.0,0.0,0.0,0,0
466000,65.5,65.5,25.0,,,,,1.0,1.0,1.0,50.0,0.0,0.0,0.0,0.0,0.0,100.0,100.0,100.0,10000.0,10000.0,10000.0,0,0,0,50.0,0.0,0.0,0,0
466200,65.5,65.5,25.0,,,,,1.0,1.0,1.0,50.0,0.0,0.0,0.0,0.0,0.0,100.0,100.0,100.0,10000.0,10000.0,10000.0,0,0,0,50.0,0.0,0.0,0,0
466400,65.5,65.5,25.0,,,,,1.0,1.0,1.0,50.0,0.0,0.0,0.0,0.0,0.0,100.0,100.0,100.0,10000.0,10000.0,10000.0,0,0,0,50.0,0.0,0.0,0,0
466600,65.5,65.5,25.0,,,,,1.0,1.0,1.0,50.0,0.0,0.0,0.0,0.0,0.0,100.0,100.0,100.0,10000.0,10000.0,10000.0,0,0,0,50.0,0.0,0.0,0,0
466800,65.5,65.5,25.0,,,,,1.0,1.0,1.0,50.0,0.0,0.0,0.0,0.0,0.0,100.0,100.0,100.0,10000.0,10000.0,10000.0,0,0,0,50.0,0.0,0.0,0,0
467000,65.5,65.5,25.0,,,,,1.0,1.0,1.0,50.0,0.0,0.0,0.0,0.0,0.0,100.0,100.0,100.0,10000.0,10000.0,10000.0,0,0,0,50.0,0.0,0.0,0,0
467200,65.5,65.5,25.0,,,,,1.0,1.0,1.0,50.0,0.0,0.0,0.0,0.0,0.0,100.0,100.0,100.0,10000.0,10000.0,10000.0,0,0,0,50.0,0.0,0.0,0,0
467400,65.5,65.5,25.0,,,,,1.0,1.0,1.0,50.0,0.0,0.0,0.0,0.0,0.0,100.0,100.0,100.0,10000.0,10000.0,10000.0,0,0,0,50.0,0.0,0.0,0,0
467600,65.5,65.5,25.0,,,,,1.0,1.0,1.0,50.0,0.0,0.0,0.0,0.0,0.0,100.0,100.0,100.0,10000.0,10000.0,10000.0,0,0,0,50.0,0.0,0.0,0,0
467800,65.5,65.5,25.0,,,,,1.0,1.0,1.0,50.0,0.0,0.0,0.0,0.0,0.0,100.0,100.0,100.0,10000.0,10000.0,10000.0,0,0,0,50.0,0.0,0.0,0,0
468000,65.5,65.5,25.0,,,,,1.0,1.0,1.0,50.0,0.0,0.0,0.0,0.0,0.0,100.0,100.0,100.0,10000.0,10000.0,10000.0,0,0,0,50.0,0.0,0.0,0,0
468200,65.5,65.5,25.0,,,,,1.0,1.0,1.0,50.0,0.0,0.0,0.0,0.0,0.0,100.0,100.0,100.0,10000.0,10000.0,10000.0,0,0,0,50.0,0.0,0.0,0,0
468400,65.5,65.5,25.0,,,,,1.0,1.0,1.0,50.0,0.0,0.0,0.0,0.0,0.0,100.0,100.0,100.0,10000.0,10000.0,10000.0,0,0,0,50.0,0.0,0.0,0,0
468600,65.5,65.5,25.0,,,,,1.0,1.0,1.0,50.0,0.0,0.0,0.0,0.0,0.0,100.0,100.0,100.0,10000.0,10000.0,10000.0,0,0,0,50.0,0.0,0.0,0,0
468800,65.5,65.5,25.0,,,,,1.0,1.0,1.0,50.0,0.0,0.0,0.0,0.0,0.0,100.0,100.0,100.0,10000.0,10000.0,10000.0,0,0,0,50.0,0.0,0.0,0,0
469000,65.5,65.5,25.0,,,,,1.0,1.0,1.0,50.0,0.0,0.0,0.0,0.0,0.0,100.0,100.0,100.0,10000.0,10000.0,10000.0,0,0,0,50.0,0.0,0.0,0,0
469200,65.5,65.5,25.0,,,,,1.0,1.0,1.0,50.0,0.0,0.0,0.0,0.0,0.0,100.0,100.0,100.0,10000.0,10000.0,10000.0,0,0,0,50.0,0.0,0.0,0,0
469400,65.5,65.5,25.0,,,,,1.0,1.0,1.0,50.0,0.0,0.0,0.0,0.0,0.0,100.0,100.0,100.0,10000.0,10000.0,10000.0,0,0,0,50.0,0.0,0.0,0,0
469600,65.5,65.5,25.0,,,,,1.0,1.0,1.0,50.0,0.0,0.0,0.0,0.0,0.0,100.0,100.0,100.0,10000.0,10000.0,10000.0,0,0,0,50.0,0.0,0.0,0,0
469800,65.5,65.5,25.0,,,,,1.0,1.0,1.0,50.0,0.0,0.0,0.0,0.0,0.0,100.0,100.0,100.0,10000.0,10000.0,10000.0,0,0,0,50.0,0.0,0.0,0,0
470000,65.5,65.5,25.0,,,,,1.0,1.0,1.0,50.0,0.0,0.0,0.0,0.0,0.0,100.0,100.0,100.0,10000.0,10000.0,10000.0,0,0,0,50.0,0.0,0.0,0,0
470200,65.5,65.5,25.0,,,,,1.0,1.0,1.0,50.0,0.0,0.0,0.0,0.0,0.0,100.0,100.0,100.0,10000.0,10000.0,10000.0,0,0,0,50.0,0.0,0.0,0,0
470400,65.5,65.5,25.0,,,,,1.0,1.0,1.0,50.0,0.0,0.0,0.0,0.0,0.0,100.0,100.0,100.0,10000.0,10000.0,10000.0,0,0,0,50.0,0.0,0.0,0,0
470600,65.5,65.5,25.0,,,,,1.0,1.0,1.0,50.0,0.0,0.0,0.0,0.0,0.0,100.0,100.0,100.0,10000.0,10000.0,10000.0,0,0,0,50.0,0.0,0.0,0,0
470800,65.5,65.5,25.0,,,,,1.0,1.0,1.0,50.0,0.0,0.0,0.0,0.0,0.0,100.0,100.0,100.0,10000.0,10000.0,10000.0,0,0,0,50.0,0.0,0.0,0,0
471000,65.5,65.5,25.0,,,,,1.0,1.0,1.0,50.0,0.0,0.0,0.0,0.0,0.0,100.0,100.0,100.0,10000.0,10000.0,10000.0,0,0,0,50.0,0.0,0.0,0,0
471200,65.5,65.5,25.0,,,,,1.0,1.0,1.0,50.0,0.0,0.0,0.0,0.0,0.0,100.0,100.0,100.0,10000.0,10000.0,10000.0,0,0,0,50.0,0.0,0.0,0,0
471400,65.5,65.5,25.0,,,,,1.0,1.0,1.0,50.0,0.0,0.0,0.0,0.0,0.0,100.0,100.0,100.0,10000.0,10000.0,10000.0,0,0,0,50.0,0.0,0.0,0,0
471600,65.5,65.5,25.0,,,,,1.0,1.0,1.0,50.0,0.0,0.0,0.0,0.0,0.0,100.0,100.0,100.0,10000.0,10000.0,10000.0,0,0,0,50.0,0.0,0.0,0,0
471800,65.5,65.5,25.0,,,,,1.0,1.0,1.0,50.0,0.0,0.0,0.0,0.0,0.0,100.0,100.0,100.0,10000.0,10000.0,10000.0,0,0,0,50.0,0.0,0.0,0,0
472000,65.5,65.5,25.0,,,,,1.0,1.0,1.0,50.0,0.0,0.0,0.0,0.0,0.0,100.0,100.0,100.0,10000.0,10000.0,10000.0,0,0,0,50.0,0.0,0.0,0,0
472200,65.5,65.5,25.0,,,,,1.0,1.0,1.0,50.0,0.0,0.0,0.0,0.0,0.0,100.0,100.0,100.0,10000.0,10000.0,10000.0,0,0,0,50.0,0.0,0.0,0,0
472400,65.5,65.5,25.0,,,,,1.0,1.0,1.0,50.0,0.0,0.0,0.0,0.0,0.0,100.0,100.0,100.0,10000.0,10000.0,10000.0,0,0,0,50.0,0.0,0.0,0,0
472600,65.5,65.5,25.0,,,,,1.0,1.0,1.0,50.0,0.0,0.0,0.0,0.0,0.0,100.0,100.0,100.0,10000.0,10000.0,10000.0,0,0,0,50.0,0.0,0.0,0,0
472800,65.5,65.5,25.0,,,,,1.0,1.0,1.0,50.0,0.0,0.0,0.0,0.0,0.0,100.0,100.0,100.0,10000.0,10000.0,10000.0,0,0,0,50.0,0.0,0.0,0,0
473000,65.5,65.5,25.0,,,,,1.0,1.0,1.0,50.0,0.0,0.0,0.0,0.0,0.0,100.0,100.0,100.0,10000.0,10000.0,10000.0,0,0,0,50.0,0.0,0.0,0,0
473200,65.5,65.5,25.0,,,,,1.0,1.0,1.0,50.0,0.0,0.0,0.0,0.0,0.0,100.0,100.0,100.0,10000.0,10000.0,10000.0,0,0,0,50.0,0.0,0.0,0,0
473400,66.0,65.5,25.0,,,,,1.0,1.0,1.0,50.0,0.0,0.0,0.0,0.0,0.0,100.0,100.0,100.0,10000.0,10000.0,10000.0,0,0,0,50.0,0.0,0.0,0,0
473600,66.0,65.5,25.0,,,,,1.0,1.0,1.0,50.0,0.0,0.0,0.0,0.0,0.0,100.0,100.0,100.0,10000.0,10000.0,10000.0,0,0,0,50.0,0.0,0.0,0,0
473800,66.0,65.5,25.0,,,,,1.0,1.0,1.0,50.0,0.0,0.0,0.0,0.0,0.0,100.0,100.0,100.0,10000.0,10000.0,10000.0,0,0,0,50.0,0.0,0.0,0,0
474000,66.0,65.5,25.0,,,,,1.0,1.0,1.0,50.0,0.0,0.0,0.0,0.0,0.0,100.0,100.0,100.0,10000.0,10000.0,10000.0,0,0,0,50.0,0.0,0.0,0,0
474200,66.0,65.5,25.0,,,,,1.0,1.0,1.0,50.0,0.0,0.0,0.0,0.0,0.0,100.0,100.0,100.0,10000.0,10000.0,10000.0,0,0,0,50.0,0.0,0.0,0,0
474400,66.0,65.5,25.0,,,,,1.0,1.0,1.0,50.0,0.0,0.0,0.0,0.0,0.0,100.0,100.0,100.0,10000.0,10000.0,10000.0,0,0,0,50.0,0.0,0.0,0,0
474600,66.0,65.5,25.0,,,,,1.0,1.0,1.0,50.0,0.0,0.0,0.0,0.0,0.0,100.0,100.0,100.0,10000.0,10000.0,10000.0,0,0,0,50.0,0.0,0.0,0,0
474800,66.0,65.5,25.0,,,,,1.0,1.0,1.0,50.0,0.0,0.0,0.0,0.0,0.0,100.0,100.0,100.0,10000.0,10000.0,10000.0,0,0,0,50.0,0.0,0.0,0,0
475000,66.0,65.5,25.0,,,,,1.0,1.0,1.0,50.0,0.0,0.0,0.0,0.0,0.0,100.0,100.0,100.0,10000.0,10000.0,10000.0,0,0,0,50.0,0.0,0.0,0,0
475200,66.0,65.5,25.0,,,,,1.0,1.0,1.0,50.0,0.0,0.0,0.0,0.0,0.0,100.0,100.0,100.0,10000.0,10000.0,10000.0,0,0,0,50.0,0.0,0.0,0,0
475400,66.0,65.5,25.0,,,,,1.0,1.0,1.0,50.0,0.0,0.0,0.0,0.0,0.0,100.0,100.0,100.0,10000.0,10000.0,10000.0,0,0,0,50.0,0.0,0.0,0,0
475600,66.0,65.5,25.0,,,,,1.0,1.0,1.0,50.0,0.0,0.0,0.0,0.0,0.0,100.0,100.0,100.0,10000.0,10000.0,10000.0,0,0,0,50.0,0.0,0.0,0,0
475800,66.0,65.5,25.0,,,,,1.0,1.0,1.0,50.0,0.0,0.0,0.0,0.0,0.0,100.0,100.0,100.0,10000.0,10000.0,10000.0,0,0,0,50.0,0.0,0.0,0,0
476000,66.0,65.5,25.0,,,,,1.0,1.0,1.0,50.0,0.0,0.0,0.0,0.0,0.0,100.0,100.0,100.0,10000.0,10000.0,10000.0,0,0,0,50.0,0.0,0.0,0,0
476200,66.0,66.0,25.0,,,,,1.0,1.0,1.0,50.0,0.0,0.0,0.0,0.0,0.0,100.0,100.0,100.0,10000.0,10000.0,10000.0,0,0,0,50.0,0.0,0.0,0,0
476400,66.0,66.0,25.0,,,,,1.0,1.0,1.0,50.0,0.0,0.0,0.0,0.0,0.0,100.0,100.0,100.0,10000.0,10000.0,10000.0,0,0,0,50.0,0.0,0.0,0,0
476600,66.0,66.0,25.0,,,,,1.0,1.0,1.0,50.0,0.0,0.0,0.0,0.0,0.0,100.0,100.0,100.0,10000.0,10000.0,10000.0,0,0,0,50.0,0.0,0.0,0,0
476800,66.0,66.0,25.0,,,,,1.0,1.0,1.0,50.0,0.0,0.0,0.0,0.0,0.0,100.0,100.0,100.0,10000.0,10000.0,10000.0,0,0,0,50.0,0.0,0.0,0,0
477000,66.0,66.0,25.0,,,,,1.0,1.0,1.0,50.0,0.0,0.0,0.0,0.0,0.0,100.0,100.0,100.0,10000.0,10000.0,10000.0,0,0,0,50.0,0.0,0.0,0,0
477200,66.0,66.0,25.0,,,,,1.0,1.0,1.0,50.0,0.0,0.0,0.0,0.0,0.0,100.0,100.0,100.0,10000.0,10000.0,10000.0,0,0,0,50.0,0.0,0.0,0,0
477400,66.0,66.0,25.0,,,,,1.0,1.0,1.0,50.0,0.0,0.0,0.0,0.0,0.0,100.0,100.0,100.0,10000.0,10000.0,10000.0,0,0,0,50.0,0.0,0.0,0,0
477600,66.0,66.0,25.0,,,,,1.0,1.0,1.0,50.0,0.0,0.0,0.0,0.0,0.0,100.0,100.0,100.0,10000.0,10000.0,10000.0,0,0,0,50.0,0.0,0.0,0,0
477800,66.0,66.0,25.0,,,,,1.0,1.0,1.0,50.0,0.0,0.0,0.0,0.0,0.0,100.0,100.0,100.0,10000.0,10000.0,10000.0,0,0,0,50.0,0.0,0.0,0,0
478000,66.0,66.0,25.0,,,,,1.0,1.0,1.0,50.0,0.0,0.0,0.0,0.0,0.0,100.0,100.0,100.0,10000.0,10000.0,10000.0,0,0,0,50.0,0.0,0.0,0,0
478200,66.0,66.0,25.0,,,,,1.0,1.0,1.0,50.0,0.0,0.0,0.0,0.0,0.0,100.0,100.0,100.0,10000.0,10000.0,10000.0,0,0,0,50.0,0.0,0.0,0,0
478400,66.0,66.0,25.0,,,,,1.0,1.0,1.0,50.0,0.0,0.0,0.0,0.0,0.0,100.0,100.0,100.0,10000.0,10000.0,10000.0,0,0,0,50.0,0.0,0.0,0,0
478600,66.0,66.0,25.0,,,,,1.0,1.0,1.0,50.0,0.0,0.0,0.0,0.0,0.0,100.0,100.0,100.0,10000.0,10000.0,10000.0,0,0,0,50.0,0.0,0.0,0,0
478800,66.0,66.0,25.0,,,,,1.0,1.0,1.0,50.0,0.0,0.0,0.0,0.0,0.0,100.0,100.0,100.0,10000.0,10000.0,10000.0,0,0,0,50.0,0.0,0.0,0,0
479000,66.0,66.0,25.0,,,,,1.0,1.0,1.0,50.0,0.0,0.0,0.0,0.0,0.0,100.0,100.0,100.0,10000.0,10000.0,10000.0,0,0,0,50.0,0.0,0.0,0,0
479200,66.0,66.0,25.0,,,,,1.0,1.0,1.0,50.0,0.0,0.0,0.0,0.0,0.0,100.0,100.0,100.0,10000.0,10000.0,10000.0,0,0,0,50.0,0.0,0.0,0,0
479400,66.0,66.0,25.0,,,,,1.0,1.0,1.0,50.0,0.0,0.0,0.0,0.0,0.0,100.0,100.0,100.0,10000.0,10000.0,10000.0,0,0,0,50.0,0.0,0.0,0,0
479600,66.0,66.0,25.0,,,,,1.0,1.0,1.0,50.0,0.0,0.0,0.0,0.0,0.0,100.0,100.0,100.0,10000.0,10000.0,10000.0,0,0,0,50.0,0.0,0.0,0,0
479800,66.0,66.0,25.0,,,,,1.0,1.0,1.0,50.0,0.0,0.0,0.0,0.0,0.0,100.0,100.0,100.0,10000.0,10000.0,10000.0,0,0,0,50.0,0.0,0.0,0,0
480000,66.0,66.0,25.0,,,,,1.0,1.0,1.0,50.0,0.0,0.0,0.0,0.0,0.0,100.0,100.0,100.0,10000.0,10000.0,10000.0,0,0,0,50.0,0.0,0.0,0,0
480200,66.0,66.0,25.0,,,,,1.0,1.0,1.0,50.0,0.0,0.0,0.0,0.0,0.0,100.0,100.0,100.0,10000.0,10000.0,10000.0,0,0,0,50.0,0.0,0.0,0,0
480400,66.0,66.0,25.0,,,,,1.0,1.0,1.0,50.0,0.0,0.0,0.0,0.0,0.0,100.0,100.0,100.0,10000.0,10000.0,10000.0,0,0,0,50.0,0.0,0.0,0,0
480600,66.0,66.0,25.0,,,,,1.0,1.0,1.0,50.0,0.0,0.0,0.0,0.0,0.0,100.0,100.0,100.0,10000.0,10000.0,10000.0,0,0,0,50.0,0.0,0.0,0,0
480800,66.0,66.0,25.0,,,,,1.0,1.0,1.0,50.0,0.0,0.0,0.0,0.0,0.0,100.0,100.0,100.0,10000.0,10000.0,10000.0,0,0,0,50.0,0.0,0.0,0,0
481000,66.0,66.0,25.0,,,,,1.0,1.0,1.0,50.0,0.0,0.0,0.0,0.0,0.0,100.0,100.0,100.0,10000.0,10000.0,10000.0,0,0,0,50.0,0.0,0.0,0,0
481200,66.0,66.0,25.0,,,,,1.0,1.0,1.0,50.0,0.0,0.0,0.0,0.0,0.0,100.0,100.0,100.0,10000.0,10000.0,10000.0,0,0,0,50.0,0.0,0.0,0,0
481400,66.0,66.0,25.0,,,,,1.0,1.0,1.0,50.0,0.0,0.0,0.0,0.0,0.0,100.0,100.0,100.0,10000.0,10000.0,10000.0,0,0,0,50.0,0.0,0.0,0,0
481600,66.0,66.0,25.0,,,,,1.0,1.0,1.0,50.0,0.0,0.0,0.0,0.0,0.0,100.0,100.0,100.0,10000.0,10000.0,10000.0,0,0,0,50.0,0.0,0.0,0,0
481800,66.0,66.0,25.0,,,,,1.0,1.0,1.0,50.0,0.0,0.0,0.0,0.0,0.0,100.0,100.0,100.0,10000.0,10000.0,10000.0,0,0,0,50.0,0.0,0.0,0,0
482000,66.0,66.0,25.0,,,,,1.0,1.0,1.0,50.0,0.0,0.0,0.0,0.0,0.0,100.0,100.0,100.0,10000.0,10000.0,10000.0,0,0,0,50.0,0.0,0.0,0,0
482200,66.0,66.0,25.0,,,,,1.0,1.0,1.0,50.0,0.0,0.0,0.0,0.0,0.0,100.0,100.0,100.0,10000.0,10000.0,10000.0,0,0,0,50.0,0.0,0.0,0,0
482400,66.0,66.0,25.0,,,,,1.0,1.0,1.0,50.0,0.0,0.0,0.0,0.0,0.0,100.0,100.0,100.0,10000.0,10000.0,10000.0,0,0,0,50.0,0.0,0.0,0,0
482600,66.0,66.0,25.0,,,,,1.0,1.0,1.0,50.0,0.0,0.0,0.0,0.0,0.0,100.0,100.0,100.0,10000.0,10000.0,10000.0,0,0,0,50.0,0.0,0.0,0,0
482800,66.0,66.0,25.0,,,,,1.0,1.0,1.0,50.0,0.0,0.0,0.0,0.0,0.0,100.0,100.0,100.0,10000.0,10000.0,10000.0,0,0,0,50.0,0.0,0.0,0,0
483000,66.0,66.0,25.0,,,,,1.0,1.0,1.0,50.0,0.0,0.0,0.0,0.0,0.0,100.0,100.0,100.0,10000.0,10000.0,10000.0,0,0,0,50.0,0.0,0.0,0,0
483200,66.0,66.0,25.0,,,,,1.0,1.0,1.0,50.0,0.0,0.0,0.0,0.0,0.0,100.0,100.0,100.0,10000.0,10000.0,10000.0,0,0,0,50.0,0.0,0.0,0,0
483400,66.0,66.0,25.0,,,,,1.0,1.0,1.0,50.0,0.0,0.0,0.0,0.0,0.0,100.0,100.0,100.0,10000.0,10000.0,10000.0,0,0,0,50.0,0.0,0.0,0,0
483600,66.0,66.0,25.0,,,,,1.0,1.0,1.0,50.0,0.0,0.0,0.0,0.0,0.0,100.0,100.0,100.0,10000.0,10000.0,10000.0,0,0,0,50.0,0.0,0.0,0,0
483800,66.0,66.0,25.0,,,,,1.0,1.0,1.0,50.0,0.0,0.0,0.0,0.0,0.0,100.0,100.0,100.0,10000.0,10000.0,10000.0,0,0,0,50.0,0.0,0.0,0,0
484000,66.0,66.0,25.0,,,,,1.0,1.0,1.0,50.0,0.0,0.0,0.0,0.0,0.0,100.0,100.0,100.0,10000.0,10000.0,10000.0,0,0,0,50.0,0.0,0.0,0,0
484200,66.0,66.0,25.0,,,,,1.0,1.0,1.0,50.0,0.0,0.0,0.0,0.0,0.0,100.0,100.0,100.0,10000.0,10000.0,10000.0,0,0,0,50.0,0.0,0.0,0,0
484400,66.0,66.0,25.0,,,,,1.0,1.0,1.0,50.0,0.0,0.0,0.0,0.0,0.0,100.0,100.0,100.0,10000.0,10000.0,10000.0,0,0,0,50.0,0.0,0.0,0,0
484600,66.0,66.0,25.0,,,,,1.0,1.0,1.0,50.0,0.0,0.0,0.0,0.0,0.0,100.0,100.0,100.0,10000.0,10000.0,10000.0,0,0,0,50.0,0.0,0.0,0,0
484800,66.0,66.0,25.0,,,,,1.0,1.0,1.0,50.0,0.0,0.0,0.0,0.0,0.0,100.0,100.0,100.0,10000.0,10000.0,10000.0,0,0,0,50.0,0.0,0.0,0,0
485000,66.0,66.0,25.0,,,,,1.0,1.0,1.0,50.0,0.0,0.0,0.0,0.0,0.0,100.0,100.0,100.0,10000.0,10000.0,10000.0,0,0,0,50.0,0.0,0.0,0,0
485200,66.0,66.0,25.0,,,,,1.0,1.0,1.0,50.0,0.0,0.0,0.0,0.0,0.0,100.0,100.0,100.0,10000.0,10000.0,10000.0,0,0,0,50.0,0.0,0.0,0,0
485400,66.0,66.0,25.0,,,,,1.0,1.0,1.0,50.0,0.0,0.0,0.0,0.0,0.0,100.0,100.0,100.0,10000.0,10000.0,10000.0,0,0,0,50.0,0.0,0.0,0,0
485600,66.0,66.0,25.0,,,,,1.0,1.0,1.0,50.0,0.0,0.0,0.0,0.0,0.0,100.0,100.0,100.0,10000.0,10000.0,10000.0,0,0,0,50.0,0.0,0.0,0,0
485800,66.0,66.0,25.0,,,,,1.0,1.0,1.0,50.0,0.0,0.0,0.0,0.0,0.0,100.0,100.0,100.0,10000.0,10000.0,10000.0,0,0,0,50.0,0.0,0.0,0,0
486000,66.0,66.0,25.0,,,,,1.0,1.0,1.0,50.0,0.0,0.0,0.0,0.0,0.0,100.0,100.0,100.0,10000.0,10000.0,10000.0,0,0,0,50.0,0.0,0.0,0,0
486200,66.0,66.0,25.0,,,,,1.0,1.0,1.0,50.0,0.0,0.0,0.0,0.0,0.0,100.0,100.0,100.0,10000.0,10000.0,10000.0,0,0,0,50.0,0.0,0.0,0,0
486400,66.0,66.0,25.0,,,,,1.0,1.0,1.0,50.0,0.0,0.0,0.0,0.0,0.0,100.0,100.0,100.0,10000.0,10000.0,10000.0,0,0,0,50.0,0.0,0.0,0,0
486600,66.0,66.0,25.0,,,,,1.0,1.0,1.0,50.0,0.0,0.0,0.0,0.0,0.0,100.0,100.0,100.0,10000.0,10000.0,10000.0,0,0,0,50.0,0.0,0.0,0,0
486800,66.0,66.0,25.0,,,,,1.0,1.0,1.0,50.0,0.0,0.0,0.0,0.0,0.0,100.0,100.0,100.0,10000.0,10000.0,10000.0,0,0,0,50.0,0.0,0.0,0,0
487000,66.0,66.0,25.0,,,,,1.0,1.0,1.0,50.0,0.0,0.0,0.0,0.0,0.0,100.0,100.0,100.0,10000.0,10000.0,10000.0,0,0,0,50.0,0.0,0.0,0,0
487200,66.0,66.0,25.0,,,,,1.0,1.0,1.0,50.0,0.0,0.0,0.0,0.0,0.0,100.0,100.0,100.0,10000.0,10000.0,10000.0,0,0,0,50.0,0.0,0.0,0,0
487400,66.0,66.0,25.0,,,,,1.0,1.0,1.0,50.0,0.0,0.0,0.0,0.0,0.0,100.0,100.0,100.0,10000.0,10000.0,10000.0,0,0,0,50.0,0.0,0.0,0,0
487600,66.0,66.0,25.0,,,,,1.0,1.0,1.0,50.0,0.0,0.0,0.0,0.0,0.0,100.0,100.0,100.0,10000.0,10000.0,10000.0,0,0,0,50.0,0.0,0.0,0,0
487800,66.0,66.0,25.0,,,,,1.0,1.0,1.0,50.0,0.0,0.0,0.0,0.0,0.0,100.0,100.0,100.0,10000.0,10000.0,10000.0,0,0,0,50.0,0.0,0.0,0,0
488000,66.0,66.0,25.0,,,,,1.0,1.0,1.0,50.0,0.0,0.0,0.0,0.0,0.0,100.0,100.0,100.0,10000.0,10000.0,10000.0,0,0,0,50.0,0.0,0.0,0,0
488200,66.0,66.0,25.0,,,,,1.0,1.0,1.0,50.0,0.0,0.0,0.0,0.0,0.0,100.0,100.0,100.0,10000.0,10000.0,10000.0,0,0,0,50.0,0.0,0.0,0,0
488400,66.0,66.0,25.0,,,,,1.0,1.0,1.0,50.0,0.0,0.0,0.0,0.0,0.0,100.0,100.0,100.0,10000.0,10000.0,10000.0,0,0,0,50.0,0.0,0.0,0,0
488600,66.0,66.0,25.0,,,,,1.0,1.0,1.0,50.0,0.0,0.0,0.0,0.0,0.0,100.0,100.0,100.0,10000.0,10000.0,10000.0,0,0,0,50.0,0.0,0.0,0,0
488800,66.0,66.0,25.0,,,,,1.0,1.0,1.0,50.0,0.0,0.0,0.0,0.0,0.0,100.0,100.0,100.0,10000.0,10000.0,10000.0,0,0,0,50.0,0.0,0.0,0,0
489000,66.0,66.0,25.0,,,,,1.0,1.0,1.0,50.0,0.0,0.0,0.0,0.0,0.0,100.0,100.0,100.0,10000.0,10000.0,10000.0,0,0,0,50.0,0.0,0.0,0,0
489200,66.0,66.0,25.0,,,,,1.0,1.0,1.0,50.0,0.0,0.0,0.0,0.0,0.0,100.0,100.0,100.0,10000.0,10000.0,10000.0,0,0,0,50.0,0.0,0.0,0,0
489400,66.0,66.0,25.0,,,,,1.0,1.0,1.0,50.0,0.0,0.0,0.0,0.0,0.0,100.0,100.0,100.0,10000.0,10000.0,10000.0,0,0,0,50.0,0.0,0.0,0,0
489600,66.0,66.0,25.0,,,,,1.0,1.0,1.0,50.0,0.0,0.0,0.0,0.0,0.0,100.0,100.0,100.0,10000.0,10000.0,10000.0,0,0,0,50.0,0.0,0.0,0,0
489800,66.0,66.0,25.0,,,,,1.0,1.0,1.0,50.0,0.0,0.0,0.0,0.0,0.0,100.0,100.0,100.0,10000.0,10000.0,10000.0,0,0,0,50.0,0.0,0.0,0,0
490000,66.0,66.0,25.0,,,,,1.0,1.0,1.0,50.0,0.0,0.0,0.0,0.0,0.0,100.0,100.0,100.0,10000.0,10000.0,10000.0,0,0,0,50.0,0.0,0.0,0,0
490200,66.0,66.0,25.0,,,,,1.0,1.0,1.0,50.0,0.0,0.0,0.0,0.0,0.0,100.0,100.0,100.0,10000.0,10000.0,10000.0,0,0,0,50.0,0.0,0.0,0,0
490400,66.0,66.0,25.0,,,,,1.0,1.0,1.0,50.0,0.0,0.0,0.0,0.0,0.0,100.0,100.0,100.0,10000.0,10000.0,10000.0,0,0,0,50.0,0.0,0.0,0,0
490600,66.0,66.0,25.0,,,,,1.0,1.0,1.0,50.0,0.0,0.0,0.0,0.0,0.0,100.0,100.0,100.0,10000.0,10000.0,10000.0,0,0,0,50.0,0.0,0.0,0,0
490800,66.0,66.0,25.0,,,,,1.0,1.0,1.0,50.0,0.0,0.0,0.0,0.0,0.0,100.0,100.0,100.0,10000.0,10000.0,10000.0,0,0,0,50.0,0.0,0.0,0,0
491000,66.0,66.0,25.0,,,,,1.0,1.0,1.0,50.0,0.0,0.0,0.0,0.0,0.0,100.0,100.0,100.0,10000.0,10000.0,10000.0,0,0,0,50.0,0.0,0.0,0,0
491200,66.0,66.0,25.0,,,,,1.0,1.0,1.0,50.0,0.0,0.0,0.0,0.0,0.0,100.0,100.0,100.0,10000.0,10000.0,10000.0,0,0,0,50.0,0.0,0.0,0,0
491400,66.0,66.0,25.0,,,,,1.0,1.0,1.0,50.0,0.0,0.0,0.0,0.0,0.0,100.0,100.0,100.0,10000.0,10000.0,10000.0,0,0,0,50.0,0.0,0.0,0,0
491600,66.0,66.0,25.0,,,,,1.0,1.0,1.0,50.0,0.0,0.0,0.0,0.0,0.0,100.0,100.0,100.0,10000.0,10000.0,10000.0,0,0,0,50.0,0.0,0.0,0,0
491800,66.0,66.0,25.0,,,,,1.0,1.0,1.0,50.0,0.0,0.0,0.0,0.0,0.0,100.0,100.0,100.0,10000.0,10000.0,10000.0,0,0,0,50.0,0.0,0.0,0,0
492000,66.0,66.0,25.0,,,,,1.0,1.0,1.0,50.0,0.0,0.0,0.0,0.0,0.0,100.0,100.0,100.0,10000.0,10000.0,10000.0,0,0,0,50.0,0.0,0.0,0,0
492200,66.0,66.0,25.0,,,,,1.0,1.0,1.0,50.0,0.0,0.0,0.0,0.0,0.0,100.0,100.0,100.0,10000.0,10000.0,10000.0,0,0,0,50.0,0.0,0.0,0,0
492400,66.0,66.0,25.0,,,,,1.0,1.0,1.0,50.0,0.0,0.0,0.0,0.0,0.0,100.0,100.0,100.0,10000.0,10000.0,10000.0,0,0,0,50.0,0.0,0.0,0,0
492600,66.0,66.0,25.0,,,,,1.0,1.0,1.0,50.0,0.0,0.0,0.0,0.0,0.0,100.0,100.0,100.0,10000.0,10000.0,10000.0,0,0,0,50.0,0.0,0.0,0,0
492800,66.0,66.0,25.0,,,,,1.0,1.0,1.0,50.0,0.0,0.0,0.0,0.0,0.0,100.0,100.0,100.0,10000.0,10000.0,10000.0,0,0,0,50.0,0.0,0.0,0,0
493000,66.0,66.0,25.0,,,,,1.0,1.0,1.0,50.0,0.0,0.0,0.0,0.0,0.0,100.0,100.0,100.0,10000.0,10000.0,10000.0,0,0,0,50.0,0.0,0.0,0,0
493200,66.0,66.0,25.0,,,,,1.0,1.0,1.0,50.0,0.0,0.0,0.0,0.0,0.0,100.0,100.0,100.0,10000.0,10000.0,10000.0,0,0,0,50.0,0.0,0.0,0,0
493400,66.0,66.0,25.0,,,,,1.0,1.0,1.0,50.0,0.0,0.0,0.0,0.0,0.0,100.0,100.0,100.0,10000.0,10000.0,10000.0,0,0,0,50.0,0.0,0.0,0,0
493600,66.0,66.0,25.0,,,,,1.0,1.0,1.0,50.0,0.0,0.0,0.0,0.0,0.0,100.0,100.0,100.0,10000.0,10000.0,10000.0,0,0,0,50.0,0.0,0.0,0,0
493800,66.0,66.0,25.0,,,,,1.0,1.0,1.0,50.0,0.0,0.0,0.0,0.0,0.0,100.0,100.0,100.0,10000.0,10000.0,10000.0,0,0,0,50.0,0.0,0.0,0,0
494000,66.0,66.0,25.0,,,,,1.0,1.0,1.0,50.0,0.0,0.0,0.0,0.0,0.0,100.0,100.0,100.0,10000.0,10000.0,10000.0,0,0,0,50.0,0.0,0.0,0,0
494200,66.0,66.0,25.0,,,,,1.0,1.0,1.0,50.0,0.0,0.0,0.0,0.0,0.0,100.0,100.0,100.0,10000.0,10000.0,10000.0,0,0,0,50.0,0.0,0.0,0,0
494400,66.0,66.0,25.0,,,,,1.0,1.0,1.0,50.0,0.0,0.0,0.0,0.0,0.0,100.0,100.0,100.0,10000.0,10000.0,10000.0,0,0,0,50.0,0.0,0.0,0,0
494600,66.0,66.0,25.0,,,,,1.0,1.0,1.0,50.0,0.0,0.0,0.0,0.0,0.0,100.0,100.0,100.0,10000.0,10000.0,10000.0,0,0,0,50.0,0.0,0.0,0,0
494800,66.0,66.0,25.0,,,,,1.0,1.0,1.0,50.0,0.0,0.0,0.0,0.0,0.0,100.0,100.0,100.0,10000.0,10000.0,10000.0,0,0,0,50.0,0.0,0.0,0,0
495000,66.0,66.0,25.0,,,,,1.0,1.0,1.0,50.0,0.0,0.0,0.0,0.0,0.0,100.0,100.0,100.0,10000.0,10000.0,10000.0,0,0,0,50.0,0.0,0.0,0,0
495200,66.0,66.0,25.0,,,,,1.0,1.0,1.0,50.0,0.0,0.0,0.0,0.0,0.0,100.0,100.0,100.0,10000.0,10000.0,10000.0,0,0,0,50.0,0.0,0.0,0,0
495400,66.0,66.0,25.0,,,,,1.0,1.0,1.0,50.0,0.0,0.0,0.0,0.0,0.0,100.0,100.0,100.0,10000.0,10000.0,10000.0,0,0,0,50.0,0.0,0.0,0,0
495600,66.0,66.0,25.0,,,,,1.0,1.0,1.0,50.0,0.0,0.0,0.0,0.0,0.0,100.0,100.0,100.0,10000.0,10000.0,10000.0,0,0,0,50.0,0.0,0.0,0,0
495800,66.0,66.0,25.0,,,,,1.0,1.0,1.0,50.0,0.0,0.0,0.0,0.0,0.0,100.0,100.0,100.0,10000.0,10000.0,10000.0,0,0,0,50.0,0.0,0.0,0,0
496000,66.0,66.0,25.0,,,,,1.0,1.0,1.0,50.0,0.0,0.0,0.0,0.0,0.0,100.0,100.0,100.0,10000.0,10000.0,10000.0,0,0,0,50.0,0.0,0.0,0,0
496200,66.0,66.0,25.0,,,,,1.0,1.0,1.0,50.0,0.0,0.0,0.0,0.0,0.0,100.0,100.0,100.0,10000.0,10000.0,10000.0,0,0,0,50.0,0.0,0.0,0,0
496400,66.0,66.0,25.0,,,,,1.0,1.0,1.0,50.0,0.0,0.0,0.0,0.0,0.0,100.0,100.0,100.0,10000.0,10000.0,10000.0,0,0,0,50.0,0.0,0.0,0,0
496600,66.0,66.0,25.0,,,,,1.0,1.0,1.0,50.0,0.0,0.0,0.0,0.0,0.0,100.0,100.0,100.0,10000.0,10000.0,10000.0,0,0,0,50.0,0.0,0.0,0,0
496800,66.0,66.0,25.0,,,,,1.0,1.0,1.0,50.0,0.0,0.0,0.0,0.0,0.0,100.0,100.0,100.0,10000.0,10000.0,10000.0,0,0,0,50.0,0.0,0.0,0,0
497000,66.0,66.0,25.0,,,,,1.0,1.0,1.0,50.0,0.0,0.0,0.0,0.0,0.0,100.0,100.0,100.0,10000.0,10000.0,10000.0,0,0,0,50.0,0.0,0.0,0,0
497200,66.0,66.0,25.0,,,,,1.0,1.0,1.0,50.0,0.0,0.0,0.0,0.0,0.0,100.0,100.0,100.0,10000.0,10000.0,10000.0,0,0,0,50.0,0.0,0.0,0,0
497400,66.0,66.0,25.0,,,,,1.0,1.0,1.0,50.0,0.0,0.0,0.0,0.0,0.0,100.0,100.0,100.0,10000.0,10000.0,10000.0,0,0,0,50.0,0.0,0.0,0,0
497600,66.0,66.0,25.0,,,,,1.0,1.0,1.0,50.0,0.0,0.0,0.0,0.0,0.0,100.0,100.0,100.0,10000.0,10000.0,10000.0,0,0,0,50.0,0.0,0.0,0,0
497800,66.0,66.0,25.0,,,,,1.0,1.0,1.0,50.0,0.0,0.0,0.0,0.0,0.0,100.0,100.0,100.0,10000.0,10000.0,10000.0,0,0,0,50.0,0.0,0.0,0,0
498000,66.0,66.0,25.0,,,,,1.0,1.0,1.0,50.0,0.0,0.0,0.0,0.0,0.0,100.0,100.0,100.0,10000.0,10000.0,10000.0,0,0,0,50.0,0.0,0.0,0,0
498200,66.0,66.0,25.0,,,,,1.0,1.0,1.0,50.0,0.0,0.0,0.0,0.0,0.0,100.0,100.0,100.0,10000.0,10000.0,10000.0,0,0,0,50.0,0.0,0.0,0,0
498400,66.0,66.0,25.0,,,,,1.0,1.0,1.0,50.0,0.0,0.0,0.0,0.0,0.0,100.0,100.0,100.0,10000.0,10000.0,10000.0,0,0,0,50.0,0.0,0.0,0,0
498600,66.0,66.0,25.0,,,,,1.0,1.0,1.0,50.0,0.0,0.0,0.0,0.0,0.0,100.0,100.0,100.0,10000.0,10000.0,10000.0,0,0,0,50.0,0.0,0.0,0,0
498800,66.0,66.0,25.0,,,,,1.0,1.0,1.0,50.0,0.0,0.0,0.0,0.0,0.0,100.0,100.0,100.0,10000.0,10000.0,10000.0,0,0,0,50.0,0.0,0.0,0,0
499000,66.0,66.0,25.0,,,,,1.0,1.0,1.0,50.0,0.0,0.0,0.0,0.0,0.0,100.0,100.0,100.0,10000.0,10000.0,10000.0,0,0,0,50.0,0.0,0.0,0,0
499200,66.0,66.0,25.0,,,,,1.0,1.0,1.0,50.0,0.0,0.0,0.0,0.0,0.0,100.0,100.0,100.0,10000.0,10000.0,10000.0,0,0,0,50.0,0.0,0.0,0,0
499400,66.0,66.0,25.0,,,,,1.0,1.0,1.0,50.0,0.0,0.0,0.0,0.0,0.0,100.0,100.0,100.0,10000.0,10000.0,10000.0,0,0,0,50.0,0.0,0.0,0,0
499600,66.0,66.0,25.0,,,,,1.0,1.0,1.0,50.0,0.0,0.0,0.0,0.0,0.0,100.0,100.0,100.0,10000.0,10000.0,10000.0,0,0,0,50.0,0.0,0.0,0,0
499800,66.5,66.0,25.0,,,,,1.0,1.0,1.0,50.0,0.0,0.0,0.0,0.0,0.0,100.0,100.0,100.0,10000.0,10000.0,10000.0,0,0,0,50.0,0.0,0.0,0,0
500000,66.5,66.0,25.0,,,,,1.0,1.0,1.0,50.0,0.0,0.0,0.0,0.0,0.0,100.0,100.0,100.0,10000.0,10000.0,10000.0,0,0,0,50.0,0.0,0.0,0,0
500200,66.5,66.0,25.0,,,,,1.0,1.0,1.0,50.0,0.0,0.0,0.0,0.0,0.0,100.0,100.0,100.0,10000.0,10000.0,10000.0,0,0,0,50.0,0.0,0.0,0,0
500400,66.5,66.0,25.0,,,,,1.0,1.0,1.0,50.0,0.0,0.0,0.0,0.0,0.0,100.0,100.0,100.0,10000.0,10000.0,10000.0,0,0,0,50.0,0.0,0.0,0,0
500600,66.5,66.0,25.0,,,,,1.0,1.0,1.0,50.0,0.0,0.0,0.0,0.0,0.0,100.0,100.0,100.0,10000.0,10000.0,10000.0,0,0,0,50.0,0.0,0.0,0,0
500800,66.5,66.0,25.0,,,,,1.0,1.0,1.0,50.0,0.0,0.0,0.0,0.0,0.0,100.0,100.0,100.0,10000.0,10000.0,10000.0,0,0,0,50.0,0.0,0.0,0,0
501000,66.5,66.0,25.0,,,,,1.0,1.0,1.0,50.0,0.0,0.0,0.0,0.0,0.0,100.0,100.0,100.0,10000.0,10000.0,10000.0,0,0,0,50.0,0.0,0.0,0,0
501200,66.5,66.0,25.0,,,,,1.0,1.0,1.0,50.0,0.0,0.0,0.0,0.0,0.0,100.0,100.0,100.0,10000.0,10000.0,10000.0,0,0,0,50.0,0.0,0.0,0,0
501400,66.5,66.0,25.0,,,,,1.0,1.0,1.0,50.0,0.0,0.0,0.0,0.0,0.0,100.0,100.0,100.0,10000.0,10000.0,10000.0,0,0,0,50.0,0.0,0.0,0,0
501600,66.5,66.0,25.0,,,,,1.0,1.0,1.0,50.0,0.0,0.0,0.0,0.0,0.0,100.0,100.0,100.0,10000.0,10000.0,10000.0,0,0,0,50.0,0.0,0.0,0,0
501800,66.5,66.0,25.0,,,,,1.0,1.0,1.0,50.0,0.0,0.0,0.0,0.0,0.0,100.0,100.0,100.0,10000.0,10000.0,10000.0,0,0,0,50.0,0.0,0.0,0,0
502000,66.5,66.0,25.0,,,,,1.0,1.0,1.0,50.0,0.0,0.0,0.0,0.0,0.0,100.0,100.0,100.0,10000.0,10000.0,10000.0,0,0,0,50.0,0.0,0.0,0,0
502200,66.5,66.0,25.0,,,,,1.0,1.0,1.0,50.0,0.0,0.0,0.0,0.0,0.0,100.0,100.0,100.0,10000.0,10000.0,10000.0,0,0,0,50.0,0.0,0.0,0,0
502400,66.5,66.0,25.0,,,,,1.0,1.0,1.0,50.0,0.0,0.0,0.0,0.0,0.0,100.0,100.0,100.0,10000.0,10000.0,10000.0,0,0,0,50.0,0.0,0.0,0,0
502600,66.5,66.0,25.0,,,,,1.0,1.0,1.0,50.0,0.0,0.0,0.0,0.0,0.0,100.0,100.0,100.0,10000.0,10000.0,10000.0,0,0,0,50.0,0.0,0.0,0,0
502800,66.5,66.0,25.0,,,,,1.0,1.0,1.0,50.0,0.0,0.0,0.0,0.0,0.0,100.0,100.0,100.0,10000.0,10000.0,10000.0,0,0,0,50.0,0.0,0.0,0,0
503000,66.5,66.0,25.0,,,,,1.0,1.0,1.0,50.0,0.0,0.0,0.0,0.0,0.0,100.0,100.0,100.0,10000.0,10000.0,10000.0,0,0,0,50.0,0.0,0.0,0,0
503200,66.5,66.0,25.0,,,,,1.0,1.0,1.0,50.0,0.0,0.0,0.0,0.0,0.0,100.0,100.0,100.0,10000.0,10000.0,10000.0,0,0,0,50.0,0.0,0.0,0,0
503400,66.5,66.0,25.0,,,,,1.0,1.0,1.0,50.0,0.0,0.0,0.0,0.0,0.0,100.0,100.0,100.0,10000.0,10000.0,10000.0,0,0,0,50.0,0.0,0.0,0,0
503600,66.5,66.0,25.0,,,,,1.0,1.0,1.0,50.0,0.0,0.0,0.0,0.0,0.0,100.0,100.0,100.0,10000.0,10000.0,10000.0,0,0,0,50.0,0.0,0.0,0,0
503800,66.5,66.0,25.0,,,,,1.0,1.0,1.0,50.0,0.0,0.0,0.0,0.0,0.0,100.0,100.0,100.0,10000.0,10000.0,10000.0,0,0,0,50.0,0.0,0.0,0,0
504000,66.5,66.0,25.0,,,,,1.0,1.0,1.0,50.0,0.0,0.0,0.0,0.0,0.0,100.0,100.0,100.0,10000.0,10000.0,10000.0,0,0,0,50.0,0.0,0.0,0,0
504200,66.5,66.0,25.0,,,,,1.0,1.0,1.0,50.0,0.0,0.0,0.0,0.0,0.0,100.0,100.0,100.0,10000.0,10000.0,10000.0,0,0,0,50.0,0.0,0.0,0,0
504400,66.5,66.0,25.0,,,,,1.0,1.0,1.0,50.0,0.0,0.0,0.0,0.0,0.0,100.0,100.0,100.0,10000.0,10000.0,10000.0,0,0,0,50.0,0.0,0.0,0,0
504605,66.5,66.0,25.0,,,,,1.0,1.0,1.0,50.0,0.0,0.0,0.0,0.0,0.0,100.0,100.0,100.0,10000.0,10000.0,10000.0,0,0,0,50.0,0.0,0.0,0,0
504805,66.5,66.0,25.0,,,,,1.0,1.0,1.0,50.0,0.0,0.0,0.0,0.0,0.0,100.0,100.0,100.0,10000.0,10000.0,10000.0,0,0,0,50.0,0.0,0.0,0,0
505005,66.5,66.0,25.0,,,,,1.0,1.0,1.0,50.0,0.0,0.0,0.0,0.0,0.0,100.0,100.0,100.0,10000.0,10000.0,10000.0,0,0,0,50.0,0.0,0.0,0,0
505205,66.5,66.0,25.0,,,,,1.0,1.0,1.0,50.0,0.0,0.0,0.0,0.0,0.0,100.0,100.0,100.0,10000.0,10000.0,10000.0,0,0,0,50.0,0.0,0.0,0,0
505405,66.5,66.0,25.0,,,,,1.0,1.0,1.0,50.0,0.0,0.0,0.0,0.0,0.0,100.0,100.0,100.0,10000.0,10000.0,10000.0,0,0,0,50.0,0.0,0.0,0,0
505605,66.5,66.0,25.0,,,,,1.0,1.0,1.0,50.0,0.0,0.0,0.0,0.0,0.0,100.0,100.0,100.0,10000.0,10000.0,10000.0,0,0,0,50.0,0.0,0.0,0,0
505805,66.5,66.0,25.0,,,,,1.0,1.0,1.0,50.0,0.0,0.0,0.0,0.0,0.0,100.0,100.0,100.0,10000.0,10000.0,10000.0,0,0,0,50.0,0.0,0.0,0,0
506005,66.5,66.0,25.0,,,,,1.0,1.0,1.0,50.0,0.0,0.0,0.0,0.0,0.0,100.0,100.0,100.0,10000.0,10000.0,10000.0,0,0,0,50.0,0.0,0.0,0,0
506205,66.5,66.0,25.0,,,,,1.0,1.0,1.0,50.0,0.0,0.0,0.0,0.0,0.0,100.0,100.0,100.0,10000.0,10000.0,10000.0,0,0,0,50.0,0.0,0.0,0,0
506405,66.5,66.0,25.0,,,,,1.0,1.0,1.0,50.0,0.0,0.0,0.0,0.0,0.0,100.0,100.0,100.0,10000.0,10000.0,10000.0,0,0,0,50.0,0.0,0.0,0,0
506605,66.5,66.0,25.0,,,,,1.0,1.0,1.0,50.0,0.0,0.0,0.0,0.0,0.0,100.0,100.0,100.0,10000.0,10000.0,10000.0,0,0,0,50.0,0.0,0.0,0,0
506805,66.5,66.0,25.0,,,,,1.0,1.0,1.0,50.0,0.0,0.0,0.0,0.0,0.0,100.0,100.0,100.0,10000.0,10000.0,10000.0,0,0,0,50.0,0.0,0.0,0,0
507005,66.5,66.0,25.0,,,,,1.0,1.0,1.0,50.0,0.0,0.0,0.0,0.0,0.0,100.0,100.0,100.0,10000.0,10000.0,10000.0,0,0,0,50.0,0.0,0.0,0,0
507205,66.5,66.0,25.0,,,,,1.0,1.0,1.0,50.0,0.0,0.0,0.0,0.0,0.0,100.0,100.0,100.0,10000.0,10000.0,10000.0,0,0,0,50.0,0.0,0.0,0,0
507405,66.5,66.0,25.0,,,,,1.0,1.0,1.0,50.0,0.0,0.0,0.0,0.0,0.0,100.0,100.0,100.0,10000.0,10000.0,10000.0,0,0,0,50.0,0.0,0.0,0,0
507605,66.5,66.0,25.0,,,,,1.0,1.0,1.0,50.0,0.0,0.0,0.0,0.0,0.0,100.0,100.0,100.0,10000.0,10000.0,10000.0,0,0,0,50.0,0.0,0.0,0,0
507805,66.5,66.0,25.0,,,,,1.0,1.0,1.0,50.0,0.0,0.0,0.0,0.0,0.0,100.0,100.0,100.0,10000.0,10000.0,10000.0,0,0,0,50.0,0.0,0.0,0,0
508005,66.5,66.0,25.0,,,,,1.0,1.0,1.0,50.0,0.0,0.0,0.0,0.0,0.0,100.0,100.0,100.0,10000.0,10000.0,10000.0,0,0,0,50.0,0.0,0.0,0,0
508205,66.5,66.0,25.0,,,,,1.0,1.0,1.0,50.0,0.0,0.0,0.0,0.0,0.0,100.0,100.0,100.0,10000.0,10000.0,10000.0,0,0,0,50.0,0.0,0.0,0,0
508405,66.5,66.0,25.0,,,,,1.0,1.0,1.0,50.0,0.0,0.0,0.0,0.0,0.0,100.0,100.0,100.0,10000.0,10000.0,10000.0,0,0,0,50.0,0.0,0.0,0,0
508605,66.5,66.0,25.0,,,,,1.0,1.0,1.0,50.0,0.0,0.0,0.0,0.0,0.0,100.0,100.0,100.0,10000.0,10000.0,10000.0,0,0,0,50.0,0.0,0.0,0,0
508805,66.5,66.0,25.0,,,,,1.0,1.0,1.0,50.0,0.0,0.0,0.0,0.0,0.0,100.0,100.0,100.0,10000.0,10000.0,10000.0,0,0,0,50.0,0.0,0.0,0,0
509005,66.5,66.0,25.0,,,,,1.0,1.0,1.0,50.0,0.0,0.0,0.0,0.0,0.0,100.0,100.0,100.0,10000.0,10000.0,10000.0,0,0,0,50.0,0.0,0.0,0,0
509205,66.5,66.0,25.0,,,,,1.0,1.0,1.0,50.0,0.0,0.0,0.0,0.0,0.0,100.0,100.0,100.0,10000.0,10000.0,10000.0,0,0,0,50.0,0.0,0.0,0,0
509405,66.5,66.0,25.0,,,,,1.0,1.0,1.0,50.0,0.0,0.0,0.0,0.0,0.0,100.0,100.0,100.0,10000.0,10000.0,10000.0,0,0,0,50.0,0.0,0.0,0,0
509605,66.5,66.0,25.0,,,,,1.0,1.0,1.0,50.0,0.0,0.0,0.0,0.0,0.0,100.0,100.0,100.0,10000.0,10000.0,10000.0,0,0,0,50.0,0.0,0.0,0,0
509805,66.5,66.0,25.0,,,,,1.0,1.0,1.0,50.0,0.0,0.0,0.0,0.0,0.0,100.0,100.0,100.0,10000.0,10000.0,10000.0,0,0,0,50.0,0.0,0.0,0,0
510005,66.5,66.0,25.0,,,,,1.0,1.0,1.0,50.0,0.0,0.0,0.0,0.0,0.0,100.0,100.0,100.0,10000.0,10000.0,10000.0,0,0,0,50.0,0.0,0.0,0,0
510205,66.5,66.0,25.0,,,,,1.0,1.0,1.0,50.0,0.0,0.0,0.0,0.0,0.0,100.0,100.0,100.0,10000.0,10000.0,10000.0,0,0,0,50.0,0.0,0.0,0,0
510405,66.5,66.0,25.0,,,,,1.0,1.0,1.0,50.0,0.0,0.0,0.0,0.0,0.0,100.0,100.0,100.0,10000.0,10000.0,10000.0,0,0,0,50.0,0.0,0.0,0,0
510605,66.5,66.5,25.0,,,,,1.0,1.0,1.0,50.0,0.0,0.0,0.0,0.0,0.0,100.0,100.0,100.0,10000.0,10000.0,10000.0,0,0,0,50.0,0.0,0.0,0,0
510805,66.5,66.5,25.0,,,,,1.0,1.0,1.0,50.0,0.0,0.0,0.0,0.0,0.0,100.0,100.0,100.0,10000.0,10000.0,10000.0,0,0,0,50.0,0.0,0.0,0,0
511005,66.5,66.5,25.0,,,,,1.0,1.0,1.0,50.0,0.0,0.0,0.0,0.0,0.0,100.0,100.0,100.0,10000.0,10000.0,10000.0,0,0,0,50.0,0.0,0.0,0,0
511205,66.5,66.5,25.0,,,,,1.0,1.0,1.0,50.0,0.0,0.0,0.0,0.0,0.0,100.0,100.0,100.0,10000.0,10000.0,10000.0,0,0,0,50.0,0.0,0.0,0,0
511405,66.5,66.5,25.0,,,,,1.0,1.0,1.0,50.0,0.0,0.0,0.0,0.0,0.0,100.0,100.0,100.0,10000.0,10000.0,10000.0,0,0,0,50.0,0.0,0.0,0,0
511605,66.5,66.5,25.0,,,,,1.0,1.0,1.0,50.0,0.0,0.0,0.0,0.0,0.0,100.0,100.0,100.0,10000.0,10000.0,10000.0,0,0,0,50.0,0.0,0.0,0,0
511805,66.5,66.5,25.0,,,,,1.0,1.0,1.0,50.0,0.0,0.0,0.0,0.0,0.0,100.0,100.0,100.0,10000.0,10000.0,10000.0,0,0,0,50.0,0.0,0.0,0,0
512005,66.5,66.5,25.0,,,,,1.0,1.0,1.0,50.0,0.0,0.0,0.0,0.0,0.0,100.0,100.0,100.0,10000.0,10000.0,10000.0,0,0,0,50.0,0.0,0.0,0,0
512205,66.5,66.5,25.0,,,,,1.0,1.0,1.0,50.0,0.0,0.0,0.0,0.0,0.0,100.0,100.0,100.0,10000.0,10000.0,10000.0,0,0,0,50.0,0.0,0.0,0,0
512405,66.5,66.5,25.0,,,,,1.0,1.0,1.0,50.0,0.0,0.0,0.0,0.0,0.0,100.0,100.0,100.0,10000.0,10000.0,10000.0,0,0,0,50.0,0.0,0.0,0,0
512605,66.5,66.5,25.0,,,,,1.0,1.0,1.0,50.0,0.0,0.0,0.0,0.0,0.0,100.0,100.0,100.0,10000.0,10000.0,10000.0,0,0,0,50.0,0.0,0.0,0,0
512805,66.5,66.5,25.0,,,,,1.0,1.0,1.0,50.0,0.0,0.0,0.0,0.0,0.0,100.0,100.0,100.0,10000.0,10000.0,10000.0,0,0,0,50.0,0.0,0.0,0,0
513005,66.5,66.5,25.0,,,,,1.0,1.0,1.0,50.0,0.0,0.0,0.0,0.0,0.0,100.0,100.0,100.0,10000.0,10000.0,10000.0,0,0,0,50.0,0.0,0.0,0,0
513205,66.5,66.5,25.0,,,,,1.0,1.0,1.0,50.0,0.0,0.0,0.0,0.0,0.0,100.0,100.0,100.0,10000.0,10000.0,10000.0,0,0,0,50.0,0.0,0.0,0,0
513405,66.5,66.5,25.0,,,,,1.0,1.0,1.0,50.0,0.0,0.0,0.0,0.0,0.0,100.0,100.0,100.0,10000.0,10000.0,10000.0,0,0,0,50.0,0.0,0.0,0,0
513605,66.5,66.5,25.0,,,,,1.0,1.0,1.0,50.0,0.0,0.0,0.0,0.0,0.0,100.0,100.0,100.0,10000.0,10000.0,10000.0,0,0,0,50.0,0.0,0.0,0,0
513805,66.5,66.5,25.0,,,,,1.0,1.0,1.0,50.0,0.0,0.0,0.0,0.0,0.0,100.0,100.0,100.0,10000.0,10000.0,10000.0,0,0,0,50.0,0.0,0.0,0,0
514005,66.5,66.5,25.0,,,,,1.0,1.0,1.0,50.0,0.0,0.0,0.0,0.0,0.0,100.0,100.0,100.0,10000.0,10000.0,10000.0,0,0,0,50.0,0.0,0.0,0,0
514205,66.5,66.5,25.0,,,,,1.0,1.0,1.0,50.0,0.0,0.0,0.0,0.0,0.0,100.0,100.0,100.0,10000.0,10000.0,10000.0,0,0,0,50.0,0.0,0.0,0,0
514405,66.5,66.5,25.0,,,,,1.0,1.0,1.0,50.0,0.0,0.0,0.0,0.0,0.0,100.0,100.0,100.0,10000.0,10000.0,10000.0,0,0,0,50.0,0.0,0.0,0,0
514605,66.5,66.5,25.0,,,,,1.0,1.0,1.0,50.0,0.0,0.0,0.0,0.0,0.0,100.0,100.0,100.0,10000.0,10000.0,10000.0,0,0,0,50.0,0.0,0.0,0,0
514805,66.5,66.5,25.0,,,,,1.0,1.0,1.0,50.0,0.0,0.0,0.0,0.0,0.0,100.0,100.0,100.0,10000.0,10000.0,10000.0,0,0,0,50.0,0.0,0.0,0,0
515005,66.5,66.5,25.0,,,,,1.0,1.0,1.0,50.0,0.0,0.0,0.0,0.0,0.0,100.0,100.0,100.0,10000.0,10000.0,10000.0,0,0,0,50.0,0.0,0.0,0,0
515205,66.5,66.5,25.0,,,,,1.0,1.0,1.0,50.0,0.0,0.0,0.0,0.0,0.0,100.0,100.0,100.0,10000.0,10000.0,10000.0,0,0,0,50.0,0.0,0.0,0,0
515405,66.5,66.5,25.0,,,,,1.0,1.0,1.0,50.0,0.0,0.0,0.0,0.0,0.0,100.0,100.0,100.0,10000.0,10000.0,10000.0,0,0,0,50.0,0.0,0.0,0,0
515605,66.5,66.5,25.0,,,,,1.0,1.0,1.0,50.0,0.0,0.0,0.0,0.0,0.0,100.0,100.0,100.0,10000.0,10000.0,10000.0,0,0,0,50.0,0.0,0.0,0,0
515805,66.5,66.5,25.0,,,,,1.0,1.0,1.0,50.0,0.0,0.0,0.0,0.0,0.0,100.0,100.0,100.0,10000.0,10000.0,10000.0,0,0,0,50.0,0.0,0.0,0,0
516005,66.5,66.5,25.0,,,,,1.0,1.0,1.0,50.0,0.0,0.0,0.0,0.0,0.0,100.0,100.0,100.0,10000.0,10000.0,10000.0,0,0,0,50.0,0.0,0.0,0,0
516205,66.5,66.5,25.0,,,,,1.0,1.0,1.0,50.0,0.0,0.0,0.0,0.0,0.0,100.0,100.0,100.0,10000.0,10000.0,10000.0,0,0,0,50.0,0.0,0.0,0,0
516405,66.5,66.5,25.0,,,,,1.0,1.0,1.0,50.0,0.0,0.0,0.0,0.0,0.0,100.0,100.0,100.0,10000.0,10000.0,10000.0,0,0,0,50.0,0.0,0.0,0,0
516605,66.5,66.5,25.0,,,,,1.0,1.0,1.0,50.0,0.0,0.0,0.0,0.0,0.0,100.0,100.0,100.0,10000.0,10000.0,10000.0,0,0,0,50.0,0.0,0.0,0,0
516805,66.5,66.5,25.0,,,,,1.0,1.0,1.0,50.0,0.0,0.0,0.0,0.0,0.0,100.0,100.0,100.0,10000.0,10000.0,10000.0,0,0,0,50.0,0.0,0.0,0,0
517005,66.5,66.5,25.0,,,,,1.0,1.0,1.0,50.0,0.0,0.0,0.0,0.0,0.0,100.0,100.0,100.0,10000.0,10000.0,10000.0,0,0,0,50.0,0.0,0.0,0,0
517205,66.5,66.5,25.0,,,,,1.0,1.0,1.0,50.0,0.0,0.0,0.0,0.0,0.0,100.0,100.0,100.0,10000.0,10000.0,10000.0,0,0,0,50.0,0.0,0.0,0,0
517405,66.5,66.5,25.0,,,,,1.0,1.0,1.0,50.0,0.0,0.0,0.0,0.0,0.0,100.0,100.0,100.0,10000.0,10000.0,10000.0,0,0,0,50.0,0.0,0.0,0,0
517605,66.5,66.5,25.0,,,,,1.0,1.0,1.0,50.0,0.0,0.0,0.0,0.0,0.0,100.0,100.0,100.0,10000.0,10000.0,10000.0,0,0,0,50.0,0.0,0.0,0,0
517805,66.5,66.5,25.0,,,,,1.0,1.0,1.0,50.0,0.0,0.0,0.0,0.0,0.0,100.0,100.0,100.0,10000.0,10000.0,10000.0,0,0,0,50.0,0.0,0.0,0,0
518005,66.5,66.5,25.0,,,,,1.0,1.0,1.0,50.0,0.0,0.0,0.0,0.0,0.0,100.0,100.0,100.0,10000.0,10000.0,10000.0,0,0,0,50.0,0.0,0.0,0,0
518205,66.5,66.5,25.0,,,,,1.0,1.0,1.0,50.0,0.0,0.0,0.0,0.0,0.0,100.0,100.0,100.0,10000.0,10000.0,10000.0,0,0,0,50.0,0.0,0.0,0,0
518405,66.5,66.5,25.0,,,,,1.0,1.0,1.0,50.0,0.0,0.0,0.0,0.0,0.0,100.0,100.0,100.0,10000.0,10000.0,10000.0,0,0,0,50.0,0.0,0.0,0,0
518605,66.5,66.5,25.0,,,,,1.0,1.0,1.0,50.0,0.0,0.0,0.0,0.0,0.0,100.0,100.0,100.0,10000.0,10000.0,10000.0,0,0,0,50.0,0.0,0.0,0,0
518805,66.5,66.5,25.0,,,,,1.0,1.0,1.0,50.0,0.0,0.0,0.0,0.0,0.0,100.0,100.0,100.0,10000.0,10000.0,10000.0,0,0,0,50.0,0.0,0.0,0,0
519005,66.5,66.5,25.0,,,,,1.0,1.0,1.0,50.0,0.0,0.0,0.0,0.0,0.0,100.0,100.0,100.0,10000.0,10000.0,10000.0,0,0,0,50.0,0.0,0.0,0,0
519205,66.5,66.5,25.0,,,,,1.0,1.0,1.0,50.0,0.0,0.0,0.0,0.0,0.0,100.0,100.0,100.0,10000.0,10000.0,10000.0,0,0,0,50.0,0.0,0.0,0,0
519405,66.5,66.5,25.0,,,,,1.0,1.0,1.0,50.0,0.0,0.0,0.0,0.0,0.0,100.0,100.0,100.0,10000.0,10000.0,10000.0,0,0,0,50.0,0.0,0.0,0,0
519605,66.5,66.5,25.0,,,,,1.0,1.0,1.0,50.0,0.0,0.0,0.0,0.0,0.0,100.0,100.0,100.0,10000.0,10000.0,10000.0,0,0,0,50.0,0.0,0.0,0,0
519805,66.5,66.5,25.0,,,,,1.0,1.0,1.0,50.0,0.0,0.0,0.0,0.0,0.0,100.0,100.0,100.0,10000.0,10000.0,10000.0,0,0,0,50.0,0.0,0.0,0,0
520005,66.5,66.5,25.0,,,,,1.0,1.0,1.0,50.0,0.0,0.0,0.0,0.0,0.0,100.0,100.0,100.0,10000.0,10000.0,10000.0,0,0,0,50.0,0.0,0.0,0,0
520205,66.5,66.5,25.0,,,,,1.0,1.0,1.0,50.0,0.0,0.0,0.0,0.0,0.0,100.0,100.0,100.0,10000.0,10000.0,10000.0,0,0,0,50.0,0.0,0.0,0,0
520405,66.5,66.5,25.0,,,,,1.0,1.0,1.0,50.0,0.0,0.0,0.0,0.0,0.0,100.0,100.0,100.0,10000.0,10000.0,10000.0,0,0,0,50.0,0.0,0.0,0,0
520605,66.5,66.5,25.0,,,,,1.0,1.0,1.0,50.0,0.0,0.0,0.0,0.0,0.0,100.0,100.0,100.0,10000.0,10000.0,10000.0,0,0,0,50.0,0.0,0.0,0,0
520805,66.5,66.5,25.0,,,,,1.0,1.0,1.0,50.0,0.0,0.0,0.0,0.0,0.0,100.0,100.0,100.0,10000.0,10000.0,10000.0,0,0,0,50.0,0.0,0.0,0,0
521005,66.5,66.5,25.0,,,,,1.0,1.0,1.0,50.0,0.0,0.0,0.0,0.0,0.0,100.0,100.0,100.0,10000.0,10000.0,10000.0,0,0,0,50.0,0.0,0.0,0,0
521205,66.5,66.5,25.0,,,,,1.0,1.0,1.0,50.0,0.0,0.0,0.0,0.0,0.0,100.0,100.0,100.0,10000.0,10000.0,10000.0,0,0,0,50.0,0.0,0.0,0,0
521405,66.5,66.5,25.0,,,,,1.0,1.0,1.0,50.0,0.0,0.0,0.0,0.0,0.0,100.0,100.0,100.0,10000.0,10000.0,10000.0,0,0,0,50.0,0.0,0.0,0,0
521605,66.5,66.5,25.0,,,,,1.0,1.0,1.0,50.0,0.0,0.0,0.0,0.0,0.0,100.0,100.0,100.0,10000.0,10000.0,10000.0,0,0,0,50.0,0.0,0.0,0,0
521805,66.5,66.5,25.0,,,,,1.0,1.0,1.0,50.0,0.0,0.0,0.0,0.0,0.0,100.0,100.0,100.0,10000.0,10000.0,10000.0,0,0,0,50.0,0.0,0.0,0,0
522005,66.5,66.5,25.0,,,,,1.0,1.0,1.0,50.0,0.0,0.0,0.0,0.0,0.0,100.0,100.0,100.0,10000.0,10000.0,10000.0,0,0,0,50.0,0.0,0.0,0,0
522205,66.5,66.5,25.0,,,,,1.0,1.0,1.0,50.0,0.0,0.0,0.0,0.0,0.0,100.0,100.0,100.0,10000.0,10000.0,10000.0,0,0,0,50.0,0.0,0.0,0,0
522405,66.5,66.5,25.0,,,,,1.0,1.0,1.0,50.0,0.0,0.0,0.0,0.0,0.0,100.0,100.0,100.0,10000.0,10000.0,10000.0,0,0,0,50.0,0.0,0.0,0,0
522605,66.5,66.5,25.0,,,,,1.0,1.0,1.0,50.0,0.0,0.0,0.0,0.0,0.0,100.0,100.0,100.0,10000.0,10000.0,10000.0,0,0,0,50.0,0.0,0.0,0,0
522805,66.5,66.5,25.0,,,,,1.0,1.0,1.0,50.0,0.0,0.0,0.0,0.0,0.0,100.0,100.0,100.0,10000.0,10000.0,10000.0,0,0,0,50.0,0.0,0.0,0,0
523005,66.5,66.5,25.0,,,,,1.0,1.0,1.0,50.0,0.0,0.0,0.0,0.0,0.0,100.0,100.0,100.0,10000.0,10000.0,10000.0,0,0,0,50.0,0.0,0.0,0,0
523205,66.5,66.5,25.0,,,,,1.0,1.0,1.0,50.0,0.0,0.0,0.0,0.0,0.0,100.0,100.0,100.0,10000.0,10000.0,10000.0,0,0,0,50.0,0.0,0.0,0,0
523405,66.5,66.5,25.0,,,,,1.0,1.0,1.0,50.0,0.0,0.0,0.0,0.0,0.0,100.0,100.0,100.0,10000.0,10000.0,10000.0,0,0,0,50.0,0.0,0.0,0,0
523605,66.5,66.5,25.0,,,,,1.0,1.0,1.0,50.0,0.0,0.0,0.0,0.0,0.0,100.0,100.0,100.0,10000.0,10000.0,10000.0,0,0,0,50.0,0.0,0.0,0,0
523805,66.5,66.5,25.0,,,,,1.0,1.0,1.0,50.0,0.0,0.0,0.0,0.0,0.0,100.0,100.0,100.0,10000.0,10000.0,10000.0,0,0,0,50.0,0.0,0.0,0,0
524005,66.5,66.5,25.0,,,,,1.0,1.0,1.0,50.0,0.0,0.0,0.0,0.0,0.0,100.0,100.0,100.0,10000.0,10000.0,10000.0,0,0,0,50.0,0.0,0.0,0,0
524205,66.5,66.5,25.0,,,,,1.0,1.0,1.0,50.0,0.0,0.0,0.0,0.0,0.0,100.0,100.0,100.0,10000.0,10000.0,10000.0,0,0,0,50.0,0.0,0.0,0,0
524405,66.5,66.5,25.0,,,,,1.0,1.0,1.0,50.0,0.0,0.0,0.0,0.0,0.0,100.0,100.0,100.0,10000.0,10000.0,10000.0,0,0,0,50.0,0.0,0.0,0,0
524605,66.5,66.5,25.0,,,,,1.0,1.0,1.0,50.0,0.0,0.0,0.0,0.0,0.0,100.0,100.0,100.0,10000.0,10000.0,10000.0,0,0,0,50.0,0.0,0.0,0,0
524805,66.5,66.5,25.0,,,,,1.0,1.0,1.0,50.0,0.0,0.0,0.0,0.0,0.0,100.0,100.0,100.0,10000.0,10000.0,10000.0,0,0,0,50.0,0.0,0.0,0,0
525005,66.5,66.5,25.0,,,,,1.0,1.0,1.0,50.0,0.0,0.0,0.0,0.0,0.0,100.0,100.0,100.0,10000.0,10000.0,10000.0,0,0,0,50.0,0.0,0.0,0,0
525205,66.5,66.5,25.0,,,,,1.0,1.0,1.0,50.0,0.0,0.0,0.0,0.0,0.0,100.0,100.0,100.0,10000.0,10000.0,10000.0,0,0,0,50.0,0.0,0.0,0,0
525405,66.5,66.5,25.0,,,,,1.0,1.0,1.0,50.0,0.0,0.0,0.0,0.0,0.0,100.0,100.0,100.0,10000.0,10000.0,10000.0,0,0,0,50.0,0.0,0.0,0,0
525605,66.5,66.5,25.0,,,,,1.0,1.0,1.0,50.0,0.0,0.0,0.0,0.0,0.0,100.0,100.0,100.0,10000.0,10000.0,10000.0,0,0,0,50.0,0.0,0.0,0,0
525805,66.5,66.5,25.0,,,,,1.0,1.0,1.0,50.0,0.0,0.0,0.0,0.0,0.0,100.0,100.0,100.0,10000.0,10000.0,10000.0,0,0,0,50.0,0.0,0.0,0,0
526005,66.5,66.5,25.0,,,,,1.0,1.0,1.0,50.0,0.0,0.0,0.0,0.0,0.0,100.0,100.0,100.0,10000.0,10000.0,10000.0,0,0,0,50.0,0.0,0.0,0,0
526205,66.5,66.5,25.0,,,,,1.0,1.0,1.0,50.0,0.0,0.0,0.0,0.0,0.0,100.0,100.0,100.0,10000.0,10000.0,10000.0,0,0,0,50.0,0.0,0.0,0,0
526405,66.5,66.5,25.0,,,,,1.0,1.0,1.0,50.0,0.0,0.0,0.0,0.0,0.0,100.0,100.0,100.0,10000.0,10000.0,10000.0,0,0,0,50.0,0.0,0.0,0,0
526605,66.5,67.0,25.0,,,,,1.0,1.0,1.0,50.0,0.0,0.0,0.0,0.0,0.0,100.0,100.0,100.0,10000.0,10000.0,10000.0,0,0,0,50.0,0.0,0.0,0,0
526805,66.5,67.0,25.0,,,,,1.0,1.0,1.0,50.0,0.0,0.0,0.0,0.0,0.0,100.0,100.0,100.0,10000.0,10000.0,10000.0,0,0,0,50.0,0.0,0.0,0,0
527005,66.5,67.0,25.0,,,,,1.0,1.0,1.0,50.0,0.0,0.0,0.0,0.0,0.0,100.0,100.0,100.0,10000.0,10000.0,10000.0,0,0,0,50.0,0.0,0.0,0,0
527205,66.5,66.5,25.0,,,,,1.0,1.0,1.0,50.0,0.0,0.0,0.0,0.0,0.0,100.0,100.0,100.0,10000.0,10000.0,10000.0,0,0,0,50.0,0.0,0.0,0,0
527405,66.5,66.5,25.0,,,,,1.0,1.0,1.0,50.0,0.0,0.0,0.0,0.0,0.0,100.0,100.0,100.0,10000.0,10000.0,10000.0,0,0,0,50.0,0.0,0.0,0,0
527605,66.5,67.0,25.0,,,,,1.0,1.0,1.0,50.0,0.0,0.0,0.0,0.0,0.0,100.0,100.0,100.0,10000.0,10000.0,10000.0,0,0,0,50.0,0.0,0.0,0,0
527805,66.5,67.0,25.0,,,,,1.0,1.0,1.0,50.0,0.0,0.0,0.0,0.0,0.0,100.0,100.0,100.0,10000.0,10000.0,10000.0,0,0,0,50.0,0.0,0.0,0,0
528005,66.5,67.0,25.0,,,,,1.0,1.0,1.0,50.0,0.0,0.0,0.0,0.0,0.0,100.0,100.0,100.0,10000.0,10000.0,10000.0,0,0,0,50.0,0.0,0.0,0,0
528205,66.5,67.0,25.0,,,,,1.0,1.0,1.0,50.0,0.0,0.0,0.0,0.0,0.0,100.0,100.0,100.0,10000.0,10000.0,10000.0,0,0,0,50.0,0.0,0.0,0,0
528405,66.5,67.0,25.0,,,,,1.0,1.0,1.0,50.0,0.0,0.0,0.0,0.0,0.0,100.0,100.0,100.0,10000.0,10000.0,10000.0,0,0,0,50.0,0.0,0.0,0,0
528605,66.5,67.0,25.0,,,,,1.0,1.0,1.0,50.0,0.0,0.0,0.0,0.0,0.0,100.0,100.0,100.0,10000.0,10000.0,10000.0,0,0,0,50.0,0.0,0.0,0,0
528805,66.5,67.0,25.0,,,,,1.0,1.0,1.0,50.0,0.0,0.0,0.0,0.0,0.0,100.0,100.0,100.0,10000.0,10000.0,10000.0,0,0,0,50.0,0.0,0.0,0,0
529005,66.5,67.0,25.0,,,,,1.0,1.0,1.0,50.0,0.0,0.0,0.0,0.0,0.0,100.0,100.0,100.0,10000.0,10000.0,10000.0,0,0,0,50.0,0.0,0.0,0,0
529205,66.5,66.5,25.0,,,,,1.0,1.0,1.0,50.0,0.0,0.0,0.0,0.0,0.0,100.0,100.0,100.0,10000.0,10000.0,10000.0,0,0,0,50.0,0.0,0.0,0,0
529405,66.5,66.5,25.0,,,,,1.0,1.0,1.0,50.0,0.0,0.0,0.0,0.0,0.0,100.0,100.0,100.0,10000.0,10000.0,10000.0,0,0,0,50.0,0.0,0.0,0,0
529605,66.5,66.5,25.0,,,,,1.0,1.0,1.0,50.0,0.0,0.0,0.0,0.0,0.0,100.0,100.0,100.0,10000.0,10000.0,10000.0,0,0,0,50.0,0.0,0.0,0,0
529805,66.5,66.5,25.0,,,,,1.0,1.0,1.0,50.0,0.0,0.0,0.0,0.0,0.0,100.0,100.0,100.0,10000.0,10000.0,10000.0,0,0,0,50.0,0.0,0.0,0,0
530005,66.5,66.5,25.0,,,,,1.0,1.0,1.0,50.0,0.0,0.0,0.0,0.0,0.0,100.0,100.0,100.0,10000.0,10000.0,10000.0,0,0,0,50.0,0.0,0.0,0,0
530205,66.5,67.0,25.0,,,,,1.0,1.0,1.0,50.0,0.0,0.0,0.0,0.0,0.0,100.0,100.0,100.0,10000.0,10000.0,10000.0,0,0,0,50.0,0.0,0.0,0,0
530405,66.5,67.0,25.0,,,,,1.0,1.0,1.0,50.0,0.0,0.0,0.0,0.0,0.0,100.0,100.0,100.0,10000.0,10000.0,10000.0,0,0,0,50.0,0.0,0.0,0,0
530605,66.5,67.0,25.0,,,,,1.0,1.0,1.0,50.0,0.0,0.0,0.0,0.0,0.0,100.0,100.0,100.0,10000.0,10000.0,10000.0,0,0,0,50.0,0.0,0.0,0,0
530805,66.5,67.0,25.0,,,,,1.0,1.0,1.0,50.0,0.0,0.0,0.0,0.0,0.0,100.0,100.0,100.0,10000.0,10000.0,10000.0,0,0,0,50.0,0.0,0.0,0,0
531005,66.5,67.0,25.0,,,,,1.0,1.0,1.0,50.0,0.0,0.0,0.0,0.0,0.0,100.0,100.0,100.0,10000.0,10000.0,10000.0,0,0,0,50.0,0.0,0.0,0,0
531205,66.5,66.5,25.0,,,,,1.0,1.0,1.0,50.0,0.0,0.0,0.0,0.0,0.0,100.0,100.0,100.0,10000.0,10000.0,10000.0,0,0,0,50.0,0.0,0.0,0,0
531405,66.5,66.5,25.0,,,,,1.0,1.0,1.0,50.0,0.0,0.0,0.0,0.0,0.0,100.0,100.0,100.0,10000.0,10000.0,10000.0,0,0,0,50.0,0.0,0.0,0,0
531605,66.5,67.0,25.0,,,,,1.0,1.0,1.0,50.0,0.0,0.0,0.0,0.0,0.0,100.0,100.0,100.0,10000.0,10000.0,10000.0,0,0,0,50.0,0.0,0.0,0,0
531805,66.5,67.0,25.0,,,,,1.0,1.0,1.0,50.0,0.0,0.0,0.0,0.0,0.0,100.0,100.0,100.0,10000.0,10000.0,10000.0,0,0,0,50.0,0.0,0.0,0,0
532005,66.5,67.0,25.0,,,,,1.0,1.0,1.0,50.0,0.0,0.0,0.0,0.0,0.0,100.0,100.0,100.0,10000.0,10000.0,10000.0,0,0,0,50.0,0.0,0.0,0,0
532205,66.5,67.0,25.0,,,,,1.0,1.0,1.0,50.0,0.0,0.0,0.0,0.0,0.0,100.0,100.0,100.0,10000.0,10000.0,10000.0,0,0,0,50.0,0.0,0.0,0,0
532405,66.5,67.0,25.0,,,,,1.0,1.0,1.0,50.0,0.0,0.0,0.0,0.0,0.0,100.0,100.0,100.0,10000.0,10000.0,10000.0,0,0,0,50.0,0.0,0.0,0,0
532605,66.5,66.5,25.0,,,,,1.0,1.0,1.0,50.0,0.0,0.0,0.0,0.0,0.0,100.0,100.0,100.0,10000.0,10000.0,10000.0,0,0,0,50.0,0.0,0.0,0,0
532805,66.5,66.5,25.0,,,,,1.0,1.0,1.0,50.0,0.0,0.0,0.0,0.0,0.0,100.0,100.0,100.0,10000.0,10000.0,10000.0,0,0,0,50.0,0.0,0.0,0,0
533005,66.5,66.5,25.0,,,,,1.0,1.0,1.0,50.0,0.0,0.0,0.0,0.0,0.0,100.0,100.0,100.0,10000.0,10000.0,10000.0,0,0,0,50.0,0.0,0.0,0,0
533205,66.5,66.5,25.0,,,,,1.0,1.0,1.0,50.0,0.0,0.0,0.0,0.0,0.0,100.0,100.0,100.0,10000.0,10000.0,10000.0,0,0,0,50.0,0.0,0.0,0,0
533405,67.0,66.5,25.0,,,,,1.0,1.0,1.0,50.0,0.0,0.0,0.0,0.0,0.0,100.0,100.0,100.0,10000.0,10000.0,10000.0,0,0,0,50.0,0.0,0.0,0,0
533605,67.0,66.5,25.0,,,,,1.0,1.0,1.0,50.0,0.0,0.0,0.0,0.0,0.0,100.0,100.0,100.0,10000.0,10000.0,10000.0,0,0,0,50.0,0.0,0.0,0,0
533805,67.0,66.5,25.0,,,,,1.0,1.0,1.0,50.0,0.0,0.0,0.0,0.0,0.0,100.0,100.0,100.0,10000.0,10000.0,10000.0,0,0,0,50.0,0.0,0.0,0,0
534005,67.0,66.5,25.0,,,,,1.0,1.0,1.0,50.0,0.0,0.0,0.0,0.0,0.0,100.0,100.0,100.0,10000.0,10000.0,10000.0,0,0,0,50.0,0.0,0.0,0,0
534205,67.0,66.5,25.0,,,,,1.0,1.0,1.0,50.0,0.0,0.0,0.0,0.0,0.0,100.0,100.0,100.0,10000.0,10000.0,10000.0,0,0,0,50.0,0.0,0.0,0,0
534405,67.0,66.5,25.0,,,,,1.0,1.0,1.0,50.0,0.0,0.0,0.0,0.0,0.0,100.0,100.0,100.0,10000.0,10000.0,10000.0,0,0,0,50.0,0.0,0.0,0,0
534605,67.0,66.5,25.0,,,,,1.0,1.0,1.0,50.0,0.0,0.0,0.0,0.0,0.0,100.0,100.0,100.0,10000.0,10000.0,10000.0,0,0,0,50.0,0.0,0.0,0,0
534805,67.0,66.5,25.0,,,,,1.0,1.0,1.0,50.0,0.0,0.0,0.0,0.0,0.0,100.0,100.0,100.0,10000.0,10000.0,10000.0,0,0,0,50.0,0.0,0.0,0,0
535005,67.0,66.5,25.0,,,,,1.0,1.0,1.0,50.0,0.0,0.0,0.0,0.0,0.0,100.0,100.0,100.0,10000.0,10000.0,10000.0,0,0,0,50.0,0.0,0.0,0,0
535205,67.0,66.5,25.0,,,,,1.0,1.0,1.0,50.0,0.0,0.0,0.0,0.0,0.0,100.0,100.0,100.0,10000.0,10000.0,10000.0,0,0,0,50.0,0.0,0.0,0,0
535405,67.0,66.5,25.0,,,,,1.0,1.0,1.0,50.0,0.0,0.0,0.0,0.0,0.0,100.0,100.0,100.0,10000.0,10000.0,10000.0,0,0,0,50.0,0.0,0.0,0,0
535605,67.0,66.5,25.0,,,,,1.0,1.0,1.0,50.0,0.0,0.0,0.0,0.0,0.0,100.0,100.0,100.0,10000.0,10000.0,10000.0,0,0,0,50.0,0.0,0.0,0,0
535805,67.0,66.5,25.0,,,,,1.0,1.0,1.0,50.0,0.0,0.0,0.0,0.0,0.0,100.0,100.0,100.0,10000.0,10000.0,10000.0,0,0,0,50.0,0.0,0.0,0,0
536005,67.0,66.5,25.0,,,,,1.0,1.0,1.0,50.0,0.0,0.0,0.0,0.0,0.0,100.0,100.0,100.0,10000.0,10000.0,10000.0,0,0,0,50.0,0.0,0.0,0,0
536205,67.0,66.5,25.0,,,,,1.0,1.0,1.0,50.0,0.0,0.0,0.0,0.0,0.0,100.0,100.0,100.0,10000.0,10000.0,10000.0,0,0,0,50.0,0.0,0.0,0,0
536405,67.0,66.5,25.0,,,,,1.0,1.0,1.0,50.0,0.0,0.0,0.0,0.0,0.0,100.0,100.0,100.0,10000.0,10000.0,10000.0,0,0,0,50.0,0.0,0.0,0,0
536605,67.0,66.5,25.0,,,,,1.0,1.0,1.0,50.0,0.0,0.0,0.0,0.0,0.0,100.0,100.0,100.0,10000.0,10000.0,10000.0,0,0,0,50.0,0.0,0.0,0,0
536805,67.0,66.5,25.0,,,,,1.0,1.0,1.0,50.0,0.0,0.0,0.0,0.0,0.0,100.0,100.0,100.0,10000.0,10000.0,10000.0,0,0,0,50.0,0.0,0.0,0,0
537005,67.0,66.5,25.0,,,,,1.0,1.0,1.0,50.0,0.0,0.0,0.0,0.0,0.0,100.0,100.0,100.0,10000.0,10000.0,10000.0,0,0,0,50.0,0.0,0.0,0,0
537205,67.0,66.5,25.0,,,,,1.0,1.0,1.0,50.0,0.0,0.0,0.0,0.0,0.0,100.0,100.0,100.0,10000.0,10000.0,10000.0,0,0,0,50.0,0.0,0.0,0,0
537405,67.0,66.5,25.0,,,,,1.0,1.0,1.0,50.0,0.0,0.0,0.0,0.0,0.0,100.0,100.0,100.0,10000.0,10000.0,10000.0,0,0,0,50.0,0.0,0.0,0,0
537605,67.0,66.5,25.0,,,,,1.0,1.0,1.0,50.0,0.0,0.0,0.0,0.0,0.0,100.0,100.0,100.0,10000.0,10000.0,10000.0,0,0,0,50.0,0.0,0.0,0,0
537805,67.0,66.5,25.0,,,,,1.0,1.0,1.0,50.0,0.0,0.0,0.0,0.0,0.0,100.0,100.0,100.0,10000.0,10000.0,10000.0,0,0,0,50.0,0.0,0.0,0,0
538005,67.0,66.5,25.0,,,,,1.0,1.0,1.0,50.0,0.0,0.0,0.0,0.0,0.0,100.0,100.0,100.0,10000.0,10000.0,10000.0,0,0,0,50.0,0.0,0.0,0,0
538205,67.0,66.5,25.0,,,,,1.0,1.0,1.0,50.0,0.0,0.0,0.0,0.0,0.0,100.0,100.0,100.0,10000.0,10000.0,10000.0,0,0,0,50.0,0.0,0.0,0,0
538405,67.0,66.5,25.0,,,,,1.0,1.0,1.0,50.0,0.0,0.0,0.0,0.0,0.0,100.0,100.0,100.0,10000.0,10000.0,10000.0,0,0,0,50.0,0.0,0.0,0,0
538605,67.0,66.5,25.0,,,,,1.0,1.0,1.0,50.0,0.0,0.0,0.0,0.0,0.0,100.0,100.0,100.0,10000.0,10000.0,10000.0,0,0,0,50.0,0.0,0.0,0,0
538805,67.0,66.5,25.0,,,,,1.0,1.0,1.0,50.0,0.0,0.0,0.0,0.0,0.0,100.0,100.0,100.0,10000.0,10000.0,10000.0,0,0,0,50.0,0.0,0.0,0,0
539005,67.0,66.5,25.0,,,,,1.0,1.0,1.0,50.0,0.0,0.0,0.0,0.0,0.0,100.0,100.0,100.0,10000.0,10000.0,10000.0,0,0,0,50.0,0.0,0.0,0,0
539205,67.0,66.5,25.0,,,,,1.0,1.0,1.0,50.0,0.0,0.0,0.0,0.0,0.0,100.0,100.0,100.0,10000.0,10000.0,10000.0,0,0,0,50.0,0.0,0.0,0,0
539405,67.0,66.5,25.0,,,,,1.0,1.0,1.0,50.0,0.0,0.0,0.0,0.0,0.0,100.0,100.0,100.0,10000.0,10000.0,10000.0,0,0,0,50.0,0.0,0.0,0,0
539605,67.0,66.5,25.0,,,,,1.0,1.0,1.0,50.0,0.0,0.0,0.0,0.0,0.0,100.0,100.0,100.0,10000.0,10000.0,10000.0,0,0,0,50.0,0.0,0.0,0,0
539805,67.0,66.5,25.0,,,,,1.0,1.0,1.0,50.0,0.0,0.0,0.0,0.0,0.0,100.0,100.0,100.0,10000.0,10000.0,10000.0,0,0,0,50.0,0.0,0.0,0,0
540005,67.0,66.5,25.0,,,,,1.0,1.0,1.0,50.0,0.0,0.0,0.0,0.0,0.0,100.0,100.0,100.0,10000.0,10000.0,10000.0,0,0,0,50.0,0.0,0.0,0,0
540205,67.0,66.5,25.0,,,,,1.0,1.0,1.0,50.0,0.0,0.0,0.0,0.0,0.0,100.0,100.0,100.0,10000.0,10000.0,10000.0,0,0,0,50.0,0.0,0.0,0,0
540405,67.0,66.5,25.0,,,,,1.0,1.0,1.0,50.0,0.0,0.0,0.0,0.0,0.0,100.0,100.0,100.0,10000.0,10000.0,10000.0,0,0,0,50.0,0.0,0.0,0,0
540605,67.0,67.0,25.0,,,,,1.0,1.0,1.0,50.0,0.0,0.0,0.0,0.0,0.0,100.0,100.0,100.0,10000.0,10000.0,10000.0,0,0,0,50.0,0.0,0.0,0,0
540805,67.0,67.0,25.0,,,,,1.0,1.0,1.0,50.0,0.0,0.0,0.0,0.0,0.0,100.0,100.0,100.0,10000.0,10000.0,10000.0,0,0,0,50.0,0.0,0.0,0,0
541005,67.0,67.0,25.0,,,,,1.0,1.0,1.0,50.0,0.0,0.0,0.0,0.0,0.0,100.0,100.0,100.0,10000.0,10000.0,10000.0,0,0,0,50.0,0.0,0.0,0,0
541205,67.0,67.0,25.0,,,,,1.0,1.0,1.0,50.0,0.0,0.0,0.0,0.0,0.0,100.0,100.0,100.0,10000.0,10000.0,10000.0,0,0,0,50.0,0.0,0.0,0,0
541405,67.0,67.0,25.0,,,,,1.0,1.0,1.0,50.0,0.0,0.0,0.0,0.0,0.0,100.0,100.0,100.0,10000.0,10000.0,10000.0,0,0,0,50.0,0.0,0.0,0,0
541605,67.0,67.0,25.0,,,,,1.0,1.0,1.0,50.0,0.0,0.0,0.0,0.0,0.0,100.0,100.0,100.0,10000.0,10000.0,10000.0,0,0,0,50.0,0.0,0.0,0,0
541805,67.0,67.0,25.0,,,,,1.0,1.0,1.0,50.0,0.0,0.0,0.0,0.0,0.0,100.0,100.0,100.0,10000.0,10000.0,10000.0,0,0,0,50.0,0.0,0.0,0,0
542005,67.0,67.0,25.0,,,,,1.0,1.0,1.0,50.0,0.0,0.0,0.0,0.0,0.0,100.0,100.0,100.0,10000.0,10000.0,10000.0,0,0,0,50.0,0.0,0.0,0,0
542205,67.0,67.0,25.0,,,,,1.0,1.0,1.0,50.0,0.0,0.0,0.0,0.0,0.0,100.0,100.0,100.0,10000.0,10000.0,10000.0,0,0,0,50.0,0.0,0.0,0,0
542405,67.0,67.0,25.0,,,,,1.0,1.0,1.0,50.0,0.0,0.0,0.0,0.0,0.0,100.0,100.0,100.0,10000.0,10000.0,10000.0,0,0,0,50.0,0.0,0.0,0,0
542605,67.0,67.0,25.0,,,,,1.0,1.0,1.0,50.0,0.0,0.0,0.0,0.0,0.0,100.0,100.0,100.0,10000.0,10000.0,10000.0,0,0,0,50.0,0.0,0.0,0,0
542805,67.0,67.0,25.0,,,,,1.0,1.0,1.0,50.0,0.0,0.0,0.0,0.0,0.0,100.0,100.0,100.0,10000.0,10000.0,10000.0,0,0,0,50.0,0.0,0.0,0,0
543005,67.0,67.0,25.0,,,,,1.0,1.0,1.0,50.0,0.0,0.0,0.0,0.0,0.0,100.0,100.0,100.0,10000.0,10000.0,10000.0,0,0,0,50.0,0.0,0.0,0,0
543205,67.0,67.0,25.0,,,,,1.0,1.0,1.0,50.0,0.0,0.0,0.0,0.0,0.0,100.0,100.0,100.0,10000.0,10000.0,10000.0,0,0,0,50.0,0.0,0.0,0,0
543405,67.0,67.0,25.0,,,,,1.0,1.0,1.0,50.0,0.0,0.0,0.0,0.0,0.0,100.0,100.0,100.0,10000.0,10000.0,10000.0,0,0,0,50.0,0.0,0.0,0,0
543605,67.0,67.0,25.0,,,,,1.0,1.0,1.0,50.0,0.0,0.0,0.0,0.0,0.0,100.0,100.0,100.0,10000.0,10000.0,10000.0,0,0,0,50.0,0.0,0.0,0,0
543805,67.0,67.0,25.0,,,,,1.0,1.0,1.0,50.0,0.0,0.0,0.0,0.0,0.0,100.0,100.0,100.0,10000.0,10000.0,10000.0,0,0,0,50.0,0.0,0.0,0,0
544005,67.0,67.0,25.0,,,,,1.0,1.0,1.0,50.0,0.0,0.0,0.0,0.0,0.0,100.0,100.0,100.0,10000.0,10000.0,10000.0,0,0,0,50.0,0.0,0.0,0,0
544205,67.0,67.0,25.0,,,,,1.0,1.0,1.0,50.0,0.0,0.0,0.0,0.0,0.0,100.0,100.0,100.0,10000.0,10000.0,10000.0,0,0,0,50.0,0.0,0.0,0,0
544405,67.0,67.0,25.0,,,,,1.0,1.0,1.0,50.0,0.0,0.0,0.0,0.0,0.0,100.0,100.0,100.0,10000.0,10000.0,10000.0,0,0,0,50.0,0.0,0.0,0,0
544605,67.0,67.0,25.0,,,,,1.0,1.0,1.0,50.0,0.0,0.0,0.0,0.0,0.0,100.0,100.0,100.0,10000.0,10000.0,10000.0,0,0,0,50.0,0.0,0.0,0,0
544805,67.0,67.0,25.0,,,,,1.0,1.0,1.0,50.0,0.0,0.0,0.0,0.0,0.0,100.0,100.0,100.0,10000.0,10000.0,10000.0,0,0,0,50.0,0.0,0.0,0,0
545005,67.0,67.0,25.0,,,,,1.0,1.0,1.0,50.0,0.0,0.0,0.0,0.0,0.0,100.0,100.0,100.0,10000.0,10000.0,10000.0,0,0,0,50.0,0.0,0.0,0,0
545205,67.0,67.0,25.0,,,,,1.0,1.0,1.0,50.0,0.0,0.0,0.0,0.0,0.0,100.0,100.0,100.0,10000.0,10000.0,10000.0,0,0,0,50.0,0.0,0.0,0,0
545405,67.0,67.0,25.0,,,,,1.0,1.0,1.0,50.0,0.0,0.0,0.0,0.0,0.0,100.0,100.0,100.0,10000.0,10000.0,10000.0,0,0,0,50.0,0.0,0.0,0,0
545605,67.0,67.0,25.0,,,,,1.0,1.0,1.0,50.0,0.0,0.0,0.0,0.0,0.0,100.0,100.0,100.0,10000.0,10000.0,10000.0,0,0,0,50.0,0.0,0.0,0,0
545805,67.0,67.0,25.0,,,,,1.0,1.0,1.0,50.0,0.0,0.0,0.0,0.0,0.0,100.0,100.0,100.0,10000.0,10000.0,10000.0,0,0,0,50.0,0.0,0.0,0,0
546005,66.5,67.0,25.0,,,,,1.0,1.0,1.0,50.0,0.0,0.0,0.0,0.0,0.0,100.0,100.0,100.0,10000.0,10000.0,10000.0,0,0,0,50.0,0.0,0.0,0,0
546205,66.5,67.0,25.0,,,,,1.0,1.0,1.0,50.0,0.0,0.0,0.0,0.0,0.0,100.0,100.0,100.0,10000.0,10000.0,10000.0,0,0,0,50.0,0.0,0.0,0,0
546405,66.5,67.0,25.0,,,,,1.0,1.0,1.0,50.0,0.0,0.0,0.0,0.0,0.0,100.0,100.0,100.0,10000.0,10000.0,10000.0,0,0,0,50.0,0.0,0.0,0,0
546605,66.5,67.0,25.0,,,,,1.0,1.0,1.0,50.0,0.0,0.0,0.0,0.0,0.0,100.0,100.0,100.0,10000.0,10000.0,10000.0,0,0,0,50.0,0.0,0.0,0,0
546805,66.5,67.0,25.0,,,,,1.0,1.0,1.0,50.0,0.0,0.0,0.0,0.0,0.0,100.0,100.0,100.0,10000.0,10000.0,10000.0,0,0,0,50.0,0.0,0.0,0,0
547005,66.5,67.0,25.0,,,,,1.0,1.0,1.0,50.0,0.0,0.0,0.0,0.0,0.0,100.0,100.0,100.0,10000.0,10000.0,10000.0,0,0,0,50.0,0.0,0.0,0,0
547205,66.5,67.0,25.0,,,,,1.0,1.0,1.0,50.0,0.0,0.0,0.0,0.0,0.0,100.0,100.0,100.0,10000.0,10000.0,10000.0,0,0,0,50.0,0.0,0.0,0,0
547405,66.5,67.0,25.0,,,,,1.0,1.0,1.0,50.0,0.0,0.0,0.0,0.0,0.0,100.0,100.0,100.0,10000.0,10000.0,10000.0,0,0,0,50.0,0.0,0.0,0,0
547605,66.5,67.0,25.0,,,,,1.0,1.0,1.0,50.0,0.0,0.0,0.0,0.0,0.0,100.0,100.0,100.0,10000.0,10000.0,10000.0,0,0,0,50.0,0.0,0.0,0,0
547805,67.0,67.0,25.0,,,,,1.0,1.0,1.0,50.0,0.0,0.0,0.0,0.0,0.0,100.0,100.0,100.0,10000.0,10000.0,10000.0,0,0,0,50.0,0.0,0.0,0,0
548005,67.0,67.0,25.0,,,,,1.0,1.0,1.0,50.0,0.0,0.0,0.0,0.0,0.0,100.0,100.0,100.0,10000.0,10000.0,10000.0,0,0,0,50.0,0.0,0.0,0,0
548205,67.0,67.0,25.0,,,,,1.0,1.0,1.0,50.0,0.0,0.0,0.0,0.0,0.0,100.0,100.0,100.0,10000.0,10000.0,10000.0,0,0,0,50.0,0.0,0.0,0,0
548405,67.0,67.0,25.0,,,,,1.0,1.0,1.0,50.0,0.0,0.0,0.0,0.0,0.0,100.0,100.0,100.0,10000.0,10000.0,10000.0,0,0,0,50.0,0.0,0.0,0,0
548605,67.0,67.0,25.0,,,,,1.0,1.0,1.0,50.0,0.0,0.0,0.0,0.0,0.0,100.0,100.0,100.0,10000.0,10000.0,10000.0,0,0,0,50.0,0.0,0.0,0,0
548805,67.0,67.0,25.0,,,,,1.0,1.0,1.0,50.0,0.0,0.0,0.0,0.0,0.0,100.0,100.0,100.0,10000.0,10000.0,10000.0,0,0,0,50.0,0.0,0.0,0,0
549005,67.0,67.0,25.0,,,,,1.0,1.0,1.0,50.0,0.0,0.0,0.0,0.0,0.0,100.0,100.0,100.0,10000.0,10000.0,10000.0,0,0,0,50.0,0.0,0.0,0,0
549205,67.0,67.0,25.0,,,,,1.0,1.0,1.0,50.0,0.0,0.0,0.0,0.0,0.0,100.0,100.0,100.0,10000.0,10000.0,10000.0,0,0,0,50.0,0.0,0.0,0,0
549405,67.0,67.0,25.0,,,,,1.0,1.0,1.0,50.0,0.0,0.0,0.0,0.0,0.0,100.0,100.0,100.0,10000.0,10000.0,10000.0,0,0,0,50.0,0.0,0.0,0,0
549605,67.0,67.0,25.0,,,,,1.0,1.0,1.0,50.0,0.0,0.0,0.0,0.0,0.0,100.0,100.0,100.0,10000.0,10000.0,10000.0,0,0,0,50.0,0.0,0.0,0,0
549805,67.0,67.0,25.0,,,,,1.0,1.0,1.0,50.0,0.0,0.0,0.0,0.0,0.0,100.0,100.0,100.0,10000.0,10000.0,10000.0,0,0,0,50.0,0.0,0.0,0,0
550005,67.0,67.0,25.0,,,,,1.0,1.0,1.0,50.0,0.0,0.0,0.0,0.0,0.0,100.0,100.0,100.0,10000.0,10000.0,10000.0,0,0,0,50.0,0.0,0.0,0,0
550205,67.0,67.0,25.0,,,,,1.0,1.0,1.0,50.0,0.0,0.0,0.0,0.0,0.0,100.0,100.0,100.0,10000.0,10000.0,10000.0,0,0,0,50.0,0.0,0.0,0,0
550405,67.0,67.0,25.0,,,,,1.0,1.0,1.0,50.0,0.0,0.0,0.0,0.0,0.0,100.0,100.0,100.0,10000.0,10000.0,10000.0,0,0,0,50.0,0.0,0.0,0,0
550605,67.0,67.0,25.0,,,,,1.0,1.0,1.0,50.0,0.0,0.0,0.0,0.0,0.0,100.0,100.0,100.0,10000.0,10000.0,10000.0,0,0,0,50.0,0.0,0.0,0,0
550805,67.0,67.0,25.0,,,,,1.0,1.0,1.0,50.0,0.0,0.0,0.0,0.0,0.0,100.0,100.0,100.0,10000.0,10000.0,10000.0,0,0,0,50.0,0.0,0.0,0,0
551005,67.0,67.0,25.0,,,,,1.0,1.0,1.0,50.0,0.0,0.0,0.0,0.0,0.0,100.0,100.0,100.0,10000.0,10000.0,10000.0,0,0,0,50.0,0.0,0.0,0,0
551205,67.0,67.0,25.0,,,,,1.0,1.0,1.0,50.0,0.0,0.0,0.0,0.0,0.0,100.0,100.0,100.0,10000.0,10000.0,10000.0,0,0,0,50.0,0.0,0.0,0,0
551405,67.0,67.0,25.0,,,,,1.0,1.0,1.0,50.0,0.0,0.0,0.0,0.0,0.0,100.0,100.0,100.0,10000.0,10000.0,10000.0,0,0,0,50.0,0.0,0.0,0,0
551605,67.0,67.0,25.0,,,,,1.0,1.0,1.0,50.0,0.0,0.0,0.0,0.0,0.0,100.0,100.0,100.0,10000.0,10000.0,10000.0,0,0,0,50.0,0.0,0.0,0,0
551805,67.0,67.0,25.0,,,,,1.0,1.0,1.0,50.0,0.0,0.0,0.0,0.0,0.0,100.0,100.0,100.0,10000.0,10000.0,10000.0,0,0,0,50.0,0.0,0.0,0,0
552005,67.0,67.0,25.0,,,,,1.0,1.0,1.0,50.0,0.0,0.0,0.0,0.0,0.0,100.0,100.0,100.0,10000.0,10000.0,10000.0,0,0,0,50.0,0.0,0.0,0,0
552205,67.0,67.0,25.0,,,,,1.0,1.0,1.0,50.0,0.0,0.0,0.0,0.0,0.0,100.0,100.0,100.0,10000.0,10000.0,10000.0,0,0,0,50.0,0.0,0.0,0,0
552405,67.0,67.0,25.0,,,,,1.0,1.0,1.0,50.0,0.0,0.0,0.0,0.0,0.0,100.0,100.0,100.0,10000.0,10000.0,10000.0,0,0,0,50.0,0.0,0.0,0,0
552605,67.0,67.0,25.0,,,,,1.0,1.0,1.0,50.0,0.0,0.0,0.0,0.0,0.0,100.0,100.0,100.0,10000.0,10000.0,10000.0,0,0,0,50.0,0.0,0.0,0,0
552805,67.0,67.0,25.0,,,,,1.0,1.0,1.0,50.0,0.0,0.0,0.0,0.0,0.0,100.0,100.0,100.0,10000.0,10000.0,10000.0,0,0,0,50.0,0.0,0.0,0,0
553005,67.0,67.0,25.0,,,,,1.0,1.0,1.0,50.0,0.0,0.0,0.0,0.0,0.0,100.0,100.0,100.0,10000.0,10000.0,10000.0,0,0,0,50.0,0.0,0.0,0,0
553205,67.0,67.0,25.0,,,,,1.0,1.0,1.0,50.0,0.0,0.0,0.0,0.0,0.0,100.0,100.0,100.0,10000.0,10000.0,10000.0,0,0,0,50.0,0.0,0.0,0,0
553405,67.0,67.0,25.0,,,,,1.0,1.0,1.0,50.0,0.0,0.0,0.0,0.0,0.0,100.0,100.0,100.0,10000.0,10000.0,10000.0,0,0,0,50.0,0.0,0.0,0,0
553605,67.0,67.0,25.0,,,,,1.0,1.0,1.0,50.0,0.0,0.0,0.0,0.0,0.0,100.0,100.0,100.0,10000.0,10000.0,10000.0,0,0,0,50.0,0.0,0.0,0,0
553805,67.0,67.0,25.0,,,,,1.0,1.0,1.0,50.0,0.0,0.0,0.0,0.0,0.0,100.0,100.0,100.0,10000.0,10000.0,10000.0,0,0,0,50.0,0.0,0.0,0,0
554005,67.0,67.0,25.0,,,,,1.0,1.0,1.0,50.0,0.0,0.0,0.0,0.0,0.0,100.0,100.0,100.0,10000.0,10000.0,10000.0,0,0,0,50.0,0.0,0.0,0,0
554205,67.0,67.0,25.0,,,,,1.0,1.0,1.0,50.0,0.0,0.0,0.0,0.0,0.0,100.0,100.0,100.0,10000.0,10000.0,10000.0,0,0,0,50.0,0.0,0.0,0,0
554405,67.0,67.0,25.0,,,,,1.0,1.0,1.0,50.0,0.0,0.0,0.0,0.0,0.0,100.0,100.0,100.0,10000.0,10000.0,10000.0,0,0,0,50.0,0.0,0.0,0,0
554605,67.0,67.0,25.0,,,,,1.0,1.0,1.0,50.0,0.0,0.0,0.0,0.0,0.0,100.0,100.0,100.0,10000.0,10000.0,10000.0,0,0,0,50.0,0.0,0.0,0,0
554805,67.0,67.0,25.0,,,,,1.0,1.0,1.0,50.0,0.0,0.0,0.0,0.0,0.0,100.0,100.0,100.0,10000.0,10000.0,10000.0,0,0,0,50.0,0.0,0.0,0,0
555005,67.0,67.0,25.0,,,,,1.0,1.0,1.0,50.0,0.0,0.0,0.0,0.0,0.0,100.0,100.0,100.0,10000.0,10000.0,10000.0,0,0,0,50.0,0.0,0.0,0,0
555205,67.0,67.0,25.0,,,,,1.0,1.0,1.0,50.0,0.0,0.0,0.0,0.0,0.0,100.0,100.0,100.0,10000.0,10000.0,10000.0,0,0,0,50.0,0.0,0.0,0,0
555405,67.0,67.0,25.0,,,,,1.0,1.0,1.0,50.0,0.0,0.0,0.0,0.0,0.0,100.0,100.0,100.0,10000.0,10000.0,10000.0,0,0,0,50.0,0.0,0.0,0,0
555605,67.0,67.0,25.0,,,,,1.0,1.0,1.0,50.0,0.0,0.0,0.0,0.0,0.0,100.0,100.0,100.0,10000.0,10000.0,10000.0,0,0,0,50.0,0.0,0.0,0,0
555805,67.0,67.0,25.0,,,,,1.0,1.0,1.0,50.0,0.0,0.0,0.0,0.0,0.0,100.0,100.0,100.0,10000.0,10000.0,10000.0,0,0,0,50.0,0.0,0.0,0,0
556005,67.0,67.0,25.0,,,,,1.0,1.0,1.0,50.0,0.0,0.0,0.0,0.0,0.0,100.0,100.0,100.0,10000.0,10000.0,10000.0,0,0,0,50.0,0.0,0.0,0,0
556205,67.0,67.0,25.0,,,,,1.0,1.0,1.0,50.0,0.0,0.0,0.0,0.0,0.0,100.0,100.0,100.0,10000.0,10000.0,10000.0,0,0,0,50.0,0.0,0.0,0,0
556405,67.0,67.0,25.0,,,,,1.0,1.0,1.0,50.0,0.0,0.0,0.0,0.0,0.0,100.0,100.0,100.0,10000.0,10000.0,10000.0,0,0,0,50.0,0.0,0.0,0,0
556605,67.0,67.0,25.0,,,,,1.0,1.0,1.0,50.0,0.0,0.0,0.0,0.0,0.0,100.0,100.0,100.0,10000.0,10000.0,10000.0,0,0,0,50.0,0.0,0.0,0,0
556805,67.0,67.0,25.0,,,,,1.0,1.0,1.0,50.0,0.0,0.0,0.0,0.0,0.0,100.0,100.0,100.0,10000.0,10000.0,10000.0,0,0,0,50.0,0.0,0.0,0,0
557005,67.0,67.0,25.0,,,,,1.0,1.0,1.0,50.0,0.0,0.0,0.0,0.0,0.0,100.0,100.0,100.0,10000.0,10000.0,10000.0,0,0,0,50.0,0.0,0.0,0,0
557205,67.0,67.0,25.0,,,,,1.0,1.0,1.0,50.0,0.0,0.0,0.0,0.0,0.0,100.0,100.0,100.0,10000.0,10000.0,10000.0,0,0,0,50.0,0.0,0.0,0,0
557405,67.0,67.0,25.0,,,,,1.0,1.0,1.0,50.0,0.0,0.0,0.0,0.0,0.0,100.0,100.0,100.0,10000.0,10000.0,10000.0,0,0,0,50.0,0.0,0.0,0,0
557605,67.0,67.0,25.0,,,,,1.0,1.0,1.0,50.0,0.0,0.0,0.0,0.0,0.0,100.0,100.0,100.0,10000.0,10000.0,10000.0,0,0,0,50.0,0.0,0.0,0,0
557805,67.0,67.0,25.0,,,,,1.0,1.0,1.0,50.0,0.0,0.0,0.0,0.0,0.0,100.0,100.0,100.0,10000.0,10000.0,10000.0,0,0,0,50.0,0.0,0.0,0,0
558005,67.0,67.0,25.0,,,,,1.0,1.0,1.0,50.0,0.0,0.0,0.0,0.0,0.0,100.0,100.0,100.0,10000.0,10000.0,10000.0,0,0,0,50.0,0.0,0.0,0,0
558205,67.0,67.0,25.0,,,,,1.0,1.0,1.0,50.0,0.0,0.0,0.0,0.0,0.0,100.0,100.0,100.0,10000.0,10000.0,10000.0,0,0,0,50.0,0.0,0.0,0,0
558405,67.0,67.0,25.0,,,,,1.0,1.0,1.0,50.0,0.0,0.0,0.0,0.0,0.0,100.0,100.0,100.0,10000.0,10000.0,10000.0,0,0,0,50.0,0.0,0.0,0,0
558605,67.0,67.0,25.0,,,,,1.0,1.0,1.0,50.0,0.0,0.0,0.0,0.0,0.0,100.0,100.0,100.0,10000.0,10000.0,10000.0,0,0,0,50.0,0.0,0.0,0,0
558805,67.0,67.0,25.0,,,,,1.0,1.0,1.0,50.0,0.0,0.0,0.0,0.0,0.0,100.0,100.0,100.0,10000.0,10000.0,10000.0,0,0,0,50.0,0.0,0.0,0,0
559005,67.0,67.0,25.0,,,,,1.0,1.0,1.0,50.0,0.0,0.0,0.0,0.0,0.0,100.0,100.0,100.0,10000.0,10000.0,10000.0,0,0,0,50.0,0.0,0.0,0,0
559205,67.0,67.0,25.0,,,,,1.0,1.0,1.0,50.0,0.0,0.0,0.0,0.0,0.0,100.0,100.0,100.0,10000.0,10000.0,10000.0,0,0,0,50.0,0.0,0.0,0,0
559405,67.0,67.0,25.0,,,,,1.0,1.0,1.0,50.0,0.0,0.0,0.0,0.0,0.0,100.0,100.0,100.0,10000.0,10000.0,10000.0,0,0,0,50.0,0.0,0.0,0,0
559605,67.0,67.0,25.0,,,,,1.0,1.0,1.0,50.0,0.0,0.0,0.0,0.0,0.0,100.0,100.0,100.0,10000.0,10000.0,10000.0,0,0,0,50.0,0.0,0.0,0,0
559805,67.0,67.0,25.0,,,,,1.0,1.0,1.0,50.0,0.0,0.0,0.0,0.0,0.0,100.0,100.0,100.0,10000.0,10000.0,10000.0,0,0,0,50.0,0.0,0.0,0,0
560005,67.0,67.0,25.0,,,,,1.0,1.0,1.0,50.0,0.0,0.0,0.0,0.0,0.0,100.0,100.0,100.0,10000.0,10000.0,10000.0,0,0,0,50.0,0.0,0.0,0,0
560205,67.0,67.0,25.0,,,,,1.0,1.0,1.0,50.0,0.0,0.0,0.0,0.0,0.0,100.0,100.0,100.0,10000.0,10000.0,10000.0,0,0,0,50.0,0.0,0.0,0,0
560405,67.0,67.0,25.0,,,,,1.0,1.0,1.0,50.0,0.0,0.0,0.0,0.0,0.0,100.0,100.0,100.0,10000.0,10000.0,10000.0,0,0,0,50.0,0.0,0.0,0,0
560605,67.0,67.0,25.0,,,,,1.0,1.0,1.0,50.0,0.0,0.0,0.0,0.0,0.0,100.0,100.0,100.0,10000.0,10000.0,10000.0,0,0,0,50.0,0.0,0.0,0,0
560805,67.0,67.0,25.0,,,,,1.0,1.0,1.0,50.0,0.0,0.0,0.0,0.0,0.0,100.0,100.0,100.0,10000.0,10000.0,10000.0,0,0,0,50.0,0.0,0.0,0,0
561005,67.0,67.0,25.0,,,,,1.0,1.0,1.0,50.0,0.0,0.0,0.0,0.0,0.0,100.0,100.0,100.0,10000.0,10000.0,10000.0,0,0,0,50.0,0.0,0.0,0,0
561205,67.0,67.0,25.0,,,,,1.0,1.0,1.0,50.0,0.0,0.0,0.0,0.0,0.0,100.0,100.0,100.0,10000.0,10000.0,10000.0,0,0,0,50.0,0.0,0.0,0,0
561405,67.0,67.0,25.0,,,,,1.0,1.0,1.0,50.0,0.0,0.0,0.0,0.0,0.0,100.0,100.0,100.0,10000.0,10000.0,10000.0,0,0,0,50.0,0.0,0.0,0,0
561605,67.0,67.0,25.0,,,,,1.0,1.0,1.0,50.0,0.0,0.0,0.0,0.0,0.0,100.0,100.0,100.0,10000.0,10000.0,10000.0,0,0,0,50.0,0.0,0.0,0,0
561805,67.0,67.0,25.0,,,,,1.0,1.0,1.0,50.0,0.0,0.0,0.0,0.0,0.0,100.0,100.0,100.0,10000.0,10000.0,10000.0,0,0,0,50.0,0.0,0.0,0,0
562006,67.0,67.0,25.0,,,,,1.0,1.0,1.0,50.0,0.0,0.0,0.0,0.0,0.0,100.0,100.0,100.0,10000.0,10000.0,10000.0,0,0,0,50.0,0.0,0.0,0,0
562206,67.0,67.0,25.0,,,,,1.0,1.0,1.0,50.0,0.0,0.0,0.0,0.0,0.0,100.0,100.0,100.0,10000.0,10000.0,10000.0,0,0,0,50.0,0.0,0.0,0,0
562406,67.0,67.0,25.0,,,,,1.0,1.0,1.0,50.0,0.0,0.0,0.0,0.0,0.0,100.0,100.0,100.0,10000.0,10000.0,10000.0,0,0,0,50.0,0.0,0.0,0,0
562606,67.0,67.0,25.0,,,,,1.0,1.0,1.0,50.0,0.0,0.0,0.0,0.0,0.0,100.0,100.0,100.0,10000.0,10000.0,10000.0,0,0,0,50.0,0.0,0.0,0,0
562806,67.0,67.0,25.0,,,,,1.0,1.0,1.0,50.0,0.0,0.0,0.0,0.0,0.0,100.0,100.0,100.0,10000.0,10000.0,10000.0,0,0,0,50.0,0.0,0.0,0,0
563006,67.0,67.0,25.0,,,,,1.0,1.0,1.0,50.0,0.0,0.0,0.0,0.0,0.0,100.0,100.0,100.0,10000.0,10000.0,10000.0,0,0,0,50.0,0.0,0.0,0,0
563206,67.0,67.0,25.0,,,,,1.0,1.0,1.0,50.0,0.0,0.0,0.0,0.0,0.0,100.0,100.0,100.0,10000.0,10000.0,10000.0,0,0,0,50.0,0.0,0.0,0,0
563406,67.0,67.0,25.0,,,,,1.0,1.0,1.0,50.0,0.0,0.0,0.0,0.0,0.0,100.0,100.0,100.0,10000.0,10000.0,10000.0,0,0,0,50.0,0.0,0.0,0,0
563606,67.0,67.0,25.0,,,,,1.0,1.0,1.0,50.0,0.0,0.0,0.0,0.0,0.0,100.0,100.0,100.0,10000.0,10000.0,10000.0,0,0,0,50.0,0.0,0.0,0,0
563806,67.0,67.0,25.0,,,,,1.0,1.0,1.0,50.0,0.0,0.0,0.0,0.0,0.0,100.0,100.0,100.0,10000.0,10000.0,10000.0,0,0,0,50.0,0.0,0.0,0,0
564006,67.5,67.0,25.0,,,,,1.0,1.0,1.0,50.0,0.0,0.0,0.0,0.0,0.0,100.0,100.0,100.0,10000.0,10000.0,10000.0,0,0,0,50.0,0.0,0.0,0,0
564206,67.5,67.0,25.0,,,,,1.0,1.0,1.0,50.0,0.0,0.0,0.0,0.0,0.0,100.0,100.0,100.0,10000.0,10000.0,10000.0,0,0,0,50.0,0.0,0.0,0,0
564406,67.5,67.0,25.0,,,,,1.0,1.0,1.0,50.0,0.0,0.0,0.0,0.0,0.0,100.0,100.0,100.0,10000.0,10000.0,10000.0,0,0,0,50.0,0.0,0.0,0,0
564606,67.5,67.0,25.0,,,,,1.0,1.0,1.0,50.0,0.0,0.0,0.0,0.0,0.0,100.0,100.0,100.0,10000.0,10000.0,10000.0,0,0,0,50.0,0.0,0.0,0,0
564806,67.5,67.0,25.0,,,,,1.0,1.0,1.0,50.0,0.0,0.0,0.0,0.0,0.0,100.0,100.0,100.0,10000.0,10000.0,10000.0,0,0,0,50.0,0.0,0.0,0,0
565006,67.5,67.0,25.0,,,,,1.0,1.0,1.0,50.0,0.0,0.0,0.0,0.0,0.0,100.0,100.0,100.0,10000.0,10000.0,10000.0,0,0,0,50.0,0.0,0.0,0,0
565206,67.5,67.0,25.0,,,,,1.0,1.0,1.0,50.0,0.0,0.0,0.0,0.0,0.0,100.0,100.0,100.0,10000.0,10000.0,10000.0,0,0,0,50.0,0.0,0.0,0,0
565406,67.5,67.0,25.0,,,,,1.0,1.0,1.0,50.0,0.0,0.0,0.0,0.0,0.0,100.0,100.0,100.0,10000.0,10000.0,10000.0,0,0,0,50.0,0.0,0.0,0,0
565606,67.5,67.0,25.0,,,,,1.0,1.0,1.0,50.0,0.0,0.0,0.0,0.0,0.0,100.0,100.0,100.0,10000.0,10000.0,10000.0,0,0,0,50.0,0.0,0.0,0,0
565806,67.5,67.0,25.0,,,,,1.0,1.0,1.0,50.0,0.0,0.0,0.0,0.0,0.0,100.0,100.0,100.0,10000.0,10000.0,10000.0,0,0,0,50.0,0.0,0.0,0,0
566006,67.5,67.0,25.0,,,,,1.0,1.0,1.0,50.0,0.0,0.0,0.0,0.0,0.0,100.0,100.0,100.0,10000.0,10000.0,10000.0,0,0,0,50.0,0.0,0.0,0,0
566206,67.5,67.0,25.0,,,,,1.0,1.0,1.0,50.0,0.0,0.0,0.0,0.0,0.0,100.0,100.0,100.0,10000.0,10000.0,10000.0,0,0,0,50.0,0.0,0.0,0,0
566406,67.5,67.0,25.0,,,,,1.0,1.0,1.0,50.0,0.0,0.0,0.0,0.0,0.0,100.0,100.0,100.0,10000.0,10000.0,10000.0,0,0,0,50.0,0.0,0.0,0,0
566606,67.5,67.0,25.0,,,,,1.0,1.0,1.0,50.0,0.0,0.0,0.0,0.0,0.0,100.0,100.0,100.0,10000.0,10000.0,10000.0,0,0,0,50.0,0.0,0.0,0,0
566806,67.5,67.0,25.0,,,,,1.0,1.0,1.0,50.0,0.0,0.0,0.0,0.0,0.0,100.0,100.0,100.0,10000.0,10000.0,10000.0,0,0,0,50.0,0.0,0.0,0,0
567006,67.5,67.0,25.0,,,,,1.0,1.0,1.0,50.0,0.0,0.0,0.0,0.0,0.0,100.0,100.0,100.0,10000.0,10000.0,10000.0,0,0,0,50.0,0.0,0.0,0,0
567206,67.5,67.0,25.0,,,,,1.0,1.0,1.0,50.0,0.0,0.0,0.0,0.0,0.0,100.0,100.0,100.0,10000.0,10000.0,10000.0,0,0,0,50.0,0.0,0.0,0,0
567406,67.5,67.0,25.0,,,,,1.0,1.0,1.0,50.0,0.0,0.0,0.0,0.0,0.0,100.0,100.0,100.0,10000.0,10000.0,10000.0,0,0,0,50.0,0.0,0.0,0,0
567606,67.5,67.0,25.0,,,,,1.0,1.0,1.0,50.0,0.0,0.0,0.0,0.0,0.0,100.0,100.0,100.0,10000.0,10000.0,10000.0,0,0,0,50.0,0.0,0.0,0,0
567806,67.5,67.0,25.0,,,,,1.0,1.0,1.0,50.0,0.0,0.0,0.0,0.0,0.0,100.0,100.0,100.0,10000.0,10000.0,10000.0,0,0,0,50.0,0.0,0.0,0,0
568006,67.5,67.0,25.0,,,,,1.0,1.0,1.0,50.0,0.0,0.0,0.0,0.0,0.0,100.0,100.0,100.0,10000.0,10000.0,10000.0,0,0,0,50.0,0.0,0.0,0,0
568206,67.5,67.5,25.0,,,,,1.0,1.0,1.0,50.0,0.0,0.0,0.0,0.0,0.0,100.0,100.0,100.0,10000.0,10000.0,10000.0,0,0,0,50.0,0.0,0.0,0,0
568406,67.5,67.5,25.0,,,,,1.0,1.0,1.0,50.0,0.0,0.0,0.0,0.0,0.0,100.0,100.0,100.0,10000.0,10000.0,10000.0,0,0,0,50.0,0.0,0.0,0,0
568606,67.5,67.5,25.0,,,,,1.0,1.0,1.0,50.0,0.0,0.0,0.0,0.0,0.0,100.0,100.0,100.0,10000.0,10000.0,10000.0,0,0,0,50.0,0.0,0.0,0,0
568806,67.5,67.5,25.0,,,,,1.0,1.0,1.0,50.0,0.0,0.0,0.0,0.0,0.0,100.0,100.0,100.0,10000.0,10000.0,10000.0,0,0,0,50.0,0.0,0.0,0,0
569006,67.5,67.5,25.0,,,,,1.0,1.0,1.0,50.0,0.0,0.0,0.0,0.0,0.0,100.0,100.0,100.0,10000.0,10000.0,10000.0,0,0,0,50.0,0.0,0.0,0,0
569206,67.5,67.5,25.0,,,,,1.0,1.0,1.0,50.0,0.0,0.0,0.0,0.0,0.0,100.0,100.0,100.0,10000.0,10000.0,10000.0,0,0,0,50.0,0.0,0.0,0,0
569406,67.5,67.5,25.0,,,,,1.0,1.0,1.0,50.0,0.0,0.0,0.0,0.0,0.0,100.0,100.0,100.0,10000.0,10000.0,10000.0,0,0,0,50.0,0.0,0.0,0,0
569606,67.5,67.5,25.0,,,,,1.0,1.0,1.0,50.0,0.0,0.0,0.0,0.0,0.0,100.0,100.0,100.0,10000.0,10000.0,10000.0,0,0,0,50.0,0.0,0.0,0,0
569806,67.5,67.5,25.0,,,,,1.0,1.0,1.0,50.0,0.0,0.0,0.0,0.0,0.0,100.0,100.0,100.0,10000.0,10000.0,10000.0,0,0,0,50.0,0.0,0.0,0,0
570006,67.5,67.5,25.0,,,,,1.0,1.0,1.0,50.0,0.0,0.0,0.0,0.0,0.0,100.0,100.0,100.0,10000.0,10000.0,10000.0,0,0,0,50.0,0.0,0.0,0,0
570206,67.5,67.5,25.0,,,,,1.0,1.0,1.0,50.0,0.0,0.0,0.0,0.0,0.0,100.0,100.0,100.0,10000.0,10000.0,10000.0,0,0,0,50.0,0.0,0.0,0,0
570406,67.5,67.5,25.0,,,,,1.0,1.0,1.0,50.0,0.0,0.0,0.0,0.0,0.0,100.0,100.0,100.0,10000.0,10000.0,10000.0,0,0,0,50.0,0.0,0.0,0,0
570606,67.5,67.5,25.0,,,,,1.0,1.0,1.0,50.0,0.0,0.0,0.0,0.0,0.0,100.0,100.0,100.0,10000.0,10000.0,10000.0,0,0,0,50.0,0.0,0.0,0,0
570806,67.5,67.5,25.0,,,,,1.0,1.0,1.0,50.0,0.0,0.0,0.0,0.0,0.0,100.0,100.0,100.0,10000.0,10000.0,10000.0,0,0,0,50.0,0.0,0.0,0,0
571006,67.5,67.5,25.0,,,,,1.0,1.0,1.0,50.0,0.0,0.0,0.0,0.0,0.0,100.0,100.0,100.0,10000.0,10000.0,10000.0,0,0,0,50.0,0.0,0.0,0,0
571206,67.5,67.5,25.0,,,,,1.0,1.0,1.0,50.0,0.0,0.0,0.0,0.0,0.0,100.0,100.0,100.0,10000.0,10000.0,10000.0,0,0,0,50.0,0.0,0.0,0,0
571406,67.5,67.5,25.0,,,,,1.0,1.0,1.0,50.0,0.0,0.0,0.0,0.0,0.0,100.0,100.0,100.0,10000.0,10000.0,10000.0,0,0,0,50.0,0.0,0.0,0,0
571606,67.5,67.5,25.0,,,,,1.0,1.0,1.0,50.0,0.0,0.0,0.0,0.0,0.0,100.0,100.0,100.0,10000.0,10000.0,10000.0,0,0,0,50.0,0.0,0.0,0,0
571806,67.5,67.5,25.0,,,,,1.0,1.0,1.0,50.0,0.0,0.0,0.0,0.0,0.0,100.0,100.0,100.0,10000.0,10000.0,10000.0,0,0,0,50.0,0.0,0.0,0,0
572006,67.5,67.5,25.0,,,,,1.0,1.0,1.0,50.0,0.0,0.0,0.0,0.0,0.0,100.0,100.0,100.0,10000.0,10000.0,10000.0,0,0,0,50.0,0.0,0.0,0,0
572206,67.5,67.5,25.0,,,,,1.0,1.0,1.0,50.0,0.0,0.0,0.0,0.0,0.0,100.0,100.0,100.0,10000.0,10000.0,10000.0,0,0,0,50.0,0.0,0.0,0,0
572406,67.5,67.5,25.0,,,,,1.0,1.0,1.0,50.0,0.0,0.0,0.0,0.0,0.0,100.0,100.0,100.0,10000.0,10000.0,10000.0,0,0,0,50.0,0.0,0.0,0,0
572606,67.5,67.5,25.0,,,,,1.0,1.0,1.0,50.0,0.0,0.0,0.0,0.0,0.0,100.0,100.0,100.0,10000.0,10000.0,10000.0,0,0,0,50.0,0.0,0.0,0,0
572806,67.5,67.5,25.0,,,,,1.0,1.0,1.0,50.0,0.0,0.0,0.0,0.0,0.0,100.0,100.0,100.0,10000.0,10000.0,10000.0,0,0,0,50.0,0.0,0.0,0,0
573006,67.5,67.5,25.0,,,,,1.0,1.0,1.0,50.0,0.0,0.0,0.0,0.0,0.0,100.0,100.0,100.0,10000.0,10000.0,10000.0,0,0,0,50.0,0.0,0.0,0,0
573206,67.5,67.5,25.0,,,,,1.0,1.0,1.0,50.0,0.0,0.0,0.0,0.0,0.0,100.0,100.0,100.0,10000.0,10000.0,10000.0,0,0,0,50.0,0.0,0.0,0,0
573406,67.5,67.5,25.0,,,,,1.0,1.0,1.0,50.0,0.0,0.0,0.0,0.0,0.0,100.0,100.0,100.0,10000.0,10000.0,10000.0,0,0,0,50.0,0.0,0.0,0,0
573606,67.5,67.5,25.0,,,,,1.0,1.0,1.0,50.0,0.0,0.0,0.0,0.0,0.0,100.0,100.0,100.0,10000.0,10000.0,10000.0,0,0,0,50.0,0.0,0.0,0,0
573806,67.5,67.5,25.0,,,,,1.0,1.0,1.0,50.0,0.0,0.0,0.0,0.0,0.0,100.0,100.0,100.0,10000.0,10000.0,10000.0,0,0,0,50.0,0.0,0.0,0,0
574006,67.5,67.5,25.0,,,,,1.0,1.0,1.0,50.0,0.0,0.0,0.0,0.0,0.0,100.0,100.0,100.0,10000.0,10000.0,10000.0,0,0,0,50.0,0.0,0.0,0,0
574206,67.5,67.5,25.0,,,,,1.0,1.0,1.0,50.0,0.0,0.0,0.0,0.0,0.0,100.0,100.0,100.0,10000.0,10000.0,10000.0,0,0,0,50.0,0.0,0.0,0,0
574406,67.5,67.5,25.0,,,,,1.0,1.0,1.0,50.0,0.0,0.0,0.0,0.0,0.0,100.0,100.0,100.0,10000.0,10000.0,10000.0,0,0,0,50.0,0.0,0.0,0,0
574606,67.5,67.5,25.0,,,,,1.0,1.0,1.0,50.0,0.0,0.0,0.0,0.0,0.0,100.0,100.0,100.0,10000.0,10000.0,10000.0,0,0,0,50.0,0.0,0.0,0,0
574806,67.5,67.5,25.0,,,,,1.0,1.0,1.0,50.0,0.0,0.0,0.0,0.0,0.0,100.0,100.0,100.0,10000.0,10000.0,10000.0,0,0,0,50.0,0.0,0.0,0,0
575006,67.5,67.5,25.0,,,,,1.0,1.0,1.0,50.0,0.0,0.0,0.0,0.0,0.0,100.0,100.0,100.0,10000.0,10000.0,10000.0,0,0,0,50.0,0.0,0.0,0,0
575206,67.5,67.5,25.0,,,,,1.0,1.0,1.0,50.0,0.0,0.0,0.0,0.0,0.0,100.0,100.0,100.0,10000.0,10000.0,10000.0,0,0,0,50.0,0.0,0.0,0,0
575406,67.5,67.5,25.0,,,,,1.0,1.0,1.0,50.0,0.0,0.0,0.0,0.0,0.0,100.0,100.0,100.0,10000.0,10000.0,10000.0,0,0,0,50.0,0.0,0.0,0,0
575606,67.5,67.5,25.0,,,,,1.0,1.0,1.0,50.0,0.0,0.0,0.0,0.0,0.0,100.0,100.0,100.0,10000.0,10000.0,10000.0,0,0,0,50.0,0.0,0.0,0,0
575806,67.5,67.5,25.0,,,,,1.0,1.0,1.0,50.0,0.0,0.0,0.0,0.0,0.0,100.0,100.0,100.0,10000.0,10000.0,10000.0,0,0,0,50.0,0.0,0.0,0,0
576006,67.5,67.5,25.0,,,,,1.0,1.0,1.0,50.0,0.0,0.0,0.0,0.0,0.0,100.0,100.0,100.0,10000.0,10000.0,10000.0,0,0,0,50.0,0.0,0.0,0,0
576206,67.5,67.5,25.0,,,,,1.0,1.0,1.0,50.0,0.0,0.0,0.0,0.0,0.0,100.0,100.0,100.0,10000.0,10000.0,10000.0,0,0,0,50.0,0.0,0.0,0,0
576406,67.5,67.5,25.0,,,,,1.0,1.0,1.0,50.0,0.0,0.0,0.0,0.0,0.0,100.0,100.0,100.0,10000.0,10000.0,10000.0,0,0,0,50.0,0.0,0.0,0,0
576606,67.5,67.5,25.0,,,,,1.0,1.0,1.0,50.0,0.0,0.0,0.0,0.0,0.0,100.0,100.0,100.0,10000.0,10000.0,10000.0,0,0,0,50.0,0.0,0.0,0,0
576806,67.5,67.5,25.0,,,,,1.0,1.0,1.0,50.0,0.0,0.0,0.0,0.0,0.0,100.0,100.0,100.0,10000.0,10000.0,10000.0,0,0,0,50.0,0.0,0.0,0,0
577006,67.5,67.5,25.0,,,,,1.0,1.0,1.0,50.0,0.0,0.0,0.0,0.0,0.0,100.0,100.0,100.0,10000.0,10000.0,10000.0,0,0,0,50.0,0.0,0.0,0,0
577206,67.5,67.5,25.0,,,,,1.0,1.0,1.0,50.0,0.0,0.0,0.0,0.0,0.0,100.0,100.0,100.0,10000.0,10000.0,10000.0,0,0,0,50.0,0.0,0.0,0,0
577406,67.5,67.5,25.0,,,,,1.0,1.0,1.0,50.0,0.0,0.0,0.0,0.0,0.0,100.0,100.0,100.0,10000.0,10000.0,10000.0,0,0,0,50.0,0.0,0.0,0,0
577606,67.5,67.5,25.0,,,,,1.0,1.0,1.0,50.0,0.0,0.0,0.0,0.0,0.0,100.0,100.0,100.0,10000.0,10000.0,10000.0,0,0,0,50.0,0.0,0.0,0,0
577806,67.5,67.5,25.0,,,,,1.0,1.0,1.0,50.0,0.0,0.0,0.0,0.0,0.0,100.0,100.0,100.0,10000.0,10000.0,10000.0,0,0,0,50.0,0.0,0.0,0,0
578006,67.5,67.5,25.0,,,,,1.0,1.0,1.0,50.0,0.0,0.0,0.0,0.0,0.0,100.0,100.0,100.0,10000.0,10000.0,10000.0,0,0,0,50.0,0.0,0.0,0,0
578206,67.5,67.5,25.0,,,,,1.0,1.0,1.0,50.0,0.0,0.0,0.0,0.0,0.0,100.0,100.0,100.0,10000.0,10000.0,10000.0,0,0,0,50.0,0.0,0.0,0,0
578406,67.5,67.5,25.0,,,,,1.0,1.0,1.0,50.0,0.0,0.0,0.0,0.0,0.0,100.0,100.0,100.0,10000.0,10000.0,10000.0,0,0,0,50.0,0.0,0.0,0,0
578606,67.5,67.5,25.0,,,,,1.0,1.0,1.0,50.0,0.0,0.0,0.0,0.0,0.0,100.0,100.0,100.0,10000.0,10000.0,10000.0,0,0,0,50.0,0.0,0.0,0,0
578806,67.5,67.5,25.0,,,,,1.0,1.0,1.0,50.0,0.0,0.0,0.0,0.0,0.0,100.0,100.0,100.0,10000.0,10000.0,10000.0,0,0,0,50.0,0.0,0.0,0,0
579006,67.5,67.5,25.0,,,,,1.0,1.0,1.0,50.0,0.0,0.0,0.0,0.0,0.0,100.0,100.0,100.0,10000.0,10000.0,10000.0,0,0,0,50.0,0.0,0.0,0,0
579206,67.5,67.5,25.0,,,,,1.0,1.0,1.0,50.0,0.0,0.0,0.0,0.0,0.0,100.0,100.0,100.0,10000.0,10000.0,10000.0,0,0,0,50.0,0.0,0.0,0,0
579406,67.5,67.5,25.0,,,,,1.0,1.0,1.0,50.0,0.0,0.0,0.0,0.0,0.0,100.0,100.0,100.0,10000.0,10000.0,10000.0,0,0,0,50.0,0.0,0.0,0,0
579606,67.5,67.5,25.0,,,,,1.0,1.0,1.0,50.0,0.0,0.0,0.0,0.0,0.0,100.0,100.0,100.0,10000.0,10000.0,10000.0,0,0,0,50.0,0.0,0.0,0,0
579806,67.5,67.5,25.0,,,,,1.0,1.0,1.0,50.0,0.0,0.0,0.0,0.0,0.0,100.0,100.0,100.0,10000.0,10000.0,10000.0,0,0,0,50.0,0.0,0.0,0,0
580006,67.5,67.5,25.0,,,,,1.0,1.0,1.0,50.0,0.0,0.0,0.0,0.0,0.0,100.0,100.0,100.0,10000.0,10000.0,10000.0,0,0,0,50.0,0.0,0.0,0,0
580206,67.5,67.5,25.0,,,,,1.0,1.0,1.0,50.0,0.0,0.0,0.0,0.0,0.0,100.0,100.0,100.0,10000.0,10000.0,10000.0,0,0,0,50.0,0.0,0.0,0,0
580406,67.5,67.5,25.0,,,,,1.0,1.0,1.0,50.0,0.0,0.0,0.0,0.0,0.0,100.0,100.0,100.0,10000.0,10000.0,10000.0,0,0,0,50.0,0.0,0.0,0,0
580606,67.5,67.5,25.0,,,,,1.0,1.0,1.0,50.0,0.0,0.0,0.0,0.0,0.0,100.0,100.0,100.0,10000.0,10000.0,10000.0,0,0,0,50.0,0.0,0.0,0,0
580806,67.5,67.5,25.0,,,,,1.0,1.0,1.0,50.0,0.0,0.0,0.0,0.0,0.0,100.0,100.0,100.0,10000.0,10000.0,10000.0,0,0,0,50.0,0.0,0.0,0,0
581006,67.5,67.5,25.0,,,,,1.0,1.0,1.0,50.0,0.0,0.0,0.0,0.0,0.0,100.0,100.0,100.0,10000.0,10000.0,10000.0,0,0,0,50.0,0.0,0.0,0,0
581206,67.5,67.5,25.0,,,,,1.0,1.0,1.0,50.0,0.0,0.0,0.0,0.0,0.0,100.0,100.0,100.0,10000.0,10000.0,10000.0,0,0,0,50.0,0.0,0.0,0,0
581406,67.5,67.5,25.0,,,,,1.0,1.0,1.0,50.0,0.0,0.0,0.0,0.0,0.0,100.0,100.0,100.0,10000.0,10000.0,10000.0,0,0,0,50.0,0.0,0.0,0,0
581606,67.5,67.5,25.0,,,,,1.0,1.0,1.0,50.0,0.0,0.0,0.0,0.0,0.0,100.0,100.0,100.0,10000.0,10000.0,10000.0,0,0,0,50.0,0.0,0.0,0,0
581806,67.5,67.5,25.0,,,,,1.0,1.0,1.0,50.0,0.0,0.0,0.0,0.0,0.0,100.0,100.0,100.0,10000.0,10000.0,10000.0,0,0,0,50.0,0.0,0.0,0,0
582006,67.5,67.5,25.0,,,,,1.0,1.0,1.0,50.0,0.0,0.0,0.0,0.0,0.0,100.0,100.0,100.0,10000.0,10000.0,10000.0,0,0,0,50.0,0.0,0.0,0,0
582206,67.5,67.5,25.0,,,,,1.0,1.0,1.0,50.0,0.0,0.0,0.0,0.0,0.0,100.0,100.0,100.0,10000.0,10000.0,10000.0,0,0,0,50.0,0.0,0.0,0,0
582406,67.5,67.5,25.0,,,,,1.0,1.0,1.0,50.0,0.0,0.0,0.0,0.0,0.0,100.0,100.0,100.0,10000.0,10000.0,10000.0,0,0,0,50.0,0.0,0.0,0,0
582606,67.5,67.5,25.0,,,,,1.0,1.0,1.0,50.0,0.0,0.0,0.0,0.0,0.0,100.0,100.0,100.0,10000.0,10000.0,10000.0,0,0,0,50.0,0.0,0.0,0,0
582806,67.5,67.5,25.0,,,,,1.0,1.0,1.0,50.0,0.0,0.0,0.0,0.0,0.0,100.0,100.0,100.0,10000.0,10000.0,10000.0,0,0,0,50.0,0.0,0.0,0,0
583006,67.5,67.5,25.0,,,,,1.0,1.0,1.0,50.0,0.0,0.0,0.0,0.0,0.0,100.0,100.0,100.0,10000.0,10000.0,10000.0,0,0,0,50.0,0.0,0.0,0,0
583206,67.5,67.5,25.0,,,,,1.0,1.0,1.0,50.0,0.0,0.0,0.0,0.0,0.0,100.0,100.0,100.0,10000.0,10000.0,10000.0,0,0,0,50.0,0.0,0.0,0,0
583406,67.5,67.5,25.0,,,,,1.0,1.0,1.0,50.0,0.0,0.0,0.0,0.0,0.0,100.0,100.0,100.0,10000.0,10000.0,10000.0,0,0,0,50.0,0.0,0.0,0,0
583606,67.5,67.5,25.0,,,,,1.0,1.0,1.0,50.0,0.0,0.0,0.0,0.0,0.0,100.0,100.0,100.0,10000.0,10000.0,10000.0,0,0,0,50.0,0.0,0.0,0,0
583806,67.5,67.5,25.0,,,,,1.0,1.0,1.0,50.0,0.0,0.0,0.0,0.0,0.0,100.0,100.0,100.0,10000.0,10000.0,10000.0,0,0,0,50.0,0.0,0.0,0,0
584006,67.5,67.5,25.0,,,,,1.0,1.0,1.0,50.0,0.0,0.0,0.0,0.0,0.0,100.0,100.0,100.0,10000.0,10000.0,10000.0,0,0,0,50.0,0.0,0.0,0,0
584206,67.5,67.5,25.0,,,,,1.0,1.0,1.0,50.0,0.0,0.0,0.0,0.0,0.0,100.0,100.0,100.0,10000.0,10000.0,10000.0,0,0,0,50.0,0.0,0.0,0,0
584406,67.5,67.5,25.0,,,,,1.0,1.0,1.0,50.0,0.0,0.0,0.0,0.0,0.0,100.0,100.0,100.0,10000.0,10000.0,10000.0,0,0,0,50.0,0.0,0.0,0,0
584606,67.5,67.5,25.0,,,,,1.0,1.0,1.0,50.0,0.0,0.0,0.0,0.0,0.0,100.0,100.0,100.0,10000.0,10000.0,10000.0,0,0,0,50.0,0.0,0.0,0,0
584806,67.5,67.5,25.0,,,,,1.0,1.0,1.0,50.0,0.0,0.0,0.0,0.0,0.0,100.0,100.0,100.0,10000.0,10000.0,10000.0,0,0,0,50.0,0.0,0.0,0,0
585006,67.5,67.5,25.0,,,,,1.0,1.0,1.0,50.0,0.0,0.0,0.0,0.0,0.0,100.0,100.0,100.0,10000.0,10000.0,10000.0,0,0,0,50.0,0.0,0.0,0,0
585206,67.5,67.5,25.0,,,,,1.0,1.0,1.0,50.0,0.0,0.0,0.0,0.0,0.0,100.0,100.0,100.0,10000.0,10000.0,10000.0,0,0,0,50.0,0.0,0.0,0,0
585406,67.5,67.5,25.0,,,,,1.0,1.0,1.0,50.0,0.0,0.0,0.0,0.0,0.0,100.0,100.0,100.0,10000.0,10000.0,10000.0,0,0,0,50.0,0.0,0.0,0,0
585606,67.5,67.5,25.0,,,,,1.0,1.0,1.0,50.0,0.0,0.0,0.0,0.0,0.0,100.0,100.0,100.0,10000.0,10000.0,10000.0,0,0,0,50.0,0.0,0.0,0,0
585806,67.5,67.5,25.0,,,,,1.0,1.0,1.0,50.0,0.0,0.0,0.0,0.0,0.0,100.0,100.0,100.0,10000.0,10000.0,10000.0,0,0,0,50.0,0.0,0.0,0,0
586006,67.5,67.5,25.0,,,,,1.0,1.0,1.0,50.0,0.0,0.0,0.0,0.0,0.0,100.0,100.0,100.0,10000.0,10000.0,10000.0,0,0,0,50.0,0.0,0.0,0,0
586206,67.5,67.5,25.0,,,,,1.0,1.0,1.0,50.0,0.0,0.0,0.0,0.0,0.0,100.0,100.0,100.0,10000.0,10000.0,10000.0,0,0,0,50.0,0.0,0.0,0,0
586406,67.5,67.5,25.0,,,,,1.0,1.0,1.0,50.0,0.0,0.0,0.0,0.0,0.0,100.0,100.0,100.0,10000.0,10000.0,10000.0,0,0,0,50.0,0.0,0.0,0,0
586606,67.5,67.5,25.0,,,,,1.0,1.0,1.0,50.0,0.0,0.0,0.0,0.0,0.0,100.0,100.0,100.0,10000.0,10000.0,10000.0,0,0,0,50.0,0.0,0.0,0,0
586806,67.5,67.5,25.0,,,,,1.0,1.0,1.0,50.0,0.0,0.0,0.0,0.0,0.0,100.0,100.0,100.0,10000.0,10000.0,10000.0,0,0,0,50.0,0.0,0.0,0,0
587006,67.5,67.5,25.0,,,,,1.0,1.0,1.0,50.0,0.0,0.0,0.0,0.0,0.0,100.0,100.0,100.0,10000.0,10000.0,10000.0,0,0,0,50.0,0.0,0.0,0,0
587206,67.5,67.5,25.0,,,,,1.0,1.0,1.0,50.0,0.0,0.0,0.0,0.0,0.0,100.0,100.0,100.0,10000.0,10000.0,10000.0,0,0,0,50.0,0.0,0.0,0,0
587406,67.5,67.5,25.0,,,,,1.0,1.0,1.0,50.0,0.0,0.0,0.0,0.0,0.0,100.0,100.0,100.0,10000.0,10000.0,10000.0,0,0,0,50.0,0.0,0.0,0,0
587606,67.5,67.5,25.0,,,,,1.0,1.0,1.0,50.0,0.0,0.0,0.0,0.0,0.0,100.0,100.0,100.0,10000.0,10000.0,10000.0,0,0,0,50.0,0.0,0.0,0,0
587806,67.5,67.5,25.0,,,,,1.0,1.0,1.0,50.0,0.0,0.0,0.0,0.0,0.0,100.0,100.0,100.0,10000.0,10000.0,10000.0,0,0,0,50.0,0.0,0.0,0,0
588006,67.5,67.5,25.0,,,,,1.0,1.0,1.0,50.0,0.0,0.0,0.0,0.0,0.0,100.0,100.0,100.0,10000.0,10000.0,10000.0,0,0,0,50.0,0.0,0.0,0,0
588206,67.5,67.5,25.0,,,,,1.0,1.0,1.0,50.0,0.0,0.0,0.0,0.0,0.0,100.0,100.0,100.0,10000.0,10000.0,10000.0,0,0,0,50.0,0.0,0.0,0,0
588406,67.5,67.5,25.0,,,,,1.0,1.0,1.0,50.0,0.0,0.0,0.0,0.0,0.0,100.0,100.0,100.0,10000.0,10000.0,10000.0,0,0,0,50.0,0.0,0.0,0,0
588606,67.5,67.5,25.0,,,,,1.0,1.0,1.0,50.0,0.0,0.0,0.0,0.0,0.0,100.0,100.0,100.0,10000.0,10000.0,10000.0,0,0,0,50.0,0.0,0.0,0,0
588806,67.5,67.5,25.0,,,,,1.0,1.0,1.0,50.0,0.0,0.0,0.0,0.0,0.0,100.0,100.0,100.0,10000.0,10000.0,10000.0,0,0,0,50.0,0.0,0.0,0,0
589006,67.5,67.5,25.0,,,,,1.0,1.0,1.0,50.0,0.0,0.0,0.0,0.0,0.0,100.0,100.0,100.0,10000.0,10000.0,10000.0,0,0,0,50.0,0.0,0.0,0,0
589206,67.5,67.5,25.0,,,,,1.0,1.0,1.0,50.0,0.0,0.0,0.0,0.0,0.0,100.0,100.0,100.0,10000.0,10000.0,10000.0,0,0,0,50.0,0.0,0.0,0,0
589406,67.5,67.5,25.0,,,,,1.0,1.0,1.0,50.0,0.0,0.0,0.0,0.0,0.0,100.0,100.0,100.0,10000.0,10000.0,10000.0,0,0,0,50.0,0.0,0.0,0,0
589606,67.5,67.5,25.0,,,,,1.0,1.0,1.0,50.0,0.0,0.0,0.0,0.0,0.0,100.0,100.0,100.0,10000.0,10000.0,10000.0,0,0,0,50.0,0.0,0.0,0,0
589806,67.5,67.5,25.0,,,,,1.0,1.0,1.0,50.0,0.0,0.0,0.0,0.0,0.0,100.0,100.0,100.0,10000.0,10000.0,10000.0,0,0,0,50.0,0.0,0.0,0,0
590006,67.5,67.5,25.0,,,,,1.0,1.0,1.0,50.0,0.0,0.0,0.0,0.0,0.0,100.0,100.0,100.0,10000.0,10000.0,10000.0,0,0,0,50.0,0.0,0.0,0,0
590206,67.5,67.5,25.0,,,,,1.0,1.0,1.0,50.0,0.0,0.0,0.0,0.0,0.0,100.0,100.0,100.0,10000.0,10000.0,10000.0,0,0,0,50.0,0.0,0.0,0,0
590406,67.5,67.5,25.0,,,,,1.0,1.0,1.0,50.0,0.0,0.0,0.0,0.0,0.0,100.0,100.0,100.0,10000.0,10000.0,10000.0,0,0,0,50.0,0.0,0.0,0,0
590606,67.5,67.5,25.0,,,,,1.0,1.0,1.0,50.0,0.0,0.0,0.0,0.0,0.0,100.0,100.0,100.0,10000.0,10000.0,10000.0,0,0,0,50.0,0.0,0.0,0,0
590806,67.5,67.5,25.0,,,,,1.0,1.0,1.0,50.0,0.0,0.0,0.0,0.0,0.0,100.0,100.0,100.0,10000.0,10000.0,10000.0,0,0,0,50.0,0.0,0.0,0,0
591006,67.5,67.5,25.0,,,,,1.0,1.0,1.0,50.0,0.0,0.0,0.0,0.0,0.0,100.0,100.0,100.0,10000.0,10000.0,10000.0,0,0,0,50.0,0.0,0.0,0,0
591206,67.5,67.5,25.0,,,,,1.0,1.0,1.0,50.0,0.0,0.0,0.0,0.0,0.0,100.0,100.0,100.0,10000.0,10000.0,10000.0,0,0,0,50.0,0.0,0.0,0,0
591406,67.5,67.5,25.0,,,,,1.0,1.0,1.0,50.0,0.0,0.0,0.0,0.0,0.0,100.0,100.0,100.0,10000.0,10000.0,10000.0,0,0,0,50.0,0.0,0.0,0,0
591606,67.5,67.5,25.0,,,,,1.0,1.0,1.0,50.0,0.0,0.0,0.0,0.0,0.0,100.0,100.0,100.0,10000.0,10000.0,10000.0,0,0,0,50.0,0.0,0.0,0,0
591806,67.5,67.5,25.0,,,,,1.0,1.0,1.0,50.0,0.0,0.0,0.0,0.0,0.0,100.0,100.0,100.0,10000.0,10000.0,10000.0,0,0,0,50.0,0.0,0.0,0,0
592006,67.5,67.5,25.0,,,,,1.0,1.0,1.0,50.0,0.0,0.0,0.0,0.0,0.0,100.0,100.0,100.0,10000.0,10000.0,10000.0,0,0,0,50.0,0.0,0.0,0,0
592206,67.5,67.5,25.0,,,,,1.0,1.0,1.0,50.0,0.0,0.0,0.0,0.0,0.0,100.0,100.0,100.0,10000.0,10000.0,10000.0,0,0,0,50.0,0.0,0.0,0,0
592406,67.5,67.5,25.0,,,,,1.0,1.0,1.0,50.0,0.0,0.0,0.0,0.0,0.0,100.0,100.0,100.0,10000.0,10000.0,10000.0,0,0,0,50.0,0.0,0.0,0,0
592606,67.5,67.5,25.0,,,,,1.0,1.0,1.0,50.0,0.0,0.0,0.0,0.0,0.0,100.0,100.0,100.0,10000.0,10000.0,10000.0,0,0,0,50.0,0.0,0.0,0,0
592806,67.5,67.5,25.0,,,,,1.0,1.0,1.0,50.0,0.0,0.0,0.0,0.0,0.0,100.0,100.0,100.0,10000.0,10000.0,10000.0,0,0,0,50.0,0.0,0.0,0,0
593006,67.5,67.5,25.0,,,,,1.0,1.0,1.0,50.0,0.0,0.0,0.0,0.0,0.0,100.0,100.0,100.0,10000.0,10000.0,10000.0,0,0,0,50.0,0.0,0.0,0,0
593206,67.5,67.5,25.0,,,,,1.0,1.0,1.0,50.0,0.0,0.0,0.0,0.0,0.0,100.0,100.0,100.0,10000.0,10000.0,10000.0,0,0,0,50.0,0.0,0.0,0,0
593406,67.5,67.5,25.0,,,,,1.0,1.0,1.0,50.0,0.0,0.0,0.0,0.0,0.0,100.0,100.0,100.0,10000.0,10000.0,10000.0,0,0,0,50.0,0.0,0.0,0,0
593606,67.5,67.5,25.0,,,,,1.0,1.0,1.0,50.0,0.0,0.0,0.0,0.0,0.0,100.0,100.0,100.0,10000.0,10000.0,10000.0,0,0,0,50.0,0.0,0.0,0,0
593806,67.5,67.5,25.0,,,,,1.0,1.0,1.0,50.0,0.0,0.0,0.0,0.0,0.0,100.0,100.0,100.0,10000.0,10000.0,10000.0,0,0,0,50.0,0.0,0.0,0,0
594006,67.5,67.5,25.0,,,,,1.0,1.0,1.0,50.0,0.0,0.0,0.0,0.0,0.0,100.0,100.0,100.0,10000.0,10000.0,10000.0,0,0,0,50.0,0.0,0.0,0,0
594206,67.5,67.5,25.0,,,,,1.0,1.0,1.0,50.0,0.0,0.0,0.0,0.0,0.0,100.0,100.0,100.0,10000.0,10000.0,10000.0,0,0,0,50.0,0.0,0.0,0,0
594406,67.5,67.5,25.0,,,,,1.0,1.0,1.0,50.0,0.0,0.0,0.0,0.0,0.0,100.0,100.0,100.0,10000.0,10000.0,10000.0,0,0,0,50.0,0.0,0.0,0,0
594606,67.5,67.5,25.0,,,,,1.0,1.0,1.0,50.0,0.0,0.0,0.0,0.0,0.0,100.0,100.0,100.0,10000.0,10000.0,10000.0,0,0,0,50.0,0.0,0.0,0,0
594806,67.5,67.5,25.0,,,,,1.0,1.0,1.0,50.0,0.0,0.0,0.0,0.0,0.0,100.0,100.0,100.0,10000.0,10000.0,10000.0,0,0,0,50.0,0.0,0.0,0,0
595006,67.5,67.5,25.0,,,,,1.0,1.0,1.0,50.0,0.0,0.0,0.0,0.0,0.0,100.0,100.0,100.0,10000.0,10000.0,10000.0,0,0,0,50.0,0.0,0.0,0,0
595206,67.5,67.5,25.5,,,,,1.0,1.0,1.0,50.0,0.0,0.0,0.0,0.0,0.0,100.0,100.0,100.0,10000.0,10000.0,10000.0,0,0,0,50.0,0.0,0.0,0,0
595406,67.5,67.5,25.5,,,,,1.0,1.0,1.0,50.0,0.0,0.0,0.0,0.0,0.0,100.0,100.0,100.0,10000.0,10000.0,10000.0,0,0,0,50.0,0.0,0.0,0,0
595606,67.5,67.5,25.5,,,,,1.0,1.0,1.0,50.0,0.0,0.0,0.0,0.0,0.0,100.0,100.0,100.0,10000.0,10000.0,10000.0,0,0,0,50.0,0.0,0.0,0,0
595806,67.5,67.5,25.5,,,,,1.0,1.0,1.0,50.0,0.0,0.0,0.0,0.0,0.0,100.0,100.0,100.0,10000.0,10000.0,10000.0,0,0,0,50.0,0.0,0.0,0,0
596006,67.5,67.5,25.5,,,,,1.0,1.0,1.0,50.0,0.0,0.0,0.0,0.0,0.0,100.0,100.0,100.0,10000.0,10000.0,10000.0,0,0,0,50.0,0.0,0.0,0,0
596206,67.5,67.5,25.5,,,,,1.0,1.0,1.0,50.0,0.0,0.0,0.0,0.0,0.0,100.0,100.0,100.0,10000.0,10000.0,10000.0,0,0,0,50.0,0.0,0.0,0,0
596406,67.5,67.5,25.5,,,,,1.0,1.0,1.0,50.0,0.0,0.0,0.0,0.0,0.0,100.0,100.0,100.0,10000.0,10000.0,10000.0,0,0,0,50.0,0.0,0.0,0,0
596606,67.5,67.5,25.0,,,,,1.0,1.0,1.0,50.0,0.0,0.0,0.0,0.0,0.0,100.0,100.0,100.0,10000.0,10000.0,10000.0,0,0,0,50.0,0.0,0.0,0,0
596806,67.5,67.5,25.0,,,,,1.0,1.0,1.0,50.0,0.0,0.0,0.0,0.0,0.0,100.0,100.0,100.0,10000.0,10000.0,10000.0,0,0,0,50.0,0.0,0.0,0,0
597006,67.5,67.5,25.0,,,,,1.0,1.0,1.0,50.0,0.0,0.0,0.0,0.0,0.0,100.0,100.0,100.0,10000.0,10000.0,10000.0,0,0,0,50.0,0.0,0.0,0,0
597206,67.5,67.5,25.0,,,,,1.0,1.0,1.0,50.0,0.0,0.0,0.0,0.0,0.0,100.0,100.0,100.0,10000.0,10000.0,10000.0,0,0,0,50.0,0.0,0.0,0,0
597406,67.5,67.5,25.0,,,,,1.0,1.0,1.0,50.0,0.0,0.0,0.0,0.0,0.0,100.0,100.0,100.0,10000.0,10000.0,10000.0,0,0,0,50.0,0.0,0.0,0,0
597606,67.5,67.5,25.0,,,,,1.0,1.0,1.0,50.0,0.0,0.0,0.0,0.0,0.0,100.0,100.0,100.0,10000.0,10000.0,10000.0,0,0,0,50.0,0.0,0.0,0,0
597806,67.5,67.5,25.0,,,,,1.0,1.0,1.0,50.0,0.0,0.0,0.0,0.0,0.0,100.0,100.0,100.0,10000.0,10000.0,10000.0,0,0,0,50.0,0.0,0.0,0,0
598006,67.5,67.5,25.0,,,,,1.0,1.0,1.0,50.0,0.0,0.0,0.0,0.0,0.0,100.0,100.0,100.0,10000.0,10000.0,10000.0,0,0,0,50.0,0.0,0.0,0,0
598206,67.5,67.5,25.0,,,,,1.0,1.0,1.0,50.0,0.0,0.0,0.0,0.0,0.0,100.0,100.0,100.0,10000.0,10000.0,10000.0,0,0,0,50.0,0.0,0.0,0,0
598406,67.5,67.5,25.0,,,,,1.0,1.0,1.0,50.0,0.0,0.0,0.0,0.0,0.0,100.0,100.0,100.0,10000.0,10000.0,10000.0,0,0,0,50.0,0.0,0.0,0,0
598606,67.5,67.5,25.0,,,,,1.0,1.0,1.0,50.0,0.0,0.0,0.0,0.0,0.0,100.0,100.0,100.0,10000.0,10000.0,10000.0,0,0,0,50.0,0.0,0.0,0,0
598806,67.5,67.5,25.0,,,,,1.0,1.0,1.0,50.0,0.0,0.0,0.0,0.0,0.0,100.0,100.0,100.0,10000.0,10000.0,10000.0,0,0,0,50.0,0.0,0.0,0,0
599006,67.5,67.5,25.0,,,,,1.0,1.0,1.0,50.0,0.0,0.0,0.0,0.0,0.0,100.0,100.0,100.0,10000.0,10000.0,10000.0,0,0,0,50.0,0.0,0.0,0,0
599206,67.5,67.5,25.5,,,,,1.0,1.0,1.0,50.0,0.0,0.0,0.0,0.0,0.0,100.0,100.0,100.0,10000.0,10000.0,10000.0,0,0,0,50.0,0.0,0.0,0,0
599406,67.5,67.5,25.5,,,,,1.0,1.0,1.0,50.0,0.0,0.0,0.0,0.0,0.0,100.0,100.0,100.0,10000.0,10000.0,10000.0,0,0,0,50.0,0.0,0.0,0,0
599606,67.5,67.5,25.0,,,,,1.0,1.0,1.0,50.0,0.0,0.0,0.0,0.0,0.0,100.0,100.0,100.0,10000.0,10000.0,10000.0,0,0,0,50.0,0.0,0.0,0,0
599806,67.5,67.5,25.0,,,,,1.0,1.0,1.0,50.0,0.0,0.0,0.0,0.0,0.0,100.0,100.0,100.0,10000.0,10000.0,10000.0,0,0,0,50.0,0.0,0.0,0,0
600006,68.0,67.5,25.0,,,,,1.0,1.0,1.0,50.0,0.0,0.0,0.0,0.0,0.0,100.0,100.0,100.0,10000.0,10000.0,10000.0,0,0,0,50.0,0.0,0.0,0,0
600206,68.0,67.5,25.0,,,,,1.0,1.0,1.0,50.0,0.0,0.0,0.0,0.0,0.0,100.0,100.0,100.0,10000.0,10000.0,10000.0,0,0,0,50.0,0.0,0.0,0,0
600406,68.0,67.5,25.0,,,,,1.0,1.0,1.0,50.0,0.0,0.0,0.0,0.0,0.0,100.0,100.0,100.0,10000.0,10000.0,10000.0,0,0,0,50.0,0.0,0.0,0,0
600606,68.0,67.5,25.5,,,,,1.0,1.0,1.0,50.0,0.0,0.0,0.0,0.0,0.0,100.0,100.0,100.0,10000.0,10000.0,10000.0,0,0,0,50.0,0.0,0.0,0,0
600806,68.0,67.5,25.5,,,,,1.0,1.0,1.0,50.0,0.0,0.0,0.0,0.0,0.0,100.0,100.0,100.0,10000.0,10000.0,10000.0,0,0,0,50.0,0.0,0.0,0,0
601006,68.0,67.5,25.5,,,,,1.0,1.0,1.0,50.0,0.0,0.0,0.0,0.0,0.0,100.0,100.0,100.0,10000.0,10000.0,10000.0,0,0,0,50.0,0.0,0.0,0,0
601206,68.0,67.5,25.0,,,,,1.0,1.0,1.0,50.0,0.0,0.0,0.0,0.0,0.0,100.0,100.0,100.0,10000.0,10000.0,10000.0,0,0,0,50.0,0.0,0.0,0,0
601406,68.0,67.5,25.0,,,,,1.0,1.0,1.0,50.0,0.0,0.0,0.0,0.0,0.0,100.0,100.0,100.0,10000.0,10000.0,10000.0,0,0,0,50.0,0.0,0.0,0,0
601606,68.0,67.5,25.5,,,,,1.0,1.0,1.0,50.0,0.0,0.0,0.0,0.0,0.0,100.0,100.0,100.0,10000.0,10000.0,10000.0,0,0,0,50.0,0.0,0.0,0,0
601806,68.0,67.5,25.5,,,,,1.0,1.0,1.0,50.0,0.0,0.0,0.0,0.0,0.0,100.0,100.0,100.0,10000.0,10000.0,10000.0,0,0,0,50.0,0.0,0.0,0,0
602006,68.0,67.5,25.5,,,,,1.0,1.0,1.0,50.0,0.0,0.0,0.0,0.0,0.0,100.0,100.0,100.0,10000.0,10000.0,10000.0,0,0,0,50.0,0.0,0.0,0,0
602206,68.0,67.5,25.5,,,,,1.0,1.0,1.0,50.0,0.0,0.0,0.0,0.0,0.0,100.0,100.0,100.0,10000.0,10000.0,10000.0,0,0,0,50.0,0.0,0.0,0,0
602406,68.0,67.5,25.5,,,,,1.0,1.0,1.0,50.0,0.0,0.0,0.0,0.0,0.0,100.0,100.0,100.0,10000.0,10000.0,10000.0,0,0,0,50.0,0.0,0.0,0,0
602606,68.0,67.5,25.5,,,,,1.0,1.0,1.0,50.0,0.0,0.0,0.0,0.0,0.0,100.0,100.0,100.0,10000.0,10000.0,10000.0,0,0,0,50.0,0.0,0.0,0,0
602806,68.0,67.5,25.5,,,,,1.0,1.0,1.0,50.0,0.0,0.0,0.0,0.0,0.0,100.0,100.0,100.0,10000.0,10000.0,10000.0,0,0,0,50.0,0.0,0.0,0,0
603006,68.0,67.5,25.5,,,,,1.0,1.0,1.0,50.0,0.0,0.0,0.0,0.0,0.0,100.0,100.0,100.0,10000.0,10000.0,10000.0,0,0,0,50.0,0.0,0.0,0,0
603206,68.0,67.5,25.5,,,,,1.0,1.0,1.0,50.0,0.0,0.0,0.0,0.0,0.0,100.0,100.0,100.0,10000.0,10000.0,10000.0,0,0,0,50.0,0.0,0.0,0,0
603406,68.0,67.5,25.5,,,,,1.0,1.0,1.0,50.0,0.0,0.0,0.0,0.0,0.0,100.0,100.0,100.0,10000.0,10000.0,10000.0,0,0,0,50.0,0.0,0.0,0,0
603606,68.0,67.5,25.5,,,,,1.0,1.0,1.0,50.0,0.0,0.0,0.0,0.0,0.0,100.0,100.0,100.0,10000.0,10000.0,10000.0,0,0,0,50.0,0.0,0.0,0,0
603806,68.0,67.5,25.5,,,,,1.0,1.0,1.0,50.0,0.0,0.0,0.0,0.0,0.0,100.0,100.0,100.0,10000.0,10000.0,10000.0,0,0,0,50.0,0.0,0.0,0,0
604006,68.0,67.5,25.5,,,,,1.0,1.0,1.0,50.0,0.0,0.0,0.0,0.0,0.0,100.0,100.0,100.0,10000.0,10000.0,10000.0,0,0,0,50.0,0.0,0.0,0,0
604206,68.0,67.5,25.5,,,,,1.0,1.0,1.0,50.0,0.0,0.0,0.0,0.0,0.0,100.0,100.0,100.0,10000.0,10000.0,10000.0,0,0,0,50.0,0.0,0.0,0,0
604406,68.0,67.5,25.5,,,,,1.0,1.0,1.0,50.0,0.0,0.0,0.0,0.0,0.0,100.0,100.0,100.0,10000.0,10000.0,10000.0,0,0,0,50.0,0.0,0.0,0,0
604606,68.0,67.5,25.5,,,,,1.0,1.0,1.0,50.0,0.0,0.0,0.0,0.0,0.0,100.0,100.0,100.0,10000.0,10000.0,10000.0,0,0,0,50.0,0.0,0.0,0,0
604806,68.0,67.5,25.5,,,,,1.0,1.0,1.0,50.0,0.0,0.0,0.0,0.0,0.0,100.0,100.0,100.0,10000.0,10000.0,10000.0,0,0,0,50.0,0.0,0.0,0,0
605006,68.0,67.5,25.5,,,,,1.0,1.0,1.0,50.0,0.0,0.0,0.0,0.0,0.0,100.0,100.0,100.0,10000.0,10000.0,10000.0,0,0,0,50.0,0.0,0.0,0,0
605206,68.0,67.5,25.0,,,,,1.0,1.0,1.0,50.0,0.0,0.0,0.0,0.0,0.0,100.0,100.0,100.0,10000.0,10000.0,10000.0,0,0,0,50.0,0.0,0.0,0,0
605406,68.0,67.5,25.0,,,,,1.0,1.0,1.0,50.0,0.0,0.0,0.0,0.0,0.0,100.0,100.0,100.0,10000.0,10000.0,10000.0,0,0,0,50.0,0.0,0.0,0,0
605606,68.0,67.5,25.0,,,,,1.0,1.0,1.0,50.0,0.0,0.0,0.0,0.0,0.0,100.0,100.0,100.0,10000.0,10000.0,10000.0,0,0,0,50.0,0.0,0.0,0,0
605806,68.0,67.5,25.0,,,,,1.0,1.0,1.0,50.0,0.0,0.0,0.0,0.0,0.0,100.0,100.0,100.0,10000.0,10000.0,10000.0,0,0,0,50.0,0.0,0.0,0,0
606006,68.0,67.5,25.0,,,,,1.0,1.0,1.0,50.0,0.0,0.0,0.0,0.0,0.0,100.0,100.0,100.0,10000.0,10000.0,10000.0,0,0,0,50.0,0.0,0.0,0,0
606206,68.0,67.5,25.0,,,,,1.0,1.0,1.0,50.0,0.0,0.0,0.0,0.0,0.0,100.0,100.0,100.0,10000.0,10000.0,10000.0,0,0,0,50.0,0.0,0.0,0,0
606406,68.0,67.5,25.0,,,,,1.0,1.0,1.0,50.0,0.0,0.0,0.0,0.0,0.0,100.0,100.0,100.0,10000.0,10000.0,10000.0,0,0,0,50.0,0.0,0.0,0,0
606606,68.0,67.5,25.0,,,,,1.0,1.0,1.0,50.0,0.0,0.0,0.0,0.0,0.0,100.0,100.0,100.0,10000.0,10000.0,10000.0,0,0,0,50.0,0.0,0.0,0,0
606806,68.0,67.5,25.0,,,,,1.0,1.0,1.0,50.0,0.0,0.0,0.0,0.0,0.0,100.0,100.0,100.0,10000.0,10000.0,10000.0,0,0,0,50.0,0.0,0.0,0,0
607006,68.0,67.5,25.0,,,,,1.0,1.0,1.0,50.0,0.0,0.0,0.0,0.0,0.0,100.0,100.0,100.0,10000.0,10000.0,10000.0,0,0,0,50.0,0.0,0.0,0,0
607206,68.0,67.5,25.0,,,,,1.0,1.0,1.0,50.0,0.0,0.0,0.0,0.0,0.0,100.0,100.0,100.0,10000.0,10000.0,10000.0,0,0,0,50.0,0.0,0.0,0,0
607406,68.0,67.5,25.0,,,,,1.0,1.0,1.0,50.0,0.0,0.0,0.0,0.0,0.0,100.0,100.0,100.0,10000.0,10000.0,10000.0,0,0,0,50.0,0.0,0.0,0,0
607606,68.0,67.5,25.5,,,,,1.0,1.0,1.0,50.0,0.0,0.0,0.0,0.0,0.0,100.0,100.0,100.0,10000.0,10000.0,10000.0,0,0,0,50.0,0.0,0.0,0,0
607806,68.0,67.5,25.5,,,,,1.0,1.0,1.0,50.0,0.0,0.0,0.0,0.0,0.0,100.0,100.0,100.0,10000.0,10000.0,10000.0,0,0,0,50.0,0.0,0.0,0,0
608006,68.0,67.5,25.5,,,,,1.0,1.0,1.0,50.0,0.0,0.0,0.0,0.0,0.0,100.0,100.0,100.0,10000.0,10000.0,10000.0,0,0,0,50.0,0.0,0.0,0,0
608206,68.0,67.5,25.0,,,,,1.0,1.0,1.0,50.0,0.0,0.0,0.0,0.0,0.0,100.0,100.0,100.0,10000.0,10000.0,10000.0,0,0,0,50.0,0.0,0.0,0,0
608406,68.0,67.5,25.0,,,,,1.0,1.0,1.0,50.0,0.0,0.0,0.0,0.0,0.0,100.0,100.0,100.0,10000.0,10000.0,10000.0,0,0,0,50.0,0.0,0.0,0,0
608606,68.0,67.5,25.0,,,,,1.0,1.0,1.0,50.0,0.0,0.0,0.0,0.0,0.0,100.0,100.0,100.0,10000.0,10000.0,10000.0,0,0,0,50.0,0.0,0.0,0,0
608806,68.0,67.5,25.0,,,,,1.0,1.0,1.0,50.0,0.0,0.0,0.0,0.0,0.0,100.0,100.0,100.0,10000.0,10000.0,10000.0,0,0,0,50.0,0.0,0.0,0,0
609006,68.0,67.5,25.0,,,,,1.0,1.0,1.0,50.0,0.0,0.0,0.0,0.0,0.0,100.0,100.0,100.0,10000.0,10000.0,10000.0,0,0,0,50.0,0.0,0.0,0,0
609206,68.0,67.5,25.5,,,,,1.0,1.0,1.0,50.0,0.0,0.0,0.0,0.0,0.0,100.0,100.0,100.0,10000.0,10000.0,10000.0,0,0,0,50.0,0.0,0.0,0,0
609406,68.0,67.5,25.5,,,,,1.0,1.0,1.0,50.0,0.0,0.0,0.0,0.0,0.0,100.0,100.0,100.0,10000.0,10000.0,10000.0,0,0,0,50.0,0.0,0.0,0,0
609606,68.0,67.5,25.5,,,,,1.0,1.0,1.0,50.0,0.0,0.0,0.0,0.0,0.0,100.0,100.0,100.0,10000.0,10000.0,10000.0,0,0,0,50.0,0.0,0.0,0,0
609806,68.0,67.5,25.5,,,,,1.0,1.0,1.0,50.0,0.0,0.0,0.0,0.0,0.0,100.0,100.0,100.0,10000.0,10000.0,10000.0,0,0,0,50.0,0.0,0.0,0,0
610006,68.0,67.5,25.5,,,,,1.0,1.0,1.0,50.0,0.0,0.0,0.0,0.0,0.0,100.0,100.0,100.0,10000.0,10000.0,10000.0,0,0,0,50.0,0.0,0.0,0,0
610206,68.0,67.5,25.5,,,,,1.0,1.0,1.0,50.0,0.0,0.0,0.0,0.0,0.0,100.0,100.0,100.0,10000.0,10000.0,10000.0,0,0,0,50.0,0.0,0.0,0,0
610406,68.0,67.5,25.5,,,,,1.0,1.0,1.0,50.0,0.0,0.0,0.0,0.0,0.0,100.0,100.0,100.0,10000.0,10000.0,10000.0,0,0,0,50.0,0.0,0.0,0,0
610606,68.0,67.5,25.5,,,,,1.0,1.0,1.0,50.0,0.0,0.0,0.0,0.0,0.0,100.0,100.0,100.0,10000.0,10000.0,10000.0,0,0,0,50.0,0.0,0.0,0,0
610806,68.0,67.5,25.5,,,,,1.0,1.0,1.0,50.0,0.0,0.0,0.0,0.0,0.0,100.0,100.0,100.0,10000.0,10000.0,10000.0,0,0,0,50.0,0.0,0.0,0,0
611006,68.0,67.5,25.5,,,,,1.0,1.0,1.0,50.0,0.0,0.0,0.0,0.0,0.0,100.0,100.0,100.0,10000.0,10000.0,10000.0,0,0,0,50.0,0.0,0.0,0,0
611206,68.0,67.5,25.5,,,,,1.0,1.0,1.0,50.0,0.0,0.0,0.0,0.0,0.0,100.0,100.0,100.0,10000.0,10000.0,10000.0,0,0,0,50.0,0.0,0.0,0,0
611406,68.0,67.5,25.5,,,,,1.0,1.0,1.0,50.0,0.0,0.0,0.0,0.0,0.0,100.0,100.0,100.0,10000.0,10000.0,10000.0,0,0,0,50.0,0.0,0.0,0,0
611606,68.0,67.5,25.0,,,,,1.0,1.0,1.0,50.0,0.0,0.0,0.0,0.0,0.0,100.0,100.0,100.0,10000.0,10000.0,10000.0,0,0,0,50.0,0.0,0.0,0,0
611806,68.0,67.5,25.0,,,,,1.0,1.0,1.0,50.0,0.0,0.0,0.0,0.0,0.0,100.0,100.0,100.0,10000.0,10000.0,10000.0,0,0,0,50.0,0.0,0.0,0,0
612006,68.0,67.5,25.0,,,,,1.0,1.0,1.0,50.0,0.0,0.0,0.0,0.0,0.0,100.0,100.0,100.0,10000.0,10000.0,10000.0,0,0,0,50.0,0.0,0.0,0,0
612206,68.0,67.5,25.5,,,,,1.0,1.0,1.0,50.0,0.0,0.0,0.0,0.0,0.0,100.0,100.0,100.0,10000.0,10000.0,10000.0,0,0,0,50.0,0.0,0.0,0,0
612406,68.0,67.5,25.5,,,,,1.0,1.0,1.0,50.0,0.0,0.0,0.0,0.0,0.0,100.0,100.0,100.0,10000.0,10000.0,10000.0,0,0,0,50.0,0.0,0.0,0,0
612606,68.0,67.5,25.5,,,,,1.0,1.0,1.0,50.0,0.0,0.0,0.0,0.0,0.0,100.0,100.0,100.0,10000.0,10000.0,10000.0,0,0,0,50.0,0.0,0.0,0,0
612806,68.0,67.5,25.5,,,,,1.0,1.0,1.0,50.0,0.0,0.0,0.0,0.0,0.0,100.0,100.0,100.0,10000.0,10000.0,10000.0,0,0,0,50.0,0.0,0.0,0,0
613006,68.0,67.5,25.5,,,,,1.0,1.0,1.0,50.0,0.0,0.0,0.0,0.0,0.0,100.0,100.0,100.0,10000.0,10000.0,10000.0,0,0,0,50.0,0.0,0.0,0,0
613206,68.0,67.5,25.5,,,,,1.0,1.0,1.0,50.0,0.0,0.0,0.0,0.0,0.0,100.0,100.0,100.0,10000.0,10000.0,10000.0,0,0,0,50.0,0.0,0.0,0,0
613406,68.0,67.5,25.5,,,,,1.0,1.0,1.0,50.0,0.0,0.0,0.0,0.0,0.0,100.0,100.0,100.0,10000.0,10000.0,10000.0,0,0,0,50.0,0.0,0.0,0,0
613606,68.0,67.5,25.5,,,,,1.0,1.0,1.0,50.0,0.0,0.0,0.0,0.0,0.0,100.0,100.0,100.0,10000.0,10000.0,10000.0,0,0,0,50.0,0.0,0.0,0,0
613806,68.0,67.5,25.5,,,,,1.0,1.0,1.0,50.0,0.0,0.0,0.0,0.0,0.0,100.0,100.0,100.0,10000.0,10000.0,10000.0,0,0,0,50.0,0.0,0.0,0,0
614006,68.0,67.5,25.5,,,,,1.0,1.0,1.0,50.0,0.0,0.0,0.0,0.0,0.0,100.0,100.0,100.0,10000.0,10000.0,10000.0,0,0,0,50.0,0.0,0.0,0,0
614206,68.0,67.5,25.5,,,,,1.0,1.0,1.0,50.0,0.0,0.0,0.0,0.0,0.0,100.0,100.0,100.0,10000.0,10000.0,10000.0,0,0,0,50.0,0.0,0.0,0,0
614406,68.0,67.5,25.5,,,,,1.0,1.0,1.0,50.0,0.0,0.0,0.0,0.0,0.0,100.0,100.0,100.0,10000.0,10000.0,10000.0,0,0,0,50.0,0.0,0.0,0,0
614606,68.0,67.5,25.5,,,,,1.0,1.0,1.0,50.0,0.0,0.0,0.0,0.0,0.0,100.0,100.0,100.0,10000.0,10000.0,10000.0,0,0,0,50.0,0.0,0.0,0,0
614806,68.0,67.5,25.5,,,,,1.0,1.0,1.0,50.0,0.0,0.0,0.0,0.0,0.0,100.0,100.0,100.0,10000.0,10000.0,10000.0,0,0,0,50.0,0.0,0.0,0,0
615006,68.0,67.5,25.5,,,,,1.0,1.0,1.0,50.0,0.0,0.0,0.0,0.0,0.0,100.0,100.0,100.0,10000.0,10000.0,10000.0,0,0,0,50.0,0.0,0.0,0,0
615206,68.0,67.5,25.5,,,,,1.0,1.0,1.0,50.0,0.0,0.0,0.0,0.0,0.0,100.0,100.0,100.0,10000.0,10000.0,10000.0,0,0,0,50.0,0.0,0.0,0,0
615406,68.0,67.5,25.5,,,,,1.0,1.0,1.0,50.0,0.0,0.0,0.0,0.0,0.0,100.0,100.0,100.0,10000.0,10000.0,10000.0,0,0,0,50.0,0.0,0.0,0,0
615606,68.0,68.0,25.5,,,,,1.0,1.0,1.0,50.0,0.0,0.0,0.0,0.0,0.0,100.0,100.0,100.0,10000.0,10000.0,10000.0,0,0,0,50.0,0.0,0.0,0,0
615806,68.0,68.0,25.5,,,,,1.0,1.0,1.0,50.0,0.0,0.0,0.0,0.0,0.0,100.0,100.0,100.0,10000.0,10000.0,10000.0,0,0,0,50.0,0.0,0.0,0,0
616006,68.0,68.0,25.5,,,,,1.0,1.0,1.0,50.0,0.0,0.0,0.0,0.0,0.0,100.0,100.0,100.0,10000.0,10000.0,10000.0,0,0,0,50.0,0.0,0.0,0,0
616206,68.0,67.5,25.5,,,,,1.0,1.0,1.0,50.0,0.0,0.0,0.0,0.0,0.0,100.0,100.0,100.0,10000.0,10000.0,10000.0,0,0,0,50.0,0.0,0.0,0,0
616406,68.0,67.5,25.5,,,,,1.0,1.0,1.0,50.0,0.0,0.0,0.0,0.0,0.0,100.0,100.0,100.0,10000.0,10000.0,10000.0,0,0,0,50.0,0.0,0.0,0,0
616606,68.0,67.5,25.5,,,,,1.0,1.0,1.0,50.0,0.0,0.0,0.0,0.0,0.0,100.0,100.0,100.0,10000.0,10000.0,10000.0,0,0,0,50.0,0.0,0.0,0,0
616806,68.0,67.5,25.5,,,,,1.0,1.0,1.0,50.0,0.0,0.0,0.0,0.0,0.0,100.0,100.0,100.0,10000.0,10000.0,10000.0,0,0,0,50.0,0.0,0.0,0,0
617006,68.0,67.5,25.5,,,,,1.0,1.0,1.0,50.0,0.0,0.0,0.0,0.0,0.0,100.0,100.0,100.0,10000.0,10000.0,10000.0,0,0,0,50.0,0.0,0.0,0,0
617206,68.0,68.0,25.5,,,,,1.0,1.0,1.0,50.0,0.0,0.0,0.0,0.0,0.0,100.0,100.0,100.0,10000.0,10000.0,10000.0,0,0,0,50.0,0.0,0.0,0,0
617406,68.0,68.0,25.5,,,,,1.0,1.0,1.0,50.0,0.0,0.0,0.0,0.0,0.0,100.0,100.0,100.0,10000.0,10000.0,10000.0,0,0,0,50.0,0.0,0.0,0,0
617606,68.0,68.0,25.5,,,,,1.0,1.0,1.0,50.0,0.0,0.0,0.0,0.0,0.0,100.0,100.0,100.0,10000.0,10000.0,10000.0,0,0,0,50.0,0.0,0.0,0,0
617806,68.0,68.0,25.5,,,,,1.0,1.0,1.0,50.0,0.0,0.0,0.0,0.0,0.0,100.0,100.0,100.0,10000.0,10000.0,10000.0,0,0,0,50.0,0.0,0.0,0,0
618006,68.0,68.0,25.5,,,,,1.0,1.0,1.0,50.0,0.0,0.0,0.0,0.0,0.0,100.0,100.0,100.0,10000.0,10000.0,10000.0,0,0,0,50.0,0.0,0.0,0,0
618206,68.0,68.0,25.5,,,,,1.0,1.0,1.0,50.0,0.0,0.0,0.0,0.0,0.0,100.0,100.0,100.0,10000.0,10000.0,10000.0,0,0,0,50.0,0.0,0.0,0,0
618406,68.0,68.0,25.5,,,,,1.0,1.0,1.0,50.0,0.0,0.0,0.0,0.0,0.0,100.0,100.0,100.0,10000.0,10000.0,10000.0,0,0,0,50.0,0.0,0.0,0,0
618606,68.0,68.0,25.5,,,,,1.0,1.0,1.0,50.0,0.0,0.0,0.0,0.0,0.0,100.0,100.0,100.0,10000.0,10000.0,10000.0,0,0,0,50.0,0.0,0.0,0,0
618806,68.0,68.0,25.5,,,,,1.0,1.0,1.0,50.0,0.0,0.0,0.0,0.0,0.0,100.0,100.0,100.0,10000.0,10000.0,10000.0,0,0,0,50.0,0.0,0.0,0,0
619006,68.0,68.0,25.5,,,,,1.0,1.0,1.0,50.0,0.0,0.0,0.0,0.0,0.0,100.0,100.0,100.0,10000.0,10000.0,10000.0,0,0,0,50.0,0.0,0.0,0,0
619206,68.0,68.0,25.5,,,,,1.0,1.0,1.0,50.0,0.0,0.0,0.0,0.0,0.0,100.0,100.0,100.0,10000.0,10000.0,10000.0,0,0,0,50.0,0.0,0.0,0,0
619406,68.0,68.0,25.5,,,,,1.0,1.0,1.0,50.0,0.0,0.0,0.0,0.0,0.0,100.0,100.0,100.0,10000.0,10000.0,10000.0,0,0,0,50.0,0.0,0.0,0,0
619606,68.0,68.0,25.5,,,,,1.0,1.0,1.0,50.0,0.0,0.0,0.0,0.0,0.0,100.0,100.0,100.0,10000.0,10000.0,10000.0,0,0,0,50.0,0.0,0.0,0,0
619806,68.0,68.0,25.5,,,,,1.0,1.0,1.0,50.0,0.0,0.0,0.0,0.0,0.0,100.0,100.0,100.0,10000.0,10000.0,10000.0,0,0,0,50.0,0.0,0.0,0,0
620006,68.0,68.0,25.5,,,,,1.0,1.0,1.0,50.0,0.0,0.0,0.0,0.0,0.0,100.0,100.0,100.0,10000.0,10000.0,10000.0,0,0,0,50.0,0.0,0.0,0,0
620206,68.0,68.0,25.5,,,,,1.0,1.0,1.0,50.0,0.0,0.0,0.0,0.0,0.0,100.0,100.0,100.0,10000.0,10000.0,10000.0,0,0,0,50.0,0.0,0.0,0,0
620406,68.0,68.0,25.5,,,,,1.0,1.0,1.0,50.0,0.0,0.0,0.0,0.0,0.0,100.0,100.0,100.0,10000.0,10000.0,10000.0,0,0,0,50.0,0.0,0.0,0,0
620606,68.0,68.0,25.5,,,,,1.0,1.0,1.0,50.0,0.0,0.0,0.0,0.0,0.0,100.0,100.0,100.0,10000.0,10000.0,10000.0,0,0,0,50.0,0.0,0.0,0,0
620806,68.0,68.0,25.5,,,,,1.0,1.0,1.0,50.0,0.0,0.0,0.0,0.0,0.0,100.0,100.0,100.0,10000.0,10000.0,10000.0,0,0,0,50.0,0.0,0.0,0,0
621006,68.0,68.0,25.5,,,,,1.0,1.0,1.0,50.0,0.0,0.0,0.0,0.0,0.0,100.0,100.0,100.0,10000.0,10000.0,10000.0,0,0,0,50.0,0.0,0.0,0,0
621206,68.0,68.0,25.5,,,,,1.0,1.0,1.0,50.0,0.0,0.0,0.0,0.0,0.0,100.0,100.0,100.0,10000.0,10000.0,10000.0,0,0,0,50.0,0.0,0.0,0,0
621406,68.0,68.0,25.5,,,,,1.0,1.0,1.0,50.0,0.0,0.0,0.0,0.0,0.0,100.0,100.0,100.0,10000.0,10000.0,10000.0,0,0,0,50.0,0.0,0.0,0,0
621606,68.0,68.0,25.5,,,,,1.0,1.0,1.0,50.0,0.0,0.0,0.0,0.0,0.0,100.0,100.0,100.0,10000.0,10000.0,10000.0,0,0,0,50.0,0.0,0.0,0,0
621806,68.0,68.0,25.5,,,,,1.0,1.0,1.0,50.0,0.0,0.0,0.0,0.0,0.0,100.0,100.0,100.0,10000.0,10000.0,10000.0,0,0,0,50.0,0.0,0.0,0,0
622006,68.0,68.0,25.5,,,,,1.0,1.0,1.0,50.0,0.0,0.0,0.0,0.0,0.0,100.0,100.0,100.0,10000.0,10000.0,10000.0,0,0,0,50.0,0.0,0.0,0,0
622206,68.0,68.0,25.5,,,,,1.0,1.0,1.0,50.0,0.0,0.0,0.0,0.0,0.0,100.0,100.0,100.0,10000.0,10000.0,10000.0,0,0,0,50.0,0.0,0.0,0,0
622406,68.0,68.0,25.5,,,,,1.0,1.0,1.0,50.0,0.0,0.0,0.0,0.0,0.0,100.0,100.0,100.0,10000.0,10000.0,10000.0,0,0,0,50.0,0.0,0.0,0,0
622606,68.0,68.0,25.5,,,,,1.0,1.0,1.0,50.0,0.0,0.0,0.0,0.0,0.0,100.0,100.0,100.0,10000.0,10000.0,10000.0,0,0,0,50.0,0.0,0.0,0,0
622806,68.0,68.0,25.5,,,,,1.0,1.0,1.0,50.0,0.0,0.0,0.0,0.0,0.0,100.0,100.0,100.0,10000.0,10000.0,10000.0,0,0,0,50.0,0.0,0.0,0,0
623006,68.0,68.0,25.5,,,,,1.0,1.0,1.0,50.0,0.0,0.0,0.0,0.0,0.0,100.0,100.0,100.0,10000.0,10000.0,10000.0,0,0,0,50.0,0.0,0.0,0,0
623206,68.0,68.0,25.5,,,,,1.0,1.0,1.0,50.0,0.0,0.0,0.0,0.0,0.0,100.0,100.0,100.0,10000.0,10000.0,10000.0,0,0,0,50.0,0.0,0.0,0,0
623406,68.0,68.0,25.5,,,,,1.0,1.0,1.0,50.0,0.0,0.0,0.0,0.0,0.0,100.0,100.0,100.0,10000.0,10000.0,10000.0,0,0,0,50.0,0.0,0.0,0,0
623606,68.0,68.0,25.5,,,,,1.0,1.0,1.0,50.0,0.0,0.0,0.0,0.0,0.0,100.0,100.0,100.0,10000.0,10000.0,10000.0,0,0,0,50.0,0.0,0.0,0,0
623806,68.0,68.0,25.5,,,,,1.0,1.0,1.0,50.0,0.0,0.0,0.0,0.0,0.0,100.0,100.0,100.0,10000.0,10000.0,10000.0,0,0,0,50.0,0.0,0.0,0,0
624006,68.0,68.0,25.5,,,,,1.0,1.0,1.0,50.0,0.0,0.0,0.0,0.0,0.0,100.0,100.0,100.0,10000.0,10000.0,10000.0,0,0,0,50.0,0.0,0.0,0,0
624206,68.0,68.0,25.5,,,,,1.0,1.0,1.0,50.0,0.0,0.0,0.0,0.0,0.0,100.0,100.0,100.0,10000.0,10000.0,10000.0,0,0,0,50.0,0.0,0.0,0,0
624406,68.0,68.0,25.5,,,,,1.0,1.0,1.0,50.0,0.0,0.0,0.0,0.0,0.0,100.0,100.0,100.0,10000.0,10000.0,10000.0,0,0,0,50.0,0.0,0.0,0,0
624606,68.0,68.0,25.5,,,,,1.0,1.0,1.0,50.0,0.0,0.0,0.0,0.0,0.0,100.0,100.0,100.0,10000.0,10000.0,10000.0,0,0,0,50.0,0.0,0.0,0,0
624806,68.0,68.0,25.5,,,,,1.0,1.0,1.0,50.0,0.0,0.0,0.0,0.0,0.0,100.0,100.0,100.0,10000.0,10000.0,10000.0,0,0,0,50.0,0.0,0.0,0,0
625006,68.0,68.0,25.5,,,,,1.0,1.0,1.0,50.0,0.0,0.0,0.0,0.0,0.0,100.0,100.0,100.0,10000.0,10000.0,10000.0,0,0,0,50.0,0.0,0.0,0,0
625206,68.0,68.0,25.5,,,,,1.0,1.0,1.0,50.0,0.0,0.0,0.0,0.0,0.0,100.0,100.0,100.0,10000.0,10000.0,10000.0,0,0,0,50.0,0.0,0.0,0,0
625406,68.0,68.0,25.5,,,,,1.0,1.0,1.0,50.0,0.0,0.0,0.0,0.0,0.0,100.0,100.0,100.0,10000.0,10000.0,10000.0,0,0,0,50.0,0.0,0.0,0,0
625606,68.0,68.0,25.5,,,,,1.0,1.0,1.0,50.0,0.0,0.0,0.0,0.0,0.0,100.0,100.0,100.0,10000.0,10000.0,10000.0,0,0,0,50.0,0.0,0.0,0,0
625806,68.0,68.0,25.5,,,,,1.0,1.0,1.0,50.0,0.0,0.0,0.0,0.0,0.0,100.0,100.0,100.0,10000.0,10000.0,10000.0,0,0,0,50.0,0.0,0.0,0,0
626006,68.0,68.0,25.5,,,,,1.0,1.0,1.0,50.0,0.0,0.0,0.0,0.0,0.0,100.0,100.0,100.0,10000.0,10000.0,10000.0,0,0,0,50.0,0.0,0.0,0,0
626206,68.0,68.0,25.5,,,,,1.0,1.0,1.0,50.0,0.0,0.0,0.0,0.0,0.0,100.0,100.0,100.0,10000.0,10000.0,10000.0,0,0,0,50.0,0.0,0.0,0,0
626406,68.0,68.0,25.5,,,,,1.0,1.0,1.0,50.0,0.0,0.0,0.0,0.0,0.0,100.0,100.0,100.0,10000.0,10000.0,10000.0,0,0,0,50.0,0.0,0.0,0,0
626606,68.0,68.0,25.5,,,,,1.0,1.0,1.0,50.0,0.0,0.0,0.0,0.0,0.0,100.0,100.0,100.0,10000.0,10000.0,10000.0,0,0,0,50.0,0.0,0.0,0,0
626806,68.0,68.0,25.5,,,,,1.0,1.0,1.0,50.0,0.0,0.0,0.0,0.0,0.0,100.0,100.0,100.0,10000.0,10000.0,10000.0,0,0,0,50.0,0.0,0.0,0,0
627006,68.0,68.0,25.5,,,,,1.0,1.0,1.0,50.0,0.0,0.0,0.0,0.0,0.0,100.0,100.0,100.0,10000.0,10000.0,10000.0,0,0,0,50.0,0.0,0.0,0,0
627206,68.0,68.0,25.5,,,,,1.0,1.0,1.0,50.0,0.0,0.0,0.0,0.0,0.0,100.0,100.0,100.0,10000.0,10000.0,10000.0,0,0,0,50.0,0.0,0.0,0,0
627406,68.0,68.0,25.5,,,,,1.0,1.0,1.0,50.0,0.0,0.0,0.0,0.0,0.0,100.0,100.0,100.0,10000.0,10000.0,10000.0,0,0,0,50.0,0.0,0.0,0,0
627606,68.0,68.0,25.5,,,,,1.0,1.0,1.0,50.0,0.0,0.0,0.0,0.0,0.0,100.0,100.0,100.0,10000.0,10000.0,10000.0,0,0,0,50.0,0.0,0.0,0,0
627806,68.0,68.0,25.5,,,,,1.0,1.0,1.0,50.0,0.0,0.0,0.0,0.0,0.0,100.0,100.0,100.0,10000.0,10000.0,10000.0,0,0,0,50.0,0.0,0.0,0,0
628006,68.0,68.0,25.5,,,,,1.0,1.0,1.0,50.0,0.0,0.0,0.0,0.0,0.0,100.0,100.0,100.0,10000.0,10000.0,10000.0,0,0,0,50.0,0.0,0.0,0,0
628206,68.0,68.0,25.5,,,,,1.0,1.0,1.0,50.0,0.0,0.0,0.0,0.0,0.0,100.0,100.0,100.0,10000.0,10000.0,10000.0,0,0,0,50.0,0.0,0.0,0,0
628406,68.0,68.0,25.5,,,,,1.0,1.0,1.0,50.0,0.0,0.0,0.0,0.0,0.0,100.0,100.0,100.0,10000.0,10000.0,10000.0,0,0,0,50.0,0.0,0.0,0,0
628606,68.0,68.0,25.5,,,,,1.0,1.0,1.0,50.0,0.0,0.0,0.0,0.0,0.0,100.0,100.0,100.0,10000.0,10000.0,10000.0,0,0,0,50.0,0.0,0.0,0,0
628806,68.0,68.0,25.5,,,,,1.0,1.0,1.0,50.0,0.0,0.0,0.0,0.0,0.0,100.0,100.0,100.0,10000.0,10000.0,10000.0,0,0,0,50.0,0.0,0.0,0,0
629006,68.0,68.0,25.5,,,,,1.0,1.0,1.0,50.0,0.0,0.0,0.0,0.0,0.0,100.0,100.0,100.0,10000.0,10000.0,10000.0,0,0,0,50.0,0.0,0.0,0,0
629206,68.0,68.0,25.5,,,,,1.0,1.0,1.0,50.0,0.0,0.0,0.0,0.0,0.0,100.0,100.0,100.0,10000.0,10000.0,10000.0,0,0,0,50.0,0.0,0.0,0,0
629406,68.0,68.0,25.5,,,,,1.0,1.0,1.0,50.0,0.0,0.0,0.0,0.0,0.0,100.0,100.0,100.0,10000.0,10000.0,10000.0,0,0,0,50.0,0.0,0.0,0,0
629606,68.0,68.0,25.5,,,,,1.0,1.0,1.0,50.0,0.0,0.0,0.0,0.0,0.0,100.0,100.0,100.0,10000.0,10000.0,10000.0,0,0,0,50.0,0.0,0.0,0,0
629806,68.0,68.0,25.5,,,,,1.0,1.0,1.0,50.0,0.0,0.0,0.0,0.0,0.0,100.0,100.0,100.0,10000.0,10000.0,10000.0,0,0,0,50.0,0.0,0.0,0,0
630006,68.0,68.0,25.5,,,,,1.0,1.0,1.0,50.0,0.0,0.0,0.0,0.0,0.0,100.0,100.0,100.0,10000.0,10000.0,10000.0,0,0,0,50.0,0.0,0.0,0,0
630206,68.0,68.0,25.5,,,,,1.0,1.0,1.0,50.0,0.0,0.0,0.0,0.0,0.0,100.0,100.0,100.0,10000.0,10000.0,10000.0,0,0,0,50.0,0.0,0.0,0,0
630406,68.0,68.0,25.5,,,,,1.0,1.0,1.0,50.0,0.0,0.0,0.0,0.0,0.0,100.0,100.0,100.0,10000.0,10000.0,10000.0,0,0,0,50.0,0.0,0.0,0,0
630606,68.0,68.0,25.5,,,,,1.0,1.0,1.0,50.0,0.0,0.0,0.0,0.0,0.0,100.0,100.0,100.0,10000.0,10000.0,10000.0,0,0,0,50.0,0.0,0.0,0,0
630806,68.0,68.0,25.5,,,,,1.0,1.0,1.0,50.0,0.0,0.0,0.0,0.0,0.0,100.0,100.0,100.0,10000.0,10000.0,10000.0,0,0,0,50.0,0.0,0.0,0,0
631006,68.0,68.0,25.5,,,,,1.0,1.0,1.0,50.0,0.0,0.0,0.0,0.0,0.0,100.0,100.0,100.0,10000.0,10000.0,10000.0,0,0,0,50.0,0.0,0.0,0,0
631206,68.0,68.0,25.5,,,,,1.0,1.0,1.0,50.0,0.0,0.0,0.0,0.0,0.0,100.0,100.0,100.0,10000.0,10000.0,10000.0,0,0,0,50.0,0.0,0.0,0,0
631406,68.0,68.0,25.5,,,,,1.0,1.0,1.0,50.0,0.0,0.0,0.0,0.0,0.0,100.0,100.0,100.0,10000.0,10000.0,10000.0,0,0,0,50.0,0.0,0.0,0,0
631606,68.0,68.0,25.5,,,,,1.0,1.0,1.0,50.0,0.0,0.0,0.0,0.0,0.0,100.0,100.0,100.0,10000.0,10000.0,10000.0,0,0,0,50.0,0.0,0.0,0,0
631806,68.0,68.0,25.5,,,,,1.0,1.0,1.0,50.0,0.0,0.0,0.0,0.0,0.0,100.0,100.0,100.0,10000.0,10000.0,10000.0,0,0,0,50.0,0.0,0.0,0,0
632006,68.0,68.0,25.5,,,,,1.0,1.0,1.0,50.0,0.0,0.0,0.0,0.0,0.0,100.0,100.0,100.0,10000.0,10000.0,10000.0,0,0,0,50.0,0.0,0.0,0,0
632206,68.0,68.0,25.5,,,,,1.0,1.0,1.0,50.0,0.0,0.0,0.0,0.0,0.0,100.0,100.0,100.0,10000.0,10000.0,10000.0,0,0,0,50.0,0.0,0.0,0,0
632406,68.0,68.0,25.5,,,,,1.0,1.0,1.0,50.0,0.0,0.0,0.0,0.0,0.0,100.0,100.0,100.0,10000.0,10000.0,10000.0,0,0,0,50.0,0.0,0.0,0,0
632606,68.0,68.0,25.5,,,,,1.0,1.0,1.0,50.0,0.0,0.0,0.0,0.0,0.0,100.0,100.0,100.0,10000.0,10000.0,10000.0,0,0,0,50.0,0.0,0.0,0,0
632806,68.0,68.0,25.5,,,,,1.0,1.0,1.0,50.0,0.0,0.0,0.0,0.0,0.0,100.0,100.0,100.0,10000.0,10000.0,10000.0,0,0,0,50.0,0.0,0.0,0,0
633006,68.0,68.0,25.5,,,,,1.0,1.0,1.0,50.0,0.0,0.0,0.0,0.0,0.0,100.0,100.0,100.0,10000.0,10000.0,10000.0,0,0,0,50.0,0.0,0.0,0,0
633206,68.0,68.0,25.5,,,,,1.0,1.0,1.0,50.0,0.0,0.0,0.0,0.0,0.0,100.0,100.0,100.0,10000.0,10000.0,10000.0,0,0,0,50.0,0.0,0.0,0,0
633406,68.0,68.0,25.5,,,,,1.0,1.0,1.0,50.0,0.0,0.0,0.0,0.0,0.0,100.0,100.0,100.0,10000.0,10000.0,10000.0,0,0,0,50.0,0.0,0.0,0,0
633606,68.0,68.0,25.5,,,,,1.0,1.0,1.0,50.0,0.0,0.0,0.0,0.0,0.0,100.0,100.0,100.0,10000.0,10000.0,10000.0,0,0,0,50.0,0.0,0.0,0,0
633806,68.0,68.0,25.5,,,,,1.0,1.0,1.0,50.0,0.0,0.0,0.0,0.0,0.0,100.0,100.0,100.0,10000.0,10000.0,10000.0,0,0,0,50.0,0.0,0.0,0,0
634006,68.0,68.0,25.5,,,,,1.0,1.0,1.0,50.0,0.0,0.0,0.0,0.0,0.0,100.0,100.0,100.0,10000.0,10000.0,10000.0,0,0,0,50.0,0.0,0.0,0,0
634206,68.0,68.0,25.5,,,,,1.0,1.0,1.0,50.0,0.0,0.0,0.0,0.0,0.0,100.0,100.0,100.0,10000.0,10000.0,10000.0,0,0,0,50.0,0.0,0.0,0,0
634406,68.0,68.0,25.5,,,,,1.0,1.0,1.0,50.0,0.0,0.0,0.0,0.0,0.0,100.0,100.0,100.0,10000.0,10000.0,10000.0,0,0,0,50.0,0.0,0.0,0,0
634606,68.0,68.0,25.5,,,,,1.0,1.0,1.0,50.0,0.0,0.0,0.0,0.0,0.0,100.0,100.0,100.0,10000.0,10000.0,10000.0,0,0,0,50.0,0.0,0.0,0,0
634806,68.0,68.0,25.5,,,,,1.0,1.0,1.0,50.0,0.0,0.0,0.0,0.0,0.0,100.0,100.0,100.0,10000.0,10000.0,10000.0,0,0,0,50.0,0.0,0.0,0,0
635006,68.0,68.0,25.5,,,,,1.0,1.0,1.0,50.0,0.0,0.0,0.0,0.0,0.0,100.0,100.0,100.0,10000.0,10000.0,10000.0,0,0,0,50.0,0.0,0.0,0,0
635206,68.0,68.0,25.5,,,,,1.0,1.0,1.0,50.0,0.0,0.0,0.0,0.0,0.0,100.0,100.0,100.0,10000.0,10000.0,10000.0,0,0,0,50.0,0.0,0.0,0,0
635406,68.0,68.0,25.5,,,,,1.0,1.0,1.0,50.0,0.0,0.0,0.0,0.0,0.0,100.0,100.0,100.0,10000.0,10000.0,10000.0,0,0,0,50.0,0.0,0.0,0,0
635606,68.0,68.0,25.5,,,,,1.0,1.0,1.0,50.0,0.0,0.0,0.0,0.0,0.0,100.0,100.0,100.0,10000.0,10000.0,10000.0,0,0,0,50.0,0.0,0.0,0,0
635806,68.0,68.0,25.5,,,,,1.0,1.0,1.0,50.0,0.0,0.0,0.0,0.0,0.0,100.0,100.0,100.0,10000.0,10000.0,10000.0,0,0,0,50.0,0.0,0.0,0,0
636006,68.0,68.0,25.5,,,,,1.0,1.0,1.0,50.0,0.0,0.0,0.0,0.0,0.0,100.0,100.0,100.0,10000.0,10000.0,10000.0,0,0,0,50.0,0.0,0.0,0,0
636206,68.0,68.0,25.5,,,,,1.0,1.0,1.0,50.0,0.0,0.0,0.0,0.0,0.0,100.0,100.0,100.0,10000.0,10000.0,10000.0,0,0,0,50.0,0.0,0.0,0,0
636406,68.0,68.0,25.5,,,,,1.0,1.0,1.0,50.0,0.0,0.0,0.0,0.0,0.0,100.0,100.0,100.0,10000.0,10000.0,10000.0,0,0,0,50.0,0.0,0.0,0,0
636606,68.5,68.0,25.5,,,,,1.0,1.0,1.0,50.0,0.0,0.0,0.0,0.0,0.0,100.0,100.0,100.0,10000.0,10000.0,10000.0,0,0,0,50.0,0.0,0.0,0,0
636806,68.5,68.0,25.5,,,,,1.0,1.0,1.0,50.0,0.0,0.0,0.0,0.0,0.0,100.0,100.0,100.0,10000.0,10000.0,10000.0,0,0,0,50.0,0.0,0.0,0,0
637006,68.5,68.0,25.5,,,,,1.0,1.0,1.0,50.0,0.0,0.0,0.0,0.0,0.0,100.0,100.0,100.0,10000.0,10000.0,10000.0,0,0,0,50.0,0.0,0.0,0,0
637206,68.5,68.0,25.5,,,,,1.0,1.0,1.0,50.0,0.0,0.0,0.0,0.0,0.0,100.0,100.0,100.0,10000.0,10000.0,10000.0,0,0,0,50.0,0.0,0.0,0,0
637406,68.5,68.0,25.5,,,,,1.0,1.0,1.0,50.0,0.0,0.0,0.0,0.0,0.0,100.0,100.0,100.0,10000.0,10000.0,10000.0,0,0,0,50.0,0.0,0.0,0,0
637606,68.5,68.0,25.5,,,,,1.0,1.0,1.0,50.0,0.0,0.0,0.0,0.0,0.0,100.0,100.0,100.0,10000.0,10000.0,10000.0,0,0,0,50.0,0.0,0.0,0,0
637806,68.5,68.0,25.5,,,,,1.0,1.0,1.0,50.0,0.0,0.0,0.0,0.0,0.0,100.0,100.0,100.0,10000.0,10000.0,10000.0,0,0,0,50.0,0.0,0.0,0,0
638006,68.5,68.0,25.5,,,,,1.0,1.0,1.0,50.0,0.0,0.0,0.0,0.0,0.0,100.0,100.0,100.0,10000.0,10000.0,10000.0,0,0,0,50.0,0.0,0.0,0,0
638206,68.5,68.0,25.5,,,,,1.0,1.0,1.0,50.0,0.0,0.0,0.0,0.0,0.0,100.0,100.0,100.0,10000.0,10000.0,10000.0,0,0,0,50.0,0.0,0.0,0,0
638406,68.5,68.0,25.5,,,,,1.0,1.0,1.0,50.0,0.0,0.0,0.0,0.0,0.0,100.0,100.0,100.0,10000.0,10000.0,10000.0,0,0,0,50.0,0.0,0.0,0,0
638606,68.5,68.0,25.5,,,,,1.0,1.0,1.0,50.0,0.0,0.0,0.0,0.0,0.0,100.0,100.0,100.0,10000.0,10000.0,10000.0,0,0,0,50.0,0.0,0.0,0,0
638806,68.5,68.0,25.5,,,,,1.0,1.0,1.0,50.0,0.0,0.0,0.0,0.0,0.0,100.0,100.0,100.0,10000.0,10000.0,10000.0,0,0,0,50.0,0.0,0.0,0,0
639006,68.5,68.0,25.5,,,,,1.0,1.0,1.0,50.0,0.0,0.0,0.0,0.0,0.0,100.0,100.0,100.0,10000.0,10000.0,10000.0,0,0,0,50.0,0.0,0.0,0,0
639206,68.5,68.0,25.5,,,,,1.0,1.0,1.0,50.0,0.0,0.0,0.0,0.0,0.0,100.0,100.0,100.0,10000.0,10000.0,10000.0,0,0,0,50.0,0.0,0.0,0,0
639406,68.5,68.0,25.5,,,,,1.0,1.0,1.0,50.0,0.0,0.0,0.0,0.0,0.0,100.0,100.0,100.0,10000.0,10000.0,10000.0,0,0,0,50.0,0.0,0.0,0,0
639606,68.5,68.0,25.5,,,,,1.0,1.0,1.0,50.0,0.0,0.0,0.0,0.0,0.0,100.0,100.0,100.0,10000.0,10000.0,10000.0,0,0,0,50.0,0.0,0.0,0,0
639806,68.5,68.0,25.5,,,,,1.0,1.0,1.0,50.0,0.0,0.0,0.0,0.0,0.0,100.0,100.0,100.0,10000.0,10000.0,10000.0,0,0,0,50.0,0.0,0.0,0,0
640006,68.5,68.0,25.5,,,,,1.0,1.0,1.0,50.0,0.0,0.0,0.0,0.0,0.0,100.0,100.0,100.0,10000.0,10000.0,10000.0,0,0,0,50.0,0.0,0.0,0,0
640206,68.5,68.0,25.5,,,,,1.0,1.0,1.0,50.0,0.0,0.0,0.0,0.0,0.0,100.0,100.0,100.0,10000.0,10000.0,10000.0,0,0,0,50.0,0.0,0.0,0,0
640406,68.5,68.0,25.5,,,,,1.0,1.0,1.0,50.0,0.0,0.0,0.0,0.0,0.0,100.0,100.0,100.0,10000.0,10000.0,10000.0,0,0,0,50.0,0.0,0.0,0,0
640606,68.5,68.0,25.5,,,,,1.0,1.0,1.0,50.0,0.0,0.0,0.0,0.0,0.0,100.0,100.0,100.0,10000.0,10000.0,10000.0,0,0,0,50.0,0.0,0.0,0,0
640806,68.5,68.0,25.5,,,,,1.0,1.0,1.0,50.0,0.0,0.0,0.0,0.0,0.0,100.0,100.0,100.0,10000.0,10000.0,10000.0,0,0,0,50.0,0.0,0.0,0,0
641006,68.5,68.0,25.5,,,,,1.0,1.0,1.0,50.0,0.0,0.0,0.0,0.0,0.0,100.0,100.0,100.0,10000.0,10000.0,10000.0,0,0,0,50.0,0.0,0.0,0,0
641206,68.5,68.0,25.5,,,,,1.0,1.0,1.0,50.0,0.0,0.0,0.0,0.0,0.0,100.0,100.0,100.0,10000.0,10000.0,10000.0,0,0,0,50.0,0.0,0.0,0,0
641406,68.5,68.0,25.5,,,,,1.0,1.0,1.0,50.0,0.0,0.0,0.0,0.0,0.0,100.0,100.0,100.0,10000.0,10000.0,10000.0,0,0,0,50.0,0.0,0.0,0,0
641606,68.5,68.0,25.5,,,,,1.0,1.0,1.0,50.0,0.0,0.0,0.0,0.0,0.0,100.0,100.0,100.0,10000.0,10000.0,10000.0,0,0,0,50.0,0.0,0.0,0,0
641806,68.5,68.0,25.5,,,,,1.0,1.0,1.0,50.0,0.0,0.0,0.0,0.0,0.0,100.0,100.0,100.0,10000.0,10000.0,10000.0,0,0,0,50.0,0.0,0.0,0,0
642006,68.5,68.0,25.5,,,,,1.0,1.0,1.0,50.0,0.0,0.0,0.0,0.0,0.0,100.0,100.0,100.0,10000.0,10000.0,10000.0,0,0,0,50.0,0.0,0.0,0,0
642206,68.5,68.0,25.5,,,,,1.0,1.0,1.0,50.0,0.0,0.0,0.0,0.0,0.0,100.0,100.0,100.0,10000.0,10000.0,10000.0,0,0,0,50.0,0.0,0.0,0,0
642406,68.5,68.0,25.5,,,,,1.0,1.0,1.0,50.0,0.0,0.0,0.0,0.0,0.0,100.0,100.0,100.0,10000.0,10000.0,10000.0,0,0,0,50.0,0.0,0.0,0,0
642606,68.5,68.0,25.5,,,,,1.0,1.0,1.0,50.0,0.0,0.0,0.0,0.0,0.0,100.0,100.0,100.0,10000.0,10000.0,10000.0,0,0,0,50.0,0.0,0.0,0,0
642806,68.5,68.0,25.5,,,,,1.0,1.0,1.0,50.0,0.0,0.0,0.0,0.0,0.0,100.0,100.0,100.0,10000.0,10000.0,10000.0,0,0,0,50.0,0.0,0.0,0,0
643006,68.5,68.0,25.5,,,,,1.0,1.0,1.0,50.0,0.0,0.0,0.0,0.0,0.0,100.0,100.0,100.0,10000.0,10000.0,10000.0,0,0,0,50.0,0.0,0.0,0,0
643206,68.5,68.0,25.5,,,,,1.0,1.0,1.0,50.0,0.0,0.0,0.0,0.0,0.0,100.0,100.0,100.0,10000.0,10000.0,10000.0,0,0,0,50.0,0.0,0.0,0,0
643406,68.5,68.0,25.5,,,,,1.0,1.0,1.0,50.0,0.0,0.0,0.0,0.0,0.0,100.0,100.0,100.0,10000.0,10000.0,10000.0,0,0,0,50.0,0.0,0.0,0,0
643606,68.5,68.0,25.5,,,,,1.0,1.0,1.0,50.0,0.0,0.0,0.0,0.0,0.0,100.0,100.0,100.0,10000.0,10000.0,10000.0,0,0,0,50.0,0.0,0.0,0,0
643806,68.5,68.0,25.5,,,,,1.0,1.0,1.0,50.0,0.0,0.0,0.0,0.0,0.0,100.0,100.0,100.0,10000.0,10000.0,10000.0,0,0,0,50.0,0.0,0.0,0,0
644006,68.5,68.0,25.5,,,,,1.0,1.0,1.0,50.0,0.0,0.0,0.0,0.0,0.0,100.0,100.0,100.0,10000.0,10000.0,10000.0,0,0,0,50.0,0.0,0.0,0,0
644206,68.5,68.0,25.5,,,,,1.0,1.0,1.0,50.0,0.0,0.0,0.0,0.0,0.0,100.0,100.0,100.0,10000.0,10000.0,10000.0,0,0,0,50.0,0.0,0.0,0,0
644406,68.5,68.0,25.5,,,,,1.0,1.0,1.0,50.0,0.0,0.0,0.0,0.0,0.0,100.0,100.0,100.0,10000.0,10000.0,10000.0,0,0,0,50.0,0.0,0.0,0,0
644606,68.5,68.0,25.5,,,,,1.0,1.0,1.0,50.0,0.0,0.0,0.0,0.0,0.0,100.0,100.0,100.0,10000.0,10000.0,10000.0,0,0,0,50.0,0.0,0.0,0,0
644806,68.5,68.0,25.5,,,,,1.0,1.0,1.0,50.0,0.0,0.0,0.0,0.0,0.0,100.0,100.0,100.0,10000.0,10000.0,10000.0,0,0,0,50.0,0.0,0.0,0,0
645006,68.5,68.0,25.5,,,,,1.0,1.0,1.0,50.0,0.0,0.0,0.0,0.0,0.0,100.0,100.0,100.0,10000.0,10000.0,10000.0,0,0,0,50.0,0.0,0.0,0,0
645206,68.5,68.0,25.5,,,,,1.0,1.0,1.0,50.0,0.0,0.0,0.0,0.0,0.0,100.0,100.0,100.0,10000.0,10000.0,10000.0,0,0,0,50.0,0.0,0.0,0,0
645406,68.5,68.0,25.5,,,,,1.0,1.0,1.0,50.0,0.0,0.0,0.0,0.0,0.0,100.0,100.0,100.0,10000.0,10000.0,10000.0,0,0,0,50.0,0.0,0.0,0,0
645606,68.5,68.0,25.5,,,,,1.0,1.0,1.0,50.0,0.0,0.0,0.0,0.0,0.0,100.0,100.0,100.0,10000.0,10000.0,10000.0,0,0,0,50.0,0.0,0.0,0,0
645806,68.5,68.0,25.5,,,,,1.0,1.0,1.0,50.0,0.0,0.0,0.0,0.0,0.0,100.0,100.0,100.0,10000.0,10000.0,10000.0,0,0,0,50.0,0.0,0.0,0,0
646006,68.5,68.0,25.5,,,,,1.0,1.0,1.0,50.0,0.0,0.0,0.0,0.0,0.0,100.0,100.0,100.0,10000.0,10000.0,10000.0,0,0,0,50.0,0.0,0.0,0,0
646206,68.5,68.0,25.5,,,,,1.0,1.0,1.0,50.0,0.0,0.0,0.0,0.0,0.0,100.0,100.0,100.0,10000.0,10000.0,10000.0,0,0,0,50.0,0.0,0.0,0,0
646406,68.5,68.0,25.5,,,,,1.0,1.0,1.0,50.0,0.0,0.0,0.0,0.0,0.0,100.0,100.0,100.0,10000.0,10000.0,10000.0,0,0,0,50.0,0.0,0.0,0,0
646606,68.5,68.0,25.5,,,,,1.0,1.0,1.0,50.0,0.0,0.0,0.0,0.0,0.0,100.0,100.0,100.0,10000.0,10000.0,10000.0,0,0,0,50.0,0.0,0.0,0,0
646806,68.5,68.0,25.5,,,,,1.0,1.0,1.0,50.0,0.0,0.0,0.0,0.0,0.0,100.0,100.0,100.0,10000.0,10000.0,10000.0,0,0,0,50.0,0.0,0.0,0,0
647006,68.5,68.0,25.5,,,,,1.0,1.0,1.0,50.0,0.0,0.0,0.0,0.0,0.0,100.0,100.0,100.0,10000.0,10000.0,10000.0,0,0,0,50.0,0.0,0.0,0,0
647206,68.5,68.0,25.5,,,,,1.0,1.0,1.0,50.0,0.0,0.0,0.0,0.0,0.0,100.0,100.0,100.0,10000.0,10000.0,10000.0,0,0,0,50.0,0.0,0.0,0,0
647406,68.5,68.0,25.5,,,,,1.0,1.0,1.0,50.0,0.0,0.0,0.0,0.0,0.0,100.0,100.0,100.0,10000.0,10000.0,10000.0,0,0,0,50.0,0.0,0.0,0,0
647606,68.5,68.0,25.5,,,,,1.0,1.0,1.0,50.0,0.0,0.0,0.0,0.0,0.0,100.0,100.0,100.0,10000.0,10000.0,10000.0,0,0,0,50.0,0.0,0.0,0,0
647806,68.5,68.0,25.5,,,,,1.0,1.0,1.0,50.0,0.0,0.0,0.0,0.0,0.0,100.0,100.0,100.0,10000.0,10000.0,10000.0,0,0,0,50.0,0.0,0.0,0,0
648006,68.5,68.0,25.5,,,,,1.0,1.0,1.0,50.0,0.0,0.0,0.0,0.0,0.0,100.0,100.0,100.0,10000.0,10000.0,10000.0,0,0,0,50.0,0.0,0.0,0,0
648206,68.5,68.0,25.5,,,,,1.0,1.0,1.0,50.0,0.0,0.0,0.0,0.0,0.0,100.0,100.0,100.0,10000.0,10000.0,10000.0,0,0,0,50.0,0.0,0.0,0,0
648406,68.5,68.0,25.5,,,,,1.0,1.0,1.0,50.0,0.0,0.0,0.0,0.0,0.0,100.0,100.0,100.0,10000.0,10000.0,10000.0,0,0,0,50.0,0.0,0.0,0,0
648606,68.5,68.0,25.5,,,,,1.0,1.0,1.0,50.0,0.0,0.0,0.0,0.0,0.0,100.0,100.0,100.0,10000.0,10000.0,10000.0,0,0,0,50.0,0.0,0.0,0,0
648806,68.5,68.0,25.5,,,,,1.0,1.0,1.0,50.0,0.0,0.0,0.0,0.0,0.0,100.0,100.0,100.0,10000.0,10000.0,10000.0,0,0,0,50.0,0.0,0.0,0,0
649006,68.5,68.0,25.5,,,,,1.0,1.0,1.0,50.0,0.0,0.0,0.0,0.0,0.0,100.0,100.0,100.0,10000.0,10000.0,10000.0,0,0,0,50.0,0.0,0.0,0,0
649206,68.5,68.0,25.5,,,,,1.0,1.0,1.0,50.0,0.0,0.0,0.0,0.0,0.0,100.0,100.0,100.0,10000.0,10000.0,10000.0,0,0,0,50.0,0.0,0.0,0,0
649406,68.5,68.0,25.5,,,,,1.0,1.0,1.0,50.0,0.0,0.0,0.0,0.0,0.0,100.0,100.0,100.0,10000.0,10000.0,10000.0,0,0,0,50.0,0.0,0.0,0,0
649606,68.5,68.0,25.5,,,,,1.0,1.0,1.0,50.0,0.0,0.0,0.0,0.0,0.0,100.0,100.0,100.0,10000.0,10000.0,10000.0,0,0,0,50.0,0.0,0.0,0,0
649806,68.5,68.0,25.5,,,,,1.0,1.0,1.0,50.0,0.0,0.0,0.0,0.0,0.0,100.0,100.0,100.0,10000.0,10000.0,10000.0,0,0,0,50.0,0.0,0.0,0,0
650006,68.5,68.0,25.5,,,,,1.0,1.0,1.0,50.0,0.0,0.0,0.0,0.0,0.0,100.0,100.0,100.0,10000.0,10000.0,10000.0,0,0,0,50.0,0.0,0.0,0,0
650206,68.5,68.0,25.5,,,,,1.0,1.0,1.0,50.0,0.0,0.0,0.0,0.0,0.0,100.0,100.0,100.0,10000.0,10000.0,10000.0,0,0,0,50.0,0.0,0.0,0,0
650406,68.5,68.0,25.5,,,,,1.0,1.0,1.0,50.0,0.0,0.0,0.0,0.0,0.0,100.0,100.0,100.0,10000.0,10000.0,10000.0,0,0,0,50.0,0.0,0.0,0,0
650606,68.5,68.0,25.5,,,,,1.0,1.0,1.0,50.0,0.0,0.0,0.0,0.0,0.0,100.0,100.0,100.0,10000.0,10000.0,10000.0,0,0,0,50.0,0.0,0.0,0,0
650806,68.5,68.0,25.5,,,,,1.0,1.0,1.0,50.0,0.0,0.0,0.0,0.0,0.0,100.0,100.0,100.0,10000.0,10000.0,10000.0,0,0,0,50.0,0.0,0.0,0,0
651006,68.5,68.0,25.5,,,,,1.0,1.0,1.0,50.0,0.0,0.0,0.0,0.0,0.0,100.0,100.0,100.0,10000.0,10000.0,10000.0,0,0,0,50.0,0.0,0.0,0,0
651206,68.5,68.0,25.5,,,,,1.0,1.0,1.0,50.0,0.0,0.0,0.0,0.0,0.0,100.0,100.0,100.0,10000.0,10000.0,10000.0,0,0,0,50.0,0.0,0.0,0,0
651406,68.5,68.0,25.5,,,,,1.0,1.0,1.0,50.0,0.0,0.0,0.0,0.0,0.0,100.0,100.0,100.0,10000.0,10000.0,10000.0,0,0,0,50.0,0.0,0.0,0,0
651606,68.5,68.0,25.5,,,,,1.0,1.0,1.0,50.0,0.0,0.0,0.0,0.0,0.0,100.0,100.0,100.0,10000.0,10000.0,10000.0,0,0,0,50.0,0.0,0.0,0,0
651806,68.5,68.0,25.5,,,,,1.0,1.0,1.0,50.0,0.0,0.0,0.0,0.0,0.0,100.0,100.0,100.0,10000.0,10000.0,10000.0,0,0,0,50.0,0.0,0.0,0,0
652006,68.5,68.0,25.5,,,,,1.0,1.0,1.0,50.0,0.0,0.0,0.0,0.0,0.0,100.0,100.0,100.0,10000.0,10000.0,10000.0,0,0,0,50.0,0.0,0.0,0,0
652206,68.5,68.0,25.5,,,,,1.0,1.0,1.0,50.0,0.0,0.0,0.0,0.0,0.0,100.0,100.0,100.0,10000.0,10000.0,10000.0,0,0,0,50.0,0.0,0.0,0,0
652406,68.5,68.0,25.5,,,,,1.0,1.0,1.0,50.0,0.0,0.0,0.0,0.0,0.0,100.0,100.0,100.0,10000.0,10000.0,10000.0,0,0,0,50.0,0.0,0.0,0,0
652606,68.5,68.0,25.5,,,,,1.0,1.0,1.0,50.0,0.0,0.0,0.0,0.0,0.0,100.0,100.0,100.0,10000.0,10000.0,10000.0,0,0,0,50.0,0.0,0.0,0,0
652806,68.5,68.0,25.5,,,,,1.0,1.0,1.0,50.0,0.0,0.0,0.0,0.0,0.0,100.0,100.0,100.0,10000.0,10000.0,10000.0,0,0,0,50.0,0.0,0.0,0,0
653006,68.5,68.0,25.5,,,,,1.0,1.0,1.0,50.0,0.0,0.0,0.0,0.0,0.0,100.0,100.0,100.0,10000.0,10000.0,10000.0,0,0,0,50.0,0.0,0.0,0,0
653206,68.5,68.0,25.5,,,,,1.0,1.0,1.0,50.0,0.0,0.0,0.0,0.0,0.0,100.0,100.0,100.0,10000.0,10000.0,10000.0,0,0,0,50.0,0.0,0.0,0,0
653406,68.5,68.0,25.5,,,,,1.0,1.0,1.0,50.0,0.0,0.0,0.0,0.0,0.0,100.0,100.0,100.0,10000.0,10000.0,10000.0,0,0,0,50.0,0.0,0.0,0,0
653606,68.5,68.0,25.5,,,,,1.0,1.0,1.0,50.0,0.0,0.0,0.0,0.0,0.0,100.0,100.0,100.0,10000.0,10000.0,10000.0,0,0,0,50.0,0.0,0.0,0,0
653806,68.5,68.0,25.5,,,,,1.0,1.0,1.0,50.0,0.0,0.0,0.0,0.0,0.0,100.0,100.0,100.0,10000.0,10000.0,10000.0,0,0,0,50.0,0.0,0.0,0,0
654006,68.5,68.0,25.5,,,,,1.0,1.0,1.0,50.0,0.0,0.0,0.0,0.0,0.0,100.0,100.0,100.0,10000.0,10000.0,10000.0,0,0,0,50.0,0.0,0.0,0,0
654206,68.5,68.0,25.5,,,,,1.0,1.0,1.0,50.0,0.0,0.0,0.0,0.0,0.0,100.0,100.0,100.0,10000.0,10000.0,10000.0,0,0,0,50.0,0.0,0.0,0,0
654406,68.5,68.0,25.5,,,,,1.0,1.0,1.0,50.0,0.0,0.0,0.0,0.0,0.0,100.0,100.0,100.0,10000.0,10000.0,10000.0,0,0,0,50.0,0.0,0.0,0,0
654606,68.5,68.0,25.5,,,,,1.0,1.0,1.0,50.0,0.0,0.0,0.0,0.0,0.0,100.0,100.0,100.0,10000.0,10000.0,10000.0,0,0,0,50.0,0.0,0.0,0,0
654806,68.5,68.0,25.5,,,,,1.0,1.0,1.0,50.0,0.0,0.0,0.0,0.0,0.0,100.0,100.0,100.0,10000.0,10000.0,10000.0,0,0,0,50.0,0.0,0.0,0,0
655006,68.5,68.0,25.5,,,,,1.0,1.0,1.0,50.0,0.0,0.0,0.0,0.0,0.0,100.0,100.0,100.0,10000.0,10000.0,10000.0,0,0,0,50.0,0.0,0.0,0,0
655206,68.5,68.0,25.5,,,,,1.0,1.0,1.0,50.0,0.0,0.0,0.0,0.0,0.0,100.0,100.0,100.0,10000.0,10000.0,10000.0,0,0,0,50.0,0.0,0.0,0,0
655406,68.5,68.0,25.5,,,,,1.0,1.0,1.0,50.0,0.0,0.0,0.0,0.0,0.0,100.0,100.0,100.0,10000.0,10000.0,10000.0,0,0,0,50.0,0.0,0.0,0,0
655606,68.5,68.0,25.5,,,,,1.0,1.0,1.0,50.0,0.0,0.0,0.0,0.0,0.0,100.0,100.0,100.0,10000.0,10000.0,10000.0,0,0,0,50.0,0.0,0.0,0,0
655806,68.5,68.0,25.5,,,,,1.0,1.0,1.0,50.0,0.0,0.0,0.0,0.0,0.0,100.0,100.0,100.0,10000.0,10000.0,10000.0,0,0,0,50.0,0.0,0.0,0,0
656006,68.5,68.0,25.5,,,,,1.0,1.0,1.0,50.0,0.0,0.0,0.0,0.0,0.0,100.0,100.0,100.0,10000.0,10000.0,10000.0,0,0,0,50.0,0.0,0.0,0,0
656206,68.5,68.0,25.5,,,,,1.0,1.0,1.0,50.0,0.0,0.0,0.0,0.0,0.0,100.0,100.0,100.0,10000.0,10000.0,10000.0,0,0,0,50.0,0.0,0.0,0,0
656406,68.5,68.0,25.5,,,,,1.0,1.0,1.0,50.0,0.0,0.0,0.0,0.0,0.0,100.0,100.0,100.0,10000.0,10000.0,10000.0,0,0,0,50.0,0.0,0.0,0,0
656606,68.5,68.0,25.5,,,,,1.0,1.0,1.0,50.0,0.0,0.0,0.0,0.0,0.0,100.0,100.0,100.0,10000.0,10000.0,10000.0,0,0,0,50.0,0.0,0.0,0,0
656806,68.5,68.0,25.5,,,,,1.0,1.0,1.0,50.0,0.0,0.0,0.0,0.0,0.0,100.0,100.0,100.0,10000.0,10000.0,10000.0,0,0,0,50.0,0.0,0.0,0,0
657006,68.5,68.0,25.5,,,,,1.0,1.0,1.0,50.0,0.0,0.0,0.0,0.0,0.0,100.0,100.0,100.0,10000.0,10000.0,10000.0,0,0,0,50.0,0.0,0.0,0,0
657206,68.5,68.0,25.5,,,,,1.0,1.0,1.0,50.0,0.0,0.0,0.0,0.0,0.0,100.0,100.0,100.0,10000.0,10000.0,10000.0,0,0,0,50.0,0.0,0.0,0,0
657406,68.5,68.0,25.5,,,,,1.0,1.0,1.0,50.0,0.0,0.0,0.0,0.0,0.0,100.0,100.0,100.0,10000.0,10000.0,10000.0,0,0,0,50.0,0.0,0.0,0,0
657606,68.5,68.0,25.5,,,,,1.0,1.0,1.0,50.0,0.0,0.0,0.0,0.0,0.0,100.0,100.0,100.0,10000.0,10000.0,10000.0,0,0,0,50.0,0.0,0.0,0,0
657806,68.5,68.0,25.5,,,,,1.0,1.0,1.0,50.0,0.0,0.0,0.0,0.0,0.0,100.0,100.0,100.0,10000.0,10000.0,10000.0,0,0,0,50.0,0.0,0.0,0,0
658006,68.5,68.0,25.5,,,,,1.0,1.0,1.0,50.0,0.0,0.0,0.0,0.0,0.0,100.0,100.0,100.0,10000.0,10000.0,10000.0,0,0,0,50.0,0.0,0.0,0,0
658206,68.5,68.0,25.5,,,,,1.0,1.0,1.0,50.0,0.0,0.0,0.0,0.0,0.0,100.0,100.0,100.0,10000.0,10000.0,10000.0,0,0,0,50.0,0.0,0.0,0,0
658406,68.5,68.0,25.5,,,,,1.0,1.0,1.0,50.0,0.0,0.0,0.0,0.0,0.0,100.0,100.0,100.0,10000.0,10000.0,10000.0,0,0,0,50.0,0.0,0.0,0,0
658606,68.5,68.0,25.5,,,,,1.0,1.0,1.0,50.0,0.0,0.0,0.0,0.0,0.0,100.0,100.0,100.0,10000.0,10000.0,10000.0,0,0,0,50.0,0.0,0.0,0,0
658806,68.5,68.0,25.5,,,,,1.0,1.0,1.0,50.0,0.0,0.0,0.0,0.0,0.0,100.0,100.0,100.0,10000.0,10000.0,10000.0,0,0,0,50.0,0.0,0.0,0,0
659006,68.5,68.0,25.5,,,,,1.0,1.0,1.0,50.0,0.0,0.0,0.0,0.0,0.0,100.0,100.0,100.0,10000.0,10000.0,10000.0,0,0,0,50.0,0.0,0.0,0,0
659206,68.5,68.0,25.5,,,,,1.0,1.0,1.0,50.0,0.0,0.0,0.0,0.0,0.0,100.0,100.0,100.0,10000.0,10000.0,10000.0,0,0,0,50.0,0.0,0.0,0,0
659406,68.5,68.0,25.5,,,,,1.0,1.0,1.0,50.0,0.0,0.0,0.0,0.0,0.0,100.0,100.0,100.0,10000.0,10000.0,10000.0,0,0,0,50.0,0.0,0.0,0,0
659606,68.5,68.0,25.5,,,,,1.0,1.0,1.0,50.0,0.0,0.0,0.0,0.0,0.0,100.0,100.0,100.0,10000.0,10000.0,10000.0,0,0,0,50.0,0.0,0.0,0,0
659806,68.5,68.0,25.5,,,,,1.0,1.0,1.0,50.0,0.0,0.0,0.0,0.0,0.0,100.0,100.0,100.0,10000.0,10000.0,10000.0,0,0,0,50.0,0.0,0.0,0,0
660006,68.5,68.0,25.5,,,,,1.0,1.0,1.0,50.0,0.0,0.0,0.0,0.0,0.0,100.0,100.0,100.0,10000.0,10000.0,10000.0,0,0,0,50.0,0.0,0.0,0,0
660206,68.5,68.0,25.5,,,,,1.0,1.0,1.0,50.0,0.0,0.0,0.0,0.0,0.0,100.0,100.0,100.0,10000.0,10000.0,10000.0,0,0,0,50.0,0.0,0.0,0,0
660406,68.5,68.0,25.5,,,,,1.0,1.0,1.0,50.0,0.0,0.0,0.0,0.0,0.0,100.0,100.0,100.0,10000.0,10000.0,10000.0,0,0,0,50.0,0.0,0.0,0,0
660606,68.5,68.0,25.5,,,,,1.0,1.0,1.0,50.0,0.0,0.0,0.0,0.0,0.0,100.0,100.0,100.0,10000.0,10000.0,10000.0,0,0,0,50.0,0.0,0.0,0,0
660806,68.5,68.0,25.5,,,,,1.0,1.0,1.0,50.0,0.0,0.0,0.0,0.0,0.0,100.0,100.0,100.0,10000.0,10000.0,10000.0,0,0,0,50.0,0.0,0.0,0,0
661006,68.5,68.0,25.5,,,,,1.0,1.0,1.0,50.0,0.0,0.0,0.0,0.0,0.0,100.0,100.0,100.0,10000.0,10000.0,10000.0,0,0,0,50.0,0.0,0.0,0,0
661206,68.5,68.0,25.5,,,,,1.0,1.0,1.0,50.0,0.0,0.0,0.0,0.0,0.0,100.0,100.0,100.0,10000.0,10000.0,10000.0,0,0,0,50.0,0.0,0.0,0,0
661406,68.5,68.0,25.5,,,,,1.0,1.0,1.0,50.0,0.0,0.0,0.0,0.0,0.0,100.0,100.0,100.0,10000.0,10000.0,10000.0,0,0,0,50.0,0.0,0.0,0,0
661606,68.5,68.0,25.5,,,,,1.0,1.0,1.0,50.0,0.0,0.0,0.0,0.0,0.0,100.0,100.0,100.0,10000.0,10000.0,10000.0,0,0,0,50.0,0.0,0.0,0,0
661806,68.5,68.0,25.5,,,,,1.0,1.0,1.0,50.0,0.0,0.0,0.0,0.0,0.0,100.0,100.0,100.0,10000.0,10000.0,10000.0,0,0,0,50.0,0.0,0.0,0,0
662006,68.5,68.0,25.5,,,,,1.0,1.0,1.0,50.0,0.0,0.0,0.0,0.0,0.0,100.0,100.0,100.0,10000.0,10000.0,10000.0,0,0,0,50.0,0.0,0.0,0,0
662206,68.5,68.0,25.5,,,,,1.0,1.0,1.0,50.0,0.0,0.0,0.0,0.0,0.0,100.0,100.0,100.0,10000.0,10000.0,10000.0,0,0,0,50.0,0.0,0.0,0,0
662406,68.5,68.0,25.5,,,,,1.0,1.0,1.0,50.0,0.0,0.0,0.0,0.0,0.0,100.0,100.0,100.0,10000.0,10000.0,10000.0,0,0,0,50.0,0.0,0.0,0,0
662606,68.5,68.0,25.5,,,,,1.0,1.0,1.0,50.0,0.0,0.0,0.0,0.0,0.0,100.0,100.0,100.0,10000.0,10000.0,10000.0,0,0,0,50.0,0.0,0.0,0,0
662806,68.5,68.0,25.5,,,,,1.0,1.0,1.0,50.0,0.0,0.0,0.0,0.0,0.0,100.0,100.0,100.0,10000.0,10000.0,10000.0,0,0,0,50.0,0.0,0.0,0,0
663006,68.5,68.0,25.5,,,,,1.0,1.0,1.0,50.0,0.0,0.0,0.0,0.0,0.0,100.0,100.0,100.0,10000.0,10000.0,10000.0,0,0,0,50.0,0.0,0.0,0,0
663206,68.5,68.0,25.5,,,,,1.0,1.0,1.0,50.0,0.0,0.0,0.0,0.0,0.0,100.0,100.0,100.0,10000.0,10000.0,10000.0,0,0,0,50.0,0.0,0.0,0,0
663406,68.5,68.0,25.5,,,,,1.0,1.0,1.0,50.0,0.0,0.0,0.0,0.0,0.0,100.0,100.0,100.0,10000.0,10000.0,10000.0,0,0,0,50.0,0.0,0.0,0,0
663606,68.5,68.0,25.5,,,,,1.0,1.0,1.0,50.0,0.0,0.0,0.0,0.0,0.0,100.0,100.0,100.0,10000.0,10000.0,10000.0,0,0,0,50.0,0.0,0.0,0,0
663806,68.5,68.0,25.5,,,,,1.0,1.0,1.0,50.0,0.0,0.0,0.0,0.0,0.0,100.0,100.0,100.0,10000.0,10000.0,10000.0,0,0,0,50.0,0.0,0.0,0,0
664006,68.5,68.0,25.5,,,,,1.0,1.0,1.0,50.0,0.0,0.0,0.0,0.0,0.0,100.0,100.0,100.0,10000.0,10000.0,10000.0,0,0,0,50.0,0.0,0.0,0,0
664206,68.5,68.0,25.5,,,,,1.0,1.0,1.0,50.0,0.0,0.0,0.0,0.0,0.0,100.0,100.0,100.0,10000.0,10000.0,10000.0,0,0,0,50.0,0.0,0.0,0,0
664406,68.5,68.0,25.5,,,,,1.0,1.0,1.0,50.0,0.0,0.0,0.0,0.0,0.0,100.0,100.0,100.0,10000.0,10000.0,10000.0,0,0,0,50.0,0.0,0.0,0,0
664606,68.5,68.0,25.5,,,,,1.0,1.0,1.0,50.0,0.0,0.0,0.0,0.0,0.0,100.0,100.0,100.0,10000.0,10000.0,10000.0,0,0,0,50.0,0.0,0.0,0,0
664806,68.5,68.0,25.5,,,,,1.0,1.0,1.0,50.0,0.0,0.0,0.0,0.0,0.0,100.0,100.0,100.0,10000.0,10000.0,10000.0,0,0,0,50.0,0.0,0.0,0,0
665006,68.5,68.0,25.5,,,,,1.0,1.0,1.0,50.0,0.0,0.0,0.0,0.0,0.0,100.0,100.0,100.0,10000.0,10000.0,10000.0,0,0,0,50.0,0.0,0.0,0,0
665206,68.5,68.0,25.5,,,,,1.0,1.0,1.0,50.0,0.0,0.0,0.0,0.0,0.0,100.0,100.0,100.0,10000.0,10000.0,10000.0,0,0,0,50.0,0.0,0.0,0,0
665406,68.5,68.0,25.5,,,,,1.0,1.0,1.0,50.0,0.0,0.0,0.0,0.0,0.0,100.0,100.0,100.0,10000.0,10000.0,10000.0,0,0,0,50.0,0.0,0.0,0,0
665606,68.5,68.0,25.5,,,,,1.0,1.0,1.0,50.0,0.0,0.0,0.0,0.0,0.0,100.0,100.0,100.0,10000.0,10000.0,10000.0,0,0,0,50.0,0.0,0.0,0,0
665806,68.5,68.0,25.5,,,,,1.0,1.0,1.0,50.0,0.0,0.0,0.0,0.0,0.0,100.0,100.0,100.0,10000.0,10000.0,10000.0,0,0,0,50.0,0.0,0.0,0,0
666006,68.5,68.0,25.5,,,,,1.0,1.0,1.0,50.0,0.0,0.0,0.0,0.0,0.0,100.0,100.0,100.0,10000.0,10000.0,10000.0,0,0,0,50.0,0.0,0.0,0,0
666206,68.5,68.0,25.5,,,,,1.0,1.0,1.0,50.0,0.0,0.0,0.0,0.0,0.0,100.0,100.0,100.0,10000.0,10000.0,10000.0,0,0,0,50.0,0.0,0.0,0,0
666406,68.5,68.0,25.5,,,,,1.0,1.0,1.0,50.0,0.0,0.0,0.0,0.0,0.0,100.0,100.0,100.0,10000.0,10000.0,10000.0,0,0,0,50.0,0.0,0.0,0,0
666606,68.5,68.0,25.5,,,,,1.0,1.0,1.0,50.0,0.0,0.0,0.0,0.0,0.0,100.0,100.0,100.0,10000.0,10000.0,10000.0,0,0,0,50.0,0.0,0.0,0,0
666806,68.5,68.0,25.5,,,,,1.0,1.0,1.0,50.0,0.0,0.0,0.0,0.0,0.0,100.0,100.0,100.0,10000.0,10000.0,10000.0,0,0,0,50.0,0.0,0.0,0,0
667006,68.5,68.0,25.5,,,,,1.0,1.0,1.0,50.0,0.0,0.0,0.0,0.0,0.0,100.0,100.0,100.0,10000.0,10000.0,10000.0,0,0,0,50.0,0.0,0.0,0,0
667206,68.5,68.0,25.5,,,,,1.0,1.0,1.0,50.0,0.0,0.0,0.0,0.0,0.0,100.0,100.0,100.0,10000.0,10000.0,10000.0,0,0,0,50.0,0.0,0.0,0,0
667406,68.5,68.0,25.5,,,,,1.0,1.0,1.0,50.0,0.0,0.0,0.0,0.0,0.0,100.0,100.0,100.0,10000.0,10000.0,10000.0,0,0,0,50.0,0.0,0.0,0,0
667606,68.5,68.5,25.5,,,,,1.0,1.0,1.0,50.0,0.0,0.0,0.0,0.0,0.0,100.0,100.0,100.0,10000.0,10000.0,10000.0,0,0,0,50.0,0.0,0.0,0,0
667806,68.5,68.5,25.5,,,,,1.0,1.0,1.0,50.0,0.0,0.0,0.0,0.0,0.0,100.0,100.0,100.0,10000.0,10000.0,10000.0,0,0,0,50.0,0.0,0.0,0,0
668006,68.5,68.5,25.5,,,,,1.0,1.0,1.0,50.0,0.0,0.0,0.0,0.0,0.0,100.0,100.0,100.0,10000.0,10000.0,10000.0,0,0,0,50.0,0.0,0.0,0,0
668206,68.5,68.5,25.5,,,,,1.0,1.0,1.0,50.0,0.0,0.0,0.0,0.0,0.0,100.0,100.0,100.0,10000.0,10000.0,10000.0,0,0,0,50.0,0.0,0.0,0,0
668406,68.5,68.5,25.5,,,,,1.0,1.0,1.0,50.0,0.0,0.0,0.0,0.0,0.0,100.0,100.0,100.0,10000.0,10000.0,10000.0,0,0,0,50.0,0.0,0.0,0,0
668606,68.5,68.5,25.5,,,,,1.0,1.0,1.0,50.0,0.0,0.0,0.0,0.0,0.0,100.0,100.0,100.0,10000.0,10000.0,10000.0,0,0,0,50.0,0.0,0.0,0,0
668806,68.5,68.5,25.5,,,,,1.0,1.0,1.0,50.0,0.0,0.0,0.0,0.0,0.0,100.0,100.0,100.0,10000.0,10000.0,10000.0,0,0,0,50.0,0.0,0.0,0,0
669006,68.5,68.5,25.5,,,,,1.0,1.0,1.0,50.0,0.0,0.0,0.0,0.0,0.0,100.0,100.0,100.0,10000.0,10000.0,10000.0,0,0,0,50.0,0.0,0.0,0,0
669206,68.5,68.5,25.5,,,,,1.0,1.0,1.0,50.0,0.0,0.0,0.0,0.0,0.0,100.0,100.0,100.0,10000.0,10000.0,10000.0,0,0,0,50.0,0.0,0.0,0,0
669406,68.5,68.5,25.5,,,,,1.0,1.0,1.0,50.0,0.0,0.0,0.0,0.0,0.0,100.0,100.0,100.0,10000.0,10000.0,10000.0,0,0,0,50.0,0.0,0.0,0,0
669606,68.5,68.5,25.5,,,,,1.0,1.0,1.0,50.0,0.0,0.0,0.0,0.0,0.0,100.0,100.0,100.0,10000.0,10000.0,10000.0,0,0,0,50.0,0.0,0.0,0,0
669806,68.5,68.5,25.5,,,,,1.0,1.0,1.0,50.0,0.0,0.0,0.0,0.0,0.0,100.0,100.0,100.0,10000.0,10000.0,10000.0,0,0,0,50.0,0.0,0.0,0,0
670006,68.5,68.5,25.5,,,,,1.0,1.0,1.0,50.0,0.0,0.0,0.0,0.0,0.0,100.0,100.0,100.0,10000.0,10000.0,10000.0,0,0,0,50.0,0.0,0.0,0,0
670206,68.5,68.5,25.5,,,,,1.0,1.0,1.0,50.0,0.0,0.0,0.0,0.0,0.0,100.0,100.0,100.0,10000.0,10000.0,10000.0,0,0,0,50.0,0.0,0.0,0,0
670406,68.5,68.5,25.5,,,,,1.0,1.0,1.0,50.0,0.0,0.0,0.0,0.0,0.0,100.0,100.0,100.0,10000.0,10000.0,10000.0,0,0,0,50.0,0.0,0.0,0,0
670606,68.5,68.5,25.5,,,,,1.0,1.0,1.0,50.0,0.0,0.0,0.0,0.0,0.0,100.0,100.0,100.0,10000.0,10000.0,10000.0,0,0,0,50.0,0.0,0.0,0,0
670806,68.5,68.5,25.5,,,,,1.0,1.0,1.0,50.0,0.0,0.0,0.0,0.0,0.0,100.0,100.0,100.0,10000.0,10000.0,10000.0,0,0,0,50.0,0.0,0.0,0,0
671006,68.5,68.5,25.5,,,,,1.0,1.0,1.0,50.0,0.0,0.0,0.0,0.0,0.0,100.0,100.0,100.0,10000.0,10000.0,10000.0,0,0,0,50.0,0.0,0.0,0,0
671206,68.5,68.5,25.5,,,,,1.0,1.0,1.0,50.0,0.0,0.0,0.0,0.0,0.0,100.0,100.0,100.0,10000.0,10000.0,10000.0,0,0,0,50.0,0.0,0.0,0,0
671406,68.5,68.5,25.5,,,,,1.0,1.0,1.0,50.0,0.0,0.0,0.0,0.0,0.0,100.0,100.0,100.0,10000.0,10000.0,10000.0,0,0,0,50.0,0.0,0.0,0,0
671606,68.5,68.5,25.5,,,,,1.0,1.0,1.0,50.0,0.0,0.0,0.0,0.0,0.0,100.0,100.0,100.0,10000.0,10000.0,10000.0,0,0,0,50.0,0.0,0.0,0,0
671806,68.5,68.5,25.5,,,,,1.0,1.0,1.0,50.0,0.0,0.0,0.0,0.0,0.0,100.0,100.0,100.0,10000.0,10000.0,10000.0,0,0,0,50.0,0.0,0.0,0,0
672006,68.5,68.5,25.5,,,,,1.0,1.0,1.0,50.0,0.0,0.0,0.0,0.0,0.0,100.0,100.0,100.0,10000.0,10000.0,10000.0,0,0,0,50.0,0.0,0.0,0,0
672206,68.5,68.5,25.5,,,,,1.0,1.0,1.0,50.0,0.0,0.0,0.0,0.0,0.0,100.0,100.0,100.0,10000.0,10000.0,10000.0,0,0,0,50.0,0.0,0.0,0,0
672406,68.5,68.5,25.5,,,,,1.0,1.0,1.0,50.0,0.0,0.0,0.0,0.0,0.0,100.0,100.0,100.0,10000.0,10000.0,10000.0,0,0,0,50.0,0.0,0.0,0,0
672606,68.5,68.5,25.5,,,,,1.0,1.0,1.0,50.0,0.0,0.0,0.0,0.0,0.0,100.0,100.0,100.0,10000.0,10000.0,10000.0,0,0,0,50.0,0.0,0.0,0,0
672806,68.5,68.5,25.5,,,,,1.0,1.0,1.0,50.0,0.0,0.0,0.0,0.0,0.0,100.0,100.0,100.0,10000.0,10000.0,10000.0,0,0,0,50.0,0.0,0.0,0,0
673006,68.5,68.5,25.5,,,,,1.0,1.0,1.0,50.0,0.0,0.0,0.0,0.0,0.0,100.0,100.0,100.0,10000.0,10000.0,10000.0,0,0,0,50.0,0.0,0.0,0,0
673206,68.5,68.5,25.5,,,,,1.0,1.0,1.0,50.0,0.0,0.0,0.0,0.0,0.0,100.0,100.0,100.0,10000.0,10000.0,10000.0,0,0,0,50.0,0.0,0.0,0,0
673406,68.5,68.5,25.5,,,,,1.0,1.0,1.0,50.0,0.0,0.0,0.0,0.0,0.0,100.0,100.0,100.0,10000.0,10000.0,10000.0,0,0,0,50.0,0.0,0.0,0,0
673606,68.5,68.5,25.5,,,,,1.0,1.0,1.0,50.0,0.0,0.0,0.0,0.0,0.0,100.0,100.0,100.0,10000.0,10000.0,10000.0,0,0,0,50.0,0.0,0.0,0,0
673806,68.5,68.5,25.5,,,,,1.0,1.0,1.0,50.0,0.0,0.0,0.0,0.0,0.0,100.0,100.0,100.0,10000.0,10000.0,10000.0,0,0,0,50.0,0.0,0.0,0,0
674006,68.5,68.5,25.5,,,,,1.0,1.0,1.0,50.0,0.0,0.0,0.0,0.0,0.0,100.0,100.0,100.0,10000.0,10000.0,10000.0,0,0,0,50.0,0.0,0.0,0,0
674206,68.5,68.5,25.5,,,,,1.0,1.0,1.0,50.0,0.0,0.0,0.0,0.0,0.0,100.0,100.0,100.0,10000.0,10000.0,10000.0,0,0,0,50.0,0.0,0.0,0,0
674406,68.5,68.5,25.5,,,,,1.0,1.0,1.0,50.0,0.0,0.0,0.0,0.0,0.0,100.0,100.0,100.0,10000.0,10000.0,10000.0,0,0,0,50.0,0.0,0.0,0,0
674606,68.5,68.5,25.5,,,,,1.0,1.0,1.0,50.0,0.0,0.0,0.0,0.0,0.0,100.0,100.0,100.0,10000.0,10000.0,10000.0,0,0,0,50.0,0.0,0.0,0,0
674806,68.5,68.5,25.5,,,,,1.0,1.0,1.0,50.0,0.0,0.0,0.0,0.0,0.0,100.0,100.0,100.0,10000.0,10000.0,10000.0,0,0,0,50.0,0.0,0.0,0,0
675006,68.5,68.5,25.5,,,,,1.0,1.0,1.0,50.0,0.0,0.0,0.0,0.0,0.0,100.0,100.0,100.0,10000.0,10000.0,10000.0,0,0,0,50.0,0.0,0.0,0,0
675206,68.5,68.5,25.5,,,,,1.0,1.0,1.0,50.0,0.0,0.0,0.0,0.0,0.0,100.0,100.0,100.0,10000.0,10000.0,10000.0,0,0,0,50.0,0.0,0.0,0,0
675406,68.5,68.5,25.5,,,,,1.0,1.0,1.0,50.0,0.0,0.0,0.0,0.0,0.0,100.0,100.0,100.0,10000.0,10000.0,10000.0,0,0,0,50.0,0.0,0.0,0,0
675606,68.5,68.5,25.5,,,,,1.0,1.0,1.0,50.0,0.0,0.0,0.0,0.0,0.0,100.0,100.0,100.0,10000.0,10000.0,10000.0,0,0,0,50.0,0.0,0.0,0,0
675806,68.5,68.5,25.5,,,,,1.0,1.0,1.0,50.0,0.0,0.0,0.0,0.0,0.0,100.0,100.0,100.0,10000.0,10000.0,10000.0,0,0,0,50.0,0.0,0.0,0,0
676006,68.5,68.5,25.5,,,,,1.0,1.0,1.0,50.0,0.0,0.0,0.0,0.0,0.0,100.0,100.0,100.0,10000.0,10000.0,10000.0,0,0,0,50.0,0.0,0.0,0,0
676206,68.5,68.5,25.5,,,,,1.0,1.0,1.0,50.0,0.0,0.0,0.0,0.0,0.0,100.0,100.0,100.0,10000.0,10000.0,10000.0,0,0,0,50.0,0.0,0.0,0,0
676406,68.5,68.5,25.5,,,,,1.0,1.0,1.0,50.0,0.0,0.0,0.0,0.0,0.0,100.0,100.0,100.0,10000.0,10000.0,10000.0,0,0,0,50.0,0.0,0.0,0,0
676606,68.5,68.5,25.5,,,,,1.0,1.0,1.0,50.0,0.0,0.0,0.0,0.0,0.0,100.0,100.0,100.0,10000.0,10000.0,10000.0,0,0,0,50.0,0.0,0.0,0,0
676806,68.5,68.5,25.5,,,,,1.0,1.0,1.0,50.0,0.0,0.0,0.0,0.0,0.0,100.0,100.0,100.0,10000.0,10000.0,10000.0,0,0,0,50.0,0.0,0.0,0,0
677006,68.5,68.5,25.5,,,,,1.0,1.0,1.0,50.0,0.0,0.0,0.0,0.0,0.0,100.0,100.0,100.0,10000.0,10000.0,10000.0,0,0,0,50.0,0.0,0.0,0,0
677206,68.5,68.5,25.5,,,,,1.0,1.0,1.0,50.0,0.0,0.0,0.0,0.0,0.0,100.0,100.0,100.0,10000.0,10000.0,10000.0,0,0,0,50.0,0.0,0.0,0,0
677406,68.5,68.5,25.5,,,,,1.0,1.0,1.0,50.0,0.0,0.0,0.0,0.0,0.0,100.0,100.0,100.0,10000.0,10000.0,10000.0,0,0,0,50.0,0.0,0.0,0,0
677606,68.5,68.5,25.5,,,,,1.0,1.0,1.0,50.0,0.0,0.0,0.0,0.0,0.0,100.0,100.0,100.0,10000.0,10000.0,10000.0,0,0,0,50.0,0.0,0.0,0,0
677806,68.5,68.5,25.5,,,,,1.0,1.0,1.0,50.0,0.0,0.0,0.0,0.0,0.0,100.0,100.0,100.0,10000.0,10000.0,10000.0,0,0,0,50.0,0.0,0.0,0,0
678006,68.5,68.5,25.5,,,,,1.0,1.0,1.0,50.0,0.0,0.0,0.0,0.0,0.0,100.0,100.0,100.0,10000.0,10000.0,10000.0,0,0,0,50.0,0.0,0.0,0,0
678206,68.5,68.5,25.5,,,,,1.0,1.0,1.0,50.0,0.0,0.0,0.0,0.0,0.0,100.0,100.0,100.0,10000.0,10000.0,10000.0,0,0,0,50.0,0.0,0.0,0,0
678406,68.5,68.5,25.5,,,,,1.0,1.0,1.0,50.0,0.0,0.0,0.0,0.0,0.0,100.0,100.0,100.0,10000.0,10000.0,10000.0,0,0,0,50.0,0.0,0.0,0,0
678606,68.5,68.5,25.5,,,,,1.0,1.0,1.0,50.0,0.0,0.0,0.0,0.0,0.0,100.0,100.0,100.0,10000.0,10000.0,10000.0,0,0,0,50.0,0.0,0.0,0,0
678806,68.5,68.5,25.5,,,,,1.0,1.0,1.0,50.0,0.0,0.0,0.0,0.0,0.0,100.0,100.0,100.0,10000.0,10000.0,10000.0,0,0,0,50.0,0.0,0.0,0,0
679006,68.5,68.5,25.5,,,,,1.0,1.0,1.0,50.0,0.0,0.0,0.0,0.0,0.0,100.0,100.0,100.0,10000.0,10000.0,10000.0,0,0,0,50.0,0.0,0.0,0,0
679206,68.5,68.5,25.5,,,,,1.0,1.0,1.0,50.0,0.0,0.0,0.0,0.0,0.0,100.0,100.0,100.0,10000.0,10000.0,10000.0,0,0,0,50.0,0.0,0.0,0,0
679406,68.5,68.5,25.5,,,,,1.0,1.0,1.0,50.0,0.0,0.0,0.0,0.0,0.0,100.0,100.0,100.0,10000.0,10000.0,10000.0,0,0,0,50.0,0.0,0.0,0,0
679606,68.5,68.5,25.5,,,,,1.0,1.0,1.0,50.0,0.0,0.0,0.0,0.0,0.0,100.0,100.0,100.0,10000.0,10000.0,10000.0,0,0,0,50.0,0.0,0.0,0,0
679806,68.5,68.5,25.5,,,,,1.0,1.0,1.0,50.0,0.0,0.0,0.0,0.0,0.0,100.0,100.0,100.0,10000.0,10000.0,10000.0,0,0,0,50.0,0.0,0.0,0,0
680006,68.5,68.5,25.5,,,,,1.0,1.0,1.0,50.0,0.0,0.0,0.0,0.0,0.0,100.0,100.0,100.0,10000.0,10000.0,10000.0,0,0,0,50.0,0.0,0.0,0,0
680206,68.5,68.5,25.5,,,,,1.0,1.0,1.0,50.0,0.0,0.0,0.0,0.0,0.0,100.0,100.0,100.0,10000.0,10000.0,10000.0,0,0,0,50.0,0.0,0.0,0,0
680406,68.5,68.5,25.5,,,,,1.0,1.0,1.0,50.0,0.0,0.0,0.0,0.0,0.0,100.0,100.0,100.0,10000.0,10000.0,10000.0,0,0,0,50.0,0.0,0.0,0,0
680606,68.5,68.5,25.5,,,,,1.0,1.0,1.0,50.0,0.0,0.0,0.0,0.0,0.0,100.0,100.0,100.0,10000.0,10000.0,10000.0,0,0,0,50.0,0.0,0.0,0,0
680806,68.5,68.5,25.5,,,,,1.0,1.0,1.0,50.0,0.0,0.0,0.0,0.0,0.0,100.0,100.0,100.0,10000.0,10000.0,10000.0,0,0,0,50.0,0.0,0.0,0,0
681006,68.5,68.5,25.5,,,,,1.0,1.0,1.0,50.0,0.0,0.0,0.0,0.0,0.0,100.0,100.0,100.0,10000.0,10000.0,10000.0,0,0,0,50.0,0.0,0.0,0,0
681206,68.5,68.5,25.5,,,,,1.0,1.0,1.0,50.0,0.0,0.0,0.0,0.0,0.0,100.0,100.0,100.0,10000.0,10000.0,10000.0,0,0,0,50.0,0.0,0.0,0,0
681406,68.5,68.5,25.5,,,,,1.0,1.0,1.0,50.0,0.0,0.0,0.0,0.0,0.0,100.0,100.0,100.0,10000.0,10000.0,10000.0,0,0,0,50.0,0.0,0.0,0,0
681606,68.5,68.5,25.5,,,,,1.0,1.0,1.0,50.0,0.0,0.0,0.0,0.0,0.0,100.0,100.0,100.0,10000.0,10000.0,10000.0,0,0,0,50.0,0.0,0.0,0,0
681806,68.5,68.5,25.5,,,,,1.0,1.0,1.0,50.0,0.0,0.0,0.0,0.0,0.0,100.0,100.0,100.0,10000.0,10000.0,10000.0,0,0,0,50.0,0.0,0.0,0,0
682006,68.5,68.5,25.5,,,,,1.0,1.0,1.0,50.0,0.0,0.0,0.0,0.0,0.0,100.0,100.0,100.0,10000.0,10000.0,10000.0,0,0,0,50.0,0.0,0.0,0,0
682206,68.5,68.5,25.5,,,,,1.0,1.0,1.0,50.0,0.0,0.0,0.0,0.0,0.0,100.0,100.0,100.0,10000.0,10000.0,10000.0,0,0,0,50.0,0.0,0.0,0,0
682406,68.5,68.5,25.5,,,,,1.0,1.0,1.0,50.0,0.0,0.0,0.0,0.0,0.0,100.0,100.0,100.0,10000.0,10000.0,10000.0,0,0,0,50.0,0.0,0.0,0,0
682606,68.5,68.5,25.5,,,,,1.0,1.0,1.0,50.0,0.0,0.0,0.0,0.0,0.0,100.0,100.0,100.0,10000.0,10000.0,10000.0,0,0,0,50.0,0.0,0.0,0,0
682806,68.5,68.5,25.5,,,,,1.0,1.0,1.0,50.0,0.0,0.0,0.0,0.0,0.0,100.0,100.0,100.0,10000.0,10000.0,10000.0,0,0,0,50.0,0.0,0.0,0,0
683006,68.5,68.5,25.5,,,,,1.0,1.0,1.0,50.0,0.0,0.0,0.0,0.0,0.0,100.0,100.0,100.0,10000.0,10000.0,10000.0,0,0,0,50.0,0.0,0.0,0,0
683206,68.5,68.5,25.5,,,,,1.0,1.0,1.0,50.0,0.0,0.0,0.0,0.0,0.0,100.0,100.0,100.0,10000.0,10000.0,10000.0,0,0,0,50.0,0.0,0.0,0,0
683406,68.5,68.5,25.5,,,,,1.0,1.0,1.0,50.0,0.0,0.0,0.0,0.0,0.0,100.0,100.0,100.0,10000.0,10000.0,10000.0,0,0,0,50.0,0.0,0.0,0,0
683606,68.5,68.5,25.5,,,,,1.0,1.0,1.0,50.0,0.0,0.0,0.0,0.0,0.0,100.0,100.0,100.0,10000.0,10000.0,10000.0,0,0,0,50.0,0.0,0.0,0,0
683806,68.5,68.5,25.5,,,,,1.0,1.0,1.0,50.0,0.0,0.0,0.0,0.0,0.0,100.0,100.0,100.0,10000.0,10000.0,10000.0,0,0,0,50.0,0.0,0.0,0,0
684006,68.5,68.5,25.5,,,,,1.0,1.0,1.0,50.0,0.0,0.0,0.0,0.0,0.0,100.0,100.0,100.0,10000.0,10000.0,10000.0,0,0,0,50.0,0.0,0.0,0,0
684206,68.5,68.5,25.5,,,,,1.0,1.0,1.0,50.0,0.0,0.0,0.0,0.0,0.0,100.0,100.0,100.0,10000.0,10000.0,10000.0,0,0,0,50.0,0.0,0.0,0,0
684406,68.5,68.5,25.5,,,,,1.0,1.0,1.0,50.0,0.0,0.0,0.0,0.0,0.0,100.0,100.0,100.0,10000.0,10000.0,10000.0,0,0,0,50.0,0.0,0.0,0,0
684606,69.0,68.5,25.5,,,,,1.0,1.0,1.0,50.0,0.0,0.0,0.0,0.0,0.0,100.0,100.0,100.0,10000.0,10000.0,10000.0,0,0,0,50.0,0.0,0.0,0,0
684806,69.0,68.5,25.5,,,,,1.0,1.0,1.0,50.0,0.0,0.0,0.0,0.0,0.0,100.0,100.0,100.0,10000.0,10000.0,10000.0,0,0,0,50.0,0.0,0.0,0,0
685006,69.0,68.5,25.5,,,,,1.0,1.0,1.0,50.0,0.0,0.0,0.0,0.0,0.0,100.0,100.0,100.0,10000.0,10000.0,10000.0,0,0,0,50.0,0.0,0.0,0,0
685206,69.0,68.5,25.5,,,,,1.0,1.0,1.0,50.0,0.0,0.0,0.0,0.0,0.0,100.0,100.0,100.0,10000.0,10000.0,10000.0,0,0,0,50.0,0.0,0.0,0,0
685406,69.0,68.5,25.5,,,,,1.0,1.0,1.0,50.0,0.0,0.0,0.0,0.0,0.0,100.0,100.0,100.0,10000.0,10000.0,10000.0,0,0,0,50.0,0.0,0.0,0,0
685606,69.0,68.5,25.5,,,,,1.0,1.0,1.0,50.0,0.0,0.0,0.0,0.0,0.0,100.0,100.0,100.0,10000.0,10000.0,10000.0,0,0,0,50.0,0.0,0.0,0,0
685806,69.0,68.5,25.5,,,,,1.0,1.0,1.0,50.0,0.0,0.0,0.0,0.0,0.0,100.0,100.0,100.0,10000.0,10000.0,10000.0,0,0,0,50.0,0.0,0.0,0,0
686006,69.0,68.5,25.5,,,,,1.0,1.0,1.0,50.0,0.0,0.0,0.0,0.0,0.0,100.0,100.0,100.0,10000.0,10000.0,10000.0,0,0,0,50.0,0.0,0.0,0,0
686206,69.0,68.5,25.5,,,,,1.0,1.0,1.0,50.0,0.0,0.0,0.0,0.0,0.0,100.0,100.0,100.0,10000.0,10000.0,10000.0,0,0,0,50.0,0.0,0.0,0,0
686406,69.0,68.5,25.5,,,,,1.0,1.0,1.0,50.0,0.0,0.0,0.0,0.0,0.0,100.0,100.0,100.0,10000.0,10000.0,10000.0,0,0,0,50.0,0.0,0.0,0,0
686606,69.0,68.5,25.5,,,,,1.0,1.0,1.0,50.0,0.0,0.0,0.0,0.0,0.0,100.0,100.0,100.0,10000.0,10000.0,10000.0,0,0,0,50.0,0.0,0.0,0,0
686806,69.0,68.5,25.5,,,,,1.0,1.0,1.0,50.0,0.0,0.0,0.0,0.0,0.0,100.0,100.0,100.0,10000.0,10000.0,10000.0,0,0,0,50.0,0.0,0.0,0,0
687006,69.0,68.5,25.5,,,,,1.0,1.0,1.0,50.0,0.0,0.0,0.0,0.0,0.0,100.0,100.0,100.0,10000.0,10000.0,10000.0,0,0,0,50.0,0.0,0.0,0,0
687206,69.0,68.5,25.5,,,,,1.0,1.0,1.0,50.0,0.0,0.0,0.0,0.0,0.0,100.0,100.0,100.0,10000.0,10000.0,10000.0,0,0,0,50.0,0.0,0.0,0,0
687406,69.0,68.5,25.5,,,,,1.0,1.0,1.0,50.0,0.0,0.0,0.0,0.0,0.0,100.0,100.0,100.0,10000.0,10000.0,10000.0,0,0,0,50.0,0.0,0.0,0,0
687606,69.0,68.5,25.5,,,,,1.0,1.0,1.0,50.0,0.0,0.0,0.0,0.0,0.0,100.0,100.0,100.0,10000.0,10000.0,10000.0,0,0,0,50.0,0.0,0.0,0,0
687806,69.0,68.5,25.5,,,,,1.0,1.0,1.0,50.0,0.0,0.0,0.0,0.0,0.0,100.0,100.0,100.0,10000.0,10000.0,10000.0,0,0,0,50.0,0.0,0.0,0,0
688006,69.0,68.5,25.5,,,,,1.0,1.0,1.0,50.0,0.0,0.0,0.0,0.0,0.0,100.0,100.0,100.0,10000.0,10000.0,10000.0,0,0,0,50.0,0.0,0.0,0,0
688206,69.0,68.5,25.5,,,,,1.0,1.0,1.0,50.0,0.0,0.0,0.0,0.0,0.0,100.0,100.0,100.0,10000.0,10000.0,10000.0,0,0,0,50.0,0.0,0.0,0,0
688406,69.0,68.5,25.5,,,,,1.0,1.0,1.0,50.0,0.0,0.0,0.0,0.0,0.0,100.0,100.0,100.0,10000.0,10000.0,10000.0,0,0,0,50.0,0.0,0.0,0,0
688606,69.0,68.5,25.5,,,,,1.0,1.0,1.0,50.0,0.0,0.0,0.0,0.0,0.0,100.0,100.0,100.0,10000.0,10000.0,10000.0,0,0,0,50.0,0.0,0.0,0,0
688806,69.0,68.5,25.5,,,,,1.0,1.0,1.0,50.0,0.0,0.0,0.0,0.0,0.0,100.0,100.0,100.0,10000.0,10000.0,10000.0,0,0,0,50.0,0.0,0.0,0,0
689006,69.0,68.5,25.5,,,,,1.0,1.0,1.0,50.0,0.0,0.0,0.0,0.0,0.0,100.0,100.0,100.0,10000.0,10000.0,10000.0,0,0,0,50.0,0.0,0.0,0,0
689206,69.0,68.5,25.5,,,,,1.0,1.0,1.0,50.0,0.0,0.0,0.0,0.0,0.0,100.0,100.0,100.0,10000.0,10000.0,10000.0,0,0,0,50.0,0.0,0.0,0,0
689406,69.0,68.5,25.5,,,,,1.0,1.0,1.0,50.0,0.0,0.0,0.0,0.0,0.0,100.0,100.0,100.0,10000.0,10000.0,10000.0,0,0,0,50.0,0.0,0.0,0,0
689606,69.0,68.5,25.5,,,,,1.0,1.0,1.0,50.0,0.0,0.0,0.0,0.0,0.0,100.0,100.0,100.0,10000.0,10000.0,10000.0,0,0,0,50.0,0.0,0.0,0,0
689806,69.0,68.5,25.5,,,,,1.0,1.0,1.0,50.0,0.0,0.0,0.0,0.0,0.0,100.0,100.0,100.0,10000.0,10000.0,10000.0,0,0,0,50.0,0.0,0.0,0,0
690006,69.0,68.5,25.5,,,,,1.0,1.0,1.0,50.0,0.0,0.0,0.0,0.0,0.0,100.0,100.0,100.0,10000.0,10000.0,10000.0,0,0,0,50.0,0.0,0.0,0,0
690206,69.0,68.5,25.5,,,,,1.0,1.0,1.0,50.0,0.0,0.0,0.0,0.0,0.0,100.0,100.0,100.0,10000.0,10000.0,10000.0,0,0,0,50.0,0.0,0.0,0,0
690406,69.0,68.5,25.5,,,,,1.0,1.0,1.0,50.0,0.0,0.0,0.0,0.0,0.0,100.0,100.0,100.0,10000.0,10000.0,10000.0,0,0,0,50.0,0.0,0.0,0,0
690606,69.0,68.5,25.5,,,,,1.0,1.0,1.0,50.0,0.0,0.0,0.0,0.0,0.0,100.0,100.0,100.0,10000.0,10000.0,10000.0,0,0,0,50.0,0.0,0.0,0,0
690806,69.0,68.5,25.5,,,,,1.0,1.0,1.0,50.0,0.0,0.0,0.0,0.0,0.0,100.0,100.0,100.0,10000.0,10000.0,10000.0,0,0,0,50.0,0.0,0.0,0,0
691006,69.0,68.5,25.5,,,,,1.0,1.0,1.0,50.0,0.0,0.0,0.0,0.0,0.0,100.0,100.0,100.0,10000.0,10000.0,10000.0,0,0,0,50.0,0.0,0.0,0,0
691206,69.0,68.5,25.5,,,,,1.0,1.0,1.0,50.0,0.0,0.0,0.0,0.0,0.0,100.0,100.0,100.0,10000.0,10000.0,10000.0,0,0,0,50.0,0.0,0.0,0,0
691406,69.0,68.5,25.5,,,,,1.0,1.0,1.0,50.0,0.0,0.0,0.0,0.0,0.0,100.0,100.0,100.0,10000.0,10000.0,10000.0,0,0,0,50.0,0.0,0.0,0,0
691606,69.0,68.5,25.5,,,,,1.0,1.0,1.0,50.0,0.0,0.0,0.0,0.0,0.0,100.0,100.0,100.0,10000.0,10000.0,10000.0,0,0,0,50.0,0.0,0.0,0,0
691806,69.0,68.5,25.5,,,,,1.0,1.0,1.0,50.0,0.0,0.0,0.0,0.0,0.0,100.0,100.0,100.0,10000.0,10000.0,10000.0,0,0,0,50.0,0.0,0.0,0,0
692006,69.0,68.5,25.5,,,,,1.0,1.0,1.0,50.0,0.0,0.0,0.0,0.0,0.0,100.0,100.0,100.0,10000.0,10000.0,10000.0,0,0,0,50.0,0.0,0.0,0,0
692206,69.0,68.5,25.5,,,,,1.0,1.0,1.0,50.0,0.0,0.0,0.0,0.0,0.0,100.0,100.0,100.0,10000.0,10000.0,10000.0,0,0,0,50.0,0.0,0.0,0,0
692406,69.0,68.5,25.5,,,,,1.0,1.0,1.0,50.0,0.0,0.0,0.0,0.0,0.0,100.0,100.0,100.0,10000.0,10000.0,10000.0,0,0,0,50.0,0.0,0.0,0,0
692606,69.0,68.5,25.5,,,,,1.0,1.0,1.0,50.0,0.0,0.0,0.0,0.0,0.0,100.0,100.0,100.0,10000.0,10000.0,10000.0,0,0,0,50.0,0.0,0.0,0,0
692806,69.0,68.5,25.5,,,,,1.0,1.0,1.0,50.0,0.0,0.0,0.0,0.0,0.0,100.0,100.0,100.0,10000.0,10000.0,10000.0,0,0,0,50.0,0.0,0.0,0,0
693006,69.0,68.5,25.5,,,,,1.0,1.0,1.0,50.0,0.0,0.0,0.0,0.0,0.0,100.0,100.0,100.0,10000.0,10000.0,10000.0,0,0,0,50.0,0.0,0.0,0,0
693206,69.0,68.5,25.5,,,,,1.0,1.0,1.0,50.0,0.0,0.0,0.0,0.0,0.0,100.0,100.0,100.0,10000.0,10000.0,10000.0,0,0,0,50.0,0.0,0.0,0,0
693406,69.0,68.5,25.5,,,,,1.0,1.0,1.0,50.0,0.0,0.0,0.0,0.0,0.0,100.0,100.0,100.0,10000.0,10000.0,10000.0,0,0,0,50.0,0.0,0.0,0,0
693606,69.0,68.5,25.5,,,,,1.0,1.0,1.0,50.0,0.0,0.0,0.0,0.0,0.0,100.0,100.0,100.0,10000.0,10000.0,10000.0,0,0,0,50.0,0.0,0.0,0,0
693806,69.0,68.5,25.5,,,,,1.0,1.0,1.0,50.0,0.0,0.0,0.0,0.0,0.0,100.0,100.0,100.0,10000.0,10000.0,10000.0,0,0,0,50.0,0.0,0.0,0,0
694006,69.0,68.5,25.5,,,,,1.0,1.0,1.0,50.0,0.0,0.0,0.0,0.0,0.0,100.0,100.0,100.0,10000.0,10000.0,10000.0,0,0,0,50.0,0.0,0.0,0,0
694206,69.0,68.5,25.5,,,,,1.0,1.0,1.0,50.0,0.0,0.0,0.0,0.0,0.0,100.0,100.0,100.0,10000.0,10000.0,10000.0,0,0,0,50.0,0.0,0.0,0,0
694406,69.0,68.5,25.5,,,,,1.0,1.0,1.0,50.0,0.0,0.0,0.0,0.0,0.0,100.0,100.0,100.0,10000.0,10000.0,10000.0,0,0,0,50.0,0.0,0.0,0,0
694606,69.0,68.5,25.5,,,,,1.0,1.0,1.0,50.0,0.0,0.0,0.0,0.0,0.0,100.0,100.0,100.0,10000.0,10000.0,10000.0,0,0,0,50.0,0.0,0.0,0,0
694806,69.0,68.5,25.5,,,,,1.0,1.0,1.0,50.0,0.0,0.0,0.0,0.0,0.0,100.0,100.0,100.0,10000.0,10000.0,10000.0,0,0,0,50.0,0.0,0.0,0,0
695006,69.0,68.5,25.5,,,,,1.0,1.0,1.0,50.0,0.0,0.0,0.0,0.0,0.0,100.0,100.0,100.0,10000.0,10000.0,10000.0,0,0,0,50.0,0.0,0.0,0,0
695206,69.0,68.5,25.5,,,,,1.0,1.0,1.0,50.0,0.0,0.0,0.0,0.0,0.0,100.0,100.0,100.0,10000.0,10000.0,10000.0,0,0,0,50.0,0.0,0.0,0,0
695406,69.0,68.5,25.5,,,,,1.0,1.0,1.0,50.0,0.0,0.0,0.0,0.0,0.0,100.0,100.0,100.0,10000.0,10000.0,10000.0,0,0,0,50.0,0.0,0.0,0,0
695606,69.0,68.5,25.5,,,,,1.0,1.0,1.0,50.0,0.0,0.0,0.0,0.0,0.0,100.0,100.0,100.0,10000.0,10000.0,10000.0,0,0,0,50.0,0.0,0.0,0,0
695806,69.0,68.5,25.5,,,,,1.0,1.0,1.0,50.0,0.0,0.0,0.0,0.0,0.0,100.0,100.0,100.0,10000.0,10000.0,10000.0,0,0,0,50.0,0.0,0.0,0,0
696006,69.0,68.5,25.5,,,,,1.0,1.0,1.0,50.0,0.0,0.0,0.0,0.0,0.0,100.0,100.0,100.0,10000.0,10000.0,10000.0,0,0,0,50.0,0.0,0.0,0,0
696206,69.0,68.5,25.5,,,,,1.0,1.0,1.0,50.0,0.0,0.0,0.0,0.0,0.0,100.0,100.0,100.0,10000.0,10000.0,10000.0,0,0,0,50.0,0.0,0.0,0,0
696406,69.0,68.5,25.5,,,,,1.0,1.0,1.0,50.0,0.0,0.0,0.0,0.0,0.0,100.0,100.0,100.0,10000.0,10000.0,10000.0,0,0,0,50.0,0.0,0.0,0,0
696606,69.0,68.5,25.5,,,,,1.0,1.0,1.0,50.0,0.0,0.0,0.0,0.0,0.0,100.0,100.0,100.0,10000.0,10000.0,10000.0,0,0,0,50.0,0.0,0.0,0,0
696806,69.0,68.5,25.5,,,,,1.0,1.0,1.0,50.0,0.0,0.0,0.0,0.0,0.0,100.0,100.0,100.0,10000.0,10000.0,10000.0,0,0,0,50.0,0.0,0.0,0,0
697006,69.0,68.5,25.5,,,,,1.0,1.0,1.0,50.0,0.0,0.0,0.0,0.0,0.0,100.0,100.0,100.0,10000.0,10000.0,10000.0,0,0,0,50.0,0.0,0.0,0,0
697206,69.0,68.5,25.5,,,,,1.0,1.0,1.0,50.0,0.0,0.0,0.0,0.0,0.0,100.0,100.0,100.0,10000.0,10000.0,10000.0,0,0,0,50.0,0.0,0.0,0,0
697406,69.0,68.5,25.5,,,,,1.0,1.0,1.0,50.0,0.0,0.0,0.0,0.0,0.0,100.0,100.0,100.0,10000.0,10000.0,10000.0,0,0,0,50.0,0.0,0.0,0,0
697606,69.0,68.5,25.5,,,,,1.0,1.0,1.0,50.0,0.0,0.0,0.0,0.0,0.0,100.0,100.0,100.0,10000.0,10000.0,10000.0,0,0,0,50.0,0.0,0.0,0,0
697806,69.0,68.5,25.5,,,,,1.0,1.0,1.0,50.0,0.0,0.0,0.0,0.0,0.0,100.0,100.0,100.0,10000.0,10000.0,10000.0,0,0,0,50.0,0.0,0.0,0,0
698006,69.0,68.5,25.5,,,,,1.0,1.0,1.0,50.0,0.0,0.0,0.0,0.0,0.0,100.0,100.0,100.0,10000.0,10000.0,10000.0,0,0,0,50.0,0.0,0.0,0,0
698206,69.0,68.5,25.5,,,,,1.0,1.0,1.0,50.0,0.0,0.0,0.0,0.0,0.0,100.0,100.0,100.0,10000.0,10000.0,10000.0,0,0,0,50.0,0.0,0.0,0,0
698406,69.0,68.5,25.5,,,,,1.0,1.0,1.0,50.0,0.0,0.0,0.0,0.0,0.0,100.0,100.0,100.0,10000.0,10000.0,10000.0,0,0,0,50.0,0.0,0.0,0,0
698606,69.0,68.5,25.5,,,,,1.0,1.0,1.0,50.0,0.0,0.0,0.0,0.0,0.0,100.0,100.0,100.0,10000.0,10000.0,10000.0,0,0,0,50.0,0.0,0.0,0,0
698806,69.0,68.5,25.5,,,,,1.0,1.0,1.0,50.0,0.0,0.0,0.0,0.0,0.0,100.0,100.0,100.0,10000.0,10000.0,10000.0,0,0,0,50.0,0.0,0.0,0,0
699006,69.0,68.5,25.5,,,,,1.0,1.0,1.0,50.0,0.0,0.0,0.0,0.0,0.0,100.0,100.0,100.0,10000.0,10000.0,10000.0,0,0,0,50.0,0.0,0.0,0,0
699206,69.0,68.5,25.5,,,,,1.0,1.0,1.0,50.0,0.0,0.0,0.0,0.0,0.0,100.0,100.0,100.0,10000.0,10000.0,10000.0,0,0,0,50.0,0.0,0.0,0,0
699406,69.0,68.5,25.5,,,,,1.0,1.0,1.0,50.0,0.0,0.0,0.0,0.0,0.0,100.0,100.0,100.0,10000.0,10000.0,10000.0,0,0,0,50.0,0.0,0.0,0,0
699606,69.0,68.5,25.5,,,,,1.0,1.0,1.0,50.0,0.0,0.0,0.0,0.0,0.0,100.0,100.0,100.0,10000.0,10000.0,10000.0,0,0,0,50.0,0.0,0.0,0,0
699806,69.0,68.5,25.5,,,,,1.0,1.0,1.0,50.0,0.0,0.0,0.0,0.0,0.0,100.0,100.0,100.0,10000.0,10000.0,10000.0,0,0,0,50.0,0.0,0.0,0,0
700006,69.0,68.5,25.5,,,,,1.0,1.0,1.0,50.0,0.0,0.0,0.0,0.0,0.0,100.0,100.0,100.0,10000.0,10000.0,10000.0,0,0,0,50.0,0.0,0.0,0,0
700206,69.0,68.5,25.5,,,,,1.0,1.0,1.0,50.0,0.0,0.0,0.0,0.0,0.0,100.0,100.0,100.0,10000.0,10000.0,10000.0,0,0,0,50.0,0.0,0.0,0,0
700406,69.0,68.5,25.5,,,,,1.0,1.0,1.0,50.0,0.0,0.0,0.0,0.0,0.0,100.0,100.0,100.0,10000.0,10000.0,10000.0,0,0,0,50.0,0.0,0.0,0,0
700606,69.0,68.5,25.5,,,,,1.0,1.0,1.0,50.0,0.0,0.0,0.0,0.0,0.0,100.0,100.0,100.0,10000.0,10000.0,10000.0,0,0,0,50.0,0.0,0.0,0,0
700806,69.0,68.5,25.5,,,,,1.0,1.0,1.0,50.0,0.0,0.0,0.0,0.0,0.0,100.0,100.0,100.0,10000.0,10000.0,10000.0,0,0,0,50.0,0.0,0.0,0,0
701006,69.0,68.5,25.5,,,,,1.0,1.0,1.0,50.0,0.0,0.0,0.0,0.0,0.0,100.0,100.0,100.0,10000.0,10000.0,10000.0,0,0,0,50.0,0.0,0.0,0,0
701206,69.0,68.5,25.5,,,,,1.0,1.0,1.0,50.0,0.0,0.0,0.0,0.0,0.0,100.0,100.0,100.0,10000.0,10000.0,10000.0,0,0,0,50.0,0.0,0.0,0,0
701406,69.0,68.5,25.5,,,,,1.0,1.0,1.0,50.0,0.0,0.0,0.0,0.0,0.0,100.0,100.0,100.0,10000.0,10000.0,10000.0,0,0,0,50.0,0.0,0.0,0,0
701606,69.0,68.5,25.5,,,,,1.0,1.0,1.0,50.0,0.0,0.0,0.0,0.0,0.0,100.0,100.0,100.0,10000.0,10000.0,10000.0,0,0,0,50.0,0.0,0.0,0,0
701806,69.0,68.5,25.5,,,,,1.0,1.0,1.0,50.0,0.0,0.0,0.0,0.0,0.0,100.0,100.0,100.0,10000.0,10000.0,10000.0,0,0,0,50.0,0.0,0.0,0,0
702006,69.0,68.5,25.5,,,,,1.0,1.0,1.0,50.0,0.0,0.0,0.0,0.0,0.0,100.0,100.0,100.0,10000.0,10000.0,10000.0,0,0,0,50.0,0.0,0.0,0,0
702206,69.0,68.5,25.5,,,,,1.0,1.0,1.0,50.0,0.0,0.0,0.0,0.0,0.0,100.0,100.0,100.0,10000.0,10000.0,10000.0,0,0,0,50.0,0.0,0.0,0,0
702406,69.0,68.5,25.5,,,,,1.0,1.0,1.0,50.0,0.0,0.0,0.0,0.0,0.0,100.0,100.0,100.0,10000.0,10000.0,10000.0,0,0,0,50.0,0.0,0.0,0,0
702606,69.0,69.0,25.5,,,,,1.0,1.0,1.0,50.0,0.0,0.0,0.0,0.0,0.0,100.0,100.0,100.0,10000.0,10000.0,10000.0,0,0,0,50.0,0.0,0.0,0,0
702806,69.0,69.0,25.5,,,,,1.0,1.0,1.0,50.0,0.0,0.0,0.0,0.0,0.0,100.0,100.0,100.0,10000.0,10000.0,10000.0,0,0,0,50.0,0.0,0.0,0,0
703006,69.0,69.0,25.5,,,,,1.0,1.0,1.0,50.0,0.0,0.0,0.0,0.0,0.0,100.0,100.0,100.0,10000.0,10000.0,10000.0,0,0,0,50.0,0.0,0.0,0,0
703206,69.0,69.0,25.5,,,,,1.0,1.0,1.0,50.0,0.0,0.0,0.0,0.0,0.0,100.0,100.0,100.0,10000.0,10000.0,10000.0,0,0,0,50.0,0.0,0.0,0,0
703406,69.0,69.0,25.5,,,,,1.0,1.0,1.0,50.0,0.0,0.0,0.0,0.0,0.0,100.0,100.0,100.0,10000.0,10000.0,10000.0,0,0,0,50.0,0.0,0.0,0,0
703606,69.0,69.0,25.5,,,,,1.0,1.0,1.0,50.0,0.0,0.0,0.0,0.0,0.0,100.0,100.0,100.0,10000.0,10000.0,10000.0,0,0,0,50.0,0.0,0.0,0,0
703806,69.0,69.0,25.5,,,,,1.0,1.0,1.0,50.0,0.0,0.0,0.0,0.0,0.0,100.0,100.0,100.0,10000.0,10000.0,10000.0,0,0,0,50.0,0.0,0.0,0,0
704006,69.0,69.0,25.5,,,,,1.0,1.0,1.0,50.0,0.0,0.0,0.0,0.0,0.0,100.0,100.0,100.0,10000.0,10000.0,10000.0,0,0,0,50.0,0.0,0.0,0,0
704206,69.0,69.0,25.5,,,,,1.0,1.0,1.0,50.0,0.0,0.0,0.0,0.0,0.0,100.0,100.0,100.0,10000.0,10000.0,10000.0,0,0,0,50.0,0.0,0.0,0,0
704406,69.0,69.0,25.5,,,,,1.0,1.0,1.0,50.0,0.0,0.0,0.0,0.0,0.0,100.0,100.0,100.0,10000.0,10000.0,10000.0,0,0,0,50.0,0.0,0.0,0,0
704606,69.0,69.0,25.5,,,,,1.0,1.0,1.0,50.0,0.0,0.0,0.0,0.0,0.0,100.0,100.0,100.0,10000.0,10000.0,10000.0,0,0,0,50.0,0.0,0.0,0,0
704806,69.0,69.0,25.5,,,,,1.0,1.0,1.0,50.0,0.0,0.0,0.0,0.0,0.0,100.0,100.0,100.0,10000.0,10000.0,10000.0,0,0,0,50.0,0.0,0.0,0,0
705006,69.0,69.0,25.5,,,,,1.0,1.0,1.0,50.0,0.0,0.0,0.0,0.0,0.0,100.0,100.0,100.0,10000.0,10000.0,10000.0,0,0,0,50.0,0.0,0.0,0,0
705206,69.0,69.0,25.5,,,,,1.0,1.0,1.0,50.0,0.0,0.0,0.0,0.0,0.0,100.0,100.0,100.0,10000.0,10000.0,10000.0,0,0,0,50.0,0.0,0.0,0,0
705406,69.0,69.0,25.5,,,,,1.0,1.0,1.0,50.0,0.0,0.0,0.0,0.0,0.0,100.0,100.0,100.0,10000.0,10000.0,10000.0,0,0,0,50.0,0.0,0.0,0,0
705606,69.0,69.0,25.5,,,,,1.0,1.0,1.0,50.0,0.0,0.0,0.0,0.0,0.0,100.0,100.0,100.0,10000.0,10000.0,10000.0,0,0,0,50.0,0.0,0.0,0,0
705806,69.0,69.0,25.5,,,,,1.0,1.0,1.0,50.0,0.0,0.0,0.0,0.0,0.0,100.0,100.0,100.0,10000.0,10000.0,10000.0,0,0,0,50.0,0.0,0.0,0,0
706006,69.0,69.0,25.5,,,,,1.0,1.0,1.0,50.0,0.0,0.0,0.0,0.0,0.0,100.0,100.0,100.0,10000.0,10000.0,10000.0,0,0,0,50.0,0.0,0.0,0,0
706206,69.0,69.0,25.5,,,,,1.0,1.0,1.0,50.0,0.0,0.0,0.0,0.0,0.0,100.0,100.0,100.0,10000.0,10000.0,10000.0,0,0,0,50.0,0.0,0.0,0,0
706406,69.0,69.0,25.5,,,,,1.0,1.0,1.0,50.0,0.0,0.0,0.0,0.0,0.0,100.0,100.0,100.0,10000.0,10000.0,10000.0,0,0,0,50.0,0.0,0.0,0,0
706606,69.0,69.0,25.5,,,,,1.0,1.0,1.0,50.0,0.0,0.0,0.0,0.0,0.0,100.0,100.0,100.0,10000.0,10000.0,10000.0,0,0,0,50.0,0.0,0.0,0,0
706806,69.0,69.0,25.5,,,,,1.0,1.0,1.0,50.0,0.0,0.0,0.0,0.0,0.0,100.0,100.0,100.0,10000.0,10000.0,10000.0,0,0,0,50.0,0.0,0.0,0,0
707006,69.0,69.0,25.5,,,,,1.0,1.0,1.0,50.0,0.0,0.0,0.0,0.0,0.0,100.0,100.0,100.0,10000.0,10000.0,10000.0,0,0,0,50.0,0.0,0.0,0,0
707206,69.0,69.0,25.5,,,,,1.0,1.0,1.0,50.0,0.0,0.0,0.0,0.0,0.0,100.0,100.0,100.0,10000.0,10000.0,10000.0,0,0,0,50.0,0.0,0.0,0,0
707406,69.0,69.0,25.5,,,,,1.0,1.0,1.0,50.0,0.0,0.0,0.0,0.0,0.0,100.0,100.0,100.0,10000.0,10000.0,10000.0,0,0,0,50.0,0.0,0.0,0,0
707606,69.0,69.0,25.5,,,,,1.0,1.0,1.0,50.0,0.0,0.0,0.0,0.0,0.0,100.0,100.0,100.0,10000.0,10000.0,10000.0,0,0,0,50.0,0.0,0.0,0,0
707806,69.0,69.0,25.5,,,,,1.0,1.0,1.0,50.0,0.0,0.0,0.0,0.0,0.0,100.0,100.0,100.0,10000.0,10000.0,10000.0,0,0,0,50.0,0.0,0.0,0,0
708006,69.0,69.0,25.5,,,,,1.0,1.0,1.0,50.0,0.0,0.0,0.0,0.0,0.0,100.0,100.0,100.0,10000.0,10000.0,10000.0,0,0,0,50.0,0.0,0.0,0,0
708206,69.0,69.0,25.5,,,,,1.0,1.0,1.0,50.0,0.0,0.0,0.0,0.0,0.0,100.0,100.0,100.0,10000.0,10000.0,10000.0,0,0,0,50.0,0.0,0.0,0,0
708406,69.0,69.0,25.5,,,,,1.0,1.0,1.0,50.0,0.0,0.0,0.0,0.0,0.0,100.0,100.0,100.0,10000.0,10000.0,10000.0,0,0,0,50.0,0.0,0.0,0,0
708606,69.0,69.0,25.5,,,,,1.0,1.0,1.0,50.0,0.0,0.0,0.0,0.0,0.0,100.0,100.0,100.0,10000.0,10000.0,10000.0,0,0,0,50.0,0.0,0.0,0,0
708806,69.0,69.0,25.5,,,,,1.0,1.0,1.0,50.0,0.0,0.0,0.0,0.0,0.0,100.0,100.0,100.0,10000.0,10000.0,10000.0,0,0,0,50.0,0.0,0.0,0,0
709006,69.0,69.0,25.5,,,,,1.0,1.0,1.0,50.0,0.0,0.0,0.0,0.0,0.0,100.0,100.0,100.0,10000.0,10000.0,10000.0,0,0,0,50.0,0.0,0.0,0,0
709206,69.0,69.0,25.5,,,,,1.0,1.0,1.0,50.0,0.0,0.0,0.0,0.0,0.0,100.0,100.0,100.0,10000.0,10000.0,10000.0,0,0,0,50.0,0.0,0.0,0,0
709406,69.0,69.0,25.5,,,,,1.0,1.0,1.0,50.0,0.0,0.0,0.0,0.0,0.0,100.0,100.0,100.0,10000.0,10000.0,10000.0,0,0,0,50.0,0.0,0.0,0,0
709606,69.0,69.0,25.5,,,,,1.0,1.0,1.0,50.0,0.0,0.0,0.0,0.0,0.0,100.0,100.0,100.0,10000.0,10000.0,10000.0,0,0,0,50.0,0.0,0.0,0,0
709806,69.0,69.0,25.5,,,,,1.0,1.0,1.0,50.0,0.0,0.0,0.0,0.0,0.0,100.0,100.0,100.0,10000.0,10000.0,10000.0,0,0,0,50.0,0.0,0.0,0,0
710006,69.0,69.0,25.5,,,,,1.0,1.0,1.0,50.0,0.0,0.0,0.0,0.0,0.0,100.0,100.0,100.0,10000.0,10000.0,10000.0,0,0,0,50.0,0.0,0.0,0,0
710206,69.0,69.0,25.5,,,,,1.0,1.0,1.0,50.0,0.0,0.0,0.0,0.0,0.0,100.0,100.0,100.0,10000.0,10000.0,10000.0,0,0,0,50.0,0.0,0.0,0,0
710406,69.0,69.0,25.5,,,,,1.0,1.0,1.0,50.0,0.0,0.0,0.0,0.0,0.0,100.0,100.0,100.0,10000.0,10000.0,10000.0,0,0,0,50.0,0.0,0.0,0,0
710606,69.0,69.0,25.5,,,,,1.0,1.0,1.0,50.0,0.0,0.0,0.0,0.0,0.0,100.0,100.0,100.0,10000.0,10000.0,10000.0,0,0,0,50.0,0.0,0.0,0,0
710806,69.0,69.0,25.5,,,,,1.0,1.0,1.0,50.0,0.0,0.0,0.0,0.0,0.0,100.0,100.0,100.0,10000.0,10000.0,10000.0,0,0,0,50.0,0.0,0.0,0,0
711006,69.0,69.0,25.5,,,,,1.0,1.0,1.0,50.0,0.0,0.0,0.0,0.0,0.0,100.0,100.0,100.0,10000.0,10000.0,10000.0,0,0,0,50.0,0.0,0.0,0,0
711206,69.0,69.0,25.5,,,,,1.0,1.0,1.0,50.0,0.0,0.0,0.0,0.0,0.0,100.0,100.0,100.0,10000.0,10000.0,10000.0,0,0,0,50.0,0.0,0.0,0,0
711406,69.0,69.0,25.5,,,,,1.0,1.0,1.0,50.0,0.0,0.0,0.0,0.0,0.0,100.0,100.0,100.0,10000.0,10000.0,10000.0,0,0,0,50.0,0.0,0.0,0,0
711606,69.0,69.0,25.5,,,,,1.0,1.0,1.0,50.0,0.0,0.0,0.0,0.0,0.0,100.0,100.0,100.0,10000.0,10000.0,10000.0,0,0,0,50.0,0.0,0.0,0,0
711806,69.0,69.0,25.5,,,,,1.0,1.0,1.0,50.0,0.0,0.0,0.0,0.0,0.0,100.0,100.0,100.0,10000.0,10000.0,10000.0,0,0,0,50.0,0.0,0.0,0,0
712006,69.0,69.0,25.5,,,,,1.0,1.0,1.0,50.0,0.0,0.0,0.0,0.0,0.0,100.0,100.0,100.0,10000.0,10000.0,10000.0,0,0,0,50.0,0.0,0.0,0,0
712206,69.0,69.0,25.5,,,,,1.0,1.0,1.0,50.0,0.0,0.0,0.0,0.0,0.0,100.0,100.0,100.0,10000.0,10000.0,10000.0,0,0,0,50.0,0.0,0.0,0,0
712406,69.0,69.0,25.5,,,,,1.0,1.0,1.0,50.0,0.0,0.0,0.0,0.0,0.0,100.0,100.0,100.0,10000.0,10000.0,10000.0,0,0,0,50.0,0.0,0.0,0,0
712606,69.0,69.0,25.5,,,,,1.0,1.0,1.0,50.0,0.0,0.0,0.0,0.0,0.0,100.0,100.0,100.0,10000.0,10000.0,10000.0,0,0,0,50.0,0.0,0.0,0,0
712806,69.0,69.0,25.5,,,,,1.0,1.0,1.0,50.0,0.0,0.0,0.0,0.0,0.0,100.0,100.0,100.0,10000.0,10000.0,10000.0,0,0,0,50.0,0.0,0.0,0,0
713006,69.0,69.0,25.5,,,,,1.0,1.0,1.0,50.0,0.0,0.0,0.0,0.0,0.0,100.0,100.0,100.0,10000.0,10000.0,10000.0,0,0,0,50.0,0.0,0.0,0,0
713206,69.0,69.0,25.5,,,,,1.0,1.0,1.0,50.0,0.0,0.0,0.0,0.0,0.0,100.0,100.0,100.0,10000.0,10000.0,10000.0,0,0,0,50.0,0.0,0.0,0,0
713406,69.0,69.0,25.5,,,,,1.0,1.0,1.0,50.0,0.0,0.0,0.0,0.0,0.0,100.0,100.0,100.0,10000.0,10000.0,10000.0,0,0,0,50.0,0.0,0.0,0,0
713606,69.0,69.0,25.5,,,,,1.0,1.0,1.0,50.0,0.0,0.0,0.0,0.0,0.0,100.0,100.0,100.0,10000.0,10000.0,10000.0,0,0,0,50.0,0.0,0.0,0,0
713806,69.0,69.0,25.5,,,,,1.0,1.0,1.0,50.0,0.0,0.0,0.0,0.0,0.0,100.0,100.0,100.0,10000.0,10000.0,10000.0,0,0,0,50.0,0.0,0.0,0,0
714006,69.0,69.0,25.5,,,,,1.0,1.0,1.0,50.0,0.0,0.0,0.0,0.0,0.0,100.0,100.0,100.0,10000.0,10000.0,10000.0,0,0,0,50.0,0.0,0.0,0,0
714206,69.0,69.0,25.5,,,,,1.0,1.0,1.0,50.0,0.0,0.0,0.0,0.0,0.0,100.0,100.0,100.0,10000.0,10000.0,10000.0,0,0,0,50.0,0.0,0.0,0,0
714406,69.0,69.0,25.5,,,,,1.0,1.0,1.0,50.0,0.0,0.0,0.0,0.0,0.0,100.0,100.0,100.0,10000.0,10000.0,10000.0,0,0,0,50.0,0.0,0.0,0,0
714606,69.0,69.0,25.5,,,,,1.0,1.0,1.0,50.0,0.0,0.0,0.0,0.0,0.0,100.0,100.0,100.0,10000.0,10000.0,10000.0,0,0,0,50.0,0.0,0.0,0,0
714806,69.0,69.0,25.5,,,,,1.0,1.0,1.0,50.0,0.0,0.0,0.0,0.0,0.0,100.0,100.0,100.0,10000.0,10000.0,10000.0,0,0,0,50.0,0.0,0.0,0,0
715006,69.0,69.0,25.5,,,,,1.0,1.0,1.0,50.0,0.0,0.0,0.0,0.0,0.0,100.0,100.0,100.0,10000.0,10000.0,10000.0,0,0,0,50.0,0.0,0.0,0,0
715206,69.0,69.0,25.5,,,,,1.0,1.0,1.0,50.0,0.0,0.0,0.0,0.0,0.0,100.0,100.0,100.0,10000.0,10000.0,10000.0,0,0,0,50.0,0.0,0.0,0,0
715406,69.0,69.0,25.5,,,,,1.0,1.0,1.0,50.0,0.0,0.0,0.0,0.0,0.0,100.0,100.0,100.0,10000.0,10000.0,10000.0,0,0,0,50.0,0.0,0.0,0,0
715606,69.0,69.0,25.5,,,,,1.0,1.0,1.0,50.0,0.0,0.0,0.0,0.0,0.0,100.0,100.0,100.0,10000.0,10000.0,10000.0,0,0,0,50.0,0.0,0.0,0,0
715806,69.0,69.0,25.5,,,,,1.0,1.0,1.0,50.0,0.0,0.0,0.0,0.0,0.0,100.0,100.0,100.0,10000.0,10000.0,10000.0,0,0,0,50.0,0.0,0.0,0,0
716006,69.0,69.0,25.5,,,,,1.0,1.0,1.0,50.0,0.0,0.0,0.0,0.0,0.0,100.0,100.0,100.0,10000.0,10000.0,10000.0,0,0,0,50.0,0.0,0.0,0,0
716206,69.0,69.0,25.5,,,,,1.0,1.0,1.0,50.0,0.0,0.0,0.0,0.0,0.0,100.0,100.0,100.0,10000.0,10000.0,10000.0,0,0,0,50.0,0.0,0.0,0,0
716406,69.0,69.0,25.5,,,,,1.0,1.0,1.0,50.0,0.0,0.0,0.0,0.0,0.0,100.0,100.0,100.0,10000.0,10000.0,10000.0,0,0,0,50.0,0.0,0.0,0,0
716606,69.0,69.0,25.5,,,,,1.0,1.0,1.0,50.0,0.0,0.0,0.0,0.0,0.0,100.0,100.0,100.0,10000.0,10000.0,10000.0,0,0,0,50.0,0.0,0.0,0,0
716806,69.0,69.0,25.5,,,,,1.0,1.0,1.0,50.0,0.0,0.0,0.0,0.0,0.0,100.0,100.0,100.0,10000.0,10000.0,10000.0,0,0,0,50.0,0.0,0.0,0,0
717006,69.0,69.0,25.5,,,,,1.0,1.0,1.0,50.0,0.0,0.0,0.0,0.0,0.0,100.0,100.0,100.0,10000.0,10000.0,10000.0,0,0,0,50.0,0.0,0.0,0,0
717206,69.0,69.0,25.5,,,,,1.0,1.0,1.0,50.0,0.0,0.0,0.0,0.0,0.0,100.0,100.0,100.0,10000.0,10000.0,10000.0,0,0,0,50.0,0.0,0.0,0,0
717406,69.0,69.0,25.5,,,,,1.0,1.0,1.0,50.0,0.0,0.0,0.0,0.0,0.0,100.0,100.0,100.0,10000.0,10000.0,10000.0,0,0,0,50.0,0.0,0.0,0,0
717606,69.0,69.0,25.5,,,,,1.0,1.0,1.0,50.0,0.0,0.0,0.0,0.0,0.0,100.0,100.0,100.0,10000.0,10000.0,10000.0,0,0,0,50.0,0.0,0.0,0,0
717806,69.0,69.0,25.5,,,,,1.0,1.0,1.0,50.0,0.0,0.0,0.0,0.0,0.0,100.0,100.0,100.0,10000.0,10000.0,10000.0,0,0,0,50.0,0.0,0.0,0,0
718006,69.0,69.0,25.5,,,,,1.0,1.0,1.0,50.0,0.0,0.0,0.0,0.0,0.0,100.0,100.0,100.0,10000.0,10000.0,10000.0,0,0,0,50.0,0.0,0.0,0,0
718206,69.0,69.0,25.5,,,,,1.0,1.0,1.0,50.0,0.0,0.0,0.0,0.0,0.0,100.0,100.0,100.0,10000.0,10000.0,10000.0,0,0,0,50.0,0.0,0.0,0,0
718406,69.0,69.0,25.5,,,,,1.0,1.0,1.0,50.0,0.0,0.0,0.0,0.0,0.0,100.0,100.0,100.0,10000.0,10000.0,10000.0,0,0,0,50.0,0.0,0.0,0,0
718606,69.0,69.0,25.5,,,,,1.0,1.0,1.0,50.0,0.0,0.0,0.0,0.0,0.0,100.0,100.0,100.0,10000.0,10000.0,10000.0,0,0,0,50.0,0.0,0.0,0,0
718806,69.0,69.0,25.5,,,,,1.0,1.0,1.0,50.0,0.0,0.0,0.0,0.0,0.0,100.0,100.0,100.0,10000.0,10000.0,10000.0,0,0,0,50.0,0.0,0.0,0,0
719006,69.0,69.0,25.5,,,,,1.0,1.0,1.0,50.0,0.0,0.0,0.0,0.0,0.0,100.0,100.0,100.0,10000.0,10000.0,10000.0,0,0,0,50.0,0.0,0.0,0,0
719206,69.0,69.0,25.5,,,,,1.0,1.0,1.0,50.0,0.0,0.0,0.0,0.0,0.0,100.0,100.0,100.0,10000.0,10000.0,10000.0,0,0,0,50.0,0.0,0.0,0,0
719406,69.0,69.0,25.5,,,,,1.0,1.0,1.0,50.0,0.0,0.0,0.0,0.0,0.0,100.0,100.0,100.0,10000.0,10000.0,10000.0,0,0,0,50.0,0.0,0.0,0,0
719606,69.0,69.0,25.5,,,,,1.0,1.0,1.0,50.0,0.0,0.0,0.0,0.0,0.0,100.0,100.0,100.0,10000.0,10000.0,10000.0,0,0,0,50.0,0.0,0.0,0,0
719806,69.0,69.0,25.5,,,,,1.0,1.0,1.0,50.0,0.0,0.0,0.0,0.0,0.0,100.0,100.0,100.0,10000.0,10000.0,10000.0,0,0,0,50.0,0.0,0.0,0,0
720006,69.0,69.0,25.5,,,,,1.0,1.0,1.0,50.0,0.0,0.0,0.0,0.0,0.0,100.0,100.0,100.0,10000.0,10000.0,10000.0,0,0,0,50.0,0.0,0.0,0,0
720206,69.0,69.0,25.5,,,,,1.0,1.0,1.0,50.0,0.0,0.0,0.0,0.0,0.0,100.0,100.0,100.0,10000.0,10000.0,10000.0,0,0,0,50.0,0.0,0.0,0,0
720406,69.0,69.0,25.5,,,,,1.0,1.0,1.0,50.0,0.0,0.0,0.0,0.0,0.0,100.0,100.0,100.0,10000.0,10000.0,10000.0,0,0,0,50.0,0.0,0.0,0,0
720606,69.0,69.0,25.5,,,,,1.0,1.0,1.0,50.0,0.0,0.0,0.0,0.0,0.0,100.0,100.0,100.0,10000.0,10000.0,10000.0,0,0,0,50.0,0.0,0.0,0,0
720806,69.0,69.0,25.5,,,,,1.0,1.0,1.0,50.0,0.0,0.0,0.0,0.0,0.0,100.0,100.0,100.0,10000.0,10000.0,10000.0,0,0,0,50.0,0.0,0.0,0,0
721006,69.0,69.0,25.5,,,,,1.0,1.0,1.0,50.0,0.0,0.0,0.0,0.0,0.0,100.0,100.0,100.0,10000.0,10000.0,10000.0,0,0,0,50.0,0.0,0.0,0,0
721206,69.0,69.0,25.5,,,,,1.0,1.0,1.0,50.0,0.0,0.0,0.0,0.0,0.0,100.0,100.0,100.0,10000.0,10000.0,10000.0,0,0,0,50.0,0.0,0.0,0,0
721406,69.0,69.0,25.5,,,,,1.0,1.0,1.0,50.0,0.0,0.0,0.0,0.0,0.0,100.0,100.0,100.0,10000.0,10000.0,10000.0,0,0,0,50.0,0.0,0.0,0,0
721606,69.0,69.0,25.5,,,,,1.0,1.0,1.0,50.0,0.0,0.0,0.0,0.0,0.0,100.0,100.0,100.0,10000.0,10000.0,10000.0,0,0,0,50.0,0.0,0.0,0,0
721806,69.0,69.0,25.5,,,,,1.0,1.0,1.0,50.0,0.0,0.0,0.0,0.0,0.0,100.0,100.0,100.0,10000.0,10000.0,10000.0,0,0,0,50.0,0.0,0.0,0,0
722006,69.0,69.0,25.5,,,,,1.0,1.0,1.0,50.0,0.0,0.0,0.0,0.0,0.0,100.0,100.0,100.0,10000.0,10000.0,10000.0,0,0,0,50.0,0.0,0.0,0,0
722206,69.0,69.0,25.5,,,,,1.0,1.0,1.0,50.0,0.0,0.0,0.0,0.0,0.0,100.0,100.0,100.0,10000.0,10000.0,10000.0,0,0,0,50.0,0.0,0.0,0,0
722406,69.0,69.0,25.5,,,,,1.0,1.0,1.0,50.0,0.0,0.0,0.0,0.0,0.0,100.0,100.0,100.0,10000.0,10000.0,10000.0,0,0,0,50.0,0.0,0.0,0,0
722606,69.0,69.0,25.5,,,,,1.0,1.0,1.0,50.0,0.0,0.0,0.0,0.0,0.0,100.0,100.0,100.0,10000.0,10000.0,10000.0,0,0,0,50.0,0.0,0.0,0,0
722806,69.0,69.0,25.5,,,,,1.0,1.0,1.0,50.0,0.0,0.0,0.0,0.0,0.0,100.0,100.0,100.0,10000.0,10000.0,10000.0,0,0,0,50.0,0.0,0.0,0,0
723006,69.0,69.0,25.5,,,,,1.0,1.0,1.0,50.0,0.0,0.0,0.0,0.0,0.0,100.0,100.0,100.0,10000.0,10000.0,10000.0,0,0,0,50.0,0.0,0.0,0,0
723206,69.0,69.0,25.5,,,,,1.0,1.0,1.0,50.0,0.0,0.0,0.0,0.0,0.0,100.0,100.0,100.0,10000.0,10000.0,10000.0,0,0,0,50.0,0.0,0.0,0,0
723406,69.0,69.0,25.5,,,,,1.0,1.0,1.0,50.0,0.0,0.0,0.0,0.0,0.0,100.0,100.0,100.0,10000.0,10000.0,10000.0,0,0,0,50.0,0.0,0.0,0,0
723606,69.0,69.0,25.5,,,,,1.0,1.0,1.0,50.0,0.0,0.0,0.0,0.0,0.0,100.0,100.0,100.0,10000.0,10000.0,10000.0,0,0,0,50.0,0.0,0.0,0,0
723806,69.0,69.0,25.5,,,,,1.0,1.0,1.0,50.0,0.0,0.0,0.0,0.0,0.0,100.0,100.0,100.0,10000.0,10000.0,10000.0,0,0,0,50.0,0.0,0.0,0,0
724006,69.0,69.0,25.5,,,,,1.0,1.0,1.0,50.0,0.0,0.0,0.0,0.0,0.0,100.0,100.0,100.0,10000.0,10000.0,10000.0,0,0,0,50.0,0.0,0.0,0,0
724206,69.0,69.0,25.5,,,,,1.0,1.0,1.0,50.0,0.0,0.0,0.0,0.0,0.0,100.0,100.0,100.0,10000.0,10000.0,10000.0,0,0,0,50.0,0.0,0.0,0,0
724406,69.0,69.0,25.5,,,,,1.0,1.0,1.0,50.0,0.0,0.0,0.0,0.0,0.0,100.0,100.0,100.0,10000.0,10000.0,10000.0,0,0,0,50.0,0.0,0.0,0,0
724606,69.0,69.0,25.5,,,,,1.0,1.0,1.0,50.0,0.0,0.0,0.0,0.0,0.0,100.0,100.0,100.0,10000.0,10000.0,10000.0,0,0,0,50.0,0.0,0.0,0,0
724806,69.0,69.0,25.5,,,,,1.0,1.0,1.0,50.0,0.0,0.0,0.0,0.0,0.0,100.0,100.0,100.0,10000.0,10000.0,10000.0,0,0,0,50.0,0.0,0.0,0,0
725006,69.0,69.0,25.5,,,,,1.0,1.0,1.0,50.0,0.0,0.0,0.0,0.0,0.0,100.0,100.0,100.0,10000.0,10000.0,10000.0,0,0,0,50.0,0.0,0.0,0,0
725206,69.0,69.0,25.5,,,,,1.0,1.0,1.0,50.0,0.0,0.0,0.0,0.0,0.0,100.0,100.0,100.0,10000.0,10000.0,10000.0,0,0,0,50.0,0.0,0.0,0,0
725406,69.0,69.0,25.5,,,,,1.0,1.0,1.0,50.0,0.0,0.0,0.0,0.0,0.0,100.0,100.0,100.0,10000.0,10000.0,10000.0,0,0,0,50.0,0.0,0.0,0,0
725606,69.0,69.0,25.5,,,,,1.0,1.0,1.0,50.0,0.0,0.0,0.0,0.0,0.0,100.0,100.0,100.0,10000.0,10000.0,10000.0,0,0,0,50.0,0.0,0.0,0,0
725806,69.0,69.0,25.5,,,,,1.0,1.0,1.0,50.0,0.0,0.0,0.0,0.0,0.0,100.0,100.0,100.0,10000.0,10000.0,10000.0,0,0,0,50.0,0.0,0.0,0,0
726006,69.0,69.0,25.5,,,,,1.0,1.0,1.0,50.0,0.0,0.0,0.0,0.0,0.0,100.0,100.0,100.0,10000.0,10000.0,10000.0,0,0,0,50.0,0.0,0.0,0,0
726206,69.0,69.0,25.5,,,,,1.0,1.0,1.0,50.0,0.0,0.0,0.0,0.0,0.0,100.0,100.0,100.0,10000.0,10000.0,10000.0,0,0,0,50.0,0.0,0.0,0,0
726406,69.0,69.0,25.5,,,,,1.0,1.0,1.0,50.0,0.0,0.0,0.0,0.0,0.0,100.0,100.0,100.0,10000.0,10000.0,10000.0,0,0,0,50.0,0.0,0.0,0,0
726606,69.0,69.0,25.5,,,,,1.0,1.0,1.0,50.0,0.0,0.0,0.0,0.0,0.0,100.0,100.0,100.0,10000.0,10000.0,10000.0,0,0,0,50.0,0.0,0.0,0,0
726806,69.0,69.0,25.5,,,,,1.0,1.0,1.0,50.0,0.0,0.0,0.0,0.0,0.0,100.0,100.0,100.0,10000.0,10000.0,10000.0,0,0,0,50.0,0.0,0.0,0,0
727006,69.0,69.0,25.5,,,,,1.0,1.0,1.0,50.0,0.0,0.0,0.0,0.0,0.0,100.0,100.0,100.0,10000.0,10000.0,10000.0,0,0,0,50.0,0.0,0.0,0,0
727206,69.0,69.0,25.5,,,,,1.0,1.0,1.0,50.0,0.0,0.0,0.0,0.0,0.0,100.0,100.0,100.0,10000.0,10000.0,10000.0,0,0,0,50.0,0.0,0.0,0,0
727406,69.0,69.0,25.5,,,,,1.0,1.0,1.0,50.0,0.0,0.0,0.0,0.0,0.0,100.0,100.0,100.0,10000.0,10000.0,10000.0,0,0,0,50.0,0.0,0.0,0,0
727606,69.0,69.0,25.5,,,,,1.0,1.0,1.0,50.0,0.0,0.0,0.0,0.0,0.0,100.0,100.0,100.0,10000.0,10000.0,10000.0,0,0,0,50.0,0.0,0.0,0,0
727806,69.0,69.0,25.5,,,,,1.0,1.0,1.0,50.0,0.0,0.0,0.0,0.0,0.0,100.0,100.0,100.0,10000.0,10000.0,10000.0,0,0,0,50.0,0.0,0.0,0,0
728006,69.0,69.0,25.5,,,,,1.0,1.0,1.0,50.0,0.0,0.0,0.0,0.0,0.0,100.0,100.0,100.0,10000.0,10000.0,10000.0,0,0,0,50.0,0.0,0.0,0,0
728206,69.0,69.0,25.5,,,,,1.0,1.0,1.0,50.0,0.0,0.0,0.0,0.0,0.0,100.0,100.0,100.0,10000.0,10000.0,10000.0,0,0,0,50.0,0.0,0.0,0,0
728406,69.0,69.0,25.5,,,,,1.0,1.0,1.0,50.0,0.0,0.0,0.0,0.0,0.0,100.0,100.0,100.0,10000.0,10000.0,10000.0,0,0,0,50.0,0.0,0.0,0,0
728606,69.0,69.0,25.5,,,,,1.0,1.0,1.0,50.0,0.0,0.0,0.0,0.0,0.0,100.0,100.0,100.0,10000.0,10000.0,10000.0,0,0,0,50.0,0.0,0.0,0,0
728806,69.0,69.0,25.5,,,,,1.0,1.0,1.0,50.0,0.0,0.0,0.0,0.0,0.0,100.0,100.0,100.0,10000.0,10000.0,10000.0,0,0,0,50.0,0.0,0.0,0,0
729006,69.0,69.0,25.5,,,,,1.0,1.0,1.0,50.0,0.0,0.0,0.0,0.0,0.0,100.0,100.0,100.0,10000.0,10000.0,10000.0,0,0,0,50.0,0.0,0.0,0,0
729206,69.0,69.0,25.5,,,,,1.0,1.0,1.0,50.0,0.0,0.0,0.0,0.0,0.0,100.0,100.0,100.0,10000.0,10000.0,10000.0,0,0,0,50.0,0.0,0.0,0,0
729406,69.0,69.0,25.5,,,,,1.0,1.0,1.0,50.0,0.0,0.0,0.0,0.0,0.0,100.0,100.0,100.0,10000.0,10000.0,10000.0,0,0,0,50.0,0.0,0.0,0,0
729606,69.0,69.0,25.5,,,,,1.0,1.0,1.0,50.0,0.0,0.0,0.0,0.0,0.0,100.0,100.0,100.0,10000.0,10000.0,10000.0,0,0,0,50.0,0.0,0.0,0,0
729806,69.0,69.0,25.5,,,,,1.0,1.0,1.0,50.0,0.0,0.0,0.0,0.0,0.0,100.0,100.0,100.0,10000.0,10000.0,10000.0,0,0,0,50.0,0.0,0.0,0,0
730006,69.0,69.0,25.5,,,,,1.0,1.0,1.0,50.0,0.0,0.0,0.0,0.0,0.0,100.0,100.0,100.0,10000.0,10000.0,10000.0,0,0,0,50.0,0.0,0.0,0,0
730206,69.0,69.0,25.5,,,,,1.0,1.0,1.0,50.0,0.0,0.0,0.0,0.0,0.0,100.0,100.0,100.0,10000.0,10000.0,10000.0,0,0,0,50.0,0.0,0.0,0,0
730406,69.0,69.0,25.5,,,,,1.0,1.0,1.0,50.0,0.0,0.0,0.0,0.0,0.0,100.0,100.0,100.0,10000.0,10000.0,10000.0,0,0,0,50.0,0.0,0.0,0,0
730606,69.0,69.0,25.5,,,,,1.0,1.0,1.0,50.0,0.0,0.0,0.0,0.0,0.0,100.0,100.0,100.0,10000.0,10000.0,10000.0,0,0,0,50.0,0.0,0.0,0,0
730806,69.0,69.0,25.5,,,,,1.0,1.0,1.0,50.0,0.0,0.0,0.0,0.0,0.0,100.0,100.0,100.0,10000.0,10000.0,10000.0,0,0,0,50.0,0.0,0.0,0,0
731006,69.0,69.0,25.5,,,,,1.0,1.0,1.0,50.0,0.0,0.0,0.0,0.0,0.0,100.0,100.0,100.0,10000.0,10000.0,10000.0,0,0,0,50.0,0.0,0.0,0,0
731206,69.0,69.0,25.5,,,,,1.0,1.0,1.0,50.0,0.0,0.0,0.0,0.0,0.0,100.0,100.0,100.0,10000.0,10000.0,10000.0,0,0,0,50.0,0.0,0.0,0,0
731406,69.0,69.0,25.5,,,,,1.0,1.0,1.0,50.0,0.0,0.0,0.0,0.0,0.0,100.0,100.0,100.0,10000.0,10000.0,10000.0,0,0,0,50.0,0.0,0.0,0,0
731606,69.0,69.0,25.5,,,,,1.0,1.0,1.0,50.0,0.0,0.0,0.0,0.0,0.0,100.0,100.0,100.0,10000.0,10000.0,10000.0,0,0,0,50.0,0.0,0.0,0,0
731806,69.0,69.0,25.5,,,,,1.0,1.0,1.0,50.0,0.0,0.0,0.0,0.0,0.0,100.0,100.0,100.0,10000.0,10000.0,10000.0,0,0,0,50.0,0.0,0.0,0,0
732006,69.5,69.0,25.5,,,,,1.0,1.0,1.0,50.0,0.0,0.0,0.0,0.0,0.0,100.0,100.0,100.0,10000.0,10000.0,10000.0,0,0,0,50.0,0.0,0.0,0,0
732206,69.5,69.0,25.5,,,,,1.0,1.0,1.0,50.0,0.0,0.0,0.0,0.0,0.0,100.0,100.0,100.0,10000.0,10000.0,10000.0,0,0,0,50.0,0.0,0.0,0,0
732406,69.5,69.0,25.5,,,,,1.0,1.0,1.0,50.0,0.0,0.0,0.0,0.0,0.0,100.0,100.0,100.0,10000.0,10000.0,10000.0,0,0,0,50.0,0.0,0.0,0,0
732606,69.5,69.0,25.5,,,,,1.0,1.0,1.0,50.0,0.0,0.0,0.0,0.0,0.0,100.0,100.0,100.0,10000.0,10000.0,10000.0,0,0,0,50.0,0.0,0.0,0,0
732806,69.5,69.0,25.5,,,,,1.0,1.0,1.0,50.0,0.0,0.0,0.0,0.0,0.0,100.0,100.0,100.0,10000.0,10000.0,10000.0,0,0,0,50.0,0.0,0.0,0,0
733006,69.5,69.0,25.5,,,,,1.0,1.0,1.0,50.0,0.0,0.0,0.0,0.0,0.0,100.0,100.0,100.0,10000.0,10000.0,10000.0,0,0,0,50.0,0.0,0.0,0,0
733206,69.5,69.0,25.5,,,,,1.0,1.0,1.0,50.0,0.0,0.0,0.0,0.0,0.0,100.0,100.0,100.0,10000.0,10000.0,10000.0,0,0,0,50.0,0.0,0.0,0,0
733406,69.5,69.0,25.5,,,,,1.0,1.0,1.0,50.0,0.0,0.0,0.0,0.0,0.0,100.0,100.0,100.0,10000.0,10000.0,10000.0,0,0,0,50.0,0.0,0.0,0,0
733606,69.5,69.0,25.5,,,,,1.0,1.0,1.0,50.0,0.0,0.0,0.0,0.0,0.0,100.0,100.0,100.0,10000.0,10000.0,10000.0,0,0,0,50.0,0.0,0.0,0,0
733806,69.5,69.0,25.5,,,,,1.0,1.0,1.0,50.0,0.0,0.0,0.0,0.0,0.0,100.0,100.0,100.0,10000.0,10000.0,10000.0,0,0,0,50.0,0.0,0.0,0,0
734006,69.5,69.0,25.5,,,,,1.0,1.0,1.0,50.0,0.0,0.0,0.0,0.0,0.0,100.0,100.0,100.0,10000.0,10000.0,10000.0,0,0,0,50.0,0.0,0.0,0,0
734206,69.5,69.0,25.5,,,,,1.0,1.0,1.0,50.0,0.0,0.0,0.0,0.0,0.0,100.0,100.0,100.0,10000.0,10000.0,10000.0,0,0,0,50.0,0.0,0.0,0,0
734406,69.5,69.0,25.5,,,,,1.0,1.0,1.0,50.0,0.0,0.0,0.0,0.0,0.0,100.0,100.0,100.0,10000.0,10000.0,10000.0,0,0,0,50.0,0.0,0.0,0,0
734606,69.5,69.0,25.5,,,,,1.0,1.0,1.0,50.0,0.0,0.0,0.0,0.0,0.0,100.0,100.0,100.0,10000.0,10000.0,10000.0,0,0,0,50.0,0.0,0.0,0,0
734806,69.5,69.0,25.5,,,,,1.0,1.0,1.0,50.0,0.0,0.0,0.0,0.0,0.0,100.0,100.0,100.0,10000.0,10000.0,10000.0,0,0,0,50.0,0.0,0.0,0,0
735006,69.5,69.0,25.5,,,,,1.0,1.0,1.0,50.0,0.0,0.0,0.0,0.0,0.0,100.0,100.0,100.0,10000.0,10000.0,10000.0,0,0,0,50.0,0.0,0.0,0,0
735206,69.5,69.0,25.5,,,,,1.0,1.0,1.0,50.0,0.0,0.0,0.0,0.0,0.0,100.0,100.0,100.0,10000.0,10000.0,10000.0,0,0,0,50.0,0.0,0.0,0,0
735406,69.5,69.0,25.5,,,,,1.0,1.0,1.0,50.0,0.0,0.0,0.0,0.0,0.0,100.0,100.0,100.0,10000.0,10000.0,10000.0,0,0,0,50.0,0.0,0.0,0,0
735606,69.5,69.0,25.5,,,,,1.0,1.0,1.0,50.0,0.0,0.0,0.0,0.0,0.0,100.0,100.0,100.0,10000.0,10000.0,10000.0,0,0,0,50.0,0.0,0.0,0,0
735806,69.5,69.0,25.5,,,,,1.0,1.0,1.0,50.0,0.0,0.0,0.0,0.0,0.0,100.0,100.0,100.0,10000.0,10000.0,10000.0,0,0,0,50.0,0.0,0.0,0,0
736006,69.5,69.0,25.5,,,,,1.0,1.0,1.0,50.0,0.0,0.0,0.0,0.0,0.0,100.0,100.0,100.0,10000.0,10000.0,10000.0,0,0,0,50.0,0.0,0.0,0,0
736206,69.5,69.0,25.5,,,,,1.0,1.0,1.0,50.0,0.0,0.0,0.0,0.0,0.0,100.0,100.0,100.0,10000.0,10000.0,10000.0,0,0,0,50.0,0.0,0.0,0,0
736406,69.5,69.0,25.5,,,,,1.0,1.0,1.0,50.0,0.0,0.0,0.0,0.0,0.0,100.0,100.0,100.0,10000.0,10000.0,10000.0,0,0,0,50.0,0.0,0.0,0,0
736606,69.5,69.0,25.5,,,,,1.0,1.0,1.0,50.0,0.0,0.0,0.0,0.0,0.0,100.0,100.0,100.0,10000.0,10000.0,10000.0,0,0,0,50.0,0.0,0.0,0,0
736806,69.5,69.0,25.5,,,,,1.0,1.0,1.0,50.0,0.0,0.0,0.0,0.0,0.0,100.0,100.0,100.0,10000.0,10000.0,10000.0,0,0,0,50.0,0.0,0.0,0,0
737006,69.5,69.0,25.5,,,,,1.0,1.0,1.0,50.0,0.0,0.0,0.0,0.0,0.0,100.0,100.0,100.0,10000.0,10000.0,10000.0,0,0,0,50.0,0.0,0.0,0,0
737206,69.5,69.0,25.5,,,,,1.0,1.0,1.0,50.0,0.0,0.0,0.0,0.0,0.0,100.0,100.0,100.0,10000.0,10000.0,10000.0,0,0,0,50.0,0.0,0.0,0,0
737406,69.5,69.0,25.5,,,,,1.0,1.0,1.0,50.0,0.0,0.0,0.0,0.0,0.0,100.0,100.0,100.0,10000.0,10000.0,10000.0,0,0,0,50.0,0.0,0.0,0,0
737606,69.5,69.0,25.5,,,,,1.0,1.0,1.0,50.0,0.0,0.0,0.0,0.0,0.0,100.0,100.0,100.0,10000.0,10000.0,10000.0,0,0,0,50.0,0.0,0.0,0,0
737806,69.5,69.0,25.5,,,,,1.0,1.0,1.0,50.0,0.0,0.0,0.0,0.0,0.0,100.0,100.0,100.0,10000.0,10000.0,10000.0,0,0,0,50.0,0.0,0.0,0,0
738006,69.5,69.0,25.5,,,,,1.0,1.0,1.0,50.0,0.0,0.0,0.0,0.0,0.0,100.0,100.0,100.0,10000.0,10000.0,10000.0,0,0,0,50.0,0.0,0.0,0,0
738206,69.5,69.0,25.5,,,,,1.0,1.0,1.0,50.0,0.0,0.0,0.0,0.0,0.0,100.0,100.0,100.0,10000.0,10000.0,10000.0,0,0,0,50.0,0.0,0.0,0,0
738406,69.5,69.0,25.5,,,,,1.0,1.0,1.0,50.0,0.0,0.0,0.0,0.0,0.0,100.0,100.0,100.0,10000.0,10000.0,10000.0,0,0,0,50.0,0.0,0.0,0,0
738606,69.5,69.0,25.5,,,,,1.0,1.0,1.0,50.0,0.0,0.0,0.0,0.0,0.0,100.0,100.0,100.0,10000.0,10000.0,10000.0,0,0,0,50.0,0.0,0.0,0,0
738806,69.5,69.0,25.5,,,,,1.0,1.0,1.0,50.0,0.0,0.0,0.0,0.0,0.0,100.0,100.0,100.0,10000.0,10000.0,10000.0,0,0,0,50.0,0.0,0.0,0,0
739006,69.5,69.0,25.5,,,,,1.0,1.0,1.0,50.0,0.0,0.0,0.0,0.0,0.0,100.0,100.0,100.0,10000.0,10000.0,10000.0,0,0,0,50.0,0.0,0.0,0,0
739206,69.5,69.0,25.5,,,,,1.0,1.0,1.0,50.0,0.0,0.0,0.0,0.0,0.0,100.0,100.0,100.0,10000.0,10000.0,10000.0,0,0,0,50.0,0.0,0.0,0,0
739406,69.5,69.0,25.5,,,,,1.0,1.0,1.0,50.0,0.0,0.0,0.0,0.0,0.0,100.0,100.0,100.0,10000.0,10000.0,10000.0,0,0,0,50.0,0.0,0.0,0,0
739606,69.5,69.0,25.5,,,,,1.0,1.0,1.0,50.0,0.0,0.0,0.0,0.0,0.0,100.0,100.0,100.0,10000.0,10000.0,10000.0,0,0,0,50.0,0.0,0.0,0,0
739806,69.5,69.0,25.5,,,,,1.0,1.0,1.0,50.0,0.0,0.0,0.0,0.0,0.0,100.0,100.0,100.0,10000.0,10000.0,10000.0,0,0,0,50.0,0.0,0.0,0,0
740006,69.5,69.0,25.5,,,,,1.0,1.0,1.0,50.0,0.0,0.0,0.0,0.0,0.0,100.0,100.0,100.0,10000.0,10000.0,10000.0,0,0,0,50.0,0.0,0.0,0,0
740206,69.5,69.0,25.5,,,,,1.0,1.0,1.0,50.0,0.0,0.0,0.0,0.0,0.0,100.0,100.0,100.0,10000.0,10000.0,10000.0,0,0,0,50.0,0.0,0.0,0,0
740406,69.5,69.0,25.5,,,,,1.0,1.0,1.0,50.0,0.0,0.0,0.0,0.0,0.0,100.0,100.0,100.0,10000.0,10000.0,10000.0,0,0,0,50.0,0.0,0.0,0,0
740606,69.5,69.0,25.5,,,,,1.0,1.0,1.0,50.0,0.0,0.0,0.0,0.0,0.0,100.0,100.0,100.0,10000.0,10000.0,10000.0,0,0,0,50.0,0.0,0.0,0,0
740806,69.5,69.0,25.5,,,,,1.0,1.0,1.0,50.0,0.0,0.0,0.0,0.0,0.0,100.0,100.0,100.0,10000.0,10000.0,10000.0,0,0,0,50.0,0.0,0.0,0,0
741006,69.5,69.0,25.5,,,,,1.0,1.0,1.0,50.0,0.0,0.0,0.0,0.0,0.0,100.0,100.0,100.0,10000.0,10000.0,10000.0,0,0,0,50.0,0.0,0.0,0,0
741206,69.5,69.0,25.5,,,,,1.0,1.0,1.0,50.0,0.0,0.0,0.0,0.0,0.0,100.0,100.0,100.0,10000.0,10000.0,10000.0,0,0,0,50.0,0.0,0.0,0,0
741406,69.5,69.0,25.5,,,,,1.0,1.0,1.0,50.0,0.0,0.0,0.0,0.0,0.0,100.0,100.0,100.0,10000.0,10000.0,10000.0,0,0,0,50.0,0.0,0.0,0,0
741606,69.5,69.0,25.5,,,,,1.0,1.0,1.0,50.0,0.0,0.0,0.0,0.0,0.0,100.0,100.0,100.0,10000.0,10000.0,10000.0,0,0,0,50.0,0.0,0.0,0,0
741806,69.5,69.0,25.5,,,,,1.0,1.0,1.0,50.0,0.0,0.0,0.0,0.0,0.0,100.0,100.0,100.0,10000.0,10000.0,10000.0,0,0,0,50.0,0.0,0.0,0,0
742006,69.5,69.0,25.5,,,,,1.0,1.0,1.0,50.0,0.0,0.0,0.0,0.0,0.0,100.0,100.0,100.0,10000.0,10000.0,10000.0,0,0,0,50.0,0.0,0.0,0,0
742206,69.5,69.0,25.5,,,,,1.0,1.0,1.0,50.0,0.0,0.0,0.0,0.0,0.0,100.0,100.0,100.0,10000.0,10000.0,10000.0,0,0,0,50.0,0.0,0.0,0,0
742406,69.5,69.0,25.5,,,,,1.0,1.0,1.0,50.0,0.0,0.0,0.0,0.0,0.0,100.0,100.0,100.0,10000.0,10000.0,10000.0,0,0,0,50.0,0.0,0.0,0,0
742606,69.5,69.0,25.5,,,,,1.0,1.0,1.0,50.0,0.0,0.0,0.0,0.0,0.0,100.0,100.0,100.0,10000.0,10000.0,10000.0,0,0,0,50.0,0.0,0.0,0,0
742806,69.5,69.0,25.5,,,,,1.0,1.0,1.0,50.0,0.0,0.0,0.0,0.0,0.0,100.0,100.0,100.0,10000.0,10000.0,10000.0,0,0,0,50.0,0.0,0.0,0,0
743006,69.5,69.0,25.5,,,,,1.0,1.0,1.0,50.0,0.0,0.0,0.0,0.0,0.0,100.0,100.0,100.0,10000.0,10000.0,10000.0,0,0,0,50.0,0.0,0.0,0,0
743206,69.5,69.0,25.5,,,,,1.0,1.0,1.0,50.0,0.0,0.0,0.0,0.0,0.0,100.0,100.0,100.0,10000.0,10000.0,10000.0,0,0,0,50.0,0.0,0.0,0,0
743406,69.5,69.0,25.5,,,,,1.0,1.0,1.0,50.0,0.0,0.0,0.0,0.0,0.0,100.0,100.0,100.0,10000.0,10000.0,10000.0,0,0,0,50.0,0.0,0.0,0,0
743606,69.5,69.0,25.5,,,,,1.0,1.0,1.0,50.0,0.0,0.0,0.0,0.0,0.0,100.0,100.0,100.0,10000.0,10000.0,10000.0,0,0,0,50.0,0.0,0.0,0,0
743806,69.5,69.0,25.5,,,,,1.0,1.0,1.0,50.0,0.0,0.0,0.0,0.0,0.0,100.0,100.0,100.0,10000.0,10000.0,10000.0,0,0,0,50.0,0.0,0.0,0,0
744006,69.5,69.0,25.5,,,,,1.0,1.0,1.0,50.0,0.0,0.0,0.0,0.0,0.0,100.0,100.0,100.0,10000.0,10000.0,10000.0,0,0,0,50.0,0.0,0.0,0,0
744206,69.5,69.0,25.5,,,,,1.0,1.0,1.0,50.0,0.0,0.0,0.0,0.0,0.0,100.0,100.0,100.0,10000.0,10000.0,10000.0,0,0,0,50.0,0.0,0.0,0,0
744406,69.5,69.0,25.5,,,,,1.0,1.0,1.0,50.0,0.0,0.0,0.0,0.0,0.0,100.0,100.0,100.0,10000.0,10000.0,10000.0,0,0,0,50.0,0.0,0.0,0,0
744606,69.5,69.0,25.5,,,,,1.0,1.0,1.0,50.0,0.0,0.0,0.0,0.0,0.0,100.0,100.0,100.0,10000.0,10000.0,10000.0,0,0,0,50.0,0.0,0.0,0,0
744806,69.5,69.0,25.5,,,,,1.0,1.0,1.0,50.0,0.0,0.0,0.0,0.0,0.0,100.0,100.0,100.0,10000.0,10000.0,10000.0,0,0,0,50.0,0.0,0.0,0,0
745006,69.5,69.0,25.5,,,,,1.0,1.0,1.0,50.0,0.0,0.0,0.0,0.0,0.0,100.0,100.0,100.0,10000.0,10000.0,10000.0,0,0,0,50.0,0.0,0.0,0,0
745206,69.5,69.0,25.5,,,,,1.0,1.0,1.0,50.0,0.0,0.0,0.0,0.0,0.0,100.0,100.0,100.0,10000.0,10000.0,10000.0,0,0,0,50.0,0.0,0.0,0,0
745406,69.5,69.0,25.5,,,,,1.0,1.0,1.0,50.0,0.0,0.0,0.0,0.0,0.0,100.0,100.0,100.0,10000.0,10000.0,10000.0,0,0,0,50.0,0.0,0.0,0,0
745606,69.5,69.0,25.5,,,,,1.0,1.0,1.0,50.0,0.0,0.0,0.0,0.0,0.0,100.0,100.0,100.0,10000.0,10000.0,10000.0,0,0,0,50.0,0.0,0.0,0,0
745806,69.5,69.0,25.5,,,,,1.0,1.0,1.0,50.0,0.0,0.0,0.0,0.0,0.0,100.0,100.0,100.0,10000.0,10000.0,10000.0,0,0,0,50.0,0.0,0.0,0,0
746006,69.5,69.0,25.5,,,,,1.0,1.0,1.0,50.0,0.0,0.0,0.0,0.0,0.0,100.0,100.0,100.0,10000.0,10000.0,10000.0,0,0,0,50.0,0.0,0.0,0,0
746206,69.5,69.0,25.5,,,,,1.0,1.0,1.0,50.0,0.0,0.0,0.0,0.0,0.0,100.0,100.0,100.0,10000.0,10000.0,10000.0,0,0,0,50.0,0.0,0.0,0,0
746406,69.5,69.0,25.5,,,,,1.0,1.0,1.0,50.0,0.0,0.0,0.0,0.0,0.0,100.0,100.0,100.0,10000.0,10000.0,10000.0,0,0,0,50.0,0.0,0.0,0,0
746606,69.5,69.0,25.5,,,,,1.0,1.0,1.0,50.0,0.0,0.0,0.0,0.0,0.0,100.0,100.0,100.0,10000.0,10000.0,10000.0,0,0,0,50.0,0.0,0.0,0,0
746806,69.5,69.0,25.5,,,,,1.0,1.0,1.0,50.0,0.0,0.0,0.0,0.0,0.0,100.0,100.0,100.0,10000.0,10000.0,10000.0,0,0,0,50.0,0.0,0.0,0,0
747006,69.5,69.0,25.5,,,,,1.0,1.0,1.0,50.0,0.0,0.0,0.0,0.0,0.0,100.0,100.0,100.0,10000.0,10000.0,10000.0,0,0,0,50.0,0.0,0.0,0,0
747206,69.5,69.0,25.5,,,,,1.0,1.0,1.0,50.0,0.0,0.0,0.0,0.0,0.0,100.0,100.0,100.0,10000.0,10000.0,10000.0,0,0,0,50.0,0.0,0.0,0,0
747406,69.5,69.0,25.5,,,,,1.0,1.0,1.0,50.0,0.0,0.0,0.0,0.0,0.0,100.0,100.0,100.0,10000.0,10000.0,10000.0,0,0,0,50.0,0.0,0.0,0,0
747606,69.5,69.0,25.5,,,,,1.0,1.0,1.0,50.0,0.0,0.0,0.0,0.0,0.0,100.0,100.0,100.0,10000.0,10000.0,10000.0,0,0,0,50.0,0.0,0.0,0,0
747806,69.5,69.0,25.5,,,,,1.0,1.0,1.0,50.0,0.0,0.0,0.0,0.0,0.0,100.0,100.0,100.0,10000.0,10000.0,10000.0,0,0,0,50.0,0.0,0.0,0,0
748006,69.5,69.0,25.5,,,,,1.0,1.0,1.0,50.0,0.0,0.0,0.0,0.0,0.0,100.0,100.0,100.0,10000.0,10000.0,10000.0,0,0,0,50.0,0.0,0.0,0,0
748206,69.5,69.0,25.5,,,,,1.0,1.0,1.0,50.0,0.0,0.0,0.0,0.0,0.0,100.0,100.0,100.0,10000.0,10000.0,10000.0,0,0,0,50.0,0.0,0.0,0,0
748406,69.5,69.0,25.5,,,,,1.0,1.0,1.0,50.0,0.0,0.0,0.0,0.0,0.0,100.0,100.0,100.0,10000.0,10000.0,10000.0,0,0,0,50.0,0.0,0.0,0,0
748606,69.5,69.0,25.5,,,,,1.0,1.0,1.0,50.0,0.0,0.0,0.0,0.0,0.0,100.0,100.0,100.0,10000.0,10000.0,10000.0,0,0,0,50.0,0.0,0.0,0,0
748806,69.5,69.0,25.5,,,,,1.0,1.0,1.0,50.0,0.0,0.0,0.0,0.0,0.0,100.0,100.0,100.0,10000.0,10000.0,10000.0,0,0,0,50.0,0.0,0.0,0,0
749006,69.5,69.0,25.5,,,,,1.0,1.0,1.0,50.0,0.0,0.0,0.0,0.0,0.0,100.0,100.0,100.0,10000.0,10000.0,10000.0,0,0,0,50.0,0.0,0.0,0,0
749206,69.5,69.0,25.5,,,,,1.0,1.0,1.0,50.0,0.0,0.0,0.0,0.0,0.0,100.0,100.0,100.0,10000.0,10000.0,10000.0,0,0,0,50.0,0.0,0.0,0,0
749406,69.5,69.0,25.5,,,,,1.0,1.0,1.0,50.0,0.0,0.0,0.0,0.0,0.0,100.0,100.0,100.0,10000.0,10000.0,10000.0,0,0,0,50.0,0.0,0.0,0,0
749606,69.5,69.0,25.5,,,,,1.0,1.0,1.0,50.0,0.0,0.0,0.0,0.0,0.0,100.0,100.0,100.0,10000.0,10000.0,10000.0,0,0,0,50.0,0.0,0.0,0,0
749806,69.5,69.0,25.5,,,,,1.0,1.0,1.0,50.0,0.0,0.0,0.0,0.0,0.0,100.0,100.0,100.0,10000.0,10000.0,10000.0,0,0,0,50.0,0.0,0.0,0,0
750006,69.5,69.0,25.5,,,,,1.0,1.0,1.0,50.0,0.0,0.0,0.0,0.0,0.0,100.0,100.0,100.0,10000.0,10000.0,10000.0,0,0,0,50.0,0.0,0.0,0,0
750206,69.5,69.0,25.5,,,,,1.0,1.0,1.0,50.0,0.0,0.0,0.0,0.0,0.0,100.0,100.0,100.0,10000.0,10000.0,10000.0,0,0,0,50.0,0.0,0.0,0,0
750406,69.5,69.0,25.5,,,,,1.0,1.0,1.0,50.0,0.0,0.0,0.0,0.0,0.0,100.0,100.0,100.0,10000.0,10000.0,10000.0,0,0,0,50.0,0.0,0.0,0,0
750606,69.5,69.0,25.5,,,,,1.0,1.0,1.0,50.0,0.0,0.0,0.0,0.0,0.0,100.0,100.0,100.0,10000.0,10000.0,10000.0,0,0,0,50.0,0.0,0.0,0,0
750806,69.5,69.0,25.5,,,,,1.0,1.0,1.0,50.0,0.0,0.0,0.0,0.0,0.0,100.0,100.0,100.0,10000.0,10000.0,10000.0,0,0,0,50.0,0.0,0.0,0,0
751006,69.5,69.0,25.5,,,,,1.0,1.0,1.0,50.0,0.0,0.0,0.0,0.0,0.0,100.0,100.0,100.0,10000.0,10000.0,10000.0,0,0,0,50.0,0.0,0.0,0,0
751206,69.5,69.0,25.5,,,,,1.0,1.0,1.0,50.0,0.0,0.0,0.0,0.0,0.0,100.0,100.0,100.0,10000.0,10000.0,10000.0,0,0,0,50.0,0.0,0.0,0,0
751406,69.5,69.0,25.5,,,,,1.0,1.0,1.0,50.0,0.0,0.0,0.0,0.0,0.0,100.0,100.0,100.0,10000.0,10000.0,10000.0,0,0,0,50.0,0.0,0.0,0,0
751606,69.5,69.0,25.5,,,,,1.0,1.0,1.0,50.0,0.0,0.0,0.0,0.0,0.0,100.0,100.0,100.0,10000.0,10000.0,10000.0,0,0,0,50.0,0.0,0.0,0,0
751806,69.5,69.0,25.5,,,,,1.0,1.0,1.0,50.0,0.0,0.0,0.0,0.0,0.0,100.0,100.0,100.0,10000.0,10000.0,10000.0,0,0,0,50.0,0.0,0.0,0,0
752006,69.5,69.0,25.5,,,,,1.0,1.0,1.0,50.0,0.0,0.0,0.0,0.0,0.0,100.0,100.0,100.0,10000.0,10000.0,10000.0,0,0,0,50.0,0.0,0.0,0,0
752206,69.5,69.0,25.5,,,,,1.0,1.0,1.0,50.0,0.0,0.0,0.0,0.0,0.0,100.0,100.0,100.0,10000.0,10000.0,10000.0,0,0,0,50.0,0.0,0.0,0,0
752406,69.5,69.0,25.5,,,,,1.0,1.0,1.0,50.0,0.0,0.0,0.0,0.0,0.0,100.0,100.0,100.0,10000.0,10000.0,10000.0,0,0,0,50.0,0.0,0.0,0,0
752606,69.5,69.0,25.5,,,,,1.0,1.0,1.0,50.0,0.0,0.0,0.0,0.0,0.0,100.0,100.0,100.0,10000.0,10000.0,10000.0,0,0,0,50.0,0.0,0.0,0,0
752806,69.5,69.0,25.5,,,,,1.0,1.0,1.0,50.0,0.0,0.0,0.0,0.0,0.0,100.0,100.0,100.0,10000.0,10000.0,10000.0,0,0,0,50.0,0.0,0.0,0,0
753006,69.5,69.0,25.5,,,,,1.0,1.0,1.0,50.0,0.0,0.0,0.0,0.0,0.0,100.0,100.0,100.0,10000.0,10000.0,10000.0,0,0,0,50.0,0.0,0.0,0,0
753206,69.5,69.0,25.5,,,,,1.0,1.0,1.0,50.0,0.0,0.0,0.0,0.0,0.0,100.0,100.0,100.0,10000.0,10000.0,10000.0,0,0,0,50.0,0.0,0.0,0,0
753406,69.5,69.0,25.5,,,,,1.0,1.0,1.0,50.0,0.0,0.0,0.0,0.0,0.0,100.0,100.0,100.0,10000.0,10000.0,10000.0,0,0,0,50.0,0.0,0.0,0,0
753606,69.5,69.0,25.5,,,,,1.0,1.0,1.0,50.0,0.0,0.0,0.0,0.0,0.0,100.0,100.0,100.0,10000.0,10000.0,10000.0,0,0,0,50.0,0.0,0.0,0,0
753806,69.5,69.0,25.5,,,,,1.0,1.0,1.0,50.0,0.0,0.0,0.0,0.0,0.0,100.0,100.0,100.0,10000.0,10000.0,10000.0,0,0,0,50.0,0.0,0.0,0,0
754006,69.5,69.0,25.5,,,,,1.0,1.0,1.0,50.0,0.0,0.0,0.0,0.0,0.0,100.0,100.0,100.0,10000.0,10000.0,10000.0,0,0,0,50.0,0.0,0.0,0,0
754206,69.5,69.0,25.5,,,,,1.0,1.0,1.0,50.0,0.0,0.0,0.0,0.0,0.0,100.0,100.0,100.0,10000.0,10000.0,10000.0,0,0,0,50.0,0.0,0.0,0,0
754406,69.5,69.0,25.5,,,,,1.0,1.0,1.0,50.0,0.0,0.0,0.0,0.0,0.0,100.0,100.0,100.0,10000.0,10000.0,10000.0,0,0,0,50.0,0.0,0.0,0,0
754606,69.5,69.0,25.5,,,,,1.0,1.0,1.0,50.0,0.0,0.0,0.0,0.0,0.0,100.0,100.0,100.0,10000.0,10000.0,10000.0,0,0,0,50.0,0.0,0.0,0,0
754806,69.5,69.0,25.5,,,,,1.0,1.0,1.0,50.0,0.0,0.0,0.0,0.0,0.0,100.0,100.0,100.0,10000.0,10000.0,10000.0,0,0,0,50.0,0.0,0.0,0,0
755006,69.5,69.0,25.5,,,,,1.0,1.0,1.0,50.0,0.0,0.0,0.0,0.0,0.0,100.0,100.0,100.0,10000.0,10000.0,10000.0,0,0,0,50.0,0.0,0.0,0,0
755206,69.5,69.0,25.5,,,,,1.0,1.0,1.0,50.0,0.0,0.0,0.0,0.0,0.0,100.0,100.0,100.0,10000.0,10000.0,10000.0,0,0,0,50.0,0.0,0.0,0,0
755406,69.5,69.0,25.5,,,,,1.0,1.0,1.0,50.0,0.0,0.0,0.0,0.0,0.0,100.0,100.0,100.0,10000.0,10000.0,10000.0,0,0,0,50.0,0.0,0.0,0,0
755606,69.5,69.0,25.5,,,,,1.0,1.0,1.0,50.0,0.0,0.0,0.0,0.0,0.0,100.0,100.0,100.0,10000.0,10000.0,10000.0,0,0,0,50.0,0.0,0.0,0,0
755806,69.5,69.0,25.5,,,,,1.0,1.0,1.0,50.0,0.0,0.0,0.0,0.0,0.0,100.0,100.0,100.0,10000.0,10000.0,10000.0,0,0,0,50.0,0.0,0.0,0,0
756006,69.5,69.0,25.5,,,,,1.0,1.0,1.0,50.0,0.0,0.0,0.0,0.0,0.0,100.0,100.0,100.0,10000.0,10000.0,10000.0,0,0,0,50.0,0.0,0.0,0,0
756206,69.5,69.0,25.5,,,,,1.0,1.0,1.0,50.0,0.0,0.0,0.0,0.0,0.0,100.0,100.0,100.0,10000.0,10000.0,10000.0,0,0,0,50.0,0.0,0.0,0,0
756406,69.5,69.0,25.5,,,,,1.0,1.0,1.0,50.0,0.0,0.0,0.0,0.0,0.0,100.0,100.0,100.0,10000.0,10000.0,10000.0,0,0,0,50.0,0.0,0.0,0,0
756606,69.5,69.0,25.5,,,,,1.0,1.0,1.0,50.0,0.0,0.0,0.0,0.0,0.0,100.0,100.0,100.0,10000.0,10000.0,10000.0,0,0,0,50.0,0.0,0.0,0,0
756806,69.5,69.0,25.5,,,,,1.0,1.0,1.0,50.0,0.0,0.0,0.0,0.0,0.0,100.0,100.0,100.0,10000.0,10000.0,10000.0,0,0,0,50.0,0.0,0.0,0,0
757006,69.5,69.0,25.5,,,,,1.0,1.0,1.0,50.0,0.0,0.0,0.0,0.0,0.0,100.0,100.0,100.0,10000.0,10000.0,10000.0,0,0,0,50.0,0.0,0.0,0,0
757206,69.5,69.0,25.5,,,,,1.0,1.0,1.0,50.0,0.0,0.0,0.0,0.0,0.0,100.0,100.0,100.0,10000.0,10000.0,10000.0,0,0,0,50.0,0.0,0.0,0,0
757406,69.5,69.0,25.5,,,,,1.0,1.0,1.0,50.0,0.0,0.0,0.0,0.0,0.0,100.0,100.0,100.0,10000.0,10000.0,10000.0,0,0,0,50.0,0.0,0.0,0,0
757606,69.5,69.0,25.5,,,,,1.0,1.0,1.0,50.0,0.0,0.0,0.0,0.0,0.0,100.0,100.0,100.0,10000.0,10000.0,10000.0,0,0,0,50.0,0.0,0.0,0,0
757806,69.5,69.0,25.5,,,,,1.0,1.0,1.0,50.0,0.0,0.0,0.0,0.0,0.0,100.0,100.0,100.0,10000.0,10000.0,10000.0,0,0,0,50.0,0.0,0.0,0,0
758006,69.5,69.0,25.5,,,,,1.0,1.0,1.0,50.0,0.0,0.0,0.0,0.0,0.0,100.0,100.0,100.0,10000.0,10000.0,10000.0,0,0,0,50.0,0.0,0.0,0,0
758206,69.5,69.0,25.5,,,,,1.0,1.0,1.0,50.0,0.0,0.0,0.0,0.0,0.0,100.0,100.0,100.0,10000.0,10000.0,10000.0,0,0,0,50.0,0.0,0.0,0,0
758406,69.5,69.0,25.5,,,,,1.0,1.0,1.0,50.0,0.0,0.0,0.0,0.0,0.0,100.0,100.0,100.0,10000.0,10000.0,10000.0,0,0,0,50.0,0.0,0.0,0,0
758606,69.5,69.5,25.5,,,,,1.0,1.0,1.0,50.0,0.0,0.0,0.0,0.0,0.0,100.0,100.0,100.0,10000.0,10000.0,10000.0,0,0,0,50.0,0.0,0.0,0,0
758806,69.5,69.5,25.5,,,,,1.0,1.0,1.0,50.0,0.0,0.0,0.0,0.0,0.0,100.0,100.0,100.0,10000.0,10000.0,10000.0,0,0,0,50.0,0.0,0.0,0,0
759006,69.5,69.5,25.5,,,,,1.0,1.0,1.0,50.0,0.0,0.0,0.0,0.0,0.0,100.0,100.0,100.0,10000.0,10000.0,10000.0,0,0,0,50.0,0.0,0.0,0,0
759206,69.5,69.0,25.5,,,,,1.0,1.0,1.0,50.0,0.0,0.0,0.0,0.0,0.0,100.0,100.0,100.0,10000.0,10000.0,10000.0,0,0,0,50.0,0.0,0.0,0,0
759406,69.5,69.0,25.5,,,,,1.0,1.0,1.0,50.0,0.0,0.0,0.0,0.0,0.0,100.0,100.0,100.0,10000.0,10000.0,10000.0,0,0,0,50.0,0.0,0.0,0,0
759606,69.5,69.0,25.5,,,,,1.0,1.0,1.0,50.0,0.0,0.0,0.0,0.0,0.0,100.0,100.0,100.0,10000.0,10000.0,10000.0,0,0,0,50.0,0.0,0.0,0,0
759806,69.5,69.0,25.5,,,,,1.0,1.0,1.0,50.0,0.0,0.0,0.0,0.0,0.0,100.0,100.0,100.0,10000.0,10000.0,10000.0,0,0,0,50.0,0.0,0.0,0,0
760006,69.5,69.0,25.5,,,,,1.0,1.0,1.0,50.0,0.0,0.0,0.0,0.0,0.0,100.0,100.0,100.0,10000.0,10000.0,10000.0,0,0,0,50.0,0.0,0.0,0,0
760206,69.5,69.0,25.5,,,,,1.0,1.0,1.0,50.0,0.0,0.0,0.0,0.0,0.0,100.0,100.0,100.0,10000.0,10000.0,10000.0,0,0,0,50.0,0.0,0.0,0,0
760406,69.5,69.0,25.5,,,,,1.0,1.0,1.0,50.0,0.0,0.0,0.0,0.0,0.0,100.0,100.0,100.0,10000.0,10000.0,10000.0,0,0,0,50.0,0.0,0.0,0,0
760606,69.5,69.0,25.5,,,,,1.0,1.0,1.0,50.0,0.0,0.0,0.0,0.0,0.0,100.0,100.0,100.0,10000.0,10000.0,10000.0,0,0,0,50.0,0.0,0.0,0,0
760806,69.5,69.0,25.5,,,,,1.0,1.0,1.0,50.0,0.0,0.0,0.0,0.0,0.0,100.0,100.0,100.0,10000.0,10000.0,10000.0,0,0,0,50.0,0.0,0.0,0,0
761006,69.5,69.0,25.5,,,,,1.0,1.0,1.0,50.0,0.0,0.0,0.0,0.0,0.0,100.0,100.0,100.0,10000.0,10000.0,10000.0,0,0,0,50.0,0.0,0.0,0,0
761206,69.5,69.0,25.5,,,,,1.0,1.0,1.0,50.0,0.0,0.0,0.0,0.0,0.0,100.0,100.0,100.0,10000.0,10000.0,10000.0,0,0,0,50.0,0.0,0.0,0,0
761406,69.5,69.0,25.5,,,,,1.0,1.0,1.0,50.0,0.0,0.0,0.0,0.0,0.0,100.0,100.0,100.0,10000.0,10000.0,10000.0,0,0,0,50.0,0.0,0.0,0,0
761606,69.5,69.0,25.5,,,,,1.0,1.0,1.0,50.0,0.0,0.0,0.0,0.0,0.0,100.0,100.0,100.0,10000.0,10000.0,10000.0,0,0,0,50.0,0.0,0.0,0,0
761806,69.5,69.0,25.5,,,,,1.0,1.0,1.0,50.0,0.0,0.0,0.0,0.0,0.0,100.0,100.0,100.0,10000.0,10000.0,10000.0,0,0,0,50.0,0.0,0.0,0,0
762006,69.5,69.0,25.5,,,,,1.0,1.0,1.0,50.0,0.0,0.0,0.0,0.0,0.0,100.0,100.0,100.0,10000.0,10000.0,10000.0,0,0,0,50.0,0.0,0.0,0,0
762206,69.5,69.0,25.5,,,,,1.0,1.0,1.0,50.0,0.0,0.0,0.0,0.0,0.0,100.0,100.0,100.0,10000.0,10000.0,10000.0,0,0,0,50.0,0.0,0.0,0,0
762406,69.5,69.0,25.5,,,,,1.0,1.0,1.0,50.0,0.0,0.0,0.0,0.0,0.0,100.0,100.0,100.0,10000.0,10000.0,10000.0,0,0,0,50.0,0.0,0.0,0,0
762606,69.5,69.0,25.5,,,,,1.0,1.0,1.0,50.0,0.0,0.0,0.0,0.0,0.0,100.0,100.0,100.0,10000.0,10000.0,10000.0,0,0,0,50.0,0.0,0.0,0,0
762806,69.5,69.0,25.5,,,,,1.0,1.0,1.0,50.0,0.0,0.0,0.0,0.0,0.0,100.0,100.0,100.0,10000.0,10000.0,10000.0,0,0,0,50.0,0.0,0.0,0,0
763006,69.5,69.0,25.5,,,,,1.0,1.0,1.0,50.0,0.0,0.0,0.0,0.0,0.0,100.0,100.0,100.0,10000.0,10000.0,10000.0,0,0,0,50.0,0.0,0.0,0,0
763206,69.5,69.0,25.5,,,,,1.0,1.0,1.0,50.0,0.0,0.0,0.0,0.0,0.0,100.0,100.0,100.0,10000.0,10000.0,10000.0,0,0,0,50.0,0.0,0.0,0,0
763406,69.5,69.0,25.5,,,,,1.0,1.0,1.0,50.0,0.0,0.0,0.0,0.0,0.0,100.0,100.0,100.0,10000.0,10000.0,10000.0,0,0,0,50.0,0.0,0.0,0,0
763606,69.5,69.0,25.5,,,,,1.0,1.0,1.0,50.0,0.0,0.0,0.0,0.0,0.0,100.0,100.0,100.0,10000.0,10000.0,10000.0,0,0,0,50.0,0.0,0.0,0,0
763806,69.5,69.0,25.5,,,,,1.0,1.0,1.0,50.0,0.0,0.0,0.0,0.0,0.0,100.0,100.0,100.0,10000.0,10000.0,10000.0,0,0,0,50.0,0.0,0.0,0,0
764006,69.5,69.0,25.5,,,,,1.0,1.0,1.0,50.0,0.0,0.0,0.0,0.0,0.0,100.0,100.0,100.0,10000.0,10000.0,10000.0,0,0,0,50.0,0.0,0.0,0,0
764206,69.5,69.0,25.5,,,,,1.0,1.0,1.0,50.0,0.0,0.0,0.0,0.0,0.0,100.0,100.0,100.0,10000.0,10000.0,10000.0,0,0,0,50.0,0.0,0.0,0,0
764406,69.5,69.0,25.5,,,,,1.0,1.0,1.0,50.0,0.0,0.0,0.0,0.0,0.0,100.0,100.0,100.0,10000.0,10000.0,10000.0,0,0,0,50.0,0.0,0.0,0,0
764606,69.5,69.0,25.5,,,,,1.0,1.0,1.0,50.0,0.0,0.0,0.0,0.0,0.0,100.0,100.0,100.0,10000.0,10000.0,10000.0,0,0,0,50.0,0.0,0.0,0,0
764806,69.5,69.0,25.5,,,,,1.0,1.0,1.0,50.0,0.0,0.0,0.0,0.0,0.0,100.0,100.0,100.0,10000.0,10000.0,10000.0,0,0,0,50.0,0.0,0.0,0,0
765006,69.5,69.0,25.5,,,,,1.0,1.0,1.0,50.0,0.0,0.0,0.0,0.0,0.0,100.0,100.0,100.0,10000.0,10000.0,10000.0,0,0,0,50.0,0.0,0.0,0,0
765206,69.5,69.0,25.5,,,,,1.0,1.0,1.0,50.0,0.0,0.0,0.0,0.0,0.0,100.0,100.0,100.0,10000.0,10000.0,10000.0,0,0,0,50.0,0.0,0.0,0,0
765406,69.5,69.0,25.5,,,,,1.0,1.0,1.0,50.0,0.0,0.0,0.0,0.0,0.0,100.0,100.0,100.0,10000.0,10000.0,10000.0,0,0,0,50.0,0.0,0.0,0,0
765606,69.5,69.0,25.5,,,,,1.0,1.0,1.0,50.0,0.0,0.0,0.0,0.0,0.0,100.0,100.0,100.0,10000.0,10000.0,10000.0,0,0,0,50.0,0.0,0.0,0,0
765806,69.5,69.0,25.5,,,,,1.0,1.0,1.0,50.0,0.0,0.0,0.0,0.0,0.0,100.0,100.0,100.0,10000.0,10000.0,10000.0,0,0,0,50.0,0.0,0.0,0,0
766006,69.5,69.0,25.5,,,,,1.0,1.0,1.0,50.0,0.0,0.0,0.0,0.0,0.0,100.0,100.0,100.0,10000.0,10000.0,10000.0,0,0,0,50.0,0.0,0.0,0,0
766206,69.5,69.0,25.5,,,,,1.0,1.0,1.0,50.0,0.0,0.0,0.0,0.0,0.0,100.0,100.0,100.0,10000.0,10000.0,10000.0,0,0,0,50.0,0.0,0.0,0,0
766406,69.5,69.0,25.5,,,,,1.0,1.0,1.0,50.0,0.0,0.0,0.0,0.0,0.0,100.0,100.0,100.0,10000.0,10000.0,10000.0,0,0,0,50.0,0.0,0.0,0,0
766606,69.5,69.0,25.5,,,,,1.0,1.0,1.0,50.0,0.0,0.0,0.0,0.0,0.0,100.0,100.0,100.0,10000.0,10000.0,10000.0,0,0,0,50.0,0.0,0.0,0,0
766806,69.5,69.0,25.5,,,,,1.0,1.0,1.0,50.0,0.0,0.0,0.0,0.0,0.0,100.0,100.0,100.0,10000.0,10000.0,10000.0,0,0,0,50.0,0.0,0.0,0,0
767006,69.5,69.0,25.5,,,,,1.0,1.0,1.0,50.0,0.0,0.0,0.0,0.0,0.0,100.0,100.0,100.0,10000.0,10000.0,10000.0,0,0,0,50.0,0.0,0.0,0,0
767206,69.5,69.0,25.5,,,,,1.0,1.0,1.0,50.0,0.0,0.0,0.0,0.0,0.0,100.0,100.0,100.0,10000.0,10000.0,10000.0,0,0,0,50.0,0.0,0.0,0,0
767406,69.5,69.0,25.5,,,,,1.0,1.0,1.0,50.0,0.0,0.0,0.0,0.0,0.0,100.0,100.0,100.0,10000.0,10000.0,10000.0,0,0,0,50.0,0.0,0.0,0,0
767606,69.5,69.0,25.5,,,,,1.0,1.0,1.0,50.0,0.0,0.0,0.0,0.0,0.0,100.0,100.0,100.0,10000.0,10000.0,10000.0,0,0,0,50.0,0.0,0.0,0,0
767806,69.5,69.0,25.5,,,,,1.0,1.0,1.0,50.0,0.0,0.0,0.0,0.0,0.0,100.0,100.0,100.0,10000.0,10000.0,10000.0,0,0,0,50.0,0.0,0.0,0,0
768006,69.5,69.0,25.5,,,,,1.0,1.0,1.0,50.0,0.0,0.0,0.0,0.0,0.0,100.0,100.0,100.0,10000.0,10000.0,10000.0,0,0,0,50.0,0.0,0.0,0,0
768206,69.5,69.0,25.5,,,,,1.0,1.0,1.0,50.0,0.0,0.0,0.0,0.0,0.0,100.0,100.0,100.0,10000.0,10000.0,10000.0,0,0,0,50.0,0.0,0.0,0,0
768406,69.5,69.0,25.5,,,,,1.0,1.0,1.0,50.0,0.0,0.0,0.0,0.0,0.0,100.0,100.0,100.0,10000.0,10000.0,10000.0,0,0,0,50.0,0.0,0.0,0,0
768606,69.5,69.0,25.5,,,,,1.0,1.0,1.0,50.0,0.0,0.0,0.0,0.0,0.0,100.0,100.0,100.0,10000.0,10000.0,10000.0,0,0,0,50.0,0.0,0.0,0,0
768806,69.5,69.0,25.5,,,,,1.0,1.0,1.0,50.0,0.0,0.0,0.0,0.0,0.0,100.0,100.0,100.0,10000.0,10000.0,10000.0,0,0,0,50.0,0.0,0.0,0,0
769006,69.5,69.0,25.5,,,,,1.0,1.0,1.0,50.0,0.0,0.0,0.0,0.0,0.0,100.0,100.0,100.0,10000.0,10000.0,10000.0,0,0,0,50.0,0.0,0.0,0,0
769206,69.5,69.0,25.5,,,,,1.0,1.0,1.0,50.0,0.0,0.0,0.0,0.0,0.0,100.0,100.0,100.0,10000.0,10000.0,10000.0,0,0,0,50.0,0.0,0.0,0,0
769406,69.5,69.0,25.5,,,,,1.0,1.0,1.0,50.0,0.0,0.0,0.0,0.0,0.0,100.0,100.0,100.0,10000.0,10000.0,10000.0,0,0,0,50.0,0.0,0.0,0,0
769606,69.5,69.0,25.5,,,,,1.0,1.0,1.0,50.0,0.0,0.0,0.0,0.0,0.0,100.0,100.0,100.0,10000.0,10000.0,10000.0,0,0,0,50.0,0.0,0.0,0,0
769806,69.5,69.0,25.5,,,,,1.0,1.0,1.0,50.0,0.0,0.0,0.0,0.0,0.0,100.0,100.0,100.0,10000.0,10000.0,10000.0,0,0,0,50.0,0.0,0.0,0,0
770006,69.5,69.0,25.5,,,,,1.0,1.0,1.0,50.0,0.0,0.0,0.0,0.0,0.0,100.0,100.0,100.0,10000.0,10000.0,10000.0,0,0,0,50.0,0.0,0.0,0,0
770206,69.5,69.0,25.5,,,,,1.0,1.0,1.0,50.0,0.0,0.0,0.0,0.0,0.0,100.0,100.0,100.0,10000.0,10000.0,10000.0,0,0,0,50.0,0.0,0.0,0,0
770406,69.5,69.0,25.5,,,,,1.0,1.0,1.0,50.0,0.0,0.0,0.0,0.0,0.0,100.0,100.0,100.0,10000.0,10000.0,10000.0,0,0,0,50.0,0.0,0.0,0,0
770606,69.5,69.0,25.5,,,,,1.0,1.0,1.0,50.0,0.0,0.0,0.0,0.0,0.0,100.0,100.0,100.0,10000.0,10000.0,10000.0,0,0,0,50.0,0.0,0.0,0,0
770806,69.5,69.0,25.5,,,,,1.0,1.0,1.0,50.0,0.0,0.0,0.0,0.0,0.0,100.0,100.0,100.0,10000.0,10000.0,10000.0,0,0,0,50.0,0.0,0.0,0,0
771006,69.5,69.0,25.5,,,,,1.0,1.0,1.0,50.0,0.0,0.0,0.0,0.0,0.0,100.0,100.0,100.0,10000.0,10000.0,10000.0,0,0,0,50.0,0.0,0.0,0,0
771206,69.5,69.0,25.5,,,,,1.0,1.0,1.0,50.0,0.0,0.0,0.0,0.0,0.0,100.0,100.0,100.0,10000.0,10000.0,10000.0,0,0,0,50.0,0.0,0.0,0,0
771406,69.5,69.0,25.5,,,,,1.0,1.0,1.0,50.0,0.0,0.0,0.0,0.0,0.0,100.0,100.0,100.0,10000.0,10000.0,10000.0,0,0,0,50.0,0.0,0.0,0,0
771606,69.5,69.0,25.5,,,,,1.0,1.0,1.0,50.0,0.0,0.0,0.0,0.0,0.0,100.0,100.0,100.0,10000.0,10000.0,10000.0,0,0,0,50.0,0.0,0.0,0,0
771806,69.5,69.0,25.5,,,,,1.0,1.0,1.0,50.0,0.0,0.0,0.0,0.0,0.0,100.0,100.0,100.0,10000.0,10000.0,10000.0,0,0,0,50.0,0.0,0.0,0,0
772006,69.5,69.0,25.5,,,,,1.0,1.0,1.0,50.0,0.0,0.0,0.0,0.0,0.0,100.0,100.0,100.0,10000.0,10000.0,10000.0,0,0,0,50.0,0.0,0.0,0,0
772206,69.5,69.5,25.5,,,,,1.0,1.0,1.0,50.0,0.0,0.0,0.0,0.0,0.0,100.0,100.0,100.0,10000.0,10000.0,10000.0,0,0,0,50.0,0.0,0.0,0,0
772406,69.5,69.5,25.5,,,,,1.0,1.0,1.0,50.0,0.0,0.0,0.0,0.0,0.0,100.0,100.0,100.0,10000.0,10000.0,10000.0,0,0,0,50.0,0.0,0.0,0,0
772606,69.5,69.0,25.5,,,,,1.0,1.0,1.0,50.0,0.0,0.0,0.0,0.0,0.0,100.0,100.0,100.0,10000.0,10000.0,10000.0,0,0,0,50.0,0.0,0.0,0,0
772806,69.5,69.0,25.5,,,,,1.0,1.0,1.0,50.0,0.0,0.0,0.0,0.0,0.0,100.0,100.0,100.0,10000.0,10000.0,10000.0,0,0,0,50.0,0.0,0.0,0,0
773006,69.5,69.0,25.5,,,,,1.0,1.0,1.0,50.0,0.0,0.0,0.0,0.0,0.0,100.0,100.0,100.0,10000.0,10000.0,10000.0,0,0,0,50.0,0.0,0.0,0,0
773206,69.5,69.5,25.5,,,,,1.0,1.0,1.0,50.0,0.0,0.0,0.0,0.0,0.0,100.0,100.0,100.0,10000.0,10000.0,10000.0,0,0,0,50.0,0.0,0.0,0,0
773406,69.5,69.5,25.5,,,,,1.0,1.0,1.0,50.0,0.0,0.0,0.0,0.0,0.0,100.0,100.0,100.0,10000.0,10000.0,10000.0,0,0,0,50.0,0.0,0.0,0,0
773606,69.5,69.5,25.5,,,,,1.0,1.0,1.0,50.0,0.0,0.0,0.0,0.0,0.0,100.0,100.0,100.0,10000.0,10000.0,10000.0,0,0,0,50.0,0.0,0.0,0,0
773806,69.5,69.5,25.5,,,,,1.0,1.0,1.0,50.0,0.0,0.0,0.0,0.0,0.0,100.0,100.0,100.0,10000.0,10000.0,10000.0,0,0,0,50.0,0.0,0.0,0,0
774006,69.5,69.5,25.5,,,,,1.0,1.0,1.0,50.0,0.0,0.0,0.0,0.0,0.0,100.0,100.0,100.0,10000.0,10000.0,10000.0,0,0,0,50.0,0.0,0.0,0,0
774206,69.5,69.5,25.5,,,,,1.0,1.0,1.0,50.0,0.0,0.0,0.0,0.0,0.0,100.0,100.0,100.0,10000.0,10000.0,10000.0,0,0,0,50.0,0.0,0.0,0,0
774406,69.5,69.5,25.5,,,,,1.0,1.0,1.0,50.0,0.0,0.0,0.0,0.0,0.0,100.0,100.0,100.0,10000.0,10000.0,10000.0,0,0,0,50.0,0.0,0.0,0,0
774606,69.5,69.5,25.5,,,,,1.0,1.0,1.0,50.0,0.0,0.0,0.0,0.0,0.0,100.0,100.0,100.0,10000.0,10000.0,10000.0,0,0,0,50.0,0.0,0.0,0,0
774806,69.5,69.5,25.5,,,,,1.0,1.0,1.0,50.0,0.0,0.0,0.0,0.0,0.0,100.0,100.0,100.0,10000.0,10000.0,10000.0,0,0,0,50.0,0.0,0.0,0,0
775006,69.5,69.5,25.5,,,,,1.0,1.0,1.0,50.0,0.0,0.0,0.0,0.0,0.0,100.0,100.0,100.0,10000.0,10000.0,10000.0,0,0,0,50.0,0.0,0.0,0,0
775206,69.5,69.5,25.5,,,,,1.0,1.0,1.0,50.0,0.0,0.0,0.0,0.0,0.0,100.0,100.0,100.0,10000.0,10000.0,10000.0,0,0,0,50.0,0.0,0.0,0,0
775406,69.5,69.5,25.5,,,,,1.0,1.0,1.0,50.0,0.0,0.0,0.0,0.0,0.0,100.0,100.0,100.0,10000.0,10000.0,10000.0,0,0,0,50.0,0.0,0.0,0,0
775606,69.5,69.5,25.5,,,,,1.0,1.0,1.0,50.0,0.0,0.0,0.0,0.0,0.0,100.0,100.0,100.0,10000.0,10000.0,10000.0,0,0,0,50.0,0.0,0.0,0,0
775806,69.5,69.5,25.5,,,,,1.0,1.0,1.0,50.0,0.0,0.0,0.0,0.0,0.0,100.0,100.0,100.0,10000.0,10000.0,10000.0,0,0,0,50.0,0.0,0.0,0,0
776006,69.5,69.5,25.5,,,,,1.0,1.0,1.0,50.0,0.0,0.0,0.0,0.0,0.0,100.0,100.0,100.0,10000.0,10000.0,10000.0,0,0,0,50.0,0.0,0.0,0,0
776206,69.5,69.5,25.5,,,,,1.0,1.0,1.0,50.0,0.0,0.0,0.0,0.0,0.0,100.0,100.0,100.0,10000.0,10000.0,10000.0,0,0,0,50.0,0.0,0.0,0,0
776406,69.5,69.5,25.5,,,,,1.0,1.0,1.0,50.0,0.0,0.0,0.0,0.0,0.0,100.0,100.0,100.0,10000.0,10000.0,10000.0,0,0,0,50.0,0.0,0.0,0,0
776606,69.5,69.5,25.5,,,,,1.0,1.0,1.0,50.0,0.0,0.0,0.0,0.0,0.0,100.0,100.0,100.0,10000.0,10000.0,10000.0,0,0,0,50.0,0.0,0.0,0,0
776806,69.5,69.5,25.5,,,,,1.0,1.0,1.0,50.0,0.0,0.0,0.0,0.0,0.0,100.0,100.0,100.0,10000.0,10000.0,10000.0,0,0,0,50.0,0.0,0.0,0,0
777006,69.5,69.5,25.5,,,,,1.0,1.0,1.0,50.0,0.0,0.0,0.0,0.0,0.0,100.0,100.0,100.0,10000.0,10000.0,10000.0,0,0,0,50.0,0.0,0.0,0,0
777206,69.5,69.5,25.5,,,,,1.0,1.0,1.0,50.0,0.0,0.0,0.0,0.0,0.0,100.0,100.0,100.0,10000.0,10000.0,10000.0,0,0,0,50.0,0.0,0.0,0,0
777406,69.5,69.5,25.5,,,,,1.0,1.0,1.0,50.0,0.0,0.0,0.0,0.0,0.0,100.0,100.0,100.0,10000.0,10000.0,10000.0,0,0,0,50.0,0.0,0.0,0,0
777606,69.5,69.5,25.5,,,,,1.0,1.0,1.0,50.0,0.0,0.0,0.0,0.0,0.0,100.0,100.0,100.0,10000.0,10000.0,10000.0,0,0,0,50.0,0.0,0.0,0,0
777806,69.5,69.5,25.5,,,,,1.0,1.0,1.0,50.0,0.0,0.0,0.0,0.0,0.0,100.0,100.0,100.0,10000.0,10000.0,10000.0,0,0,0,50.0,0.0,0.0,0,0
778006,69.5,69.5,25.5,,,,,1.0,1.0,1.0,50.0,0.0,0.0,0.0,0.0,0.0,100.0,100.0,100.0,10000.0,10000.0,10000.0,0,0,0,50.0,0.0,0.0,0,0
778206,69.5,69.5,25.5,,,,,1.0,1.0,1.0,50.0,0.0,0.0,0.0,0.0,0.0,100.0,100.0,100.0,10000.0,10000.0,10000.0,0,0,0,50.0,0.0,0.0,0,0
778406,69.5,69.5,25.5,,,,,1.0,1.0,1.0,50.0,0.0,0.0,0.0,0.0,0.0,100.0,100.0,100.0,10000.0,10000.0,10000.0,0,0,0,50.0,0.0,0.0,0,0
778606,69.5,69.5,25.5,,,,,1.0,1.0,1.0,50.0,0.0,0.0,0.0,0.0,0.0,100.0,100.0,100.0,10000.0,10000.0,10000.0,0,0,0,50.0,0.0,0.0,0,0
778806,69.5,69.5,25.5,,,,,1.0,1.0,1.0,50.0,0.0,0.0,0.0,0.0,0.0,100.0,100.0,100.0,10000.0,10000.0,10000.0,0,0,0,50.0,0.0,0.0,0,0
779006,69.5,69.5,25.5,,,,,1.0,1.0,1.0,50.0,0.0,0.0,0.0,0.0,0.0,100.0,100.0,100.0,10000.0,10000.0,10000.0,0,0,0,50.0,0.0,0.0,0,0
779206,69.5,69.5,25.5,,,,,1.0,1.0,1.0,50.0,0.0,0.0,0.0,0.0,0.0,100.0,100.0,100.0,10000.0,10000.0,10000.0,0,0,0,50.0,0.0,0.0,0,0
779406,69.5,69.5,25.5,,,,,1.0,1.0,1.0,50.0,0.0,0.0,0.0,0.0,0.0,100.0,100.0,100.0,10000.0,10000.0,10000.0,0,0,0,50.0,0.0,0.0,0,0
779606,69.5,69.5,25.5,,,,,1.0,1.0,1.0,50.0,0.0,0.0,0.0,0.0,0.0,100.0,100.0,100.0,10000.0,10000.0,10000.0,0,0,0,50.0,0.0,0.0,0,0
779806,69.5,69.5,25.5,,,,,1.0,1.0,1.0,50.0,0.0,0.0,0.0,0.0,0.0,100.0,100.0,100.0,10000.0,10000.0,10000.0,0,0,0,50.0,0.0,0.0,0,0
780006,69.5,69.5,25.5,,,,,1.0,1.0,1.0,50.0,0.0,0.0,0.0,0.0,0.0,100.0,100.0,100.0,10000.0,10000.0,10000.0,0,0,0,50.0,0.0,0.0,0,0
780206,69.5,69.5,25.5,,,,,1.0,1.0,1.0,50.0,0.0,0.0,0.0,0.0,0.0,100.0,100.0,100.0,10000.0,10000.0,10000.0,0,0,0,50.0,0.0,0.0,0,0
780406,69.5,69.5,25.5,,,,,1.0,1.0,1.0,50.0,0.0,0.0,0.0,0.0,0.0,100.0,100.0,100.0,10000.0,10000.0,10000.0,0,0,0,50.0,0.0,0.0,0,0
780606,69.5,69.5,25.5,,,,,1.0,1.0,1.0,50.0,0.0,0.0,0.0,0.0,0.0,100.0,100.0,100.0,10000.0,10000.0,10000.0,0,0,0,50.0,0.0,0.0,0,0
780806,69.5,69.5,25.5,,,,,1.0,1.0,1.0,50.0,0.0,0.0,0.0,0.0,0.0,100.0,100.0,100.0,10000.0,10000.0,10000.0,0,0,0,50.0,0.0,0.0,0,0
781006,69.5,69.5,25.5,,,,,1.0,1.0,1.0,50.0,0.0,0.0,0.0,0.0,0.0,100.0,100.0,100.0,10000.0,10000.0,10000.0,0,0,0,50.0,0.0,0.0,0,0
781206,70.0,69.5,25.5,,,,,1.0,1.0,1.0,50.0,0.0,0.0,0.0,0.0,0.0,100.0,100.0,100.0,10000.0,10000.0,10000.0,0,0,0,50.0,0.0,0.0,0,0
781406,70.0,69.5,25.5,,,,,1.0,1.0,1.0,50.0,0.0,0.0,0.0,0.0,0.0,100.0,100.0,100.0,10000.0,10000.0,10000.0,0,0,0,50.0,0.0,0.0,0,0
781606,70.0,69.5,25.5,,,,,1.0,1.0,1.0,50.0,0.0,0.0,0.0,0.0,0.0,100.0,100.0,100.0,10000.0,10000.0,10000.0,0,0,0,50.0,0.0,0.0,0,0
781806,70.0,69.5,25.5,,,,,1.0,1.0,1.0,50.0,0.0,0.0,0.0,0.0,0.0,100.0,100.0,100.0,10000.0,10000.0,10000.0,0,0,0,50.0,0.0,0.0,0,0
782006,70.0,69.5,25.5,,,,,1.0,1.0,1.0,50.0,0.0,0.0,0.0,0.0,0.0,100.0,100.0,100.0,10000.0,10000.0,10000.0,0,0,0,50.0,0.0,0.0,0,0
782206,70.0,69.5,25.5,,,,,1.0,1.0,1.0,50.0,0.0,0.0,0.0,0.0,0.0,100.0,100.0,100.0,10000.0,10000.0,10000.0,0,0,0,50.0,0.0,0.0,0,0
782406,70.0,69.5,25.5,,,,,1.0,1.0,1.0,50.0,0.0,0.0,0.0,0.0,0.0,100.0,100.0,100.0,10000.0,10000.0,10000.0,0,0,0,50.0,0.0,0.0,0,0
782606,70.0,69.5,25.5,,,,,1.0,1.0,1.0,50.0,0.0,0.0,0.0,0.0,0.0,100.0,100.0,100.0,10000.0,10000.0,10000.0,0,0,0,50.0,0.0,0.0,0,0
782806,70.0,69.5,25.5,,,,,1.0,1.0,1.0,50.0,0.0,0.0,0.0,0.0,0.0,100.0,100.0,100.0,10000.0,10000.0,10000.0,0,0,0,50.0,0.0,0.0,0,0
783006,70.0,69.5,25.5,,,,,1.0,1.0,1.0,50.0,0.0,0.0,0.0,0.0,0.0,100.0,100.0,100.0,10000.0,10000.0,10000.0,0,0,0,50.0,0.0,0.0,0,0
783206,70.0,69.5,25.5,,,,,1.0,1.0,1.0,50.0,0.0,0.0,0.0,0.0,0.0,100.0,100.0,100.0,10000.0,10000.0,10000.0,0,0,0,50.0,0.0,0.0,0,0
783406,70.0,69.5,25.5,,,,,1.0,1.0,1.0,50.0,0.0,0.0,0.0,0.0,0.0,100.0,100.0,100.0,10000.0,10000.0,10000.0,0,0,0,50.0,0.0,0.0,0,0
783606,70.0,69.5,25.5,,,,,1.0,1.0,1.0,50.0,0.0,0.0,0.0,0.0,0.0,100.0,100.0,100.0,10000.0,10000.0,10000.0,0,0,0,50.0,0.0,0.0,0,0
783806,70.0,69.5,25.5,,,,,1.0,1.0,1.0,50.0,0.0,0.0,0.0,0.0,0.0,100.0,100.0,100.0,10000.0,10000.0,10000.0,0,0,0,50.0,0.0,0.0,0,0
784006,70.0,69.5,25.5,,,,,1.0,1.0,1.0,50.0,0.0,0.0,0.0,0.0,0.0,100.0,100.0,100.0,10000.0,10000.0,10000.0,0,0,0,50.0,0.0,0.0,0,0
784206,70.0,69.5,25.5,,,,,1.0,1.0,1.0,50.0,0.0,0.0,0.0,0.0,0.0,100.0,100.0,100.0,10000.0,10000.0,10000.0,0,0,0,50.0,0.0,0.0,0,0
784406,70.0,69.5,25.5,,,,,1.0,1.0,1.0,50.0,0.0,0.0,0.0,0.0,0.0,100.0,100.0,100.0,10000.0,10000.0,10000.0,0,0,0,50.0,0.0,0.0,0,0
784606,70.0,69.5,25.5,,,,,1.0,1.0,1.0,50.0,0.0,0.0,0.0,0.0,0.0,100.0,100.0,100.0,10000.0,10000.0,10000.0,0,0,0,50.0,0.0,0.0,0,0
784806,70.0,69.5,25.5,,,,,1.0,1.0,1.0,50.0,0.0,0.0,0.0,0.0,0.0,100.0,100.0,100.0,10000.0,10000.0,10000.0,0,0,0,50.0,0.0,0.0,0,0
785006,70.0,69.5,25.5,,,,,1.0,1.0,1.0,50.0,0.0,0.0,0.0,0.0,0.0,100.0,100.0,100.0,10000.0,10000.0,10000.0,0,0,0,50.0,0.0,0.0,0,0
785206,70.0,69.5,25.5,,,,,1.0,1.0,1.0,50.0,0.0,0.0,0.0,0.0,0.0,100.0,100.0,100.0,10000.0,10000.0,10000.0,0,0,0,50.0,0.0,0.0,0,0
785406,70.0,69.5,25.5,,,,,1.0,1.0,1.0,50.0,0.0,0.0,0.0,0.0,0.0,100.0,100.0,100.0,10000.0,10000.0,10000.0,0,0,0,50.0,0.0,0.0,0,0
785606,70.0,69.5,25.5,,,,,1.0,1.0,1.0,50.0,0.0,0.0,0.0,0.0,0.0,100.0,100.0,100.0,10000.0,10000.0,10000.0,0,0,0,50.0,0.0,0.0,0,0
785806,70.0,69.5,25.5,,,,,1.0,1.0,1.0,50.0,0.0,0.0,0.0,0.0,0.0,100.0,100.0,100.0,10000.0,10000.0,10000.0,0,0,0,50.0,0.0,0.0,0,0
786006,70.0,69.5,25.5,,,,,1.0,1.0,1.0,50.0,0.0,0.0,0.0,0.0,0.0,100.0,100.0,100.0,10000.0,10000.0,10000.0,0,0,0,50.0,0.0,0.0,0,0
786206,70.0,69.5,25.5,,,,,1.0,1.0,1.0,50.0,0.0,0.0,0.0,0.0,0.0,100.0,100.0,100.0,10000.0,10000.0,10000.0,0,0,0,50.0,0.0,0.0,0,0
786406,70.0,69.5,25.5,,,,,1.0,1.0,1.0,50.0,0.0,0.0,0.0,0.0,0.0,100.0,100.0,100.0,10000.0,10000.0,10000.0,0,0,0,50.0,0.0,0.0,0,0
786606,70.0,69.5,25.5,,,,,1.0,1.0,1.0,50.0,0.0,0.0,0.0,0.0,0.0,100.0,100.0,100.0,10000.0,10000.0,10000.0,0,0,0,50.0,0.0,0.0,0,0
786806,70.0,69.5,25.5,,,,,1.0,1.0,1.0,50.0,0.0,0.0,0.0,0.0,0.0,100.0,100.0,100.0,10000.0,10000.0,10000.0,0,0,0,50.0,0.0,0.0,0,0
787006,70.0,69.5,25.5,,,,,1.0,1.0,1.0,50.0,0.0,0.0,0.0,0.0,0.0,100.0,100.0,100.0,10000.0,10000.0,10000.0,0,0,0,50.0,0.0,0.0,0,0
787206,70.0,69.5,25.5,,,,,1.0,1.0,1.0,50.0,0.0,0.0,0.0,0.0,0.0,100.0,100.0,100.0,10000.0,10000.0,10000.0,0,0,0,50.0,0.0,0.0,0,0
787406,70.0,69.5,25.5,,,,,1.0,1.0,1.0,50.0,0.0,0.0,0.0,0.0,0.0,100.0,100.0,100.0,10000.0,10000.0,10000.0,0,0,0,50.0,0.0,0.0,0,0
787606,70.0,69.0,25.5,,,,,1.0,1.0,1.0,50.0,0.0,0.0,0.0,0.0,0.0,100.0,100.0,100.0,10000.0,10000.0,10000.0,0,0,0,50.0,0.0,0.0,0,0
787806,70.0,69.0,25.5,,,,,1.0,1.0,1.0,50.0,0.0,0.0,0.0,0.0,0.0,100.0,100.0,100.0,10000.0,10000.0,10000.0,0,0,0,50.0,0.0,0.0,0,0
788006,70.0,69.0,25.5,,,,,1.0,1.0,1.0,50.0,0.0,0.0,0.0,0.0,0.0,100.0,100.0,100.0,10000.0,10000.0,10000.0,0,0,0,50.0,0.0,0.0,0,0
788206,70.0,69.0,25.5,,,,,1.0,1.0,1.0,50.0,0.0,0.0,0.0,0.0,0.0,100.0,100.0,100.0,10000.0,10000.0,10000.0,0,0,0,50.0,0.0,0.0,0,0
788406,70.0,69.0,25.5,,,,,1.0,1.0,1.0,50.0,0.0,0.0,0.0,0.0,0.0,100.0,100.0,100.0,10000.0,10000.0,10000.0,0,0,0,50.0,0.0,0.0,0,0
788606,70.0,69.0,25.5,,,,,1.0,1.0,1.0,50.0,0.0,0.0,0.0,0.0,0.0,100.0,100.0,100.0,10000.0,10000.0,10000.0,0,0,0,50.0,0.0,0.0,0,0
788806,70.0,69.0,25.5,,,,,1.0,1.0,1.0,50.0,0.0,0.0,0.0,0.0,0.0,100.0,100.0,100.0,10000.0,10000.0,10000.0,0,0,0,50.0,0.0,0.0,0,0
789006,70.0,69.0,25.5,,,,,1.0,1.0,1.0,50.0,0.0,0.0,0.0,0.0,0.0,100.0,100.0,100.0,10000.0,10000.0,10000.0,0,0,0,50.0,0.0,0.0,0,0
789206,70.0,69.0,25.5,,,,,1.0,1.0,1.0,50.0,0.0,0.0,0.0,0.0,0.0,100.0,100.0,100.0,10000.0,10000.0,10000.0,0,0,0,50.0,0.0,0.0,0,0
789406,70.0,69.0,25.5,,,,,1.0,1.0,1.0,50.0,0.0,0.0,0.0,0.0,0.0,100.0,100.0,100.0,10000.0,10000.0,10000.0,0,0,0,50.0,0.0,0.0,0,0
789606,70.0,69.5,25.5,,,,,1.0,1.0,1.0,50.0,0.0,0.0,0.0,0.0,0.0,100.0,100.0,100.0,10000.0,10000.0,10000.0,0,0,0,50.0,0.0,0.0,0,0
789806,70.0,69.5,25.5,,,,,1.0,1.0,1.0,50.0,0.0,0.0,0.0,0.0,0.0,100.0,100.0,100.0,10000.0,10000.0,10000.0,0,0,0,50.0,0.0,0.0,0,0
790006,70.0,69.5,25.5,,,,,1.0,1.0,1.0,50.0,0.0,0.0,0.0,0.0,0.0,100.0,100.0,100.0,10000.0,10000.0,10000.0,0,0,0,50.0,0.0,0.0,0,0
790206,70.0,69.5,25.5,,,,,1.0,1.0,1.0,50.0,0.0,0.0,0.0,0.0,0.0,100.0,100.0,100.0,10000.0,10000.0,10000.0,0,0,0,50.0,0.0,0.0,0,0
790406,70.0,69.5,25.5,,,,,1.0,1.0,1.0,50.0,0.0,0.0,0.0,0.0,0.0,100.0,100.0,100.0,10000.0,10000.0,10000.0,0,0,0,50.0,0.0,0.0,0,0
790606,70.0,69.0,25.5,,,,,1.0,1.0,1.0,50.0,0.0,0.0,0.0,0.0,0.0,100.0,100.0,100.0,10000.0,10000.0,10000.0,0,0,0,50.0,0.0,0.0,0,0
790806,70.0,69.0,25.5,,,,,1.0,1.0,1.0,50.0,0.0,0.0,0.0,0.0,0.0,100.0,100.0,100.0,10000.0,10000.0,10000.0,0,0,0,50.0,0.0,0.0,0,0
791006,70.0,69.0,25.5,,,,,1.0,1.0,1.0,50.0,0.0,0.0,0.0,0.0,0.0,100.0,100.0,100.0,10000.0,10000.0,10000.0,0,0,0,50.0,0.0,0.0,0,0
791206,70.0,69.0,25.5,,,,,1.0,1.0,1.0,50.0,0.0,0.0,0.0,0.0,0.0,100.0,100.0,100.0,10000.0,10000.0,10000.0,0,0,0,50.0,0.0,0.0,0,0
791406,70.0,69.0,25.5,,,,,1.0,1.0,1.0,50.0,0.0,0.0,0.0,0.0,0.0,100.0,100.0,100.0,10000.0,10000.0,10000.0,0,0,0,50.0,0.0,0.0,0,0
791606,70.0,69.0,25.5,,,,,1.0,1.0,1.0,50.0,0.0,0.0,0.0,0.0,0.0,100.0,100.0,100.0,10000.0,10000.0,10000.0,0,0,0,50.0,0.0,0.0,0,0
791806,70.0,69.0,25.5,,,,,1.0,1.0,1.0,50.0,0.0,0.0,0.0,0.0,0.0,100.0,100.0,100.0,10000.0,10000.0,10000.0,0,0,0,50.0,0.0,0.0,0,0
792006,70.0,69.0,25.5,,,,,1.0,1.0,1.0,50.0,0.0,0.0,0.0,0.0,0.0,100.0,100.0,100.0,10000.0,10000.0,10000.0,0,0,0,50.0,0.0,0.0,0,0
792206,70.0,69.0,25.5,,,,,1.0,1.0,1.0,50.0,0.0,0.0,0.0,0.0,0.0,100.0,100.0,100.0,10000.0,10000.0,10000.0,0,0,0,50.0,0.0,0.0,0,0
792406,70.0,69.0,25.5,,,,,1.0,1.0,1.0,50.0,0.0,0.0,0.0,0.0,0.0,100.0,100.0,100.0,10000.0,10000.0,10000.0,0,0,0,50.0,0.0,0.0,0,0
792606,70.0,69.0,25.5,,,,,1.0,1.0,1.0,50.0,0.0,0.0,0.0,0.0,0.0,100.0,100.0,100.0,10000.0,10000.0,10000.0,0,0,0,50.0,0.0,0.0,0,0
792806,70.0,69.0,25.5,,,,,1.0,1.0,1.0,50.0,0.0,0.0,0.0,0.0,0.0,100.0,100.0,100.0,10000.0,10000.0,10000.0,0,0,0,50.0,0.0,0.0,0,0
793006,70.0,69.0,25.5,,,,,1.0,1.0,1.0,50.0,0.0,0.0,0.0,0.0,0.0,100.0,100.0,100.0,10000.0,10000.0,10000.0,0,0,0,50.0,0.0,0.0,0,0
793206,70.0,69.0,25.5,,,,,1.0,1.0,1.0,50.0,0.0,0.0,0.0,0.0,0.0,100.0,100.0,100.0,10000.0,10000.0,10000.0,0,0,0,50.0,0.0,0.0,0,0
793406,70.0,69.0,25.5,,,,,1.0,1.0,1.0,50.0,0.0,0.0,0.0,0.0,0.0,100.0,100.0,100.0,10000.0,10000.0,10000.0,0,0,0,50.0,0.0,0.0,0,0
793606,70.0,69.0,25.5,,,,,1.0,1.0,1.0,50.0,0.0,0.0,0.0,0.0,0.0,100.0,100.0,100.0,10000.0,10000.0,10000.0,0,0,0,50.0,0.0,0.0,0,0
793806,70.0,69.0,25.5,,,,,1.0,1.0,1.0,50.0,0.0,0.0,0.0,0.0,0.0,100.0,100.0,100.0,10000.0,10000.0,10000.0,0,0,0,50.0,0.0,0.0,0,0
794006,70.0,69.0,25.5,,,,,1.0,1.0,1.0,50.0,0.0,0.0,0.0,0.0,0.0,100.0,100.0,100.0,10000.0,10000.0,10000.0,0,0,0,50.0,0.0,0.0,0,0
794206,70.0,69.5,25.5,,,,,1.0,1.0,1.0,50.0,0.0,0.0,0.0,0.0,0.0,100.0,100.0,100.0,10000.0,10000.0,10000.0,0,0,0,50.0,0.0,0.0,0,0
794406,70.0,69.5,25.5,,,,,1.0,1.0,1.0,50.0,0.0,0.0,0.0,0.0,0.0,100.0,100.0,100.0,10000.0,10000.0,10000.0,0,0,0,50.0,0.0,0.0,0,0
794606,70.0,69.0,25.5,,,,,1.0,1.0,1.0,50.0,0.0,0.0,0.0,0.0,0.0,100.0,100.0,100.0,10000.0,10000.0,10000.0,0,0,0,50.0,0.0,0.0,0,0
794806,70.0,69.0,25.5,,,,,1.0,1.0,1.0,50.0,0.0,0.0,0.0,0.0,0.0,100.0,100.0,100.0,10000.0,10000.0,10000.0,0,0,0,50.0,0.0,0.0,0,0
795006,70.0,69.0,25.5,,,,,1.0,1.0,1.0,50.0,0.0,0.0,0.0,0.0,0.0,100.0,100.0,100.0,10000.0,10000.0,10000.0,0,0,0,50.0,0.0,0.0,0,0
795206,70.0,69.0,25.5,,,,,1.0,1.0,1.0,50.0,0.0,0.0,0.0,0.0,0.0,100.0,100.0,100.0,10000.0,10000.0,10000.0,0,0,0,50.0,0.0,0.0,0,0
795406,70.0,69.0,25.5,,,,,1.0,1.0,1.0,50.0,0.0,0.0,0.0,0.0,0.0,100.0,100.0,100.0,10000.0,10000.0,10000.0,0,0,0,50.0,0.0,0.0,0,0
795606,70.0,69.5,25.5,,,,,1.0,1.0,1.0,50.0,0.0,0.0,0.0,0.0,0.0,100.0,100.0,100.0,10000.0,10000.0,10000.0,0,0,0,50.0,0.0,0.0,0,0
795806,70.0,69.5,25.5,,,,,1.0,1.0,1.0,50.0,0.0,0.0,0.0,0.0,0.0,100.0,100.0,100.0,10000.0,10000.0,10000.0,0,0,0,50.0,0.0,0.0,0,0
796006,70.0,69.5,25.5,,,,,1.0,1.0,1.0,50.0,0.0,0.0,0.0,0.0,0.0,100.0,100.0,100.0,10000.0,10000.0,10000.0,0,0,0,50.0,0.0,0.0,0,0
796206,70.0,69.5,25.5,,,,,1.0,1.0,1.0,50.0,0.0,0.0,0.0,0.0,0.0,100.0,100.0,100.0,10000.0,10000.0,10000.0,0,0,0,50.0,0.0,0.0,0,0
796406,70.0,69.5,25.5,,,,,1.0,1.0,1.0,50.0,0.0,0.0,0.0,0.0,0.0,100.0,100.0,100.0,10000.0,10000.0,10000.0,0,0,0,50.0,0.0,0.0,0,0
796606,70.0,69.0,25.5,,,,,1.0,1.0,1.0,50.0,0.0,0.0,0.0,0.0,0.0,100.0,100.0,100.0,10000.0,10000.0,10000.0,0,0,0,50.0,0.0,0.0,0,0
796806,70.0,69.0,25.5,,,,,1.0,1.0,1.0,50.0,0.0,0.0,0.0,0.0,0.0,100.0,100.0,100.0,10000.0,10000.0,10000.0,0,0,0,50.0,0.0,0.0,0,0
797006,70.0,69.0,25.5,,,,,1.0,1.0,1.0,50.0,0.0,0.0,0.0,0.0,0.0,100.0,100.0,100.0,10000.0,10000.0,10000.0,0,0,0,50.0,0.0,0.0,0,0
797206,70.0,69.5,25.5,,,,,1.0,1.0,1.0,50.0,0.0,0.0,0.0,0.0,0.0,100.0,100.0,100.0,10000.0,10000.0,10000.0,0,0,0,50.0,0.0,0.0,0,0
797406,70.0,69.5,25.5,,,,,1.0,1.0,1.0,50.0,0.0,0.0,0.0,0.0,0.0,100.0,100.0,100.0,10000.0,10000.0,10000.0,0,0,0,50.0,0.0,0.0,0,0
797606,70.0,69.0,25.5,,,,,1.0,1.0,1.0,50.0,0.0,0.0,0.0,0.0,0.0,100.0,100.0,100.0,10000.0,10000.0,10000.0,0,0,0,50.0,0.0,0.0,0,0
797806,70.0,69.0,25.5,,,,,1.0,1.0,1.0,50.0,0.0,0.0,0.0,0.0,0.0,100.0,100.0,100.0,10000.0,10000.0,10000.0,0,0,0,50.0,0.0,0.0,0,0
798006,70.0,69.0,25.5,,,,,1.0,1.0,1.0,50.0,0.0,0.0,0.0,0.0,0.0,100.0,100.0,100.0,10000.0,10000.0,10000.0,0,0,0,50.0,0.0,0.0,0,0
798206,70.0,69.5,25.5,,,,,1.0,1.0,1.0,50.0,0.0,0.0,0.0,0.0,0.0,100.0,100.0,100.0,10000.0,10000.0,10000.0,0,0,0,50.0,0.0,0.0,0,0
798406,70.0,69.5,25.5,,,,,1.0,1.0,1.0,50.0,0.0,0.0,0.0,0.0,0.0,100.0,100.0,100.0,10000.0,10000.0,10000.0,0,0,0,50.0,0.0,0.0,0,0
798606,70.0,69.5,25.5,,,,,1.0,1.0,1.0,50.0,0.0,0.0,0.0,0.0,0.0,100.0,100.0,100.0,10000.0,10000.0,10000.0,0,0,0,50.0,0.0,0.0,0,0
798806,70.0,69.5,25.5,,,,,1.0,1.0,1.0,50.0,0.0,0.0,0.0,0.0,0.0,100.0,100.0,100.0,10000.0,10000.0,10000.0,0,0,0,50.0,0.0,0.0,0,0
799006,70.0,69.5,25.5,,,,,1.0,1.0,1.0,50.0,0.0,0.0,0.0,0.0,0.0,100.0,100.0,100.0,10000.0,10000.0,10000.0,0,0,0,50.0,0.0,0.0,0,0
799206,70.0,69.5,25.5,,,,,1.0,1.0,1.0,50.0,0.0,0.0,0.0,0.0,0.0,100.0,100.0,100.0,10000.0,10000.0,10000.0,0,0,0,50.0,0.0,0.0,0,0
799406,70.0,69.5,25.5,,,,,1.0,1.0,1.0,50.0,0.0,0.0,0.0,0.0,0.0,100.0,100.0,100.0,10000.0,10000.0,10000.0,0,0,0,50.0,0.0,0.0,0,0
799606,70.0,69.5,25.5,,,,,1.0,1.0,1.0,50.0,0.0,0.0,0.0,0.0,0.0,100.0,100.0,100.0,10000.0,10000.0,10000.0,0,0,0,50.0,0.0,0.0,0,0
799806,70.0,69.5,25.5,,,,,1.0,1.0,1.0,50.0,0.0,0.0,0.0,0.0,0.0,100.0,100.0,100.0,10000.0,10000.0,10000.0,0,0,0,50.0,0.0,0.0,0,0
800006,70.0,69.5,25.5,,,,,1.0,1.0,1.0,50.0,0.0,0.0,0.0,0.0,0.0,100.0,100.0,100.0,10000.0,10000.0,10000.0,0,0,0,50.0,0.0,0.0,0,0
800206,70.0,69.5,25.5,,,,,1.0,1.0,1.0,50.0,0.0,0.0,0.0,0.0,0.0,100.0,100.0,100.0,10000.0,10000.0,10000.0,0,0,0,50.0,0.0,0.0,0,0
800406,70.0,69.5,25.5,,,,,1.0,1.0,1.0,50.0,0.0,0.0,0.0,0.0,0.0,100.0,100.0,100.0,10000.0,10000.0,10000.0,0,0,0,50.0,0.0,0.0,0,0
800606,70.0,69.5,25.5,,,,,1.0,1.0,1.0,50.0,0.0,0.0,0.0,0.0,0.0,100.0,100.0,100.0,10000.0,10000.0,10000.0,0,0,0,50.0,0.0,0.0,0,0
800806,70.0,69.5,25.5,,,,,1.0,1.0,1.0,50.0,0.0,0.0,0.0,0.0,0.0,100.0,100.0,100.0,10000.0,10000.0,10000.0,0,0,0,50.0,0.0,0.0,0,0
801006,70.0,69.5,25.5,,,,,1.0,1.0,1.0,50.0,0.0,0.0,0.0,0.0,0.0,100.0,100.0,100.0,10000.0,10000.0,10000.0,0,0,0,50.0,0.0,0.0,0,0
801206,70.0,69.5,25.5,,,,,1.0,1.0,1.0,50.0,0.0,0.0,0.0,0.0,0.0,100.0,100.0,100.0,10000.0,10000.0,10000.0,0,0,0,50.0,0.0,0.0,0,0
801406,70.0,69.5,25.5,,,,,1.0,1.0,1.0,50.0,0.0,0.0,0.0,0.0,0.0,100.0,100.0,100.0,10000.0,10000.0,10000.0,0,0,0,50.0,0.0,0.0,0,0
801606,70.0,69.5,25.5,,,,,1.0,1.0,1.0,50.0,0.0,0.0,0.0,0.0,0.0,100.0,100.0,100.0,10000.0,10000.0,10000.0,0,0,0,50.0,0.0,0.0,0,0
801806,70.0,69.5,25.5,,,,,1.0,1.0,1.0,50.0,0.0,0.0,0.0,0.0,0.0,100.0,100.0,100.0,10000.0,10000.0,10000.0,0,0,0,50.0,0.0,0.0,0,0
802006,70.0,69.5,25.5,,,,,1.0,1.0,1.0,50.0,0.0,0.0,0.0,0.0,0.0,100.0,100.0,100.0,10000.0,10000.0,10000.0,0,0,0,50.0,0.0,0.0,0,0
802206,70.0,69.5,25.5,,,,,1.0,1.0,1.0,50.0,0.0,0.0,0.0,0.0,0.0,100.0,100.0,100.0,10000.0,10000.0,10000.0,0,0,0,50.0,0.0,0.0,0,0
802406,70.0,69.5,25.5,,,,,1.0,1.0,1.0,50.0,0.0,0.0,0.0,0.0,0.0,100.0,100.0,100.0,10000.0,10000.0,10000.0,0,0,0,50.0,0.0,0.0,0,0
802606,70.0,69.5,25.5,,,,,1.0,1.0,1.0,50.0,0.0,0.0,0.0,0.0,0.0,100.0,100.0,100.0,10000.0,10000.0,10000.0,0,0,0,50.0,0.0,0.0,0,0
802806,70.0,69.5,25.5,,,,,1.0,1.0,1.0,50.0,0.0,0.0,0.0,0.0,0.0,100.0,100.0,100.0,10000.0,10000.0,10000.0,0,0,0,50.0,0.0,0.0,0,0
803006,70.0,69.5,25.5,,,,,1.0,1.0,1.0,50.0,0.0,0.0,0.0,0.0,0.0,100.0,100.0,100.0,10000.0,10000.0,10000.0,0,0,0,50.0,0.0,0.0,0,0
803206,70.0,69.5,25.5,,,,,1.0,1.0,1.0,50.0,0.0,0.0,0.0,0.0,0.0,100.0,100.0,100.0,10000.0,10000.0,10000.0,0,0,0,50.0,0.0,0.0,0,0
803406,70.0,69.5,25.5,,,,,1.0,1.0,1.0,50.0,0.0,0.0,0.0,0.0,0.0,100.0,100.0,100.0,10000.0,10000.0,10000.0,0,0,0,50.0,0.0,0.0,0,0
803606,70.0,69.5,25.5,,,,,1.0,1.0,1.0,50.0,0.0,0.0,0.0,0.0,0.0,100.0,100.0,100.0,10000.0,10000.0,10000.0,0,0,0,50.0,0.0,0.0,0,0
803806,70.0,69.5,25.5,,,,,1.0,1.0,1.0,50.0,0.0,0.0,0.0,0.0,0.0,100.0,100.0,100.0,10000.0,10000.0,10000.0,0,0,0,50.0,0.0,0.0,0,0
804006,70.0,69.5,25.5,,,,,1.0,1.0,1.0,50.0,0.0,0.0,0.0,0.0,0.0,100.0,100.0,100.0,10000.0,10000.0,10000.0,0,0,0,50.0,0.0,0.0,0,0
804206,70.0,69.5,25.5,,,,,1.0,1.0,1.0,50.0,0.0,0.0,0.0,0.0,0.0,100.0,100.0,100.0,10000.0,10000.0,10000.0,0,0,0,50.0,0.0,0.0,0,0
804406,70.0,69.5,25.5,,,,,1.0,1.0,1.0,50.0,0.0,0.0,0.0,0.0,0.0,100.0,100.0,100.0,10000.0,10000.0,10000.0,0,0,0,50.0,0.0,0.0,0,0
804606,70.0,69.5,25.5,,,,,1.0,1.0,1.0,50.0,0.0,0.0,0.0,0.0,0.0,100.0,100.0,100.0,10000.0,10000.0,10000.0,0,0,0,50.0,0.0,0.0,0,0
804806,70.0,69.5,25.5,,,,,1.0,1.0,1.0,50.0,0.0,0.0,0.0,0.0,0.0,100.0,100.0,100.0,10000.0,10000.0,10000.0,0,0,0,50.0,0.0,0.0,0,0
805006,70.0,69.5,25.5,,,,,1.0,1.0,1.0,50.0,0.0,0.0,0.0,0.0,0.0,100.0,100.0,100.0,10000.0,10000.0,10000.0,0,0,0,50.0,0.0,0.0,0,0
805206,70.0,69.5,25.5,,,,,1.0,1.0,1.0,50.0,0.0,0.0,0.0,0.0,0.0,100.0,100.0,100.0,10000.0,10000.0,10000.0,0,0,0,50.0,0.0,0.0,0,0
805406,70.0,69.5,25.5,,,,,1.0,1.0,1.0,50.0,0.0,0.0,0.0,0.0,0.0,100.0,100.0,100.0,10000.0,10000.0,10000.0,0,0,0,50.0,0.0,0.0,0,0
805606,70.0,69.5,25.5,,,,,1.0,1.0,1.0,50.0,0.0,0.0,0.0,0.0,0.0,100.0,100.0,100.0,10000.0,10000.0,10000.0,0,0,0,50.0,0.0,0.0,0,0
805806,70.0,69.5,25.5,,,,,1.0,1.0,1.0,50.0,0.0,0.0,0.0,0.0,0.0,100.0,100.0,100.0,10000.0,10000.0,10000.0,0,0,0,50.0,0.0,0.0,0,0
806006,70.0,69.5,25.5,,,,,1.0,1.0,1.0,50.0,0.0,0.0,0.0,0.0,0.0,100.0,100.0,100.0,10000.0,10000.0,10000.0,0,0,0,50.0,0.0,0.0,0,0
806206,70.0,69.5,25.5,,,,,1.0,1.0,1.0,50.0,0.0,0.0,0.0,0.0,0.0,100.0,100.0,100.0,10000.0,10000.0,10000.0,0,0,0,50.0,0.0,0.0,0,0
806406,70.0,69.5,25.5,,,,,1.0,1.0,1.0,50.0,0.0,0.0,0.0,0.0,0.0,100.0,100.0,100.0,10000.0,10000.0,10000.0,0,0,0,50.0,0.0,0.0,0,0
806606,70.0,69.5,25.5,,,,,1.0,1.0,1.0,50.0,0.0,0.0,0.0,0.0,0.0,100.0,100.0,100.0,10000.0,10000.0,10000.0,0,0,0,50.0,0.0,0.0,0,0
806806,70.0,69.5,25.5,,,,,1.0,1.0,1.0,50.0,0.0,0.0,0.0,0.0,0.0,100.0,100.0,100.0,10000.0,10000.0,10000.0,0,0,0,50.0,0.0,0.0,0,0
807006,70.0,69.5,25.5,,,,,1.0,1.0,1.0,50.0,0.0,0.0,0.0,0.0,0.0,100.0,100.0,100.0,10000.0,10000.0,10000.0,0,0,0,50.0,0.0,0.0,0,0
807206,70.0,69.5,25.5,,,,,1.0,1.0,1.0,50.0,0.0,0.0,0.0,0.0,0.0,100.0,100.0,100.0,10000.0,10000.0,10000.0,0,0,0,50.0,0.0,0.0,0,0
807406,70.0,69.5,25.5,,,,,1.0,1.0,1.0,50.0,0.0,0.0,0.0,0.0,0.0,100.0,100.0,100.0,10000.0,10000.0,10000.0,0,0,0,50.0,0.0,0.0,0,0
807606,70.0,69.5,25.5,,,,,1.0,1.0,1.0,50.0,0.0,0.0,0.0,0.0,0.0,100.0,100.0,100.0,10000.0,10000.0,10000.0,0,0,0,50.0,0.0,0.0,0,0
807806,70.0,69.5,25.5,,,,,1.0,1.0,1.0,50.0,0.0,0.0,0.0,0.0,0.0,100.0,100.0,100.0,10000.0,10000.0,10000.0,0,0,0,50.0,0.0,0.0,0,0
808006,70.0,69.5,25.5,,,,,1.0,1.0,1.0,50.0,0.0,0.0,0.0,0.0,0.0,100.0,100.0,100.0,10000.0,10000.0,10000.0,0,0,0,50.0,0.0,0.0,0,0
808206,70.0,69.5,25.5,,,,,1.0,1.0,1.0,50.0,0.0,0.0,0.0,0.0,0.0,100.0,100.0,100.0,10000.0,10000.0,10000.0,0,0,0,50.0,0.0,0.0,0,0
808406,70.0,69.5,25.5,,,,,1.0,1.0,1.0,50.0,0.0,0.0,0.0,0.0,0.0,100.0,100.0,100.0,10000.0,10000.0,10000.0,0,0,0,50.0,0.0,0.0,0,0
808606,70.0,69.5,25.5,,,,,1.0,1.0,1.0,50.0,0.0,0.0,0.0,0.0,0.0,100.0,100.0,100.0,10000.0,10000.0,10000.0,0,0,0,50.0,0.0,0.0,0,0
808806,70.0,69.5,25.5,,,,,1.0,1.0,1.0,50.0,0.0,0.0,0.0,0.0,0.0,100.0,100.0,100.0,10000.0,10000.0,10000.0,0,0,0,50.0,0.0,0.0,0,0
809006,70.0,69.5,25.5,,,,,1.0,1.0,1.0,50.0,0.0,0.0,0.0,0.0,0.0,100.0,100.0,100.0,10000.0,10000.0,10000.0,0,0,0,50.0,0.0,0.0,0,0
809206,70.0,69.5,25.5,,,,,1.0,1.0,1.0,50.0,0.0,0.0,0.0,0.0,0.0,100.0,100.0,100.0,10000.0,10000.0,10000.0,0,0,0,50.0,0.0,0.0,0,0
809406,70.0,69.5,25.5,,,,,1.0,1.0,1.0,50.0,0.0,0.0,0.0,0.0,0.0,100.0,100.0,100.0,10000.0,10000.0,10000.0,0,0,0,50.0,0.0,0.0,0,0
809606,70.0,69.5,25.5,,,,,1.0,1.0,1.0,50.0,0.0,0.0,0.0,0.0,0.0,100.0,100.0,100.0,10000.0,10000.0,10000.0,0,0,0,50.0,0.0,0.0,0,0
809806,70.0,69.5,25.5,,,,,1.0,1.0,1.0,50.0,0.0,0.0,0.0,0.0,0.0,100.0,100.0,100.0,10000.0,10000.0,10000.0,0,0,0,50.0,0.0,0.0,0,0
810006,70.0,69.5,25.5,,,,,1.0,1.0,1.0,50.0,0.0,0.0,0.0,0.0,0.0,100.0,100.0,100.0,10000.0,10000.0,10000.0,0,0,0,50.0,0.0,0.0,0,0
810206,70.0,69.5,25.5,,,,,1.0,1.0,1.0,50.0,0.0,0.0,0.0,0.0,0.0,100.0,100.0,100.0,10000.0,10000.0,10000.0,0,0,0,50.0,0.0,0.0,0,0
810406,70.0,69.5,25.5,,,,,1.0,1.0,1.0,50.0,0.0,0.0,0.0,0.0,0.0,100.0,100.0,100.0,10000.0,10000.0,10000.0,0,0,0,50.0,0.0,0.0,0,0
810606,70.0,69.5,25.5,,,,,1.0,1.0,1.0,50.0,0.0,0.0,0.0,0.0,0.0,100.0,100.0,100.0,10000.0,10000.0,10000.0,0,0,0,50.0,0.0,0.0,0,0
810806,70.0,69.5,25.5,,,,,1.0,1.0,1.0,50.0,0.0,0.0,0.0,0.0,0.0,100.0,100.0,100.0,10000.0,10000.0,10000.0,0,0,0,50.0,0.0,0.0,0,0
811006,70.0,69.5,25.5,,,,,1.0,1.0,1.0,50.0,0.0,0.0,0.0,0.0,0.0,100.0,100.0,100.0,10000.0,10000.0,10000.0,0,0,0,50.0,0.0,0.0,0,0
811206,70.0,69.5,25.5,,,,,1.0,1.0,1.0,50.0,0.0,0.0,0.0,0.0,0.0,100.0,100.0,100.0,10000.0,10000.0,10000.0,0,0,0,50.0,0.0,0.0,0,0
811406,70.0,69.5,25.5,,,,,1.0,1.0,1.0,50.0,0.0,0.0,0.0,0.0,0.0,100.0,100.0,100.0,10000.0,10000.0,10000.0,0,0,0,50.0,0.0,0.0,0,0
811606,70.0,69.5,25.5,,,,,1.0,1.0,1.0,50.0,0.0,0.0,0.0,0.0,0.0,100.0,100.0,100.0,10000.0,10000.0,10000.0,0,0,0,50.0,0.0,0.0,0,0
811806,70.0,69.5,25.5,,,,,1.0,1.0,1.0,50.0,0.0,0.0,0.0,0.0,0.0,100.0,100.0,100.0,10000.0,10000.0,10000.0,0,0,0,50.0,0.0,0.0,0,0
812006,70.0,69.5,25.5,,,,,1.0,1.0,1.0,50.0,0.0,0.0,0.0,0.0,0.0,100.0,100.0,100.0,10000.0,10000.0,10000.0,0,0,0,50.0,0.0,0.0,0,0
812206,70.0,69.5,25.5,,,,,1.0,1.0,1.0,50.0,0.0,0.0,0.0,0.0,0.0,100.0,100.0,100.0,10000.0,10000.0,10000.0,0,0,0,50.0,0.0,0.0,0,0
812406,70.0,69.5,25.5,,,,,1.0,1.0,1.0,50.0,0.0,0.0,0.0,0.0,0.0,100.0,100.0,100.0,10000.0,10000.0,10000.0,0,0,0,50.0,0.0,0.0,0,0
812606,70.0,69.5,25.5,,,,,1.0,1.0,1.0,50.0,0.0,0.0,0.0,0.0,0.0,100.0,100.0,100.0,10000.0,10000.0,10000.0,0,0,0,50.0,0.0,0.0,0,0
812806,70.0,69.5,25.5,,,,,1.0,1.0,1.0,50.0,0.0,0.0,0.0,0.0,0.0,100.0,100.0,100.0,10000.0,10000.0,10000.0,0,0,0,50.0,0.0,0.0,0,0
813006,70.0,69.5,25.5,,,,,1.0,1.0,1.0,50.0,0.0,0.0,0.0,0.0,0.0,100.0,100.0,100.0,10000.0,10000.0,10000.0,0,0,0,50.0,0.0,0.0,0,0
813206,70.0,69.5,25.5,,,,,1.0,1.0,1.0,50.0,0.0,0.0,0.0,0.0,0.0,100.0,100.0,100.0,10000.0,10000.0,10000.0,0,0,0,50.0,0.0,0.0,0,0
813406,70.0,69.5,25.5,,,,,1.0,1.0,1.0,50.0,0.0,0.0,0.0,0.0,0.0,100.0,100.0,100.0,10000.0,10000.0,10000.0,0,0,0,50.0,0.0,0.0,0,0
813606,70.0,69.5,25.5,,,,,1.0,1.0,1.0,50.0,0.0,0.0,0.0,0.0,0.0,100.0,100.0,100.0,10000.0,10000.0,10000.0,0,0,0,50.0,0.0,0.0,0,0
813806,70.0,69.5,25.5,,,,,1.0,1.0,1.0,50.0,0.0,0.0,0.0,0.0,0.0,100.0,100.0,100.0,10000.0,10000.0,10000.0,0,0,0,50.0,0.0,0.0,0,0
814006,70.0,69.5,25.5,,,,,1.0,1.0,1.0,50.0,0.0,0.0,0.0,0.0,0.0,100.0,100.0,100.0,10000.0,10000.0,10000.0,0,0,0,50.0,0.0,0.0,0,0
814206,70.0,69.5,25.5,,,,,1.0,1.0,1.0,50.0,0.0,0.0,0.0,0.0,0.0,100.0,100.0,100.0,10000.0,10000.0,10000.0,0,0,0,50.0,0.0,0.0,0,0
814406,70.0,69.5,25.5,,,,,1.0,1.0,1.0,50.0,0.0,0.0,0.0,0.0,0.0,100.0,100.0,100.0,10000.0,10000.0,10000.0,0,0,0,50.0,0.0,0.0,0,0
814606,70.0,69.5,25.5,,,,,1.0,1.0,1.0,50.0,0.0,0.0,0.0,0.0,0.0,100.0,100.0,100.0,10000.0,10000.0,10000.0,0,0,0,50.0,0.0,0.0,0,0
814806,70.0,69.5,25.5,,,,,1.0,1.0,1.0,50.0,0.0,0.0,0.0,0.0,0.0,100.0,100.0,100.0,10000.0,10000.0,10000.0,0,0,0,50.0,0.0,0.0,0,0
815006,70.0,69.5,25.5,,,,,1.0,1.0,1.0,50.0,0.0,0.0,0.0,0.0,0.0,100.0,100.0,100.0,10000.0,10000.0,10000.0,0,0,0,50.0,0.0,0.0,0,0
815206,70.0,69.5,25.5,,,,,1.0,1.0,1.0,50.0,0.0,0.0,0.0,0.0,0.0,100.0,100.0,100.0,10000.0,10000.0,10000.0,0,0,0,50.0,0.0,0.0,0,0
815406,70.0,69.5,25.5,,,,,1.0,1.0,1.0,50.0,0.0,0.0,0.0,0.0,0.0,100.0,100.0,100.0,10000.0,10000.0,10000.0,0,0,0,50.0,0.0,0.0,0,0
815606,70.0,69.5,25.5,,,,,1.0,1.0,1.0,50.0,0.0,0.0,0.0,0.0,0.0,100.0,100.0,100.0,10000.0,10000.0,10000.0,0,0,0,50.0,0.0,0.0,0,0
815806,70.0,69.5,25.5,,,,,1.0,1.0,1.0,50.0,0.0,0.0,0.0,0.0,0.0,100.0,100.0,100.0,10000.0,10000.0,10000.0,0,0,0,50.0,0.0,0.0,0,0
816006,70.0,69.5,25.5,,,,,1.0,1.0,1.0,50.0,0.0,0.0,0.0,0.0,0.0,100.0,100.0,100.0,10000.0,10000.0,10000.0,0,0,0,50.0,0.0,0.0,0,0
816206,70.0,69.5,25.5,,,,,1.0,1.0,1.0,50.0,0.0,0.0,0.0,0.0,0.0,100.0,100.0,100.0,10000.0,10000.0,10000.0,0,0,0,50.0,0.0,0.0,0,0
816406,70.0,69.5,25.5,,,,,1.0,1.0,1.0,50.0,0.0,0.0,0.0,0.0,0.0,100.0,100.0,100.0,10000.0,10000.0,10000.0,0,0,0,50.0,0.0,0.0,0,0
816606,70.0,69.5,25.5,,,,,1.0,1.0,1.0,50.0,0.0,0.0,0.0,0.0,0.0,100.0,100.0,100.0,10000.0,10000.0,10000.0,0,0,0,50.0,0.0,0.0,0,0
816806,70.0,69.5,25.5,,,,,1.0,1.0,1.0,50.0,0.0,0.0,0.0,0.0,0.0,100.0,100.0,100.0,10000.0,10000.0,10000.0,0,0,0,50.0,0.0,0.0,0,0
817006,70.0,69.5,25.5,,,,,1.0,1.0,1.0,50.0,0.0,0.0,0.0,0.0,0.0,100.0,100.0,100.0,10000.0,10000.0,10000.0,0,0,0,50.0,0.0,0.0,0,0
817206,70.0,69.5,25.5,,,,,1.0,1.0,1.0,50.0,0.0,0.0,0.0,0.0,0.0,100.0,100.0,100.0,10000.0,10000.0,10000.0,0,0,0,50.0,0.0,0.0,0,0
817406,70.0,69.5,25.5,,,,,1.0,1.0,1.0,50.0,0.0,0.0,0.0,0.0,0.0,100.0,100.0,100.0,10000.0,10000.0,10000.0,0,0,0,50.0,0.0,0.0,0,0
817606,70.0,69.5,25.5,,,,,1.0,1.0,1.0,50.0,0.0,0.0,0.0,0.0,0.0,100.0,100.0,100.0,10000.0,10000.0,10000.0,0,0,0,50.0,0.0,0.0,0,0
817806,70.0,69.5,25.5,,,,,1.0,1.0,1.0,50.0,0.0,0.0,0.0,0.0,0.0,100.0,100.0,100.0,10000.0,10000.0,10000.0,0,0,0,50.0,0.0,0.0,0,0
818006,70.0,69.5,25.5,,,,,1.0,1.0,1.0,50.0,0.0,0.0,0.0,0.0,0.0,100.0,100.0,100.0,10000.0,10000.0,10000.0,0,0,0,50.0,0.0,0.0,0,0
818206,70.0,69.5,25.5,,,,,1.0,1.0,1.0,50.0,0.0,0.0,0.0,0.0,0.0,100.0,100.0,100.0,10000.0,10000.0,10000.0,0,0,0,50.0,0.0,0.0,0,0
818406,70.0,69.5,25.5,,,,,1.0,1.0,1.0,50.0,0.0,0.0,0.0,0.0,0.0,100.0,100.0,100.0,10000.0,10000.0,10000.0,0,0,0,50.0,0.0,0.0,0,0
818606,70.0,69.5,25.5,,,,,1.0,1.0,1.0,50.0,0.0,0.0,0.0,0.0,0.0,100.0,100.0,100.0,10000.0,10000.0,10000.0,0,0,0,50.0,0.0,0.0,0,0
818806,70.0,69.5,25.5,,,,,1.0,1.0,1.0,50.0,0.0,0.0,0.0,0.0,0.0,100.0,100.0,100.0,10000.0,10000.0,10000.0,0,0,0,50.0,0.0,0.0,0,0
819006,70.0,69.5,25.5,,,,,1.0,1.0,1.0,50.0,0.0,0.0,0.0,0.0,0.0,100.0,100.0,100.0,10000.0,10000.0,10000.0,0,0,0,50.0,0.0,0.0,0,0
819206,70.0,69.5,25.5,,,,,1.0,1.0,1.0,50.0,0.0,0.0,0.0,0.0,0.0,100.0,100.0,100.0,10000.0,10000.0,10000.0,0,0,0,50.0,0.0,0.0,0,0
819406,70.0,69.5,25.5,,,,,1.0,1.0,1.0,50.0,0.0,0.0,0.0,0.0,0.0,100.0,100.0,100.0,10000.0,10000.0,10000.0,0,0,0,50.0,0.0,0.0,0,0
819606,70.0,69.5,25.5,,,,,1.0,1.0,1.0,50.0,0.0,0.0,0.0,0.0,0.0,100.0,100.0,100.0,10000.0,10000.0,10000.0,0,0,0,50.0,0.0,0.0,0,0
819806,70.0,69.5,25.5,,,,,1.0,1.0,1.0,50.0,0.0,0.0,0.0,0.0,0.0,100.0,100.0,100.0,10000.0,10000.0,10000.0,0,0,0,50.0,0.0,0.0,0,0
820006,70.0,69.5,25.5,,,,,1.0,1.0,1.0,50.0,0.0,0.0,0.0,0.0,0.0,100.0,100.0,100.0,10000.0,10000.0,10000.0,0,0,0,50.0,0.0,0.0,0,0
820206,70.0,69.5,25.5,,,,,1.0,1.0,1.0,50.0,0.0,0.0,0.0,0.0,0.0,100.0,100.0,100.0,10000.0,10000.0,10000.0,0,0,0,50.0,0.0,0.0,0,0
820406,70.0,69.5,25.5,,,,,1.0,1.0,1.0,50.0,0.0,0.0,0.0,0.0,0.0,100.0,100.0,100.0,10000.0,10000.0,10000.0,0,0,0,50.0,0.0,0.0,0,0
820606,70.0,69.5,25.5,,,,,1.0,1.0,1.0,50.0,0.0,0.0,0.0,0.0,0.0,100.0,100.0,100.0,10000.0,10000.0,10000.0,0,0,0,50.0,0.0,0.0,0,0
820806,70.0,69.5,25.5,,,,,1.0,1.0,1.0,50.0,0.0,0.0,0.0,0.0,0.0,100.0,100.0,100.0,10000.0,10000.0,10000.0,0,0,0,50.0,0.0,0.0,0,0
821006,70.0,69.5,25.5,,,,,1.0,1.0,1.0,50.0,0.0,0.0,0.0,0.0,0.0,100.0,100.0,100.0,10000.0,10000.0,10000.0,0,0,0,50.0,0.0,0.0,0,0
821206,70.0,69.5,25.5,,,,,1.0,1.0,1.0,50.0,0.0,0.0,0.0,0.0,0.0,100.0,100.0,100.0,10000.0,10000.0,10000.0,0,0,0,50.0,0.0,0.0,0,0
821406,70.0,69.5,25.5,,,,,1.0,1.0,1.0,50.0,0.0,0.0,0.0,0.0,0.0,100.0,100.0,100.0,10000.0,10000.0,10000.0,0,0,0,50.0,0.0,0.0,0,0
821606,70.0,69.5,25.5,,,,,1.0,1.0,1.0,50.0,0.0,0.0,0.0,0.0,0.0,100.0,100.0,100.0,10000.0,10000.0,10000.0,0,0,0,50.0,0.0,0.0,0,0
821806,70.0,69.5,25.5,,,,,1.0,1.0,1.0,50.0,0.0,0.0,0.0,0.0,0.0,100.0,100.0,100.0,10000.0,10000.0,10000.0,0,0,0,50.0,0.0,0.0,0,0
822006,70.0,69.5,25.5,,,,,1.0,1.0,1.0,50.0,0.0,0.0,0.0,0.0,0.0,100.0,100.0,100.0,10000.0,10000.0,10000.0,0,0,0,50.0,0.0,0.0,0,0
822206,70.0,69.5,25.5,,,,,1.0,1.0,1.0,50.0,0.0,0.0,0.0,0.0,0.0,100.0,100.0,100.0,10000.0,10000.0,10000.0,0,0,0,50.0,0.0,0.0,0,0
822406,70.0,69.5,25.5,,,,,1.0,1.0,1.0,50.0,0.0,0.0,0.0,0.0,0.0,100.0,100.0,100.0,10000.0,10000.0,10000.0,0,0,0,50.0,0.0,0.0,0,0
822606,70.0,69.5,25.5,,,,,1.0,1.0,1.0,50.0,0.0,0.0,0.0,0.0,0.0,100.0,100.0,100.0,10000.0,10000.0,10000.0,0,0,0,50.0,0.0,0.0,0,0
822806,70.0,69.5,25.5,,,,,1.0,1.0,1.0,50.0,0.0,0.0,0.0,0.0,0.0,100.0,100.0,100.0,10000.0,10000.0,10000.0,0,0,0,50.0,0.0,0.0,0,0
823006,70.0,69.5,25.5,,,,,1.0,1.0,1.0,50.0,0.0,0.0,0.0,0.0,0.0,100.0,100.0,100.0,10000.0,10000.0,10000.0,0,0,0,50.0,0.0,0.0,0,0
823206,70.0,69.5,25.5,,,,,1.0,1.0,1.0,50.0,0.0,0.0,0.0,0.0,0.0,100.0,100.0,100.0,10000.0,10000.0,10000.0,0,0,0,50.0,0.0,0.0,0,0
823406,70.0,69.5,25.5,,,,,1.0,1.0,1.0,50.0,0.0,0.0,0.0,0.0,0.0,100.0,100.0,100.0,10000.0,10000.0,10000.0,0,0,0,50.0,0.0,0.0,0,0
823606,70.0,69.5,25.5,,,,,1.0,1.0,1.0,50.0,0.0,0.0,0.0,0.0,0.0,100.0,100.0,100.0,10000.0,10000.0,10000.0,0,0,0,50.0,0.0,0.0,0,0
823806,70.0,69.5,25.5,,,,,1.0,1.0,1.0,50.0,0.0,0.0,0.0,0.0,0.0,100.0,100.0,100.0,10000.0,10000.0,10000.0,0,0,0,50.0,0.0,0.0,0,0
824006,70.0,69.5,25.5,,,,,1.0,1.0,1.0,50.0,0.0,0.0,0.0,0.0,0.0,100.0,100.0,100.0,10000.0,10000.0,10000.0,0,0,0,50.0,0.0,0.0,0,0
824206,70.0,69.5,25.5,,,,,1.0,1.0,1.0,50.0,0.0,0.0,0.0,0.0,0.0,100.0,100.0,100.0,10000.0,10000.0,10000.0,0,0,0,50.0,0.0,0.0,0,0
824406,70.0,69.5,25.5,,,,,1.0,1.0,1.0,50.0,0.0,0.0,0.0,0.0,0.0,100.0,100.0,100.0,10000.0,10000.0,10000.0,0,0,0,50.0,0.0,0.0,0,0
824606,70.0,69.5,25.5,,,,,1.0,1.0,1.0,50.0,0.0,0.0,0.0,0.0,0.0,100.0,100.0,100.0,10000.0,10000.0,10000.0,0,0,0,50.0,0.0,0.0,0,0
824806,70.0,69.5,25.5,,,,,1.0,1.0,1.0,50.0,0.0,0.0,0.0,0.0,0.0,100.0,100.0,100.0,10000.0,10000.0,10000.0,0,0,0,50.0,0.0,0.0,0,0
825006,70.0,69.5,25.5,,,,,1.0,1.0,1.0,50.0,0.0,0.0,0.0,0.0,0.0,100.0,100.0,100.0,10000.0,10000.0,10000.0,0,0,0,50.0,0.0,0.0,0,0
825206,70.0,69.5,25.5,,,,,1.0,1.0,1.0,50.0,0.0,0.0,0.0,0.0,0.0,100.0,100.0,100.0,10000.0,10000.0,10000.0,0,0,0,50.0,0.0,0.0,0,0
825406,70.0,69.5,25.5,,,,,1.0,1.0,1.0,50.0,0.0,0.0,0.0,0.0,0.0,100.0,100.0,100.0,10000.0,10000.0,10000.0,0,0,0,50.0,0.0,0.0,0,0
825606,70.0,69.5,25.5,,,,,1.0,1.0,1.0,50.0,0.0,0.0,0.0,0.0,0.0,100.0,100.0,100.0,10000.0,10000.0,10000.0,0,0,0,50.0,0.0,0.0,0,0
825806,70.0,69.5,25.5,,,,,1.0,1.0,1.0,50.0,0.0,0.0,0.0,0.0,0.0,100.0,100.0,100.0,10000.0,10000.0,10000.0,0,0,0,50.0,0.0,0.0,0,0
826006,70.0,69.5,25.5,,,,,1.0,1.0,1.0,50.0,0.0,0.0,0.0,0.0,0.0,100.0,100.0,100.0,10000.0,10000.0,10000.0,0,0,0,50.0,0.0,0.0,0,0
826206,70.0,69.5,25.5,,,,,1.0,1.0,1.0,50.0,0.0,0.0,0.0,0.0,0.0,100.0,100.0,100.0,10000.0,10000.0,10000.0,0,0,0,50.0,0.0,0.0,0,0
826406,70.0,69.5,25.5,,,,,1.0,1.0,1.0,50.0,0.0,0.0,0.0,0.0,0.0,100.0,100.0,100.0,10000.0,10000.0,10000.0,0,0,0,50.0,0.0,0.0,0,0
826606,70.0,69.5,25.5,,,,,1.0,1.0,1.0,50.0,0.0,0.0,0.0,0.0,0.0,100.0,100.0,100.0,10000.0,10000.0,10000.0,0,0,0,50.0,0.0,0.0,0,0
826806,70.0,69.5,25.5,,,,,1.0,1.0,1.0,50.0,0.0,0.0,0.0,0.0,0.0,100.0,100.0,100.0,10000.0,10000.0,10000.0,0,0,0,50.0,0.0,0.0,0,0
827006,70.0,69.5,25.5,,,,,1.0,1.0,1.0,50.0,0.0,0.0,0.0,0.0,0.0,100.0,100.0,100.0,10000.0,10000.0,10000.0,0,0,0,50.0,0.0,0.0,0,0
827206,70.0,69.5,25.5,,,,,1.0,1.0,1.0,50.0,0.0,0.0,0.0,0.0,0.0,100.0,100.0,100.0,10000.0,10000.0,10000.0,0,0,0,50.0,0.0,0.0,0,0
827406,70.0,69.5,25.5,,,,,1.0,1.0,1.0,50.0,0.0,0.0,0.0,0.0,0.0,100.0,100.0,100.0,10000.0,10000.0,10000.0,0,0,0,50.0,0.0,0.0,0,0
827606,70.0,69.5,25.5,,,,,1.0,1.0,1.0,50.0,0.0,0.0,0.0,0.0,0.0,100.0,100.0,100.0,10000.0,10000.0,10000.0,0,0,0,50.0,0.0,0.0,0,0
827806,70.0,69.5,25.5,,,,,1.0,1.0,1.0,50.0,0.0,0.0,0.0,0.0,0.0,100.0,100.0,100.0,10000.0,10000.0,10000.0,0,0,0,50.0,0.0,0.0,0,0
828006,70.0,69.5,25.5,,,,,1.0,1.0,1.0,50.0,0.0,0.0,0.0,0.0,0.0,100.0,100.0,100.0,10000.0,10000.0,10000.0,0,0,0,50.0,0.0,0.0,0,0
828206,70.0,69.5,25.5,,,,,1.0,1.0,1.0,50.0,0.0,0.0,0.0,0.0,0.0,100.0,100.0,100.0,10000.0,10000.0,10000.0,0,0,0,50.0,0.0,0.0,0,0
828406,70.0,69.5,25.5,,,,,1.0,1.0,1.0,50.0,0.0,0.0,0.0,0.0,0.0,100.0,100.0,100.0,10000.0,10000.0,10000.0,0,0,0,50.0,0.0,0.0,0,0
828606,70.0,69.5,25.5,,,,,1.0,1.0,1.0,50.0,0.0,0.0,0.0,0.0,0.0,100.0,100.0,100.0,10000.0,10000.0,10000.0,0,0,0,50.0,0.0,0.0,0,0
828806,70.0,69.5,25.5,,,,,1.0,1.0,1.0,50.0,0.0,0.0,0.0,0.0,0.0,100.0,100.0,100.0,10000.0,10000.0,10000.0,0,0,0,50.0,0.0,0.0,0,0
829006,70.0,69.5,25.5,,,,,1.0,1.0,1.0,50.0,0.0,0.0,0.0,0.0,0.0,100.0,100.0,100.0,10000.0,10000.0,10000.0,0,0,0,50.0,0.0,0.0,0,0
829206,70.0,69.5,25.5,,,,,1.0,1.0,1.0,50.0,0.0,0.0,0.0,0.0,0.0,100.0,100.0,100.0,10000.0,10000.0,10000.0,0,0,0,50.0,0.0,0.0,0,0
829406,70.0,69.5,25.5,,,,,1.0,1.0,1.0,50.0,0.0,0.0,0.0,0.0,0.0,100.0,100.0,100.0,10000.0,10000.0,10000.0,0,0,0,50.0,0.0,0.0,0,0
829606,70.0,69.5,25.5,,,,,1.0,1.0,1.0,50.0,0.0,0.0,0.0,0.0,0.0,100.0,100.0,100.0,10000.0,10000.0,10000.0,0,0,0,50.0,0.0,0.0,0,0
829806,70.0,69.5,25.5,,,,,1.0,1.0,1.0,50.0,0.0,0.0,0.0,0.0,0.0,100.0,100.0,100.0,10000.0,10000.0,10000.0,0,0,0,50.0,0.0,0.0,0,0
830006,70.0,69.5,25.5,,,,,1.0,1.0,1.0,50.0,0.0,0.0,0.0,0.0,0.0,100.0,100.0,100.0,10000.0,10000.0,10000.0,0,0,0,50.0,0.0,0.0,0,0
830206,70.0,69.5,25.5,,,,,1.0,1.0,1.0,50.0,0.0,0.0,0.0,0.0,0.0,100.0,100.0,100.0,10000.0,10000.0,10000.0,0,0,0,50.0,0.0,0.0,0,0
830406,70.0,69.5,25.5,,,,,1.0,1.0,1.0,50.0,0.0,0.0,0.0,0.0,0.0,100.0,100.0,100.0,10000.0,10000.0,10000.0,0,0,0,50.0,0.0,0.0,0,0
830606,70.0,69.5,25.5,,,,,1.0,1.0,1.0,50.0,0.0,0.0,0.0,0.0,0.0,100.0,100.0,100.0,10000.0,10000.0,10000.0,0,0,0,50.0,0.0,0.0,0,0
830806,70.0,69.5,25.5,,,,,1.0,1.0,1.0,50.0,0.0,0.0,0.0,0.0,0.0,100.0,100.0,100.0,10000.0,10000.0,10000.0,0,0,0,50.0,0.0,0.0,0,0
831006,70.0,69.5,25.5,,,,,1.0,1.0,1.0,50.0,0.0,0.0,0.0,0.0,0.0,100.0,100.0,100.0,10000.0,10000.0,10000.0,0,0,0,50.0,0.0,0.0,0,0
831206,70.0,69.5,25.5,,,,,1.0,1.0,1.0,50.0,0.0,0.0,0.0,0.0,0.0,100.0,100.0,100.0,10000.0,10000.0,10000.0,0,0,0,50.0,0.0,0.0,0,0
831406,70.0,69.5,25.5,,,,,1.0,1.0,1.0,50.0,0.0,0.0,0.0,0.0,0.0,100.0,100.0,100.0,10000.0,10000.0,10000.0,0,0,0,50.0,0.0,0.0,0,0
831606,70.0,69.5,25.5,,,,,1.0,1.0,1.0,50.0,0.0,0.0,0.0,0.0,0.0,100.0,100.0,100.0,10000.0,10000.0,10000.0,0,0,0,50.0,0.0,0.0,0,0
831806,70.0,69.5,25.5,,,,,1.0,1.0,1.0,50.0,0.0,0.0,0.0,0.0,0.0,100.0,100.0,100.0,10000.0,10000.0,10000.0,0,0,0,50.0,0.0,0.0,0,0
832006,70.0,69.5,25.5,,,,,1.0,1.0,1.0,50.0,0.0,0.0,0.0,0.0,0.0,100.0,100.0,100.0,10000.0,10000.0,10000.0,0,0,0,50.0,0.0,0.0,0,0
832206,70.0,69.5,25.5,,,,,1.0,1.0,1.0,50.0,0.0,0.0,0.0,0.0,0.0,100.0,100.0,100.0,10000.0,10000.0,10000.0,0,0,0,50.0,0.0,0.0,0,0
832406,70.0,69.5,25.5,,,,,1.0,1.0,1.0,50.0,0.0,0.0,0.0,0.0,0.0,100.0,100.0,100.0,10000.0,10000.0,10000.0,0,0,0,50.0,0.0,0.0,0,0
832606,70.0,69.5,25.5,,,,,1.0,1.0,1.0,50.0,0.0,0.0,0.0,0.0,0.0,100.0,100.0,100.0,10000.0,10000.0,10000.0,0,0,0,50.0,0.0,0.0,0,0
832806,70.0,69.5,25.5,,,,,1.0,1.0,1.0,50.0,0.0,0.0,0.0,0.0,0.0,100.0,100.0,100.0,10000.0,10000.0,10000.0,0,0,0,50.0,0.0,0.0,0,0
833006,70.0,69.5,25.5,,,,,1.0,1.0,1.0,50.0,0.0,0.0,0.0,0.0,0.0,100.0,100.0,100.0,10000.0,10000.0,10000.0,0,0,0,50.0,0.0,0.0,0,0
833206,70.0,69.5,25.5,,,,,1.0,1.0,1.0,50.0,0.0,0.0,0.0,0.0,0.0,100.0,100.0,100.0,10000.0,10000.0,10000.0,0,0,0,50.0,0.0,0.0,0,0
833406,70.0,69.5,25.5,,,,,1.0,1.0,1.0,50.0,0.0,0.0,0.0,0.0,0.0,100.0,100.0,100.0,10000.0,10000.0,10000.0,0,0,0,50.0,0.0,0.0,0,0
833606,70.0,69.5,25.5,,,,,1.0,1.0,1.0,50.0,0.0,0.0,0.0,0.0,0.0,100.0,100.0,100.0,10000.0,10000.0,10000.0,0,0,0,50.0,0.0,0.0,0,0
833806,70.0,69.5,25.5,,,,,1.0,1.0,1.0,50.0,0.0,0.0,0.0,0.0,0.0,100.0,100.0,100.0,10000.0,10000.0,10000.0,0,0,0,50.0,0.0,0.0,0,1
834006,70.0,69.5,25.5,,,,,1.0,1.0,1.0,50.0,0.0,0.0,0.0,0.0,0.0,100.0,100.0,100.0,10000.0,10000.0,10000.0,0,0,0,50.0,0.0,0.0,0,0
834206,70.0,69.5,25.5,,,,,1.0,1.0,1.0,50.0,0.0,0.0,0.0,0.0,0.0,100.0,100.0,100.0,10000.0,10000.0,10000.0,0,0,0,50.0,0.0,0.0,0,0
834406,70.0,69.5,25.5,,,,,1.0,1.0,1.0,50.0,0.0,0.0,0.0,0.0,0.0,100.0,100.0,100.0,10000.0,10000.0,10000.0,0,0,0,50.0,0.0,0.0,0,0
834606,70.0,69.5,25.5,,,,,1.0,1.0,1.0,50.0,0.0,0.0,0.0,0.0,0.0,100.0,100.0,100.0,10000.0,10000.0,10000.0,0,0,0,50.0,0.0,0.0,0,0
834806,70.0,69.5,25.5,,,,,1.0,1.0,1.0,50.0,0.0,0.0,0.0,0.0,0.0,100.0,100.0,100.0,10000.0,10000.0,10000.0,0,0,0,50.0,0.0,0.0,0,0
835006,70.0,69.5,25.5,,,,,1.0,1.0,1.0,50.0,0.0,0.0,0.0,0.0,0.0,100.0,100.0,100.0,10000.0,10000.0,10000.0,0,0,0,50.0,0.0,0.0,0,0
835206,70.0,69.5,25.5,,,,,1.0,1.0,1.0,50.0,0.0,0.0,0.0,0.0,0.0,100.0,100.0,100.0,10000.0,10000.0,10000.0,0,0,0,50.0,0.0,0.0,0,0
835406,70.0,69.5,25.5,,,,,1.0,1.0,1.0,50.0,0.0,0.0,0.0,0.0,0.0,100.0,100.0,100.0,10000.0,10000.0,10000.0,0,0,0,50.0,0.0,0.0,0,0
835606,70.0,69.5,25.5,,,,,1.0,1.0,1.0,50.0,0.0,0.0,0.0,0.0,0.0,100.0,100.0,100.0,10000.0,10000.0,10000.0,0,0,0,50.0,0.0,0.0,0,0
835806,70.0,69.5,25.5,,,,,1.0,1.0,1.0,50.0,0.0,0.0,0.0,0.0,0.0,100.0,100.0,100.0,10000.0,10000.0,10000.0,0,0,0,50.0,0.0,0.0,0,0
836006,70.0,69.5,25.5,,,,,1.0,1.0,1.0,50.0,0.0,0.0,0.0,0.0,0.0,100.0,100.0,100.0,10000.0,10000.0,10000.0,0,0,0,50.0,0.0,0.0,0,0
836206,70.0,69.5,25.5,,,,,1.0,1.0,1.0,50.0,0.0,0.0,0.0,0.0,0.0,100.0,100.0,100.0,10000.0,10000.0,10000.0,0,0,0,50.0,0.0,0.0,0,0
836406,70.0,69.5,25.5,,,,,1.0,1.0,1.0,50.0,0.0,0.0,0.0,0.0,0.0,100.0,100.0,100.0,10000.0,10000.0,10000.0,0,0,0,50.0,0.0,0.0,0,0
836606,70.0,69.5,25.5,,,,,1.0,1.0,1.0,50.0,0.0,0.0,0.0,0.0,0.0,100.0,100.0,100.0,10000.0,10000.0,10000.0,0,0,0,50.0,0.0,0.0,0,0
836806,70.0,69.5,25.5,,,,,1.0,1.0,1.0,50.0,0.0,0.0,0.0,0.0,0.0,100.0,100.0,100.0,10000.0,10000.0,10000.0,0,0,0,50.0,0.0,0.0,0,0
837006,70.0,69.5,25.5,,,,,1.0,1.0,1.0,50.0,0.0,0.0,0.0,0.0,0.0,100.0,100.0,100.0,10000.0,10000.0,10000.0,0,0,0,50.0,0.0,0.0,0,0
837206,70.0,69.5,25.5,,,,,1.0,1.0,1.0,50.0,0.0,0.0,0.0,0.0,0.0,100.0,100.0,100.0,10000.0,10000.0,10000.0,0,0,0,50.0,0.0,0.0,0,0
837406,70.0,69.5,25.5,,,,,1.0,1.0,1.0,50.0,0.0,0.0,0.0,0.0,0.0,100.0,100.0,100.0,10000.0,10000.0,10000.0,0,0,0,50.0,0.0,0.0,0,0
837606,70.0,69.5,25.5,,,,,1.0,1.0,1.0,50.0,0.0,0.0,0.0,0.0,0.0,100.0,100.0,100.0,10000.0,10000.0,10000.0,0,0,0,50.0,0.0,0.0,0,0
837806,70.0,69.5,25.5,,,,,1.0,1.0,1.0,50.0,0.0,0.0,0.0,0.0,0.0,100.0,100.0,100.0,10000.0,10000.0,10000.0,0,0,0,50.0,0.0,0.0,0,0
838006,70.0,69.5,25.5,,,,,1.0,1.0,1.0,50.0,0.0,0.0,0.0,0.0,0.0,100.0,100.0,100.0,10000.0,10000.0,10000.0,0,0,0,50.0,0.0,0.0,0,0
838206,70.0,69.5,25.5,,,,,1.0,1.0,1.0,50.0,0.0,0.0,0.0,0.0,0.0,100.0,100.0,100.0,10000.0,10000.0,10000.0,0,0,0,50.0,0.0,0.0,0,0
838406,70.0,69.5,25.5,,,,,1.0,1.0,1.0,50.0,0.0,0.0,0.0,0.0,0.0,100.0,100.0,100.0,10000.0,10000.0,10000.0,0,0,0,50.0,0.0,0.0,0,0
838606,70.0,69.5,25.5,,,,,1.0,1.0,1.0,50.0,0.0,0.0,0.0,0.0,0.0,100.0,100.0,100.0,10000.0,10000.0,10000.0,0,0,0,50.0,0.0,0.0,0,0
838806,70.0,69.5,25.5,,,,,1.0,1.0,1.0,50.0,0.0,0.0,0.0,0.0,0.0,100.0,100.0,100.0,10000.0,10000.0,10000.0,0,0,0,50.0,0.0,0.0,0,0
839006,70.0,69.5,25.5,,,,,1.0,1.0,1.0,50.0,0.0,0.0,0.0,0.0,0.0,100.0,100.0,100.0,10000.0,10000.0,10000.0,0,0,0,50.0,0.0,0.0,0,0
839206,70.0,69.5,25.5,,,,,1.0,1.0,1.0,50.0,0.0,0.0,0.0,0.0,0.0,100.0,100.0,100.0,10000.0,10000.0,10000.0,0,0,0,50.0,0.0,0.0,0,0
839406,70.0,69.5,25.5,,,,,1.0,1.0,1.0,50.0,0.0,0.0,0.0,0.0,0.0,100.0,100.0,100.0,10000.0,10000.0,10000.0,0,0,0,50.0,0.0,0.0,0,0
839606,70.0,69.5,25.5,,,,,1.0,1.0,1.0,50.0,0.0,0.0,0.0,0.0,0.0,100.0,100.0,100.0,10000.0,10000.0,10000.0,0,0,0,50.0,0.0,0.0,0,0
839806,70.0,69.5,25.5,,,,,1.0,1.0,1.0,50.0,0.0,0.0,0.0,0.0,0.0,100.0,100.0,100.0,10000.0,10000.0,10000.0,0,0,0,50.0,0.0,0.0,0,0
840006,70.0,69.5,25.5,,,,,1.0,1.0,1.0,50.0,0.0,0.0,0.0,0.0,0.0,100.0,100.0,100.0,10000.0,10000.0,10000.0,0,0,0,50.0,0.0,0.0,0,0
840206,70.0,69.5,25.5,,,,,1.0,1.0,1.0,50.0,0.0,0.0,0.0,0.0,0.0,100.0,100.0,100.0,10000.0,10000.0,10000.0,0,0,0,50.0,0.0,0.0,0,0
840406,70.0,69.5,25.5,,,,,1.0,1.0,1.0,50.0,0.0,0.0,0.0,0.0,0.0,100.0,100.0,100.0,10000.0,10000.0,10000.0,0,0,0,50.0,0.0,0.0,0,0
840606,70.0,69.5,25.5,,,,,1.0,1.0,1.0,50.0,0.0,0.0,0.0,0.0,0.0,100.0,100.0,100.0,10000.0,10000.0,10000.0,0,0,0,50.0,0.0,0.0,0,0
840806,70.0,69.5,25.5,,,,,1.0,1.0,1.0,50.0,0.0,0.0,0.0,0.0,0.0,100.0,100.0,100.0,10000.0,10000.0,10000.0,0,0,0,50.0,0.0,0.0,0,0
841006,70.0,69.5,25.5,,,,,1.0,1.0,1.0,50.0,0.0,0.0,0.0,0.0,0.0,100.0,100.0,100.0,10000.0,10000.0,10000.0,0,0,0,50.0,0.0,0.0,0,0
841206,70.0,69.5,25.5,,,,,1.0,1.0,1.0,50.0,0.0,0.0,0.0,0.0,0.0,100.0,100.0,100.0,10000.0,10000.0,10000.0,0,0,0,50.0,0.0,0.0,0,0
841406,70.0,69.5,25.5,,,,,1.0,1.0,1.0,50.0,0.0,0.0,0.0,0.0,0.0,100.0,100.0,100.0,10000.0,10000.0,10000.0,0,0,0,50.0,0.0,0.0,0,0
841606,70.0,69.5,25.5,,,,,1.0,1.0,1.0,50.0,0.0,0.0,0.0,0.0,0.0,100.0,100.0,100.0,10000.0,10000.0,10000.0,0,0,0,50.0,0.0,0.0,0,0
841806,70.0,69.5,25.5,,,,,1.0,1.0,1.0,50.0,0.0,0.0,0.0,0.0,0.0,100.0,100.0,100.0,10000.0,10000.0,10000.0,0,0,0,50.0,0.0,0.0,0,0
842006,70.0,69.5,25.5,,,,,1.0,1.0,1.0,50.0,0.0,0.0,0.0,0.0,0.0,100.0,100.0,100.0,10000.0,10000.0,10000.0,0,0,0,50.0,0.0,0.0,0,0
842206,70.0,69.5,25.5,,,,,1.0,1.0,1.0,50.0,0.0,0.0,0.0,0.0,0.0,100.0,100.0,100.0,10000.0,10000.0,10000.0,0,0,0,50.0,0.0,0.0,0,0
842406,70.0,69.5,25.5,,,,,1.0,1.0,1.0,50.0,0.0,0.0,0.0,0.0,0.0,100.0,100.0,100.0,10000.0,10000.0,10000.0,0,0,0,50.0,0.0,0.0,0,0
842606,70.0,69.5,25.5,,,,,1.0,1.0,1.0,50.0,0.0,0.0,0.0,0.0,0.0,100.0,100.0,100.0,10000.0,10000.0,10000.0,0,0,0,50.0,0.0,0.0,0,0
842806,70.0,69.5,25.5,,,,,1.0,1.0,1.0,50.0,0.0,0.0,0.0,0.0,0.0,100.0,100.0,100.0,10000.0,10000.0,10000.0,0,0,0,50.0,0.0,0.0,0,0
843006,70.0,69.5,25.5,,,,,1.0,1.0,1.0,50.0,0.0,0.0,0.0,0.0,0.0,100.0,100.0,100.0,10000.0,10000.0,10000.0,0,0,0,50.0,0.0,0.0,0,0
843206,70.0,69.5,25.5,,,,,1.0,1.0,1.0,50.0,0.0,0.0,0.0,0.0,0.0,100.0,100.0,100.0,10000.0,10000.0,10000.0,0,0,0,50.0,0.0,0.0,0,0
843406,70.0,69.5,25.5,,,,,1.0,1.0,1.0,50.0,0.0,0.0,0.0,0.0,0.0,100.0,100.0,100.0,10000.0,10000.0,10000.0,0,0,0,50.0,0.0,0.0,0,0
843606,70.0,69.5,25.5,,,,,1.0,1.0,1.0,50.0,0.0,0.0,0.0,0.0,0.0,100.0,100.0,100.0,10000.0,10000.0,10000.0,0,0,0,50.0,0.0,0.0,0,0
843806,70.0,69.5,25.5,,,,,1.0,1.0,1.0,50.0,0.0,0.0,0.0,0.0,0.0,100.0,100.0,100.0,10000.0,10000.0,10000.0,0,0,0,50.0,0.0,0.0,0,0
844006,70.0,69.5,25.5,,,,,1.0,1.0,1.0,50.0,0.0,0.0,0.0,0.0,0.0,100.0,100.0,100.0,10000.0,10000.0,10000.0,0,0,0,50.0,0.0,0.0,0,0
844206,70.0,69.5,25.5,,,,,1.0,1.0,1.0,50.0,0.0,0.0,0.0,0.0,0.0,100.0,100.0,100.0,10000.0,10000.0,10000.0,0,0,0,50.0,0.0,0.0,0,0
844406,70.0,69.5,25.5,,,,,1.0,1.0,1.0,50.0,0.0,0.0,0.0,0.0,0.0,100.0,100.0,100.0,10000.0,10000.0,10000.0,0,0,0,50.0,0.0,0.0,0,0
844606,70.0,69.5,25.5,,,,,1.0,1.0,1.0,50.0,0.0,0.0,0.0,0.0,0.0,100.0,100.0,100.0,10000.0,10000.0,10000.0,0,0,0,50.0,0.0,0.0,0,0
844806,70.0,69.5,25.5,,,,,1.0,1.0,1.0,50.0,0.0,0.0,0.0,0.0,0.0,100.0,100.0,100.0,10000.0,10000.0,10000.0,0,0,0,50.0,0.0,0.0,0,0
845006,70.0,69.5,25.5,,,,,1.0,1.0,1.0,50.0,0.0,0.0,0.0,0.0,0.0,100.0,100.0,100.0,10000.0,10000.0,10000.0,0,0,0,50.0,0.0,0.0,0,0
845206,70.0,69.5,25.5,,,,,1.0,1.0,1.0,50.0,0.0,0.0,0.0,0.0,0.0,100.0,100.0,100.0,10000.0,10000.0,10000.0,0,0,0,50.0,0.0,0.0,0,0
845406,70.0,69.5,25.5,,,,,1.0,1.0,1.0,50.0,0.0,0.0,0.0,0.0,0.0,100.0,100.0,100.0,10000.0,10000.0,10000.0,0,0,0,50.0,0.0,0.0,0,0
845606,70.0,69.5,25.5,,,,,1.0,1.0,1.0,50.0,0.0,0.0,0.0,0.0,0.0,100.0,100.0,100.0,10000.0,10000.0,10000.0,0,0,0,50.0,0.0,0.0,0,0
845806,70.0,69.5,25.5,,,,,1.0,1.0,1.0,50.0,0.0,0.0,0.0,0.0,0.0,100.0,100.0,100.0,10000.0,10000.0,10000.0,0,0,0,50.0,0.0,0.0,0,0
846006,70.0,69.5,25.5,,,,,1.0,1.0,1.0,50.0,0.0,0.0,0.0,0.0,0.0,100.0,100.0,100.0,10000.0,10000.0,10000.0,0,0,0,50.0,0.0,0.0,0,0
846206,70.0,69.5,25.5,,,,,1.0,1.0,1.0,50.0,0.0,0.0,0.0,0.0,0.0,100.0,100.0,100.0,10000.0,10000.0,10000.0,0,0,0,50.0,0.0,0.0,0,0
846406,70.0,69.5,25.5,,,,,1.0,1.0,1.0,50.0,0.0,0.0,0.0,0.0,0.0,100.0,100.0,100.0,10000.0,10000.0,10000.0,0,0,0,50.0,0.0,0.0,0,0
846606,70.0,69.5,25.5,,,,,1.0,1.0,1.0,50.0,0.0,0.0,0.0,0.0,0.0,100.0,100.0,100.0,10000.0,10000.0,10000.0,0,0,0,50.0,0.0,0.0,0,0
846806,70.0,69.5,25.5,,,,,1.0,1.0,1.0,50.0,0.0,0.0,0.0,0.0,0.0,100.0,100.0,100.0,10000.0,10000.0,10000.0,0,0,0,50.0,0.0,0.0,0,0
847006,70.0,69.5,25.5,,,,,1.0,1.0,1.0,50.0,0.0,0.0,0.0,0.0,0.0,100.0,100.0,100.0,10000.0,10000.0,10000.0,0,0,0,50.0,0.0,0.0,0,0
847206,70.0,69.5,25.5,,,,,1.0,1.0,1.0,50.0,0.0,0.0,0.0,0.0,0.0,100.0,100.0,100.0,10000.0,10000.0,10000.0,0,0,0,50.0,0.0,0.0,0,0
847406,70.0,69.5,25.5,,,,,1.0,1.0,1.0,50.0,0.0,0.0,0.0,0.0,0.0,100.0,100.0,100.0,10000.0,10000.0,10000.0,0,0,0,50.0,0.0,0.0,0,0
847606,70.0,69.5,25.5,,,,,1.0,1.0,1.0,50.0,0.0,0.0,0.0,0.0,0.0,100.0,100.0,100.0,10000.0,10000.0,10000.0,0,0,0,50.0,0.0,0.0,0,0
847806,70.0,69.5,25.5,,,,,1.0,1.0,1.0,50.0,0.0,0.0,0.0,0.0,0.0,100.0,100.0,100.0,10000.0,10000.0,10000.0,0,0,0,50.0,0.0,0.0,0,0
848006,70.0,69.5,25.5,,,,,1.0,1.0,1.0,50.0,0.0,0.0,0.0,0.0,0.0,100.0,100.0,100.0,10000.0,10000.0,10000.0,0,0,0,50.0,0.0,0.0,0,0
848206,70.0,69.5,25.5,,,,,1.0,1.0,1.0,50.0,0.0,0.0,0.0,0.0,0.0,100.0,100.0,100.0,10000.0,10000.0,10000.0,0,0,0,50.0,0.0,0.0,0,0
848406,70.0,69.5,25.5,,,,,1.0,1.0,1.0,50.0,0.0,0.0,0.0,0.0,0.0,100.0,100.0,100.0,10000.0,10000.0,10000.0,0,0,0,50.0,0.0,0.0,0,0
848606,70.0,69.5,25.5,,,,,1.0,1.0,1.0,50.0,0.0,0.0,0.0,0.0,0.0,100.0,100.0,100.0,10000.0,10000.0,10000.0,0,0,0,50.0,0.0,0.0,0,0
848806,70.0,69.5,25.5,,,,,1.0,1.0,1.0,50.0,0.0,0.0,0.0,0.0,0.0,100.0,100.0,100.0,10000.0,10000.0,10000.0,0,0,0,50.0,0.0,0.0,0,0
849006,70.0,69.5,25.5,,,,,1.0,1.0,1.0,50.0,0.0,0.0,0.0,0.0,0.0,100.0,100.0,100.0,10000.0,10000.0,10000.0,0,0,0,50.0,0.0,0.0,0,0
849206,70.0,69.5,25.5,,,,,1.0,1.0,1.0,50.0,0.0,0.0,0.0,0.0,0.0,100.0,100.0,100.0,10000.0,10000.0,10000.0,0,0,0,50.0,0.0,0.0,0,0
849406,70.0,69.5,25.5,,,,,1.0,1.0,1.0,50.0,0.0,0.0,0.0,0.0,0.0,100.0,100.0,100.0,10000.0,10000.0,10000.0,0,0,0,50.0,0.0,0.0,0,0
849606,70.0,69.5,25.5,,,,,1.0,1.0,1.0,50.0,0.0,0.0,0.0,0.0,0.0,100.0,100.0,100.0,10000.0,10000.0,10000.0,0,0,0,50.0,0.0,0.0,0,0
849806,70.0,69.5,25.5,,,,,1.0,1.0,1.0,50.0,0.0,0.0,0.0,0.0,0.0,100.0,100.0,100.0,10000.0,10000.0,10000.0,0,0,0,50.0,0.0,0.0,0,0
850006,70.0,69.5,25.5,,,,,1.0,1.0,1.0,50.0,0.0,0.0,0.0,0.0,0.0,100.0,100.0,100.0,10000.0,10000.0,10000.0,0,0,0,50.0,0.0,0.0,0,0
850206,70.0,69.5,25.5,,,,,1.0,1.0,1.0,50.0,0.0,0.0,0.0,0.0,0.0,100.0,100.0,100.0,10000.0,10000.0,10000.0,0,0,0,50.0,0.0,0.0,0,0
850406,70.0,69.5,25.5,,,,,1.0,1.0,1.0,50.0,0.0,0.0,0.0,0.0,0.0,100.0,100.0,100.0,10000.0,10000.0,10000.0,0,0,0,50.0,0.0,0.0,0,0
850606,70.0,69.5,25.5,,,,,1.0,1.0,1.0,50.0,0.0,0.0,0.0,0.0,0.0,100.0,100.0,100.0,10000.0,10000.0,10000.0,0,0,0,50.0,0.0,0.0,0,0
850806,70.0,69.5,25.5,,,,,1.0,1.0,1.0,50.0,0.0,0.0,0.0,0.0,0.0,100.0,100.0,100.0,10000.0,10000.0,10000.0,0,0,0,50.0,0.0,0.0,0,0
851006,70.0,69.5,25.5,,,,,1.0,1.0,1.0,50.0,0.0,0.0,0.0,0.0,0.0,100.0,100.0,100.0,10000.0,10000.0,10000.0,0,0,0,50.0,0.0,0.0,0,0
851206,70.0,69.5,25.5,,,,,1.0,1.0,1.0,50.0,0.0,0.0,0.0,0.0,0.0,100.0,100.0,100.0,10000.0,10000.0,10000.0,0,0,0,50.0,0.0,0.0,0,0
851406,70.0,69.5,25.5,,,,,1.0,1.0,1.0,50.0,0.0,0.0,0.0,0.0,0.0,100.0,100.0,100.0,10000.0,10000.0,10000.0,0,0,0,50.0,0.0,0.0,0,0
851606,70.0,69.5,25.5,,,,,1.0,1.0,1.0,50.0,0.0,0.0,0.0,0.0,0.0,100.0,100.0,100.0,10000.0,10000.0,10000.0,0,0,0,50.0,0.0,0.0,0,0
851806,70.0,69.5,25.5,,,,,1.0,1.0,1.0,50.0,0.0,0.0,0.0,0.0,0.0,100.0,100.0,100.0,10000.0,10000.0,10000.0,0,0,0,50.0,0.0,0.0,0,0
852006,70.0,69.5,25.5,,,,,1.0,1.0,1.0,50.0,0.0,0.0,0.0,0.0,0.0,100.0,100.0,100.0,10000.0,10000.0,10000.0,0,0,0,50.0,0.0,0.0,0,0
852206,70.0,69.5,25.5,,,,,1.0,1.0,1.0,50.0,0.0,0.0,0.0,0.0,0.0,100.0,100.0,100.0,10000.0,10000.0,10000.0,0,0,0,50.0,0.0,0.0,0,0
852406,70.0,69.5,25.5,,,,,1.0,1.0,1.0,50.0,0.0,0.0,0.0,0.0,0.0,100.0,100.0,100.0,10000.0,10000.0,10000.0,0,0,0,50.0,0.0,0.0,0,0
852606,70.0,69.5,25.5,,,,,1.0,1.0,1.0,50.0,0.0,0.0,0.0,0.0,0.0,100.0,100.0,100.0,10000.0,10000.0,10000.0,0,0,0,50.0,0.0,0.0,0,0
852806,70.0,69.5,25.5,,,,,1.0,1.0,1.0,50.0,0.0,0.0,0.0,0.0,0.0,100.0,100.0,100.0,10000.0,10000.0,10000.0,0,0,0,50.0,0.0,0.0,0,0
853006,70.0,69.5,25.5,,,,,1.0,1.0,1.0,50.0,0.0,0.0,0.0,0.0,0.0,100.0,100.0,100.0,10000.0,10000.0,10000.0,0,0,0,50.0,0.0,0.0,0,0
853206,70.0,69.5,25.5,,,,,1.0,1.0,1.0,50.0,0.0,0.0,0.0,0.0,0.0,100.0,100.0,100.0,10000.0,10000.0,10000.0,0,0,0,50.0,0.0,0.0,0,0
853406,70.0,69.5,25.5,,,,,1.0,1.0,1.0,50.0,0.0,0.0,0.0,0.0,0.0,100.0,100.0,100.0,10000.0,10000.0,10000.0,0,0,0,50.0,0.0,0.0,0,0
853606,70.0,69.5,25.5,,,,,1.0,1.0,1.0,50.0,0.0,0.0,0.0,0.0,0.0,100.0,100.0,100.0,10000.0,10000.0,10000.0,0,0,0,50.0,0.0,0.0,0,0
853806,70.0,69.5,25.5,,,,,1.0,1.0,1.0,50.0,0.0,0.0,0.0,0.0,0.0,100.0,100.0,100.0,10000.0,10000.0,10000.0,0,0,0,50.0,0.0,0.0,0,0
854006,70.0,69.5,25.5,,,,,1.0,1.0,1.0,50.0,0.0,0.0,0.0,0.0,0.0,100.0,100.0,100.0,10000.0,10000.0,10000.0,0,0,0,50.0,0.0,0.0,0,0
854206,70.0,69.5,25.5,,,,,1.0,1.0,1.0,50.0,0.0,0.0,0.0,0.0,0.0,100.0,100.0,100.0,10000.0,10000.0,10000.0,0,0,0,50.0,0.0,0.0,0,0
854406,70.0,69.5,25.5,,,,,1.0,1.0,1.0,50.0,0.0,0.0,0.0,0.0,0.0,100.0,100.0,100.0,10000.0,10000.0,10000.0,0,0,0,50.0,0.0,0.0,0,0
854606,70.0,69.5,25.5,,,,,1.0,1.0,1.0,50.0,0.0,0.0,0.0,0.0,0.0,100.0,100.0,100.0,10000.0,10000.0,10000.0,0,0,0,50.0,0.0,0.0,0,0
854806,70.0,69.5,25.5,,,,,1.0,1.0,1.0,50.0,0.0,0.0,0.0,0.0,0.0,100.0,100.0,100.0,10000.0,10000.0,10000.0,0,0,0,50.0,0.0,0.0,0,0
855006,70.0,69.5,25.5,,,,,1.0,1.0,1.0,50.0,0.0,0.0,0.0,0.0,0.0,100.0,100.0,100.0,10000.0,10000.0,10000.0,0,0,0,50.0,0.0,0.0,0,0
855206,70.0,69.5,25.5,,,,,1.0,1.0,1.0,50.0,0.0,0.0,0.0,0.0,0.0,100.0,100.0,100.0,10000.0,10000.0,10000.0,0,0,0,50.0,0.0,0.0,0,0
855406,70.0,69.5,25.5,,,,,1.0,1.0,1.0,50.0,0.0,0.0,0.0,0.0,0.0,100.0,100.0,100.0,10000.0,10000.0,10000.0,0,0,0,50.0,0.0,0.0,0,0
855606,70.0,69.5,25.5,,,,,1.0,1.0,1.0,50.0,0.0,0.0,0.0,0.0,0.0,100.0,100.0,100.0,10000.0,10000.0,10000.0,0,0,0,50.0,0.0,0.0,0,0
855806,70.0,69.5,25.5,,,,,1.0,1.0,1.0,50.0,0.0,0.0,0.0,0.0,0.0,100.0,100.0,100.0,10000.0,10000.0,10000.0,0,0,0,50.0,0.0,0.0,0,0
856006,70.0,69.5,25.5,,,,,1.0,1.0,1.0,50.0,0.0,0.0,0.0,0.0,0.0,100.0,100.0,100.0,10000.0,10000.0,10000.0,0,0,0,50.0,0.0,0.0,0,0
856206,70.0,69.5,25.5,,,,,1.0,1.0,1.0,50.0,0.0,0.0,0.0,0.0,0.0,100.0,100.0,100.0,10000.0,10000.0,10000.0,0,0,0,50.0,0.0,0.0,0,0
856406,70.0,69.5,25.5,,,,,1.0,1.0,1.0,50.0,0.0,0.0,0.0,0.0,0.0,100.0,100.0,100.0,10000.0,10000.0,10000.0,0,0,0,50.0,0.0,0.0,0,0
856606,70.0,69.5,25.5,,,,,1.0,1.0,1.0,50.0,0.0,0.0,0.0,0.0,0.0,100.0,100.0,100.0,10000.0,10000.0,10000.0,0,0,0,50.0,0.0,0.0,0,0
856806,70.0,69.5,25.5,,,,,1.0,1.0,1.0,50.0,0.0,0.0,0.0,0.0,0.0,100.0,100.0,100.0,10000.0,10000.0,10000.0,0,0,0,50.0,0.0,0.0,0,0
857006,70.0,69.5,25.5,,,,,1.0,1.0,1.0,50.0,0.0,0.0,0.0,0.0,0.0,100.0,100.0,100.0,10000.0,10000.0,10000.0,0,0,0,50.0,0.0,0.0,0,0
857206,70.0,69.5,25.5,,,,,1.0,1.0,1.0,50.0,0.0,0.0,0.0,0.0,0.0,100.0,100.0,100.0,10000.0,10000.0,10000.0,0,0,0,50.0,0.0,0.0,0,0
857406,70.0,69.5,25.5,,,,,1.0,1.0,1.0,50.0,0.0,0.0,0.0,0.0,0.0,100.0,100.0,100.0,10000.0,10000.0,10000.0,0,0,0,50.0,0.0,0.0,0,0
857606,70.0,69.5,25.5,,,,,1.0,1.0,1.0,50.0,0.0,0.0,0.0,0.0,0.0,100.0,100.0,100.0,10000.0,10000.0,10000.0,0,0,0,50.0,0.0,0.0,0,0
857806,70.0,69.5,25.5,,,,,1.0,1.0,1.0,50.0,0.0,0.0,0.0,0.0,0.0,100.0,100.0,100.0,10000.0,10000.0,10000.0,0,0,0,50.0,0.0,0.0,0,0
858006,70.0,69.5,25.5,,,,,1.0,1.0,1.0,50.0,0.0,0.0,0.0,0.0,0.0,100.0,100.0,100.0,10000.0,10000.0,10000.0,0,0,0,50.0,0.0,0.0,0,0
858206,70.0,69.5,25.5,,,,,1.0,1.0,1.0,50.0,0.0,0.0,0.0,0.0,0.0,100.0,100.0,100.0,10000.0,10000.0,10000.0,0,0,0,50.0,0.0,0.0,0,0
858406,70.0,69.5,25.5,,,,,1.0,1.0,1.0,50.0,0.0,0.0,0.0,0.0,0.0,100.0,100.0,100.0,10000.0,10000.0,10000.0,0,0,0,50.0,0.0,0.0,0,0
858606,70.0,69.5,25.5,,,,,1.0,1.0,1.0,50.0,0.0,0.0,0.0,0.0,0.0,100.0,100.0,100.0,10000.0,10000.0,10000.0,0,0,0,50.0,0.0,0.0,0,0
858806,70.0,69.5,25.5,,,,,1.0,1.0,1.0,50.0,0.0,0.0,0.0,0.0,0.0,100.0,100.0,100.0,10000.0,10000.0,10000.0,0,0,0,50.0,0.0,0.0,0,0
859006,70.0,69.5,25.5,,,,,1.0,1.0,1.0,50.0,0.0,0.0,0.0,0.0,0.0,100.0,100.0,100.0,10000.0,10000.0,10000.0,0,0,0,50.0,0.0,0.0,0,0
859206,70.0,69.5,25.5,,,,,1.0,1.0,1.0,50.0,0.0,0.0,0.0,0.0,0.0,100.0,100.0,100.0,10000.0,10000.0,10000.0,0,0,0,50.0,0.0,0.0,0,0
859406,70.0,69.5,25.5,,,,,1.0,1.0,1.0,50.0,0.0,0.0,0.0,0.0,0.0,100.0,100.0,100.0,10000.0,10000.0,10000.0,0,0,0,50.0,0.0,0.0,0,0
859606,70.0,69.5,25.5,,,,,1.0,1.0,1.0,50.0,0.0,0.0,0.0,0.0,0.0,100.0,100.0,100.0,10000.0,10000.0,10000.0,0,0,0,50.0,0.0,0.0,0,0
859806,70.0,69.5,25.5,,,,,1.0,1.0,1.0,50.0,0.0,0.0,0.0,0.0,0.0,100.0,100.0,100.0,10000.0,10000.0,10000.0,0,0,0,50.0,0.0,0.0,0,0
860006,70.0,69.5,25.5,,,,,1.0,1.0,1.0,50.0,0.0,0.0,0.0,0.0,0.0,100.0,100.0,100.0,10000.0,10000.0,10000.0,0,0,0,50.0,0.0,0.0,0,0
860206,70.0,69.5,25.5,,,,,1.0,1.0,1.0,50.0,0.0,0.0,0.0,0.0,0.0,100.0,100.0,100.0,10000.0,10000.0,10000.0,0,0,0,50.0,0.0,0.0,0,0
860406,70.0,69.5,25.5,,,,,1.0,1.0,1.0,50.0,0.0,0.0,0.0,0.0,0.0,100.0,100.0,100.0,10000.0,10000.0,10000.0,0,0,0,50.0,0.0,0.0,0,0
860606,70.0,69.5,25.5,,,,,1.0,1.0,1.0,50.0,0.0,0.0,0.0,0.0,0.0,100.0,100.0,100.0,10000.0,10000.0,10000.0,0,0,0,50.0,0.0,0.0,0,0
860806,70.0,69.5,25.5,,,,,1.0,1.0,1.0,50.0,0.0,0.0,0.0,0.0,0.0,100.0,100.0,100.0,10000.0,10000.0,10000.0,0,0,0,50.0,0.0,0.0,0,0
861006,70.0,69.5,25.5,,,,,1.0,1.0,1.0,50.0,0.0,0.0,0.0,0.0,0.0,100.0,100.0,100.0,10000.0,10000.0,10000.0,0,0,0,50.0,0.0,0.0,0,0
861206,70.0,69.5,25.5,,,,,1.0,1.0,1.0,50.0,0.0,0.0,0.0,0.0,0.0,100.0,100.0,100.0,10000.0,10000.0,10000.0,0,0,0,50.0,0.0,0.0,0,0
861406,70.0,69.5,25.5,,,,,1.0,1.0,1.0,50.0,0.0,0.0,0.0,0.0,0.0,100.0,100.0,100.0,10000.0,10000.0,10000.0,0,0,0,50.0,0.0,0.0,0,0
861606,70.0,70.0,25.5,,,,,1.0,1.0,1.0,50.0,0.0,0.0,0.0,0.0,0.0,100.0,100.0,100.0,10000.0,10000.0,10000.0,0,0,0,50.0,0.0,0.0,0,0
861806,70.0,70.0,25.5,,,,,1.0,1.0,1.0,50.0,0.0,0.0,0.0,0.0,0.0,100.0,100.0,100.0,10000.0,10000.0,10000.0,0,0,0,50.0,0.0,0.0,0,0
862006,70.0,70.0,25.5,,,,,1.0,1.0,1.0,50.0,0.0,0.0,0.0,0.0,0.0,100.0,100.0,100.0,10000.0,10000.0,10000.0,0,0,0,50.0,0.0,0.0,0,0
862206,70.0,70.0,25.5,,,,,1.0,1.0,1.0,50.0,0.0,0.0,0.0,0.0,0.0,100.0,100.0,100.0,10000.0,10000.0,10000.0,0,0,0,50.0,0.0,0.0,0,0
862406,70.0,70.0,25.5,,,,,1.0,1.0,1.0,50.0,0.0,0.0,0.0,0.0,0.0,100.0,100.0,100.0,10000.0,10000.0,10000.0,0,0,0,50.0,0.0,0.0,0,0
862606,70.0,70.0,25.5,,,,,1.0,1.0,1.0,50.0,0.0,0.0,0.0,0.0,0.0,100.0,100.0,100.0,10000.0,10000.0,10000.0,0,0,0,50.0,0.0,0.0,0,0
862806,70.0,70.0,25.5,,,,,1.0,1.0,1.0,50.0,0.0,0.0,0.0,0.0,0.0,100.0,100.0,100.0,10000.0,10000.0,10000.0,0,0,0,50.0,0.0,0.0,0,0
863006,70.0,70.0,25.5,,,,,1.0,1.0,1.0,50.0,0.0,0.0,0.0,0.0,0.0,100.0,100.0,100.0,10000.0,10000.0,10000.0,0,0,0,50.0,0.0,0.0,0,0
863206,70.0,70.0,25.5,,,,,1.0,1.0,1.0,50.0,0.0,0.0,0.0,0.0,0.0,100.0,100.0,100.0,10000.0,10000.0,10000.0,0,0,0,50.0,0.0,0.0,0,0
863406,70.0,70.0,25.5,,,,,1.0,1.0,1.0,50.0,0.0,0.0,0.0,0.0,0.0,100.0,100.0,100.0,10000.0,10000.0,10000.0,0,0,0,50.0,0.0,0.0,0,0
863606,70.0,70.0,25.5,,,,,1.0,1.0,1.0,50.0,0.0,0.0,0.0,0.0,0.0,100.0,100.0,100.0,10000.0,10000.0,10000.0,0,0,0,50.0,0.0,0.0,0,0
863806,70.0,70.0,25.5,,,,,1.0,1.0,1.0,50.0,0.0,0.0,0.0,0.0,0.0,100.0,100.0,100.0,10000.0,10000.0,10000.0,0,0,0,50.0,0.0,0.0,0,0
864006,70.0,70.0,25.5,,,,,1.0,1.0,1.0,50.0,0.0,0.0,0.0,0.0,0.0,100.0,100.0,100.0,10000.0,10000.0,10000.0,0,0,0,50.0,0.0,0.0,0,0
864206,70.0,70.0,25.5,,,,,1.0,1.0,1.0,50.0,0.0,0.0,0.0,0.0,0.0,100.0,100.0,100.0,10000.0,10000.0,10000.0,0,0,0,50.0,0.0,0.0,0,0
864406,70.0,70.0,25.5,,,,,1.0,1.0,1.0,50.0,0.0,0.0,0.0,0.0,0.0,100.0,100.0,100.0,10000.0,10000.0,10000.0,0,0,0,50.0,0.0,0.0,0,0
864606,70.0,70.0,25.5,,,,,1.0,1.0,1.0,50.0,0.0,0.0,0.0,0.0,0.0,100.0,100.0,100.0,10000.0,10000.0,10000.0,0,0,0,50.0,0.0,0.0,0,0
864806,70.0,70.0,25.5,,,,,1.0,1.0,1.0,50.0,0.0,0.0,0.0,0.0,0.0,100.0,100.0,100.0,10000.0,10000.0,10000.0,0,0,0,50.0,0.0,0.0,0,0
865006,70.0,70.0,25.5,,,,,1.0,1.0,1.0,50.0,0.0,0.0,0.0,0.0,0.0,100.0,100.0,100.0,10000.0,10000.0,10000.0,0,0,0,50.0,0.0,0.0,0,0
865206,70.0,70.0,25.5,,,,,1.0,1.0,1.0,50.0,0.0,0.0,0.0,0.0,0.0,100.0,100.0,100.0,10000.0,10000.0,10000.0,0,0,0,50.0,0.0,0.0,0,0
865406,70.0,70.0,25.5,,,,,1.0,1.0,1.0,50.0,0.0,0.0,0.0,0.0,0.0,100.0,100.0,100.0,10000.0,10000.0,10000.0,0,0,0,50.0,0.0,0.0,0,0
865606,70.0,70.0,25.5,,,,,1.0,1.0,1.0,50.0,0.0,0.0,0.0,0.0,0.0,100.0,100.0,100.0,10000.0,10000.0,10000.0,0,0,0,50.0,0.0,0.0,0,0
865806,70.0,70.0,25.5,,,,,1.0,1.0,1.0,50.0,0.0,0.0,0.0,0.0,0.0,100.0,100.0,100.0,10000.0,10000.0,10000.0,0,0,0,50.0,0.0,0.0,0,0
866006,70.0,70.0,25.5,,,,,1.0,1.0,1.0,50.0,0.0,0.0,0.0,0.0,0.0,100.0,100.0,100.0,10000.0,10000.0,10000.0,0,0,0,50.0,0.0,0.0,0,0
866206,70.0,70.0,25.5,,,,,1.0,1.0,1.0,50.0,0.0,0.0,0.0,0.0,0.0,100.0,100.0,100.0,10000.0,10000.0,10000.0,0,0,0,50.0,0.0,0.0,0,0
866406,70.0,70.0,25.5,,,,,1.0,1.0,1.0,50.0,0.0,0.0,0.0,0.0,0.0,100.0,100.0,100.0,10000.0,10000.0,10000.0,0,0,0,50.0,0.0,0.0,0,0
866606,70.0,70.0,25.5,,,,,1.0,1.0,1.0,50.0,0.0,0.0,0.0,0.0,0.0,100.0,100.0,100.0,10000.0,10000.0,10000.0,0,0,0,50.0,0.0,0.0,0,0
866806,70.0,70.0,25.5,,,,,1.0,1.0,1.0,50.0,0.0,0.0,0.0,0.0,0.0,100.0,100.0,100.0,10000.0,10000.0,10000.0,0,0,0,50.0,0.0,0.0,0,0
867006,70.0,70.0,25.5,,,,,1.0,1.0,1.0,50.0,0.0,0.0,0.0,0.0,0.0,100.0,100.0,100.0,10000.0,10000.0,10000.0,0,0,0,50.0,0.0,0.0,0,0
867206,70.0,70.0,25.5,,,,,1.0,1.0,1.0,50.0,0.0,0.0,0.0,0.0,0.0,100.0,100.0,100.0,10000.0,10000.0,10000.0,0,0,0,50.0,0.0,0.0,0,0
867406,70.0,70.0,25.5,,,,,1.0,1.0,1.0,50.0,0.0,0.0,0.0,0.0,0.0,100.0,100.0,100.0,10000.0,10000.0,10000.0,0,0,0,50.0,0.0,0.0,0,0
867606,70.0,70.0,25.5,,,,,1.0,1.0,1.0,50.0,0.0,0.0,0.0,0.0,0.0,100.0,100.0,100.0,10000.0,10000.0,10000.0,0,0,0,50.0,0.0,0.0,0,0
867806,70.0,70.0,25.5,,,,,1.0,1.0,1.0,50.0,0.0,0.0,0.0,0.0,0.0,100.0,100.0,100.0,10000.0,10000.0,10000.0,0,0,0,50.0,0.0,0.0,0,0
868006,70.0,70.0,25.5,,,,,1.0,1.0,1.0,50.0,0.0,0.0,0.0,0.0,0.0,100.0,100.0,100.0,10000.0,10000.0,10000.0,0,0,0,50.0,0.0,0.0,0,0
868206,70.0,70.0,25.5,,,,,1.0,1.0,1.0,50.0,0.0,0.0,0.0,0.0,0.0,100.0,100.0,100.0,10000.0,10000.0,10000.0,0,0,0,50.0,0.0,0.0,0,0
868406,70.0,70.0,25.5,,,,,1.0,1.0,1.0,50.0,0.0,0.0,0.0,0.0,0.0,100.0,100.0,100.0,10000.0,10000.0,10000.0,0,0,0,50.0,0.0,0.0,0,0
868606,70.0,70.0,25.5,,,,,1.0,1.0,1.0,50.0,0.0,0.0,0.0,0.0,0.0,100.0,100.0,100.0,10000.0,10000.0,10000.0,0,0,0,50.0,0.0,0.0,0,0
868806,70.0,70.0,25.5,,,,,1.0,1.0,1.0,50.0,0.0,0.0,0.0,0.0,0.0,100.0,100.0,100.0,10000.0,10000.0,10000.0,0,0,0,50.0,0.0,0.0,0,0
869006,70.0,70.0,25.5,,,,,1.0,1.0,1.0,50.0,0.0,0.0,0.0,0.0,0.0,100.0,100.0,100.0,10000.0,10000.0,10000.0,0,0,0,50.0,0.0,0.0,0,0
869206,70.0,70.0,25.5,,,,,1.0,1.0,1.0,50.0,0.0,0.0,0.0,0.0,0.0,100.0,100.0,100.0,10000.0,10000.0,10000.0,0,0,0,50.0,0.0,0.0,0,0
869406,70.0,70.0,25.5,,,,,1.0,1.0,1.0,50.0,0.0,0.0,0.0,0.0,0.0,100.0,100.0,100.0,10000.0,10000.0,10000.0,0,0,0,50.0,0.0,0.0,0,0
869606,70.0,70.0,25.5,,,,,1.0,1.0,1.0,50.0,0.0,0.0,0.0,0.0,0.0,100.0,100.0,100.0,10000.0,10000.0,10000.0,0,0,0,50.0,0.0,0.0,0,0
869806,70.0,70.0,25.5,,,,,1.0,1.0,1.0,50.0,0.0,0.0,0.0,0.0,0.0,100.0,100.0,100.0,10000.0,10000.0,10000.0,0,0,0,50.0,0.0,0.0,0,0
870006,70.0,70.0,25.5,,,,,1.0,1.0,1.0,50.0,0.0,0.0,0.0,0.0,0.0,100.0,100.0,100.0,10000.0,10000.0,10000.0,0,0,0,50.0,0.0,0.0,0,0
870206,70.0,70.0,25.5,,,,,1.0,1.0,1.0,50.0,0.0,0.0,0.0,0.0,0.0,100.0,100.0,100.0,10000.0,10000.0,10000.0,0,0,0,50.0,0.0,0.0,0,0
870406,70.0,70.0,25.5,,,,,1.0,1.0,1.0,50.0,0.0,0.0,0.0,0.0,0.0,100.0,100.0,100.0,10000.0,10000.0,10000.0,0,0,0,50.0,0.0,0.0,0,0
870606,70.0,70.0,25.5,,,,,1.0,1.0,1.0,50.0,0.0,0.0,0.0,0.0,0.0,100.0,100.0,100.0,10000.0,10000.0,10000.0,0,0,0,50.0,0.0,0.0,0,0
870806,70.0,70.0,25.5,,,,,1.0,1.0,1.0,50.0,0.0,0.0,0.0,0.0,0.0,100.0,100.0,100.0,10000.0,10000.0,10000.0,0,0,0,50.0,0.0,0.0,0,0
871006,70.0,70.0,25.5,,,,,1.0,1.0,1.0,50.0,0.0,0.0,0.0,0.0,0.0,100.0,100.0,100.0,10000.0,10000.0,10000.0,0,0,0,50.0,0.0,0.0,0,0
871206,70.0,70.0,25.5,,,,,1.0,1.0,1.0,50.0,0.0,0.0,0.0,0.0,0.0,100.0,100.0,100.0,10000.0,10000.0,10000.0,0,0,0,50.0,0.0,0.0,0,0
871406,70.0,70.0,25.5,,,,,1.0,1.0,1.0,50.0,0.0,0.0,0.0,0.0,0.0,100.0,100.0,100.0,10000.0,10000.0,10000.0,0,0,0,50.0,0.0,0.0,0,0
871606,70.0,70.0,25.5,,,,,1.0,1.0,1.0,50.0,0.0,0.0,0.0,0.0,0.0,100.0,100.0,100.0,10000.0,10000.0,10000.0,0,0,0,50.0,0.0,0.0,0,0
871806,70.0,70.0,25.5,,,,,1.0,1.0,1.0,50.0,0.0,0.0,0.0,0.0,0.0,100.0,100.0,100.0,10000.0,10000.0,10000.0,0,0,0,50.0,0.0,0.0,0,0
872006,70.0,70.0,25.5,,,,,1.0,1.0,1.0,50.0,0.0,0.0,0.0,0.0,0.0,100.0,100.0,100.0,10000.0,10000.0,10000.0,0,0,0,50.0,0.0,0.0,0,0
872206,70.0,70.0,25.5,,,,,1.0,1.0,1.0,50.0,0.0,0.0,0.0,0.0,0.0,100.0,100.0,100.0,10000.0,10000.0,10000.0,0,0,0,50.0,0.0,0.0,0,0
872406,70.0,70.0,25.5,,,,,1.0,1.0,1.0,50.0,0.0,0.0,0.0,0.0,0.0,100.0,100.0,100.0,10000.0,10000.0,10000.0,0,0,0,50.0,0.0,0.0,0,0
872606,70.0,70.0,25.5,,,,,1.0,1.0,1.0,50.0,0.0,0.0,0.0,0.0,0.0,100.0,100.0,100.0,10000.0,10000.0,10000.0,0,0,0,50.0,0.0,0.0,0,0
872806,70.0,70.0,25.5,,,,,1.0,1.0,1.0,50.0,0.0,0.0,0.0,0.0,0.0,100.0,100.0,100.0,10000.0,10000.0,10000.0,0,0,0,50.0,0.0,0.0,0,0
873006,70.0,70.0,25.5,,,,,1.0,1.0,1.0,50.0,0.0,0.0,0.0,0.0,0.0,100.0,100.0,100.0,10000.0,10000.0,10000.0,0,0,0,50.0,0.0,0.0,0,0
873206,70.0,70.0,25.5,,,,,1.0,1.0,1.0,50.0,0.0,0.0,0.0,0.0,0.0,100.0,100.0,100.0,10000.0,10000.0,10000.0,0,0,0,50.0,0.0,0.0,0,0
873406,70.0,70.0,25.5,,,,,1.0,1.0,1.0,50.0,0.0,0.0,0.0,0.0,0.0,100.0,100.0,100.0,10000.0,10000.0,10000.0,0,0,0,50.0,0.0,0.0,0,0
873606,70.0,70.0,25.5,,,,,1.0,1.0,1.0,50.0,0.0,0.0,0.0,0.0,0.0,100.0,100.0,100.0,10000.0,10000.0,10000.0,0,0,0,50.0,0.0,0.0,0,0
873806,70.0,70.0,25.5,,,,,1.0,1.0,1.0,50.0,0.0,0.0,0.0,0.0,0.0,100.0,100.0,100.0,10000.0,10000.0,10000.0,0,0,0,50.0,0.0,0.0,0,0
874006,70.0,70.0,25.5,,,,,1.0,1.0,1.0,50.0,0.0,0.0,0.0,0.0,0.0,100.0,100.0,100.0,10000.0,10000.0,10000.0,0,0,0,50.0,0.0,0.0,0,0
874206,70.0,70.0,25.5,,,,,1.0,1.0,1.0,50.0,0.0,0.0,0.0,0.0,0.0,100.0,100.0,100.0,10000.0,10000.0,10000.0,0,0,0,50.0,0.0,0.0,0,0
874406,70.0,70.0,25.5,,,,,1.0,1.0,1.0,50.0,0.0,0.0,0.0,0.0,0.0,100.0,100.0,100.0,10000.0,10000.0,10000.0,0,0,0,50.0,0.0,0.0,0,0
874606,70.0,70.0,25.5,,,,,1.0,1.0,1.0,50.0,0.0,0.0,0.0,0.0,0.0,100.0,100.0,100.0,10000.0,10000.0,10000.0,0,0,0,50.0,0.0,0.0,0,0
874806,70.0,70.0,25.5,,,,,1.0,1.0,1.0,50.0,0.0,0.0,0.0,0.0,0.0,100.0,100.0,100.0,10000.0,10000.0,10000.0,0,0,0,50.0,0.0,0.0,0,0
875006,70.0,70.0,25.5,,,,,1.0,1.0,1.0,50.0,0.0,0.0,0.0,0.0,0.0,100.0,100.0,100.0,10000.0,10000.0,10000.0,0,0,0,50.0,0.0,0.0,0,0
875206,70.0,70.0,25.5,,,,,1.0,1.0,1.0,50.0,0.0,0.0,0.0,0.0,0.0,100.0,100.0,100.0,10000.0,10000.0,10000.0,0,0,0,50.0,0.0,0.0,0,0
875406,70.0,70.0,25.5,,,,,1.0,1.0,1.0,50.0,0.0,0.0,0.0,0.0,0.0,100.0,100.0,100.0,10000.0,10000.0,10000.0,0,0,0,50.0,0.0,0.0,0,0
875606,70.0,70.0,25.5,,,,,1.0,1.0,1.0,50.0,0.0,0.0,0.0,0.0,0.0,100.0,100.0,100.0,10000.0,10000.0,10000.0,0,0,0,50.0,0.0,0.0,0,0
875806,70.0,70.0,25.5,,,,,1.0,1.0,1.0,50.0,0.0,0.0,0.0,0.0,0.0,100.0,100.0,100.0,10000.0,10000.0,10000.0,0,0,0,50.0,0.0,0.0,0,0
876006,70.0,70.0,25.5,,,,,1.0,1.0,1.0,50.0,0.0,0.0,0.0,0.0,0.0,100.0,100.0,100.0,10000.0,10000.0,10000.0,0,0,0,50.0,0.0,0.0,0,0
876206,70.0,70.0,25.5,,,,,1.0,1.0,1.0,50.0,0.0,0.0,0.0,0.0,0.0,100.0,100.0,100.0,10000.0,10000.0,10000.0,0,0,0,50.0,0.0,0.0,0,0
876406,70.0,70.0,25.5,,,,,1.0,1.0,1.0,50.0,0.0,0.0,0.0,0.0,0.0,100.0,100.0,100.0,10000.0,10000.0,10000.0,0,0,0,50.0,0.0,0.0,0,0
876606,70.0,70.0,25.5,,,,,1.0,1.0,1.0,50.0,0.0,0.0,0.0,0.0,0.0,100.0,100.0,100.0,10000.0,10000.0,10000.0,0,0,0,50.0,0.0,0.0,0,0
876806,70.0,70.0,25.5,,,,,1.0,1.0,1.0,50.0,0.0,0.0,0.0,0.0,0.0,100.0,100.0,100.0,10000.0,10000.0,10000.0,0,0,0,50.0,0.0,0.0,0,0
877006,70.0,70.0,25.5,,,,,1.0,1.0,1.0,50.0,0.0,0.0,0.0,0.0,0.0,100.0,100.0,100.0,10000.0,10000.0,10000.0,0,0,0,50.0,0.0,0.0,0,0
877206,70.0,70.0,25.5,,,,,1.0,1.0,1.0,50.0,0.0,0.0,0.0,0.0,0.0,100.0,100.0,100.0,10000.0,10000.0,10000.0,0,0,0,50.0,0.0,0.0,0,0
877406,70.0,70.0,25.5,,,,,1.0,1.0,1.0,50.0,0.0,0.0,0.0,0.0,0.0,100.0,100.0,100.0,10000.0,10000.0,10000.0,0,0,0,50.0,0.0,0.0,0,0
877606,70.0,70.0,25.5,,,,,1.0,1.0,1.0,50.0,0.0,0.0,0.0,0.0,0.0,100.0,100.0,100.0,10000.0,10000.0,10000.0,0,0,0,50.0,0.0,0.0,0,0
877806,70.0,70.0,25.5,,,,,1.0,1.0,1.0,50.0,0.0,0.0,0.0,0.0,0.0,100.0,100.0,100.0,10000.0,10000.0,10000.0,0,0,0,50.0,0.0,0.0,0,0
878006,70.0,70.0,25.5,,,,,1.0,1.0,1.0,50.0,0.0,0.0,0.0,0.0,0.0,100.0,100.0,100.0,10000.0,10000.0,10000.0,0,0,0,50.0,0.0,0.0,0,0
878206,70.0,70.0,25.5,,,,,1.0,1.0,1.0,50.0,0.0,0.0,0.0,0.0,0.0,100.0,100.0,100.0,10000.0,10000.0,10000.0,0,0,0,50.0,0.0,0.0,0,0
878406,70.0,70.0,25.5,,,,,1.0,1.0,1.0,50.0,0.0,0.0,0.0,0.0,0.0,100.0,100.0,100.0,10000.0,10000.0,10000.0,0,0,0,50.0,0.0,0.0,0,0
878606,70.0,70.0,25.5,,,,,1.0,1.0,1.0,50.0,0.0,0.0,0.0,0.0,0.0,100.0,100.0,100.0,10000.0,10000.0,10000.0,0,0,0,50.0,0.0,0.0,0,0
878806,70.0,70.0,25.5,,,,,1.0,1.0,1.0,50.0,0.0,0.0,0.0,0.0,0.0,100.0,100.0,100.0,10000.0,10000.0,10000.0,0,0,0,50.0,0.0,0.0,0,0
879006,70.0,70.0,25.5,,,,,1.0,1.0,1.0,50.0,0.0,0.0,0.0,0.0,0.0,100.0,100.0,100.0,10000.0,10000.0,10000.0,0,0,0,50.0,0.0,0.0,0,0
879206,70.0,70.0,25.5,,,,,1.0,1.0,1.0,50.0,0.0,0.0,0.0,0.0,0.0,100.0,100.0,100.0,10000.0,10000.0,10000.0,0,0,0,50.0,0.0,0.0,0,0
879406,70.0,70.0,25.5,,,,,1.0,1.0,1.0,50.0,0.0,0.0,0.0,0.0,0.0,100.0,100.0,100.0,10000.0,10000.0,10000.0,0,0,0,50.0,0.0,0.0,0,0
879606,70.0,70.0,25.5,,,,,1.0,1.0,1.0,50.0,0.0,0.0,0.0,0.0,0.0,100.0,100.0,100.0,10000.0,10000.0,10000.0,0,0,0,50.0,0.0,0.0,0,0
879806,70.0,70.0,25.5,,,,,1.0,1.0,1.0,50.0,0.0,0.0,0.0,0.0,0.0,100.0,100.0,100.0,10000.0,10000.0,10000.0,0,0,0,50.0,0.0,0.0,0,0
880006,70.0,70.0,25.5,,,,,1.0,1.0,1.0,50.0,0.0,0.0,0.0,0.0,0.0,100.0,100.0,100.0,10000.0,10000.0,10000.0,0,0,0,50.0,0.0,0.0,0,0
880206,70.0,70.0,25.5,,,,,1.0,1.0,1.0,50.0,0.0,0.0,0.0,0.0,0.0,100.0,100.0,100.0,10000.0,10000.0,10000.0,0,0,0,50.0,0.0,0.0,0,0
880406,70.0,70.0,25.5,,,,,1.0,1.0,1.0,50.0,0.0,0.0,0.0,0.0,0.0,100.0,100.0,100.0,10000.0,10000.0,10000.0,0,0,0,50.0,0.0,0.0,0,0
880606,70.0,70.0,25.5,,,,,1.0,1.0,1.0,50.0,0.0,0.0,0.0,0.0,0.0,100.0,100.0,100.0,10000.0,10000.0,10000.0,0,0,0,50.0,0.0,0.0,0,0
880806,70.0,70.0,25.5,,,,,1.0,1.0,1.0,50.0,0.0,0.0,0.0,0.0,0.0,100.0,100.0,100.0,10000.0,10000.0,10000.0,0,0,0,50.0,0.0,0.0,0,0
881006,70.0,70.0,25.5,,,,,1.0,1.0,1.0,50.0,0.0,0.0,0.0,0.0,0.0,100.0,100.0,100.0,10000.0,10000.0,10000.0,0,0,0,50.0,0.0,0.0,0,0
881206,70.0,70.0,25.5,,,,,1.0,1.0,1.0,50.0,0.0,0.0,0.0,0.0,0.0,100.0,100.0,100.0,10000.0,10000.0,10000.0,0,0,0,50.0,0.0,0.0,0,0
881406,70.0,70.0,25.5,,,,,1.0,1.0,1.0,50.0,0.0,0.0,0.0,0.0,0.0,100.0,100.0,100.0,10000.0,10000.0,10000.0,0,0,0,50.0,0.0,0.0,0,0
881606,70.0,70.0,25.5,,,,,1.0,1.0,1.0,50.0,0.0,0.0,0.0,0.0,0.0,100.0,100.0,100.0,10000.0,10000.0,10000.0,0,0,0,50.0,0.0,0.0,0,0
881806,70.0,70.0,25.5,,,,,1.0,1.0,1.0,50.0,0.0,0.0,0.0,0.0,0.0,100.0,100.0,100.0,10000.0,10000.0,10000.0,0,0,0,50.0,0.0,0.0,0,0
882006,70.0,70.0,25.5,,,,,1.0,1.0,1.0,50.0,0.0,0.0,0.0,0.0,0.0,100.0,100.0,100.0,10000.0,10000.0,10000.0,0,0,0,50.0,0.0,0.0,0,0
882206,70.0,70.0,25.5,,,,,1.0,1.0,1.0,50.0,0.0,0.0,0.0,0.0,0.0,100.0,100.0,100.0,10000.0,10000.0,10000.0,0,0,0,50.0,0.0,0.0,0,0
882406,70.0,70.0,25.5,,,,,1.0,1.0,1.0,50.0,0.0,0.0,0.0,0.0,0.0,100.0,100.0,100.0,10000.0,10000.0,10000.0,0,0,0,50.0,0.0,0.0,0,0
882606,70.0,70.0,25.5,,,,,1.0,1.0,1.0,50.0,0.0,0.0,0.0,0.0,0.0,100.0,100.0,100.0,10000.0,10000.0,10000.0,0,0,0,50.0,0.0,0.0,0,0
882806,70.0,70.0,25.5,,,,,1.0,1.0,1.0,50.0,0.0,0.0,0.0,0.0,0.0,100.0,100.0,100.0,10000.0,10000.0,10000.0,0,0,0,50.0,0.0,0.0,0,0
883006,70.0,70.0,25.5,,,,,1.0,1.0,1.0,50.0,0.0,0.0,0.0,0.0,0.0,100.0,100.0,100.0,10000.0,10000.0,10000.0,0,0,0,50.0,0.0,0.0,0,0
883206,70.0,70.0,25.5,,,,,1.0,1.0,1.0,50.0,0.0,0.0,0.0,0.0,0.0,100.0,100.0,100.0,10000.0,10000.0,10000.0,0,0,0,50.0,0.0,0.0,0,0
883406,70.0,70.0,25.5,,,,,1.0,1.0,1.0,50.0,0.0,0.0,0.0,0.0,0.0,100.0,100.0,100.0,10000.0,10000.0,10000.0,0,0,0,50.0,0.0,0.0,0,0
883606,70.0,70.0,25.5,,,,,1.0,1.0,1.0,50.0,0.0,0.0,0.0,0.0,0.0,100.0,100.0,100.0,10000.0,10000.0,10000.0,0,0,0,50.0,0.0,0.0,0,0
883806,70.0,70.0,25.5,,,,,1.0,1.0,1.0,50.0,0.0,0.0,0.0,0.0,0.0,100.0,100.0,100.0,10000.0,10000.0,10000.0,0,0,0,50.0,0.0,0.0,0,0
884006,70.0,70.0,25.5,,,,,1.0,1.0,1.0,50.0,0.0,0.0,0.0,0.0,0.0,100.0,100.0,100.0,10000.0,10000.0,10000.0,0,0,0,50.0,0.0,0.0,0,0
884206,70.0,70.0,25.5,,,,,1.0,1.0,1.0,50.0,0.0,0.0,0.0,0.0,0.0,100.0,100.0,100.0,10000.0,10000.0,10000.0,0,0,0,50.0,0.0,0.0,0,0
884406,70.0,70.0,25.5,,,,,1.0,1.0,1.0,50.0,0.0,0.0,0.0,0.0,0.0,100.0,100.0,100.0,10000.0,10000.0,10000.0,0,0,0,50.0,0.0,0.0,0,0
884606,70.0,70.0,25.5,,,,,1.0,1.0,1.0,50.0,0.0,0.0,0.0,0.0,0.0,100.0,100.0,100.0,10000.0,10000.0,10000.0,0,0,0,50.0,0.0,0.0,0,0
884806,70.0,70.0,25.5,,,,,1.0,1.0,1.0,50.0,0.0,0.0,0.0,0.0,0.0,100.0,100.0,100.0,10000.0,10000.0,10000.0,0,0,0,50.0,0.0,0.0,0,0
885006,70.0,70.0,25.5,,,,,1.0,1.0,1.0,50.0,0.0,0.0,0.0,0.0,0.0,100.0,100.0,100.0,10000.0,10000.0,10000.0,0,0,0,50.0,0.0,0.0,0,0
885206,70.0,70.0,25.5,,,,,1.0,1.0,1.0,50.0,0.0,0.0,0.0,0.0,0.0,100.0,100.0,100.0,10000.0,10000.0,10000.0,0,0,0,50.0,0.0,0.0,0,0
885406,70.0,70.0,25.5,,,,,1.0,1.0,1.0,50.0,0.0,0.0,0.0,0.0,0.0,100.0,100.0,100.0,10000.0,10000.0,10000.0,0,0,0,50.0,0.0,0.0,0,0
885606,70.0,70.0,25.5,,,,,1.0,1.0,1.0,50.0,0.0,0.0,0.0,0.0,0.0,100.0,100.0,100.0,10000.0,10000.0,10000.0,0,0,0,50.0,0.0,0.0,0,0
885806,70.0,70.0,25.5,,,,,1.0,1.0,1.0,50.0,0.0,0.0,0.0,0.0,0.0,100.0,100.0,100.0,10000.0,10000.0,10000.0,0,0,0,50.0,0.0,0.0,0,0
886006,70.0,70.0,25.5,,,,,1.0,1.0,1.0,50.0,0.0,0.0,0.0,0.0,0.0,100.0,100.0,100.0,10000.0,10000.0,10000.0,0,0,0,50.0,0.0,0.0,0,0
886206,70.0,70.0,25.5,,,,,1.0,1.0,1.0,50.0,0.0,0.0,0.0,0.0,0.0,100.0,100.0,100.0,10000.0,10000.0,10000.0,0,0,0,50.0,0.0,0.0,0,0
886406,70.0,70.0,25.5,,,,,1.0,1.0,1.0,50.0,0.0,0.0,0.0,0.0,0.0,100.0,100.0,100.0,10000.0,10000.0,10000.0,0,0,0,50.0,0.0,0.0,0,0
886606,70.0,70.0,25.5,,,,,1.0,1.0,1.0,50.0,0.0,0.0,0.0,0.0,0.0,100.0,100.0,100.0,10000.0,10000.0,10000.0,0,0,0,50.0,0.0,0.0,0,0
886806,70.0,70.0,25.5,,,,,1.0,1.0,1.0,50.0,0.0,0.0,0.0,0.0,0.0,100.0,100.0,100.0,10000.0,10000.0,10000.0,0,0,0,50.0,0.0,0.0,0,0
887006,70.0,70.0,25.5,,,,,1.0,1.0,1.0,50.0,0.0,0.0,0.0,0.0,0.0,100.0,100.0,100.0,10000.0,10000.0,10000.0,0,0,0,50.0,0.0,0.0,0,0
887206,70.0,70.0,26.0,,,,,1.0,1.0,1.0,50.0,0.0,0.0,0.0,0.0,0.0,100.0,100.0,100.0,10000.0,10000.0,10000.0,0,0,0,50.0,0.0,0.0,0,0
887406,70.0,70.0,26.0,,,,,1.0,1.0,1.0,50.0,0.0,0.0,0.0,0.0,0.0,100.0,100.0,100.0,10000.0,10000.0,10000.0,0,0,0,50.0,0.0,0.0,0,0
887606,70.0,70.0,26.0,,,,,1.0,1.0,1.0,50.0,0.0,0.0,0.0,0.0,0.0,100.0,100.0,100.0,10000.0,10000.0,10000.0,0,0,0,50.0,0.0,0.0,0,0
887806,70.0,70.0,25.5,,,,,1.0,1.0,1.0,50.0,0.0,0.0,0.0,0.0,0.0,100.0,100.0,100.0,10000.0,10000.0,10000.0,0,0,0,50.0,0.0,0.0,0,0
888006,70.0,70.0,25.5,,,,,1.0,1.0,1.0,50.0,0.0,0.0,0.0,0.0,0.0,100.0,100.0,100.0,10000.0,10000.0,10000.0,0,0,0,50.0,0.0,0.0,0,0
888206,70.0,70.0,25.5,,,,,1.0,1.0,1.0,50.0,0.0,0.0,0.0,0.0,0.0,100.0,100.0,100.0,10000.0,10000.0,10000.0,0,0,0,50.0,0.0,0.0,0,0
888406,70.0,70.0,25.5,,,,,1.0,1.0,1.0,50.0,0.0,0.0,0.0,0.0,0.0,100.0,100.0,100.0,10000.0,10000.0,10000.0,0,0,0,50.0,0.0,0.0,0,0
888606,70.0,70.0,25.5,,,,,1.0,1.0,1.0,50.0,0.0,0.0,0.0,0.0,0.0,100.0,100.0,100.0,10000.0,10000.0,10000.0,0,0,0,50.0,0.0,0.0,0,0
888806,70.0,70.0,25.5,,,,,1.0,1.0,1.0,50.0,0.0,0.0,0.0,0.0,0.0,100.0,100.0,100.0,10000.0,10000.0,10000.0,0,0,0,50.0,0.0,0.0,0,0
889006,70.0,70.0,25.5,,,,,1.0,1.0,1.0,50.0,0.0,0.0,0.0,0.0,0.0,100.0,100.0,100.0,10000.0,10000.0,10000.0,0,0,0,50.0,0.0,0.0,0,0
889206,70.0,70.0,25.5,,,,,1.0,1.0,1.0,50.0,0.0,0.0,0.0,0.0,0.0,100.0,100.0,100.0,10000.0,10000.0,10000.0,0,0,0,50.0,0.0,0.0,0,0
889406,70.0,70.0,25.5,,,,,1.0,1.0,1.0,50.0,0.0,0.0,0.0,0.0,0.0,100.0,100.0,100.0,10000.0,10000.0,10000.0,0,0,0,50.0,0.0,0.0,0,0
889606,70.0,70.0,25.5,,,,,1.0,1.0,1.0,50.0,0.0,0.0,0.0,0.0,0.0,100.0,100.0,100.0,10000.0,10000.0,10000.0,0,0,0,50.0,0.0,0.0,0,0
889806,70.0,70.0,25.5,,,,,1.0,1.0,1.0,50.0,0.0,0.0,0.0,0.0,0.0,100.0,100.0,100.0,10000.0,10000.0,10000.0,0,0,0,50.0,0.0,0.0,0,0
890006,70.0,70.0,25.5,,,,,1.0,1.0,1.0,50.0,0.0,0.0,0.0,0.0,0.0,100.0,100.0,100.0,10000.0,10000.0,10000.0,0,0,0,50.0,0.0,0.0,0,0
890206,70.0,70.0,25.5,,,,,1.0,1.0,1.0,50.0,0.0,0.0,0.0,0.0,0.0,100.0,100.0,100.0,10000.0,10000.0,10000.0,0,0,0,50.0,0.0,0.0,0,0
890406,70.0,70.0,25.5,,,,,1.0,1.0,1.0,50.0,0.0,0.0,0.0,0.0,0.0,100.0,100.0,100.0,10000.0,10000.0,10000.0,0,0,0,50.0,0.0,0.0,0,0
890606,70.0,70.0,25.5,,,,,1.0,1.0,1.0,50.0,0.0,0.0,0.0,0.0,0.0,100.0,100.0,100.0,10000.0,10000.0,10000.0,0,0,0,50.0,0.0,0.0,0,0
890806,70.0,70.0,25.5,,,,,1.0,1.0,1.0,50.0,0.0,0.0,0.0,0.0,0.0,100.0,100.0,100.0,10000.0,10000.0,10000.0,0,0,0,50.0,0.0,0.0,0,0
891006,70.0,70.0,25.5,,,,,1.0,1.0,1.0,50.0,0.0,0.0,0.0,0.0,0.0,100.0,100.0,100.0,10000.0,10000.0,10000.0,0,0,0,50.0,0.0,0.0,0,0
891206,70.0,70.0,25.5,,,,,1.0,1.0,1.0,50.0,0.0,0.0,0.0,0.0,0.0,100.0,100.0,100.0,10000.0,10000.0,10000.0,0,0,0,50.0,0.0,0.0,0,0
891406,70.0,70.0,25.5,,,,,1.0,1.0,1.0,50.0,0.0,0.0,0.0,0.0,0.0,100.0,100.0,100.0,10000.0,10000.0,10000.0,0,0,0,50.0,0.0,0.0,0,0
891606,70.0,70.0,25.5,,,,,1.0,1.0,1.0,50.0,0.0,0.0,0.0,0.0,0.0,100.0,100.0,100.0,10000.0,10000.0,10000.0,0,0,0,50.0,0.0,0.0,0,0
891806,70.0,70.0,25.5,,,,,1.0,1.0,1.0,50.0,0.0,0.0,0.0,0.0,0.0,100.0,100.0,100.0,10000.0,10000.0,10000.0,0,0,0,50.0,0.0,0.0,0,0
892006,70.0,70.0,25.5,,,,,1.0,1.0,1.0,50.0,0.0,0.0,0.0,0.0,0.0,100.0,100.0,100.0,10000.0,10000.0,10000.0,0,0,0,50.0,0.0,0.0,0,0
892206,70.0,70.0,25.5,,,,,1.0,1.0,1.0,50.0,0.0,0.0,0.0,0.0,0.0,100.0,100.0,100.0,10000.0,10000.0,10000.0,0,0,0,50.0,0.0,0.0,0,0
892406,70.0,70.0,25.5,,,,,1.0,1.0,1.0,50.0,0.0,0.0,0.0,0.0,0.0,100.0,100.0,100.0,10000.0,10000.0,10000.0,0,0,0,50.0,0.0,0.0,0,0
892606,70.0,70.0,25.5,,,,,1.0,1.0,1.0,50.0,0.0,0.0,0.0,0.0,0.0,100.0,100.0,100.0,10000.0,10000.0,10000.0,0,0,0,50.0,0.0,0.0,0,0
892806,70.0,70.0,25.5,,,,,1.0,1.0,1.0,50.0,0.0,0.0,0.0,0.0,0.0,100.0,100.0,100.0,10000.0,10000.0,10000.0,0,0,0,50.0,0.0,0.0,0,0
893006,70.0,70.0,25.5,,,,,1.0,1.0,1.0,50.0,0.0,0.0,0.0,0.0,0.0,100.0,100.0,100.0,10000.0,10000.0,10000.0,0,0,0,50.0,0.0,0.0,0,0
893206,70.0,70.0,25.5,,,,,1.0,1.0,1.0,50.0,0.0,0.0,0.0,0.0,0.0,100.0,100.0,100.0,10000.0,10000.0,10000.0,0,0,0,50.0,0.0,0.0,0,0
893406,70.0,70.0,25.5,,,,,1.0,1.0,1.0,50.0,0.0,0.0,0.0,0.0,0.0,100.0,100.0,100.0,10000.0,10000.0,10000.0,0,0,0,50.0,0.0,0.0,0,0
893606,70.0,70.0,25.5,,,,,1.0,1.0,1.0,50.0,0.0,0.0,0.0,0.0,0.0,100.0,100.0,100.0,10000.0,10000.0,10000.0,0,0,0,50.0,0.0,0.0,0,0
893806,70.0,70.0,25.5,,,,,1.0,1.0,1.0,50.0,0.0,0.0,0.0,0.0,0.0,100.0,100.0,100.0,10000.0,10000.0,10000.0,0,0,0,50.0,0.0,0.0,0,0
894006,70.0,70.0,25.5,,,,,1.0,1.0,1.0,50.0,0.0,0.0,0.0,0.0,0.0,100.0,100.0,100.0,10000.0,10000.0,10000.0,0,0,0,50.0,0.0,0.0,0,0
894206,70.0,70.0,25.5,,,,,1.0,1.0,1.0,50.0,0.0,0.0,0.0,0.0,0.0,100.0,100.0,100.0,10000.0,10000.0,10000.0,0,0,0,50.0,0.0,0.0,0,0
894406,70.0,70.0,25.5,,,,,1.0,1.0,1.0,50.0,0.0,0.0,0.0,0.0,0.0,100.0,100.0,100.0,10000.0,10000.0,10000.0,0,0,0,50.0,0.0,0.0,0,0
894606,70.0,70.0,25.5,,,,,1.0,1.0,1.0,50.0,0.0,0.0,0.0,0.0,0.0,100.0,100.0,100.0,10000.0,10000.0,10000.0,0,0,0,50.0,0.0,0.0,0,0
894806,70.0,70.0,25.5,,,,,1.0,1.0,1.0,50.0,0.0,0.0,0.0,0.0,0.0,100.0,100.0,100.0,10000.0,10000.0,10000.0,0,0,0,50.0,0.0,0.0,0,0
895006,70.0,70.0,25.5,,,,,1.0,1.0,1.0,50.0,0.0,0.0,0.0,0.0,0.0,100.0,100.0,100.0,10000.0,10000.0,10000.0,0,0,0,50.0,0.0,0.0,0,0
