TIME,H1_TEMP,H2_TEMP,AMB_TEMP,SP1_ABS,SP2_ABS,SP1_REL,SP2_REL,H1_MUL_NOISE,H2_MUL_NOISE,F_MUL_NOISE,H1_ADD_NOISE,H2_ADD_NOISE,F_ADD_NOISE,H1_NEG_SAT,H2_NEG_SAT,F_NEG_SAT,H1_POS_SAT,H2_POS_SAT,F_POS_SAT,H1_RATE_SAT,H2_RATE_SAT,F_RATE_SAT,H1_C_PWM,H2_C_PWM,F_C_PWM,H1_D_PWM,H2_D_PWM,F_D_PWM,CTRL_ACTION,CTRL_TIME
200,17.5,17.5,17.0,0.0,0.0,0.0,0.0,1.0,1.0,1.0,0.0,0.0,0.0,0.0,0.0,0.0,100.0,100.0,100.0,1000.0,1000.0,1000.0,-7.136353689747005,0,0,0.0,0.0,0.0,1,0
400,17.5,17.5,17.0,0.0,0.0,0.0,0.0,1.0,1.0,1.0,0.0,0.0,0.0,0.0,0.0,0.0,100.0,100.0,100.0,1000.0,1000.0,1000.0,-7.136353689747005,0,0,0.0,0.0,0.0,0,0
600,17.5,17.5,17.0,0.0,0.0,0.0,0.0,1.0,1.0,1.0,0.0,0.0,0.0,0.0,0.0,0.0,100.0,100.0,100.0,1000.0,1000.0,1000.0,-7.136353689747005,0,0,0.0,0.0,0.0,0,0
800,17.5,17.5,17.0,0.0,0.0,0.0,0.0,1.0,1.0,1.0,0.0,0.0,0.0,0.0,0.0,0.0,100.0,100.0,100.0,1000.0,1000.0,1000.0,-7.136353689747005,0,0,0.0,0.0,0.0,0,0
1000,17.5,17.5,17.0,0.0,0.0,0.0,0.1,1.0,1.0,1.0,0.0,0.0,0.0,0.0,0.0,0.0,100.0,100.0,100.0,1000.0,1000.0,1000.0,-7.136353689747005,0,0,0.0,0.0,0.0,0,0
1200,17.5,17.5,17.0,0.0,0.0,0.0,0.1,1.0,1.0,1.0,0.0,0.0,0.0,0.0,0.0,0.0,100.0,100.0,100.0,1000.0,1000.0,1000.0,-7.136353689747005,0,0,0.0,0.0,0.0,0,0
1400,17.5,17.5,17.0,0.0,0.0,0.0,0.1,1.0,1.0,1.0,0.0,0.0,0.0,0.0,0.0,0.0,100.0,100.0,100.0,1000.0,1000.0,1000.0,-7.136353689747005,0,0,0.0,0.0,0.0,0,0
1600,17.5,17.5,17.0,0.0,0.0,0.0,0.1,1.0,1.0,1.0,0.0,0.0,0.0,0.0,0.0,0.0,100.0,100.0,100.0,1000.0,1000.0,1000.0,-7.136353689747005,0,0,0.0,0.0,0.0,0,0
1800,17.5,17.5,17.0,0.0,0.0,0.0,0.1,1.0,1.0,1.0,0.0,0.0,0.0,0.0,0.0,0.0,100.0,100.0,100.0,1000.0,1000.0,1000.0,-7.136353689747005,0,0,0.0,0.0,0.0,0,0
2000,17.5,17.5,17.0,0.0,0.0,0.0,0.2,1.0,1.0,1.0,0.0,0.0,0.0,0.0,0.0,0.0,100.0,100.0,100.0,1000.0,1000.0,1000.0,-7.136353689747005,0,0,0.0,0.0,0.0,0,0
2200,17.5,17.5,17.0,0.0,0.0,0.0,0.2,1.0,1.0,1.0,0.0,0.0,0.0,0.0,0.0,0.0,100.0,100.0,100.0,1000.0,1000.0,1000.0,-7.136353689747005,0,0,0.0,0.0,0.0,0,0
2400,17.5,17.5,17.0,0.0,0.0,0.0,0.2,1.0,1.0,1.0,0.0,0.0,0.0,0.0,0.0,0.0,100.0,100.0,100.0,1000.0,1000.0,1000.0,-7.136353689747005,0,0,0.0,0.0,0.0,0,0
2600,17.5,17.5,17.0,0.0,0.0,0.0,0.2,1.0,1.0,1.0,0.0,0.0,0.0,0.0,0.0,0.0,100.0,100.0,100.0,1000.0,1000.0,1000.0,-7.136353689747005,0,0,0.0,0.0,0.0,0,0
2800,17.5,17.5,17.0,0.0,0.0,0.0,0.2,1.0,1.0,1.0,0.0,0.0,0.0,0.0,0.0,0.0,100.0,100.0,100.0,1000.0,1000.0,1000.0,-7.136353689747005,0,0,0.0,0.0,0.0,0,0
3000,17.5,17.5,17.0,0.0,0.0,0.0,0.3,1.0,1.0,1.0,0.0,0.0,0.0,0.0,0.0,0.0,100.0,100.0,100.0,1000.0,1000.0,1000.0,-7.136353689747005,0,0,0.0,0.0,0.0,0,0
3200,17.5,17.5,17.0,0.0,0.0,0.0,0.3,1.0,1.0,1.0,0.0,0.0,0.0,0.0,0.0,0.0,100.0,100.0,100.0,1000.0,1000.0,1000.0,-7.136353689747005,0,0,0.0,0.0,0.0,0,0
3400,17.5,17.5,17.0,0.0,0.0,0.0,0.3,1.0,1.0,1.0,0.0,0.0,0.0,0.0,0.0,0.0,100.0,100.0,100.0,1000.0,1000.0,1000.0,-7.136353689747005,0,0,0.0,0.0,0.0,0,0
3600,17.5,17.5,17.0,0.0,0.0,0.0,0.3,1.0,1.0,1.0,0.0,0.0,0.0,0.0,0.0,0.0,100.0,100.0,100.0,1000.0,1000.0,1000.0,-7.136353689747005,0,0,0.0,0.0,0.0,0,0
3800,17.5,17.5,17.0,0.0,0.0,0.0,0.3,1.0,1.0,1.0,0.0,0.0,0.0,0.0,0.0,0.0,100.0,100.0,100.0,1000.0,1000.0,1000.0,-7.136353689747005,0,0,0.0,0.0,0.0,0,0
4000,17.5,17.5,17.0,0.0,0.0,0.0,0.4,1.0,1.0,1.0,0.0,0.0,0.0,0.0,0.0,0.0,100.0,100.0,100.0,1000.0,1000.0,1000.0,-7.136353689747005,0,0,0.0,0.0,0.0,0,0
4200,17.5,17.5,17.0,0.0,0.0,0.0,0.4,1.0,1.0,1.0,0.0,0.0,0.0,0.0,0.0,0.0,100.0,100.0,100.0,1000.0,1000.0,1000.0,-7.136353689747005,0,0,0.0,0.0,0.0,0,0
4400,17.5,17.5,17.0,0.0,0.0,0.0,0.4,1.0,1.0,1.0,0.0,0.0,0.0,0.0,0.0,0.0,100.0,100.0,100.0,1000.0,1000.0,1000.0,-7.136353689747005,0,0,0.0,0.0,0.0,0,0
4600,17.5,17.5,17.0,0.0,0.0,0.0,0.4,1.0,1.0,1.0,0.0,0.0,0.0,0.0,0.0,0.0,100.0,100.0,100.0,1000.0,1000.0,1000.0,-7.136353689747005,0,0,0.0,0.0,0.0,0,0
4800,17.5,17.5,17.0,0.0,0.0,0.0,0.4,1.0,1.0,1.0,0.0,0.0,0.0,0.0,0.0,0.0,100.0,100.0,100.0,1000.0,1000.0,1000.0,-7.136353689747005,0,0,0.0,0.0,0.0,0,0
5000,17.5,17.5,17.0,0.0,0.0,0.0,0.5,1.0,1.0,1.0,0.0,0.0,0.0,0.0,0.0,0.0,100.0,100.0,100.0,1000.0,1000.0,1000.0,-7.136353689747005,0,0,0.0,0.0,0.0,0,0
5200,17.5,17.5,17.0,0.0,0.0,0.0,0.5,1.0,1.0,1.0,0.0,0.0,0.0,0.0,0.0,0.0,100.0,100.0,100.0,1000.0,1000.0,1000.0,-7.136353689747005,0,0,0.0,0.0,0.0,0,0
5400,17.5,17.5,17.0,0.0,0.0,0.0,0.5,1.0,1.0,1.0,0.0,0.0,0.0,0.0,0.0,0.0,100.0,100.0,100.0,1000.0,1000.0,1000.0,-7.136353689747005,0,0,0.0,0.0,0.0,0,0
5600,17.5,17.5,17.0,0.0,0.0,0.0,0.5,1.0,1.0,1.0,0.0,0.0,0.0,0.0,0.0,0.0,100.0,100.0,100.0,1000.0,1000.0,1000.0,-7.136353689747005,0,0,0.0,0.0,0.0,0,0
5800,17.5,17.5,17.0,0.0,0.0,0.0,0.5,1.0,1.0,1.0,0.0,0.0,0.0,0.0,0.0,0.0,100.0,100.0,100.0,1000.0,1000.0,1000.0,-7.136353689747005,0,0,0.0,0.0,0.0,0,0
6000,17.5,17.5,17.0,0.0,0.0,0.0,0.6,1.0,1.0,1.0,0.0,0.0,0.0,0.0,0.0,0.0,100.0,100.0,100.0,1000.0,1000.0,1000.0,-7.136353689747005,0,0,0.0,0.0,0.0,0,0
6200,17.5,17.5,17.0,0.0,0.0,0.0,0.6,1.0,1.0,1.0,0.0,0.0,0.0,0.0,0.0,0.0,100.0,100.0,100.0,1000.0,1000.0,1000.0,-7.136353689747005,0,0,0.0,0.0,0.0,0,0
6400,17.5,17.5,17.0,0.0,0.0,0.0,0.6,1.0,1.0,1.0,0.0,0.0,0.0,0.0,0.0,0.0,100.0,100.0,100.0,1000.0,1000.0,1000.0,-7.136353689747005,0,0,0.0,0.0,0.0,0,0
6600,17.5,17.5,17.0,0.0,0.0,0.0,0.6,1.0,1.0,1.0,0.0,0.0,0.0,0.0,0.0,0.0,100.0,100.0,100.0,1000.0,1000.0,1000.0,-7.136353689747005,0,0,0.0,0.0,0.0,0,0
6800,17.5,17.5,17.0,0.0,0.0,0.0,0.6,1.0,1.0,1.0,0.0,0.0,0.0,0.0,0.0,0.0,100.0,100.0,100.0,1000.0,1000.0,1000.0,-7.136353689747005,0,0,0.0,0.0,0.0,0,0
7000,17.5,17.5,17.0,0.0,0.0,0.0,0.7,1.0,1.0,1.0,0.0,0.0,0.0,0.0,0.0,0.0,100.0,100.0,100.0,1000.0,1000.0,1000.0,-7.136353689747005,0,0,0.0,0.0,0.0,0,0
7200,17.5,17.5,17.0,0.0,0.0,0.0,0.7,1.0,1.0,1.0,0.0,0.0,0.0,0.0,0.0,0.0,100.0,100.0,100.0,1000.0,1000.0,1000.0,-7.136353689747005,0,0,0.0,0.0,0.0,0,0
7400,17.5,17.5,17.0,0.0,0.0,0.0,0.7,1.0,1.0,1.0,0.0,0.0,0.0,0.0,0.0,0.0,100.0,100.0,100.0,1000.0,1000.0,1000.0,-7.136353689747005,0,0,0.0,0.0,0.0,0,0
7600,17.5,17.5,17.0,0.0,0.0,0.0,0.7,1.0,1.0,1.0,0.0,0.0,0.0,0.0,0.0,0.0,100.0,100.0,100.0,1000.0,1000.0,1000.0,-7.136353689747005,0,0,0.0,0.0,0.0,0,0
7800,17.5,17.5,17.0,0.0,0.0,0.0,0.7,1.0,1.0,1.0,0.0,0.0,0.0,0.0,0.0,0.0,100.0,100.0,100.0,1000.0,1000.0,1000.0,-7.136353689747005,0,0,0.0,0.0,0.0,0,0
8000,17.5,17.5,17.0,0.0,0.0,0.0,0.8,1.0,1.0,1.0,0.0,0.0,0.0,0.0,0.0,0.0,100.0,100.0,100.0,1000.0,1000.0,1000.0,-7.136353689747005,0,0,0.0,0.0,0.0,0,0
8200,17.5,17.5,17.0,0.0,0.0,0.0,0.8,1.0,1.0,1.0,0.0,0.0,0.0,0.0,0.0,0.0,100.0,100.0,100.0,1000.0,1000.0,1000.0,-7.136353689747005,0,0,0.0,0.0,0.0,0,0
8400,17.5,17.5,17.0,0.0,0.0,0.0,0.8,1.0,1.0,1.0,0.0,0.0,0.0,0.0,0.0,0.0,100.0,100.0,100.0,1000.0,1000.0,1000.0,-7.136353689747005,0,0,0.0,0.0,0.0,0,0
8600,17.5,17.5,17.0,0.0,0.0,0.0,0.8,1.0,1.0,1.0,0.0,0.0,0.0,0.0,0.0,0.0,100.0,100.0,100.0,1000.0,1000.0,1000.0,-7.136353689747005,0,0,0.0,0.0,0.0,0,0
8800,17.5,17.5,17.0,0.0,0.0,0.0,0.8,1.0,1.0,1.0,0.0,0.0,0.0,0.0,0.0,0.0,100.0,100.0,100.0,1000.0,1000.0,1000.0,-7.136353689747005,0,0,0.0,0.0,0.0,0,0
9000,17.5,17.5,17.0,0.0,0.0,0.0,0.9,1.0,1.0,1.0,0.0,0.0,0.0,0.0,0.0,0.0,100.0,100.0,100.0,1000.0,1000.0,1000.0,-7.136353689747005,0,0,0.0,0.0,0.0,0,0
9200,17.5,17.5,17.0,0.0,0.0,0.0,0.9,1.0,1.0,1.0,0.0,0.0,0.0,0.0,0.0,0.0,100.0,100.0,100.0,1000.0,1000.0,1000.0,-7.136353689747005,0,0,0.0,0.0,0.0,0,0
9400,17.5,17.5,17.0,0.0,0.0,0.0,0.9,1.0,1.0,1.0,0.0,0.0,0.0,0.0,0.0,0.0,100.0,100.0,100.0,1000.0,1000.0,1000.0,-7.136353689747005,0,0,0.0,0.0,0.0,0,0
9600,17.5,17.5,17.0,0.0,0.0,0.0,0.9,1.0,1.0,1.0,0.0,0.0,0.0,0.0,0.0,0.0,100.0,100.0,100.0,1000.0,1000.0,1000.0,-7.136353689747005,0,0,0.0,0.0,0.0,0,0
9800,17.5,17.5,17.0,0.0,0.0,0.0,0.9,1.0,1.0,1.0,0.0,0.0,0.0,0.0,0.0,0.0,100.0,100.0,100.0,1000.0,1000.0,1000.0,-7.136353689747005,0,0,0.0,0.0,0.0,0,0
10000,17.5,17.5,17.0,0.0,0.0,0.0,1.0,1.0,1.0,1.0,0.0,0.0,0.0,0.0,0.0,0.0,100.0,100.0,100.0,1000.0,1000.0,1000.0,-7.136353689747005,0,0,0.0,0.0,0.0,0,0
10200,17.5,17.5,17.0,0.0,0.0,0.0,1.0,1.0,1.0,1.0,0.0,0.0,0.0,0.0,0.0,0.0,100.0,100.0,100.0,1000.0,1000.0,1000.0,-7.136353689747005,0,0,0.0,0.0,0.0,0,0
10400,17.5,17.5,17.0,0.0,0.0,0.0,1.0,1.0,1.0,1.0,0.0,0.0,0.0,0.0,0.0,0.0,100.0,100.0,100.0,1000.0,1000.0,1000.0,-7.136353689747005,0,0,0.0,0.0,0.0,0,0
10600,17.5,17.5,17.0,0.0,0.0,0.0,1.0,1.0,1.0,1.0,0.0,0.0,0.0,0.0,0.0,0.0,100.0,100.0,100.0,1000.0,1000.0,1000.0,-7.136353689747005,0,0,0.0,0.0,0.0,0,0
10800,17.5,17.5,17.0,0.0,0.0,0.0,1.0,1.0,1.0,1.0,0.0,0.0,0.0,0.0,0.0,0.0,100.0,100.0,100.0,1000.0,1000.0,1000.0,-7.136353689747005,0,0,0.0,0.0,0.0,0,0
11000,17.5,17.5,17.0,0.0,0.0,0.0,1.1,1.0,1.0,1.0,0.0,0.0,0.0,0.0,0.0,0.0,100.0,100.0,100.0,1000.0,1000.0,1000.0,-7.136353689747005,0,0,0.0,0.0,0.0,0,0
11200,17.5,17.5,17.0,0.0,0.0,0.0,1.1,1.0,1.0,1.0,0.0,0.0,0.0,0.0,0.0,0.0,100.0,100.0,100.0,1000.0,1000.0,1000.0,-7.136353689747005,0,0,0.0,0.0,0.0,0,0
11400,17.5,17.5,17.0,0.0,0.0,0.0,1.1,1.0,1.0,1.0,0.0,0.0,0.0,0.0,0.0,0.0,100.0,100.0,100.0,1000.0,1000.0,1000.0,-7.136353689747005,0,0,0.0,0.0,0.0,0,0
11600,17.5,17.5,17.0,0.0,0.0,0.0,1.1,1.0,1.0,1.0,0.0,0.0,0.0,0.0,0.0,0.0,100.0,100.0,100.0,1000.0,1000.0,1000.0,-7.136353689747005,0,0,0.0,0.0,0.0,0,0
11800,17.5,17.5,17.0,0.0,0.0,0.0,1.1,1.0,1.0,1.0,0.0,0.0,0.0,0.0,0.0,0.0,100.0,100.0,100.0,1000.0,1000.0,1000.0,-7.136353689747005,0,0,0.0,0.0,0.0,0,0
12000,17.5,17.5,17.0,0.0,0.0,0.0,1.2,1.0,1.0,1.0,0.0,0.0,0.0,0.0,0.0,0.0,100.0,100.0,100.0,1000.0,1000.0,1000.0,-7.136353689747005,0,0,0.0,0.0,0.0,0,0
12200,17.5,17.5,17.0,0.0,0.0,0.0,1.2,1.0,1.0,1.0,0.0,0.0,0.0,0.0,0.0,0.0,100.0,100.0,100.0,1000.0,1000.0,1000.0,-7.136353689747005,0,0,0.0,0.0,0.0,0,0
12400,17.5,17.5,17.0,0.0,0.0,0.0,1.2,1.0,1.0,1.0,0.0,0.0,0.0,0.0,0.0,0.0,100.0,100.0,100.0,1000.0,1000.0,1000.0,-7.136353689747005,0,0,0.0,0.0,0.0,0,0
12600,17.5,17.5,17.0,0.0,0.0,0.0,1.2,1.0,1.0,1.0,0.0,0.0,0.0,0.0,0.0,0.0,100.0,100.0,100.0,1000.0,1000.0,1000.0,-7.136353689747005,0,0,0.0,0.0,0.0,0,0
12800,17.5,17.5,17.0,0.0,0.0,0.0,1.2,1.0,1.0,1.0,0.0,0.0,0.0,0.0,0.0,0.0,100.0,100.0,100.0,1000.0,1000.0,1000.0,-7.136353689747005,0,0,0.0,0.0,0.0,0,0
13000,17.5,17.5,17.0,0.0,0.0,0.0,1.3,1.0,1.0,1.0,0.0,0.0,0.0,0.0,0.0,0.0,100.0,100.0,100.0,1000.0,1000.0,1000.0,-7.136353689747005,0,0,0.0,0.0,0.0,0,0
13200,17.5,17.5,17.0,0.0,0.0,0.0,1.3,1.0,1.0,1.0,0.0,0.0,0.0,0.0,0.0,0.0,100.0,100.0,100.0,1000.0,1000.0,1000.0,-7.136353689747005,0,0,0.0,0.0,0.0,0,0
13400,17.5,17.5,17.0,0.0,0.0,0.0,1.3,1.0,1.0,1.0,0.0,0.0,0.0,0.0,0.0,0.0,100.0,100.0,100.0,1000.0,1000.0,1000.0,-7.136353689747005,0,0,0.0,0.0,0.0,0,0
13600,17.5,17.5,17.0,0.0,0.0,0.0,1.3,1.0,1.0,1.0,0.0,0.0,0.0,0.0,0.0,0.0,100.0,100.0,100.0,1000.0,1000.0,1000.0,-7.136353689747005,0,0,0.0,0.0,0.0,0,0
13800,17.5,17.5,17.0,0.0,0.0,0.0,1.3,1.0,1.0,1.0,0.0,0.0,0.0,0.0,0.0,0.0,100.0,100.0,100.0,1000.0,1000.0,1000.0,-7.136353689747005,0,0,0.0,0.0,0.0,0,0
14000,17.5,17.5,17.0,0.0,0.0,0.0,1.4,1.0,1.0,1.0,0.0,0.0,0.0,0.0,0.0,0.0,100.0,100.0,100.0,1000.0,1000.0,1000.0,-7.136353689747005,0,0,0.0,0.0,0.0,0,0
14200,17.5,17.5,17.0,0.0,0.0,0.0,1.4,1.0,1.0,1.0,0.0,0.0,0.0,0.0,0.0,0.0,100.0,100.0,100.0,1000.0,1000.0,1000.0,-7.136353689747005,0,0,0.0,0.0,0.0,0,0
14400,17.5,17.5,17.0,0.0,0.0,0.0,1.4,1.0,1.0,1.0,0.0,0.0,0.0,0.0,0.0,0.0,100.0,100.0,100.0,1000.0,1000.0,1000.0,-7.136353689747005,0,0,0.0,0.0,0.0,0,0
14600,17.5,17.5,17.0,0.0,0.0,0.0,1.4,1.0,1.0,1.0,0.0,0.0,0.0,0.0,0.0,0.0,100.0,100.0,100.0,1000.0,1000.0,1000.0,-7.136353689747005,0,0,0.0,0.0,0.0,0,0
14800,17.5,17.5,17.0,0.0,0.0,0.0,1.4,1.0,1.0,1.0,0.0,0.0,0.0,0.0,0.0,0.0,100.0,100.0,100.0,1000.0,1000.0,1000.0,-7.136353689747005,0,0,0.0,0.0,0.0,0,0
15000,17.5,17.5,17.0,0.0,0.0,0.0,1.5,1.0,1.0,1.0,0.0,0.0,0.0,0.0,0.0,0.0,100.0,100.0,100.0,1000.0,1000.0,1000.0,-7.136353689747005,0,0,0.0,0.0,0.0,0,0
15200,17.5,17.5,17.0,0.0,0.0,0.0,1.5,1.0,1.0,1.0,0.0,0.0,0.0,0.0,0.0,0.0,100.0,100.0,100.0,1000.0,1000.0,1000.0,24.841178802000933,0,0,24.841178802000933,0.0,0.0,1,0
15400,17.5,17.5,17.0,0.0,0.0,0.0,1.5,1.0,1.0,1.0,0.0,0.0,0.0,0.0,0.0,0.0,100.0,100.0,100.0,1000.0,1000.0,1000.0,24.841178802000933,0,0,24.841178802000933,0.0,0.0,0,0
15600,17.5,17.5,17.0,0.0,0.0,0.0,1.5,1.0,1.0,1.0,0.0,0.0,0.0,0.0,0.0,0.0,100.0,100.0,100.0,1000.0,1000.0,1000.0,24.841178802000933,0,0,24.841178802000933,0.0,0.0,0,0
15800,17.5,17.5,17.0,0.0,0.0,0.0,1.5,1.0,1.0,1.0,0.0,0.0,0.0,0.0,0.0,0.0,100.0,100.0,100.0,1000.0,1000.0,1000.0,24.841178802000933,0,0,24.841178802000933,0.0,0.0,0,0
16000,17.5,17.5,17.0,0.0,0.0,0.0,1.6,1.0,1.0,1.0,0.0,0.0,0.0,0.0,0.0,0.0,100.0,100.0,100.0,1000.0,1000.0,1000.0,24.841178802000933,0,0,24.841178802000933,0.0,0.0,0,0
16200,17.5,17.5,17.0,0.0,0.0,0.0,1.6,1.0,1.0,1.0,0.0,0.0,0.0,0.0,0.0,0.0,100.0,100.0,100.0,1000.0,1000.0,1000.0,24.841178802000933,0,0,24.841178802000933,0.0,0.0,0,0
16400,17.5,17.5,17.0,0.0,0.0,0.0,1.6,1.0,1.0,1.0,0.0,0.0,0.0,0.0,0.0,0.0,100.0,100.0,100.0,1000.0,1000.0,1000.0,24.841178802000933,0,0,24.841178802000933,0.0,0.0,0,0
16600,17.5,17.5,17.0,0.0,0.0,0.0,1.6,1.0,1.0,1.0,0.0,0.0,0.0,0.0,0.0,0.0,100.0,100.0,100.0,1000.0,1000.0,1000.0,24.841178802000933,0,0,24.841178802000933,0.0,0.0,0,0
16800,17.5,17.5,17.0,0.0,0.0,0.0,1.6,1.0,1.0,1.0,0.0,0.0,0.0,0.0,0.0,0.0,100.0,100.0,100.0,1000.0,1000.0,1000.0,24.841178802000933,0,0,24.841178802000933,0.0,0.0,0,0
17000,17.5,18.0,17.0,0.0,0.0,0.0,1.7,1.0,1.0,1.0,0.0,0.0,0.0,0.0,0.0,0.0,100.0,100.0,100.0,1000.0,1000.0,1000.0,24.841178802000933,0,0,24.841178802000933,0.0,0.0,0,0
17200,17.5,18.0,17.0,0.0,0.0,0.0,1.7,1.0,1.0,1.0,0.0,0.0,0.0,0.0,0.0,0.0,100.0,100.0,100.0,1000.0,1000.0,1000.0,24.841178802000933,0,0,24.841178802000933,0.0,0.0,0,0
17400,17.5,17.5,17.0,0.0,0.0,0.0,1.7,1.0,1.0,1.0,0.0,0.0,0.0,0.0,0.0,0.0,100.0,100.0,100.0,1000.0,1000.0,1000.0,24.841178802000933,0,0,24.841178802000933,0.0,0.0,0,0
17600,17.5,17.5,17.0,0.0,0.0,0.0,1.7,1.0,1.0,1.0,0.0,0.0,0.0,0.0,0.0,0.0,100.0,100.0,100.0,1000.0,1000.0,1000.0,24.841178802000933,0,0,24.841178802000933,0.0,0.0,0,0
17800,17.5,17.5,17.0,0.0,0.0,0.0,1.7,1.0,1.0,1.0,0.0,0.0,0.0,0.0,0.0,0.0,100.0,100.0,100.0,1000.0,1000.0,1000.0,24.841178802000933,0,0,24.841178802000933,0.0,0.0,0,0
18000,17.5,17.5,17.0,0.0,0.0,0.0,1.8,1.0,1.0,1.0,0.0,0.0,0.0,0.0,0.0,0.0,100.0,100.0,100.0,1000.0,1000.0,1000.0,24.841178802000933,0,0,24.841178802000933,0.0,0.0,0,0
18200,17.5,17.5,17.0,0.0,0.0,0.0,1.8,1.0,1.0,1.0,0.0,0.0,0.0,0.0,0.0,0.0,100.0,100.0,100.0,1000.0,1000.0,1000.0,24.841178802000933,0,0,24.841178802000933,0.0,0.0,0,0
18400,17.5,17.5,17.0,0.0,0.0,0.0,1.8,1.0,1.0,1.0,0.0,0.0,0.0,0.0,0.0,0.0,100.0,100.0,100.0,1000.0,1000.0,1000.0,24.841178802000933,0,0,24.841178802000933,0.0,0.0,0,0
18600,17.5,17.5,17.0,0.0,0.0,0.0,1.8,1.0,1.0,1.0,0.0,0.0,0.0,0.0,0.0,0.0,100.0,100.0,100.0,1000.0,1000.0,1000.0,24.841178802000933,0,0,24.841178802000933,0.0,0.0,0,0
18800,17.5,17.5,17.0,0.0,0.0,0.0,1.8,1.0,1.0,1.0,0.0,0.0,0.0,0.0,0.0,0.0,100.0,100.0,100.0,1000.0,1000.0,1000.0,24.841178802000933,0,0,24.841178802000933,0.0,0.0,0,0
19000,17.5,17.5,17.0,0.0,0.0,0.0,1.9,1.0,1.0,1.0,0.0,0.0,0.0,0.0,0.0,0.0,100.0,100.0,100.0,1000.0,1000.0,1000.0,24.841178802000933,0,0,24.841178802000933,0.0,0.0,0,0
19200,17.5,17.5,17.0,0.0,0.0,0.0,1.9,1.0,1.0,1.0,0.0,0.0,0.0,0.0,0.0,0.0,100.0,100.0,100.0,1000.0,1000.0,1000.0,24.841178802000933,0,0,24.841178802000933,0.0,0.0,0,0
19400,17.5,18.0,17.0,0.0,0.0,0.0,1.9,1.0,1.0,1.0,0.0,0.0,0.0,0.0,0.0,0.0,100.0,100.0,100.0,1000.0,1000.0,1000.0,24.841178802000933,0,0,24.841178802000933,0.0,0.0,0,0
19600,17.5,18.0,17.0,0.0,0.0,0.0,1.9,1.0,1.0,1.0,0.0,0.0,0.0,0.0,0.0,0.0,100.0,100.0,100.0,1000.0,1000.0,1000.0,24.841178802000933,0,0,24.841178802000933,0.0,0.0,0,0
19800,17.5,18.0,17.0,0.0,0.0,0.0,1.9,1.0,1.0,1.0,0.0,0.0,0.0,0.0,0.0,0.0,100.0,100.0,100.0,1000.0,1000.0,1000.0,24.841178802000933,0,0,24.841178802000933,0.0,0.0,0,0
20000,17.5,18.0,17.0,0.0,0.0,0.0,2.0,1.0,1.0,1.0,0.0,0.0,0.0,0.0,0.0,0.0,100.0,100.0,100.0,1000.0,1000.0,1000.0,24.841178802000933,0,0,24.841178802000933,0.0,0.0,0,0
20200,17.5,18.0,17.0,0.0,0.0,0.0,2.0,1.0,1.0,1.0,0.0,0.0,0.0,0.0,0.0,0.0,100.0,100.0,100.0,1000.0,1000.0,1000.0,24.841178802000933,0,0,24.841178802000933,0.0,0.0,0,0
20400,17.5,18.0,17.0,0.0,0.0,0.0,2.0,1.0,1.0,1.0,0.0,0.0,0.0,0.0,0.0,0.0,100.0,100.0,100.0,1000.0,1000.0,1000.0,24.841178802000933,0,0,24.841178802000933,0.0,0.0,0,0
20600,17.5,18.0,17.0,0.0,0.0,0.0,2.0,1.0,1.0,1.0,0.0,0.0,0.0,0.0,0.0,0.0,100.0,100.0,100.0,1000.0,1000.0,1000.0,24.841178802000933,0,0,24.841178802000933,0.0,0.0,0,0
20800,17.5,18.0,17.0,0.0,0.0,0.0,2.0,1.0,1.0,1.0,0.0,0.0,0.0,0.0,0.0,0.0,100.0,100.0,100.0,1000.0,1000.0,1000.0,24.841178802000933,0,0,24.841178802000933,0.0,0.0,0,0
21000,17.5,18.0,17.0,0.0,0.0,0.0,2.1,1.0,1.0,1.0,0.0,0.0,0.0,0.0,0.0,0.0,100.0,100.0,100.0,1000.0,1000.0,1000.0,24.841178802000933,0,0,24.841178802000933,0.0,0.0,0,0
21200,17.5,18.0,17.0,0.0,0.0,0.0,2.1,1.0,1.0,1.0,0.0,0.0,0.0,0.0,0.0,0.0,100.0,100.0,100.0,1000.0,1000.0,1000.0,24.841178802000933,0,0,24.841178802000933,0.0,0.0,0,0
21400,17.5,18.0,17.0,0.0,0.0,0.0,2.1,1.0,1.0,1.0,0.0,0.0,0.0,0.0,0.0,0.0,100.0,100.0,100.0,1000.0,1000.0,1000.0,24.841178802000933,0,0,24.841178802000933,0.0,0.0,0,0
21600,17.5,18.0,17.0,0.0,0.0,0.0,2.1,1.0,1.0,1.0,0.0,0.0,0.0,0.0,0.0,0.0,100.0,100.0,100.0,1000.0,1000.0,1000.0,24.841178802000933,0,0,24.841178802000933,0.0,0.0,0,0
21800,17.5,18.0,17.0,0.0,0.0,0.0,2.1,1.0,1.0,1.0,0.0,0.0,0.0,0.0,0.0,0.0,100.0,100.0,100.0,1000.0,1000.0,1000.0,24.841178802000933,0,0,24.841178802000933,0.0,0.0,0,0
22000,17.5,18.0,17.0,0.0,0.0,0.0,2.2,1.0,1.0,1.0,0.0,0.0,0.0,0.0,0.0,0.0,100.0,100.0,100.0,1000.0,1000.0,1000.0,24.841178802000933,0,0,24.841178802000933,0.0,0.0,0,0
22200,17.5,18.0,17.0,0.0,0.0,0.0,2.2,1.0,1.0,1.0,0.0,0.0,0.0,0.0,0.0,0.0,100.0,100.0,100.0,1000.0,1000.0,1000.0,24.841178802000933,0,0,24.841178802000933,0.0,0.0,0,0
22400,17.5,18.0,17.0,0.0,0.0,0.0,2.2,1.0,1.0,1.0,0.0,0.0,0.0,0.0,0.0,0.0,100.0,100.0,100.0,1000.0,1000.0,1000.0,24.841178802000933,0,0,24.841178802000933,0.0,0.0,0,0
22600,17.5,18.0,17.0,0.0,0.0,0.0,2.2,1.0,1.0,1.0,0.0,0.0,0.0,0.0,0.0,0.0,100.0,100.0,100.0,1000.0,1000.0,1000.0,24.841178802000933,0,0,24.841178802000933,0.0,0.0,0,0
22800,17.5,18.0,17.0,0.0,0.0,0.0,2.2,1.0,1.0,1.0,0.0,0.0,0.0,0.0,0.0,0.0,100.0,100.0,100.0,1000.0,1000.0,1000.0,24.841178802000933,0,0,24.841178802000933,0.0,0.0,0,0
23000,17.5,18.0,17.0,0.0,0.0,0.0,2.3,1.0,1.0,1.0,0.0,0.0,0.0,0.0,0.0,0.0,100.0,100.0,100.0,1000.0,1000.0,1000.0,24.841178802000933,0,0,24.841178802000933,0.0,0.0,0,0
23200,17.5,18.0,17.0,0.0,0.0,0.0,2.3,1.0,1.0,1.0,0.0,0.0,0.0,0.0,0.0,0.0,100.0,100.0,100.0,1000.0,1000.0,1000.0,24.841178802000933,0,0,24.841178802000933,0.0,0.0,0,0
23400,17.5,18.0,17.0,0.0,0.0,0.0,2.3,1.0,1.0,1.0,0.0,0.0,0.0,0.0,0.0,0.0,100.0,100.0,100.0,1000.0,1000.0,1000.0,24.841178802000933,0,0,24.841178802000933,0.0,0.0,0,0
23600,18.0,18.0,17.0,0.0,0.0,0.0,2.3,1.0,1.0,1.0,0.0,0.0,0.0,0.0,0.0,0.0,100.0,100.0,100.0,1000.0,1000.0,1000.0,24.841178802000933,0,0,24.841178802000933,0.0,0.0,0,0
23800,18.0,18.0,17.0,0.0,0.0,0.0,2.3,1.0,1.0,1.0,0.0,0.0,0.0,0.0,0.0,0.0,100.0,100.0,100.0,1000.0,1000.0,1000.0,24.841178802000933,0,0,24.841178802000933,0.0,0.0,0,0
24000,18.0,18.0,17.0,0.0,0.0,0.0,2.4,1.0,1.0,1.0,0.0,0.0,0.0,0.0,0.0,0.0,100.0,100.0,100.0,1000.0,1000.0,1000.0,24.841178802000933,0,0,24.841178802000933,0.0,0.0,0,0
24200,18.0,18.0,17.0,0.0,0.0,0.0,2.4,1.0,1.0,1.0,0.0,0.0,0.0,0.0,0.0,0.0,100.0,100.0,100.0,1000.0,1000.0,1000.0,24.841178802000933,0,0,24.841178802000933,0.0,0.0,0,0
24400,18.0,18.0,17.0,0.0,0.0,0.0,2.4,1.0,1.0,1.0,0.0,0.0,0.0,0.0,0.0,0.0,100.0,100.0,100.0,1000.0,1000.0,1000.0,24.841178802000933,0,0,24.841178802000933,0.0,0.0,0,0
24600,18.0,18.0,17.0,0.0,0.0,0.0,2.4,1.0,1.0,1.0,0.0,0.0,0.0,0.0,0.0,0.0,100.0,100.0,100.0,1000.0,1000.0,1000.0,24.841178802000933,0,0,24.841178802000933,0.0,0.0,0,0
24800,18.0,18.0,17.0,0.0,0.0,0.0,2.4,1.0,1.0,1.0,0.0,0.0,0.0,0.0,0.0,0.0,100.0,100.0,100.0,1000.0,1000.0,1000.0,24.841178802000933,0,0,24.841178802000933,0.0,0.0,0,0
25000,18.0,18.0,17.0,0.0,0.0,0.0,2.5,1.0,1.0,1.0,0.0,0.0,0.0,0.0,0.0,0.0,100.0,100.0,100.0,1000.0,1000.0,1000.0,24.841178802000933,0,0,24.841178802000933,0.0,0.0,0,0
25200,18.0,18.0,17.0,0.0,0.0,0.0,2.5,1.0,1.0,1.0,0.0,0.0,0.0,0.0,0.0,0.0,100.0,100.0,100.0,1000.0,1000.0,1000.0,24.841178802000933,0,0,24.841178802000933,0.0,0.0,0,0
25400,18.0,18.0,17.0,0.0,0.0,0.0,2.5,1.0,1.0,1.0,0.0,0.0,0.0,0.0,0.0,0.0,100.0,100.0,100.0,1000.0,1000.0,1000.0,24.841178802000933,0,0,24.841178802000933,0.0,0.0,0,0
25600,18.0,18.0,17.0,0.0,0.0,0.0,2.5,1.0,1.0,1.0,0.0,0.0,0.0,0.0,0.0,0.0,100.0,100.0,100.0,1000.0,1000.0,1000.0,24.841178802000933,0,0,24.841178802000933,0.0,0.0,0,0
25800,18.0,18.0,17.0,0.0,0.0,0.0,2.5,1.0,1.0,1.0,0.0,0.0,0.0,0.0,0.0,0.0,100.0,100.0,100.0,1000.0,1000.0,1000.0,24.841178802000933,0,0,24.841178802000933,0.0,0.0,0,0
26000,18.0,18.0,17.0,0.0,0.0,0.0,2.6,1.0,1.0,1.0,0.0,0.0,0.0,0.0,0.0,0.0,100.0,100.0,100.0,1000.0,1000.0,1000.0,24.841178802000933,0,0,24.841178802000933,0.0,0.0,0,0
26200,18.0,18.0,17.0,0.0,0.0,0.0,2.6,1.0,1.0,1.0,0.0,0.0,0.0,0.0,0.0,0.0,100.0,100.0,100.0,1000.0,1000.0,1000.0,24.841178802000933,0,0,24.841178802000933,0.0,0.0,0,0
26400,18.0,18.0,17.0,0.0,0.0,0.0,2.6,1.0,1.0,1.0,0.0,0.0,0.0,0.0,0.0,0.0,100.0,100.0,100.0,1000.0,1000.0,1000.0,24.841178802000933,0,0,24.841178802000933,0.0,0.0,0,0
26600,18.0,18.0,17.0,0.0,0.0,0.0,2.6,1.0,1.0,1.0,0.0,0.0,0.0,0.0,0.0,0.0,100.0,100.0,100.0,1000.0,1000.0,1000.0,24.841178802000933,0,0,24.841178802000933,0.0,0.0,0,0
26800,18.0,18.0,17.0,0.0,0.0,0.0,2.6,1.0,1.0,1.0,0.0,0.0,0.0,0.0,0.0,0.0,100.0,100.0,100.0,1000.0,1000.0,1000.0,24.841178802000933,0,0,24.841178802000933,0.0,0.0,0,0
27000,18.0,18.0,17.0,0.0,0.0,0.0,2.7,1.0,1.0,1.0,0.0,0.0,0.0,0.0,0.0,0.0,100.0,100.0,100.0,1000.0,1000.0,1000.0,24.841178802000933,0,0,24.841178802000933,0.0,0.0,0,0
27200,18.0,18.0,17.0,0.0,0.0,0.0,2.7,1.0,1.0,1.0,0.0,0.0,0.0,0.0,0.0,0.0,100.0,100.0,100.0,1000.0,1000.0,1000.0,24.841178802000933,0,0,24.841178802000933,0.0,0.0,0,0
27400,18.0,18.0,17.0,0.0,0.0,0.0,2.7,1.0,1.0,1.0,0.0,0.0,0.0,0.0,0.0,0.0,100.0,100.0,100.0,1000.0,1000.0,1000.0,24.841178802000933,0,0,24.841178802000933,0.0,0.0,0,0
27600,18.0,18.0,17.0,0.0,0.0,0.0,2.7,1.0,1.0,1.0,0.0,0.0,0.0,0.0,0.0,0.0,100.0,100.0,100.0,1000.0,1000.0,1000.0,24.841178802000933,0,0,24.841178802000933,0.0,0.0,0,0
27800,18.0,18.0,17.0,0.0,0.0,0.0,2.7,1.0,1.0,1.0,0.0,0.0,0.0,0.0,0.0,0.0,100.0,100.0,100.0,1000.0,1000.0,1000.0,24.841178802000933,0,0,24.841178802000933,0.0,0.0,0,0
28000,18.5,18.0,17.0,0.0,0.0,0.0,2.8,1.0,1.0,1.0,0.0,0.0,0.0,0.0,0.0,0.0,100.0,100.0,100.0,1000.0,1000.0,1000.0,24.841178802000933,0,0,24.841178802000933,0.0,0.0,0,0
28200,18.5,18.0,17.0,0.0,0.0,0.0,2.8,1.0,1.0,1.0,0.0,0.0,0.0,0.0,0.0,0.0,100.0,100.0,100.0,1000.0,1000.0,1000.0,24.841178802000933,0,0,24.841178802000933,0.0,0.0,0,0
28400,18.5,18.5,17.0,0.0,0.0,0.0,2.8,1.0,1.0,1.0,0.0,0.0,0.0,0.0,0.0,0.0,100.0,100.0,100.0,1000.0,1000.0,1000.0,24.841178802000933,0,0,24.841178802000933,0.0,0.0,0,0
28600,18.5,18.5,17.0,0.0,0.0,0.0,2.8,1.0,1.0,1.0,0.0,0.0,0.0,0.0,0.0,0.0,100.0,100.0,100.0,1000.0,1000.0,1000.0,24.841178802000933,0,0,24.841178802000933,0.0,0.0,0,0
28800,18.5,18.5,17.0,0.0,0.0,0.0,2.8,1.0,1.0,1.0,0.0,0.0,0.0,0.0,0.0,0.0,100.0,100.0,100.0,1000.0,1000.0,1000.0,24.841178802000933,0,0,24.841178802000933,0.0,0.0,0,0
29000,18.5,18.5,17.0,0.0,0.0,0.0,2.9,1.0,1.0,1.0,0.0,0.0,0.0,0.0,0.0,0.0,100.0,100.0,100.0,1000.0,1000.0,1000.0,24.841178802000933,0,0,24.841178802000933,0.0,0.0,0,0
29200,18.5,18.5,17.0,0.0,0.0,0.0,2.9,1.0,1.0,1.0,0.0,0.0,0.0,0.0,0.0,0.0,100.0,100.0,100.0,1000.0,1000.0,1000.0,24.841178802000933,0,0,24.841178802000933,0.0,0.0,0,0
29400,18.5,18.5,17.0,0.0,0.0,0.0,2.9,1.0,1.0,1.0,0.0,0.0,0.0,0.0,0.0,0.0,100.0,100.0,100.0,1000.0,1000.0,1000.0,24.841178802000933,0,0,24.841178802000933,0.0,0.0,0,0
29600,18.5,18.5,17.0,0.0,0.0,0.0,2.9,1.0,1.0,1.0,0.0,0.0,0.0,0.0,0.0,0.0,100.0,100.0,100.0,1000.0,1000.0,1000.0,24.841178802000933,0,0,24.841178802000933,0.0,0.0,0,0
29800,18.5,18.5,17.0,0.0,0.0,0.0,2.9,1.0,1.0,1.0,0.0,0.0,0.0,0.0,0.0,0.0,100.0,100.0,100.0,1000.0,1000.0,1000.0,24.841178802000933,0,0,24.841178802000933,0.0,0.0,0,0
30000,18.5,18.5,17.0,0.0,0.0,0.0,3.0,1.0,1.0,1.0,0.0,0.0,0.0,0.0,0.0,0.0,100.0,100.0,100.0,1000.0,1000.0,1000.0,24.841178802000933,0,0,24.841178802000933,0.0,0.0,0,0
30200,18.5,18.5,17.0,0.0,0.0,0.0,3.0,1.0,1.0,1.0,0.0,0.0,0.0,0.0,0.0,0.0,100.0,100.0,100.0,1000.0,1000.0,1000.0,29.893541842115013,0,0,29.893541842115013,0.0,0.0,1,0
30400,18.5,18.5,17.0,0.0,0.0,0.0,3.0,1.0,1.0,1.0,0.0,0.0,0.0,0.0,0.0,0.0,100.0,100.0,100.0,1000.0,1000.0,1000.0,29.893541842115013,0,0,29.893541842115013,0.0,0.0,0,0
30600,18.5,18.5,17.0,0.0,0.0,0.0,3.0,1.0,1.0,1.0,0.0,0.0,0.0,0.0,0.0,0.0,100.0,100.0,100.0,1000.0,1000.0,1000.0,29.893541842115013,0,0,29.893541842115013,0.0,0.0,0,0
30800,18.5,18.5,17.0,0.0,0.0,0.0,3.0,1.0,1.0,1.0,0.0,0.0,0.0,0.0,0.0,0.0,100.0,100.0,100.0,1000.0,1000.0,1000.0,29.893541842115013,0,0,29.893541842115013,0.0,0.0,0,0
31000,18.5,18.5,17.0,0.0,0.0,0.0,3.1,1.0,1.0,1.0,0.0,0.0,0.0,0.0,0.0,0.0,100.0,100.0,100.0,1000.0,1000.0,1000.0,29.893541842115013,0,0,29.893541842115013,0.0,0.0,0,0
31200,18.5,18.5,17.0,0.0,0.0,0.0,3.1,1.0,1.0,1.0,0.0,0.0,0.0,0.0,0.0,0.0,100.0,100.0,100.0,1000.0,1000.0,1000.0,29.893541842115013,0,0,29.893541842115013,0.0,0.0,0,0
31400,18.5,18.5,17.0,0.0,0.0,0.0,3.1,1.0,1.0,1.0,0.0,0.0,0.0,0.0,0.0,0.0,100.0,100.0,100.0,1000.0,1000.0,1000.0,29.893541842115013,0,0,29.893541842115013,0.0,0.0,0,0
31600,18.5,18.5,17.0,0.0,0.0,0.0,3.1,1.0,1.0,1.0,0.0,0.0,0.0,0.0,0.0,0.0,100.0,100.0,100.0,1000.0,1000.0,1000.0,29.893541842115013,0,0,29.893541842115013,0.0,0.0,0,0
31800,18.5,18.5,17.0,0.0,0.0,0.0,3.1,1.0,1.0,1.0,0.0,0.0,0.0,0.0,0.0,0.0,100.0,100.0,100.0,1000.0,1000.0,1000.0,29.893541842115013,0,0,29.893541842115013,0.0,0.0,0,0
32000,18.5,18.5,17.0,0.0,0.0,0.0,3.2,1.0,1.0,1.0,0.0,0.0,0.0,0.0,0.0,0.0,100.0,100.0,100.0,1000.0,1000.0,1000.0,29.893541842115013,0,0,29.893541842115013,0.0,0.0,0,0
32200,18.5,18.5,17.0,0.0,0.0,0.0,3.2,1.0,1.0,1.0,0.0,0.0,0.0,0.0,0.0,0.0,100.0,100.0,100.0,1000.0,1000.0,1000.0,29.893541842115013,0,0,29.893541842115013,0.0,0.0,0,0
32400,18.5,18.5,17.0,0.0,0.0,0.0,3.2,1.0,1.0,1.0,0.0,0.0,0.0,0.0,0.0,0.0,100.0,100.0,100.0,1000.0,1000.0,1000.0,29.893541842115013,0,0,29.893541842115013,0.0,0.0,0,0
32600,19.0,18.5,17.0,0.0,0.0,0.0,3.2,1.0,1.0,1.0,0.0,0.0,0.0,0.0,0.0,0.0,100.0,100.0,100.0,1000.0,1000.0,1000.0,29.893541842115013,0,0,29.893541842115013,0.0,0.0,0,0
32800,19.0,18.5,17.0,0.0,0.0,0.0,3.2,1.0,1.0,1.0,0.0,0.0,0.0,0.0,0.0,0.0,100.0,100.0,100.0,1000.0,1000.0,1000.0,29.893541842115013,0,0,29.893541842115013,0.0,0.0,0,0
33000,19.0,18.5,17.0,0.0,0.0,0.0,3.3,1.0,1.0,1.0,0.0,0.0,0.0,0.0,0.0,0.0,100.0,100.0,100.0,1000.0,1000.0,1000.0,29.893541842115013,0,0,29.893541842115013,0.0,0.0,0,0
33200,19.0,18.5,17.0,0.0,0.0,0.0,3.3,1.0,1.0,1.0,0.0,0.0,0.0,0.0,0.0,0.0,100.0,100.0,100.0,1000.0,1000.0,1000.0,29.893541842115013,0,0,29.893541842115013,0.0,0.0,0,0
33400,19.0,19.0,17.0,0.0,0.0,0.0,3.3,1.0,1.0,1.0,0.0,0.0,0.0,0.0,0.0,0.0,100.0,100.0,100.0,1000.0,1000.0,1000.0,29.893541842115013,0,0,29.893541842115013,0.0,0.0,0,0
33600,19.0,19.0,17.0,0.0,0.0,0.0,3.3,1.0,1.0,1.0,0.0,0.0,0.0,0.0,0.0,0.0,100.0,100.0,100.0,1000.0,1000.0,1000.0,29.893541842115013,0,0,29.893541842115013,0.0,0.0,0,0
33800,19.0,19.0,17.0,0.0,0.0,0.0,3.3,1.0,1.0,1.0,0.0,0.0,0.0,0.0,0.0,0.0,100.0,100.0,100.0,1000.0,1000.0,1000.0,29.893541842115013,0,0,29.893541842115013,0.0,0.0,0,0
34000,19.0,19.0,17.0,0.0,0.0,0.0,3.4,1.0,1.0,1.0,0.0,0.0,0.0,0.0,0.0,0.0,100.0,100.0,100.0,1000.0,1000.0,1000.0,29.893541842115013,0,0,29.893541842115013,0.0,0.0,0,0
34200,19.0,19.0,17.0,0.0,0.0,0.0,3.4,1.0,1.0,1.0,0.0,0.0,0.0,0.0,0.0,0.0,100.0,100.0,100.0,1000.0,1000.0,1000.0,29.893541842115013,0,0,29.893541842115013,0.0,0.0,0,0
34400,19.0,19.0,17.0,0.0,0.0,0.0,3.4,1.0,1.0,1.0,0.0,0.0,0.0,0.0,0.0,0.0,100.0,100.0,100.0,1000.0,1000.0,1000.0,29.893541842115013,0,0,29.893541842115013,0.0,0.0,0,0
34600,19.0,19.0,17.0,0.0,0.0,0.0,3.4,1.0,1.0,1.0,0.0,0.0,0.0,0.0,0.0,0.0,100.0,100.0,100.0,1000.0,1000.0,1000.0,29.893541842115013,0,0,29.893541842115013,0.0,0.0,0,0
34800,19.0,19.0,17.0,0.0,0.0,0.0,3.4,1.0,1.0,1.0,0.0,0.0,0.0,0.0,0.0,0.0,100.0,100.0,100.0,1000.0,1000.0,1000.0,29.893541842115013,0,0,29.893541842115013,0.0,0.0,0,0
35000,19.0,19.0,17.0,0.0,0.0,0.0,3.5,1.0,1.0,1.0,0.0,0.0,0.0,0.0,0.0,0.0,100.0,100.0,100.0,1000.0,1000.0,1000.0,29.893541842115013,0,0,29.893541842115013,0.0,0.0,0,0
35200,19.0,19.0,17.0,0.0,0.0,0.0,3.5,1.0,1.0,1.0,0.0,0.0,0.0,0.0,0.0,0.0,100.0,100.0,100.0,1000.0,1000.0,1000.0,29.893541842115013,0,0,29.893541842115013,0.0,0.0,0,0
35400,19.0,19.0,17.0,0.0,0.0,0.0,3.5,1.0,1.0,1.0,0.0,0.0,0.0,0.0,0.0,0.0,100.0,100.0,100.0,1000.0,1000.0,1000.0,29.893541842115013,0,0,29.893541842115013,0.0,0.0,0,0
35600,19.0,19.0,17.0,0.0,0.0,0.0,3.5,1.0,1.0,1.0,0.0,0.0,0.0,0.0,0.0,0.0,100.0,100.0,100.0,1000.0,1000.0,1000.0,29.893541842115013,0,0,29.893541842115013,0.0,0.0,0,0
35800,19.0,19.0,17.0,0.0,0.0,0.0,3.5,1.0,1.0,1.0,0.0,0.0,0.0,0.0,0.0,0.0,100.0,100.0,100.0,1000.0,1000.0,1000.0,29.893541842115013,0,0,29.893541842115013,0.0,0.0,0,0
36000,19.0,19.0,17.0,0.0,0.0,0.0,3.6,1.0,1.0,1.0,0.0,0.0,0.0,0.0,0.0,0.0,100.0,100.0,100.0,1000.0,1000.0,1000.0,29.893541842115013,0,0,29.893541842115013,0.0,0.0,0,0
36200,19.0,19.0,17.0,0.0,0.0,0.0,3.6,1.0,1.0,1.0,0.0,0.0,0.0,0.0,0.0,0.0,100.0,100.0,100.0,1000.0,1000.0,1000.0,29.893541842115013,0,0,29.893541842115013,0.0,0.0,0,0
36400,19.0,19.0,17.0,0.0,0.0,0.0,3.6,1.0,1.0,1.0,0.0,0.0,0.0,0.0,0.0,0.0,100.0,100.0,100.0,1000.0,1000.0,1000.0,29.893541842115013,0,0,29.893541842115013,0.0,0.0,0,0
36600,19.5,19.0,17.0,0.0,0.0,0.0,3.6,1.0,1.0,1.0,0.0,0.0,0.0,0.0,0.0,0.0,100.0,100.0,100.0,1000.0,1000.0,1000.0,29.893541842115013,0,0,29.893541842115013,0.0,0.0,0,0
36800,19.5,19.0,17.0,0.0,0.0,0.0,3.6,1.0,1.0,1.0,0.0,0.0,0.0,0.0,0.0,0.0,100.0,100.0,100.0,1000.0,1000.0,1000.0,29.893541842115013,0,0,29.893541842115013,0.0,0.0,0,0
37000,19.5,19.0,17.0,0.0,0.0,0.0,3.7,1.0,1.0,1.0,0.0,0.0,0.0,0.0,0.0,0.0,100.0,100.0,100.0,1000.0,1000.0,1000.0,29.893541842115013,0,0,29.893541842115013,0.0,0.0,0,0
37200,19.5,19.0,17.0,0.0,0.0,0.0,3.7,1.0,1.0,1.0,0.0,0.0,0.0,0.0,0.0,0.0,100.0,100.0,100.0,1000.0,1000.0,1000.0,29.893541842115013,0,0,29.893541842115013,0.0,0.0,0,0
37400,19.5,19.0,17.0,0.0,0.0,0.0,3.7,1.0,1.0,1.0,0.0,0.0,0.0,0.0,0.0,0.0,100.0,100.0,100.0,1000.0,1000.0,1000.0,29.893541842115013,0,0,29.893541842115013,0.0,0.0,0,0
37600,19.5,19.0,17.0,0.0,0.0,0.0,3.7,1.0,1.0,1.0,0.0,0.0,0.0,0.0,0.0,0.0,100.0,100.0,100.0,1000.0,1000.0,1000.0,29.893541842115013,0,0,29.893541842115013,0.0,0.0,0,0
37800,19.5,19.0,17.0,0.0,0.0,0.0,3.7,1.0,1.0,1.0,0.0,0.0,0.0,0.0,0.0,0.0,100.0,100.0,100.0,1000.0,1000.0,1000.0,29.893541842115013,0,0,29.893541842115013,0.0,0.0,0,0
38000,19.5,19.5,17.0,0.0,0.0,0.0,3.8,1.0,1.0,1.0,0.0,0.0,0.0,0.0,0.0,0.0,100.0,100.0,100.0,1000.0,1000.0,1000.0,29.893541842115013,0,0,29.893541842115013,0.0,0.0,0,0
38200,19.5,19.5,17.0,0.0,0.0,0.0,3.8,1.0,1.0,1.0,0.0,0.0,0.0,0.0,0.0,0.0,100.0,100.0,100.0,1000.0,1000.0,1000.0,29.893541842115013,0,0,29.893541842115013,0.0,0.0,0,0
38400,19.5,19.5,17.0,0.0,0.0,0.0,3.8,1.0,1.0,1.0,0.0,0.0,0.0,0.0,0.0,0.0,100.0,100.0,100.0,1000.0,1000.0,1000.0,29.893541842115013,0,0,29.893541842115013,0.0,0.0,0,0
38600,19.5,19.5,17.0,0.0,0.0,0.0,3.8,1.0,1.0,1.0,0.0,0.0,0.0,0.0,0.0,0.0,100.0,100.0,100.0,1000.0,1000.0,1000.0,29.893541842115013,0,0,29.893541842115013,0.0,0.0,0,0
38800,19.5,19.5,17.0,0.0,0.0,0.0,3.8,1.0,1.0,1.0,0.0,0.0,0.0,0.0,0.0,0.0,100.0,100.0,100.0,1000.0,1000.0,1000.0,29.893541842115013,0,0,29.893541842115013,0.0,0.0,0,0
39000,19.5,19.5,17.0,0.0,0.0,0.0,3.9,1.0,1.0,1.0,0.0,0.0,0.0,0.0,0.0,0.0,100.0,100.0,100.0,1000.0,1000.0,1000.0,29.893541842115013,0,0,29.893541842115013,0.0,0.0,0,0
39200,19.5,19.5,17.0,0.0,0.0,0.0,3.9,1.0,1.0,1.0,0.0,0.0,0.0,0.0,0.0,0.0,100.0,100.0,100.0,1000.0,1000.0,1000.0,29.893541842115013,0,0,29.893541842115013,0.0,0.0,0,0
39400,19.5,19.5,17.0,0.0,0.0,0.0,3.9,1.0,1.0,1.0,0.0,0.0,0.0,0.0,0.0,0.0,100.0,100.0,100.0,1000.0,1000.0,1000.0,29.893541842115013,0,0,29.893541842115013,0.0,0.0,0,0
39600,19.5,19.5,17.0,0.0,0.0,0.0,3.9,1.0,1.0,1.0,0.0,0.0,0.0,0.0,0.0,0.0,100.0,100.0,100.0,1000.0,1000.0,1000.0,29.893541842115013,0,0,29.893541842115013,0.0,0.0,0,0
39800,19.5,19.5,17.0,0.0,0.0,0.0,3.9,1.0,1.0,1.0,0.0,0.0,0.0,0.0,0.0,0.0,100.0,100.0,100.0,1000.0,1000.0,1000.0,29.893541842115013,0,0,29.893541842115013,0.0,0.0,0,0
40000,20.0,19.5,17.0,0.0,0.0,0.0,4.0,1.0,1.0,1.0,0.0,0.0,0.0,0.0,0.0,0.0,100.0,100.0,100.0,1000.0,1000.0,1000.0,29.893541842115013,0,0,29.893541842115013,0.0,0.0,0,0
40200,20.0,19.5,17.0,0.0,0.0,0.0,4.0,1.0,1.0,1.0,0.0,0.0,0.0,0.0,0.0,0.0,100.0,100.0,100.0,1000.0,1000.0,1000.0,29.893541842115013,0,0,29.893541842115013,0.0,0.0,0,0
40400,20.0,19.5,17.0,0.0,0.0,0.0,4.0,1.0,1.0,1.0,0.0,0.0,0.0,0.0,0.0,0.0,100.0,100.0,100.0,1000.0,1000.0,1000.0,29.893541842115013,0,0,29.893541842115013,0.0,0.0,0,0
40600,20.0,19.5,17.0,0.0,0.0,0.0,4.0,1.0,1.0,1.0,0.0,0.0,0.0,0.0,0.0,0.0,100.0,100.0,100.0,1000.0,1000.0,1000.0,29.893541842115013,0,0,29.893541842115013,0.0,0.0,0,0
40800,20.0,19.5,17.0,0.0,0.0,0.0,4.0,1.0,1.0,1.0,0.0,0.0,0.0,0.0,0.0,0.0,100.0,100.0,100.0,1000.0,1000.0,1000.0,29.893541842115013,0,0,29.893541842115013,0.0,0.0,0,0
41000,20.0,19.5,17.0,0.0,0.0,0.0,4.1,1.0,1.0,1.0,0.0,0.0,0.0,0.0,0.0,0.0,100.0,100.0,100.0,1000.0,1000.0,1000.0,29.893541842115013,0,0,29.893541842115013,0.0,0.0,0,0
41200,20.0,19.5,17.0,0.0,0.0,0.0,4.1,1.0,1.0,1.0,0.0,0.0,0.0,0.0,0.0,0.0,100.0,100.0,100.0,1000.0,1000.0,1000.0,29.893541842115013,0,0,29.893541842115013,0.0,0.0,0,0
41400,20.0,20.0,17.0,0.0,0.0,0.0,4.1,1.0,1.0,1.0,0.0,0.0,0.0,0.0,0.0,0.0,100.0,100.0,100.0,1000.0,1000.0,1000.0,29.893541842115013,0,0,29.893541842115013,0.0,0.0,0,0
41600,20.0,20.0,17.0,0.0,0.0,0.0,4.1,1.0,1.0,1.0,0.0,0.0,0.0,0.0,0.0,0.0,100.0,100.0,100.0,1000.0,1000.0,1000.0,29.893541842115013,0,0,29.893541842115013,0.0,0.0,0,0
41800,20.0,20.0,17.0,0.0,0.0,0.0,4.1,1.0,1.0,1.0,0.0,0.0,0.0,0.0,0.0,0.0,100.0,100.0,100.0,1000.0,1000.0,1000.0,29.893541842115013,0,0,29.893541842115013,0.0,0.0,0,0
42000,20.0,20.0,17.0,0.0,0.0,0.0,4.2,1.0,1.0,1.0,0.0,0.0,0.0,0.0,0.0,0.0,100.0,100.0,100.0,1000.0,1000.0,1000.0,29.893541842115013,0,0,29.893541842115013,0.0,0.0,0,0
42200,20.0,20.0,17.0,0.0,0.0,0.0,4.2,1.0,1.0,1.0,0.0,0.0,0.0,0.0,0.0,0.0,100.0,100.0,100.0,1000.0,1000.0,1000.0,29.893541842115013,0,0,29.893541842115013,0.0,0.0,0,0
42400,20.0,20.0,17.0,0.0,0.0,0.0,4.2,1.0,1.0,1.0,0.0,0.0,0.0,0.0,0.0,0.0,100.0,100.0,100.0,1000.0,1000.0,1000.0,29.893541842115013,0,0,29.893541842115013,0.0,0.0,0,0
42600,20.0,20.0,17.0,0.0,0.0,0.0,4.2,1.0,1.0,1.0,0.0,0.0,0.0,0.0,0.0,0.0,100.0,100.0,100.0,1000.0,1000.0,1000.0,29.893541842115013,0,0,29.893541842115013,0.0,0.0,0,0
42800,20.0,20.0,17.0,0.0,0.0,0.0,4.2,1.0,1.0,1.0,0.0,0.0,0.0,0.0,0.0,0.0,100.0,100.0,100.0,1000.0,1000.0,1000.0,29.893541842115013,0,0,29.893541842115013,0.0,0.0,0,0
43000,20.0,20.0,17.0,0.0,0.0,0.0,4.3,1.0,1.0,1.0,0.0,0.0,0.0,0.0,0.0,0.0,100.0,100.0,100.0,1000.0,1000.0,1000.0,29.893541842115013,0,0,29.893541842115013,0.0,0.0,0,0
43200,20.0,20.0,17.0,0.0,0.0,0.0,4.3,1.0,1.0,1.0,0.0,0.0,0.0,0.0,0.0,0.0,100.0,100.0,100.0,1000.0,1000.0,1000.0,29.893541842115013,0,0,29.893541842115013,0.0,0.0,0,0
43400,20.0,20.0,17.0,0.0,0.0,0.0,4.3,1.0,1.0,1.0,0.0,0.0,0.0,0.0,0.0,0.0,100.0,100.0,100.0,1000.0,1000.0,1000.0,29.893541842115013,0,0,29.893541842115013,0.0,0.0,0,0
43600,20.5,20.0,17.0,0.0,0.0,0.0,4.3,1.0,1.0,1.0,0.0,0.0,0.0,0.0,0.0,0.0,100.0,100.0,100.0,1000.0,1000.0,1000.0,29.893541842115013,0,0,29.893541842115013,0.0,0.0,0,0
43800,20.5,20.0,17.0,0.0,0.0,0.0,4.3,1.0,1.0,1.0,0.0,0.0,0.0,0.0,0.0,0.0,100.0,100.0,100.0,1000.0,1000.0,1000.0,29.893541842115013,0,0,29.893541842115013,0.0,0.0,0,0
44000,20.5,20.0,17.0,0.0,0.0,0.0,4.4,1.0,1.0,1.0,0.0,0.0,0.0,0.0,0.0,0.0,100.0,100.0,100.0,1000.0,1000.0,1000.0,29.893541842115013,0,0,29.893541842115013,0.0,0.0,0,0
44200,20.5,20.0,17.0,0.0,0.0,0.0,4.4,1.0,1.0,1.0,0.0,0.0,0.0,0.0,0.0,0.0,100.0,100.0,100.0,1000.0,1000.0,1000.0,29.893541842115013,0,0,29.893541842115013,0.0,0.0,0,0
44400,20.5,20.0,17.0,0.0,0.0,0.0,4.4,1.0,1.0,1.0,0.0,0.0,0.0,0.0,0.0,0.0,100.0,100.0,100.0,1000.0,1000.0,1000.0,29.893541842115013,0,0,29.893541842115013,0.0,0.0,0,0
44600,20.5,20.0,17.0,0.0,0.0,0.0,4.4,1.0,1.0,1.0,0.0,0.0,0.0,0.0,0.0,0.0,100.0,100.0,100.0,1000.0,1000.0,1000.0,29.893541842115013,0,0,29.893541842115013,0.0,0.0,0,0
44800,20.5,20.0,17.0,0.0,0.0,0.0,4.4,1.0,1.0,1.0,0.0,0.0,0.0,0.0,0.0,0.0,100.0,100.0,100.0,1000.0,1000.0,1000.0,29.893541842115013,0,0,29.893541842115013,0.0,0.0,0,0
45000,20.5,20.0,17.0,0.0,0.0,0.0,4.5,1.0,1.0,1.0,0.0,0.0,0.0,0.0,0.0,0.0,100.0,100.0,100.0,1000.0,1000.0,1000.0,29.893541842115013,0,0,29.893541842115013,0.0,0.0,0,0
45200,20.5,20.0,17.0,0.0,0.0,0.0,4.5,1.0,1.0,1.0,0.0,0.0,0.0,0.0,0.0,0.0,100.0,100.0,100.0,1000.0,1000.0,1000.0,26.809265048097423,0,0,26.809265048097423,0.0,0.0,1,0
45400,20.5,20.5,17.0,0.0,0.0,0.0,4.5,1.0,1.0,1.0,0.0,0.0,0.0,0.0,0.0,0.0,100.0,100.0,100.0,1000.0,1000.0,1000.0,26.809265048097423,0,0,26.809265048097423,0.0,0.0,0,0
45600,20.5,20.5,17.0,0.0,0.0,0.0,4.5,1.0,1.0,1.0,0.0,0.0,0.0,0.0,0.0,0.0,100.0,100.0,100.0,1000.0,1000.0,1000.0,26.809265048097423,0,0,26.809265048097423,0.0,0.0,0,0
45800,20.5,20.5,17.0,0.0,0.0,0.0,4.5,1.0,1.0,1.0,0.0,0.0,0.0,0.0,0.0,0.0,100.0,100.0,100.0,1000.0,1000.0,1000.0,26.809265048097423,0,0,26.809265048097423,0.0,0.0,0,0
46000,20.5,20.5,17.0,0.0,0.0,0.0,4.6,1.0,1.0,1.0,0.0,0.0,0.0,0.0,0.0,0.0,100.0,100.0,100.0,1000.0,1000.0,1000.0,26.809265048097423,0,0,26.809265048097423,0.0,0.0,0,0
46200,20.5,20.5,17.0,0.0,0.0,0.0,4.6,1.0,1.0,1.0,0.0,0.0,0.0,0.0,0.0,0.0,100.0,100.0,100.0,1000.0,1000.0,1000.0,26.809265048097423,0,0,26.809265048097423,0.0,0.0,0,0
46400,20.5,20.5,17.0,0.0,0.0,0.0,4.6,1.0,1.0,1.0,0.0,0.0,0.0,0.0,0.0,0.0,100.0,100.0,100.0,1000.0,1000.0,1000.0,26.809265048097423,0,0,26.809265048097423,0.0,0.0,0,0
46600,20.5,20.5,17.0,0.0,0.0,0.0,4.6,1.0,1.0,1.0,0.0,0.0,0.0,0.0,0.0,0.0,100.0,100.0,100.0,1000.0,1000.0,1000.0,26.809265048097423,0,0,26.809265048097423,0.0,0.0,0,0
46800,20.5,20.5,17.0,0.0,0.0,0.0,4.6,1.0,1.0,1.0,0.0,0.0,0.0,0.0,0.0,0.0,100.0,100.0,100.0,1000.0,1000.0,1000.0,26.809265048097423,0,0,26.809265048097423,0.0,0.0,0,0
47000,20.5,20.5,17.0,0.0,0.0,0.0,4.7,1.0,1.0,1.0,0.0,0.0,0.0,0.0,0.0,0.0,100.0,100.0,100.0,1000.0,1000.0,1000.0,26.809265048097423,0,0,26.809265048097423,0.0,0.0,0,0
47200,20.5,20.5,17.0,0.0,0.0,0.0,4.7,1.0,1.0,1.0,0.0,0.0,0.0,0.0,0.0,0.0,100.0,100.0,100.0,1000.0,1000.0,1000.0,26.809265048097423,0,0,26.809265048097423,0.0,0.0,0,0
47400,20.5,20.5,17.0,0.0,0.0,0.0,4.7,1.0,1.0,1.0,0.0,0.0,0.0,0.0,0.0,0.0,100.0,100.0,100.0,1000.0,1000.0,1000.0,26.809265048097423,0,0,26.809265048097423,0.0,0.0,0,0
47600,21.0,20.5,17.0,0.0,0.0,0.0,4.7,1.0,1.0,1.0,0.0,0.0,0.0,0.0,0.0,0.0,100.0,100.0,100.0,1000.0,1000.0,1000.0,26.809265048097423,0,0,26.809265048097423,0.0,0.0,0,0
47800,21.0,20.5,17.0,0.0,0.0,0.0,4.7,1.0,1.0,1.0,0.0,0.0,0.0,0.0,0.0,0.0,100.0,100.0,100.0,1000.0,1000.0,1000.0,26.809265048097423,0,0,26.809265048097423,0.0,0.0,0,0
48000,21.0,20.5,17.0,0.0,0.0,0.0,4.8,1.0,1.0,1.0,0.0,0.0,0.0,0.0,0.0,0.0,100.0,100.0,100.0,1000.0,1000.0,1000.0,26.809265048097423,0,0,26.809265048097423,0.0,0.0,0,0
48200,21.0,20.5,17.0,0.0,0.0,0.0,4.8,1.0,1.0,1.0,0.0,0.0,0.0,0.0,0.0,0.0,100.0,100.0,100.0,1000.0,1000.0,1000.0,26.809265048097423,0,0,26.809265048097423,0.0,0.0,0,0
48400,21.0,20.5,17.0,0.0,0.0,0.0,4.8,1.0,1.0,1.0,0.0,0.0,0.0,0.0,0.0,0.0,100.0,100.0,100.0,1000.0,1000.0,1000.0,26.809265048097423,0,0,26.809265048097423,0.0,0.0,0,0
48600,21.0,20.5,17.0,0.0,0.0,0.0,4.8,1.0,1.0,1.0,0.0,0.0,0.0,0.0,0.0,0.0,100.0,100.0,100.0,1000.0,1000.0,1000.0,26.809265048097423,0,0,26.809265048097423,0.0,0.0,0,0
48800,21.0,20.5,17.0,0.0,0.0,0.0,4.8,1.0,1.0,1.0,0.0,0.0,0.0,0.0,0.0,0.0,100.0,100.0,100.0,1000.0,1000.0,1000.0,26.809265048097423,0,0,26.809265048097423,0.0,0.0,0,0
49000,21.0,21.0,17.0,0.0,0.0,0.0,4.9,1.0,1.0,1.0,0.0,0.0,0.0,0.0,0.0,0.0,100.0,100.0,100.0,1000.0,1000.0,1000.0,26.809265048097423,0,0,26.809265048097423,0.0,0.0,0,0
49200,21.0,21.0,17.0,0.0,0.0,0.0,4.9,1.0,1.0,1.0,0.0,0.0,0.0,0.0,0.0,0.0,100.0,100.0,100.0,1000.0,1000.0,1000.0,26.809265048097423,0,0,26.809265048097423,0.0,0.0,0,0
49400,21.0,21.0,17.0,0.0,0.0,0.0,4.9,1.0,1.0,1.0,0.0,0.0,0.0,0.0,0.0,0.0,100.0,100.0,100.0,1000.0,1000.0,1000.0,26.809265048097423,0,0,26.809265048097423,0.0,0.0,0,0
49600,21.0,21.0,17.0,0.0,0.0,0.0,4.9,1.0,1.0,1.0,0.0,0.0,0.0,0.0,0.0,0.0,100.0,100.0,100.0,1000.0,1000.0,1000.0,26.809265048097423,0,0,26.809265048097423,0.0,0.0,0,0
49800,21.0,21.0,17.0,0.0,0.0,0.0,4.9,1.0,1.0,1.0,0.0,0.0,0.0,0.0,0.0,0.0,100.0,100.0,100.0,1000.0,1000.0,1000.0,26.809265048097423,0,0,26.809265048097423,0.0,0.0,0,0
50000,21.0,21.0,17.0,0.0,0.0,0.0,5.0,1.0,1.0,1.0,0.0,0.0,0.0,0.0,0.0,0.0,100.0,100.0,100.0,1000.0,1000.0,1000.0,26.809265048097423,0,0,26.809265048097423,0.0,0.0,0,0
50200,21.0,21.0,17.0,0.0,0.0,0.0,5.0,1.0,1.0,1.0,0.0,0.0,0.0,0.0,0.0,0.0,100.0,100.0,100.0,1000.0,1000.0,1000.0,26.809265048097423,0,0,26.809265048097423,0.0,0.0,0,0
50400,21.0,21.0,17.0,0.0,0.0,0.0,5.0,1.0,1.0,1.0,0.0,0.0,0.0,0.0,0.0,0.0,100.0,100.0,100.0,1000.0,1000.0,1000.0,26.809265048097423,0,0,26.809265048097423,0.0,0.0,0,0
50600,21.0,21.0,17.0,0.0,0.0,0.0,5.0,1.0,1.0,1.0,0.0,0.0,0.0,0.0,0.0,0.0,100.0,100.0,100.0,1000.0,1000.0,1000.0,26.809265048097423,0,0,26.809265048097423,0.0,0.0,0,0
50800,21.0,21.0,17.0,0.0,0.0,0.0,5.0,1.0,1.0,1.0,0.0,0.0,0.0,0.0,0.0,0.0,100.0,100.0,100.0,1000.0,1000.0,1000.0,26.809265048097423,0,0,26.809265048097423,0.0,0.0,0,0
51000,21.5,21.0,17.0,0.0,0.0,0.0,5.1,1.0,1.0,1.0,0.0,0.0,0.0,0.0,0.0,0.0,100.0,100.0,100.0,1000.0,1000.0,1000.0,26.809265048097423,0,0,26.809265048097423,0.0,0.0,0,0
51200,21.5,21.0,17.0,0.0,0.0,0.0,5.1,1.0,1.0,1.0,0.0,0.0,0.0,0.0,0.0,0.0,100.0,100.0,100.0,1000.0,1000.0,1000.0,26.809265048097423,0,0,26.809265048097423,0.0,0.0,0,0
51400,21.5,21.0,17.0,0.0,0.0,0.0,5.1,1.0,1.0,1.0,0.0,0.0,0.0,0.0,0.0,0.0,100.0,100.0,100.0,1000.0,1000.0,1000.0,26.809265048097423,0,0,26.809265048097423,0.0,0.0,0,0
51600,21.5,21.0,17.0,0.0,0.0,0.0,5.1,1.0,1.0,1.0,0.0,0.0,0.0,0.0,0.0,0.0,100.0,100.0,100.0,1000.0,1000.0,1000.0,26.809265048097423,0,0,26.809265048097423,0.0,0.0,0,0
51800,21.5,21.0,17.0,0.0,0.0,0.0,5.1,1.0,1.0,1.0,0.0,0.0,0.0,0.0,0.0,0.0,100.0,100.0,100.0,1000.0,1000.0,1000.0,26.809265048097423,0,0,26.809265048097423,0.0,0.0,0,0
52000,21.5,21.0,17.0,0.0,0.0,0.0,5.2,1.0,1.0,1.0,0.0,0.0,0.0,0.0,0.0,0.0,100.0,100.0,100.0,1000.0,1000.0,1000.0,26.809265048097423,0,0,26.809265048097423,0.0,0.0,0,0
52200,21.5,21.0,17.0,0.0,0.0,0.0,5.2,1.0,1.0,1.0,0.0,0.0,0.0,0.0,0.0,0.0,100.0,100.0,100.0,1000.0,1000.0,1000.0,26.809265048097423,0,0,26.809265048097423,0.0,0.0,0,0
52400,21.5,21.0,17.0,0.0,0.0,0.0,5.2,1.0,1.0,1.0,0.0,0.0,0.0,0.0,0.0,0.0,100.0,100.0,100.0,1000.0,1000.0,1000.0,26.809265048097423,0,0,26.809265048097423,0.0,0.0,0,0
52600,21.5,21.0,17.0,0.0,0.0,0.0,5.2,1.0,1.0,1.0,0.0,0.0,0.0,0.0,0.0,0.0,100.0,100.0,100.0,1000.0,1000.0,1000.0,26.809265048097423,0,0,26.809265048097423,0.0,0.0,0,0
52800,21.5,21.0,17.0,0.0,0.0,0.0,5.2,1.0,1.0,1.0,0.0,0.0,0.0,0.0,0.0,0.0,100.0,100.0,100.0,1000.0,1000.0,1000.0,26.809265048097423,0,0,26.809265048097423,0.0,0.0,0,0
53000,21.5,21.5,17.0,0.0,0.0,0.0,5.3,1.0,1.0,1.0,0.0,0.0,0.0,0.0,0.0,0.0,100.0,100.0,100.0,1000.0,1000.0,1000.0,26.809265048097423,0,0,26.809265048097423,0.0,0.0,0,0
53200,21.5,21.5,17.0,0.0,0.0,0.0,5.3,1.0,1.0,1.0,0.0,0.0,0.0,0.0,0.0,0.0,100.0,100.0,100.0,1000.0,1000.0,1000.0,26.809265048097423,0,0,26.809265048097423,0.0,0.0,0,0
53400,21.5,21.5,17.0,0.0,0.0,0.0,5.3,1.0,1.0,1.0,0.0,0.0,0.0,0.0,0.0,0.0,100.0,100.0,100.0,1000.0,1000.0,1000.0,26.809265048097423,0,0,26.809265048097423,0.0,0.0,0,0
53600,21.5,21.5,17.0,0.0,0.0,0.0,5.3,1.0,1.0,1.0,0.0,0.0,0.0,0.0,0.0,0.0,100.0,100.0,100.0,1000.0,1000.0,1000.0,26.809265048097423,0,0,26.809265048097423,0.0,0.0,0,0
53800,21.5,21.5,17.0,0.0,0.0,0.0,5.3,1.0,1.0,1.0,0.0,0.0,0.0,0.0,0.0,0.0,100.0,100.0,100.0,1000.0,1000.0,1000.0,26.809265048097423,0,0,26.809265048097423,0.0,0.0,0,0
54000,21.5,21.5,17.0,0.0,0.0,0.0,5.4,1.0,1.0,1.0,0.0,0.0,0.0,0.0,0.0,0.0,100.0,100.0,100.0,1000.0,1000.0,1000.0,26.809265048097423,0,0,26.809265048097423,0.0,0.0,0,0
54200,21.5,21.5,17.0,0.0,0.0,0.0,5.4,1.0,1.0,1.0,0.0,0.0,0.0,0.0,0.0,0.0,100.0,100.0,100.0,1000.0,1000.0,1000.0,26.809265048097423,0,0,26.809265048097423,0.0,0.0,0,0
54400,21.5,21.5,17.0,0.0,0.0,0.0,5.4,1.0,1.0,1.0,0.0,0.0,0.0,0.0,0.0,0.0,100.0,100.0,100.0,1000.0,1000.0,1000.0,26.809265048097423,0,0,26.809265048097423,0.0,0.0,0,0
54600,22.0,21.5,17.0,0.0,0.0,0.0,5.4,1.0,1.0,1.0,0.0,0.0,0.0,0.0,0.0,0.0,100.0,100.0,100.0,1000.0,1000.0,1000.0,26.809265048097423,0,0,26.809265048097423,0.0,0.0,0,0
54800,22.0,21.5,17.0,0.0,0.0,0.0,5.4,1.0,1.0,1.0,0.0,0.0,0.0,0.0,0.0,0.0,100.0,100.0,100.0,1000.0,1000.0,1000.0,26.809265048097423,0,0,26.809265048097423,0.0,0.0,0,0
55000,22.0,21.5,17.0,0.0,0.0,0.0,5.5,1.0,1.0,1.0,0.0,0.0,0.0,0.0,0.0,0.0,100.0,100.0,100.0,1000.0,1000.0,1000.0,26.809265048097423,0,0,26.809265048097423,0.0,0.0,0,0
55200,22.0,21.5,17.0,0.0,0.0,0.0,5.5,1.0,1.0,1.0,0.0,0.0,0.0,0.0,0.0,0.0,100.0,100.0,100.0,1000.0,1000.0,1000.0,26.809265048097423,0,0,26.809265048097423,0.0,0.0,0,0
55400,22.0,21.5,17.0,0.0,0.0,0.0,5.5,1.0,1.0,1.0,0.0,0.0,0.0,0.0,0.0,0.0,100.0,100.0,100.0,1000.0,1000.0,1000.0,26.809265048097423,0,0,26.809265048097423,0.0,0.0,0,0
55600,22.0,21.5,17.0,0.0,0.0,0.0,5.5,1.0,1.0,1.0,0.0,0.0,0.0,0.0,0.0,0.0,100.0,100.0,100.0,1000.0,1000.0,1000.0,26.809265048097423,0,0,26.809265048097423,0.0,0.0,0,0
55800,22.0,21.5,17.0,0.0,0.0,0.0,5.5,1.0,1.0,1.0,0.0,0.0,0.0,0.0,0.0,0.0,100.0,100.0,100.0,1000.0,1000.0,1000.0,26.809265048097423,0,0,26.809265048097423,0.0,0.0,0,0
56000,22.0,21.5,17.0,0.0,0.0,0.0,5.6,1.0,1.0,1.0,0.0,0.0,0.0,0.0,0.0,0.0,100.0,100.0,100.0,1000.0,1000.0,1000.0,26.809265048097423,0,0,26.809265048097423,0.0,0.0,0,0
56200,22.0,21.5,17.0,0.0,0.0,0.0,5.6,1.0,1.0,1.0,0.0,0.0,0.0,0.0,0.0,0.0,100.0,100.0,100.0,1000.0,1000.0,1000.0,26.809265048097423,0,0,26.809265048097423,0.0,0.0,0,0
56400,22.0,21.5,17.0,0.0,0.0,0.0,5.6,1.0,1.0,1.0,0.0,0.0,0.0,0.0,0.0,0.0,100.0,100.0,100.0,1000.0,1000.0,1000.0,26.809265048097423,0,0,26.809265048097423,0.0,0.0,0,0
56600,22.0,21.5,17.0,0.0,0.0,0.0,5.6,1.0,1.0,1.0,0.0,0.0,0.0,0.0,0.0,0.0,100.0,100.0,100.0,1000.0,1000.0,1000.0,26.809265048097423,0,0,26.809265048097423,0.0,0.0,0,0
56800,22.0,21.5,17.0,0.0,0.0,0.0,5.6,1.0,1.0,1.0,0.0,0.0,0.0,0.0,0.0,0.0,100.0,100.0,100.0,1000.0,1000.0,1000.0,26.809265048097423,0,0,26.809265048097423,0.0,0.0,0,0
57000,22.0,22.0,17.0,0.0,0.0,0.0,5.7,1.0,1.0,1.0,0.0,0.0,0.0,0.0,0.0,0.0,100.0,100.0,100.0,1000.0,1000.0,1000.0,26.809265048097423,0,0,26.809265048097423,0.0,0.0,0,0
57200,22.0,22.0,17.0,0.0,0.0,0.0,5.7,1.0,1.0,1.0,0.0,0.0,0.0,0.0,0.0,0.0,100.0,100.0,100.0,1000.0,1000.0,1000.0,26.809265048097423,0,0,26.809265048097423,0.0,0.0,0,0
57400,22.0,22.0,17.0,0.0,0.0,0.0,5.7,1.0,1.0,1.0,0.0,0.0,0.0,0.0,0.0,0.0,100.0,100.0,100.0,1000.0,1000.0,1000.0,26.809265048097423,0,0,26.809265048097423,0.0,0.0,0,0
57600,22.0,22.0,17.0,0.0,0.0,0.0,5.7,1.0,1.0,1.0,0.0,0.0,0.0,0.0,0.0,0.0,100.0,100.0,100.0,1000.0,1000.0,1000.0,26.809265048097423,0,0,26.809265048097423,0.0,0.0,0,0
57800,22.0,22.0,17.0,0.0,0.0,0.0,5.7,1.0,1.0,1.0,0.0,0.0,0.0,0.0,0.0,0.0,100.0,100.0,100.0,1000.0,1000.0,1000.0,26.809265048097423,0,0,26.809265048097423,0.0,0.0,0,0
58000,22.0,22.0,17.0,0.0,0.0,0.0,5.8,1.0,1.0,1.0,0.0,0.0,0.0,0.0,0.0,0.0,100.0,100.0,100.0,1000.0,1000.0,1000.0,26.809265048097423,0,0,26.809265048097423,0.0,0.0,0,0
58200,22.0,22.0,17.0,0.0,0.0,0.0,5.8,1.0,1.0,1.0,0.0,0.0,0.0,0.0,0.0,0.0,100.0,100.0,100.0,1000.0,1000.0,1000.0,26.809265048097423,0,0,26.809265048097423,0.0,0.0,0,0
58400,22.0,22.0,17.0,0.0,0.0,0.0,5.8,1.0,1.0,1.0,0.0,0.0,0.0,0.0,0.0,0.0,100.0,100.0,100.0,1000.0,1000.0,1000.0,26.809265048097423,0,0,26.809265048097423,0.0,0.0,0,0
58600,22.5,22.0,17.0,0.0,0.0,0.0,5.8,1.0,1.0,1.0,0.0,0.0,0.0,0.0,0.0,0.0,100.0,100.0,100.0,1000.0,1000.0,1000.0,26.809265048097423,0,0,26.809265048097423,0.0,0.0,0,0
58800,22.5,22.0,17.0,0.0,0.0,0.0,5.8,1.0,1.0,1.0,0.0,0.0,0.0,0.0,0.0,0.0,100.0,100.0,100.0,1000.0,1000.0,1000.0,26.809265048097423,0,0,26.809265048097423,0.0,0.0,0,0
59000,22.5,22.0,17.0,0.0,0.0,0.0,5.9,1.0,1.0,1.0,0.0,0.0,0.0,0.0,0.0,0.0,100.0,100.0,100.0,1000.0,1000.0,1000.0,26.809265048097423,0,0,26.809265048097423,0.0,0.0,0,0
59200,22.5,22.0,17.0,0.0,0.0,0.0,5.9,1.0,1.0,1.0,0.0,0.0,0.0,0.0,0.0,0.0,100.0,100.0,100.0,1000.0,1000.0,1000.0,26.809265048097423,0,0,26.809265048097423,0.0,0.0,0,0
59400,22.5,22.0,17.0,0.0,0.0,0.0,5.9,1.0,1.0,1.0,0.0,0.0,0.0,0.0,0.0,0.0,100.0,100.0,100.0,1000.0,1000.0,1000.0,26.809265048097423,0,0,26.809265048097423,0.0,0.0,0,0
59600,22.5,22.0,17.0,0.0,0.0,0.0,5.9,1.0,1.0,1.0,0.0,0.0,0.0,0.0,0.0,0.0,100.0,100.0,100.0,1000.0,1000.0,1000.0,26.809265048097423,0,0,26.809265048097423,0.0,0.0,0,0
59800,22.5,22.0,17.0,0.0,0.0,0.0,5.9,1.0,1.0,1.0,0.0,0.0,0.0,0.0,0.0,0.0,100.0,100.0,100.0,1000.0,1000.0,1000.0,26.809265048097423,0,0,26.809265048097423,0.0,0.0,0,0
60000,22.5,22.0,17.0,0.0,0.0,0.0,6.0,1.0,1.0,1.0,0.0,0.0,0.0,0.0,0.0,0.0,100.0,100.0,100.0,1000.0,1000.0,1000.0,26.809265048097423,0,0,26.809265048097423,0.0,0.0,0,0
60200,22.5,22.0,17.0,0.0,0.0,0.0,6.0,1.0,1.0,1.0,0.0,0.0,0.0,0.0,0.0,0.0,100.0,100.0,100.0,1000.0,1000.0,1000.0,19.71866300001433,0,0,19.71866300001433,0.0,0.0,1,0
60400,22.5,22.0,17.0,0.0,0.0,0.0,6.0,1.0,1.0,1.0,0.0,0.0,0.0,0.0,0.0,0.0,100.0,100.0,100.0,1000.0,1000.0,1000.0,19.71866300001433,0,0,19.71866300001433,0.0,0.0,0,0
60600,22.5,22.0,17.0,0.0,0.0,0.0,6.0,1.0,1.0,1.0,0.0,0.0,0.0,0.0,0.0,0.0,100.0,100.0,100.0,1000.0,1000.0,1000.0,19.71866300001433,0,0,19.71866300001433,0.0,0.0,0,0
60800,22.5,22.0,17.0,0.0,0.0,0.0,6.0,1.0,1.0,1.0,0.0,0.0,0.0,0.0,0.0,0.0,100.0,100.0,100.0,1000.0,1000.0,1000.0,19.71866300001433,0,0,19.71866300001433,0.0,0.0,0,0
61000,22.5,22.5,17.0,0.0,0.0,0.0,6.1,1.0,1.0,1.0,0.0,0.0,0.0,0.0,0.0,0.0,100.0,100.0,100.0,1000.0,1000.0,1000.0,19.71866300001433,0,0,19.71866300001433,0.0,0.0,0,0
61200,22.5,22.5,17.0,0.0,0.0,0.0,6.1,1.0,1.0,1.0,0.0,0.0,0.0,0.0,0.0,0.0,100.0,100.0,100.0,1000.0,1000.0,1000.0,19.71866300001433,0,0,19.71866300001433,0.0,0.0,0,0
61400,22.5,22.5,17.0,0.0,0.0,0.0,6.1,1.0,1.0,1.0,0.0,0.0,0.0,0.0,0.0,0.0,100.0,100.0,100.0,1000.0,1000.0,1000.0,19.71866300001433,0,0,19.71866300001433,0.0,0.0,0,0
61600,22.5,22.5,17.0,0.0,0.0,0.0,6.1,1.0,1.0,1.0,0.0,0.0,0.0,0.0,0.0,0.0,100.0,100.0,100.0,1000.0,1000.0,1000.0,19.71866300001433,0,0,19.71866300001433,0.0,0.0,0,0
61800,22.5,22.5,17.0,0.0,0.0,0.0,6.1,1.0,1.0,1.0,0.0,0.0,0.0,0.0,0.0,0.0,100.0,100.0,100.0,1000.0,1000.0,1000.0,19.71866300001433,0,0,19.71866300001433,0.0,0.0,0,0
62000,22.5,22.5,17.0,0.0,0.0,0.0,6.2,1.0,1.0,1.0,0.0,0.0,0.0,0.0,0.0,0.0,100.0,100.0,100.0,1000.0,1000.0,1000.0,19.71866300001433,0,0,19.71866300001433,0.0,0.0,0,0
62200,22.5,22.5,17.0,0.0,0.0,0.0,6.2,1.0,1.0,1.0,0.0,0.0,0.0,0.0,0.0,0.0,100.0,100.0,100.0,1000.0,1000.0,1000.0,19.71866300001433,0,0,19.71866300001433,0.0,0.0,0,0
62400,22.5,22.5,17.0,0.0,0.0,0.0,6.2,1.0,1.0,1.0,0.0,0.0,0.0,0.0,0.0,0.0,100.0,100.0,100.0,1000.0,1000.0,1000.0,19.71866300001433,0,0,19.71866300001433,0.0,0.0,0,0
62600,22.5,22.5,17.0,0.0,0.0,0.0,6.2,1.0,1.0,1.0,0.0,0.0,0.0,0.0,0.0,0.0,100.0,100.0,100.0,1000.0,1000.0,1000.0,19.71866300001433,0,0,19.71866300001433,0.0,0.0,0,0
62800,22.5,22.5,17.0,0.0,0.0,0.0,6.2,1.0,1.0,1.0,0.0,0.0,0.0,0.0,0.0,0.0,100.0,100.0,100.0,1000.0,1000.0,1000.0,19.71866300001433,0,0,19.71866300001433,0.0,0.0,0,0
63000,23.0,22.5,17.0,0.0,0.0,0.0,6.3,1.0,1.0,1.0,0.0,0.0,0.0,0.0,0.0,0.0,100.0,100.0,100.0,1000.0,1000.0,1000.0,19.71866300001433,0,0,19.71866300001433,0.0,0.0,0,0
63200,23.0,22.5,17.0,0.0,0.0,0.0,6.3,1.0,1.0,1.0,0.0,0.0,0.0,0.0,0.0,0.0,100.0,100.0,100.0,1000.0,1000.0,1000.0,19.71866300001433,0,0,19.71866300001433,0.0,0.0,0,0
63400,23.0,22.5,17.0,0.0,0.0,0.0,6.3,1.0,1.0,1.0,0.0,0.0,0.0,0.0,0.0,0.0,100.0,100.0,100.0,1000.0,1000.0,1000.0,19.71866300001433,0,0,19.71866300001433,0.0,0.0,0,0
63600,23.0,22.5,17.0,0.0,0.0,0.0,6.3,1.0,1.0,1.0,0.0,0.0,0.0,0.0,0.0,0.0,100.0,100.0,100.0,1000.0,1000.0,1000.0,19.71866300001433,0,0,19.71866300001433,0.0,0.0,0,0
63800,23.0,22.5,17.0,0.0,0.0,0.0,6.3,1.0,1.0,1.0,0.0,0.0,0.0,0.0,0.0,0.0,100.0,100.0,100.0,1000.0,1000.0,1000.0,19.71866300001433,0,0,19.71866300001433,0.0,0.0,0,0
64000,23.0,22.5,17.0,0.0,0.0,0.0,6.4,1.0,1.0,1.0,0.0,0.0,0.0,0.0,0.0,0.0,100.0,100.0,100.0,1000.0,1000.0,1000.0,19.71866300001433,0,0,19.71866300001433,0.0,0.0,0,0
64200,23.0,22.5,17.0,0.0,0.0,0.0,6.4,1.0,1.0,1.0,0.0,0.0,0.0,0.0,0.0,0.0,100.0,100.0,100.0,1000.0,1000.0,1000.0,19.71866300001433,0,0,19.71866300001433,0.0,0.0,0,0
64400,23.0,22.5,17.0,0.0,0.0,0.0,6.4,1.0,1.0,1.0,0.0,0.0,0.0,0.0,0.0,0.0,100.0,100.0,100.0,1000.0,1000.0,1000.0,19.71866300001433,0,0,19.71866300001433,0.0,0.0,0,0
64600,23.0,22.5,17.0,0.0,0.0,0.0,6.4,1.0,1.0,1.0,0.0,0.0,0.0,0.0,0.0,0.0,100.0,100.0,100.0,1000.0,1000.0,1000.0,19.71866300001433,0,0,19.71866300001433,0.0,0.0,0,0
64800,23.0,22.5,17.0,0.0,0.0,0.0,6.4,1.0,1.0,1.0,0.0,0.0,0.0,0.0,0.0,0.0,100.0,100.0,100.0,1000.0,1000.0,1000.0,19.71866300001433,0,0,19.71866300001433,0.0,0.0,0,0
65000,23.0,23.0,17.0,0.0,0.0,0.0,6.5,1.0,1.0,1.0,0.0,0.0,0.0,0.0,0.0,0.0,100.0,100.0,100.0,1000.0,1000.0,1000.0,19.71866300001433,0,0,19.71866300001433,0.0,0.0,0,0
65200,23.0,23.0,17.0,0.0,0.0,0.0,6.5,1.0,1.0,1.0,0.0,0.0,0.0,0.0,0.0,0.0,100.0,100.0,100.0,1000.0,1000.0,1000.0,19.71866300001433,0,0,19.71866300001433,0.0,0.0,0,0
65400,23.0,23.0,17.0,0.0,0.0,0.0,6.5,1.0,1.0,1.0,0.0,0.0,0.0,0.0,0.0,0.0,100.0,100.0,100.0,1000.0,1000.0,1000.0,19.71866300001433,0,0,19.71866300001433,0.0,0.0,0,0
65600,23.0,23.0,17.0,0.0,0.0,0.0,6.5,1.0,1.0,1.0,0.0,0.0,0.0,0.0,0.0,0.0,100.0,100.0,100.0,1000.0,1000.0,1000.0,19.71866300001433,0,0,19.71866300001433,0.0,0.0,0,0
65800,23.0,23.0,17.0,0.0,0.0,0.0,6.5,1.0,1.0,1.0,0.0,0.0,0.0,0.0,0.0,0.0,100.0,100.0,100.0,1000.0,1000.0,1000.0,19.71866300001433,0,0,19.71866300001433,0.0,0.0,0,0
66000,23.0,23.0,17.0,0.0,0.0,0.0,6.6,1.0,1.0,1.0,0.0,0.0,0.0,0.0,0.0,0.0,100.0,100.0,100.0,1000.0,1000.0,1000.0,19.71866300001433,0,0,19.71866300001433,0.0,0.0,0,0
66200,23.0,23.0,17.0,0.0,0.0,0.0,6.6,1.0,1.0,1.0,0.0,0.0,0.0,0.0,0.0,0.0,100.0,100.0,100.0,1000.0,1000.0,1000.0,19.71866300001433,0,0,19.71866300001433,0.0,0.0,0,0
66400,23.0,23.0,17.0,0.0,0.0,0.0,6.6,1.0,1.0,1.0,0.0,0.0,0.0,0.0,0.0,0.0,100.0,100.0,100.0,1000.0,1000.0,1000.0,19.71866300001433,0,0,19.71866300001433,0.0,0.0,0,0
66600,23.0,23.0,17.0,0.0,0.0,0.0,6.6,1.0,1.0,1.0,0.0,0.0,0.0,0.0,0.0,0.0,100.0,100.0,100.0,1000.0,1000.0,1000.0,19.71866300001433,0,0,19.71866300001433,0.0,0.0,0,0
66800,23.0,23.0,17.0,0.0,0.0,0.0,6.6,1.0,1.0,1.0,0.0,0.0,0.0,0.0,0.0,0.0,100.0,100.0,100.0,1000.0,1000.0,1000.0,19.71866300001433,0,0,19.71866300001433,0.0,0.0,0,0
67000,23.0,23.0,17.0,0.0,0.0,0.0,6.7,1.0,1.0,1.0,0.0,0.0,0.0,0.0,0.0,0.0,100.0,100.0,100.0,1000.0,1000.0,1000.0,19.71866300001433,0,0,19.71866300001433,0.0,0.0,0,0
67200,23.0,23.0,17.0,0.0,0.0,0.0,6.7,1.0,1.0,1.0,0.0,0.0,0.0,0.0,0.0,0.0,100.0,100.0,100.0,1000.0,1000.0,1000.0,19.71866300001433,0,0,19.71866300001433,0.0,0.0,0,0
67400,23.0,23.0,17.0,0.0,0.0,0.0,6.7,1.0,1.0,1.0,0.0,0.0,0.0,0.0,0.0,0.0,100.0,100.0,100.0,1000.0,1000.0,1000.0,19.71866300001433,0,0,19.71866300001433,0.0,0.0,0,0
67600,23.5,23.0,17.0,0.0,0.0,0.0,6.7,1.0,1.0,1.0,0.0,0.0,0.0,0.0,0.0,0.0,100.0,100.0,100.0,1000.0,1000.0,1000.0,19.71866300001433,0,0,19.71866300001433,0.0,0.0,0,0
67800,23.5,23.0,17.0,0.0,0.0,0.0,6.7,1.0,1.0,1.0,0.0,0.0,0.0,0.0,0.0,0.0,100.0,100.0,100.0,1000.0,1000.0,1000.0,19.71866300001433,0,0,19.71866300001433,0.0,0.0,0,0
68000,23.5,23.0,17.0,0.0,0.0,0.0,6.8,1.0,1.0,1.0,0.0,0.0,0.0,0.0,0.0,0.0,100.0,100.0,100.0,1000.0,1000.0,1000.0,19.71866300001433,0,0,19.71866300001433,0.0,0.0,0,0
68200,23.5,23.0,17.0,0.0,0.0,0.0,6.8,1.0,1.0,1.0,0.0,0.0,0.0,0.0,0.0,0.0,100.0,100.0,100.0,1000.0,1000.0,1000.0,19.71866300001433,0,0,19.71866300001433,0.0,0.0,0,0
68400,23.5,23.0,17.0,0.0,0.0,0.0,6.8,1.0,1.0,1.0,0.0,0.0,0.0,0.0,0.0,0.0,100.0,100.0,100.0,1000.0,1000.0,1000.0,19.71866300001433,0,0,19.71866300001433,0.0,0.0,0,0
68600,23.5,23.0,17.0,0.0,0.0,0.0,6.8,1.0,1.0,1.0,0.0,0.0,0.0,0.0,0.0,0.0,100.0,100.0,100.0,1000.0,1000.0,1000.0,19.71866300001433,0,0,19.71866300001433,0.0,0.0,0,0
68800,23.5,23.0,17.0,0.0,0.0,0.0,6.8,1.0,1.0,1.0,0.0,0.0,0.0,0.0,0.0,0.0,100.0,100.0,100.0,1000.0,1000.0,1000.0,19.71866300001433,0,0,19.71866300001433,0.0,0.0,0,0
69000,23.5,23.0,17.0,0.0,0.0,0.0,6.9,1.0,1.0,1.0,0.0,0.0,0.0,0.0,0.0,0.0,100.0,100.0,100.0,1000.0,1000.0,1000.0,19.71866300001433,0,0,19.71866300001433,0.0,0.0,0,0
69200,23.5,23.0,17.0,0.0,0.0,0.0,6.9,1.0,1.0,1.0,0.0,0.0,0.0,0.0,0.0,0.0,100.0,100.0,100.0,1000.0,1000.0,1000.0,19.71866300001433,0,0,19.71866300001433,0.0,0.0,0,0
69400,23.5,23.5,17.0,0.0,0.0,0.0,6.9,1.0,1.0,1.0,0.0,0.0,0.0,0.0,0.0,0.0,100.0,100.0,100.0,1000.0,1000.0,1000.0,19.71866300001433,0,0,19.71866300001433,0.0,0.0,0,0
69600,23.5,23.5,17.0,0.0,0.0,0.0,6.9,1.0,1.0,1.0,0.0,0.0,0.0,0.0,0.0,0.0,100.0,100.0,100.0,1000.0,1000.0,1000.0,19.71866300001433,0,0,19.71866300001433,0.0,0.0,0,0
69800,23.5,23.5,17.0,0.0,0.0,0.0,6.9,1.0,1.0,1.0,0.0,0.0,0.0,0.0,0.0,0.0,100.0,100.0,100.0,1000.0,1000.0,1000.0,19.71866300001433,0,0,19.71866300001433,0.0,0.0,0,0
70000,23.5,23.5,17.0,0.0,0.0,0.0,7.0,1.0,1.0,1.0,0.0,0.0,0.0,0.0,0.0,0.0,100.0,100.0,100.0,1000.0,1000.0,1000.0,19.71866300001433,0,0,19.71866300001433,0.0,0.0,0,0
70200,23.5,23.5,17.0,0.0,0.0,0.0,7.0,1.0,1.0,1.0,0.0,0.0,0.0,0.0,0.0,0.0,100.0,100.0,100.0,1000.0,1000.0,1000.0,19.71866300001433,0,0,19.71866300001433,0.0,0.0,0,0
70400,23.5,23.5,17.0,0.0,0.0,0.0,7.0,1.0,1.0,1.0,0.0,0.0,0.0,0.0,0.0,0.0,100.0,100.0,100.0,1000.0,1000.0,1000.0,19.71866300001433,0,0,19.71866300001433,0.0,0.0,0,0
70600,23.5,23.5,17.0,0.0,0.0,0.0,7.0,1.0,1.0,1.0,0.0,0.0,0.0,0.0,0.0,0.0,100.0,100.0,100.0,1000.0,1000.0,1000.0,19.71866300001433,0,0,19.71866300001433,0.0,0.0,0,0
70800,23.5,23.5,17.0,0.0,0.0,0.0,7.0,1.0,1.0,1.0,0.0,0.0,0.0,0.0,0.0,0.0,100.0,100.0,100.0,1000.0,1000.0,1000.0,19.71866300001433,0,0,19.71866300001433,0.0,0.0,0,0
71000,23.5,23.5,17.0,0.0,0.0,0.0,7.1,1.0,1.0,1.0,0.0,0.0,0.0,0.0,0.0,0.0,100.0,100.0,100.0,1000.0,1000.0,1000.0,19.71866300001433,0,0,19.71866300001433,0.0,0.0,0,0
71200,23.5,23.5,17.0,0.0,0.0,0.0,7.1,1.0,1.0,1.0,0.0,0.0,0.0,0.0,0.0,0.0,100.0,100.0,100.0,1000.0,1000.0,1000.0,19.71866300001433,0,0,19.71866300001433,0.0,0.0,0,0
71400,23.5,23.5,17.0,0.0,0.0,0.0,7.1,1.0,1.0,1.0,0.0,0.0,0.0,0.0,0.0,0.0,100.0,100.0,100.0,1000.0,1000.0,1000.0,19.71866300001433,0,0,19.71866300001433,0.0,0.0,0,0
71600,23.5,23.5,17.0,0.0,0.0,0.0,7.1,1.0,1.0,1.0,0.0,0.0,0.0,0.0,0.0,0.0,100.0,100.0,100.0,1000.0,1000.0,1000.0,19.71866300001433,0,0,19.71866300001433,0.0,0.0,0,0
71800,23.5,23.5,17.0,0.0,0.0,0.0,7.1,1.0,1.0,1.0,0.0,0.0,0.0,0.0,0.0,0.0,100.0,100.0,100.0,1000.0,1000.0,1000.0,19.71866300001433,0,0,19.71866300001433,0.0,0.0,0,0
72000,23.5,23.5,17.0,0.0,0.0,0.0,7.2,1.0,1.0,1.0,0.0,0.0,0.0,0.0,0.0,0.0,100.0,100.0,100.0,1000.0,1000.0,1000.0,19.71866300001433,0,0,19.71866300001433,0.0,0.0,0,0
72200,23.5,23.5,17.0,0.0,0.0,0.0,7.2,1.0,1.0,1.0,0.0,0.0,0.0,0.0,0.0,0.0,100.0,100.0,100.0,1000.0,1000.0,1000.0,19.71866300001433,0,0,19.71866300001433,0.0,0.0,0,0
72400,23.5,23.5,17.0,0.0,0.0,0.0,7.2,1.0,1.0,1.0,0.0,0.0,0.0,0.0,0.0,0.0,100.0,100.0,100.0,1000.0,1000.0,1000.0,19.71866300001433,0,0,19.71866300001433,0.0,0.0,0,0
72600,23.5,23.5,17.0,0.0,0.0,0.0,7.2,1.0,1.0,1.0,0.0,0.0,0.0,0.0,0.0,0.0,100.0,100.0,100.0,1000.0,1000.0,1000.0,19.71866300001433,0,0,19.71866300001433,0.0,0.0,0,0
72800,23.5,23.5,17.0,0.0,0.0,0.0,7.2,1.0,1.0,1.0,0.0,0.0,0.0,0.0,0.0,0.0,100.0,100.0,100.0,1000.0,1000.0,1000.0,19.71866300001433,0,0,19.71866300001433,0.0,0.0,0,0
73000,23.5,23.5,17.0,0.0,0.0,0.0,7.3,1.0,1.0,1.0,0.0,0.0,0.0,0.0,0.0,0.0,100.0,100.0,100.0,1000.0,1000.0,1000.0,19.71866300001433,0,0,19.71866300001433,0.0,0.0,0,0
73200,23.5,23.5,17.0,0.0,0.0,0.0,7.3,1.0,1.0,1.0,0.0,0.0,0.0,0.0,0.0,0.0,100.0,100.0,100.0,1000.0,1000.0,1000.0,19.71866300001433,0,0,19.71866300001433,0.0,0.0,0,0
73400,23.5,23.5,17.0,0.0,0.0,0.0,7.3,1.0,1.0,1.0,0.0,0.0,0.0,0.0,0.0,0.0,100.0,100.0,100.0,1000.0,1000.0,1000.0,19.71866300001433,0,0,19.71866300001433,0.0,0.0,0,0
73600,24.0,23.5,17.0,0.0,0.0,0.0,7.3,1.0,1.0,1.0,0.0,0.0,0.0,0.0,0.0,0.0,100.0,100.0,100.0,1000.0,1000.0,1000.0,19.71866300001433,0,0,19.71866300001433,0.0,0.0,0,0
73800,24.0,23.5,17.0,0.0,0.0,0.0,7.3,1.0,1.0,1.0,0.0,0.0,0.0,0.0,0.0,0.0,100.0,100.0,100.0,1000.0,1000.0,1000.0,19.71866300001433,0,0,19.71866300001433,0.0,0.0,0,0
74000,24.0,23.5,17.0,0.0,0.0,0.0,7.4,1.0,1.0,1.0,0.0,0.0,0.0,0.0,0.0,0.0,100.0,100.0,100.0,1000.0,1000.0,1000.0,19.71866300001433,0,0,19.71866300001433,0.0,0.0,0,0
74200,24.0,23.5,17.0,0.0,0.0,0.0,7.4,1.0,1.0,1.0,0.0,0.0,0.0,0.0,0.0,0.0,100.0,100.0,100.0,1000.0,1000.0,1000.0,19.71866300001433,0,0,19.71866300001433,0.0,0.0,0,0
74400,24.0,23.5,17.0,0.0,0.0,0.0,7.4,1.0,1.0,1.0,0.0,0.0,0.0,0.0,0.0,0.0,100.0,100.0,100.0,1000.0,1000.0,1000.0,19.71866300001433,0,0,19.71866300001433,0.0,0.0,0,0
74600,24.0,23.5,17.0,0.0,0.0,0.0,7.4,1.0,1.0,1.0,0.0,0.0,0.0,0.0,0.0,0.0,100.0,100.0,100.0,1000.0,1000.0,1000.0,19.71866300001433,0,0,19.71866300001433,0.0,0.0,0,0
74800,24.0,23.5,17.0,0.0,0.0,0.0,7.4,1.0,1.0,1.0,0.0,0.0,0.0,0.0,0.0,0.0,100.0,100.0,100.0,1000.0,1000.0,1000.0,19.71866300001433,0,0,19.71866300001433,0.0,0.0,0,0
75000,24.0,24.0,17.0,0.0,0.0,0.0,7.5,1.0,1.0,1.0,0.0,0.0,0.0,0.0,0.0,0.0,100.0,100.0,100.0,1000.0,1000.0,1000.0,19.71866300001433,0,0,19.71866300001433,0.0,0.0,0,0
75200,24.0,24.0,17.0,0.0,0.0,0.0,7.5,1.0,1.0,1.0,0.0,0.0,0.0,0.0,0.0,0.0,100.0,100.0,100.0,1000.0,1000.0,1000.0,23.72740737498875,0,0,23.72740737498875,0.0,0.0,1,0
75400,24.0,24.0,17.0,0.0,0.0,0.0,7.5,1.0,1.0,1.0,0.0,0.0,0.0,0.0,0.0,0.0,100.0,100.0,100.0,1000.0,1000.0,1000.0,23.72740737498875,0,0,23.72740737498875,0.0,0.0,0,0
75600,24.0,24.0,17.0,0.0,0.0,0.0,7.5,1.0,1.0,1.0,0.0,0.0,0.0,0.0,0.0,0.0,100.0,100.0,100.0,1000.0,1000.0,1000.0,23.72740737498875,0,0,23.72740737498875,0.0,0.0,0,0
75800,24.0,24.0,17.0,0.0,0.0,0.0,7.5,1.0,1.0,1.0,0.0,0.0,0.0,0.0,0.0,0.0,100.0,100.0,100.0,1000.0,1000.0,1000.0,23.72740737498875,0,0,23.72740737498875,0.0,0.0,0,0
76000,24.0,24.0,17.0,0.0,0.0,0.0,7.6,1.0,1.0,1.0,0.0,0.0,0.0,0.0,0.0,0.0,100.0,100.0,100.0,1000.0,1000.0,1000.0,23.72740737498875,0,0,23.72740737498875,0.0,0.0,0,0
76200,24.0,24.0,17.0,0.0,0.0,0.0,7.6,1.0,1.0,1.0,0.0,0.0,0.0,0.0,0.0,0.0,100.0,100.0,100.0,1000.0,1000.0,1000.0,23.72740737498875,0,0,23.72740737498875,0.0,0.0,0,0
76400,24.0,24.0,17.0,0.0,0.0,0.0,7.6,1.0,1.0,1.0,0.0,0.0,0.0,0.0,0.0,0.0,100.0,100.0,100.0,1000.0,1000.0,1000.0,23.72740737498875,0,0,23.72740737498875,0.0,0.0,0,0
76600,24.0,24.0,17.0,0.0,0.0,0.0,7.6,1.0,1.0,1.0,0.0,0.0,0.0,0.0,0.0,0.0,100.0,100.0,100.0,1000.0,1000.0,1000.0,23.72740737498875,0,0,23.72740737498875,0.0,0.0,0,0
76800,24.0,24.0,17.0,0.0,0.0,0.0,7.6,1.0,1.0,1.0,0.0,0.0,0.0,0.0,0.0,0.0,100.0,100.0,100.0,1000.0,1000.0,1000.0,23.72740737498875,0,0,23.72740737498875,0.0,0.0,0,0
77000,24.0,24.0,17.0,0.0,0.0,0.0,7.7,1.0,1.0,1.0,0.0,0.0,0.0,0.0,0.0,0.0,100.0,100.0,100.0,1000.0,1000.0,1000.0,23.72740737498875,0,0,23.72740737498875,0.0,0.0,0,0
77200,24.0,24.0,17.0,0.0,0.0,0.0,7.7,1.0,1.0,1.0,0.0,0.0,0.0,0.0,0.0,0.0,100.0,100.0,100.0,1000.0,1000.0,1000.0,23.72740737498875,0,0,23.72740737498875,0.0,0.0,0,0
77400,24.0,24.0,17.0,0.0,0.0,0.0,7.7,1.0,1.0,1.0,0.0,0.0,0.0,0.0,0.0,0.0,100.0,100.0,100.0,1000.0,1000.0,1000.0,23.72740737498875,0,0,23.72740737498875,0.0,0.0,0,0
77600,24.0,24.0,17.0,0.0,0.0,0.0,7.7,1.0,1.0,1.0,0.0,0.0,0.0,0.0,0.0,0.0,100.0,100.0,100.0,1000.0,1000.0,1000.0,23.72740737498875,0,0,23.72740737498875,0.0,0.0,0,0
77800,24.0,24.0,17.0,0.0,0.0,0.0,7.7,1.0,1.0,1.0,0.0,0.0,0.0,0.0,0.0,0.0,100.0,100.0,100.0,1000.0,1000.0,1000.0,23.72740737498875,0,0,23.72740737498875,0.0,0.0,0,0
78000,24.0,24.0,17.0,0.0,0.0,0.0,7.8,1.0,1.0,1.0,0.0,0.0,0.0,0.0,0.0,0.0,100.0,100.0,100.0,1000.0,1000.0,1000.0,23.72740737498875,0,0,23.72740737498875,0.0,0.0,0,0
78200,24.0,24.0,17.0,0.0,0.0,0.0,7.8,1.0,1.0,1.0,0.0,0.0,0.0,0.0,0.0,0.0,100.0,100.0,100.0,1000.0,1000.0,1000.0,23.72740737498875,0,0,23.72740737498875,0.0,0.0,0,0
78400,24.0,24.0,17.0,0.0,0.0,0.0,7.8,1.0,1.0,1.0,0.0,0.0,0.0,0.0,0.0,0.0,100.0,100.0,100.0,1000.0,1000.0,1000.0,23.72740737498875,0,0,23.72740737498875,0.0,0.0,0,0
78600,24.0,24.0,17.0,0.0,0.0,0.0,7.8,1.0,1.0,1.0,0.0,0.0,0.0,0.0,0.0,0.0,100.0,100.0,100.0,1000.0,1000.0,1000.0,23.72740737498875,0,0,23.72740737498875,0.0,0.0,0,0
78800,24.0,24.0,17.0,0.0,0.0,0.0,7.8,1.0,1.0,1.0,0.0,0.0,0.0,0.0,0.0,0.0,100.0,100.0,100.0,1000.0,1000.0,1000.0,23.72740737498875,0,0,23.72740737498875,0.0,0.0,0,0
79000,24.0,24.0,17.0,0.0,0.0,0.0,7.9,1.0,1.0,1.0,0.0,0.0,0.0,0.0,0.0,0.0,100.0,100.0,100.0,1000.0,1000.0,1000.0,23.72740737498875,0,0,23.72740737498875,0.0,0.0,0,0
79200,24.0,24.0,17.0,0.0,0.0,0.0,7.9,1.0,1.0,1.0,0.0,0.0,0.0,0.0,0.0,0.0,100.0,100.0,100.0,1000.0,1000.0,1000.0,23.72740737498875,0,0,23.72740737498875,0.0,0.0,0,0
79400,24.0,24.0,17.0,0.0,0.0,0.0,7.9,1.0,1.0,1.0,0.0,0.0,0.0,0.0,0.0,0.0,100.0,100.0,100.0,1000.0,1000.0,1000.0,23.72740737498875,0,0,23.72740737498875,0.0,0.0,0,0
79600,24.5,24.0,17.0,0.0,0.0,0.0,7.9,1.0,1.0,1.0,0.0,0.0,0.0,0.0,0.0,0.0,100.0,100.0,100.0,1000.0,1000.0,1000.0,23.72740737498875,0,0,23.72740737498875,0.0,0.0,0,0
79800,24.5,24.0,17.0,0.0,0.0,0.0,7.9,1.0,1.0,1.0,0.0,0.0,0.0,0.0,0.0,0.0,100.0,100.0,100.0,1000.0,1000.0,1000.0,23.72740737498875,0,0,23.72740737498875,0.0,0.0,0,0
80000,24.5,24.0,17.0,0.0,0.0,0.0,8.0,1.0,1.0,1.0,0.0,0.0,0.0,0.0,0.0,0.0,100.0,100.0,100.0,1000.0,1000.0,1000.0,23.72740737498875,0,0,23.72740737498875,0.0,0.0,0,0
80200,24.5,24.0,17.0,0.0,0.0,0.0,8.0,1.0,1.0,1.0,0.0,0.0,0.0,0.0,0.0,0.0,100.0,100.0,100.0,1000.0,1000.0,1000.0,23.72740737498875,0,0,23.72740737498875,0.0,0.0,0,0
80400,24.5,24.0,17.0,0.0,0.0,0.0,8.0,1.0,1.0,1.0,0.0,0.0,0.0,0.0,0.0,0.0,100.0,100.0,100.0,1000.0,1000.0,1000.0,23.72740737498875,0,0,23.72740737498875,0.0,0.0,0,0
80600,24.5,24.0,17.0,0.0,0.0,0.0,8.0,1.0,1.0,1.0,0.0,0.0,0.0,0.0,0.0,0.0,100.0,100.0,100.0,1000.0,1000.0,1000.0,23.72740737498875,0,0,23.72740737498875,0.0,0.0,0,0
80800,24.5,24.0,17.0,0.0,0.0,0.0,8.0,1.0,1.0,1.0,0.0,0.0,0.0,0.0,0.0,0.0,100.0,100.0,100.0,1000.0,1000.0,1000.0,23.72740737498875,0,0,23.72740737498875,0.0,0.0,0,0
81000,24.5,24.5,17.0,0.0,0.0,0.0,8.1,1.0,1.0,1.0,0.0,0.0,0.0,0.0,0.0,0.0,100.0,100.0,100.0,1000.0,1000.0,1000.0,23.72740737498875,0,0,23.72740737498875,0.0,0.0,0,0
81200,24.5,24.5,17.0,0.0,0.0,0.0,8.1,1.0,1.0,1.0,0.0,0.0,0.0,0.0,0.0,0.0,100.0,100.0,100.0,1000.0,1000.0,1000.0,23.72740737498875,0,0,23.72740737498875,0.0,0.0,0,0
81400,24.5,24.5,17.0,0.0,0.0,0.0,8.1,1.0,1.0,1.0,0.0,0.0,0.0,0.0,0.0,0.0,100.0,100.0,100.0,1000.0,1000.0,1000.0,23.72740737498875,0,0,23.72740737498875,0.0,0.0,0,0
81600,24.5,24.5,17.0,0.0,0.0,0.0,8.1,1.0,1.0,1.0,0.0,0.0,0.0,0.0,0.0,0.0,100.0,100.0,100.0,1000.0,1000.0,1000.0,23.72740737498875,0,0,23.72740737498875,0.0,0.0,0,0
81800,24.5,24.5,17.0,0.0,0.0,0.0,8.1,1.0,1.0,1.0,0.0,0.0,0.0,0.0,0.0,0.0,100.0,100.0,100.0,1000.0,1000.0,1000.0,23.72740737498875,0,0,23.72740737498875,0.0,0.0,0,0
82000,24.5,24.5,17.0,0.0,0.0,0.0,8.2,1.0,1.0,1.0,0.0,0.0,0.0,0.0,0.0,0.0,100.0,100.0,100.0,1000.0,1000.0,1000.0,23.72740737498875,0,0,23.72740737498875,0.0,0.0,0,0
82200,24.5,24.5,17.0,0.0,0.0,0.0,8.2,1.0,1.0,1.0,0.0,0.0,0.0,0.0,0.0,0.0,100.0,100.0,100.0,1000.0,1000.0,1000.0,23.72740737498875,0,0,23.72740737498875,0.0,0.0,0,0
82400,24.5,24.5,17.0,0.0,0.0,0.0,8.2,1.0,1.0,1.0,0.0,0.0,0.0,0.0,0.0,0.0,100.0,100.0,100.0,1000.0,1000.0,1000.0,23.72740737498875,0,0,23.72740737498875,0.0,0.0,0,0
82600,24.5,24.5,17.0,0.0,0.0,0.0,8.2,1.0,1.0,1.0,0.0,0.0,0.0,0.0,0.0,0.0,100.0,100.0,100.0,1000.0,1000.0,1000.0,23.72740737498875,0,0,23.72740737498875,0.0,0.0,0,0
82800,24.5,24.5,17.0,0.0,0.0,0.0,8.2,1.0,1.0,1.0,0.0,0.0,0.0,0.0,0.0,0.0,100.0,100.0,100.0,1000.0,1000.0,1000.0,23.72740737498875,0,0,23.72740737498875,0.0,0.0,0,0
83000,24.5,24.5,17.0,0.0,0.0,0.0,8.3,1.0,1.0,1.0,0.0,0.0,0.0,0.0,0.0,0.0,100.0,100.0,100.0,1000.0,1000.0,1000.0,23.72740737498875,0,0,23.72740737498875,0.0,0.0,0,0
83200,24.5,24.5,17.0,0.0,0.0,0.0,8.3,1.0,1.0,1.0,0.0,0.0,0.0,0.0,0.0,0.0,100.0,100.0,100.0,1000.0,1000.0,1000.0,23.72740737498875,0,0,23.72740737498875,0.0,0.0,0,0
83400,24.5,24.5,17.0,0.0,0.0,0.0,8.3,1.0,1.0,1.0,0.0,0.0,0.0,0.0,0.0,0.0,100.0,100.0,100.0,1000.0,1000.0,1000.0,23.72740737498875,0,0,23.72740737498875,0.0,0.0,0,0
83600,24.5,24.5,17.0,0.0,0.0,0.0,8.3,1.0,1.0,1.0,0.0,0.0,0.0,0.0,0.0,0.0,100.0,100.0,100.0,1000.0,1000.0,1000.0,23.72740737498875,0,0,23.72740737498875,0.0,0.0,0,0
83800,24.5,24.5,17.0,0.0,0.0,0.0,8.3,1.0,1.0,1.0,0.0,0.0,0.0,0.0,0.0,0.0,100.0,100.0,100.0,1000.0,1000.0,1000.0,23.72740737498875,0,0,23.72740737498875,0.0,0.0,0,0
84000,24.5,24.5,17.0,0.0,0.0,0.0,8.4,1.0,1.0,1.0,0.0,0.0,0.0,0.0,0.0,0.0,100.0,100.0,100.0,1000.0,1000.0,1000.0,23.72740737498875,0,0,23.72740737498875,0.0,0.0,0,0
84200,24.5,24.5,17.0,0.0,0.0,0.0,8.4,1.0,1.0,1.0,0.0,0.0,0.0,0.0,0.0,0.0,100.0,100.0,100.0,1000.0,1000.0,1000.0,23.72740737498875,0,0,23.72740737498875,0.0,0.0,0,0
84400,24.5,24.5,17.0,0.0,0.0,0.0,8.4,1.0,1.0,1.0,0.0,0.0,0.0,0.0,0.0,0.0,100.0,100.0,100.0,1000.0,1000.0,1000.0,23.72740737498875,0,0,23.72740737498875,0.0,0.0,0,0
84600,24.5,24.5,17.0,0.0,0.0,0.0,8.4,1.0,1.0,1.0,0.0,0.0,0.0,0.0,0.0,0.0,100.0,100.0,100.0,1000.0,1000.0,1000.0,23.72740737498875,0,0,23.72740737498875,0.0,0.0,0,0
84800,24.5,24.5,17.0,0.0,0.0,0.0,8.4,1.0,1.0,1.0,0.0,0.0,0.0,0.0,0.0,0.0,100.0,100.0,100.0,1000.0,1000.0,1000.0,23.72740737498875,0,0,23.72740737498875,0.0,0.0,0,0
85000,24.5,24.5,17.0,0.0,0.0,0.0,8.5,1.0,1.0,1.0,0.0,0.0,0.0,0.0,0.0,0.0,100.0,100.0,100.0,1000.0,1000.0,1000.0,23.72740737498875,0,0,23.72740737498875,0.0,0.0,0,0
85200,24.5,24.5,17.0,0.0,0.0,0.0,8.5,1.0,1.0,1.0,0.0,0.0,0.0,0.0,0.0,0.0,100.0,100.0,100.0,1000.0,1000.0,1000.0,23.72740737498875,0,0,23.72740737498875,0.0,0.0,0,0
85400,24.5,24.5,17.0,0.0,0.0,0.0,8.5,1.0,1.0,1.0,0.0,0.0,0.0,0.0,0.0,0.0,100.0,100.0,100.0,1000.0,1000.0,1000.0,23.72740737498875,0,0,23.72740737498875,0.0,0.0,0,0
85600,25.0,24.5,17.0,0.0,0.0,0.0,8.5,1.0,1.0,1.0,0.0,0.0,0.0,0.0,0.0,0.0,100.0,100.0,100.0,1000.0,1000.0,1000.0,23.72740737498875,0,0,23.72740737498875,0.0,0.0,0,0
85800,25.0,24.5,17.0,0.0,0.0,0.0,8.5,1.0,1.0,1.0,0.0,0.0,0.0,0.0,0.0,0.0,100.0,100.0,100.0,1000.0,1000.0,1000.0,23.72740737498875,0,0,23.72740737498875,0.0,0.0,0,0
86000,25.0,24.5,17.0,0.0,0.0,0.0,8.6,1.0,1.0,1.0,0.0,0.0,0.0,0.0,0.0,0.0,100.0,100.0,100.0,1000.0,1000.0,1000.0,23.72740737498875,0,0,23.72740737498875,0.0,0.0,0,0
86200,25.0,24.5,17.0,0.0,0.0,0.0,8.6,1.0,1.0,1.0,0.0,0.0,0.0,0.0,0.0,0.0,100.0,100.0,100.0,1000.0,1000.0,1000.0,23.72740737498875,0,0,23.72740737498875,0.0,0.0,0,0
86400,25.0,25.0,17.0,0.0,0.0,0.0,8.6,1.0,1.0,1.0,0.0,0.0,0.0,0.0,0.0,0.0,100.0,100.0,100.0,1000.0,1000.0,1000.0,23.72740737498875,0,0,23.72740737498875,0.0,0.0,0,0
86600,25.0,25.0,17.0,0.0,0.0,0.0,8.6,1.0,1.0,1.0,0.0,0.0,0.0,0.0,0.0,0.0,100.0,100.0,100.0,1000.0,1000.0,1000.0,23.72740737498875,0,0,23.72740737498875,0.0,0.0,0,0
86800,25.0,25.0,17.0,0.0,0.0,0.0,8.6,1.0,1.0,1.0,0.0,0.0,0.0,0.0,0.0,0.0,100.0,100.0,100.0,1000.0,1000.0,1000.0,23.72740737498875,0,0,23.72740737498875,0.0,0.0,0,0
87000,25.0,25.0,17.0,0.0,0.0,0.0,8.7,1.0,1.0,1.0,0.0,0.0,0.0,0.0,0.0,0.0,100.0,100.0,100.0,1000.0,1000.0,1000.0,23.72740737498875,0,0,23.72740737498875,0.0,0.0,0,0
87200,25.0,25.0,17.0,0.0,0.0,0.0,8.7,1.0,1.0,1.0,0.0,0.0,0.0,0.0,0.0,0.0,100.0,100.0,100.0,1000.0,1000.0,1000.0,23.72740737498875,0,0,23.72740737498875,0.0,0.0,0,0
87400,25.0,25.0,17.0,0.0,0.0,0.0,8.7,1.0,1.0,1.0,0.0,0.0,0.0,0.0,0.0,0.0,100.0,100.0,100.0,1000.0,1000.0,1000.0,23.72740737498875,0,0,23.72740737498875,0.0,0.0,0,0
87600,25.0,25.0,17.0,0.0,0.0,0.0,8.7,1.0,1.0,1.0,0.0,0.0,0.0,0.0,0.0,0.0,100.0,100.0,100.0,1000.0,1000.0,1000.0,23.72740737498875,0,0,23.72740737498875,0.0,0.0,0,0
87800,25.0,25.0,17.0,0.0,0.0,0.0,8.7,1.0,1.0,1.0,0.0,0.0,0.0,0.0,0.0,0.0,100.0,100.0,100.0,1000.0,1000.0,1000.0,23.72740737498875,0,0,23.72740737498875,0.0,0.0,0,0
88000,25.0,25.0,17.0,0.0,0.0,0.0,8.8,1.0,1.0,1.0,0.0,0.0,0.0,0.0,0.0,0.0,100.0,100.0,100.0,1000.0,1000.0,1000.0,23.72740737498875,0,0,23.72740737498875,0.0,0.0,0,0
88200,25.0,25.0,17.0,0.0,0.0,0.0,8.8,1.0,1.0,1.0,0.0,0.0,0.0,0.0,0.0,0.0,100.0,100.0,100.0,1000.0,1000.0,1000.0,23.72740737498875,0,0,23.72740737498875,0.0,0.0,0,0
88400,25.0,25.0,17.0,0.0,0.0,0.0,8.8,1.0,1.0,1.0,0.0,0.0,0.0,0.0,0.0,0.0,100.0,100.0,100.0,1000.0,1000.0,1000.0,23.72740737498875,0,0,23.72740737498875,0.0,0.0,0,0
88600,25.0,25.0,17.0,0.0,0.0,0.0,8.8,1.0,1.0,1.0,0.0,0.0,0.0,0.0,0.0,0.0,100.0,100.0,100.0,1000.0,1000.0,1000.0,23.72740737498875,0,0,23.72740737498875,0.0,0.0,0,0
88800,25.0,25.0,17.0,0.0,0.0,0.0,8.8,1.0,1.0,1.0,0.0,0.0,0.0,0.0,0.0,0.0,100.0,100.0,100.0,1000.0,1000.0,1000.0,23.72740737498875,0,0,23.72740737498875,0.0,0.0,0,0
89000,25.0,25.0,17.0,0.0,0.0,0.0,8.9,1.0,1.0,1.0,0.0,0.0,0.0,0.0,0.0,0.0,100.0,100.0,100.0,1000.0,1000.0,1000.0,23.72740737498875,0,0,23.72740737498875,0.0,0.0,0,0
89200,25.0,25.0,17.0,0.0,0.0,0.0,8.9,1.0,1.0,1.0,0.0,0.0,0.0,0.0,0.0,0.0,100.0,100.0,100.0,1000.0,1000.0,1000.0,23.72740737498875,0,0,23.72740737498875,0.0,0.0,0,0
89400,25.0,25.0,17.0,0.0,0.0,0.0,8.9,1.0,1.0,1.0,0.0,0.0,0.0,0.0,0.0,0.0,100.0,100.0,100.0,1000.0,1000.0,1000.0,23.72740737498875,0,0,23.72740737498875,0.0,0.0,0,0
89600,25.0,25.0,17.0,0.0,0.0,0.0,8.9,1.0,1.0,1.0,0.0,0.0,0.0,0.0,0.0,0.0,100.0,100.0,100.0,1000.0,1000.0,1000.0,23.72740737498875,0,0,23.72740737498875,0.0,0.0,0,0
89800,25.0,25.0,17.0,0.0,0.0,0.0,8.9,1.0,1.0,1.0,0.0,0.0,0.0,0.0,0.0,0.0,100.0,100.0,100.0,1000.0,1000.0,1000.0,23.72740737498875,0,0,23.72740737498875,0.0,0.0,0,0
90000,25.0,25.0,17.0,0.0,0.0,0.0,9.0,1.0,1.0,1.0,0.0,0.0,0.0,0.0,0.0,0.0,100.0,100.0,100.0,1000.0,1000.0,1000.0,23.72740737498875,0,0,23.72740737498875,0.0,0.0,0,0
90200,25.0,25.0,17.0,0.0,0.0,0.0,9.0,1.0,1.0,1.0,0.0,0.0,0.0,0.0,0.0,0.0,100.0,100.0,100.0,1000.0,1000.0,1000.0,30.122344081659755,0,0,30.122344081659755,0.0,0.0,1,0
90400,25.0,25.0,17.0,0.0,0.0,0.0,9.0,1.0,1.0,1.0,0.0,0.0,0.0,0.0,0.0,0.0,100.0,100.0,100.0,1000.0,1000.0,1000.0,30.122344081659755,0,0,30.122344081659755,0.0,0.0,0,0
90600,25.0,25.0,17.0,0.0,0.0,0.0,9.0,1.0,1.0,1.0,0.0,0.0,0.0,0.0,0.0,0.0,100.0,100.0,100.0,1000.0,1000.0,1000.0,30.122344081659755,0,0,30.122344081659755,0.0,0.0,0,0
90800,25.0,25.0,17.0,0.0,0.0,0.0,9.0,1.0,1.0,1.0,0.0,0.0,0.0,0.0,0.0,0.0,100.0,100.0,100.0,1000.0,1000.0,1000.0,30.122344081659755,0,0,30.122344081659755,0.0,0.0,0,0
91000,25.5,25.0,17.0,0.0,0.0,0.0,9.1,1.0,1.0,1.0,0.0,0.0,0.0,0.0,0.0,0.0,100.0,100.0,100.0,1000.0,1000.0,1000.0,30.122344081659755,0,0,30.122344081659755,0.0,0.0,0,0
91200,25.5,25.0,17.0,0.0,0.0,0.0,9.1,1.0,1.0,1.0,0.0,0.0,0.0,0.0,0.0,0.0,100.0,100.0,100.0,1000.0,1000.0,1000.0,30.122344081659755,0,0,30.122344081659755,0.0,0.0,0,0
91400,25.5,25.0,17.0,0.0,0.0,0.0,9.1,1.0,1.0,1.0,0.0,0.0,0.0,0.0,0.0,0.0,100.0,100.0,100.0,1000.0,1000.0,1000.0,30.122344081659755,0,0,30.122344081659755,0.0,0.0,0,0
91600,25.5,25.0,17.0,0.0,0.0,0.0,9.1,1.0,1.0,1.0,0.0,0.0,0.0,0.0,0.0,0.0,100.0,100.0,100.0,1000.0,1000.0,1000.0,30.122344081659755,0,0,30.122344081659755,0.0,0.0,0,0
91800,25.5,25.0,17.0,0.0,0.0,0.0,9.1,1.0,1.0,1.0,0.0,0.0,0.0,0.0,0.0,0.0,100.0,100.0,100.0,1000.0,1000.0,1000.0,30.122344081659755,0,0,30.122344081659755,0.0,0.0,0,0
92000,25.5,25.0,17.0,0.0,0.0,0.0,9.2,1.0,1.0,1.0,0.0,0.0,0.0,0.0,0.0,0.0,100.0,100.0,100.0,1000.0,1000.0,1000.0,30.122344081659755,0,0,30.122344081659755,0.0,0.0,0,0
92200,25.5,25.0,17.0,0.0,0.0,0.0,9.2,1.0,1.0,1.0,0.0,0.0,0.0,0.0,0.0,0.0,100.0,100.0,100.0,1000.0,1000.0,1000.0,30.122344081659755,0,0,30.122344081659755,0.0,0.0,0,0
92400,25.5,25.5,17.0,0.0,0.0,0.0,9.2,1.0,1.0,1.0,0.0,0.0,0.0,0.0,0.0,0.0,100.0,100.0,100.0,1000.0,1000.0,1000.0,30.122344081659755,0,0,30.122344081659755,0.0,0.0,0,0
92600,25.5,25.5,17.0,0.0,0.0,0.0,9.2,1.0,1.0,1.0,0.0,0.0,0.0,0.0,0.0,0.0,100.0,100.0,100.0,1000.0,1000.0,1000.0,30.122344081659755,0,0,30.122344081659755,0.0,0.0,0,0
92800,25.5,25.5,17.0,0.0,0.0,0.0,9.2,1.0,1.0,1.0,0.0,0.0,0.0,0.0,0.0,0.0,100.0,100.0,100.0,1000.0,1000.0,1000.0,30.122344081659755,0,0,30.122344081659755,0.0,0.0,0,0
93000,25.5,25.5,17.0,0.0,0.0,0.0,9.3,1.0,1.0,1.0,0.0,0.0,0.0,0.0,0.0,0.0,100.0,100.0,100.0,1000.0,1000.0,1000.0,30.122344081659755,0,0,30.122344081659755,0.0,0.0,0,0
93200,25.5,25.5,17.0,0.0,0.0,0.0,9.3,1.0,1.0,1.0,0.0,0.0,0.0,0.0,0.0,0.0,100.0,100.0,100.0,1000.0,1000.0,1000.0,30.122344081659755,0,0,30.122344081659755,0.0,0.0,0,0
93400,25.5,25.5,17.0,0.0,0.0,0.0,9.3,1.0,1.0,1.0,0.0,0.0,0.0,0.0,0.0,0.0,100.0,100.0,100.0,1000.0,1000.0,1000.0,30.122344081659755,0,0,30.122344081659755,0.0,0.0,0,0
93600,25.5,25.5,17.0,0.0,0.0,0.0,9.3,1.0,1.0,1.0,0.0,0.0,0.0,0.0,0.0,0.0,100.0,100.0,100.0,1000.0,1000.0,1000.0,30.122344081659755,0,0,30.122344081659755,0.0,0.0,0,0
93800,25.5,25.5,17.0,0.0,0.0,0.0,9.3,1.0,1.0,1.0,0.0,0.0,0.0,0.0,0.0,0.0,100.0,100.0,100.0,1000.0,1000.0,1000.0,30.122344081659755,0,0,30.122344081659755,0.0,0.0,0,0
94000,25.5,25.5,17.0,0.0,0.0,0.0,9.4,1.0,1.0,1.0,0.0,0.0,0.0,0.0,0.0,0.0,100.0,100.0,100.0,1000.0,1000.0,1000.0,30.122344081659755,0,0,30.122344081659755,0.0,0.0,0,0
94200,25.5,25.5,17.0,0.0,0.0,0.0,9.4,1.0,1.0,1.0,0.0,0.0,0.0,0.0,0.0,0.0,100.0,100.0,100.0,1000.0,1000.0,1000.0,30.122344081659755,0,0,30.122344081659755,0.0,0.0,0,0
94400,25.5,25.5,17.0,0.0,0.0,0.0,9.4,1.0,1.0,1.0,0.0,0.0,0.0,0.0,0.0,0.0,100.0,100.0,100.0,1000.0,1000.0,1000.0,30.122344081659755,0,0,30.122344081659755,0.0,0.0,0,0
94600,25.5,25.5,17.0,0.0,0.0,0.0,9.4,1.0,1.0,1.0,0.0,0.0,0.0,0.0,0.0,0.0,100.0,100.0,100.0,1000.0,1000.0,1000.0,30.122344081659755,0,0,30.122344081659755,0.0,0.0,0,0
94800,25.5,25.5,17.0,0.0,0.0,0.0,9.4,1.0,1.0,1.0,0.0,0.0,0.0,0.0,0.0,0.0,100.0,100.0,100.0,1000.0,1000.0,1000.0,30.122344081659755,0,0,30.122344081659755,0.0,0.0,0,0
95000,25.5,25.5,17.0,0.0,0.0,0.0,9.5,1.0,1.0,1.0,0.0,0.0,0.0,0.0,0.0,0.0,100.0,100.0,100.0,1000.0,1000.0,1000.0,30.122344081659755,0,0,30.122344081659755,0.0,0.0,0,0
95200,25.5,25.5,17.0,0.0,0.0,0.0,9.5,1.0,1.0,1.0,0.0,0.0,0.0,0.0,0.0,0.0,100.0,100.0,100.0,1000.0,1000.0,1000.0,30.122344081659755,0,0,30.122344081659755,0.0,0.0,0,0
95400,25.5,25.5,17.0,0.0,0.0,0.0,9.5,1.0,1.0,1.0,0.0,0.0,0.0,0.0,0.0,0.0,100.0,100.0,100.0,1000.0,1000.0,1000.0,30.122344081659755,0,0,30.122344081659755,0.0,0.0,0,0
95600,25.5,25.5,17.0,0.0,0.0,0.0,9.5,1.0,1.0,1.0,0.0,0.0,0.0,0.0,0.0,0.0,100.0,100.0,100.0,1000.0,1000.0,1000.0,30.122344081659755,0,0,30.122344081659755,0.0,0.0,0,0
95800,25.5,25.5,17.0,0.0,0.0,0.0,9.5,1.0,1.0,1.0,0.0,0.0,0.0,0.0,0.0,0.0,100.0,100.0,100.0,1000.0,1000.0,1000.0,30.122344081659755,0,0,30.122344081659755,0.0,0.0,0,0
96000,25.5,25.5,17.0,0.0,0.0,0.0,9.6,1.0,1.0,1.0,0.0,0.0,0.0,0.0,0.0,0.0,100.0,100.0,100.0,1000.0,1000.0,1000.0,30.122344081659755,0,0,30.122344081659755,0.0,0.0,0,0
96200,25.5,25.5,17.0,0.0,0.0,0.0,9.6,1.0,1.0,1.0,0.0,0.0,0.0,0.0,0.0,0.0,100.0,100.0,100.0,1000.0,1000.0,1000.0,30.122344081659755,0,0,30.122344081659755,0.0,0.0,0,0
96400,25.5,25.5,17.0,0.0,0.0,0.0,9.6,1.0,1.0,1.0,0.0,0.0,0.0,0.0,0.0,0.0,100.0,100.0,100.0,1000.0,1000.0,1000.0,30.122344081659755,0,0,30.122344081659755,0.0,0.0,0,0
96600,26.0,25.5,17.0,0.0,0.0,0.0,9.6,1.0,1.0,1.0,0.0,0.0,0.0,0.0,0.0,0.0,100.0,100.0,100.0,1000.0,1000.0,1000.0,30.122344081659755,0,0,30.122344081659755,0.0,0.0,0,0
96800,26.0,25.5,17.0,0.0,0.0,0.0,9.6,1.0,1.0,1.0,0.0,0.0,0.0,0.0,0.0,0.0,100.0,100.0,100.0,1000.0,1000.0,1000.0,30.122344081659755,0,0,30.122344081659755,0.0,0.0,0,0
97000,26.0,25.5,17.0,0.0,0.0,0.0,9.7,1.0,1.0,1.0,0.0,0.0,0.0,0.0,0.0,0.0,100.0,100.0,100.0,1000.0,1000.0,1000.0,30.122344081659755,0,0,30.122344081659755,0.0,0.0,0,0
97200,26.0,25.5,17.0,0.0,0.0,0.0,9.7,1.0,1.0,1.0,0.0,0.0,0.0,0.0,0.0,0.0,100.0,100.0,100.0,1000.0,1000.0,1000.0,30.122344081659755,0,0,30.122344081659755,0.0,0.0,0,0
97400,26.0,26.0,17.0,0.0,0.0,0.0,9.7,1.0,1.0,1.0,0.0,0.0,0.0,0.0,0.0,0.0,100.0,100.0,100.0,1000.0,1000.0,1000.0,30.122344081659755,0,0,30.122344081659755,0.0,0.0,0,0
97600,26.0,26.0,17.0,0.0,0.0,0.0,9.7,1.0,1.0,1.0,0.0,0.0,0.0,0.0,0.0,0.0,100.0,100.0,100.0,1000.0,1000.0,1000.0,30.122344081659755,0,0,30.122344081659755,0.0,0.0,0,0
97800,26.0,26.0,17.0,0.0,0.0,0.0,9.7,1.0,1.0,1.0,0.0,0.0,0.0,0.0,0.0,0.0,100.0,100.0,100.0,1000.0,1000.0,1000.0,30.122344081659755,0,0,30.122344081659755,0.0,0.0,0,0
98000,26.0,26.0,17.0,0.0,0.0,0.0,9.8,1.0,1.0,1.0,0.0,0.0,0.0,0.0,0.0,0.0,100.0,100.0,100.0,1000.0,1000.0,1000.0,30.122344081659755,0,0,30.122344081659755,0.0,0.0,0,0
98200,26.0,26.0,17.0,0.0,0.0,0.0,9.8,1.0,1.0,1.0,0.0,0.0,0.0,0.0,0.0,0.0,100.0,100.0,100.0,1000.0,1000.0,1000.0,30.122344081659755,0,0,30.122344081659755,0.0,0.0,0,0
98400,26.0,26.0,17.0,0.0,0.0,0.0,9.8,1.0,1.0,1.0,0.0,0.0,0.0,0.0,0.0,0.0,100.0,100.0,100.0,1000.0,1000.0,1000.0,30.122344081659755,0,0,30.122344081659755,0.0,0.0,0,0
98600,26.0,26.0,17.0,0.0,0.0,0.0,9.8,1.0,1.0,1.0,0.0,0.0,0.0,0.0,0.0,0.0,100.0,100.0,100.0,1000.0,1000.0,1000.0,30.122344081659755,0,0,30.122344081659755,0.0,0.0,0,0
98800,26.0,26.0,17.0,0.0,0.0,0.0,9.8,1.0,1.0,1.0,0.0,0.0,0.0,0.0,0.0,0.0,100.0,100.0,100.0,1000.0,1000.0,1000.0,30.122344081659755,0,0,30.122344081659755,0.0,0.0,0,0
99000,26.0,26.0,17.0,0.0,0.0,0.0,9.9,1.0,1.0,1.0,0.0,0.0,0.0,0.0,0.0,0.0,100.0,100.0,100.0,1000.0,1000.0,1000.0,30.122344081659755,0,0,30.122344081659755,0.0,0.0,0,0
99200,26.0,26.0,17.0,0.0,0.0,0.0,9.9,1.0,1.0,1.0,0.0,0.0,0.0,0.0,0.0,0.0,100.0,100.0,100.0,1000.0,1000.0,1000.0,30.122344081659755,0,0,30.122344081659755,0.0,0.0,0,0
99400,26.0,26.0,17.0,0.0,0.0,0.0,9.9,1.0,1.0,1.0,0.0,0.0,0.0,0.0,0.0,0.0,100.0,100.0,100.0,1000.0,1000.0,1000.0,30.122344081659755,0,0,30.122344081659755,0.0,0.0,0,0
99600,26.0,26.0,17.0,0.0,0.0,0.0,9.9,1.0,1.0,1.0,0.0,0.0,0.0,0.0,0.0,0.0,100.0,100.0,100.0,1000.0,1000.0,1000.0,30.122344081659755,0,0,30.122344081659755,0.0,0.0,0,0
99800,26.0,26.0,17.0,0.0,0.0,0.0,9.9,1.0,1.0,1.0,0.0,0.0,0.0,0.0,0.0,0.0,100.0,100.0,100.0,1000.0,1000.0,1000.0,30.122344081659755,0,0,30.122344081659755,0.0,0.0,0,0
100000,26.0,26.0,17.0,0.0,0.0,0.0,10.0,1.0,1.0,1.0,0.0,0.0,0.0,0.0,0.0,0.0,100.0,100.0,100.0,1000.0,1000.0,1000.0,30.122344081659755,0,0,30.122344081659755,0.0,0.0,0,0
100200,26.0,26.0,17.0,0.0,0.0,0.0,10.0,1.0,1.0,1.0,0.0,0.0,0.0,0.0,0.0,0.0,100.0,100.0,100.0,1000.0,1000.0,1000.0,30.122344081659755,0,0,30.122344081659755,0.0,0.0,0,0
100400,26.0,26.0,17.0,0.0,0.0,0.0,10.0,1.0,1.0,1.0,0.0,0.0,0.0,0.0,0.0,0.0,100.0,100.0,100.0,1000.0,1000.0,1000.0,30.122344081659755,0,0,30.122344081659755,0.0,0.0,0,0
100600,26.0,26.0,17.0,0.0,0.0,0.0,10.0,1.0,1.0,1.0,0.0,0.0,0.0,0.0,0.0,0.0,100.0,100.0,100.0,1000.0,1000.0,1000.0,30.122344081659755,0,0,30.122344081659755,0.0,0.0,0,0
100800,26.0,26.0,17.0,0.0,0.0,0.0,10.0,1.0,1.0,1.0,0.0,0.0,0.0,0.0,0.0,0.0,100.0,100.0,100.0,1000.0,1000.0,1000.0,30.122344081659755,0,0,30.122344081659755,0.0,0.0,0,0
101000,26.5,26.0,17.0,0.0,0.0,0.0,10.1,1.0,1.0,1.0,0.0,0.0,0.0,0.0,0.0,0.0,100.0,100.0,100.0,1000.0,1000.0,1000.0,30.122344081659755,0,0,30.122344081659755,0.0,0.0,0,0
101200,26.5,26.0,17.0,0.0,0.0,0.0,10.1,1.0,1.0,1.0,0.0,0.0,0.0,0.0,0.0,0.0,100.0,100.0,100.0,1000.0,1000.0,1000.0,30.122344081659755,0,0,30.122344081659755,0.0,0.0,0,0
101400,26.5,26.0,17.0,0.0,0.0,0.0,10.1,1.0,1.0,1.0,0.0,0.0,0.0,0.0,0.0,0.0,100.0,100.0,100.0,1000.0,1000.0,1000.0,30.122344081659755,0,0,30.122344081659755,0.0,0.0,0,0
101600,26.5,26.0,17.0,0.0,0.0,0.0,10.1,1.0,1.0,1.0,0.0,0.0,0.0,0.0,0.0,0.0,100.0,100.0,100.0,1000.0,1000.0,1000.0,30.122344081659755,0,0,30.122344081659755,0.0,0.0,0,0
101800,26.5,26.0,17.0,0.0,0.0,0.0,10.1,1.0,1.0,1.0,0.0,0.0,0.0,0.0,0.0,0.0,100.0,100.0,100.0,1000.0,1000.0,1000.0,30.122344081659755,0,0,30.122344081659755,0.0,0.0,0,0
102000,26.5,26.0,17.0,0.0,0.0,0.0,10.2,1.0,1.0,1.0,0.0,0.0,0.0,0.0,0.0,0.0,100.0,100.0,100.0,1000.0,1000.0,1000.0,30.122344081659755,0,0,30.122344081659755,0.0,0.0,0,0
102200,26.5,26.0,17.0,0.0,0.0,0.0,10.2,1.0,1.0,1.0,0.0,0.0,0.0,0.0,0.0,0.0,100.0,100.0,100.0,1000.0,1000.0,1000.0,30.122344081659755,0,0,30.122344081659755,0.0,0.0,0,0
102400,26.5,26.5,17.0,0.0,0.0,0.0,10.2,1.0,1.0,1.0,0.0,0.0,0.0,0.0,0.0,0.0,100.0,100.0,100.0,1000.0,1000.0,1000.0,30.122344081659755,0,0,30.122344081659755,0.0,0.0,0,0
102600,26.5,26.5,17.0,0.0,0.0,0.0,10.2,1.0,1.0,1.0,0.0,0.0,0.0,0.0,0.0,0.0,100.0,100.0,100.0,1000.0,1000.0,1000.0,30.122344081659755,0,0,30.122344081659755,0.0,0.0,0,0
102800,26.5,26.5,17.0,0.0,0.0,0.0,10.2,1.0,1.0,1.0,0.0,0.0,0.0,0.0,0.0,0.0,100.0,100.0,100.0,1000.0,1000.0,1000.0,30.122344081659755,0,0,30.122344081659755,0.0,0.0,0,0
103000,26.5,26.5,17.0,0.0,0.0,0.0,10.3,1.0,1.0,1.0,0.0,0.0,0.0,0.0,0.0,0.0,100.0,100.0,100.0,1000.0,1000.0,1000.0,30.122344081659755,0,0,30.122344081659755,0.0,0.0,0,0
103200,26.5,26.5,17.0,0.0,0.0,0.0,10.3,1.0,1.0,1.0,0.0,0.0,0.0,0.0,0.0,0.0,100.0,100.0,100.0,1000.0,1000.0,1000.0,30.122344081659755,0,0,30.122344081659755,0.0,0.0,0,0
103400,26.5,26.5,17.0,0.0,0.0,0.0,10.3,1.0,1.0,1.0,0.0,0.0,0.0,0.0,0.0,0.0,100.0,100.0,100.0,1000.0,1000.0,1000.0,30.122344081659755,0,0,30.122344081659755,0.0,0.0,0,0
103600,26.5,26.5,17.0,0.0,0.0,0.0,10.3,1.0,1.0,1.0,0.0,0.0,0.0,0.0,0.0,0.0,100.0,100.0,100.0,1000.0,1000.0,1000.0,30.122344081659755,0,0,30.122344081659755,0.0,0.0,0,0
103800,26.5,26.5,17.0,0.0,0.0,0.0,10.3,1.0,1.0,1.0,0.0,0.0,0.0,0.0,0.0,0.0,100.0,100.0,100.0,1000.0,1000.0,1000.0,30.122344081659755,0,0,30.122344081659755,0.0,0.0,0,0
104000,26.5,26.5,17.0,0.0,0.0,0.0,10.4,1.0,1.0,1.0,0.0,0.0,0.0,0.0,0.0,0.0,100.0,100.0,100.0,1000.0,1000.0,1000.0,30.122344081659755,0,0,30.122344081659755,0.0,0.0,0,0
104200,26.5,26.5,17.0,0.0,0.0,0.0,10.4,1.0,1.0,1.0,0.0,0.0,0.0,0.0,0.0,0.0,100.0,100.0,100.0,1000.0,1000.0,1000.0,30.122344081659755,0,0,30.122344081659755,0.0,0.0,0,0
104400,26.5,26.5,17.0,0.0,0.0,0.0,10.4,1.0,1.0,1.0,0.0,0.0,0.0,0.0,0.0,0.0,100.0,100.0,100.0,1000.0,1000.0,1000.0,30.122344081659755,0,0,30.122344081659755,0.0,0.0,0,0
104600,26.5,26.5,17.0,0.0,0.0,0.0,10.4,1.0,1.0,1.0,0.0,0.0,0.0,0.0,0.0,0.0,100.0,100.0,100.0,1000.0,1000.0,1000.0,30.122344081659755,0,0,30.122344081659755,0.0,0.0,0,0
104800,26.5,26.5,17.0,0.0,0.0,0.0,10.4,1.0,1.0,1.0,0.0,0.0,0.0,0.0,0.0,0.0,100.0,100.0,100.0,1000.0,1000.0,1000.0,30.122344081659755,0,0,30.122344081659755,0.0,0.0,0,0
105000,26.5,26.5,17.0,0.0,0.0,0.0,10.5,1.0,1.0,1.0,0.0,0.0,0.0,0.0,0.0,0.0,100.0,100.0,100.0,1000.0,1000.0,1000.0,30.122344081659755,0,0,30.122344081659755,0.0,0.0,0,0
105200,26.5,26.5,17.0,0.0,0.0,0.0,10.5,1.0,1.0,1.0,0.0,0.0,0.0,0.0,0.0,0.0,100.0,100.0,100.0,1000.0,1000.0,1000.0,33.3185072430558,0,0,33.3185072430558,0.0,0.0,1,0
105400,26.5,26.5,17.0,0.0,0.0,0.0,10.5,1.0,1.0,1.0,0.0,0.0,0.0,0.0,0.0,0.0,100.0,100.0,100.0,1000.0,1000.0,1000.0,33.3185072430558,0,0,33.3185072430558,0.0,0.0,0,0
105600,27.0,26.5,17.0,0.0,0.0,0.0,10.5,1.0,1.0,1.0,0.0,0.0,0.0,0.0,0.0,0.0,100.0,100.0,100.0,1000.0,1000.0,1000.0,33.3185072430558,0,0,33.3185072430558,0.0,0.0,0,0
105800,27.0,26.5,17.0,0.0,0.0,0.0,10.5,1.0,1.0,1.0,0.0,0.0,0.0,0.0,0.0,0.0,100.0,100.0,100.0,1000.0,1000.0,1000.0,33.3185072430558,0,0,33.3185072430558,0.0,0.0,0,0
106000,27.0,26.5,17.0,0.0,0.0,0.0,10.6,1.0,1.0,1.0,0.0,0.0,0.0,0.0,0.0,0.0,100.0,100.0,100.0,1000.0,1000.0,1000.0,33.3185072430558,0,0,33.3185072430558,0.0,0.0,0,0
106200,27.0,26.5,17.0,0.0,0.0,0.0,10.6,1.0,1.0,1.0,0.0,0.0,0.0,0.0,0.0,0.0,100.0,100.0,100.0,1000.0,1000.0,1000.0,33.3185072430558,0,0,33.3185072430558,0.0,0.0,0,0
106400,27.0,26.5,17.0,0.0,0.0,0.0,10.6,1.0,1.0,1.0,0.0,0.0,0.0,0.0,0.0,0.0,100.0,100.0,100.0,1000.0,1000.0,1000.0,33.3185072430558,0,0,33.3185072430558,0.0,0.0,0,0
106600,27.0,26.5,17.0,0.0,0.0,0.0,10.6,1.0,1.0,1.0,0.0,0.0,0.0,0.0,0.0,0.0,100.0,100.0,100.0,1000.0,1000.0,1000.0,33.3185072430558,0,0,33.3185072430558,0.0,0.0,0,0
106800,27.0,26.5,17.0,0.0,0.0,0.0,10.6,1.0,1.0,1.0,0.0,0.0,0.0,0.0,0.0,0.0,100.0,100.0,100.0,1000.0,1000.0,1000.0,33.3185072430558,0,0,33.3185072430558,0.0,0.0,0,0
107000,27.0,27.0,17.0,0.0,0.0,0.0,10.7,1.0,1.0,1.0,0.0,0.0,0.0,0.0,0.0,0.0,100.0,100.0,100.0,1000.0,1000.0,1000.0,33.3185072430558,0,0,33.3185072430558,0.0,0.0,0,0
107200,27.0,27.0,17.0,0.0,0.0,0.0,10.7,1.0,1.0,1.0,0.0,0.0,0.0,0.0,0.0,0.0,100.0,100.0,100.0,1000.0,1000.0,1000.0,33.3185072430558,0,0,33.3185072430558,0.0,0.0,0,0
107400,27.0,27.0,17.0,0.0,0.0,0.0,10.7,1.0,1.0,1.0,0.0,0.0,0.0,0.0,0.0,0.0,100.0,100.0,100.0,1000.0,1000.0,1000.0,33.3185072430558,0,0,33.3185072430558,0.0,0.0,0,0
107600,27.0,27.0,17.0,0.0,0.0,0.0,10.7,1.0,1.0,1.0,0.0,0.0,0.0,0.0,0.0,0.0,100.0,100.0,100.0,1000.0,1000.0,1000.0,33.3185072430558,0,0,33.3185072430558,0.0,0.0,0,0
107800,27.0,27.0,17.0,0.0,0.0,0.0,10.7,1.0,1.0,1.0,0.0,0.0,0.0,0.0,0.0,0.0,100.0,100.0,100.0,1000.0,1000.0,1000.0,33.3185072430558,0,0,33.3185072430558,0.0,0.0,0,0
108000,27.0,27.0,17.0,0.0,0.0,0.0,10.8,1.0,1.0,1.0,0.0,0.0,0.0,0.0,0.0,0.0,100.0,100.0,100.0,1000.0,1000.0,1000.0,33.3185072430558,0,0,33.3185072430558,0.0,0.0,0,0
108200,27.0,27.0,17.0,0.0,0.0,0.0,10.8,1.0,1.0,1.0,0.0,0.0,0.0,0.0,0.0,0.0,100.0,100.0,100.0,1000.0,1000.0,1000.0,33.3185072430558,0,0,33.3185072430558,0.0,0.0,0,0
108400,27.0,27.0,17.0,0.0,0.0,0.0,10.8,1.0,1.0,1.0,0.0,0.0,0.0,0.0,0.0,0.0,100.0,100.0,100.0,1000.0,1000.0,1000.0,33.3185072430558,0,0,33.3185072430558,0.0,0.0,0,0
108600,27.0,27.0,17.0,0.0,0.0,0.0,10.8,1.0,1.0,1.0,0.0,0.0,0.0,0.0,0.0,0.0,100.0,100.0,100.0,1000.0,1000.0,1000.0,33.3185072430558,0,0,33.3185072430558,0.0,0.0,0,0
108800,27.0,27.0,17.0,0.0,0.0,0.0,10.8,1.0,1.0,1.0,0.0,0.0,0.0,0.0,0.0,0.0,100.0,100.0,100.0,1000.0,1000.0,1000.0,33.3185072430558,0,0,33.3185072430558,0.0,0.0,0,0
109000,27.0,27.0,17.0,0.0,0.0,0.0,10.9,1.0,1.0,1.0,0.0,0.0,0.0,0.0,0.0,0.0,100.0,100.0,100.0,1000.0,1000.0,1000.0,33.3185072430558,0,0,33.3185072430558,0.0,0.0,0,0
109200,27.0,27.0,17.0,0.0,0.0,0.0,10.9,1.0,1.0,1.0,0.0,0.0,0.0,0.0,0.0,0.0,100.0,100.0,100.0,1000.0,1000.0,1000.0,33.3185072430558,0,0,33.3185072430558,0.0,0.0,0,0
109400,27.0,27.0,17.0,0.0,0.0,0.0,10.9,1.0,1.0,1.0,0.0,0.0,0.0,0.0,0.0,0.0,100.0,100.0,100.0,1000.0,1000.0,1000.0,33.3185072430558,0,0,33.3185072430558,0.0,0.0,0,0
109600,27.0,27.0,17.0,0.0,0.0,0.0,10.9,1.0,1.0,1.0,0.0,0.0,0.0,0.0,0.0,0.0,100.0,100.0,100.0,1000.0,1000.0,1000.0,33.3185072430558,0,0,33.3185072430558,0.0,0.0,0,0
109800,27.0,27.0,17.0,0.0,0.0,0.0,10.9,1.0,1.0,1.0,0.0,0.0,0.0,0.0,0.0,0.0,100.0,100.0,100.0,1000.0,1000.0,1000.0,33.3185072430558,0,0,33.3185072430558,0.0,0.0,0,0
110000,27.0,27.0,17.0,0.0,0.0,0.0,11.0,1.0,1.0,1.0,0.0,0.0,0.0,0.0,0.0,0.0,100.0,100.0,100.0,1000.0,1000.0,1000.0,33.3185072430558,0,0,33.3185072430558,0.0,0.0,0,0
110200,27.0,27.0,17.0,0.0,0.0,0.0,11.0,1.0,1.0,1.0,0.0,0.0,0.0,0.0,0.0,0.0,100.0,100.0,100.0,1000.0,1000.0,1000.0,33.3185072430558,0,0,33.3185072430558,0.0,0.0,0,0
110400,27.0,27.0,17.0,0.0,0.0,0.0,11.0,1.0,1.0,1.0,0.0,0.0,0.0,0.0,0.0,0.0,100.0,100.0,100.0,1000.0,1000.0,1000.0,33.3185072430558,0,0,33.3185072430558,0.0,0.0,0,0
110600,27.5,27.0,17.0,0.0,0.0,0.0,11.0,1.0,1.0,1.0,0.0,0.0,0.0,0.0,0.0,0.0,100.0,100.0,100.0,1000.0,1000.0,1000.0,33.3185072430558,0,0,33.3185072430558,0.0,0.0,0,0
110800,27.5,27.0,17.0,0.0,0.0,0.0,11.0,1.0,1.0,1.0,0.0,0.0,0.0,0.0,0.0,0.0,100.0,100.0,100.0,1000.0,1000.0,1000.0,33.3185072430558,0,0,33.3185072430558,0.0,0.0,0,0
111000,27.5,27.0,17.0,0.0,0.0,0.0,11.1,1.0,1.0,1.0,0.0,0.0,0.0,0.0,0.0,0.0,100.0,100.0,100.0,1000.0,1000.0,1000.0,33.3185072430558,0,0,33.3185072430558,0.0,0.0,0,0
111200,27.5,27.0,17.0,0.0,0.0,0.0,11.1,1.0,1.0,1.0,0.0,0.0,0.0,0.0,0.0,0.0,100.0,100.0,100.0,1000.0,1000.0,1000.0,33.3185072430558,0,0,33.3185072430558,0.0,0.0,0,0
111400,27.5,27.0,17.0,0.0,0.0,0.0,11.1,1.0,1.0,1.0,0.0,0.0,0.0,0.0,0.0,0.0,100.0,100.0,100.0,1000.0,1000.0,1000.0,33.3185072430558,0,0,33.3185072430558,0.0,0.0,0,0
111600,27.5,27.0,17.0,0.0,0.0,0.0,11.1,1.0,1.0,1.0,0.0,0.0,0.0,0.0,0.0,0.0,100.0,100.0,100.0,1000.0,1000.0,1000.0,33.3185072430558,0,0,33.3185072430558,0.0,0.0,0,0
111800,27.5,27.0,17.0,0.0,0.0,0.0,11.1,1.0,1.0,1.0,0.0,0.0,0.0,0.0,0.0,0.0,100.0,100.0,100.0,1000.0,1000.0,1000.0,33.3185072430558,0,0,33.3185072430558,0.0,0.0,0,0
112000,27.5,27.5,17.0,0.0,0.0,0.0,11.2,1.0,1.0,1.0,0.0,0.0,0.0,0.0,0.0,0.0,100.0,100.0,100.0,1000.0,1000.0,1000.0,33.3185072430558,0,0,33.3185072430558,0.0,0.0,0,0
112200,27.5,27.5,17.0,0.0,0.0,0.0,11.2,1.0,1.0,1.0,0.0,0.0,0.0,0.0,0.0,0.0,100.0,100.0,100.0,1000.0,1000.0,1000.0,33.3185072430558,0,0,33.3185072430558,0.0,0.0,0,0
112400,27.5,27.5,17.0,0.0,0.0,0.0,11.2,1.0,1.0,1.0,0.0,0.0,0.0,0.0,0.0,0.0,100.0,100.0,100.0,1000.0,1000.0,1000.0,33.3185072430558,0,0,33.3185072430558,0.0,0.0,0,0
112600,27.5,27.5,17.0,0.0,0.0,0.0,11.2,1.0,1.0,1.0,0.0,0.0,0.0,0.0,0.0,0.0,100.0,100.0,100.0,1000.0,1000.0,1000.0,33.3185072430558,0,0,33.3185072430558,0.0,0.0,0,0
112800,27.5,27.5,17.0,0.0,0.0,0.0,11.2,1.0,1.0,1.0,0.0,0.0,0.0,0.0,0.0,0.0,100.0,100.0,100.0,1000.0,1000.0,1000.0,33.3185072430558,0,0,33.3185072430558,0.0,0.0,0,0
113000,27.5,27.5,17.0,0.0,0.0,0.0,11.3,1.0,1.0,1.0,0.0,0.0,0.0,0.0,0.0,0.0,100.0,100.0,100.0,1000.0,1000.0,1000.0,33.3185072430558,0,0,33.3185072430558,0.0,0.0,0,0
113200,27.5,27.5,17.0,0.0,0.0,0.0,11.3,1.0,1.0,1.0,0.0,0.0,0.0,0.0,0.0,0.0,100.0,100.0,100.0,1000.0,1000.0,1000.0,33.3185072430558,0,0,33.3185072430558,0.0,0.0,0,0
113400,27.5,27.5,17.0,0.0,0.0,0.0,11.3,1.0,1.0,1.0,0.0,0.0,0.0,0.0,0.0,0.0,100.0,100.0,100.0,1000.0,1000.0,1000.0,33.3185072430558,0,0,33.3185072430558,0.0,0.0,0,0
113600,27.5,27.5,17.0,0.0,0.0,0.0,11.3,1.0,1.0,1.0,0.0,0.0,0.0,0.0,0.0,0.0,100.0,100.0,100.0,1000.0,1000.0,1000.0,33.3185072430558,0,0,33.3185072430558,0.0,0.0,0,0
113800,27.5,27.5,17.0,0.0,0.0,0.0,11.3,1.0,1.0,1.0,0.0,0.0,0.0,0.0,0.0,0.0,100.0,100.0,100.0,1000.0,1000.0,1000.0,33.3185072430558,0,0,33.3185072430558,0.0,0.0,0,0
114000,27.5,27.5,17.0,0.0,0.0,0.0,11.4,1.0,1.0,1.0,0.0,0.0,0.0,0.0,0.0,0.0,100.0,100.0,100.0,1000.0,1000.0,1000.0,33.3185072430558,0,0,33.3185072430558,0.0,0.0,0,0
114200,27.5,27.5,17.0,0.0,0.0,0.0,11.4,1.0,1.0,1.0,0.0,0.0,0.0,0.0,0.0,0.0,100.0,100.0,100.0,1000.0,1000.0,1000.0,33.3185072430558,0,0,33.3185072430558,0.0,0.0,0,0
114400,27.5,27.5,17.0,0.0,0.0,0.0,11.4,1.0,1.0,1.0,0.0,0.0,0.0,0.0,0.0,0.0,100.0,100.0,100.0,1000.0,1000.0,1000.0,33.3185072430558,0,0,33.3185072430558,0.0,0.0,0,0
114600,27.5,27.5,17.0,0.0,0.0,0.0,11.4,1.0,1.0,1.0,0.0,0.0,0.0,0.0,0.0,0.0,100.0,100.0,100.0,1000.0,1000.0,1000.0,33.3185072430558,0,0,33.3185072430558,0.0,0.0,0,0
114800,27.5,27.5,17.0,0.0,0.0,0.0,11.4,1.0,1.0,1.0,0.0,0.0,0.0,0.0,0.0,0.0,100.0,100.0,100.0,1000.0,1000.0,1000.0,33.3185072430558,0,0,33.3185072430558,0.0,0.0,0,0
115000,28.0,27.5,17.0,0.0,0.0,0.0,11.5,1.0,1.0,1.0,0.0,0.0,0.0,0.0,0.0,0.0,100.0,100.0,100.0,1000.0,1000.0,1000.0,33.3185072430558,0,0,33.3185072430558,0.0,0.0,0,0
115200,28.0,27.5,17.0,0.0,0.0,0.0,11.5,1.0,1.0,1.0,0.0,0.0,0.0,0.0,0.0,0.0,100.0,100.0,100.0,1000.0,1000.0,1000.0,33.3185072430558,0,0,33.3185072430558,0.0,0.0,0,0
115400,28.0,27.5,17.0,0.0,0.0,0.0,11.5,1.0,1.0,1.0,0.0,0.0,0.0,0.0,0.0,0.0,100.0,100.0,100.0,1000.0,1000.0,1000.0,33.3185072430558,0,0,33.3185072430558,0.0,0.0,0,0
115600,28.0,27.5,17.0,0.0,0.0,0.0,11.5,1.0,1.0,1.0,0.0,0.0,0.0,0.0,0.0,0.0,100.0,100.0,100.0,1000.0,1000.0,1000.0,33.3185072430558,0,0,33.3185072430558,0.0,0.0,0,0
115800,28.0,27.5,17.0,0.0,0.0,0.0,11.5,1.0,1.0,1.0,0.0,0.0,0.0,0.0,0.0,0.0,100.0,100.0,100.0,1000.0,1000.0,1000.0,33.3185072430558,0,0,33.3185072430558,0.0,0.0,0,0
116000,28.0,27.5,17.0,0.0,0.0,0.0,11.6,1.0,1.0,1.0,0.0,0.0,0.0,0.0,0.0,0.0,100.0,100.0,100.0,1000.0,1000.0,1000.0,33.3185072430558,0,0,33.3185072430558,0.0,0.0,0,0
116200,28.0,27.5,17.0,0.0,0.0,0.0,11.6,1.0,1.0,1.0,0.0,0.0,0.0,0.0,0.0,0.0,100.0,100.0,100.0,1000.0,1000.0,1000.0,33.3185072430558,0,0,33.3185072430558,0.0,0.0,0,0
116400,28.0,28.0,17.0,0.0,0.0,0.0,11.6,1.0,1.0,1.0,0.0,0.0,0.0,0.0,0.0,0.0,100.0,100.0,100.0,1000.0,1000.0,1000.0,33.3185072430558,0,0,33.3185072430558,0.0,0.0,0,0
116600,28.0,28.0,17.0,0.0,0.0,0.0,11.6,1.0,1.0,1.0,0.0,0.0,0.0,0.0,0.0,0.0,100.0,100.0,100.0,1000.0,1000.0,1000.0,33.3185072430558,0,0,33.3185072430558,0.0,0.0,0,0
116800,28.0,28.0,17.0,0.0,0.0,0.0,11.6,1.0,1.0,1.0,0.0,0.0,0.0,0.0,0.0,0.0,100.0,100.0,100.0,1000.0,1000.0,1000.0,33.3185072430558,0,0,33.3185072430558,0.0,0.0,0,0
117000,28.0,28.0,17.0,0.0,0.0,0.0,11.7,1.0,1.0,1.0,0.0,0.0,0.0,0.0,0.0,0.0,100.0,100.0,100.0,1000.0,1000.0,1000.0,33.3185072430558,0,0,33.3185072430558,0.0,0.0,0,0
117200,28.0,28.0,17.0,0.0,0.0,0.0,11.7,1.0,1.0,1.0,0.0,0.0,0.0,0.0,0.0,0.0,100.0,100.0,100.0,1000.0,1000.0,1000.0,33.3185072430558,0,0,33.3185072430558,0.0,0.0,0,0
117400,28.0,28.0,17.0,0.0,0.0,0.0,11.7,1.0,1.0,1.0,0.0,0.0,0.0,0.0,0.0,0.0,100.0,100.0,100.0,1000.0,1000.0,1000.0,33.3185072430558,0,0,33.3185072430558,0.0,0.0,0,0
117600,28.0,28.0,17.0,0.0,0.0,0.0,11.7,1.0,1.0,1.0,0.0,0.0,0.0,0.0,0.0,0.0,100.0,100.0,100.0,1000.0,1000.0,1000.0,33.3185072430558,0,0,33.3185072430558,0.0,0.0,0,0
117800,28.0,28.0,17.0,0.0,0.0,0.0,11.7,1.0,1.0,1.0,0.0,0.0,0.0,0.0,0.0,0.0,100.0,100.0,100.0,1000.0,1000.0,1000.0,33.3185072430558,0,0,33.3185072430558,0.0,0.0,0,0
118000,28.0,28.0,17.0,0.0,0.0,0.0,11.8,1.0,1.0,1.0,0.0,0.0,0.0,0.0,0.0,0.0,100.0,100.0,100.0,1000.0,1000.0,1000.0,33.3185072430558,0,0,33.3185072430558,0.0,0.0,0,0
118200,28.0,28.0,17.0,0.0,0.0,0.0,11.8,1.0,1.0,1.0,0.0,0.0,0.0,0.0,0.0,0.0,100.0,100.0,100.0,1000.0,1000.0,1000.0,33.3185072430558,0,0,33.3185072430558,0.0,0.0,0,0
118400,28.0,28.0,17.0,0.0,0.0,0.0,11.8,1.0,1.0,1.0,0.0,0.0,0.0,0.0,0.0,0.0,100.0,100.0,100.0,1000.0,1000.0,1000.0,33.3185072430558,0,0,33.3185072430558,0.0,0.0,0,0
118600,28.0,28.0,17.0,0.0,0.0,0.0,11.8,1.0,1.0,1.0,0.0,0.0,0.0,0.0,0.0,0.0,100.0,100.0,100.0,1000.0,1000.0,1000.0,33.3185072430558,0,0,33.3185072430558,0.0,0.0,0,0
118800,28.0,28.0,17.0,0.0,0.0,0.0,11.8,1.0,1.0,1.0,0.0,0.0,0.0,0.0,0.0,0.0,100.0,100.0,100.0,1000.0,1000.0,1000.0,33.3185072430558,0,0,33.3185072430558,0.0,0.0,0,0
119000,28.5,28.0,17.0,0.0,0.0,0.0,11.9,1.0,1.0,1.0,0.0,0.0,0.0,0.0,0.0,0.0,100.0,100.0,100.0,1000.0,1000.0,1000.0,33.3185072430558,0,0,33.3185072430558,0.0,0.0,0,0
119200,28.5,28.0,17.0,0.0,0.0,0.0,11.9,1.0,1.0,1.0,0.0,0.0,0.0,0.0,0.0,0.0,100.0,100.0,100.0,1000.0,1000.0,1000.0,33.3185072430558,0,0,33.3185072430558,0.0,0.0,0,0
119400,28.5,28.0,17.0,0.0,0.0,0.0,11.9,1.0,1.0,1.0,0.0,0.0,0.0,0.0,0.0,0.0,100.0,100.0,100.0,1000.0,1000.0,1000.0,33.3185072430558,0,0,33.3185072430558,0.0,0.0,0,0
119600,28.5,28.0,17.0,0.0,0.0,0.0,11.9,1.0,1.0,1.0,0.0,0.0,0.0,0.0,0.0,0.0,100.0,100.0,100.0,1000.0,1000.0,1000.0,33.3185072430558,0,0,33.3185072430558,0.0,0.0,0,0
119800,28.5,28.0,17.0,0.0,0.0,0.0,11.9,1.0,1.0,1.0,0.0,0.0,0.0,0.0,0.0,0.0,100.0,100.0,100.0,1000.0,1000.0,1000.0,33.3185072430558,0,0,33.3185072430558,0.0,0.0,0,0
120000,28.5,28.0,17.0,0.0,0.0,0.0,12.0,1.0,1.0,1.0,0.0,0.0,0.0,0.0,0.0,0.0,100.0,100.0,100.0,1000.0,1000.0,1000.0,33.3185072430558,0,0,33.3185072430558,0.0,0.0,0,0
120200,28.5,28.0,17.0,0.0,0.0,0.0,12.0,1.0,1.0,1.0,0.0,0.0,0.0,0.0,0.0,0.0,100.0,100.0,100.0,1000.0,1000.0,1000.0,26.251030174765667,0,0,26.251030174765667,0.0,0.0,1,0
120400,28.5,28.5,17.0,0.0,0.0,0.0,12.0,1.0,1.0,1.0,0.0,0.0,0.0,0.0,0.0,0.0,100.0,100.0,100.0,1000.0,1000.0,1000.0,26.251030174765667,0,0,26.251030174765667,0.0,0.0,0,0
120600,28.5,28.5,17.0,0.0,0.0,0.0,12.0,1.0,1.0,1.0,0.0,0.0,0.0,0.0,0.0,0.0,100.0,100.0,100.0,1000.0,1000.0,1000.0,26.251030174765667,0,0,26.251030174765667,0.0,0.0,0,0
120800,28.5,28.5,17.0,0.0,0.0,0.0,12.0,1.0,1.0,1.0,0.0,0.0,0.0,0.0,0.0,0.0,100.0,100.0,100.0,1000.0,1000.0,1000.0,26.251030174765667,0,0,26.251030174765667,0.0,0.0,0,0
121000,28.5,28.5,17.0,0.0,0.0,0.0,12.1,1.0,1.0,1.0,0.0,0.0,0.0,0.0,0.0,0.0,100.0,100.0,100.0,1000.0,1000.0,1000.0,26.251030174765667,0,0,26.251030174765667,0.0,0.0,0,0
121200,28.5,28.5,17.0,0.0,0.0,0.0,12.1,1.0,1.0,1.0,0.0,0.0,0.0,0.0,0.0,0.0,100.0,100.0,100.0,1000.0,1000.0,1000.0,26.251030174765667,0,0,26.251030174765667,0.0,0.0,0,0
121400,28.5,28.5,17.0,0.0,0.0,0.0,12.1,1.0,1.0,1.0,0.0,0.0,0.0,0.0,0.0,0.0,100.0,100.0,100.0,1000.0,1000.0,1000.0,26.251030174765667,0,0,26.251030174765667,0.0,0.0,0,0
121600,28.5,28.5,17.0,0.0,0.0,0.0,12.1,1.0,1.0,1.0,0.0,0.0,0.0,0.0,0.0,0.0,100.0,100.0,100.0,1000.0,1000.0,1000.0,26.251030174765667,0,0,26.251030174765667,0.0,0.0,0,0
121800,28.5,28.5,17.0,0.0,0.0,0.0,12.1,1.0,1.0,1.0,0.0,0.0,0.0,0.0,0.0,0.0,100.0,100.0,100.0,1000.0,1000.0,1000.0,26.251030174765667,0,0,26.251030174765667,0.0,0.0,0,0
122000,28.5,28.5,17.0,0.0,0.0,0.0,12.2,1.0,1.0,1.0,0.0,0.0,0.0,0.0,0.0,0.0,100.0,100.0,100.0,1000.0,1000.0,1000.0,26.251030174765667,0,0,26.251030174765667,0.0,0.0,0,0
122200,28.5,28.5,17.0,0.0,0.0,0.0,12.2,1.0,1.0,1.0,0.0,0.0,0.0,0.0,0.0,0.0,100.0,100.0,100.0,1000.0,1000.0,1000.0,26.251030174765667,0,0,26.251030174765667,0.0,0.0,0,0
122400,28.5,28.5,17.0,0.0,0.0,0.0,12.2,1.0,1.0,1.0,0.0,0.0,0.0,0.0,0.0,0.0,100.0,100.0,100.0,1000.0,1000.0,1000.0,26.251030174765667,0,0,26.251030174765667,0.0,0.0,0,0
122600,28.5,28.5,17.0,0.0,0.0,0.0,12.2,1.0,1.0,1.0,0.0,0.0,0.0,0.0,0.0,0.0,100.0,100.0,100.0,1000.0,1000.0,1000.0,26.251030174765667,0,0,26.251030174765667,0.0,0.0,0,0
122800,28.5,28.5,17.0,0.0,0.0,0.0,12.2,1.0,1.0,1.0,0.0,0.0,0.0,0.0,0.0,0.0,100.0,100.0,100.0,1000.0,1000.0,1000.0,26.251030174765667,0,0,26.251030174765667,0.0,0.0,0,0
123000,28.5,28.5,17.0,0.0,0.0,0.0,12.3,1.0,1.0,1.0,0.0,0.0,0.0,0.0,0.0,0.0,100.0,100.0,100.0,1000.0,1000.0,1000.0,26.251030174765667,0,0,26.251030174765667,0.0,0.0,0,0
123200,28.5,28.5,17.0,0.0,0.0,0.0,12.3,1.0,1.0,1.0,0.0,0.0,0.0,0.0,0.0,0.0,100.0,100.0,100.0,1000.0,1000.0,1000.0,26.251030174765667,0,0,26.251030174765667,0.0,0.0,0,0
123400,28.5,28.5,17.0,0.0,0.0,0.0,12.3,1.0,1.0,1.0,0.0,0.0,0.0,0.0,0.0,0.0,100.0,100.0,100.0,1000.0,1000.0,1000.0,26.251030174765667,0,0,26.251030174765667,0.0,0.0,0,0
123600,29.0,28.5,17.0,0.0,0.0,0.0,12.3,1.0,1.0,1.0,0.0,0.0,0.0,0.0,0.0,0.0,100.0,100.0,100.0,1000.0,1000.0,1000.0,26.251030174765667,0,0,26.251030174765667,0.0,0.0,0,0
123800,29.0,28.5,17.0,0.0,0.0,0.0,12.3,1.0,1.0,1.0,0.0,0.0,0.0,0.0,0.0,0.0,100.0,100.0,100.0,1000.0,1000.0,1000.0,26.251030174765667,0,0,26.251030174765667,0.0,0.0,0,0
124000,29.0,28.5,17.0,0.0,0.0,0.0,12.4,1.0,1.0,1.0,0.0,0.0,0.0,0.0,0.0,0.0,100.0,100.0,100.0,1000.0,1000.0,1000.0,26.251030174765667,0,0,26.251030174765667,0.0,0.0,0,0
124200,29.0,28.5,17.0,0.0,0.0,0.0,12.4,1.0,1.0,1.0,0.0,0.0,0.0,0.0,0.0,0.0,100.0,100.0,100.0,1000.0,1000.0,1000.0,26.251030174765667,0,0,26.251030174765667,0.0,0.0,0,0
124400,29.0,28.5,17.0,0.0,0.0,0.0,12.4,1.0,1.0,1.0,0.0,0.0,0.0,0.0,0.0,0.0,100.0,100.0,100.0,1000.0,1000.0,1000.0,26.251030174765667,0,0,26.251030174765667,0.0,0.0,0,0
124600,29.0,28.5,17.0,0.0,0.0,0.0,12.4,1.0,1.0,1.0,0.0,0.0,0.0,0.0,0.0,0.0,100.0,100.0,100.0,1000.0,1000.0,1000.0,26.251030174765667,0,0,26.251030174765667,0.0,0.0,0,0
124800,29.0,28.5,17.0,0.0,0.0,0.0,12.4,1.0,1.0,1.0,0.0,0.0,0.0,0.0,0.0,0.0,100.0,100.0,100.0,1000.0,1000.0,1000.0,26.251030174765667,0,0,26.251030174765667,0.0,0.0,0,0
125000,29.0,29.0,17.0,0.0,0.0,0.0,12.5,1.0,1.0,1.0,0.0,0.0,0.0,0.0,0.0,0.0,100.0,100.0,100.0,1000.0,1000.0,1000.0,26.251030174765667,0,0,26.251030174765667,0.0,0.0,0,0
125200,29.0,29.0,17.0,0.0,0.0,0.0,12.5,1.0,1.0,1.0,0.0,0.0,0.0,0.0,0.0,0.0,100.0,100.0,100.0,1000.0,1000.0,1000.0,26.251030174765667,0,0,26.251030174765667,0.0,0.0,0,0
125400,29.0,29.0,17.0,0.0,0.0,0.0,12.5,1.0,1.0,1.0,0.0,0.0,0.0,0.0,0.0,0.0,100.0,100.0,100.0,1000.0,1000.0,1000.0,26.251030174765667,0,0,26.251030174765667,0.0,0.0,0,0
125600,29.0,29.0,17.0,0.0,0.0,0.0,12.5,1.0,1.0,1.0,0.0,0.0,0.0,0.0,0.0,0.0,100.0,100.0,100.0,1000.0,1000.0,1000.0,26.251030174765667,0,0,26.251030174765667,0.0,0.0,0,0
125800,29.0,29.0,17.0,0.0,0.0,0.0,12.5,1.0,1.0,1.0,0.0,0.0,0.0,0.0,0.0,0.0,100.0,100.0,100.0,1000.0,1000.0,1000.0,26.251030174765667,0,0,26.251030174765667,0.0,0.0,0,0
126000,29.0,29.0,17.0,0.0,0.0,0.0,12.6,1.0,1.0,1.0,0.0,0.0,0.0,0.0,0.0,0.0,100.0,100.0,100.0,1000.0,1000.0,1000.0,26.251030174765667,0,0,26.251030174765667,0.0,0.0,0,0
126200,29.0,29.0,17.0,0.0,0.0,0.0,12.6,1.0,1.0,1.0,0.0,0.0,0.0,0.0,0.0,0.0,100.0,100.0,100.0,1000.0,1000.0,1000.0,26.251030174765667,0,0,26.251030174765667,0.0,0.0,0,0
126400,29.0,29.0,17.0,0.0,0.0,0.0,12.6,1.0,1.0,1.0,0.0,0.0,0.0,0.0,0.0,0.0,100.0,100.0,100.0,1000.0,1000.0,1000.0,26.251030174765667,0,0,26.251030174765667,0.0,0.0,0,0
126600,29.0,29.0,17.0,0.0,0.0,0.0,12.6,1.0,1.0,1.0,0.0,0.0,0.0,0.0,0.0,0.0,100.0,100.0,100.0,1000.0,1000.0,1000.0,26.251030174765667,0,0,26.251030174765667,0.0,0.0,0,0
126800,29.0,29.0,17.0,0.0,0.0,0.0,12.6,1.0,1.0,1.0,0.0,0.0,0.0,0.0,0.0,0.0,100.0,100.0,100.0,1000.0,1000.0,1000.0,26.251030174765667,0,0,26.251030174765667,0.0,0.0,0,0
127000,29.0,29.0,17.0,0.0,0.0,0.0,12.7,1.0,1.0,1.0,0.0,0.0,0.0,0.0,0.0,0.0,100.0,100.0,100.0,1000.0,1000.0,1000.0,26.251030174765667,0,0,26.251030174765667,0.0,0.0,0,0
127200,29.0,29.0,17.0,0.0,0.0,0.0,12.7,1.0,1.0,1.0,0.0,0.0,0.0,0.0,0.0,0.0,100.0,100.0,100.0,1000.0,1000.0,1000.0,26.251030174765667,0,0,26.251030174765667,0.0,0.0,0,0
127400,29.0,29.0,17.0,0.0,0.0,0.0,12.7,1.0,1.0,1.0,0.0,0.0,0.0,0.0,0.0,0.0,100.0,100.0,100.0,1000.0,1000.0,1000.0,26.251030174765667,0,0,26.251030174765667,0.0,0.0,0,0
127600,29.0,29.0,17.0,0.0,0.0,0.0,12.7,1.0,1.0,1.0,0.0,0.0,0.0,0.0,0.0,0.0,100.0,100.0,100.0,1000.0,1000.0,1000.0,26.251030174765667,0,0,26.251030174765667,0.0,0.0,0,0
127800,29.0,29.0,17.0,0.0,0.0,0.0,12.7,1.0,1.0,1.0,0.0,0.0,0.0,0.0,0.0,0.0,100.0,100.0,100.0,1000.0,1000.0,1000.0,26.251030174765667,0,0,26.251030174765667,0.0,0.0,0,0
128000,29.0,29.0,17.0,0.0,0.0,0.0,12.8,1.0,1.0,1.0,0.0,0.0,0.0,0.0,0.0,0.0,100.0,100.0,100.0,1000.0,1000.0,1000.0,26.251030174765667,0,0,26.251030174765667,0.0,0.0,0,0
128200,29.0,29.0,17.0,0.0,0.0,0.0,12.8,1.0,1.0,1.0,0.0,0.0,0.0,0.0,0.0,0.0,100.0,100.0,100.0,1000.0,1000.0,1000.0,26.251030174765667,0,0,26.251030174765667,0.0,0.0,0,0
128400,29.0,29.0,17.0,0.0,0.0,0.0,12.8,1.0,1.0,1.0,0.0,0.0,0.0,0.0,0.0,0.0,100.0,100.0,100.0,1000.0,1000.0,1000.0,26.251030174765667,0,0,26.251030174765667,0.0,0.0,0,0
128600,29.5,29.0,17.0,0.0,0.0,0.0,12.8,1.0,1.0,1.0,0.0,0.0,0.0,0.0,0.0,0.0,100.0,100.0,100.0,1000.0,1000.0,1000.0,26.251030174765667,0,0,26.251030174765667,0.0,0.0,0,0
128800,29.5,29.0,17.0,0.0,0.0,0.0,12.8,1.0,1.0,1.0,0.0,0.0,0.0,0.0,0.0,0.0,100.0,100.0,100.0,1000.0,1000.0,1000.0,26.251030174765667,0,0,26.251030174765667,0.0,0.0,0,0
129000,29.5,29.0,17.0,0.0,0.0,0.0,12.9,1.0,1.0,1.0,0.0,0.0,0.0,0.0,0.0,0.0,100.0,100.0,100.0,1000.0,1000.0,1000.0,26.251030174765667,0,0,26.251030174765667,0.0,0.0,0,0
129200,29.5,29.0,17.0,0.0,0.0,0.0,12.9,1.0,1.0,1.0,0.0,0.0,0.0,0.0,0.0,0.0,100.0,100.0,100.0,1000.0,1000.0,1000.0,26.251030174765667,0,0,26.251030174765667,0.0,0.0,0,0
129400,29.5,29.0,17.0,0.0,0.0,0.0,12.9,1.0,1.0,1.0,0.0,0.0,0.0,0.0,0.0,0.0,100.0,100.0,100.0,1000.0,1000.0,1000.0,26.251030174765667,0,0,26.251030174765667,0.0,0.0,0,0
129600,29.5,29.0,17.0,0.0,0.0,0.0,12.9,1.0,1.0,1.0,0.0,0.0,0.0,0.0,0.0,0.0,100.0,100.0,100.0,1000.0,1000.0,1000.0,26.251030174765667,0,0,26.251030174765667,0.0,0.0,0,0
129800,29.5,29.0,17.0,0.0,0.0,0.0,12.9,1.0,1.0,1.0,0.0,0.0,0.0,0.0,0.0,0.0,100.0,100.0,100.0,1000.0,1000.0,1000.0,26.251030174765667,0,0,26.251030174765667,0.0,0.0,0,0
130000,29.5,29.5,17.0,0.0,0.0,0.0,13.0,1.0,1.0,1.0,0.0,0.0,0.0,0.0,0.0,0.0,100.0,100.0,100.0,1000.0,1000.0,1000.0,26.251030174765667,0,0,26.251030174765667,0.0,0.0,0,0
130200,29.5,29.5,17.0,0.0,0.0,0.0,13.0,1.0,1.0,1.0,0.0,0.0,0.0,0.0,0.0,0.0,100.0,100.0,100.0,1000.0,1000.0,1000.0,26.251030174765667,0,0,26.251030174765667,0.0,0.0,0,0
130400,29.5,29.5,17.0,0.0,0.0,0.0,13.0,1.0,1.0,1.0,0.0,0.0,0.0,0.0,0.0,0.0,100.0,100.0,100.0,1000.0,1000.0,1000.0,26.251030174765667,0,0,26.251030174765667,0.0,0.0,0,0
130600,29.5,29.5,17.0,0.0,0.0,0.0,13.0,1.0,1.0,1.0,0.0,0.0,0.0,0.0,0.0,0.0,100.0,100.0,100.0,1000.0,1000.0,1000.0,26.251030174765667,0,0,26.251030174765667,0.0,0.0,0,0
130800,29.5,29.5,17.0,0.0,0.0,0.0,13.0,1.0,1.0,1.0,0.0,0.0,0.0,0.0,0.0,0.0,100.0,100.0,100.0,1000.0,1000.0,1000.0,26.251030174765667,0,0,26.251030174765667,0.0,0.0,0,0
131000,29.5,29.5,17.0,0.0,0.0,0.0,13.1,1.0,1.0,1.0,0.0,0.0,0.0,0.0,0.0,0.0,100.0,100.0,100.0,1000.0,1000.0,1000.0,26.251030174765667,0,0,26.251030174765667,0.0,0.0,0,0
131200,29.5,29.5,17.0,0.0,0.0,0.0,13.1,1.0,1.0,1.0,0.0,0.0,0.0,0.0,0.0,0.0,100.0,100.0,100.0,1000.0,1000.0,1000.0,26.251030174765667,0,0,26.251030174765667,0.0,0.0,0,0
131400,29.5,29.5,17.0,0.0,0.0,0.0,13.1,1.0,1.0,1.0,0.0,0.0,0.0,0.0,0.0,0.0,100.0,100.0,100.0,1000.0,1000.0,1000.0,26.251030174765667,0,0,26.251030174765667,0.0,0.0,0,0
131600,29.5,29.5,17.0,0.0,0.0,0.0,13.1,1.0,1.0,1.0,0.0,0.0,0.0,0.0,0.0,0.0,100.0,100.0,100.0,1000.0,1000.0,1000.0,26.251030174765667,0,0,26.251030174765667,0.0,0.0,0,0
131800,29.5,29.5,17.0,0.0,0.0,0.0,13.1,1.0,1.0,1.0,0.0,0.0,0.0,0.0,0.0,0.0,100.0,100.0,100.0,1000.0,1000.0,1000.0,26.251030174765667,0,0,26.251030174765667,0.0,0.0,0,0
132000,29.5,29.5,17.0,0.0,0.0,0.0,13.2,1.0,1.0,1.0,0.0,0.0,0.0,0.0,0.0,0.0,100.0,100.0,100.0,1000.0,1000.0,1000.0,26.251030174765667,0,0,26.251030174765667,0.0,0.0,0,0
132200,29.5,29.5,17.0,0.0,0.0,0.0,13.2,1.0,1.0,1.0,0.0,0.0,0.0,0.0,0.0,0.0,100.0,100.0,100.0,1000.0,1000.0,1000.0,26.251030174765667,0,0,26.251030174765667,0.0,0.0,0,0
132400,29.5,29.5,17.0,0.0,0.0,0.0,13.2,1.0,1.0,1.0,0.0,0.0,0.0,0.0,0.0,0.0,100.0,100.0,100.0,1000.0,1000.0,1000.0,26.251030174765667,0,0,26.251030174765667,0.0,0.0,0,0
132600,29.5,29.5,17.0,0.0,0.0,0.0,13.2,1.0,1.0,1.0,0.0,0.0,0.0,0.0,0.0,0.0,100.0,100.0,100.0,1000.0,1000.0,1000.0,26.251030174765667,0,0,26.251030174765667,0.0,0.0,0,0
132800,29.5,29.5,17.0,0.0,0.0,0.0,13.2,1.0,1.0,1.0,0.0,0.0,0.0,0.0,0.0,0.0,100.0,100.0,100.0,1000.0,1000.0,1000.0,26.251030174765667,0,0,26.251030174765667,0.0,0.0,0,0
133000,29.5,29.5,17.0,0.0,0.0,0.0,13.3,1.0,1.0,1.0,0.0,0.0,0.0,0.0,0.0,0.0,100.0,100.0,100.0,1000.0,1000.0,1000.0,26.251030174765667,0,0,26.251030174765667,0.0,0.0,0,0
133200,29.5,29.5,17.0,0.0,0.0,0.0,13.3,1.0,1.0,1.0,0.0,0.0,0.0,0.0,0.0,0.0,100.0,100.0,100.0,1000.0,1000.0,1000.0,26.251030174765667,0,0,26.251030174765667,0.0,0.0,0,0
133400,29.5,29.5,17.0,0.0,0.0,0.0,13.3,1.0,1.0,1.0,0.0,0.0,0.0,0.0,0.0,0.0,100.0,100.0,100.0,1000.0,1000.0,1000.0,26.251030174765667,0,0,26.251030174765667,0.0,0.0,0,0
133600,29.5,29.5,17.0,0.0,0.0,0.0,13.3,1.0,1.0,1.0,0.0,0.0,0.0,0.0,0.0,0.0,100.0,100.0,100.0,1000.0,1000.0,1000.0,26.251030174765667,0,0,26.251030174765667,0.0,0.0,0,0
133800,29.5,29.5,17.0,0.0,0.0,0.0,13.3,1.0,1.0,1.0,0.0,0.0,0.0,0.0,0.0,0.0,100.0,100.0,100.0,1000.0,1000.0,1000.0,26.251030174765667,0,0,26.251030174765667,0.0,0.0,0,0
134000,29.5,29.5,17.0,0.0,0.0,0.0,13.4,1.0,1.0,1.0,0.0,0.0,0.0,0.0,0.0,0.0,100.0,100.0,100.0,1000.0,1000.0,1000.0,26.251030174765667,0,0,26.251030174765667,0.0,0.0,0,0
134200,29.5,29.5,17.0,0.0,0.0,0.0,13.4,1.0,1.0,1.0,0.0,0.0,0.0,0.0,0.0,0.0,100.0,100.0,100.0,1000.0,1000.0,1000.0,26.251030174765667,0,0,26.251030174765667,0.0,0.0,0,0
134400,29.5,29.5,17.0,0.0,0.0,0.0,13.4,1.0,1.0,1.0,0.0,0.0,0.0,0.0,0.0,0.0,100.0,100.0,100.0,1000.0,1000.0,1000.0,26.251030174765667,0,0,26.251030174765667,0.0,0.0,0,0
134600,30.0,29.5,17.0,0.0,0.0,0.0,13.4,1.0,1.0,1.0,0.0,0.0,0.0,0.0,0.0,0.0,100.0,100.0,100.0,1000.0,1000.0,1000.0,26.251030174765667,0,0,26.251030174765667,0.0,0.0,0,0
134800,30.0,29.5,17.0,0.0,0.0,0.0,13.4,1.0,1.0,1.0,0.0,0.0,0.0,0.0,0.0,0.0,100.0,100.0,100.0,1000.0,1000.0,1000.0,26.251030174765667,0,0,26.251030174765667,0.0,0.0,0,0
135000,30.0,29.5,17.0,0.0,0.0,0.0,13.5,1.0,1.0,1.0,0.0,0.0,0.0,0.0,0.0,0.0,100.0,100.0,100.0,1000.0,1000.0,1000.0,26.251030174765667,0,0,26.251030174765667,0.0,0.0,0,0
135200,30.0,29.5,17.0,0.0,0.0,0.0,13.5,1.0,1.0,1.0,0.0,0.0,0.0,0.0,0.0,0.0,100.0,100.0,100.0,1000.0,1000.0,1000.0,30.238663457210187,0,0,30.238663457210187,0.0,0.0,1,0
135400,30.0,30.0,17.0,0.0,0.0,0.0,13.5,1.0,1.0,1.0,0.0,0.0,0.0,0.0,0.0,0.0,100.0,100.0,100.0,1000.0,1000.0,1000.0,30.238663457210187,0,0,30.238663457210187,0.0,0.0,0,0
135600,30.0,30.0,17.0,0.0,0.0,0.0,13.5,1.0,1.0,1.0,0.0,0.0,0.0,0.0,0.0,0.0,100.0,100.0,100.0,1000.0,1000.0,1000.0,30.238663457210187,0,0,30.238663457210187,0.0,0.0,0,0
135800,30.0,30.0,17.0,0.0,0.0,0.0,13.5,1.0,1.0,1.0,0.0,0.0,0.0,0.0,0.0,0.0,100.0,100.0,100.0,1000.0,1000.0,1000.0,30.238663457210187,0,0,30.238663457210187,0.0,0.0,0,0
136000,30.0,30.0,17.0,0.0,0.0,0.0,13.6,1.0,1.0,1.0,0.0,0.0,0.0,0.0,0.0,0.0,100.0,100.0,100.0,1000.0,1000.0,1000.0,30.238663457210187,0,0,30.238663457210187,0.0,0.0,0,0
136200,30.0,30.0,17.0,0.0,0.0,0.0,13.6,1.0,1.0,1.0,0.0,0.0,0.0,0.0,0.0,0.0,100.0,100.0,100.0,1000.0,1000.0,1000.0,30.238663457210187,0,0,30.238663457210187,0.0,0.0,0,0
136400,30.0,30.0,17.0,0.0,0.0,0.0,13.6,1.0,1.0,1.0,0.0,0.0,0.0,0.0,0.0,0.0,100.0,100.0,100.0,1000.0,1000.0,1000.0,30.238663457210187,0,0,30.238663457210187,0.0,0.0,0,0
136600,30.0,30.0,17.0,0.0,0.0,0.0,13.6,1.0,1.0,1.0,0.0,0.0,0.0,0.0,0.0,0.0,100.0,100.0,100.0,1000.0,1000.0,1000.0,30.238663457210187,0,0,30.238663457210187,0.0,0.0,0,0
136800,30.0,30.0,17.0,0.0,0.0,0.0,13.6,1.0,1.0,1.0,0.0,0.0,0.0,0.0,0.0,0.0,100.0,100.0,100.0,1000.0,1000.0,1000.0,30.238663457210187,0,0,30.238663457210187,0.0,0.0,0,0
137000,30.0,30.0,17.0,0.0,0.0,0.0,13.7,1.0,1.0,1.0,0.0,0.0,0.0,0.0,0.0,0.0,100.0,100.0,100.0,1000.0,1000.0,1000.0,30.238663457210187,0,0,30.238663457210187,0.0,0.0,0,0
137200,30.0,30.0,17.0,0.0,0.0,0.0,13.7,1.0,1.0,1.0,0.0,0.0,0.0,0.0,0.0,0.0,100.0,100.0,100.0,1000.0,1000.0,1000.0,30.238663457210187,0,0,30.238663457210187,0.0,0.0,0,0
137400,30.0,30.0,17.0,0.0,0.0,0.0,13.7,1.0,1.0,1.0,0.0,0.0,0.0,0.0,0.0,0.0,100.0,100.0,100.0,1000.0,1000.0,1000.0,30.238663457210187,0,0,30.238663457210187,0.0,0.0,0,0
137600,30.0,30.0,17.0,0.0,0.0,0.0,13.7,1.0,1.0,1.0,0.0,0.0,0.0,0.0,0.0,0.0,100.0,100.0,100.0,1000.0,1000.0,1000.0,30.238663457210187,0,0,30.238663457210187,0.0,0.0,0,0
137800,30.0,30.0,17.0,0.0,0.0,0.0,13.7,1.0,1.0,1.0,0.0,0.0,0.0,0.0,0.0,0.0,100.0,100.0,100.0,1000.0,1000.0,1000.0,30.238663457210187,0,0,30.238663457210187,0.0,0.0,0,0
138000,30.0,30.0,17.0,0.0,0.0,0.0,13.8,1.0,1.0,1.0,0.0,0.0,0.0,0.0,0.0,0.0,100.0,100.0,100.0,1000.0,1000.0,1000.0,30.238663457210187,0,0,30.238663457210187,0.0,0.0,0,0
138200,30.0,30.0,17.0,0.0,0.0,0.0,13.8,1.0,1.0,1.0,0.0,0.0,0.0,0.0,0.0,0.0,100.0,100.0,100.0,1000.0,1000.0,1000.0,30.238663457210187,0,0,30.238663457210187,0.0,0.0,0,0
138400,30.0,30.0,17.0,0.0,0.0,0.0,13.8,1.0,1.0,1.0,0.0,0.0,0.0,0.0,0.0,0.0,100.0,100.0,100.0,1000.0,1000.0,1000.0,30.238663457210187,0,0,30.238663457210187,0.0,0.0,0,0
138600,30.0,30.0,17.0,0.0,0.0,0.0,13.8,1.0,1.0,1.0,0.0,0.0,0.0,0.0,0.0,0.0,100.0,100.0,100.0,1000.0,1000.0,1000.0,30.238663457210187,0,0,30.238663457210187,0.0,0.0,0,0
138800,30.0,30.0,17.0,0.0,0.0,0.0,13.8,1.0,1.0,1.0,0.0,0.0,0.0,0.0,0.0,0.0,100.0,100.0,100.0,1000.0,1000.0,1000.0,30.238663457210187,0,0,30.238663457210187,0.0,0.0,0,0
139000,30.0,30.0,17.0,0.0,0.0,0.0,13.9,1.0,1.0,1.0,0.0,0.0,0.0,0.0,0.0,0.0,100.0,100.0,100.0,1000.0,1000.0,1000.0,30.238663457210187,0,0,30.238663457210187,0.0,0.0,0,0
139200,30.0,30.0,17.0,0.0,0.0,0.0,13.9,1.0,1.0,1.0,0.0,0.0,0.0,0.0,0.0,0.0,100.0,100.0,100.0,1000.0,1000.0,1000.0,30.238663457210187,0,0,30.238663457210187,0.0,0.0,0,0
139400,30.0,30.0,17.0,0.0,0.0,0.0,13.9,1.0,1.0,1.0,0.0,0.0,0.0,0.0,0.0,0.0,100.0,100.0,100.0,1000.0,1000.0,1000.0,30.238663457210187,0,0,30.238663457210187,0.0,0.0,0,0
139600,30.0,30.0,17.0,0.0,0.0,0.0,13.9,1.0,1.0,1.0,0.0,0.0,0.0,0.0,0.0,0.0,100.0,100.0,100.0,1000.0,1000.0,1000.0,30.238663457210187,0,0,30.238663457210187,0.0,0.0,0,0
139800,30.0,30.0,17.0,0.0,0.0,0.0,13.9,1.0,1.0,1.0,0.0,0.0,0.0,0.0,0.0,0.0,100.0,100.0,100.0,1000.0,1000.0,1000.0,30.238663457210187,0,0,30.238663457210187,0.0,0.0,0,0
140000,30.0,30.0,17.0,0.0,0.0,0.0,14.0,1.0,1.0,1.0,0.0,0.0,0.0,0.0,0.0,0.0,100.0,100.0,100.0,1000.0,1000.0,1000.0,30.238663457210187,0,0,30.238663457210187,0.0,0.0,0,0
140200,30.0,30.0,17.0,0.0,0.0,0.0,14.0,1.0,1.0,1.0,0.0,0.0,0.0,0.0,0.0,0.0,100.0,100.0,100.0,1000.0,1000.0,1000.0,30.238663457210187,0,0,30.238663457210187,0.0,0.0,0,0
140400,30.0,30.0,17.0,0.0,0.0,0.0,14.0,1.0,1.0,1.0,0.0,0.0,0.0,0.0,0.0,0.0,100.0,100.0,100.0,1000.0,1000.0,1000.0,30.238663457210187,0,0,30.238663457210187,0.0,0.0,0,0
140600,30.0,30.0,17.0,0.0,0.0,0.0,14.0,1.0,1.0,1.0,0.0,0.0,0.0,0.0,0.0,0.0,100.0,100.0,100.0,1000.0,1000.0,1000.0,30.238663457210187,0,0,30.238663457210187,0.0,0.0,0,0
140800,30.0,30.0,17.0,0.0,0.0,0.0,14.0,1.0,1.0,1.0,0.0,0.0,0.0,0.0,0.0,0.0,100.0,100.0,100.0,1000.0,1000.0,1000.0,30.238663457210187,0,0,30.238663457210187,0.0,0.0,0,0
141000,30.0,30.0,17.0,0.0,0.0,0.0,14.1,1.0,1.0,1.0,0.0,0.0,0.0,0.0,0.0,0.0,100.0,100.0,100.0,1000.0,1000.0,1000.0,30.238663457210187,0,0,30.238663457210187,0.0,0.0,0,0
141200,30.0,30.0,17.0,0.0,0.0,0.0,14.1,1.0,1.0,1.0,0.0,0.0,0.0,0.0,0.0,0.0,100.0,100.0,100.0,1000.0,1000.0,1000.0,30.238663457210187,0,0,30.238663457210187,0.0,0.0,0,0
141400,30.0,30.5,17.0,0.0,0.0,0.0,14.1,1.0,1.0,1.0,0.0,0.0,0.0,0.0,0.0,0.0,100.0,100.0,100.0,1000.0,1000.0,1000.0,30.238663457210187,0,0,30.238663457210187,0.0,0.0,0,0
141600,30.5,30.5,17.0,0.0,0.0,0.0,14.1,1.0,1.0,1.0,0.0,0.0,0.0,0.0,0.0,0.0,100.0,100.0,100.0,1000.0,1000.0,1000.0,30.238663457210187,0,0,30.238663457210187,0.0,0.0,0,0
141800,30.5,30.5,17.0,0.0,0.0,0.0,14.1,1.0,1.0,1.0,0.0,0.0,0.0,0.0,0.0,0.0,100.0,100.0,100.0,1000.0,1000.0,1000.0,30.238663457210187,0,0,30.238663457210187,0.0,0.0,0,0
142000,30.5,30.5,17.0,0.0,0.0,0.0,14.2,1.0,1.0,1.0,0.0,0.0,0.0,0.0,0.0,0.0,100.0,100.0,100.0,1000.0,1000.0,1000.0,30.238663457210187,0,0,30.238663457210187,0.0,0.0,0,0
142200,30.5,30.5,17.0,0.0,0.0,0.0,14.2,1.0,1.0,1.0,0.0,0.0,0.0,0.0,0.0,0.0,100.0,100.0,100.0,1000.0,1000.0,1000.0,30.238663457210187,0,0,30.238663457210187,0.0,0.0,0,0
142400,30.5,30.5,17.0,0.0,0.0,0.0,14.2,1.0,1.0,1.0,0.0,0.0,0.0,0.0,0.0,0.0,100.0,100.0,100.0,1000.0,1000.0,1000.0,30.238663457210187,0,0,30.238663457210187,0.0,0.0,0,0
142600,30.5,30.5,17.0,0.0,0.0,0.0,14.2,1.0,1.0,1.0,0.0,0.0,0.0,0.0,0.0,0.0,100.0,100.0,100.0,1000.0,1000.0,1000.0,30.238663457210187,0,0,30.238663457210187,0.0,0.0,0,0
142800,30.5,30.5,17.0,0.0,0.0,0.0,14.2,1.0,1.0,1.0,0.0,0.0,0.0,0.0,0.0,0.0,100.0,100.0,100.0,1000.0,1000.0,1000.0,30.238663457210187,0,0,30.238663457210187,0.0,0.0,0,0
143000,30.5,30.5,17.0,0.0,0.0,0.0,14.3,1.0,1.0,1.0,0.0,0.0,0.0,0.0,0.0,0.0,100.0,100.0,100.0,1000.0,1000.0,1000.0,30.238663457210187,0,0,30.238663457210187,0.0,0.0,0,0
143200,30.5,30.5,17.0,0.0,0.0,0.0,14.3,1.0,1.0,1.0,0.0,0.0,0.0,0.0,0.0,0.0,100.0,100.0,100.0,1000.0,1000.0,1000.0,30.238663457210187,0,0,30.238663457210187,0.0,0.0,0,0
143400,30.5,30.5,17.0,0.0,0.0,0.0,14.3,1.0,1.0,1.0,0.0,0.0,0.0,0.0,0.0,0.0,100.0,100.0,100.0,1000.0,1000.0,1000.0,30.238663457210187,0,0,30.238663457210187,0.0,0.0,0,0
143600,30.5,30.5,17.0,0.0,0.0,0.0,14.3,1.0,1.0,1.0,0.0,0.0,0.0,0.0,0.0,0.0,100.0,100.0,100.0,1000.0,1000.0,1000.0,30.238663457210187,0,0,30.238663457210187,0.0,0.0,0,0
143800,30.5,30.5,17.0,0.0,0.0,0.0,14.3,1.0,1.0,1.0,0.0,0.0,0.0,0.0,0.0,0.0,100.0,100.0,100.0,1000.0,1000.0,1000.0,30.238663457210187,0,0,30.238663457210187,0.0,0.0,0,0
144000,30.5,30.5,17.0,0.0,0.0,0.0,14.4,1.0,1.0,1.0,0.0,0.0,0.0,0.0,0.0,0.0,100.0,100.0,100.0,1000.0,1000.0,1000.0,30.238663457210187,0,0,30.238663457210187,0.0,0.0,0,0
144200,30.5,30.5,17.0,0.0,0.0,0.0,14.4,1.0,1.0,1.0,0.0,0.0,0.0,0.0,0.0,0.0,100.0,100.0,100.0,1000.0,1000.0,1000.0,30.238663457210187,0,0,30.238663457210187,0.0,0.0,0,0
144400,30.5,30.5,17.0,0.0,0.0,0.0,14.4,1.0,1.0,1.0,0.0,0.0,0.0,0.0,0.0,0.0,100.0,100.0,100.0,1000.0,1000.0,1000.0,30.238663457210187,0,0,30.238663457210187,0.0,0.0,0,0
144600,30.5,30.5,17.0,0.0,0.0,0.0,14.4,1.0,1.0,1.0,0.0,0.0,0.0,0.0,0.0,0.0,100.0,100.0,100.0,1000.0,1000.0,1000.0,30.238663457210187,0,0,30.238663457210187,0.0,0.0,0,0
144800,30.5,30.5,17.0,0.0,0.0,0.0,14.4,1.0,1.0,1.0,0.0,0.0,0.0,0.0,0.0,0.0,100.0,100.0,100.0,1000.0,1000.0,1000.0,30.238663457210187,0,0,30.238663457210187,0.0,0.0,0,0
145000,30.5,30.5,17.0,0.0,0.0,0.0,14.5,1.0,1.0,1.0,0.0,0.0,0.0,0.0,0.0,0.0,100.0,100.0,100.0,1000.0,1000.0,1000.0,30.238663457210187,0,0,30.238663457210187,0.0,0.0,0,0
145200,30.5,30.5,17.0,0.0,0.0,0.0,14.5,1.0,1.0,1.0,0.0,0.0,0.0,0.0,0.0,0.0,100.0,100.0,100.0,1000.0,1000.0,1000.0,30.238663457210187,0,0,30.238663457210187,0.0,0.0,0,0
145400,30.5,30.5,17.0,0.0,0.0,0.0,14.5,1.0,1.0,1.0,0.0,0.0,0.0,0.0,0.0,0.0,100.0,100.0,100.0,1000.0,1000.0,1000.0,30.238663457210187,0,0,30.238663457210187,0.0,0.0,0,0
145600,30.5,30.5,17.0,0.0,0.0,0.0,14.5,1.0,1.0,1.0,0.0,0.0,0.0,0.0,0.0,0.0,100.0,100.0,100.0,1000.0,1000.0,1000.0,30.238663457210187,0,0,30.238663457210187,0.0,0.0,0,0
145800,30.5,30.5,17.0,0.0,0.0,0.0,14.5,1.0,1.0,1.0,0.0,0.0,0.0,0.0,0.0,0.0,100.0,100.0,100.0,1000.0,1000.0,1000.0,30.238663457210187,0,0,30.238663457210187,0.0,0.0,0,0
146000,30.5,30.5,17.0,0.0,0.0,0.0,14.6,1.0,1.0,1.0,0.0,0.0,0.0,0.0,0.0,0.0,100.0,100.0,100.0,1000.0,1000.0,1000.0,30.238663457210187,0,0,30.238663457210187,0.0,0.0,0,0
146200,30.5,30.5,17.0,0.0,0.0,0.0,14.6,1.0,1.0,1.0,0.0,0.0,0.0,0.0,0.0,0.0,100.0,100.0,100.0,1000.0,1000.0,1000.0,30.238663457210187,0,0,30.238663457210187,0.0,0.0,0,0
146400,30.5,30.5,17.0,0.0,0.0,0.0,14.6,1.0,1.0,1.0,0.0,0.0,0.0,0.0,0.0,0.0,100.0,100.0,100.0,1000.0,1000.0,1000.0,30.238663457210187,0,0,30.238663457210187,0.0,0.0,0,0
146600,30.5,30.5,17.0,0.0,0.0,0.0,14.6,1.0,1.0,1.0,0.0,0.0,0.0,0.0,0.0,0.0,100.0,100.0,100.0,1000.0,1000.0,1000.0,30.238663457210187,0,0,30.238663457210187,0.0,0.0,0,0
146800,30.5,30.5,17.0,0.0,0.0,0.0,14.6,1.0,1.0,1.0,0.0,0.0,0.0,0.0,0.0,0.0,100.0,100.0,100.0,1000.0,1000.0,1000.0,30.238663457210187,0,0,30.238663457210187,0.0,0.0,0,0
147000,30.5,30.5,17.0,0.0,0.0,0.0,14.7,1.0,1.0,1.0,0.0,0.0,0.0,0.0,0.0,0.0,100.0,100.0,100.0,1000.0,1000.0,1000.0,30.238663457210187,0,0,30.238663457210187,0.0,0.0,0,0
147200,30.5,30.5,17.0,0.0,0.0,0.0,14.7,1.0,1.0,1.0,0.0,0.0,0.0,0.0,0.0,0.0,100.0,100.0,100.0,1000.0,1000.0,1000.0,30.238663457210187,0,0,30.238663457210187,0.0,0.0,0,0
147400,30.5,30.5,17.0,0.0,0.0,0.0,14.7,1.0,1.0,1.0,0.0,0.0,0.0,0.0,0.0,0.0,100.0,100.0,100.0,1000.0,1000.0,1000.0,30.238663457210187,0,0,30.238663457210187,0.0,0.0,0,0
147600,30.5,30.5,17.0,0.0,0.0,0.0,14.7,1.0,1.0,1.0,0.0,0.0,0.0,0.0,0.0,0.0,100.0,100.0,100.0,1000.0,1000.0,1000.0,30.238663457210187,0,0,30.238663457210187,0.0,0.0,0,0
147800,30.5,30.5,17.0,0.0,0.0,0.0,14.7,1.0,1.0,1.0,0.0,0.0,0.0,0.0,0.0,0.0,100.0,100.0,100.0,1000.0,1000.0,1000.0,30.238663457210187,0,0,30.238663457210187,0.0,0.0,0,0
148000,31.0,31.0,17.0,0.0,0.0,0.0,14.8,1.0,1.0,1.0,0.0,0.0,0.0,0.0,0.0,0.0,100.0,100.0,100.0,1000.0,1000.0,1000.0,30.238663457210187,0,0,30.238663457210187,0.0,0.0,0,0
148200,31.0,31.0,17.0,0.0,0.0,0.0,14.8,1.0,1.0,1.0,0.0,0.0,0.0,0.0,0.0,0.0,100.0,100.0,100.0,1000.0,1000.0,1000.0,30.238663457210187,0,0,30.238663457210187,0.0,0.0,0,0
148400,31.0,31.0,17.0,0.0,0.0,0.0,14.8,1.0,1.0,1.0,0.0,0.0,0.0,0.0,0.0,0.0,100.0,100.0,100.0,1000.0,1000.0,1000.0,30.238663457210187,0,0,30.238663457210187,0.0,0.0,0,0
148600,31.0,31.0,17.0,0.0,0.0,0.0,14.8,1.0,1.0,1.0,0.0,0.0,0.0,0.0,0.0,0.0,100.0,100.0,100.0,1000.0,1000.0,1000.0,30.238663457210187,0,0,30.238663457210187,0.0,0.0,0,0
148800,31.0,31.0,17.0,0.0,0.0,0.0,14.8,1.0,1.0,1.0,0.0,0.0,0.0,0.0,0.0,0.0,100.0,100.0,100.0,1000.0,1000.0,1000.0,30.238663457210187,0,0,30.238663457210187,0.0,0.0,0,0
149000,31.0,31.0,17.0,0.0,0.0,0.0,14.9,1.0,1.0,1.0,0.0,0.0,0.0,0.0,0.0,0.0,100.0,100.0,100.0,1000.0,1000.0,1000.0,30.238663457210187,0,0,30.238663457210187,0.0,0.0,0,0
149200,31.0,31.0,17.0,0.0,0.0,0.0,14.9,1.0,1.0,1.0,0.0,0.0,0.0,0.0,0.0,0.0,100.0,100.0,100.0,1000.0,1000.0,1000.0,30.238663457210187,0,0,30.238663457210187,0.0,0.0,0,0
149400,31.0,31.0,17.0,0.0,0.0,0.0,14.9,1.0,1.0,1.0,0.0,0.0,0.0,0.0,0.0,0.0,100.0,100.0,100.0,1000.0,1000.0,1000.0,30.238663457210187,0,0,30.238663457210187,0.0,0.0,0,0
149600,31.0,31.0,17.0,0.0,0.0,0.0,14.9,1.0,1.0,1.0,0.0,0.0,0.0,0.0,0.0,0.0,100.0,100.0,100.0,1000.0,1000.0,1000.0,30.238663457210187,0,0,30.238663457210187,0.0,0.0,0,0
149800,31.0,31.0,17.0,0.0,0.0,0.0,14.9,1.0,1.0,1.0,0.0,0.0,0.0,0.0,0.0,0.0,100.0,100.0,100.0,1000.0,1000.0,1000.0,30.238663457210187,0,0,30.238663457210187,0.0,0.0,0,0
150000,31.0,31.0,17.0,0.0,0.0,0.0,15.0,1.0,1.0,1.0,0.0,0.0,0.0,0.0,0.0,0.0,100.0,100.0,100.0,1000.0,1000.0,1000.0,30.238663457210187,0,0,30.238663457210187,0.0,0.0,0,0
150200,31.0,31.0,17.0,0.0,0.0,0.0,15.0,1.0,1.0,1.0,0.0,0.0,0.0,0.0,0.0,0.0,100.0,100.0,100.0,1000.0,1000.0,1000.0,36.65453092443312,0,0,36.65453092443312,0.0,0.0,1,0
150400,31.0,31.0,17.0,0.0,0.0,0.0,15.0,1.0,1.0,1.0,0.0,0.0,0.0,0.0,0.0,0.0,100.0,100.0,100.0,1000.0,1000.0,1000.0,36.65453092443312,0,0,36.65453092443312,0.0,0.0,0,0
150600,31.0,31.0,17.0,0.0,0.0,0.0,15.0,1.0,1.0,1.0,0.0,0.0,0.0,0.0,0.0,0.0,100.0,100.0,100.0,1000.0,1000.0,1000.0,36.65453092443312,0,0,36.65453092443312,0.0,0.0,0,0
150800,31.0,31.0,17.0,0.0,0.0,0.0,15.0,1.0,1.0,1.0,0.0,0.0,0.0,0.0,0.0,0.0,100.0,100.0,100.0,1000.0,1000.0,1000.0,36.65453092443312,0,0,36.65453092443312,0.0,0.0,0,0
151000,31.0,31.0,17.0,0.0,0.0,0.0,15.1,1.0,1.0,1.0,0.0,0.0,0.0,0.0,0.0,0.0,100.0,100.0,100.0,1000.0,1000.0,1000.0,36.65453092443312,0,0,36.65453092443312,0.0,0.0,0,0
151200,31.0,31.0,17.0,0.0,0.0,0.0,15.1,1.0,1.0,1.0,0.0,0.0,0.0,0.0,0.0,0.0,100.0,100.0,100.0,1000.0,1000.0,1000.0,36.65453092443312,0,0,36.65453092443312,0.0,0.0,0,0
151400,31.0,31.0,17.0,0.0,0.0,0.0,15.1,1.0,1.0,1.0,0.0,0.0,0.0,0.0,0.0,0.0,100.0,100.0,100.0,1000.0,1000.0,1000.0,36.65453092443312,0,0,36.65453092443312,0.0,0.0,0,0
151600,31.0,31.0,17.0,0.0,0.0,0.0,15.1,1.0,1.0,1.0,0.0,0.0,0.0,0.0,0.0,0.0,100.0,100.0,100.0,1000.0,1000.0,1000.0,36.65453092443312,0,0,36.65453092443312,0.0,0.0,0,0
151800,31.0,31.0,17.0,0.0,0.0,0.0,15.1,1.0,1.0,1.0,0.0,0.0,0.0,0.0,0.0,0.0,100.0,100.0,100.0,1000.0,1000.0,1000.0,36.65453092443312,0,0,36.65453092443312,0.0,0.0,0,0
152000,31.0,31.0,17.0,0.0,0.0,0.0,15.2,1.0,1.0,1.0,0.0,0.0,0.0,0.0,0.0,0.0,100.0,100.0,100.0,1000.0,1000.0,1000.0,36.65453092443312,0,0,36.65453092443312,0.0,0.0,0,0
152200,31.0,31.0,17.0,0.0,0.0,0.0,15.2,1.0,1.0,1.0,0.0,0.0,0.0,0.0,0.0,0.0,100.0,100.0,100.0,1000.0,1000.0,1000.0,36.65453092443312,0,0,36.65453092443312,0.0,0.0,0,0
152400,31.0,31.0,17.0,0.0,0.0,0.0,15.2,1.0,1.0,1.0,0.0,0.0,0.0,0.0,0.0,0.0,100.0,100.0,100.0,1000.0,1000.0,1000.0,36.65453092443312,0,0,36.65453092443312,0.0,0.0,0,0
152600,31.0,31.0,17.0,0.0,0.0,0.0,15.2,1.0,1.0,1.0,0.0,0.0,0.0,0.0,0.0,0.0,100.0,100.0,100.0,1000.0,1000.0,1000.0,36.65453092443312,0,0,36.65453092443312,0.0,0.0,0,0
152800,31.0,31.0,17.0,0.0,0.0,0.0,15.2,1.0,1.0,1.0,0.0,0.0,0.0,0.0,0.0,0.0,100.0,100.0,100.0,1000.0,1000.0,1000.0,36.65453092443312,0,0,36.65453092443312,0.0,0.0,0,0
153000,31.0,31.0,17.0,0.0,0.0,0.0,15.3,1.0,1.0,1.0,0.0,0.0,0.0,0.0,0.0,0.0,100.0,100.0,100.0,1000.0,1000.0,1000.0,36.65453092443312,0,0,36.65453092443312,0.0,0.0,0,0
153200,31.0,31.0,17.0,0.0,0.0,0.0,15.3,1.0,1.0,1.0,0.0,0.0,0.0,0.0,0.0,0.0,100.0,100.0,100.0,1000.0,1000.0,1000.0,36.65453092443312,0,0,36.65453092443312,0.0,0.0,0,0
153400,31.0,31.0,17.0,0.0,0.0,0.0,15.3,1.0,1.0,1.0,0.0,0.0,0.0,0.0,0.0,0.0,100.0,100.0,100.0,1000.0,1000.0,1000.0,36.65453092443312,0,0,36.65453092443312,0.0,0.0,0,0
153600,31.5,31.0,17.0,0.0,0.0,0.0,15.3,1.0,1.0,1.0,0.0,0.0,0.0,0.0,0.0,0.0,100.0,100.0,100.0,1000.0,1000.0,1000.0,36.65453092443312,0,0,36.65453092443312,0.0,0.0,0,0
153800,31.5,31.0,17.0,0.0,0.0,0.0,15.3,1.0,1.0,1.0,0.0,0.0,0.0,0.0,0.0,0.0,100.0,100.0,100.0,1000.0,1000.0,1000.0,36.65453092443312,0,0,36.65453092443312,0.0,0.0,0,0
154000,31.5,31.5,17.0,0.0,0.0,0.0,15.4,1.0,1.0,1.0,0.0,0.0,0.0,0.0,0.0,0.0,100.0,100.0,100.0,1000.0,1000.0,1000.0,36.65453092443312,0,0,36.65453092443312,0.0,0.0,0,0
154200,31.5,31.5,17.0,0.0,0.0,0.0,15.4,1.0,1.0,1.0,0.0,0.0,0.0,0.0,0.0,0.0,100.0,100.0,100.0,1000.0,1000.0,1000.0,36.65453092443312,0,0,36.65453092443312,0.0,0.0,0,0
154400,31.5,31.5,17.0,0.0,0.0,0.0,15.4,1.0,1.0,1.0,0.0,0.0,0.0,0.0,0.0,0.0,100.0,100.0,100.0,1000.0,1000.0,1000.0,36.65453092443312,0,0,36.65453092443312,0.0,0.0,0,0
154600,31.5,31.5,17.0,0.0,0.0,0.0,15.4,1.0,1.0,1.0,0.0,0.0,0.0,0.0,0.0,0.0,100.0,100.0,100.0,1000.0,1000.0,1000.0,36.65453092443312,0,0,36.65453092443312,0.0,0.0,0,0
154800,31.5,31.5,17.0,0.0,0.0,0.0,15.4,1.0,1.0,1.0,0.0,0.0,0.0,0.0,0.0,0.0,100.0,100.0,100.0,1000.0,1000.0,1000.0,36.65453092443312,0,0,36.65453092443312,0.0,0.0,0,0
155000,31.5,31.5,17.0,0.0,0.0,0.0,15.5,1.0,1.0,1.0,0.0,0.0,0.0,0.0,0.0,0.0,100.0,100.0,100.0,1000.0,1000.0,1000.0,36.65453092443312,0,0,36.65453092443312,0.0,0.0,0,0
155200,31.5,31.5,17.0,0.0,0.0,0.0,15.5,1.0,1.0,1.0,0.0,0.0,0.0,0.0,0.0,0.0,100.0,100.0,100.0,1000.0,1000.0,1000.0,36.65453092443312,0,0,36.65453092443312,0.0,0.0,0,0
155400,31.5,31.5,17.0,0.0,0.0,0.0,15.5,1.0,1.0,1.0,0.0,0.0,0.0,0.0,0.0,0.0,100.0,100.0,100.0,1000.0,1000.0,1000.0,36.65453092443312,0,0,36.65453092443312,0.0,0.0,0,0
155600,31.5,31.5,17.0,0.0,0.0,0.0,15.5,1.0,1.0,1.0,0.0,0.0,0.0,0.0,0.0,0.0,100.0,100.0,100.0,1000.0,1000.0,1000.0,36.65453092443312,0,0,36.65453092443312,0.0,0.0,0,0
155800,31.5,31.5,17.0,0.0,0.0,0.0,15.5,1.0,1.0,1.0,0.0,0.0,0.0,0.0,0.0,0.0,100.0,100.0,100.0,1000.0,1000.0,1000.0,36.65453092443312,0,0,36.65453092443312,0.0,0.0,0,0
156000,31.5,31.5,17.0,0.0,0.0,0.0,15.6,1.0,1.0,1.0,0.0,0.0,0.0,0.0,0.0,0.0,100.0,100.0,100.0,1000.0,1000.0,1000.0,36.65453092443312,0,0,36.65453092443312,0.0,0.0,0,0
156200,31.5,31.5,17.0,0.0,0.0,0.0,15.6,1.0,1.0,1.0,0.0,0.0,0.0,0.0,0.0,0.0,100.0,100.0,100.0,1000.0,1000.0,1000.0,36.65453092443312,0,0,36.65453092443312,0.0,0.0,0,0
156400,31.5,31.5,17.0,0.0,0.0,0.0,15.6,1.0,1.0,1.0,0.0,0.0,0.0,0.0,0.0,0.0,100.0,100.0,100.0,1000.0,1000.0,1000.0,36.65453092443312,0,0,36.65453092443312,0.0,0.0,0,0
156600,31.5,31.5,17.0,0.0,0.0,0.0,15.6,1.0,1.0,1.0,0.0,0.0,0.0,0.0,0.0,0.0,100.0,100.0,100.0,1000.0,1000.0,1000.0,36.65453092443312,0,0,36.65453092443312,0.0,0.0,0,0
156800,31.5,31.5,17.0,0.0,0.0,0.0,15.6,1.0,1.0,1.0,0.0,0.0,0.0,0.0,0.0,0.0,100.0,100.0,100.0,1000.0,1000.0,1000.0,36.65453092443312,0,0,36.65453092443312,0.0,0.0,0,0
157000,31.5,31.5,17.0,0.0,0.0,0.0,15.7,1.0,1.0,1.0,0.0,0.0,0.0,0.0,0.0,0.0,100.0,100.0,100.0,1000.0,1000.0,1000.0,36.65453092443312,0,0,36.65453092443312,0.0,0.0,0,0
157200,31.5,31.5,17.0,0.0,0.0,0.0,15.7,1.0,1.0,1.0,0.0,0.0,0.0,0.0,0.0,0.0,100.0,100.0,100.0,1000.0,1000.0,1000.0,36.65453092443312,0,0,36.65453092443312,0.0,0.0,0,0
157400,31.5,31.5,17.0,0.0,0.0,0.0,15.7,1.0,1.0,1.0,0.0,0.0,0.0,0.0,0.0,0.0,100.0,100.0,100.0,1000.0,1000.0,1000.0,36.65453092443312,0,0,36.65453092443312,0.0,0.0,0,0
157600,31.5,31.5,17.0,0.0,0.0,0.0,15.7,1.0,1.0,1.0,0.0,0.0,0.0,0.0,0.0,0.0,100.0,100.0,100.0,1000.0,1000.0,1000.0,36.65453092443312,0,0,36.65453092443312,0.0,0.0,0,0
157800,31.5,31.5,17.0,0.0,0.0,0.0,15.7,1.0,1.0,1.0,0.0,0.0,0.0,0.0,0.0,0.0,100.0,100.0,100.0,1000.0,1000.0,1000.0,36.65453092443312,0,0,36.65453092443312,0.0,0.0,0,0
158000,31.5,31.5,17.0,0.0,0.0,0.0,15.8,1.0,1.0,1.0,0.0,0.0,0.0,0.0,0.0,0.0,100.0,100.0,100.0,1000.0,1000.0,1000.0,36.65453092443312,0,0,36.65453092443312,0.0,0.0,0,0
158200,31.5,31.5,17.0,0.0,0.0,0.0,15.8,1.0,1.0,1.0,0.0,0.0,0.0,0.0,0.0,0.0,100.0,100.0,100.0,1000.0,1000.0,1000.0,36.65453092443312,0,0,36.65453092443312,0.0,0.0,0,0
158400,31.5,31.5,17.0,0.0,0.0,0.0,15.8,1.0,1.0,1.0,0.0,0.0,0.0,0.0,0.0,0.0,100.0,100.0,100.0,1000.0,1000.0,1000.0,36.65453092443312,0,0,36.65453092443312,0.0,0.0,0,0
158600,32.0,31.5,17.0,0.0,0.0,0.0,15.8,1.0,1.0,1.0,0.0,0.0,0.0,0.0,0.0,0.0,100.0,100.0,100.0,1000.0,1000.0,1000.0,36.65453092443312,0,0,36.65453092443312,0.0,0.0,0,0
158800,32.0,31.5,17.0,0.0,0.0,0.0,15.8,1.0,1.0,1.0,0.0,0.0,0.0,0.0,0.0,0.0,100.0,100.0,100.0,1000.0,1000.0,1000.0,36.65453092443312,0,0,36.65453092443312,0.0,0.0,0,0
159000,32.0,32.0,17.0,0.0,0.0,0.0,15.9,1.0,1.0,1.0,0.0,0.0,0.0,0.0,0.0,0.0,100.0,100.0,100.0,1000.0,1000.0,1000.0,36.65453092443312,0,0,36.65453092443312,0.0,0.0,0,0
159200,32.0,32.0,17.0,0.0,0.0,0.0,15.9,1.0,1.0,1.0,0.0,0.0,0.0,0.0,0.0,0.0,100.0,100.0,100.0,1000.0,1000.0,1000.0,36.65453092443312,0,0,36.65453092443312,0.0,0.0,0,0
159400,32.0,32.0,17.0,0.0,0.0,0.0,15.9,1.0,1.0,1.0,0.0,0.0,0.0,0.0,0.0,0.0,100.0,100.0,100.0,1000.0,1000.0,1000.0,36.65453092443312,0,0,36.65453092443312,0.0,0.0,0,0
159600,32.0,32.0,17.0,0.0,0.0,0.0,15.9,1.0,1.0,1.0,0.0,0.0,0.0,0.0,0.0,0.0,100.0,100.0,100.0,1000.0,1000.0,1000.0,36.65453092443312,0,0,36.65453092443312,0.0,0.0,0,0
159800,32.0,32.0,17.0,0.0,0.0,0.0,15.9,1.0,1.0,1.0,0.0,0.0,0.0,0.0,0.0,0.0,100.0,100.0,100.0,1000.0,1000.0,1000.0,36.65453092443312,0,0,36.65453092443312,0.0,0.0,0,0
160000,32.0,32.0,17.0,0.0,0.0,0.0,16.0,1.0,1.0,1.0,0.0,0.0,0.0,0.0,0.0,0.0,100.0,100.0,100.0,1000.0,1000.0,1000.0,36.65453092443312,0,0,36.65453092443312,0.0,0.0,0,0
160200,32.0,32.0,17.0,0.0,0.0,0.0,16.0,1.0,1.0,1.0,0.0,0.0,0.0,0.0,0.0,0.0,100.0,100.0,100.0,1000.0,1000.0,1000.0,36.65453092443312,0,0,36.65453092443312,0.0,0.0,0,0
160400,32.0,32.0,17.0,0.0,0.0,0.0,16.0,1.0,1.0,1.0,0.0,0.0,0.0,0.0,0.0,0.0,100.0,100.0,100.0,1000.0,1000.0,1000.0,36.65453092443312,0,0,36.65453092443312,0.0,0.0,0,0
160600,32.0,32.0,17.0,0.0,0.0,0.0,16.0,1.0,1.0,1.0,0.0,0.0,0.0,0.0,0.0,0.0,100.0,100.0,100.0,1000.0,1000.0,1000.0,36.65453092443312,0,0,36.65453092443312,0.0,0.0,0,0
160800,32.0,32.0,17.0,0.0,0.0,0.0,16.0,1.0,1.0,1.0,0.0,0.0,0.0,0.0,0.0,0.0,100.0,100.0,100.0,1000.0,1000.0,1000.0,36.65453092443312,0,0,36.65453092443312,0.0,0.0,0,0
161000,32.0,32.0,17.0,0.0,0.0,0.0,16.1,1.0,1.0,1.0,0.0,0.0,0.0,0.0,0.0,0.0,100.0,100.0,100.0,1000.0,1000.0,1000.0,36.65453092443312,0,0,36.65453092443312,0.0,0.0,0,0
161200,32.0,32.0,17.0,0.0,0.0,0.0,16.1,1.0,1.0,1.0,0.0,0.0,0.0,0.0,0.0,0.0,100.0,100.0,100.0,1000.0,1000.0,1000.0,36.65453092443312,0,0,36.65453092443312,0.0,0.0,0,0
161400,32.0,32.0,17.0,0.0,0.0,0.0,16.1,1.0,1.0,1.0,0.0,0.0,0.0,0.0,0.0,0.0,100.0,100.0,100.0,1000.0,1000.0,1000.0,36.65453092443312,0,0,36.65453092443312,0.0,0.0,0,0
161600,32.0,32.0,17.0,0.0,0.0,0.0,16.1,1.0,1.0,1.0,0.0,0.0,0.0,0.0,0.0,0.0,100.0,100.0,100.0,1000.0,1000.0,1000.0,36.65453092443312,0,0,36.65453092443312,0.0,0.0,0,0
161800,32.0,32.0,17.0,0.0,0.0,0.0,16.1,1.0,1.0,1.0,0.0,0.0,0.0,0.0,0.0,0.0,100.0,100.0,100.0,1000.0,1000.0,1000.0,36.65453092443312,0,0,36.65453092443312,0.0,0.0,0,0
162000,32.0,32.0,17.0,0.0,0.0,0.0,16.2,1.0,1.0,1.0,0.0,0.0,0.0,0.0,0.0,0.0,100.0,100.0,100.0,1000.0,1000.0,1000.0,36.65453092443312,0,0,36.65453092443312,0.0,0.0,0,0
162200,32.0,32.0,17.0,0.0,0.0,0.0,16.2,1.0,1.0,1.0,0.0,0.0,0.0,0.0,0.0,0.0,100.0,100.0,100.0,1000.0,1000.0,1000.0,36.65453092443312,0,0,36.65453092443312,0.0,0.0,0,0
162400,32.0,32.0,17.0,0.0,0.0,0.0,16.2,1.0,1.0,1.0,0.0,0.0,0.0,0.0,0.0,0.0,100.0,100.0,100.0,1000.0,1000.0,1000.0,36.65453092443312,0,0,36.65453092443312,0.0,0.0,0,0
162600,32.0,32.0,17.0,0.0,0.0,0.0,16.2,1.0,1.0,1.0,0.0,0.0,0.0,0.0,0.0,0.0,100.0,100.0,100.0,1000.0,1000.0,1000.0,36.65453092443312,0,0,36.65453092443312,0.0,0.0,0,0
162800,32.0,32.0,17.0,0.0,0.0,0.0,16.2,1.0,1.0,1.0,0.0,0.0,0.0,0.0,0.0,0.0,100.0,100.0,100.0,1000.0,1000.0,1000.0,36.65453092443312,0,0,36.65453092443312,0.0,0.0,0,0
163000,32.0,32.0,17.0,0.0,0.0,0.0,16.3,1.0,1.0,1.0,0.0,0.0,0.0,0.0,0.0,0.0,100.0,100.0,100.0,1000.0,1000.0,1000.0,36.65453092443312,0,0,36.65453092443312,0.0,0.0,0,0
163200,32.0,32.0,17.0,0.0,0.0,0.0,16.3,1.0,1.0,1.0,0.0,0.0,0.0,0.0,0.0,0.0,100.0,100.0,100.0,1000.0,1000.0,1000.0,36.65453092443312,0,0,36.65453092443312,0.0,0.0,0,0
163400,32.0,32.0,17.0,0.0,0.0,0.0,16.3,1.0,1.0,1.0,0.0,0.0,0.0,0.0,0.0,0.0,100.0,100.0,100.0,1000.0,1000.0,1000.0,36.65453092443312,0,0,36.65453092443312,0.0,0.0,0,0
163600,32.5,32.0,17.0,0.0,0.0,0.0,16.3,1.0,1.0,1.0,0.0,0.0,0.0,0.0,0.0,0.0,100.0,100.0,100.0,1000.0,1000.0,1000.0,36.65453092443312,0,0,36.65453092443312,0.0,0.0,0,0
163800,32.5,32.0,17.0,0.0,0.0,0.0,16.3,1.0,1.0,1.0,0.0,0.0,0.0,0.0,0.0,0.0,100.0,100.0,100.0,1000.0,1000.0,1000.0,36.65453092443312,0,0,36.65453092443312,0.0,0.0,0,0
164000,32.5,32.5,17.0,0.0,0.0,0.0,16.4,1.0,1.0,1.0,0.0,0.0,0.0,0.0,0.0,0.0,100.0,100.0,100.0,1000.0,1000.0,1000.0,36.65453092443312,0,0,36.65453092443312,0.0,0.0,0,0
164200,32.5,32.5,17.0,0.0,0.0,0.0,16.4,1.0,1.0,1.0,0.0,0.0,0.0,0.0,0.0,0.0,100.0,100.0,100.0,1000.0,1000.0,1000.0,36.65453092443312,0,0,36.65453092443312,0.0,0.0,0,0
164400,32.5,32.5,17.0,0.0,0.0,0.0,16.4,1.0,1.0,1.0,0.0,0.0,0.0,0.0,0.0,0.0,100.0,100.0,100.0,1000.0,1000.0,1000.0,36.65453092443312,0,0,36.65453092443312,0.0,0.0,0,0
164600,32.5,32.5,17.0,0.0,0.0,0.0,16.4,1.0,1.0,1.0,0.0,0.0,0.0,0.0,0.0,0.0,100.0,100.0,100.0,1000.0,1000.0,1000.0,36.65453092443312,0,0,36.65453092443312,0.0,0.0,0,0
164800,32.5,32.5,17.0,0.0,0.0,0.0,16.4,1.0,1.0,1.0,0.0,0.0,0.0,0.0,0.0,0.0,100.0,100.0,100.0,1000.0,1000.0,1000.0,36.65453092443312,0,0,36.65453092443312,0.0,0.0,0,0
165000,32.5,32.5,17.0,0.0,0.0,0.0,16.5,1.0,1.0,1.0,0.0,0.0,0.0,0.0,0.0,0.0,100.0,100.0,100.0,1000.0,1000.0,1000.0,36.65453092443312,0,0,36.65453092443312,0.0,0.0,0,0
165200,32.5,32.5,17.0,0.0,0.0,0.0,16.5,1.0,1.0,1.0,0.0,0.0,0.0,0.0,0.0,0.0,100.0,100.0,100.0,1000.0,1000.0,1000.0,39.82982695621248,0,0,39.82982695621248,0.0,0.0,1,0
165400,32.5,32.5,17.0,0.0,0.0,0.0,16.5,1.0,1.0,1.0,0.0,0.0,0.0,0.0,0.0,0.0,100.0,100.0,100.0,1000.0,1000.0,1000.0,39.82982695621248,0,0,39.82982695621248,0.0,0.0,0,0
165600,32.5,32.5,17.0,0.0,0.0,0.0,16.5,1.0,1.0,1.0,0.0,0.0,0.0,0.0,0.0,0.0,100.0,100.0,100.0,1000.0,1000.0,1000.0,39.82982695621248,0,0,39.82982695621248,0.0,0.0,0,0
165800,32.5,32.5,17.0,0.0,0.0,0.0,16.5,1.0,1.0,1.0,0.0,0.0,0.0,0.0,0.0,0.0,100.0,100.0,100.0,1000.0,1000.0,1000.0,39.82982695621248,0,0,39.82982695621248,0.0,0.0,0,0
166000,32.5,32.5,17.0,0.0,0.0,0.0,16.6,1.0,1.0,1.0,0.0,0.0,0.0,0.0,0.0,0.0,100.0,100.0,100.0,1000.0,1000.0,1000.0,39.82982695621248,0,0,39.82982695621248,0.0,0.0,0,0
166200,32.5,32.5,17.0,0.0,0.0,0.0,16.6,1.0,1.0,1.0,0.0,0.0,0.0,0.0,0.0,0.0,100.0,100.0,100.0,1000.0,1000.0,1000.0,39.82982695621248,0,0,39.82982695621248,0.0,0.0,0,0
166400,32.5,32.5,17.0,0.0,0.0,0.0,16.6,1.0,1.0,1.0,0.0,0.0,0.0,0.0,0.0,0.0,100.0,100.0,100.0,1000.0,1000.0,1000.0,39.82982695621248,0,0,39.82982695621248,0.0,0.0,0,0
166600,32.5,32.5,17.0,0.0,0.0,0.0,16.6,1.0,1.0,1.0,0.0,0.0,0.0,0.0,0.0,0.0,100.0,100.0,100.0,1000.0,1000.0,1000.0,39.82982695621248,0,0,39.82982695621248,0.0,0.0,0,0
166800,32.5,32.5,17.0,0.0,0.0,0.0,16.6,1.0,1.0,1.0,0.0,0.0,0.0,0.0,0.0,0.0,100.0,100.0,100.0,1000.0,1000.0,1000.0,39.82982695621248,0,0,39.82982695621248,0.0,0.0,0,0
167000,32.5,32.5,17.0,0.0,0.0,0.0,16.7,1.0,1.0,1.0,0.0,0.0,0.0,0.0,0.0,0.0,100.0,100.0,100.0,1000.0,1000.0,1000.0,39.82982695621248,0,0,39.82982695621248,0.0,0.0,0,0
167200,32.5,32.5,17.0,0.0,0.0,0.0,16.7,1.0,1.0,1.0,0.0,0.0,0.0,0.0,0.0,0.0,100.0,100.0,100.0,1000.0,1000.0,1000.0,39.82982695621248,0,0,39.82982695621248,0.0,0.0,0,0
167400,32.5,32.5,17.0,0.0,0.0,0.0,16.7,1.0,1.0,1.0,0.0,0.0,0.0,0.0,0.0,0.0,100.0,100.0,100.0,1000.0,1000.0,1000.0,39.82982695621248,0,0,39.82982695621248,0.0,0.0,0,0
167600,32.5,32.5,17.0,0.0,0.0,0.0,16.7,1.0,1.0,1.0,0.0,0.0,0.0,0.0,0.0,0.0,100.0,100.0,100.0,1000.0,1000.0,1000.0,39.82982695621248,0,0,39.82982695621248,0.0,0.0,0,0
167800,32.5,32.5,17.0,0.0,0.0,0.0,16.7,1.0,1.0,1.0,0.0,0.0,0.0,0.0,0.0,0.0,100.0,100.0,100.0,1000.0,1000.0,1000.0,39.82982695621248,0,0,39.82982695621248,0.0,0.0,0,0
168000,33.0,32.5,17.0,0.0,0.0,0.0,16.8,1.0,1.0,1.0,0.0,0.0,0.0,0.0,0.0,0.0,100.0,100.0,100.0,1000.0,1000.0,1000.0,39.82982695621248,0,0,39.82982695621248,0.0,0.0,0,0
168200,33.0,32.5,17.0,0.0,0.0,0.0,16.8,1.0,1.0,1.0,0.0,0.0,0.0,0.0,0.0,0.0,100.0,100.0,100.0,1000.0,1000.0,1000.0,39.82982695621248,0,0,39.82982695621248,0.0,0.0,0,0
168400,33.0,32.5,17.0,0.0,0.0,0.0,16.8,1.0,1.0,1.0,0.0,0.0,0.0,0.0,0.0,0.0,100.0,100.0,100.0,1000.0,1000.0,1000.0,39.82982695621248,0,0,39.82982695621248,0.0,0.0,0,0
168600,33.0,32.5,17.0,0.0,0.0,0.0,16.8,1.0,1.0,1.0,0.0,0.0,0.0,0.0,0.0,0.0,100.0,100.0,100.0,1000.0,1000.0,1000.0,39.82982695621248,0,0,39.82982695621248,0.0,0.0,0,0
168800,33.0,32.5,17.0,0.0,0.0,0.0,16.8,1.0,1.0,1.0,0.0,0.0,0.0,0.0,0.0,0.0,100.0,100.0,100.0,1000.0,1000.0,1000.0,39.82982695621248,0,0,39.82982695621248,0.0,0.0,0,0
169000,33.0,33.0,17.0,0.0,0.0,0.0,16.9,1.0,1.0,1.0,0.0,0.0,0.0,0.0,0.0,0.0,100.0,100.0,100.0,1000.0,1000.0,1000.0,39.82982695621248,0,0,39.82982695621248,0.0,0.0,0,0
169200,33.0,33.0,17.0,0.0,0.0,0.0,16.9,1.0,1.0,1.0,0.0,0.0,0.0,0.0,0.0,0.0,100.0,100.0,100.0,1000.0,1000.0,1000.0,39.82982695621248,0,0,39.82982695621248,0.0,0.0,0,0
169400,33.0,33.0,17.0,0.0,0.0,0.0,16.9,1.0,1.0,1.0,0.0,0.0,0.0,0.0,0.0,0.0,100.0,100.0,100.0,1000.0,1000.0,1000.0,39.82982695621248,0,0,39.82982695621248,0.0,0.0,0,0
169600,33.0,33.0,17.0,0.0,0.0,0.0,16.9,1.0,1.0,1.0,0.0,0.0,0.0,0.0,0.0,0.0,100.0,100.0,100.0,1000.0,1000.0,1000.0,39.82982695621248,0,0,39.82982695621248,0.0,0.0,0,0
169800,33.0,33.0,17.0,0.0,0.0,0.0,16.9,1.0,1.0,1.0,0.0,0.0,0.0,0.0,0.0,0.0,100.0,100.0,100.0,1000.0,1000.0,1000.0,39.82982695621248,0,0,39.82982695621248,0.0,0.0,0,0
170000,33.0,33.0,17.0,0.0,0.0,0.0,17.0,1.0,1.0,1.0,0.0,0.0,0.0,0.0,0.0,0.0,100.0,100.0,100.0,1000.0,1000.0,1000.0,39.82982695621248,0,0,39.82982695621248,0.0,0.0,0,0
170200,33.0,33.0,17.0,0.0,0.0,0.0,17.0,1.0,1.0,1.0,0.0,0.0,0.0,0.0,0.0,0.0,100.0,100.0,100.0,1000.0,1000.0,1000.0,39.82982695621248,0,0,39.82982695621248,0.0,0.0,0,0
170400,33.0,33.0,17.0,0.0,0.0,0.0,17.0,1.0,1.0,1.0,0.0,0.0,0.0,0.0,0.0,0.0,100.0,100.0,100.0,1000.0,1000.0,1000.0,39.82982695621248,0,0,39.82982695621248,0.0,0.0,0,0
170600,33.0,33.0,17.0,0.0,0.0,0.0,17.0,1.0,1.0,1.0,0.0,0.0,0.0,0.0,0.0,0.0,100.0,100.0,100.0,1000.0,1000.0,1000.0,39.82982695621248,0,0,39.82982695621248,0.0,0.0,0,0
170800,33.0,33.0,17.0,0.0,0.0,0.0,17.0,1.0,1.0,1.0,0.0,0.0,0.0,0.0,0.0,0.0,100.0,100.0,100.0,1000.0,1000.0,1000.0,39.82982695621248,0,0,39.82982695621248,0.0,0.0,0,0
171000,33.0,33.0,17.0,0.0,0.0,0.0,17.1,1.0,1.0,1.0,0.0,0.0,0.0,0.0,0.0,0.0,100.0,100.0,100.0,1000.0,1000.0,1000.0,39.82982695621248,0,0,39.82982695621248,0.0,0.0,0,0
171200,33.0,33.0,17.0,0.0,0.0,0.0,17.1,1.0,1.0,1.0,0.0,0.0,0.0,0.0,0.0,0.0,100.0,100.0,100.0,1000.0,1000.0,1000.0,39.82982695621248,0,0,39.82982695621248,0.0,0.0,0,0
171400,33.0,33.0,17.0,0.0,0.0,0.0,17.1,1.0,1.0,1.0,0.0,0.0,0.0,0.0,0.0,0.0,100.0,100.0,100.0,1000.0,1000.0,1000.0,39.82982695621248,0,0,39.82982695621248,0.0,0.0,0,0
171600,33.0,33.0,17.0,0.0,0.0,0.0,17.1,1.0,1.0,1.0,0.0,0.0,0.0,0.0,0.0,0.0,100.0,100.0,100.0,1000.0,1000.0,1000.0,39.82982695621248,0,0,39.82982695621248,0.0,0.0,0,0
171800,33.0,33.0,17.0,0.0,0.0,0.0,17.1,1.0,1.0,1.0,0.0,0.0,0.0,0.0,0.0,0.0,100.0,100.0,100.0,1000.0,1000.0,1000.0,39.82982695621248,0,0,39.82982695621248,0.0,0.0,0,0
172000,33.0,33.0,17.0,0.0,0.0,0.0,17.2,1.0,1.0,1.0,0.0,0.0,0.0,0.0,0.0,0.0,100.0,100.0,100.0,1000.0,1000.0,1000.0,39.82982695621248,0,0,39.82982695621248,0.0,0.0,0,0
172200,33.0,33.0,17.0,0.0,0.0,0.0,17.2,1.0,1.0,1.0,0.0,0.0,0.0,0.0,0.0,0.0,100.0,100.0,100.0,1000.0,1000.0,1000.0,39.82982695621248,0,0,39.82982695621248,0.0,0.0,0,0
172400,33.0,33.0,17.0,0.0,0.0,0.0,17.2,1.0,1.0,1.0,0.0,0.0,0.0,0.0,0.0,0.0,100.0,100.0,100.0,1000.0,1000.0,1000.0,39.82982695621248,0,0,39.82982695621248,0.0,0.0,0,0
172600,33.5,33.0,17.0,0.0,0.0,0.0,17.2,1.0,1.0,1.0,0.0,0.0,0.0,0.0,0.0,0.0,100.0,100.0,100.0,1000.0,1000.0,1000.0,39.82982695621248,0,0,39.82982695621248,0.0,0.0,0,0
172800,33.5,33.0,17.0,0.0,0.0,0.0,17.2,1.0,1.0,1.0,0.0,0.0,0.0,0.0,0.0,0.0,100.0,100.0,100.0,1000.0,1000.0,1000.0,39.82982695621248,0,0,39.82982695621248,0.0,0.0,0,0
173000,33.5,33.0,17.0,0.0,0.0,0.0,17.3,1.0,1.0,1.0,0.0,0.0,0.0,0.0,0.0,0.0,100.0,100.0,100.0,1000.0,1000.0,1000.0,39.82982695621248,0,0,39.82982695621248,0.0,0.0,0,0
173200,33.5,33.0,17.0,0.0,0.0,0.0,17.3,1.0,1.0,1.0,0.0,0.0,0.0,0.0,0.0,0.0,100.0,100.0,100.0,1000.0,1000.0,1000.0,39.82982695621248,0,0,39.82982695621248,0.0,0.0,0,0
173400,33.5,33.0,17.0,0.0,0.0,0.0,17.3,1.0,1.0,1.0,0.0,0.0,0.0,0.0,0.0,0.0,100.0,100.0,100.0,1000.0,1000.0,1000.0,39.82982695621248,0,0,39.82982695621248,0.0,0.0,0,0
173600,33.5,33.0,17.0,0.0,0.0,0.0,17.3,1.0,1.0,1.0,0.0,0.0,0.0,0.0,0.0,0.0,100.0,100.0,100.0,1000.0,1000.0,1000.0,39.82982695621248,0,0,39.82982695621248,0.0,0.0,0,0
173800,33.5,33.0,17.0,0.0,0.0,0.0,17.3,1.0,1.0,1.0,0.0,0.0,0.0,0.0,0.0,0.0,100.0,100.0,100.0,1000.0,1000.0,1000.0,39.82982695621248,0,0,39.82982695621248,0.0,0.0,0,0
174000,33.5,33.5,17.0,0.0,0.0,0.0,17.4,1.0,1.0,1.0,0.0,0.0,0.0,0.0,0.0,0.0,100.0,100.0,100.0,1000.0,1000.0,1000.0,39.82982695621248,0,0,39.82982695621248,0.0,0.0,0,0
174200,33.5,33.5,17.0,0.0,0.0,0.0,17.4,1.0,1.0,1.0,0.0,0.0,0.0,0.0,0.0,0.0,100.0,100.0,100.0,1000.0,1000.0,1000.0,39.82982695621248,0,0,39.82982695621248,0.0,0.0,0,0
174400,33.5,33.5,17.0,0.0,0.0,0.0,17.4,1.0,1.0,1.0,0.0,0.0,0.0,0.0,0.0,0.0,100.0,100.0,100.0,1000.0,1000.0,1000.0,39.82982695621248,0,0,39.82982695621248,0.0,0.0,0,0
174600,33.5,33.5,17.0,0.0,0.0,0.0,17.4,1.0,1.0,1.0,0.0,0.0,0.0,0.0,0.0,0.0,100.0,100.0,100.0,1000.0,1000.0,1000.0,39.82982695621248,0,0,39.82982695621248,0.0,0.0,0,0
174800,33.5,33.5,17.0,0.0,0.0,0.0,17.4,1.0,1.0,1.0,0.0,0.0,0.0,0.0,0.0,0.0,100.0,100.0,100.0,1000.0,1000.0,1000.0,39.82982695621248,0,0,39.82982695621248,0.0,0.0,0,0
175000,33.5,33.5,17.0,0.0,0.0,0.0,17.5,1.0,1.0,1.0,0.0,0.0,0.0,0.0,0.0,0.0,100.0,100.0,100.0,1000.0,1000.0,1000.0,39.82982695621248,0,0,39.82982695621248,0.0,0.0,0,0
175200,33.5,33.5,17.0,0.0,0.0,0.0,17.5,1.0,1.0,1.0,0.0,0.0,0.0,0.0,0.0,0.0,100.0,100.0,100.0,1000.0,1000.0,1000.0,39.82982695621248,0,0,39.82982695621248,0.0,0.0,0,0
175400,33.5,33.5,17.0,0.0,0.0,0.0,17.5,1.0,1.0,1.0,0.0,0.0,0.0,0.0,0.0,0.0,100.0,100.0,100.0,1000.0,1000.0,1000.0,39.82982695621248,0,0,39.82982695621248,0.0,0.0,0,0
175600,33.5,33.5,17.0,0.0,0.0,0.0,17.5,1.0,1.0,1.0,0.0,0.0,0.0,0.0,0.0,0.0,100.0,100.0,100.0,1000.0,1000.0,1000.0,39.82982695621248,0,0,39.82982695621248,0.0,0.0,0,0
175800,33.5,33.5,17.0,0.0,0.0,0.0,17.5,1.0,1.0,1.0,0.0,0.0,0.0,0.0,0.0,0.0,100.0,100.0,100.0,1000.0,1000.0,1000.0,39.82982695621248,0,0,39.82982695621248,0.0,0.0,0,0
176000,33.5,33.5,17.0,0.0,0.0,0.0,17.6,1.0,1.0,1.0,0.0,0.0,0.0,0.0,0.0,0.0,100.0,100.0,100.0,1000.0,1000.0,1000.0,39.82982695621248,0,0,39.82982695621248,0.0,0.0,0,0
176200,33.5,33.5,17.0,0.0,0.0,0.0,17.6,1.0,1.0,1.0,0.0,0.0,0.0,0.0,0.0,0.0,100.0,100.0,100.0,1000.0,1000.0,1000.0,39.82982695621248,0,0,39.82982695621248,0.0,0.0,0,0
176400,33.5,33.5,17.0,0.0,0.0,0.0,17.6,1.0,1.0,1.0,0.0,0.0,0.0,0.0,0.0,0.0,100.0,100.0,100.0,1000.0,1000.0,1000.0,39.82982695621248,0,0,39.82982695621248,0.0,0.0,0,0
176600,33.5,33.5,17.0,0.0,0.0,0.0,17.6,1.0,1.0,1.0,0.0,0.0,0.0,0.0,0.0,0.0,100.0,100.0,100.0,1000.0,1000.0,1000.0,39.82982695621248,0,0,39.82982695621248,0.0,0.0,0,0
176800,33.5,33.5,17.0,0.0,0.0,0.0,17.6,1.0,1.0,1.0,0.0,0.0,0.0,0.0,0.0,0.0,100.0,100.0,100.0,1000.0,1000.0,1000.0,39.82982695621248,0,0,39.82982695621248,0.0,0.0,0,0
177000,34.0,33.5,17.0,0.0,0.0,0.0,17.7,1.0,1.0,1.0,0.0,0.0,0.0,0.0,0.0,0.0,100.0,100.0,100.0,1000.0,1000.0,1000.0,39.82982695621248,0,0,39.82982695621248,0.0,0.0,0,0
177200,34.0,33.5,17.0,0.0,0.0,0.0,17.7,1.0,1.0,1.0,0.0,0.0,0.0,0.0,0.0,0.0,100.0,100.0,100.0,1000.0,1000.0,1000.0,39.82982695621248,0,0,39.82982695621248,0.0,0.0,0,0
177400,34.0,33.5,17.0,0.0,0.0,0.0,17.7,1.0,1.0,1.0,0.0,0.0,0.0,0.0,0.0,0.0,100.0,100.0,100.0,1000.0,1000.0,1000.0,39.82982695621248,0,0,39.82982695621248,0.0,0.0,0,0
177600,34.0,33.5,17.0,0.0,0.0,0.0,17.7,1.0,1.0,1.0,0.0,0.0,0.0,0.0,0.0,0.0,100.0,100.0,100.0,1000.0,1000.0,1000.0,39.82982695621248,0,0,39.82982695621248,0.0,0.0,0,0
177800,34.0,33.5,17.0,0.0,0.0,0.0,17.7,1.0,1.0,1.0,0.0,0.0,0.0,0.0,0.0,0.0,100.0,100.0,100.0,1000.0,1000.0,1000.0,39.82982695621248,0,0,39.82982695621248,0.0,0.0,0,0
178000,34.0,34.0,17.0,0.0,0.0,0.0,17.8,1.0,1.0,1.0,0.0,0.0,0.0,0.0,0.0,0.0,100.0,100.0,100.0,1000.0,1000.0,1000.0,39.82982695621248,0,0,39.82982695621248,0.0,0.0,0,0
178200,34.0,34.0,17.0,0.0,0.0,0.0,17.8,1.0,1.0,1.0,0.0,0.0,0.0,0.0,0.0,0.0,100.0,100.0,100.0,1000.0,1000.0,1000.0,39.82982695621248,0,0,39.82982695621248,0.0,0.0,0,0
178400,34.0,34.0,17.0,0.0,0.0,0.0,17.8,1.0,1.0,1.0,0.0,0.0,0.0,0.0,0.0,0.0,100.0,100.0,100.0,1000.0,1000.0,1000.0,39.82982695621248,0,0,39.82982695621248,0.0,0.0,0,0
178600,34.0,34.0,17.0,0.0,0.0,0.0,17.8,1.0,1.0,1.0,0.0,0.0,0.0,0.0,0.0,0.0,100.0,100.0,100.0,1000.0,1000.0,1000.0,39.82982695621248,0,0,39.82982695621248,0.0,0.0,0,0
178800,34.0,34.0,17.0,0.0,0.0,0.0,17.8,1.0,1.0,1.0,0.0,0.0,0.0,0.0,0.0,0.0,100.0,100.0,100.0,1000.0,1000.0,1000.0,39.82982695621248,0,0,39.82982695621248,0.0,0.0,0,0
179000,34.0,34.0,17.0,0.0,0.0,0.0,17.9,1.0,1.0,1.0,0.0,0.0,0.0,0.0,0.0,0.0,100.0,100.0,100.0,1000.0,1000.0,1000.0,39.82982695621248,0,0,39.82982695621248,0.0,0.0,0,0
179200,34.0,34.0,17.0,0.0,0.0,0.0,17.9,1.0,1.0,1.0,0.0,0.0,0.0,0.0,0.0,0.0,100.0,100.0,100.0,1000.0,1000.0,1000.0,39.82982695621248,0,0,39.82982695621248,0.0,0.0,0,0
179400,34.0,34.0,17.0,0.0,0.0,0.0,17.9,1.0,1.0,1.0,0.0,0.0,0.0,0.0,0.0,0.0,100.0,100.0,100.0,1000.0,1000.0,1000.0,39.82982695621248,0,0,39.82982695621248,0.0,0.0,0,0
179600,34.0,34.0,17.0,0.0,0.0,0.0,17.9,1.0,1.0,1.0,0.0,0.0,0.0,0.0,0.0,0.0,100.0,100.0,100.0,1000.0,1000.0,1000.0,39.82982695621248,0,0,39.82982695621248,0.0,0.0,0,0
179800,34.0,34.0,17.0,0.0,0.0,0.0,17.9,1.0,1.0,1.0,0.0,0.0,0.0,0.0,0.0,0.0,100.0,100.0,100.0,1000.0,1000.0,1000.0,39.82982695621248,0,0,39.82982695621248,0.0,0.0,0,0
180000,34.0,34.0,17.0,0.0,0.0,0.0,18.0,1.0,1.0,1.0,0.0,0.0,0.0,0.0,0.0,0.0,100.0,100.0,100.0,1000.0,1000.0,1000.0,39.82982695621248,0,0,39.82982695621248,0.0,0.0,0,0
180200,34.0,34.0,17.0,0.0,0.0,0.0,18.0,1.0,1.0,1.0,0.0,0.0,0.0,0.0,0.0,0.0,100.0,100.0,100.0,1000.0,1000.0,1000.0,39.91951463413053,0,0,39.91951463413053,0.0,0.0,1,0
180400,34.0,34.0,17.0,0.0,0.0,0.0,18.0,1.0,1.0,1.0,0.0,0.0,0.0,0.0,0.0,0.0,100.0,100.0,100.0,1000.0,1000.0,1000.0,39.91951463413053,0,0,39.91951463413053,0.0,0.0,0,0
180600,34.0,34.0,17.0,0.0,0.0,0.0,18.0,1.0,1.0,1.0,0.0,0.0,0.0,0.0,0.0,0.0,100.0,100.0,100.0,1000.0,1000.0,1000.0,39.91951463413053,0,0,39.91951463413053,0.0,0.0,0,0
180800,34.0,34.0,17.0,0.0,0.0,0.0,18.0,1.0,1.0,1.0,0.0,0.0,0.0,0.0,0.0,0.0,100.0,100.0,100.0,1000.0,1000.0,1000.0,39.91951463413053,0,0,39.91951463413053,0.0,0.0,0,0
181000,34.0,34.0,17.0,0.0,0.0,0.0,18.1,1.0,1.0,1.0,0.0,0.0,0.0,0.0,0.0,0.0,100.0,100.0,100.0,1000.0,1000.0,1000.0,39.91951463413053,0,0,39.91951463413053,0.0,0.0,0,0
181200,34.0,34.0,17.0,0.0,0.0,0.0,18.1,1.0,1.0,1.0,0.0,0.0,0.0,0.0,0.0,0.0,100.0,100.0,100.0,1000.0,1000.0,1000.0,39.91951463413053,0,0,39.91951463413053,0.0,0.0,0,0
181400,34.0,34.0,17.0,0.0,0.0,0.0,18.1,1.0,1.0,1.0,0.0,0.0,0.0,0.0,0.0,0.0,100.0,100.0,100.0,1000.0,1000.0,1000.0,39.91951463413053,0,0,39.91951463413053,0.0,0.0,0,0
181600,34.5,34.0,17.0,0.0,0.0,0.0,18.1,1.0,1.0,1.0,0.0,0.0,0.0,0.0,0.0,0.0,100.0,100.0,100.0,1000.0,1000.0,1000.0,39.91951463413053,0,0,39.91951463413053,0.0,0.0,0,0
181800,34.5,34.0,17.0,0.0,0.0,0.0,18.1,1.0,1.0,1.0,0.0,0.0,0.0,0.0,0.0,0.0,100.0,100.0,100.0,1000.0,1000.0,1000.0,39.91951463413053,0,0,39.91951463413053,0.0,0.0,0,0
182000,34.5,34.0,17.0,0.0,0.0,0.0,18.2,1.0,1.0,1.0,0.0,0.0,0.0,0.0,0.0,0.0,100.0,100.0,100.0,1000.0,1000.0,1000.0,39.91951463413053,0,0,39.91951463413053,0.0,0.0,0,0
182200,34.5,34.0,17.0,0.0,0.0,0.0,18.2,1.0,1.0,1.0,0.0,0.0,0.0,0.0,0.0,0.0,100.0,100.0,100.0,1000.0,1000.0,1000.0,39.91951463413053,0,0,39.91951463413053,0.0,0.0,0,0
182400,34.5,34.0,17.0,0.0,0.0,0.0,18.2,1.0,1.0,1.0,0.0,0.0,0.0,0.0,0.0,0.0,100.0,100.0,100.0,1000.0,1000.0,1000.0,39.91951463413053,0,0,39.91951463413053,0.0,0.0,0,0
182600,34.5,34.0,17.0,0.0,0.0,0.0,18.2,1.0,1.0,1.0,0.0,0.0,0.0,0.0,0.0,0.0,100.0,100.0,100.0,1000.0,1000.0,1000.0,39.91951463413053,0,0,39.91951463413053,0.0,0.0,0,0
182800,34.5,34.0,17.0,0.0,0.0,0.0,18.2,1.0,1.0,1.0,0.0,0.0,0.0,0.0,0.0,0.0,100.0,100.0,100.0,1000.0,1000.0,1000.0,39.91951463413053,0,0,39.91951463413053,0.0,0.0,0,0
183000,34.5,34.5,17.0,0.0,0.0,0.0,18.3,1.0,1.0,1.0,0.0,0.0,0.0,0.0,0.0,0.0,100.0,100.0,100.0,1000.0,1000.0,1000.0,39.91951463413053,0,0,39.91951463413053,0.0,0.0,0,0
183200,34.5,34.5,17.0,0.0,0.0,0.0,18.3,1.0,1.0,1.0,0.0,0.0,0.0,0.0,0.0,0.0,100.0,100.0,100.0,1000.0,1000.0,1000.0,39.91951463413053,0,0,39.91951463413053,0.0,0.0,0,0
183400,34.5,34.5,17.0,0.0,0.0,0.0,18.3,1.0,1.0,1.0,0.0,0.0,0.0,0.0,0.0,0.0,100.0,100.0,100.0,1000.0,1000.0,1000.0,39.91951463413053,0,0,39.91951463413053,0.0,0.0,0,0
183600,34.5,34.5,17.0,0.0,0.0,0.0,18.3,1.0,1.0,1.0,0.0,0.0,0.0,0.0,0.0,0.0,100.0,100.0,100.0,1000.0,1000.0,1000.0,39.91951463413053,0,0,39.91951463413053,0.0,0.0,0,0
183800,34.5,34.5,17.0,0.0,0.0,0.0,18.3,1.0,1.0,1.0,0.0,0.0,0.0,0.0,0.0,0.0,100.0,100.0,100.0,1000.0,1000.0,1000.0,39.91951463413053,0,0,39.91951463413053,0.0,0.0,0,0
184000,34.5,34.5,17.0,0.0,0.0,0.0,18.4,1.0,1.0,1.0,0.0,0.0,0.0,0.0,0.0,0.0,100.0,100.0,100.0,1000.0,1000.0,1000.0,39.91951463413053,0,0,39.91951463413053,0.0,0.0,0,0
184200,34.5,34.5,17.0,0.0,0.0,0.0,18.4,1.0,1.0,1.0,0.0,0.0,0.0,0.0,0.0,0.0,100.0,100.0,100.0,1000.0,1000.0,1000.0,39.91951463413053,0,0,39.91951463413053,0.0,0.0,0,0
184400,34.5,34.5,17.0,0.0,0.0,0.0,18.4,1.0,1.0,1.0,0.0,0.0,0.0,0.0,0.0,0.0,100.0,100.0,100.0,1000.0,1000.0,1000.0,39.91951463413053,0,0,39.91951463413053,0.0,0.0,0,0
184600,34.5,34.5,17.0,0.0,0.0,0.0,18.4,1.0,1.0,1.0,0.0,0.0,0.0,0.0,0.0,0.0,100.0,100.0,100.0,1000.0,1000.0,1000.0,39.91951463413053,0,0,39.91951463413053,0.0,0.0,0,0
184800,34.5,34.5,17.0,0.0,0.0,0.0,18.4,1.0,1.0,1.0,0.0,0.0,0.0,0.0,0.0,0.0,100.0,100.0,100.0,1000.0,1000.0,1000.0,39.91951463413053,0,0,39.91951463413053,0.0,0.0,0,0
185000,34.5,34.5,17.0,0.0,0.0,0.0,18.5,1.0,1.0,1.0,0.0,0.0,0.0,0.0,0.0,0.0,100.0,100.0,100.0,1000.0,1000.0,1000.0,39.91951463413053,0,0,39.91951463413053,0.0,0.0,0,0
185200,34.5,34.5,17.0,0.0,0.0,0.0,18.5,1.0,1.0,1.0,0.0,0.0,0.0,0.0,0.0,0.0,100.0,100.0,100.0,1000.0,1000.0,1000.0,39.91951463413053,0,0,39.91951463413053,0.0,0.0,0,0
185400,34.5,34.5,17.0,0.0,0.0,0.0,18.5,1.0,1.0,1.0,0.0,0.0,0.0,0.0,0.0,0.0,100.0,100.0,100.0,1000.0,1000.0,1000.0,39.91951463413053,0,0,39.91951463413053,0.0,0.0,0,0
185600,34.5,34.5,17.0,0.0,0.0,0.0,18.5,1.0,1.0,1.0,0.0,0.0,0.0,0.0,0.0,0.0,100.0,100.0,100.0,1000.0,1000.0,1000.0,39.91951463413053,0,0,39.91951463413053,0.0,0.0,0,0
185800,34.5,34.5,17.0,0.0,0.0,0.0,18.5,1.0,1.0,1.0,0.0,0.0,0.0,0.0,0.0,0.0,100.0,100.0,100.0,1000.0,1000.0,1000.0,39.91951463413053,0,0,39.91951463413053,0.0,0.0,0,0
186000,34.5,34.5,17.0,0.0,0.0,0.0,18.6,1.0,1.0,1.0,0.0,0.0,0.0,0.0,0.0,0.0,100.0,100.0,100.0,1000.0,1000.0,1000.0,39.91951463413053,0,0,39.91951463413053,0.0,0.0,0,0
186200,34.5,34.5,17.0,0.0,0.0,0.0,18.6,1.0,1.0,1.0,0.0,0.0,0.0,0.0,0.0,0.0,100.0,100.0,100.0,1000.0,1000.0,1000.0,39.91951463413053,0,0,39.91951463413053,0.0,0.0,0,0
186400,34.5,34.5,17.0,0.0,0.0,0.0,18.6,1.0,1.0,1.0,0.0,0.0,0.0,0.0,0.0,0.0,100.0,100.0,100.0,1000.0,1000.0,1000.0,39.91951463413053,0,0,39.91951463413053,0.0,0.0,0,0
186600,35.0,34.5,17.0,0.0,0.0,0.0,18.6,1.0,1.0,1.0,0.0,0.0,0.0,0.0,0.0,0.0,100.0,100.0,100.0,1000.0,1000.0,1000.0,39.91951463413053,0,0,39.91951463413053,0.0,0.0,0,1
186800,35.0,34.5,17.0,0.0,0.0,0.0,18.6,1.0,1.0,1.0,0.0,0.0,0.0,0.0,0.0,0.0,100.0,100.0,100.0,1000.0,1000.0,1000.0,39.91951463413053,0,0,39.91951463413053,0.0,0.0,0,0
187000,35.0,35.0,17.0,0.0,0.0,0.0,18.7,1.0,1.0,1.0,0.0,0.0,0.0,0.0,0.0,0.0,100.0,100.0,100.0,1000.0,1000.0,1000.0,39.91951463413053,0,0,39.91951463413053,0.0,0.0,0,0
187200,35.0,35.0,17.0,0.0,0.0,0.0,18.7,1.0,1.0,1.0,0.0,0.0,0.0,0.0,0.0,0.0,100.0,100.0,100.0,1000.0,1000.0,1000.0,39.91951463413053,0,0,39.91951463413053,0.0,0.0,0,0
187400,35.0,35.0,17.0,0.0,0.0,0.0,18.7,1.0,1.0,1.0,0.0,0.0,0.0,0.0,0.0,0.0,100.0,100.0,100.0,1000.0,1000.0,1000.0,39.91951463413053,0,0,39.91951463413053,0.0,0.0,0,0
187600,35.0,35.0,17.0,0.0,0.0,0.0,18.7,1.0,1.0,1.0,0.0,0.0,0.0,0.0,0.0,0.0,100.0,100.0,100.0,1000.0,1000.0,1000.0,39.91951463413053,0,0,39.91951463413053,0.0,0.0,0,0
187800,35.0,35.0,17.0,0.0,0.0,0.0,18.7,1.0,1.0,1.0,0.0,0.0,0.0,0.0,0.0,0.0,100.0,100.0,100.0,1000.0,1000.0,1000.0,39.91951463413053,0,0,39.91951463413053,0.0,0.0,0,0
188000,35.0,35.0,17.0,0.0,0.0,0.0,18.8,1.0,1.0,1.0,0.0,0.0,0.0,0.0,0.0,0.0,100.0,100.0,100.0,1000.0,1000.0,1000.0,39.91951463413053,0,0,39.91951463413053,0.0,0.0,0,0
188200,35.0,35.0,17.0,0.0,0.0,0.0,18.8,1.0,1.0,1.0,0.0,0.0,0.0,0.0,0.0,0.0,100.0,100.0,100.0,1000.0,1000.0,1000.0,39.91951463413053,0,0,39.91951463413053,0.0,0.0,0,0
188400,35.0,35.0,17.0,0.0,0.0,0.0,18.8,1.0,1.0,1.0,0.0,0.0,0.0,0.0,0.0,0.0,100.0,100.0,100.0,1000.0,1000.0,1000.0,39.91951463413053,0,0,39.91951463413053,0.0,0.0,0,0
188600,35.0,35.0,17.0,0.0,0.0,0.0,18.8,1.0,1.0,1.0,0.0,0.0,0.0,0.0,0.0,0.0,100.0,100.0,100.0,1000.0,1000.0,1000.0,39.91951463413053,0,0,39.91951463413053,0.0,0.0,0,0
188800,35.0,35.0,17.0,0.0,0.0,0.0,18.8,1.0,1.0,1.0,0.0,0.0,0.0,0.0,0.0,0.0,100.0,100.0,100.0,1000.0,1000.0,1000.0,39.91951463413053,0,0,39.91951463413053,0.0,0.0,0,0
189000,35.0,35.0,17.0,0.0,0.0,0.0,18.9,1.0,1.0,1.0,0.0,0.0,0.0,0.0,0.0,0.0,100.0,100.0,100.0,1000.0,1000.0,1000.0,39.91951463413053,0,0,39.91951463413053,0.0,0.0,0,0
189200,35.0,35.0,17.0,0.0,0.0,0.0,18.9,1.0,1.0,1.0,0.0,0.0,0.0,0.0,0.0,0.0,100.0,100.0,100.0,1000.0,1000.0,1000.0,39.91951463413053,0,0,39.91951463413053,0.0,0.0,0,0
189400,35.0,35.0,17.0,0.0,0.0,0.0,18.9,1.0,1.0,1.0,0.0,0.0,0.0,0.0,0.0,0.0,100.0,100.0,100.0,1000.0,1000.0,1000.0,39.91951463413053,0,0,39.91951463413053,0.0,0.0,0,0
189600,35.0,35.0,17.0,0.0,0.0,0.0,18.9,1.0,1.0,1.0,0.0,0.0,0.0,0.0,0.0,0.0,100.0,100.0,100.0,1000.0,1000.0,1000.0,39.91951463413053,0,0,39.91951463413053,0.0,0.0,0,0
189800,35.0,35.0,17.0,0.0,0.0,0.0,18.9,1.0,1.0,1.0,0.0,0.0,0.0,0.0,0.0,0.0,100.0,100.0,100.0,1000.0,1000.0,1000.0,39.91951463413053,0,0,39.91951463413053,0.0,0.0,0,0
190000,35.0,35.0,17.0,0.0,0.0,0.0,19.0,1.0,1.0,1.0,0.0,0.0,0.0,0.0,0.0,0.0,100.0,100.0,100.0,1000.0,1000.0,1000.0,39.91951463413053,0,0,39.91951463413053,0.0,0.0,0,0
190200,35.0,35.0,17.0,0.0,0.0,0.0,19.0,1.0,1.0,1.0,0.0,0.0,0.0,0.0,0.0,0.0,100.0,100.0,100.0,1000.0,1000.0,1000.0,39.91951463413053,0,0,39.91951463413053,0.0,0.0,0,0
190400,35.0,35.0,17.0,0.0,0.0,0.0,19.0,1.0,1.0,1.0,0.0,0.0,0.0,0.0,0.0,0.0,100.0,100.0,100.0,1000.0,1000.0,1000.0,39.91951463413053,0,0,39.91951463413053,0.0,0.0,0,0
190600,35.0,35.0,17.0,0.0,0.0,0.0,19.0,1.0,1.0,1.0,0.0,0.0,0.0,0.0,0.0,0.0,100.0,100.0,100.0,1000.0,1000.0,1000.0,39.91951463413053,0,0,39.91951463413053,0.0,0.0,0,0
190800,35.0,35.0,17.0,0.0,0.0,0.0,19.0,1.0,1.0,1.0,0.0,0.0,0.0,0.0,0.0,0.0,100.0,100.0,100.0,1000.0,1000.0,1000.0,39.91951463413053,0,0,39.91951463413053,0.0,0.0,0,0
191000,35.5,35.0,17.0,0.0,0.0,0.0,19.1,1.0,1.0,1.0,0.0,0.0,0.0,0.0,0.0,0.0,100.0,100.0,100.0,1000.0,1000.0,1000.0,39.91951463413053,0,0,39.91951463413053,0.0,0.0,0,0
191200,35.5,35.0,17.0,0.0,0.0,0.0,19.1,1.0,1.0,1.0,0.0,0.0,0.0,0.0,0.0,0.0,100.0,100.0,100.0,1000.0,1000.0,1000.0,39.91951463413053,0,0,39.91951463413053,0.0,0.0,0,0
191400,35.5,35.0,17.0,0.0,0.0,0.0,19.1,1.0,1.0,1.0,0.0,0.0,0.0,0.0,0.0,0.0,100.0,100.0,100.0,1000.0,1000.0,1000.0,39.91951463413053,0,0,39.91951463413053,0.0,0.0,0,0
191600,35.5,35.0,17.0,0.0,0.0,0.0,19.1,1.0,1.0,1.0,0.0,0.0,0.0,0.0,0.0,0.0,100.0,100.0,100.0,1000.0,1000.0,1000.0,39.91951463413053,0,0,39.91951463413053,0.0,0.0,0,0
191800,35.5,35.0,17.0,0.0,0.0,0.0,19.1,1.0,1.0,1.0,0.0,0.0,0.0,0.0,0.0,0.0,100.0,100.0,100.0,1000.0,1000.0,1000.0,39.91951463413053,0,0,39.91951463413053,0.0,0.0,0,0
192000,35.5,35.5,17.0,0.0,0.0,0.0,19.2,1.0,1.0,1.0,0.0,0.0,0.0,0.0,0.0,0.0,100.0,100.0,100.0,1000.0,1000.0,1000.0,39.91951463413053,0,0,39.91951463413053,0.0,0.0,0,0
192200,35.5,35.5,17.0,0.0,0.0,0.0,19.2,1.0,1.0,1.0,0.0,0.0,0.0,0.0,0.0,0.0,100.0,100.0,100.0,1000.0,1000.0,1000.0,39.91951463413053,0,0,39.91951463413053,0.0,0.0,0,0
192400,35.5,35.5,17.0,0.0,0.0,0.0,19.2,1.0,1.0,1.0,0.0,0.0,0.0,0.0,0.0,0.0,100.0,100.0,100.0,1000.0,1000.0,1000.0,39.91951463413053,0,0,39.91951463413053,0.0,0.0,0,0
192600,35.5,35.5,17.0,0.0,0.0,0.0,19.2,1.0,1.0,1.0,0.0,0.0,0.0,0.0,0.0,0.0,100.0,100.0,100.0,1000.0,1000.0,1000.0,39.91951463413053,0,0,39.91951463413053,0.0,0.0,0,0
192800,35.5,35.5,17.0,0.0,0.0,0.0,19.2,1.0,1.0,1.0,0.0,0.0,0.0,0.0,0.0,0.0,100.0,100.0,100.0,1000.0,1000.0,1000.0,39.91951463413053,0,0,39.91951463413053,0.0,0.0,0,0
193000,35.5,35.5,17.0,0.0,0.0,0.0,19.3,1.0,1.0,1.0,0.0,0.0,0.0,0.0,0.0,0.0,100.0,100.0,100.0,1000.0,1000.0,1000.0,39.91951463413053,0,0,39.91951463413053,0.0,0.0,0,0
193200,35.5,35.5,17.0,0.0,0.0,0.0,19.3,1.0,1.0,1.0,0.0,0.0,0.0,0.0,0.0,0.0,100.0,100.0,100.0,1000.0,1000.0,1000.0,39.91951463413053,0,0,39.91951463413053,0.0,0.0,0,0
193400,35.5,35.5,17.0,0.0,0.0,0.0,19.3,1.0,1.0,1.0,0.0,0.0,0.0,0.0,0.0,0.0,100.0,100.0,100.0,1000.0,1000.0,1000.0,39.91951463413053,0,0,39.91951463413053,0.0,0.0,0,0
193600,35.5,35.5,17.0,0.0,0.0,0.0,19.3,1.0,1.0,1.0,0.0,0.0,0.0,0.0,0.0,0.0,100.0,100.0,100.0,1000.0,1000.0,1000.0,39.91951463413053,0,0,39.91951463413053,0.0,0.0,0,0
193800,35.5,35.5,17.0,0.0,0.0,0.0,19.3,1.0,1.0,1.0,0.0,0.0,0.0,0.0,0.0,0.0,100.0,100.0,100.0,1000.0,1000.0,1000.0,39.91951463413053,0,0,39.91951463413053,0.0,0.0,0,0
194000,35.5,35.5,17.0,0.0,0.0,0.0,19.4,1.0,1.0,1.0,0.0,0.0,0.0,0.0,0.0,0.0,100.0,100.0,100.0,1000.0,1000.0,1000.0,39.91951463413053,0,0,39.91951463413053,0.0,0.0,0,0
194200,35.5,35.5,17.0,0.0,0.0,0.0,19.4,1.0,1.0,1.0,0.0,0.0,0.0,0.0,0.0,0.0,100.0,100.0,100.0,1000.0,1000.0,1000.0,39.91951463413053,0,0,39.91951463413053,0.0,0.0,0,0
194400,35.5,35.5,17.0,0.0,0.0,0.0,19.4,1.0,1.0,1.0,0.0,0.0,0.0,0.0,0.0,0.0,100.0,100.0,100.0,1000.0,1000.0,1000.0,39.91951463413053,0,0,39.91951463413053,0.0,0.0,0,0
194600,35.5,35.5,17.0,0.0,0.0,0.0,19.4,1.0,1.0,1.0,0.0,0.0,0.0,0.0,0.0,0.0,100.0,100.0,100.0,1000.0,1000.0,1000.0,39.91951463413053,0,0,39.91951463413053,0.0,0.0,0,0
194800,35.5,35.5,17.0,0.0,0.0,0.0,19.4,1.0,1.0,1.0,0.0,0.0,0.0,0.0,0.0,0.0,100.0,100.0,100.0,1000.0,1000.0,1000.0,39.91951463413053,0,0,39.91951463413053,0.0,0.0,0,0
195000,35.5,35.5,17.0,0.0,0.0,0.0,19.5,1.0,1.0,1.0,0.0,0.0,0.0,0.0,0.0,0.0,100.0,100.0,100.0,1000.0,1000.0,1000.0,39.91951463413053,0,0,39.91951463413053,0.0,0.0,0,0
195200,35.5,35.5,17.0,0.0,0.0,0.0,19.5,1.0,1.0,1.0,0.0,0.0,0.0,0.0,0.0,0.0,100.0,100.0,100.0,1000.0,1000.0,1000.0,43.086593333400884,0,0,43.086593333400884,0.0,0.0,1,0
195400,35.5,35.5,17.0,0.0,0.0,0.0,19.5,1.0,1.0,1.0,0.0,0.0,0.0,0.0,0.0,0.0,100.0,100.0,100.0,1000.0,1000.0,1000.0,43.086593333400884,0,0,43.086593333400884,0.0,0.0,0,0
195600,36.0,35.5,17.0,0.0,0.0,0.0,19.5,1.0,1.0,1.0,0.0,0.0,0.0,0.0,0.0,0.0,100.0,100.0,100.0,1000.0,1000.0,1000.0,43.086593333400884,0,0,43.086593333400884,0.0,0.0,0,0
195800,36.0,35.5,17.0,0.0,0.0,0.0,19.5,1.0,1.0,1.0,0.0,0.0,0.0,0.0,0.0,0.0,100.0,100.0,100.0,1000.0,1000.0,1000.0,43.086593333400884,0,0,43.086593333400884,0.0,0.0,0,0
196000,36.0,35.5,17.0,0.0,0.0,0.0,19.6,1.0,1.0,1.0,0.0,0.0,0.0,0.0,0.0,0.0,100.0,100.0,100.0,1000.0,1000.0,1000.0,43.086593333400884,0,0,43.086593333400884,0.0,0.0,0,0
196200,36.0,35.5,17.0,0.0,0.0,0.0,19.6,1.0,1.0,1.0,0.0,0.0,0.0,0.0,0.0,0.0,100.0,100.0,100.0,1000.0,1000.0,1000.0,43.086593333400884,0,0,43.086593333400884,0.0,0.0,0,0
196400,36.0,36.0,17.0,0.0,0.0,0.0,19.6,1.0,1.0,1.0,0.0,0.0,0.0,0.0,0.0,0.0,100.0,100.0,100.0,1000.0,1000.0,1000.0,43.086593333400884,0,0,43.086593333400884,0.0,0.0,0,0
196600,36.0,36.0,17.0,0.0,0.0,0.0,19.6,1.0,1.0,1.0,0.0,0.0,0.0,0.0,0.0,0.0,100.0,100.0,100.0,1000.0,1000.0,1000.0,43.086593333400884,0,0,43.086593333400884,0.0,0.0,0,0
196800,36.0,36.0,17.0,0.0,0.0,0.0,19.6,1.0,1.0,1.0,0.0,0.0,0.0,0.0,0.0,0.0,100.0,100.0,100.0,1000.0,1000.0,1000.0,43.086593333400884,0,0,43.086593333400884,0.0,0.0,0,0
197000,36.0,36.0,17.0,0.0,0.0,0.0,19.7,1.0,1.0,1.0,0.0,0.0,0.0,0.0,0.0,0.0,100.0,100.0,100.0,1000.0,1000.0,1000.0,43.086593333400884,0,0,43.086593333400884,0.0,0.0,0,0
197200,36.0,36.0,17.0,0.0,0.0,0.0,19.7,1.0,1.0,1.0,0.0,0.0,0.0,0.0,0.0,0.0,100.0,100.0,100.0,1000.0,1000.0,1000.0,43.086593333400884,0,0,43.086593333400884,0.0,0.0,0,0
197400,36.0,36.0,17.0,0.0,0.0,0.0,19.7,1.0,1.0,1.0,0.0,0.0,0.0,0.0,0.0,0.0,100.0,100.0,100.0,1000.0,1000.0,1000.0,43.086593333400884,0,0,43.086593333400884,0.0,0.0,0,0
197600,36.0,36.0,17.0,0.0,0.0,0.0,19.7,1.0,1.0,1.0,0.0,0.0,0.0,0.0,0.0,0.0,100.0,100.0,100.0,1000.0,1000.0,1000.0,43.086593333400884,0,0,43.086593333400884,0.0,0.0,0,0
197800,36.0,36.0,17.0,0.0,0.0,0.0,19.7,1.0,1.0,1.0,0.0,0.0,0.0,0.0,0.0,0.0,100.0,100.0,100.0,1000.0,1000.0,1000.0,43.086593333400884,0,0,43.086593333400884,0.0,0.0,0,0
198000,36.0,36.0,17.0,0.0,0.0,0.0,19.8,1.0,1.0,1.0,0.0,0.0,0.0,0.0,0.0,0.0,100.0,100.0,100.0,1000.0,1000.0,1000.0,43.086593333400884,0,0,43.086593333400884,0.0,0.0,0,0
198200,36.0,36.0,17.0,0.0,0.0,0.0,19.8,1.0,1.0,1.0,0.0,0.0,0.0,0.0,0.0,0.0,100.0,100.0,100.0,1000.0,1000.0,1000.0,43.086593333400884,0,0,43.086593333400884,0.0,0.0,0,0
198400,36.0,36.0,17.0,0.0,0.0,0.0,19.8,1.0,1.0,1.0,0.0,0.0,0.0,0.0,0.0,0.0,100.0,100.0,100.0,1000.0,1000.0,1000.0,43.086593333400884,0,0,43.086593333400884,0.0,0.0,0,0
198600,36.0,36.0,17.0,0.0,0.0,0.0,19.8,1.0,1.0,1.0,0.0,0.0,0.0,0.0,0.0,0.0,100.0,100.0,100.0,1000.0,1000.0,1000.0,43.086593333400884,0,0,43.086593333400884,0.0,0.0,0,0
198800,36.0,36.0,17.0,0.0,0.0,0.0,19.8,1.0,1.0,1.0,0.0,0.0,0.0,0.0,0.0,0.0,100.0,100.0,100.0,1000.0,1000.0,1000.0,43.086593333400884,0,0,43.086593333400884,0.0,0.0,0,0
199000,36.0,36.0,17.0,0.0,0.0,0.0,19.9,1.0,1.0,1.0,0.0,0.0,0.0,0.0,0.0,0.0,100.0,100.0,100.0,1000.0,1000.0,1000.0,43.086593333400884,0,0,43.086593333400884,0.0,0.0,0,0
199200,36.0,36.0,17.0,0.0,0.0,0.0,19.9,1.0,1.0,1.0,0.0,0.0,0.0,0.0,0.0,0.0,100.0,100.0,100.0,1000.0,1000.0,1000.0,43.086593333400884,0,0,43.086593333400884,0.0,0.0,0,0
199400,36.0,36.0,17.0,0.0,0.0,0.0,19.9,1.0,1.0,1.0,0.0,0.0,0.0,0.0,0.0,0.0,100.0,100.0,100.0,1000.0,1000.0,1000.0,43.086593333400884,0,0,43.086593333400884,0.0,0.0,0,0
199600,36.0,36.0,17.0,0.0,0.0,0.0,19.9,1.0,1.0,1.0,0.0,0.0,0.0,0.0,0.0,0.0,100.0,100.0,100.0,1000.0,1000.0,1000.0,43.086593333400884,0,0,43.086593333400884,0.0,0.0,0,0
199800,36.0,36.0,17.0,0.0,0.0,0.0,19.9,1.0,1.0,1.0,0.0,0.0,0.0,0.0,0.0,0.0,100.0,100.0,100.0,1000.0,1000.0,1000.0,43.086593333400884,0,0,43.086593333400884,0.0,0.0,0,0
200000,36.5,36.0,17.0,0.0,0.0,0.0,20.0,1.0,1.0,1.0,0.0,0.0,0.0,0.0,0.0,0.0,100.0,100.0,100.0,1000.0,1000.0,1000.0,43.086593333400884,0,0,43.086593333400884,0.0,0.0,0,0
200200,36.5,36.0,17.0,0.0,0.0,0.0,20.0,1.0,1.0,1.0,0.0,0.0,0.0,0.0,0.0,0.0,100.0,100.0,100.0,1000.0,1000.0,1000.0,43.086593333400884,0,0,43.086593333400884,0.0,0.0,0,0
200400,36.5,36.0,17.0,0.0,0.0,0.0,20.0,1.0,1.0,1.0,0.0,0.0,0.0,0.0,0.0,0.0,100.0,100.0,100.0,1000.0,1000.0,1000.0,43.086593333400884,0,0,43.086593333400884,0.0,0.0,0,0
200600,36.5,36.0,17.0,0.0,0.0,0.0,20.0,1.0,1.0,1.0,0.0,0.0,0.0,0.0,0.0,0.0,100.0,100.0,100.0,1000.0,1000.0,1000.0,43.086593333400884,0,0,43.086593333400884,0.0,0.0,0,0
200800,36.5,36.0,17.0,0.0,0.0,0.0,20.0,1.0,1.0,1.0,0.0,0.0,0.0,0.0,0.0,0.0,100.0,100.0,100.0,1000.0,1000.0,1000.0,43.086593333400884,0,0,43.086593333400884,0.0,0.0,0,0
201000,36.5,36.5,17.0,0.0,0.0,0.0,20.1,1.0,1.0,1.0,0.0,0.0,0.0,0.0,0.0,0.0,100.0,100.0,100.0,1000.0,1000.0,1000.0,43.086593333400884,0,0,43.086593333400884,0.0,0.0,0,0
201200,36.5,36.5,17.0,0.0,0.0,0.0,20.1,1.0,1.0,1.0,0.0,0.0,0.0,0.0,0.0,0.0,100.0,100.0,100.0,1000.0,1000.0,1000.0,43.086593333400884,0,0,43.086593333400884,0.0,0.0,0,0
201400,36.5,36.5,17.0,0.0,0.0,0.0,20.1,1.0,1.0,1.0,0.0,0.0,0.0,0.0,0.0,0.0,100.0,100.0,100.0,1000.0,1000.0,1000.0,43.086593333400884,0,0,43.086593333400884,0.0,0.0,0,0
201600,36.5,36.5,17.0,0.0,0.0,0.0,20.1,1.0,1.0,1.0,0.0,0.0,0.0,0.0,0.0,0.0,100.0,100.0,100.0,1000.0,1000.0,1000.0,43.086593333400884,0,0,43.086593333400884,0.0,0.0,0,0
201800,36.5,36.5,17.0,0.0,0.0,0.0,20.1,1.0,1.0,1.0,0.0,0.0,0.0,0.0,0.0,0.0,100.0,100.0,100.0,1000.0,1000.0,1000.0,43.086593333400884,0,0,43.086593333400884,0.0,0.0,0,0
202000,36.5,36.5,17.0,0.0,0.0,0.0,20.2,1.0,1.0,1.0,0.0,0.0,0.0,0.0,0.0,0.0,100.0,100.0,100.0,1000.0,1000.0,1000.0,43.086593333400884,0,0,43.086593333400884,0.0,0.0,0,0
202200,36.5,36.5,17.0,0.0,0.0,0.0,20.2,1.0,1.0,1.0,0.0,0.0,0.0,0.0,0.0,0.0,100.0,100.0,100.0,1000.0,1000.0,1000.0,43.086593333400884,0,0,43.086593333400884,0.0,0.0,0,0
202400,36.5,36.5,17.0,0.0,0.0,0.0,20.2,1.0,1.0,1.0,0.0,0.0,0.0,0.0,0.0,0.0,100.0,100.0,100.0,1000.0,1000.0,1000.0,43.086593333400884,0,0,43.086593333400884,0.0,0.0,0,0
202600,36.5,36.5,17.0,0.0,0.0,0.0,20.2,1.0,1.0,1.0,0.0,0.0,0.0,0.0,0.0,0.0,100.0,100.0,100.0,1000.0,1000.0,1000.0,43.086593333400884,0,0,43.086593333400884,0.0,0.0,0,0
202800,36.5,36.5,17.0,0.0,0.0,0.0,20.2,1.0,1.0,1.0,0.0,0.0,0.0,0.0,0.0,0.0,100.0,100.0,100.0,1000.0,1000.0,1000.0,43.086593333400884,0,0,43.086593333400884,0.0,0.0,0,0
203000,36.5,36.5,17.0,0.0,0.0,0.0,20.3,1.0,1.0,1.0,0.0,0.0,0.0,0.0,0.0,0.0,100.0,100.0,100.0,1000.0,1000.0,1000.0,43.086593333400884,0,0,43.086593333400884,0.0,0.0,0,0
203200,36.5,36.5,17.0,0.0,0.0,0.0,20.3,1.0,1.0,1.0,0.0,0.0,0.0,0.0,0.0,0.0,100.0,100.0,100.0,1000.0,1000.0,1000.0,43.086593333400884,0,0,43.086593333400884,0.0,0.0,0,0
203400,36.5,36.5,17.0,0.0,0.0,0.0,20.3,1.0,1.0,1.0,0.0,0.0,0.0,0.0,0.0,0.0,100.0,100.0,100.0,1000.0,1000.0,1000.0,43.086593333400884,0,0,43.086593333400884,0.0,0.0,0,0
203600,36.5,36.5,17.0,0.0,0.0,0.0,20.3,1.0,1.0,1.0,0.0,0.0,0.0,0.0,0.0,0.0,100.0,100.0,100.0,1000.0,1000.0,1000.0,43.086593333400884,0,0,43.086593333400884,0.0,0.0,0,0
203800,36.5,36.5,17.0,0.0,0.0,0.0,20.3,1.0,1.0,1.0,0.0,0.0,0.0,0.0,0.0,0.0,100.0,100.0,100.0,1000.0,1000.0,1000.0,43.086593333400884,0,0,43.086593333400884,0.0,0.0,0,0
204000,36.5,36.5,17.0,0.0,0.0,0.0,20.4,1.0,1.0,1.0,0.0,0.0,0.0,0.0,0.0,0.0,100.0,100.0,100.0,1000.0,1000.0,1000.0,43.086593333400884,0,0,43.086593333400884,0.0,0.0,0,0
204200,36.5,36.5,17.0,0.0,0.0,0.0,20.4,1.0,1.0,1.0,0.0,0.0,0.0,0.0,0.0,0.0,100.0,100.0,100.0,1000.0,1000.0,1000.0,43.086593333400884,0,0,43.086593333400884,0.0,0.0,0,0
204400,36.5,36.5,17.0,0.0,0.0,0.0,20.4,1.0,1.0,1.0,0.0,0.0,0.0,0.0,0.0,0.0,100.0,100.0,100.0,1000.0,1000.0,1000.0,43.086593333400884,0,0,43.086593333400884,0.0,0.0,0,0
204600,37.0,36.5,17.0,0.0,0.0,0.0,20.4,1.0,1.0,1.0,0.0,0.0,0.0,0.0,0.0,0.0,100.0,100.0,100.0,1000.0,1000.0,1000.0,43.086593333400884,0,0,43.086593333400884,0.0,0.0,0,0
204800,37.0,36.5,17.0,0.0,0.0,0.0,20.4,1.0,1.0,1.0,0.0,0.0,0.0,0.0,0.0,0.0,100.0,100.0,100.0,1000.0,1000.0,1000.0,43.086593333400884,0,0,43.086593333400884,0.0,0.0,0,0
205000,37.0,36.5,17.0,0.0,0.0,0.0,20.5,1.0,1.0,1.0,0.0,0.0,0.0,0.0,0.0,0.0,100.0,100.0,100.0,1000.0,1000.0,1000.0,43.086593333400884,0,0,43.086593333400884,0.0,0.0,0,0
205200,37.0,36.5,17.0,0.0,0.0,0.0,20.5,1.0,1.0,1.0,0.0,0.0,0.0,0.0,0.0,0.0,100.0,100.0,100.0,1000.0,1000.0,1000.0,43.086593333400884,0,0,43.086593333400884,0.0,0.0,0,0
205400,37.0,36.5,17.0,0.0,0.0,0.0,20.5,1.0,1.0,1.0,0.0,0.0,0.0,0.0,0.0,0.0,100.0,100.0,100.0,1000.0,1000.0,1000.0,43.086593333400884,0,0,43.086593333400884,0.0,0.0,0,0
205600,37.0,36.5,17.0,0.0,0.0,0.0,20.5,1.0,1.0,1.0,0.0,0.0,0.0,0.0,0.0,0.0,100.0,100.0,100.0,1000.0,1000.0,1000.0,43.086593333400884,0,0,43.086593333400884,0.0,0.0,0,0
205800,37.0,36.5,17.0,0.0,0.0,0.0,20.5,1.0,1.0,1.0,0.0,0.0,0.0,0.0,0.0,0.0,100.0,100.0,100.0,1000.0,1000.0,1000.0,43.086593333400884,0,0,43.086593333400884,0.0,0.0,0,0
206000,37.0,37.0,17.0,0.0,0.0,0.0,20.6,1.0,1.0,1.0,0.0,0.0,0.0,0.0,0.0,0.0,100.0,100.0,100.0,1000.0,1000.0,1000.0,43.086593333400884,0,0,43.086593333400884,0.0,0.0,0,0
206200,37.0,37.0,17.0,0.0,0.0,0.0,20.6,1.0,1.0,1.0,0.0,0.0,0.0,0.0,0.0,0.0,100.0,100.0,100.0,1000.0,1000.0,1000.0,43.086593333400884,0,0,43.086593333400884,0.0,0.0,0,0
206400,37.0,37.0,17.0,0.0,0.0,0.0,20.6,1.0,1.0,1.0,0.0,0.0,0.0,0.0,0.0,0.0,100.0,100.0,100.0,1000.0,1000.0,1000.0,43.086593333400884,0,0,43.086593333400884,0.0,0.0,0,0
206600,37.0,37.0,17.0,0.0,0.0,0.0,20.6,1.0,1.0,1.0,0.0,0.0,0.0,0.0,0.0,0.0,100.0,100.0,100.0,1000.0,1000.0,1000.0,43.086593333400884,0,0,43.086593333400884,0.0,0.0,0,0
206800,37.0,37.0,17.0,0.0,0.0,0.0,20.6,1.0,1.0,1.0,0.0,0.0,0.0,0.0,0.0,0.0,100.0,100.0,100.0,1000.0,1000.0,1000.0,43.086593333400884,0,0,43.086593333400884,0.0,0.0,0,0
207000,37.0,37.0,17.0,0.0,0.0,0.0,20.7,1.0,1.0,1.0,0.0,0.0,0.0,0.0,0.0,0.0,100.0,100.0,100.0,1000.0,1000.0,1000.0,43.086593333400884,0,0,43.086593333400884,0.0,0.0,0,0
207200,37.0,37.0,17.0,0.0,0.0,0.0,20.7,1.0,1.0,1.0,0.0,0.0,0.0,0.0,0.0,0.0,100.0,100.0,100.0,1000.0,1000.0,1000.0,43.086593333400884,0,0,43.086593333400884,0.0,0.0,0,0
207400,37.0,37.0,17.0,0.0,0.0,0.0,20.7,1.0,1.0,1.0,0.0,0.0,0.0,0.0,0.0,0.0,100.0,100.0,100.0,1000.0,1000.0,1000.0,43.086593333400884,0,0,43.086593333400884,0.0,0.0,0,0
207600,37.0,37.0,17.0,0.0,0.0,0.0,20.7,1.0,1.0,1.0,0.0,0.0,0.0,0.0,0.0,0.0,100.0,100.0,100.0,1000.0,1000.0,1000.0,43.086593333400884,0,0,43.086593333400884,0.0,0.0,0,0
207800,37.0,37.0,17.0,0.0,0.0,0.0,20.7,1.0,1.0,1.0,0.0,0.0,0.0,0.0,0.0,0.0,100.0,100.0,100.0,1000.0,1000.0,1000.0,43.086593333400884,0,0,43.086593333400884,0.0,0.0,0,0
208000,37.0,37.0,17.0,0.0,0.0,0.0,20.8,1.0,1.0,1.0,0.0,0.0,0.0,0.0,0.0,0.0,100.0,100.0,100.0,1000.0,1000.0,1000.0,43.086593333400884,0,0,43.086593333400884,0.0,0.0,0,0
208200,37.0,37.0,17.0,0.0,0.0,0.0,20.8,1.0,1.0,1.0,0.0,0.0,0.0,0.0,0.0,0.0,100.0,100.0,100.0,1000.0,1000.0,1000.0,43.086593333400884,0,0,43.086593333400884,0.0,0.0,0,0
208400,37.0,37.0,17.0,0.0,0.0,0.0,20.8,1.0,1.0,1.0,0.0,0.0,0.0,0.0,0.0,0.0,100.0,100.0,100.0,1000.0,1000.0,1000.0,43.086593333400884,0,0,43.086593333400884,0.0,0.0,0,0
208600,37.0,37.0,17.0,0.0,0.0,0.0,20.8,1.0,1.0,1.0,0.0,0.0,0.0,0.0,0.0,0.0,100.0,100.0,100.0,1000.0,1000.0,1000.0,43.086593333400884,0,0,43.086593333400884,0.0,0.0,0,0
208800,37.0,37.0,17.0,0.0,0.0,0.0,20.8,1.0,1.0,1.0,0.0,0.0,0.0,0.0,0.0,0.0,100.0,100.0,100.0,1000.0,1000.0,1000.0,43.086593333400884,0,0,43.086593333400884,0.0,0.0,0,0
209000,37.0,37.0,17.0,0.0,0.0,0.0,20.9,1.0,1.0,1.0,0.0,0.0,0.0,0.0,0.0,0.0,100.0,100.0,100.0,1000.0,1000.0,1000.0,43.086593333400884,0,0,43.086593333400884,0.0,0.0,0,0
209200,37.0,37.0,17.0,0.0,0.0,0.0,20.9,1.0,1.0,1.0,0.0,0.0,0.0,0.0,0.0,0.0,100.0,100.0,100.0,1000.0,1000.0,1000.0,43.086593333400884,0,0,43.086593333400884,0.0,0.0,0,0
209400,37.0,37.0,17.0,0.0,0.0,0.0,20.9,1.0,1.0,1.0,0.0,0.0,0.0,0.0,0.0,0.0,100.0,100.0,100.0,1000.0,1000.0,1000.0,43.086593333400884,0,0,43.086593333400884,0.0,0.0,0,0
209600,37.5,37.0,17.0,0.0,0.0,0.0,20.9,1.0,1.0,1.0,0.0,0.0,0.0,0.0,0.0,0.0,100.0,100.0,100.0,1000.0,1000.0,1000.0,43.086593333400884,0,0,43.086593333400884,0.0,0.0,0,0
209800,37.5,37.0,17.0,0.0,0.0,0.0,20.9,1.0,1.0,1.0,0.0,0.0,0.0,0.0,0.0,0.0,100.0,100.0,100.0,1000.0,1000.0,1000.0,43.086593333400884,0,0,43.086593333400884,0.0,0.0,0,0
210000,37.5,37.0,17.0,0.0,0.0,0.0,21.0,1.0,1.0,1.0,0.0,0.0,0.0,0.0,0.0,0.0,100.0,100.0,100.0,1000.0,1000.0,1000.0,43.086593333400884,0,0,43.086593333400884,0.0,0.0,0,0
210200,37.5,37.0,17.0,0.0,0.0,0.0,21.0,1.0,1.0,1.0,0.0,0.0,0.0,0.0,0.0,0.0,100.0,100.0,100.0,1000.0,1000.0,1000.0,36.04812277036436,0,0,36.04812277036436,0.0,0.0,1,0
210400,37.5,37.0,17.0,0.0,0.0,0.0,21.0,1.0,1.0,1.0,0.0,0.0,0.0,0.0,0.0,0.0,100.0,100.0,100.0,1000.0,1000.0,1000.0,36.04812277036436,0,0,36.04812277036436,0.0,0.0,0,0
210600,37.5,37.0,17.0,0.0,0.0,0.0,21.0,1.0,1.0,1.0,0.0,0.0,0.0,0.0,0.0,0.0,100.0,100.0,100.0,1000.0,1000.0,1000.0,36.04812277036436,0,0,36.04812277036436,0.0,0.0,0,0
210800,37.5,37.0,17.0,0.0,0.0,0.0,21.0,1.0,1.0,1.0,0.0,0.0,0.0,0.0,0.0,0.0,100.0,100.0,100.0,1000.0,1000.0,1000.0,36.04812277036436,0,0,36.04812277036436,0.0,0.0,0,0
211000,37.5,37.5,17.0,0.0,0.0,0.0,21.1,1.0,1.0,1.0,0.0,0.0,0.0,0.0,0.0,0.0,100.0,100.0,100.0,1000.0,1000.0,1000.0,36.04812277036436,0,0,36.04812277036436,0.0,0.0,0,0
211200,37.5,37.5,17.0,0.0,0.0,0.0,21.1,1.0,1.0,1.0,0.0,0.0,0.0,0.0,0.0,0.0,100.0,100.0,100.0,1000.0,1000.0,1000.0,36.04812277036436,0,0,36.04812277036436,0.0,0.0,0,0
211400,37.5,37.5,17.0,0.0,0.0,0.0,21.1,1.0,1.0,1.0,0.0,0.0,0.0,0.0,0.0,0.0,100.0,100.0,100.0,1000.0,1000.0,1000.0,36.04812277036436,0,0,36.04812277036436,0.0,0.0,0,0
211600,37.5,37.5,17.0,0.0,0.0,0.0,21.1,1.0,1.0,1.0,0.0,0.0,0.0,0.0,0.0,0.0,100.0,100.0,100.0,1000.0,1000.0,1000.0,36.04812277036436,0,0,36.04812277036436,0.0,0.0,0,0
211800,37.5,37.5,17.0,0.0,0.0,0.0,21.1,1.0,1.0,1.0,0.0,0.0,0.0,0.0,0.0,0.0,100.0,100.0,100.0,1000.0,1000.0,1000.0,36.04812277036436,0,0,36.04812277036436,0.0,0.0,0,0
212000,37.5,37.5,17.0,0.0,0.0,0.0,21.2,1.0,1.0,1.0,0.0,0.0,0.0,0.0,0.0,0.0,100.0,100.0,100.0,1000.0,1000.0,1000.0,36.04812277036436,0,0,36.04812277036436,0.0,0.0,0,0
212200,37.5,37.5,17.0,0.0,0.0,0.0,21.2,1.0,1.0,1.0,0.0,0.0,0.0,0.0,0.0,0.0,100.0,100.0,100.0,1000.0,1000.0,1000.0,36.04812277036436,0,0,36.04812277036436,0.0,0.0,0,0
212400,37.5,37.5,17.0,0.0,0.0,0.0,21.2,1.0,1.0,1.0,0.0,0.0,0.0,0.0,0.0,0.0,100.0,100.0,100.0,1000.0,1000.0,1000.0,36.04812277036436,0,0,36.04812277036436,0.0,0.0,0,0
212600,37.5,37.5,17.0,0.0,0.0,0.0,21.2,1.0,1.0,1.0,0.0,0.0,0.0,0.0,0.0,0.0,100.0,100.0,100.0,1000.0,1000.0,1000.0,36.04812277036436,0,0,36.04812277036436,0.0,0.0,0,0
212800,37.5,37.5,17.0,0.0,0.0,0.0,21.2,1.0,1.0,1.0,0.0,0.0,0.0,0.0,0.0,0.0,100.0,100.0,100.0,1000.0,1000.0,1000.0,36.04812277036436,0,0,36.04812277036436,0.0,0.0,0,0
213000,37.5,37.5,17.0,0.0,0.0,0.0,21.3,1.0,1.0,1.0,0.0,0.0,0.0,0.0,0.0,0.0,100.0,100.0,100.0,1000.0,1000.0,1000.0,36.04812277036436,0,0,36.04812277036436,0.0,0.0,0,0
213200,37.5,37.5,17.0,0.0,0.0,0.0,21.3,1.0,1.0,1.0,0.0,0.0,0.0,0.0,0.0,0.0,100.0,100.0,100.0,1000.0,1000.0,1000.0,36.04812277036436,0,0,36.04812277036436,0.0,0.0,0,0
213400,37.5,37.5,17.0,0.0,0.0,0.0,21.3,1.0,1.0,1.0,0.0,0.0,0.0,0.0,0.0,0.0,100.0,100.0,100.0,1000.0,1000.0,1000.0,36.04812277036436,0,0,36.04812277036436,0.0,0.0,0,0
213600,37.5,37.5,17.0,0.0,0.0,0.0,21.3,1.0,1.0,1.0,0.0,0.0,0.0,0.0,0.0,0.0,100.0,100.0,100.0,1000.0,1000.0,1000.0,36.04812277036436,0,0,36.04812277036436,0.0,0.0,0,0
213800,37.5,37.5,17.0,0.0,0.0,0.0,21.3,1.0,1.0,1.0,0.0,0.0,0.0,0.0,0.0,0.0,100.0,100.0,100.0,1000.0,1000.0,1000.0,36.04812277036436,0,0,36.04812277036436,0.0,0.0,0,0
214000,38.0,37.5,17.0,0.0,0.0,0.0,21.4,1.0,1.0,1.0,0.0,0.0,0.0,0.0,0.0,0.0,100.0,100.0,100.0,1000.0,1000.0,1000.0,36.04812277036436,0,0,36.04812277036436,0.0,0.0,0,0
214200,38.0,37.5,17.0,0.0,0.0,0.0,21.4,1.0,1.0,1.0,0.0,0.0,0.0,0.0,0.0,0.0,100.0,100.0,100.0,1000.0,1000.0,1000.0,36.04812277036436,0,0,36.04812277036436,0.0,0.0,0,0
214400,38.0,37.5,17.0,0.0,0.0,0.0,21.4,1.0,1.0,1.0,0.0,0.0,0.0,0.0,0.0,0.0,100.0,100.0,100.0,1000.0,1000.0,1000.0,36.04812277036436,0,0,36.04812277036436,0.0,0.0,0,0
214600,38.0,37.5,17.0,0.0,0.0,0.0,21.4,1.0,1.0,1.0,0.0,0.0,0.0,0.0,0.0,0.0,100.0,100.0,100.0,1000.0,1000.0,1000.0,36.04812277036436,0,0,36.04812277036436,0.0,0.0,0,0
214800,38.0,37.5,17.0,0.0,0.0,0.0,21.4,1.0,1.0,1.0,0.0,0.0,0.0,0.0,0.0,0.0,100.0,100.0,100.0,1000.0,1000.0,1000.0,36.04812277036436,0,0,36.04812277036436,0.0,0.0,0,0
215000,38.0,38.0,17.0,0.0,0.0,0.0,21.5,1.0,1.0,1.0,0.0,0.0,0.0,0.0,0.0,0.0,100.0,100.0,100.0,1000.0,1000.0,1000.0,36.04812277036436,0,0,36.04812277036436,0.0,0.0,0,0
215200,38.0,38.0,17.0,0.0,0.0,0.0,21.5,1.0,1.0,1.0,0.0,0.0,0.0,0.0,0.0,0.0,100.0,100.0,100.0,1000.0,1000.0,1000.0,36.04812277036436,0,0,36.04812277036436,0.0,0.0,0,0
215400,38.0,38.0,17.0,0.0,0.0,0.0,21.5,1.0,1.0,1.0,0.0,0.0,0.0,0.0,0.0,0.0,100.0,100.0,100.0,1000.0,1000.0,1000.0,36.04812277036436,0,0,36.04812277036436,0.0,0.0,0,0
215600,38.0,38.0,17.0,0.0,0.0,0.0,21.5,1.0,1.0,1.0,0.0,0.0,0.0,0.0,0.0,0.0,100.0,100.0,100.0,1000.0,1000.0,1000.0,36.04812277036436,0,0,36.04812277036436,0.0,0.0,0,0
215800,38.0,38.0,17.0,0.0,0.0,0.0,21.5,1.0,1.0,1.0,0.0,0.0,0.0,0.0,0.0,0.0,100.0,100.0,100.0,1000.0,1000.0,1000.0,36.04812277036436,0,0,36.04812277036436,0.0,0.0,0,0
216000,38.0,38.0,17.0,0.0,0.0,0.0,21.6,1.0,1.0,1.0,0.0,0.0,0.0,0.0,0.0,0.0,100.0,100.0,100.0,1000.0,1000.0,1000.0,36.04812277036436,0,0,36.04812277036436,0.0,0.0,0,0
216200,38.0,38.0,17.0,0.0,0.0,0.0,21.6,1.0,1.0,1.0,0.0,0.0,0.0,0.0,0.0,0.0,100.0,100.0,100.0,1000.0,1000.0,1000.0,36.04812277036436,0,0,36.04812277036436,0.0,0.0,0,0
216400,38.0,38.0,17.0,0.0,0.0,0.0,21.6,1.0,1.0,1.0,0.0,0.0,0.0,0.0,0.0,0.0,100.0,100.0,100.0,1000.0,1000.0,1000.0,36.04812277036436,0,0,36.04812277036436,0.0,0.0,0,0
216600,38.0,38.0,17.5,0.0,0.0,0.0,21.6,1.0,1.0,1.0,0.0,0.0,0.0,0.0,0.0,0.0,100.0,100.0,100.0,1000.0,1000.0,1000.0,36.04812277036436,0,0,36.04812277036436,0.0,0.0,0,0
216800,38.0,38.0,17.5,0.0,0.0,0.0,21.6,1.0,1.0,1.0,0.0,0.0,0.0,0.0,0.0,0.0,100.0,100.0,100.0,1000.0,1000.0,1000.0,36.04812277036436,0,0,36.04812277036436,0.0,0.0,0,0
217000,38.0,38.0,17.0,0.0,0.0,0.0,21.7,1.0,1.0,1.0,0.0,0.0,0.0,0.0,0.0,0.0,100.0,100.0,100.0,1000.0,1000.0,1000.0,36.04812277036436,0,0,36.04812277036436,0.0,0.0,0,0
217200,38.0,38.0,17.0,0.0,0.0,0.0,21.7,1.0,1.0,1.0,0.0,0.0,0.0,0.0,0.0,0.0,100.0,100.0,100.0,1000.0,1000.0,1000.0,36.04812277036436,0,0,36.04812277036436,0.0,0.0,0,0
217400,38.0,38.0,17.0,0.0,0.0,0.0,21.7,1.0,1.0,1.0,0.0,0.0,0.0,0.0,0.0,0.0,100.0,100.0,100.0,1000.0,1000.0,1000.0,36.04812277036436,0,0,36.04812277036436,0.0,0.0,0,0
217600,38.0,38.0,17.5,0.0,0.0,0.0,21.7,1.0,1.0,1.0,0.0,0.0,0.0,0.0,0.0,0.0,100.0,100.0,100.0,1000.0,1000.0,1000.0,36.04812277036436,0,0,36.04812277036436,0.0,0.0,0,0
217800,38.0,38.0,17.5,0.0,0.0,0.0,21.7,1.0,1.0,1.0,0.0,0.0,0.0,0.0,0.0,0.0,100.0,100.0,100.0,1000.0,1000.0,1000.0,36.04812277036436,0,0,36.04812277036436,0.0,0.0,0,0
218000,38.0,38.0,17.0,0.0,0.0,0.0,21.8,1.0,1.0,1.0,0.0,0.0,0.0,0.0,0.0,0.0,100.0,100.0,100.0,1000.0,1000.0,1000.0,36.04812277036436,0,0,36.04812277036436,0.0,0.0,0,0
218200,38.0,38.0,17.0,0.0,0.0,0.0,21.8,1.0,1.0,1.0,0.0,0.0,0.0,0.0,0.0,0.0,100.0,100.0,100.0,1000.0,1000.0,1000.0,36.04812277036436,0,0,36.04812277036436,0.0,0.0,0,0
218400,38.0,38.0,17.0,0.0,0.0,0.0,21.8,1.0,1.0,1.0,0.0,0.0,0.0,0.0,0.0,0.0,100.0,100.0,100.0,1000.0,1000.0,1000.0,36.04812277036436,0,0,36.04812277036436,0.0,0.0,0,0
218600,38.0,38.0,17.0,0.0,0.0,0.0,21.8,1.0,1.0,1.0,0.0,0.0,0.0,0.0,0.0,0.0,100.0,100.0,100.0,1000.0,1000.0,1000.0,36.04812277036436,0,0,36.04812277036436,0.0,0.0,0,0
218800,38.0,38.0,17.0,0.0,0.0,0.0,21.8,1.0,1.0,1.0,0.0,0.0,0.0,0.0,0.0,0.0,100.0,100.0,100.0,1000.0,1000.0,1000.0,36.04812277036436,0,0,36.04812277036436,0.0,0.0,0,0
219000,38.5,38.0,17.0,0.0,0.0,0.0,21.9,1.0,1.0,1.0,0.0,0.0,0.0,0.0,0.0,0.0,100.0,100.0,100.0,1000.0,1000.0,1000.0,36.04812277036436,0,0,36.04812277036436,0.0,0.0,0,0
219200,38.5,38.0,17.0,0.0,0.0,0.0,21.9,1.0,1.0,1.0,0.0,0.0,0.0,0.0,0.0,0.0,100.0,100.0,100.0,1000.0,1000.0,1000.0,36.04812277036436,0,0,36.04812277036436,0.0,0.0,0,0
219400,38.5,38.0,17.0,0.0,0.0,0.0,21.9,1.0,1.0,1.0,0.0,0.0,0.0,0.0,0.0,0.0,100.0,100.0,100.0,1000.0,1000.0,1000.0,36.04812277036436,0,0,36.04812277036436,0.0,0.0,0,0
219600,38.5,38.0,17.0,0.0,0.0,0.0,21.9,1.0,1.0,1.0,0.0,0.0,0.0,0.0,0.0,0.0,100.0,100.0,100.0,1000.0,1000.0,1000.0,36.04812277036436,0,0,36.04812277036436,0.0,0.0,0,0
219800,38.5,38.0,17.0,0.0,0.0,0.0,21.9,1.0,1.0,1.0,0.0,0.0,0.0,0.0,0.0,0.0,100.0,100.0,100.0,1000.0,1000.0,1000.0,36.04812277036436,0,0,36.04812277036436,0.0,0.0,0,0
220000,38.5,38.5,17.0,0.0,0.0,0.0,22.0,1.0,1.0,1.0,0.0,0.0,0.0,0.0,0.0,0.0,100.0,100.0,100.0,1000.0,1000.0,1000.0,36.04812277036436,0,0,36.04812277036436,0.0,0.0,0,0
220200,38.5,38.5,17.0,0.0,0.0,0.0,22.0,1.0,1.0,1.0,0.0,0.0,0.0,0.0,0.0,0.0,100.0,100.0,100.0,1000.0,1000.0,1000.0,36.04812277036436,0,0,36.04812277036436,0.0,0.0,0,0
220400,38.5,38.5,17.0,0.0,0.0,0.0,22.0,1.0,1.0,1.0,0.0,0.0,0.0,0.0,0.0,0.0,100.0,100.0,100.0,1000.0,1000.0,1000.0,36.04812277036436,0,0,36.04812277036436,0.0,0.0,0,0
220600,38.5,38.5,17.0,0.0,0.0,0.0,22.0,1.0,1.0,1.0,0.0,0.0,0.0,0.0,0.0,0.0,100.0,100.0,100.0,1000.0,1000.0,1000.0,36.04812277036436,0,0,36.04812277036436,0.0,0.0,0,0
220800,38.5,38.5,17.0,0.0,0.0,0.0,22.0,1.0,1.0,1.0,0.0,0.0,0.0,0.0,0.0,0.0,100.0,100.0,100.0,1000.0,1000.0,1000.0,36.04812277036436,0,0,36.04812277036436,0.0,0.0,0,0
221000,38.5,38.5,17.0,0.0,0.0,0.0,22.1,1.0,1.0,1.0,0.0,0.0,0.0,0.0,0.0,0.0,100.0,100.0,100.0,1000.0,1000.0,1000.0,36.04812277036436,0,0,36.04812277036436,0.0,0.0,0,0
221200,38.5,38.5,17.0,0.0,0.0,0.0,22.1,1.0,1.0,1.0,0.0,0.0,0.0,0.0,0.0,0.0,100.0,100.0,100.0,1000.0,1000.0,1000.0,36.04812277036436,0,0,36.04812277036436,0.0,0.0,0,0
221400,38.5,38.5,17.0,0.0,0.0,0.0,22.1,1.0,1.0,1.0,0.0,0.0,0.0,0.0,0.0,0.0,100.0,100.0,100.0,1000.0,1000.0,1000.0,36.04812277036436,0,0,36.04812277036436,0.0,0.0,0,0
221600,38.5,38.5,17.0,0.0,0.0,0.0,22.1,1.0,1.0,1.0,0.0,0.0,0.0,0.0,0.0,0.0,100.0,100.0,100.0,1000.0,1000.0,1000.0,36.04812277036436,0,0,36.04812277036436,0.0,0.0,0,0
221800,38.5,38.5,17.0,0.0,0.0,0.0,22.1,1.0,1.0,1.0,0.0,0.0,0.0,0.0,0.0,0.0,100.0,100.0,100.0,1000.0,1000.0,1000.0,36.04812277036436,0,0,36.04812277036436,0.0,0.0,0,0
222000,38.5,38.5,17.0,0.0,0.0,0.0,22.2,1.0,1.0,1.0,0.0,0.0,0.0,0.0,0.0,0.0,100.0,100.0,100.0,1000.0,1000.0,1000.0,36.04812277036436,0,0,36.04812277036436,0.0,0.0,0,0
222200,38.5,38.5,17.0,0.0,0.0,0.0,22.2,1.0,1.0,1.0,0.0,0.0,0.0,0.0,0.0,0.0,100.0,100.0,100.0,1000.0,1000.0,1000.0,36.04812277036436,0,0,36.04812277036436,0.0,0.0,0,0
222400,38.5,38.5,17.0,0.0,0.0,0.0,22.2,1.0,1.0,1.0,0.0,0.0,0.0,0.0,0.0,0.0,100.0,100.0,100.0,1000.0,1000.0,1000.0,36.04812277036436,0,0,36.04812277036436,0.0,0.0,0,0
222600,38.5,38.5,17.0,0.0,0.0,0.0,22.2,1.0,1.0,1.0,0.0,0.0,0.0,0.0,0.0,0.0,100.0,100.0,100.0,1000.0,1000.0,1000.0,36.04812277036436,0,0,36.04812277036436,0.0,0.0,0,0
222800,38.5,38.5,17.0,0.0,0.0,0.0,22.2,1.0,1.0,1.0,0.0,0.0,0.0,0.0,0.0,0.0,100.0,100.0,100.0,1000.0,1000.0,1000.0,36.04812277036436,0,0,36.04812277036436,0.0,0.0,0,0
223000,38.5,38.5,17.0,0.0,0.0,0.0,22.3,1.0,1.0,1.0,0.0,0.0,0.0,0.0,0.0,0.0,100.0,100.0,100.0,1000.0,1000.0,1000.0,36.04812277036436,0,0,36.04812277036436,0.0,0.0,0,0
223200,38.5,38.5,17.0,0.0,0.0,0.0,22.3,1.0,1.0,1.0,0.0,0.0,0.0,0.0,0.0,0.0,100.0,100.0,100.0,1000.0,1000.0,1000.0,36.04812277036436,0,0,36.04812277036436,0.0,0.0,0,0
223400,38.5,38.5,17.0,0.0,0.0,0.0,22.3,1.0,1.0,1.0,0.0,0.0,0.0,0.0,0.0,0.0,100.0,100.0,100.0,1000.0,1000.0,1000.0,36.04812277036436,0,0,36.04812277036436,0.0,0.0,0,0
223600,38.5,38.5,17.0,0.0,0.0,0.0,22.3,1.0,1.0,1.0,0.0,0.0,0.0,0.0,0.0,0.0,100.0,100.0,100.0,1000.0,1000.0,1000.0,36.04812277036436,0,0,36.04812277036436,0.0,0.0,0,0
223800,38.5,38.5,17.0,0.0,0.0,0.0,22.3,1.0,1.0,1.0,0.0,0.0,0.0,0.0,0.0,0.0,100.0,100.0,100.0,1000.0,1000.0,1000.0,36.04812277036436,0,0,36.04812277036436,0.0,0.0,0,0
224000,38.5,38.5,17.0,0.0,0.0,0.0,22.4,1.0,1.0,1.0,0.0,0.0,0.0,0.0,0.0,0.0,100.0,100.0,100.0,1000.0,1000.0,1000.0,36.04812277036436,0,0,36.04812277036436,0.0,0.0,0,0
224200,38.5,38.5,17.0,0.0,0.0,0.0,22.4,1.0,1.0,1.0,0.0,0.0,0.0,0.0,0.0,0.0,100.0,100.0,100.0,1000.0,1000.0,1000.0,36.04812277036436,0,0,36.04812277036436,0.0,0.0,0,0
224400,38.5,38.5,17.0,0.0,0.0,0.0,22.4,1.0,1.0,1.0,0.0,0.0,0.0,0.0,0.0,0.0,100.0,100.0,100.0,1000.0,1000.0,1000.0,36.04812277036436,0,0,36.04812277036436,0.0,0.0,0,0
224600,38.5,38.5,17.0,0.0,0.0,0.0,22.4,1.0,1.0,1.0,0.0,0.0,0.0,0.0,0.0,0.0,100.0,100.0,100.0,1000.0,1000.0,1000.0,36.04812277036436,0,0,36.04812277036436,0.0,0.0,0,0
224800,38.5,38.5,17.0,0.0,0.0,0.0,22.4,1.0,1.0,1.0,0.0,0.0,0.0,0.0,0.0,0.0,100.0,100.0,100.0,1000.0,1000.0,1000.0,36.04812277036436,0,0,36.04812277036436,0.0,0.0,0,0
225000,38.5,38.5,17.0,0.0,0.0,0.0,22.5,1.0,1.0,1.0,0.0,0.0,0.0,0.0,0.0,0.0,100.0,100.0,100.0,1000.0,1000.0,1000.0,36.04812277036436,0,0,36.04812277036436,0.0,0.0,0,0
225200,38.5,38.5,17.0,0.0,0.0,0.0,22.5,1.0,1.0,1.0,0.0,0.0,0.0,0.0,0.0,0.0,100.0,100.0,100.0,1000.0,1000.0,1000.0,47.14318051687221,0,0,47.14318051687221,0.0,0.0,1,0
225400,38.5,38.5,17.0,0.0,0.0,0.0,22.5,1.0,1.0,1.0,0.0,0.0,0.0,0.0,0.0,0.0,100.0,100.0,100.0,1000.0,1000.0,1000.0,47.14318051687221,0,0,47.14318051687221,0.0,0.0,0,0
225600,39.0,38.5,17.0,0.0,0.0,0.0,22.5,1.0,1.0,1.0,0.0,0.0,0.0,0.0,0.0,0.0,100.0,100.0,100.0,1000.0,1000.0,1000.0,47.14318051687221,0,0,47.14318051687221,0.0,0.0,0,0
225800,39.0,38.5,17.0,0.0,0.0,0.0,22.5,1.0,1.0,1.0,0.0,0.0,0.0,0.0,0.0,0.0,100.0,100.0,100.0,1000.0,1000.0,1000.0,47.14318051687221,0,0,47.14318051687221,0.0,0.0,0,0
226000,39.0,38.5,17.0,0.0,0.0,0.0,22.6,1.0,1.0,1.0,0.0,0.0,0.0,0.0,0.0,0.0,100.0,100.0,100.0,1000.0,1000.0,1000.0,47.14318051687221,0,0,47.14318051687221,0.0,0.0,0,0
226200,39.0,38.5,17.0,0.0,0.0,0.0,22.6,1.0,1.0,1.0,0.0,0.0,0.0,0.0,0.0,0.0,100.0,100.0,100.0,1000.0,1000.0,1000.0,47.14318051687221,0,0,47.14318051687221,0.0,0.0,0,0
226400,39.0,38.5,17.0,0.0,0.0,0.0,22.6,1.0,1.0,1.0,0.0,0.0,0.0,0.0,0.0,0.0,100.0,100.0,100.0,1000.0,1000.0,1000.0,47.14318051687221,0,0,47.14318051687221,0.0,0.0,0,0
226600,39.0,39.0,17.0,0.0,0.0,0.0,22.6,1.0,1.0,1.0,0.0,0.0,0.0,0.0,0.0,0.0,100.0,100.0,100.0,1000.0,1000.0,1000.0,47.14318051687221,0,0,47.14318051687221,0.0,0.0,0,0
226800,39.0,39.0,17.0,0.0,0.0,0.0,22.6,1.0,1.0,1.0,0.0,0.0,0.0,0.0,0.0,0.0,100.0,100.0,100.0,1000.0,1000.0,1000.0,47.14318051687221,0,0,47.14318051687221,0.0,0.0,0,0
227000,39.0,39.0,17.0,0.0,0.0,0.0,22.7,1.0,1.0,1.0,0.0,0.0,0.0,0.0,0.0,0.0,100.0,100.0,100.0,1000.0,1000.0,1000.0,47.14318051687221,0,0,47.14318051687221,0.0,0.0,0,0
227200,39.0,39.0,17.0,0.0,0.0,0.0,22.7,1.0,1.0,1.0,0.0,0.0,0.0,0.0,0.0,0.0,100.0,100.0,100.0,1000.0,1000.0,1000.0,47.14318051687221,0,0,47.14318051687221,0.0,0.0,0,0
227400,39.0,39.0,17.0,0.0,0.0,0.0,22.7,1.0,1.0,1.0,0.0,0.0,0.0,0.0,0.0,0.0,100.0,100.0,100.0,1000.0,1000.0,1000.0,47.14318051687221,0,0,47.14318051687221,0.0,0.0,0,0
227600,39.0,39.0,17.0,0.0,0.0,0.0,22.7,1.0,1.0,1.0,0.0,0.0,0.0,0.0,0.0,0.0,100.0,100.0,100.0,1000.0,1000.0,1000.0,47.14318051687221,0,0,47.14318051687221,0.0,0.0,0,0
227800,39.0,39.0,17.0,0.0,0.0,0.0,22.7,1.0,1.0,1.0,0.0,0.0,0.0,0.0,0.0,0.0,100.0,100.0,100.0,1000.0,1000.0,1000.0,47.14318051687221,0,0,47.14318051687221,0.0,0.0,0,0
228000,39.0,39.0,17.5,0.0,0.0,0.0,22.8,1.0,1.0,1.0,0.0,0.0,0.0,0.0,0.0,0.0,100.0,100.0,100.0,1000.0,1000.0,1000.0,47.14318051687221,0,0,47.14318051687221,0.0,0.0,0,0
228200,39.0,39.0,17.5,0.0,0.0,0.0,22.8,1.0,1.0,1.0,0.0,0.0,0.0,0.0,0.0,0.0,100.0,100.0,100.0,1000.0,1000.0,1000.0,47.14318051687221,0,0,47.14318051687221,0.0,0.0,0,0
228400,39.0,39.0,17.5,0.0,0.0,0.0,22.8,1.0,1.0,1.0,0.0,0.0,0.0,0.0,0.0,0.0,100.0,100.0,100.0,1000.0,1000.0,1000.0,47.14318051687221,0,0,47.14318051687221,0.0,0.0,0,0
228600,39.0,39.0,17.0,0.0,0.0,0.0,22.8,1.0,1.0,1.0,0.0,0.0,0.0,0.0,0.0,0.0,100.0,100.0,100.0,1000.0,1000.0,1000.0,47.14318051687221,0,0,47.14318051687221,0.0,0.0,0,0
228800,39.0,39.0,17.0,0.0,0.0,0.0,22.8,1.0,1.0,1.0,0.0,0.0,0.0,0.0,0.0,0.0,100.0,100.0,100.0,1000.0,1000.0,1000.0,47.14318051687221,0,0,47.14318051687221,0.0,0.0,0,0
229000,39.0,39.0,17.5,0.0,0.0,0.0,22.9,1.0,1.0,1.0,0.0,0.0,0.0,0.0,0.0,0.0,100.0,100.0,100.0,1000.0,1000.0,1000.0,47.14318051687221,0,0,47.14318051687221,0.0,0.0,0,0
229200,39.0,39.0,17.5,0.0,0.0,0.0,22.9,1.0,1.0,1.0,0.0,0.0,0.0,0.0,0.0,0.0,100.0,100.0,100.0,1000.0,1000.0,1000.0,47.14318051687221,0,0,47.14318051687221,0.0,0.0,0,0
229400,39.0,39.0,17.5,0.0,0.0,0.0,22.9,1.0,1.0,1.0,0.0,0.0,0.0,0.0,0.0,0.0,100.0,100.0,100.0,1000.0,1000.0,1000.0,47.14318051687221,0,0,47.14318051687221,0.0,0.0,0,0
229600,39.0,39.0,17.0,0.0,0.0,0.0,22.9,1.0,1.0,1.0,0.0,0.0,0.0,0.0,0.0,0.0,100.0,100.0,100.0,1000.0,1000.0,1000.0,47.14318051687221,0,0,47.14318051687221,0.0,0.0,0,0
229800,39.0,39.0,17.0,0.0,0.0,0.0,22.9,1.0,1.0,1.0,0.0,0.0,0.0,0.0,0.0,0.0,100.0,100.0,100.0,1000.0,1000.0,1000.0,47.14318051687221,0,0,47.14318051687221,0.0,0.0,0,0
230000,39.0,39.0,17.5,0.0,0.0,0.0,23.0,1.0,1.0,1.0,0.0,0.0,0.0,0.0,0.0,0.0,100.0,100.0,100.0,1000.0,1000.0,1000.0,47.14318051687221,0,0,47.14318051687221,0.0,0.0,0,0
230200,39.0,39.0,17.5,0.0,0.0,0.0,23.0,1.0,1.0,1.0,0.0,0.0,0.0,0.0,0.0,0.0,100.0,100.0,100.0,1000.0,1000.0,1000.0,47.14318051687221,0,0,47.14318051687221,0.0,0.0,0,0
230400,39.0,39.0,17.5,0.0,0.0,0.0,23.0,1.0,1.0,1.0,0.0,0.0,0.0,0.0,0.0,0.0,100.0,100.0,100.0,1000.0,1000.0,1000.0,47.14318051687221,0,0,47.14318051687221,0.0,0.0,0,0
230600,39.0,39.0,17.5,0.0,0.0,0.0,23.0,1.0,1.0,1.0,0.0,0.0,0.0,0.0,0.0,0.0,100.0,100.0,100.0,1000.0,1000.0,1000.0,47.14318051687221,0,0,47.14318051687221,0.0,0.0,0,0
230800,39.0,39.0,17.5,0.0,0.0,0.0,23.0,1.0,1.0,1.0,0.0,0.0,0.0,0.0,0.0,0.0,100.0,100.0,100.0,1000.0,1000.0,1000.0,47.14318051687221,0,0,47.14318051687221,0.0,0.0,0,0
231000,39.0,39.0,17.5,0.0,0.0,0.0,23.1,1.0,1.0,1.0,0.0,0.0,0.0,0.0,0.0,0.0,100.0,100.0,100.0,1000.0,1000.0,1000.0,47.14318051687221,0,0,47.14318051687221,0.0,0.0,0,0
231200,39.0,39.0,17.5,0.0,0.0,0.0,23.1,1.0,1.0,1.0,0.0,0.0,0.0,0.0,0.0,0.0,100.0,100.0,100.0,1000.0,1000.0,1000.0,47.14318051687221,0,0,47.14318051687221,0.0,0.0,0,0
231400,39.0,39.0,17.5,0.0,0.0,0.0,23.1,1.0,1.0,1.0,0.0,0.0,0.0,0.0,0.0,0.0,100.0,100.0,100.0,1000.0,1000.0,1000.0,47.14318051687221,0,0,47.14318051687221,0.0,0.0,0,0
231600,39.5,39.0,17.5,0.0,0.0,0.0,23.1,1.0,1.0,1.0,0.0,0.0,0.0,0.0,0.0,0.0,100.0,100.0,100.0,1000.0,1000.0,1000.0,47.14318051687221,0,0,47.14318051687221,0.0,0.0,0,0
231800,39.5,39.0,17.5,0.0,0.0,0.0,23.1,1.0,1.0,1.0,0.0,0.0,0.0,0.0,0.0,0.0,100.0,100.0,100.0,1000.0,1000.0,1000.0,47.14318051687221,0,0,47.14318051687221,0.0,0.0,0,0
232000,39.5,39.0,17.5,0.0,0.0,0.0,23.2,1.0,1.0,1.0,0.0,0.0,0.0,0.0,0.0,0.0,100.0,100.0,100.0,1000.0,1000.0,1000.0,47.14318051687221,0,0,47.14318051687221,0.0,0.0,0,0
232200,39.5,39.0,17.5,0.0,0.0,0.0,23.2,1.0,1.0,1.0,0.0,0.0,0.0,0.0,0.0,0.0,100.0,100.0,100.0,1000.0,1000.0,1000.0,47.14318051687221,0,0,47.14318051687221,0.0,0.0,0,0
232400,39.5,39.0,17.5,0.0,0.0,0.0,23.2,1.0,1.0,1.0,0.0,0.0,0.0,0.0,0.0,0.0,100.0,100.0,100.0,1000.0,1000.0,1000.0,47.14318051687221,0,0,47.14318051687221,0.0,0.0,0,0
232600,39.5,39.5,17.5,0.0,0.0,0.0,23.2,1.0,1.0,1.0,0.0,0.0,0.0,0.0,0.0,0.0,100.0,100.0,100.0,1000.0,1000.0,1000.0,47.14318051687221,0,0,47.14318051687221,0.0,0.0,0,0
232800,39.5,39.5,17.5,0.0,0.0,0.0,23.2,1.0,1.0,1.0,0.0,0.0,0.0,0.0,0.0,0.0,100.0,100.0,100.0,1000.0,1000.0,1000.0,47.14318051687221,0,0,47.14318051687221,0.0,0.0,0,0
233000,39.5,39.5,17.0,0.0,0.0,0.0,23.3,1.0,1.0,1.0,0.0,0.0,0.0,0.0,0.0,0.0,100.0,100.0,100.0,1000.0,1000.0,1000.0,47.14318051687221,0,0,47.14318051687221,0.0,0.0,0,0
233200,39.5,39.5,17.0,0.0,0.0,0.0,23.3,1.0,1.0,1.0,0.0,0.0,0.0,0.0,0.0,0.0,100.0,100.0,100.0,1000.0,1000.0,1000.0,47.14318051687221,0,0,47.14318051687221,0.0,0.0,0,0
233400,39.5,39.5,17.0,0.0,0.0,0.0,23.3,1.0,1.0,1.0,0.0,0.0,0.0,0.0,0.0,0.0,100.0,100.0,100.0,1000.0,1000.0,1000.0,47.14318051687221,0,0,47.14318051687221,0.0,0.0,0,0
233600,39.5,39.5,17.0,0.0,0.0,0.0,23.3,1.0,1.0,1.0,0.0,0.0,0.0,0.0,0.0,0.0,100.0,100.0,100.0,1000.0,1000.0,1000.0,47.14318051687221,0,0,47.14318051687221,0.0,0.0,0,0
233800,39.5,39.5,17.0,0.0,0.0,0.0,23.3,1.0,1.0,1.0,0.0,0.0,0.0,0.0,0.0,0.0,100.0,100.0,100.0,1000.0,1000.0,1000.0,47.14318051687221,0,0,47.14318051687221,0.0,0.0,0,0
234000,39.5,39.5,17.0,0.0,0.0,0.0,23.4,1.0,1.0,1.0,0.0,0.0,0.0,0.0,0.0,0.0,100.0,100.0,100.0,1000.0,1000.0,1000.0,47.14318051687221,0,0,47.14318051687221,0.0,0.0,0,0
234200,39.5,39.5,17.0,0.0,0.0,0.0,23.4,1.0,1.0,1.0,0.0,0.0,0.0,0.0,0.0,0.0,100.0,100.0,100.0,1000.0,1000.0,1000.0,47.14318051687221,0,0,47.14318051687221,0.0,0.0,0,0
234400,39.5,39.5,17.0,0.0,0.0,0.0,23.4,1.0,1.0,1.0,0.0,0.0,0.0,0.0,0.0,0.0,100.0,100.0,100.0,1000.0,1000.0,1000.0,47.14318051687221,0,0,47.14318051687221,0.0,0.0,0,0
234600,39.5,39.5,17.0,0.0,0.0,0.0,23.4,1.0,1.0,1.0,0.0,0.0,0.0,0.0,0.0,0.0,100.0,100.0,100.0,1000.0,1000.0,1000.0,47.14318051687221,0,0,47.14318051687221,0.0,0.0,0,0
234800,39.5,39.5,17.0,0.0,0.0,0.0,23.4,1.0,1.0,1.0,0.0,0.0,0.0,0.0,0.0,0.0,100.0,100.0,100.0,1000.0,1000.0,1000.0,47.14318051687221,0,0,47.14318051687221,0.0,0.0,0,0
235000,39.5,39.5,17.0,0.0,0.0,0.0,23.5,1.0,1.0,1.0,0.0,0.0,0.0,0.0,0.0,0.0,100.0,100.0,100.0,1000.0,1000.0,1000.0,47.14318051687221,0,0,47.14318051687221,0.0,0.0,0,0
235200,39.5,39.5,17.0,0.0,0.0,0.0,23.5,1.0,1.0,1.0,0.0,0.0,0.0,0.0,0.0,0.0,100.0,100.0,100.0,1000.0,1000.0,1000.0,47.14318051687221,0,0,47.14318051687221,0.0,0.0,0,0
235400,39.5,39.5,17.0,0.0,0.0,0.0,23.5,1.0,1.0,1.0,0.0,0.0,0.0,0.0,0.0,0.0,100.0,100.0,100.0,1000.0,1000.0,1000.0,47.14318051687221,0,0,47.14318051687221,0.0,0.0,0,0
235600,39.5,39.5,17.0,0.0,0.0,0.0,23.5,1.0,1.0,1.0,0.0,0.0,0.0,0.0,0.0,0.0,100.0,100.0,100.0,1000.0,1000.0,1000.0,47.14318051687221,0,0,47.14318051687221,0.0,0.0,0,0
235800,39.5,39.5,17.0,0.0,0.0,0.0,23.5,1.0,1.0,1.0,0.0,0.0,0.0,0.0,0.0,0.0,100.0,100.0,100.0,1000.0,1000.0,1000.0,47.14318051687221,0,0,47.14318051687221,0.0,0.0,0,0
236000,39.5,39.5,17.0,0.0,0.0,0.0,23.6,1.0,1.0,1.0,0.0,0.0,0.0,0.0,0.0,0.0,100.0,100.0,100.0,1000.0,1000.0,1000.0,47.14318051687221,0,0,47.14318051687221,0.0,0.0,0,0
236200,39.5,39.5,17.0,0.0,0.0,0.0,23.6,1.0,1.0,1.0,0.0,0.0,0.0,0.0,0.0,0.0,100.0,100.0,100.0,1000.0,1000.0,1000.0,47.14318051687221,0,0,47.14318051687221,0.0,0.0,0,0
236400,39.5,39.5,17.0,0.0,0.0,0.0,23.6,1.0,1.0,1.0,0.0,0.0,0.0,0.0,0.0,0.0,100.0,100.0,100.0,1000.0,1000.0,1000.0,47.14318051687221,0,0,47.14318051687221,0.0,0.0,0,0
236600,40.0,39.5,17.0,0.0,0.0,0.0,23.6,1.0,1.0,1.0,0.0,0.0,0.0,0.0,0.0,0.0,100.0,100.0,100.0,1000.0,1000.0,1000.0,47.14318051687221,0,0,47.14318051687221,0.0,0.0,0,0
236800,40.0,39.5,17.0,0.0,0.0,0.0,23.6,1.0,1.0,1.0,0.0,0.0,0.0,0.0,0.0,0.0,100.0,100.0,100.0,1000.0,1000.0,1000.0,47.14318051687221,0,0,47.14318051687221,0.0,0.0,0,0
237000,40.0,39.5,17.0,0.0,0.0,0.0,23.7,1.0,1.0,1.0,0.0,0.0,0.0,0.0,0.0,0.0,100.0,100.0,100.0,1000.0,1000.0,1000.0,47.14318051687221,0,0,47.14318051687221,0.0,0.0,0,0
237200,40.0,39.5,17.0,0.0,0.0,0.0,23.7,1.0,1.0,1.0,0.0,0.0,0.0,0.0,0.0,0.0,100.0,100.0,100.0,1000.0,1000.0,1000.0,47.14318051687221,0,0,47.14318051687221,0.0,0.0,0,0
237400,40.0,39.5,17.0,0.0,0.0,0.0,23.7,1.0,1.0,1.0,0.0,0.0,0.0,0.0,0.0,0.0,100.0,100.0,100.0,1000.0,1000.0,1000.0,47.14318051687221,0,0,47.14318051687221,0.0,0.0,0,0
237600,40.0,40.0,17.0,0.0,0.0,0.0,23.7,1.0,1.0,1.0,0.0,0.0,0.0,0.0,0.0,0.0,100.0,100.0,100.0,1000.0,1000.0,1000.0,47.14318051687221,0,0,47.14318051687221,0.0,0.0,0,0
237800,40.0,40.0,17.0,0.0,0.0,0.0,23.7,1.0,1.0,1.0,0.0,0.0,0.0,0.0,0.0,0.0,100.0,100.0,100.0,1000.0,1000.0,1000.0,47.14318051687221,0,0,47.14318051687221,0.0,0.0,0,0
238000,40.0,40.0,17.0,0.0,0.0,0.0,23.8,1.0,1.0,1.0,0.0,0.0,0.0,0.0,0.0,0.0,100.0,100.0,100.0,1000.0,1000.0,1000.0,47.14318051687221,0,0,47.14318051687221,0.0,0.0,0,0
238200,40.0,40.0,17.0,0.0,0.0,0.0,23.8,1.0,1.0,1.0,0.0,0.0,0.0,0.0,0.0,0.0,100.0,100.0,100.0,1000.0,1000.0,1000.0,47.14318051687221,0,0,47.14318051687221,0.0,0.0,0,0
238400,40.0,40.0,17.0,0.0,0.0,0.0,23.8,1.0,1.0,1.0,0.0,0.0,0.0,0.0,0.0,0.0,100.0,100.0,100.0,1000.0,1000.0,1000.0,47.14318051687221,0,0,47.14318051687221,0.0,0.0,0,0
238600,40.0,40.0,17.0,0.0,0.0,0.0,23.8,1.0,1.0,1.0,0.0,0.0,0.0,0.0,0.0,0.0,100.0,100.0,100.0,1000.0,1000.0,1000.0,47.14318051687221,0,0,47.14318051687221,0.0,0.0,0,0
238800,40.0,40.0,17.0,0.0,0.0,0.0,23.8,1.0,1.0,1.0,0.0,0.0,0.0,0.0,0.0,0.0,100.0,100.0,100.0,1000.0,1000.0,1000.0,47.14318051687221,0,0,47.14318051687221,0.0,0.0,0,0
239000,40.0,40.0,17.5,0.0,0.0,0.0,23.9,1.0,1.0,1.0,0.0,0.0,0.0,0.0,0.0,0.0,100.0,100.0,100.0,1000.0,1000.0,1000.0,47.14318051687221,0,0,47.14318051687221,0.0,0.0,0,0
239200,40.0,40.0,17.5,0.0,0.0,0.0,23.9,1.0,1.0,1.0,0.0,0.0,0.0,0.0,0.0,0.0,100.0,100.0,100.0,1000.0,1000.0,1000.0,47.14318051687221,0,0,47.14318051687221,0.0,0.0,0,0
239400,40.0,40.0,17.5,0.0,0.0,0.0,23.9,1.0,1.0,1.0,0.0,0.0,0.0,0.0,0.0,0.0,100.0,100.0,100.0,1000.0,1000.0,1000.0,47.14318051687221,0,0,47.14318051687221,0.0,0.0,0,0
239600,40.0,40.0,17.5,0.0,0.0,0.0,23.9,1.0,1.0,1.0,0.0,0.0,0.0,0.0,0.0,0.0,100.0,100.0,100.0,1000.0,1000.0,1000.0,47.14318051687221,0,0,47.14318051687221,0.0,0.0,0,0
239800,40.0,40.0,17.5,0.0,0.0,0.0,23.9,1.0,1.0,1.0,0.0,0.0,0.0,0.0,0.0,0.0,100.0,100.0,100.0,1000.0,1000.0,1000.0,47.14318051687221,0,0,47.14318051687221,0.0,0.0,0,0
240000,40.0,40.0,17.5,0.0,0.0,0.0,24.0,1.0,1.0,1.0,0.0,0.0,0.0,0.0,0.0,0.0,100.0,100.0,100.0,1000.0,1000.0,1000.0,47.14318051687221,0,0,47.14318051687221,0.0,0.0,0,0
240200,40.0,40.0,17.5,0.0,0.0,0.0,24.0,1.0,1.0,1.0,0.0,0.0,0.0,0.0,0.0,0.0,100.0,100.0,100.0,1000.0,1000.0,1000.0,52.78810118501956,0,0,52.78810118501956,0.0,0.0,1,0
240400,40.0,40.0,17.5,0.0,0.0,0.0,24.0,1.0,1.0,1.0,0.0,0.0,0.0,0.0,0.0,0.0,100.0,100.0,100.0,1000.0,1000.0,1000.0,52.78810118501956,0,0,52.78810118501956,0.0,0.0,0,0
240600,40.0,40.0,17.0,0.0,0.0,0.0,24.0,1.0,1.0,1.0,0.0,0.0,0.0,0.0,0.0,0.0,100.0,100.0,100.0,1000.0,1000.0,1000.0,52.78810118501956,0,0,52.78810118501956,0.0,0.0,0,0
240800,40.0,40.0,17.0,0.0,0.0,0.0,24.0,1.0,1.0,1.0,0.0,0.0,0.0,0.0,0.0,0.0,100.0,100.0,100.0,1000.0,1000.0,1000.0,52.78810118501956,0,0,52.78810118501956,0.0,0.0,0,0
241000,40.5,40.0,17.0,0.0,0.0,0.0,24.1,1.0,1.0,1.0,0.0,0.0,0.0,0.0,0.0,0.0,100.0,100.0,100.0,1000.0,1000.0,1000.0,52.78810118501956,0,0,52.78810118501956,0.0,0.0,0,0
241200,40.5,40.0,17.0,0.0,0.0,0.0,24.1,1.0,1.0,1.0,0.0,0.0,0.0,0.0,0.0,0.0,100.0,100.0,100.0,1000.0,1000.0,1000.0,52.78810118501956,0,0,52.78810118501956,0.0,0.0,0,0
241400,40.5,40.0,17.0,0.0,0.0,0.0,24.1,1.0,1.0,1.0,0.0,0.0,0.0,0.0,0.0,0.0,100.0,100.0,100.0,1000.0,1000.0,1000.0,52.78810118501956,0,0,52.78810118501956,0.0,0.0,0,0
241600,40.5,40.0,17.5,0.0,0.0,0.0,24.1,1.0,1.0,1.0,0.0,0.0,0.0,0.0,0.0,0.0,100.0,100.0,100.0,1000.0,1000.0,1000.0,52.78810118501956,0,0,52.78810118501956,0.0,0.0,0,0
241800,40.5,40.0,17.5,0.0,0.0,0.0,24.1,1.0,1.0,1.0,0.0,0.0,0.0,0.0,0.0,0.0,100.0,100.0,100.0,1000.0,1000.0,1000.0,52.78810118501956,0,0,52.78810118501956,0.0,0.0,0,0
242000,40.5,40.0,17.0,0.0,0.0,0.0,24.2,1.0,1.0,1.0,0.0,0.0,0.0,0.0,0.0,0.0,100.0,100.0,100.0,1000.0,1000.0,1000.0,52.78810118501956,0,0,52.78810118501956,0.0,0.0,0,0
242200,40.5,40.0,17.0,0.0,0.0,0.0,24.2,1.0,1.0,1.0,0.0,0.0,0.0,0.0,0.0,0.0,100.0,100.0,100.0,1000.0,1000.0,1000.0,52.78810118501956,0,0,52.78810118501956,0.0,0.0,0,0
242400,40.5,40.0,17.0,0.0,0.0,0.0,24.2,1.0,1.0,1.0,0.0,0.0,0.0,0.0,0.0,0.0,100.0,100.0,100.0,1000.0,1000.0,1000.0,52.78810118501956,0,0,52.78810118501956,0.0,0.0,0,0
242600,40.5,40.5,17.0,0.0,0.0,0.0,24.2,1.0,1.0,1.0,0.0,0.0,0.0,0.0,0.0,0.0,100.0,100.0,100.0,1000.0,1000.0,1000.0,52.78810118501956,0,0,52.78810118501956,0.0,0.0,0,0
242800,40.5,40.5,17.0,0.0,0.0,0.0,24.2,1.0,1.0,1.0,0.0,0.0,0.0,0.0,0.0,0.0,100.0,100.0,100.0,1000.0,1000.0,1000.0,52.78810118501956,0,0,52.78810118501956,0.0,0.0,0,0
243000,40.5,40.5,17.5,0.0,0.0,0.0,24.3,1.0,1.0,1.0,0.0,0.0,0.0,0.0,0.0,0.0,100.0,100.0,100.0,1000.0,1000.0,1000.0,52.78810118501956,0,0,52.78810118501956,0.0,0.0,0,0
243200,40.5,40.5,17.5,0.0,0.0,0.0,24.3,1.0,1.0,1.0,0.0,0.0,0.0,0.0,0.0,0.0,100.0,100.0,100.0,1000.0,1000.0,1000.0,52.78810118501956,0,0,52.78810118501956,0.0,0.0,0,0
243400,40.5,40.5,17.5,0.0,0.0,0.0,24.3,1.0,1.0,1.0,0.0,0.0,0.0,0.0,0.0,0.0,100.0,100.0,100.0,1000.0,1000.0,1000.0,52.78810118501956,0,0,52.78810118501956,0.0,0.0,0,0
243600,40.5,40.5,17.5,0.0,0.0,0.0,24.3,1.0,1.0,1.0,0.0,0.0,0.0,0.0,0.0,0.0,100.0,100.0,100.0,1000.0,1000.0,1000.0,52.78810118501956,0,0,52.78810118501956,0.0,0.0,0,0
243800,40.5,40.5,17.5,0.0,0.0,0.0,24.3,1.0,1.0,1.0,0.0,0.0,0.0,0.0,0.0,0.0,100.0,100.0,100.0,1000.0,1000.0,1000.0,52.78810118501956,0,0,52.78810118501956,0.0,0.0,0,0
244000,40.5,40.5,17.5,0.0,0.0,0.0,24.4,1.0,1.0,1.0,0.0,0.0,0.0,0.0,0.0,0.0,100.0,100.0,100.0,1000.0,1000.0,1000.0,52.78810118501956,0,0,52.78810118501956,0.0,0.0,0,0
244200,40.5,40.5,17.5,0.0,0.0,0.0,24.4,1.0,1.0,1.0,0.0,0.0,0.0,0.0,0.0,0.0,100.0,100.0,100.0,1000.0,1000.0,1000.0,52.78810118501956,0,0,52.78810118501956,0.0,0.0,0,0
244400,40.5,40.5,17.5,0.0,0.0,0.0,24.4,1.0,1.0,1.0,0.0,0.0,0.0,0.0,0.0,0.0,100.0,100.0,100.0,1000.0,1000.0,1000.0,52.78810118501956,0,0,52.78810118501956,0.0,0.0,0,0
244600,40.5,40.5,17.5,0.0,0.0,0.0,24.4,1.0,1.0,1.0,0.0,0.0,0.0,0.0,0.0,0.0,100.0,100.0,100.0,1000.0,1000.0,1000.0,52.78810118501956,0,0,52.78810118501956,0.0,0.0,0,0
244800,40.5,40.5,17.5,0.0,0.0,0.0,24.4,1.0,1.0,1.0,0.0,0.0,0.0,0.0,0.0,0.0,100.0,100.0,100.0,1000.0,1000.0,1000.0,52.78810118501956,0,0,52.78810118501956,0.0,0.0,0,0
245000,40.5,40.5,17.0,0.0,0.0,0.0,24.5,1.0,1.0,1.0,0.0,0.0,0.0,0.0,0.0,0.0,100.0,100.0,100.0,1000.0,1000.0,1000.0,52.78810118501956,0,0,52.78810118501956,0.0,0.0,0,0
245200,40.5,40.5,17.0,0.0,0.0,0.0,24.5,1.0,1.0,1.0,0.0,0.0,0.0,0.0,0.0,0.0,100.0,100.0,100.0,1000.0,1000.0,1000.0,52.78810118501956,0,0,52.78810118501956,0.0,0.0,0,0
245400,40.5,40.5,17.0,0.0,0.0,0.0,24.5,1.0,1.0,1.0,0.0,0.0,0.0,0.0,0.0,0.0,100.0,100.0,100.0,1000.0,1000.0,1000.0,52.78810118501956,0,0,52.78810118501956,0.0,0.0,0,0
245600,41.0,40.5,17.5,0.0,0.0,0.0,24.5,1.0,1.0,1.0,0.0,0.0,0.0,0.0,0.0,0.0,100.0,100.0,100.0,1000.0,1000.0,1000.0,52.78810118501956,0,0,52.78810118501956,0.0,0.0,0,0
245800,41.0,40.5,17.5,0.0,0.0,0.0,24.5,1.0,1.0,1.0,0.0,0.0,0.0,0.0,0.0,0.0,100.0,100.0,100.0,1000.0,1000.0,1000.0,52.78810118501956,0,0,52.78810118501956,0.0,0.0,0,0
246000,41.0,40.5,17.5,0.0,0.0,0.0,24.6,1.0,1.0,1.0,0.0,0.0,0.0,0.0,0.0,0.0,100.0,100.0,100.0,1000.0,1000.0,1000.0,52.78810118501956,0,0,52.78810118501956,0.0,0.0,0,0
246200,41.0,40.5,17.5,0.0,0.0,0.0,24.6,1.0,1.0,1.0,0.0,0.0,0.0,0.0,0.0,0.0,100.0,100.0,100.0,1000.0,1000.0,1000.0,52.78810118501956,0,0,52.78810118501956,0.0,0.0,0,0
246400,41.0,40.5,17.5,0.0,0.0,0.0,24.6,1.0,1.0,1.0,0.0,0.0,0.0,0.0,0.0,0.0,100.0,100.0,100.0,1000.0,1000.0,1000.0,52.78810118501956,0,0,52.78810118501956,0.0,0.0,0,0
246600,41.0,41.0,17.5,0.0,0.0,0.0,24.6,1.0,1.0,1.0,0.0,0.0,0.0,0.0,0.0,0.0,100.0,100.0,100.0,1000.0,1000.0,1000.0,52.78810118501956,0,0,52.78810118501956,0.0,0.0,0,0
246800,41.0,41.0,17.5,0.0,0.0,0.0,24.6,1.0,1.0,1.0,0.0,0.0,0.0,0.0,0.0,0.0,100.0,100.0,100.0,1000.0,1000.0,1000.0,52.78810118501956,0,0,52.78810118501956,0.0,0.0,0,0
247000,41.0,41.0,17.0,0.0,0.0,0.0,24.7,1.0,1.0,1.0,0.0,0.0,0.0,0.0,0.0,0.0,100.0,100.0,100.0,1000.0,1000.0,1000.0,52.78810118501956,0,0,52.78810118501956,0.0,0.0,0,0
247200,41.0,41.0,17.0,0.0,0.0,0.0,24.7,1.0,1.0,1.0,0.0,0.0,0.0,0.0,0.0,0.0,100.0,100.0,100.0,1000.0,1000.0,1000.0,52.78810118501956,0,0,52.78810118501956,0.0,0.0,0,0
247400,41.0,41.0,17.0,0.0,0.0,0.0,24.7,1.0,1.0,1.0,0.0,0.0,0.0,0.0,0.0,0.0,100.0,100.0,100.0,1000.0,1000.0,1000.0,52.78810118501956,0,0,52.78810118501956,0.0,0.0,0,0
247600,41.0,41.0,17.5,0.0,0.0,0.0,24.7,1.0,1.0,1.0,0.0,0.0,0.0,0.0,0.0,0.0,100.0,100.0,100.0,1000.0,1000.0,1000.0,52.78810118501956,0,0,52.78810118501956,0.0,0.0,0,0
247800,41.0,41.0,17.5,0.0,0.0,0.0,24.7,1.0,1.0,1.0,0.0,0.0,0.0,0.0,0.0,0.0,100.0,100.0,100.0,1000.0,1000.0,1000.0,52.78810118501956,0,0,52.78810118501956,0.0,0.0,0,0
248000,41.0,41.0,17.5,0.0,0.0,0.0,24.8,1.0,1.0,1.0,0.0,0.0,0.0,0.0,0.0,0.0,100.0,100.0,100.0,1000.0,1000.0,1000.0,52.78810118501956,0,0,52.78810118501956,0.0,0.0,0,0
248200,41.0,41.0,17.5,0.0,0.0,0.0,24.8,1.0,1.0,1.0,0.0,0.0,0.0,0.0,0.0,0.0,100.0,100.0,100.0,1000.0,1000.0,1000.0,52.78810118501956,0,0,52.78810118501956,0.0,0.0,0,0
248400,41.0,41.0,17.5,0.0,0.0,0.0,24.8,1.0,1.0,1.0,0.0,0.0,0.0,0.0,0.0,0.0,100.0,100.0,100.0,1000.0,1000.0,1000.0,52.78810118501956,0,0,52.78810118501956,0.0,0.0,0,0
248600,41.0,41.0,17.5,0.0,0.0,0.0,24.8,1.0,1.0,1.0,0.0,0.0,0.0,0.0,0.0,0.0,100.0,100.0,100.0,1000.0,1000.0,1000.0,52.78810118501956,0,0,52.78810118501956,0.0,0.0,0,0
248800,41.0,41.0,17.5,0.0,0.0,0.0,24.8,1.0,1.0,1.0,0.0,0.0,0.0,0.0,0.0,0.0,100.0,100.0,100.0,1000.0,1000.0,1000.0,52.78810118501956,0,0,52.78810118501956,0.0,0.0,0,0
249000,41.0,41.0,17.5,0.0,0.0,0.0,24.9,1.0,1.0,1.0,0.0,0.0,0.0,0.0,0.0,0.0,100.0,100.0,100.0,1000.0,1000.0,1000.0,52.78810118501956,0,0,52.78810118501956,0.0,0.0,0,0
249200,41.0,41.0,17.5,0.0,0.0,0.0,24.9,1.0,1.0,1.0,0.0,0.0,0.0,0.0,0.0,0.0,100.0,100.0,100.0,1000.0,1000.0,1000.0,52.78810118501956,0,0,52.78810118501956,0.0,0.0,0,0
249400,41.0,41.0,17.5,0.0,0.0,0.0,24.9,1.0,1.0,1.0,0.0,0.0,0.0,0.0,0.0,0.0,100.0,100.0,100.0,1000.0,1000.0,1000.0,52.78810118501956,0,0,52.78810118501956,0.0,0.0,0,0
249600,41.0,41.0,17.5,0.0,0.0,0.0,24.9,1.0,1.0,1.0,0.0,0.0,0.0,0.0,0.0,0.0,100.0,100.0,100.0,1000.0,1000.0,1000.0,52.78810118501956,0,0,52.78810118501956,0.0,0.0,0,0
249800,41.0,41.0,17.5,0.0,0.0,0.0,24.9,1.0,1.0,1.0,0.0,0.0,0.0,0.0,0.0,0.0,100.0,100.0,100.0,1000.0,1000.0,1000.0,52.78810118501956,0,0,52.78810118501956,0.0,0.0,0,0
250000,41.0,41.0,17.5,0.0,0.0,0.0,25.0,1.0,1.0,1.0,0.0,0.0,0.0,0.0,0.0,0.0,100.0,100.0,100.0,1000.0,1000.0,1000.0,52.78810118501956,0,0,52.78810118501956,0.0,0.0,0,0
250200,41.0,41.0,17.5,0.0,0.0,0.0,25.0,1.0,1.0,1.0,0.0,0.0,0.0,0.0,0.0,0.0,100.0,100.0,100.0,1000.0,1000.0,1000.0,52.78810118501956,0,0,52.78810118501956,0.0,0.0,0,0
250400,41.0,41.0,17.5,0.0,0.0,0.0,25.0,1.0,1.0,1.0,0.0,0.0,0.0,0.0,0.0,0.0,100.0,100.0,100.0,1000.0,1000.0,1000.0,52.78810118501956,0,0,52.78810118501956,0.0,0.0,0,0
250600,41.5,41.0,17.5,0.0,0.0,0.0,25.0,1.0,1.0,1.0,0.0,0.0,0.0,0.0,0.0,0.0,100.0,100.0,100.0,1000.0,1000.0,1000.0,52.78810118501956,0,0,52.78810118501956,0.0,0.0,0,0
250800,41.5,41.0,17.5,0.0,0.0,0.0,25.0,1.0,1.0,1.0,0.0,0.0,0.0,0.0,0.0,0.0,100.0,100.0,100.0,1000.0,1000.0,1000.0,52.78810118501956,0,0,52.78810118501956,0.0,0.0,0,0
251000,41.5,41.0,17.5,0.0,0.0,0.0,25.1,1.0,1.0,1.0,0.0,0.0,0.0,0.0,0.0,0.0,100.0,100.0,100.0,1000.0,1000.0,1000.0,52.78810118501956,0,0,52.78810118501956,0.0,0.0,0,0
251200,41.5,41.0,17.5,0.0,0.0,0.0,25.1,1.0,1.0,1.0,0.0,0.0,0.0,0.0,0.0,0.0,100.0,100.0,100.0,1000.0,1000.0,1000.0,52.78810118501956,0,0,52.78810118501956,0.0,0.0,0,0
251400,41.5,41.0,17.5,0.0,0.0,0.0,25.1,1.0,1.0,1.0,0.0,0.0,0.0,0.0,0.0,0.0,100.0,100.0,100.0,1000.0,1000.0,1000.0,52.78810118501956,0,0,52.78810118501956,0.0,0.0,0,0
251600,41.5,41.5,17.5,0.0,0.0,0.0,25.1,1.0,1.0,1.0,0.0,0.0,0.0,0.0,0.0,0.0,100.0,100.0,100.0,1000.0,1000.0,1000.0,52.78810118501956,0,0,52.78810118501956,0.0,0.0,0,0
251800,41.5,41.5,17.5,0.0,0.0,0.0,25.1,1.0,1.0,1.0,0.0,0.0,0.0,0.0,0.0,0.0,100.0,100.0,100.0,1000.0,1000.0,1000.0,52.78810118501956,0,0,52.78810118501956,0.0,0.0,0,0
252000,41.5,41.5,17.5,0.0,0.0,0.0,25.2,1.0,1.0,1.0,0.0,0.0,0.0,0.0,0.0,0.0,100.0,100.0,100.0,1000.0,1000.0,1000.0,52.78810118501956,0,0,52.78810118501956,0.0,0.0,0,0
252200,41.5,41.5,17.5,0.0,0.0,0.0,25.2,1.0,1.0,1.0,0.0,0.0,0.0,0.0,0.0,0.0,100.0,100.0,100.0,1000.0,1000.0,1000.0,52.78810118501956,0,0,52.78810118501956,0.0,0.0,0,0
252400,41.5,41.5,17.5,0.0,0.0,0.0,25.2,1.0,1.0,1.0,0.0,0.0,0.0,0.0,0.0,0.0,100.0,100.0,100.0,1000.0,1000.0,1000.0,52.78810118501956,0,0,52.78810118501956,0.0,0.0,0,0
252600,41.5,41.5,17.5,0.0,0.0,0.0,25.2,1.0,1.0,1.0,0.0,0.0,0.0,0.0,0.0,0.0,100.0,100.0,100.0,1000.0,1000.0,1000.0,52.78810118501956,0,0,52.78810118501956,0.0,0.0,0,0
252800,41.5,41.5,17.5,0.0,0.0,0.0,25.2,1.0,1.0,1.0,0.0,0.0,0.0,0.0,0.0,0.0,100.0,100.0,100.0,1000.0,1000.0,1000.0,52.78810118501956,0,0,52.78810118501956,0.0,0.0,0,0
253000,41.5,41.5,17.5,0.0,0.0,0.0,25.3,1.0,1.0,1.0,0.0,0.0,0.0,0.0,0.0,0.0,100.0,100.0,100.0,1000.0,1000.0,1000.0,52.78810118501956,0,0,52.78810118501956,0.0,0.0,0,0
253200,41.5,41.5,17.5,0.0,0.0,0.0,25.3,1.0,1.0,1.0,0.0,0.0,0.0,0.0,0.0,0.0,100.0,100.0,100.0,1000.0,1000.0,1000.0,52.78810118501956,0,0,52.78810118501956,0.0,0.0,0,0
253400,41.5,41.5,17.5,0.0,0.0,0.0,25.3,1.0,1.0,1.0,0.0,0.0,0.0,0.0,0.0,0.0,100.0,100.0,100.0,1000.0,1000.0,1000.0,52.78810118501956,0,0,52.78810118501956,0.0,0.0,0,0
253600,41.5,41.5,17.5,0.0,0.0,0.0,25.3,1.0,1.0,1.0,0.0,0.0,0.0,0.0,0.0,0.0,100.0,100.0,100.0,1000.0,1000.0,1000.0,52.78810118501956,0,0,52.78810118501956,0.0,0.0,0,0
253800,41.5,41.5,17.5,0.0,0.0,0.0,25.3,1.0,1.0,1.0,0.0,0.0,0.0,0.0,0.0,0.0,100.0,100.0,100.0,1000.0,1000.0,1000.0,52.78810118501956,0,0,52.78810118501956,0.0,0.0,0,0
254000,42.0,41.5,17.5,0.0,0.0,0.0,25.4,1.0,1.0,1.0,0.0,0.0,0.0,0.0,0.0,0.0,100.0,100.0,100.0,1000.0,1000.0,1000.0,52.78810118501956,0,0,52.78810118501956,0.0,0.0,0,0
254200,42.0,41.5,17.5,0.0,0.0,0.0,25.4,1.0,1.0,1.0,0.0,0.0,0.0,0.0,0.0,0.0,100.0,100.0,100.0,1000.0,1000.0,1000.0,52.78810118501956,0,0,52.78810118501956,0.0,0.0,0,0
254400,42.0,41.5,17.5,0.0,0.0,0.0,25.4,1.0,1.0,1.0,0.0,0.0,0.0,0.0,0.0,0.0,100.0,100.0,100.0,1000.0,1000.0,1000.0,52.78810118501956,0,0,52.78810118501956,0.0,0.0,0,0
254600,42.0,41.5,17.5,0.0,0.0,0.0,25.4,1.0,1.0,1.0,0.0,0.0,0.0,0.0,0.0,0.0,100.0,100.0,100.0,1000.0,1000.0,1000.0,52.78810118501956,0,0,52.78810118501956,0.0,0.0,0,0
254800,42.0,41.5,17.5,0.0,0.0,0.0,25.4,1.0,1.0,1.0,0.0,0.0,0.0,0.0,0.0,0.0,100.0,100.0,100.0,1000.0,1000.0,1000.0,52.78810118501956,0,0,52.78810118501956,0.0,0.0,0,0
255000,42.0,41.5,17.5,0.0,0.0,0.0,25.5,1.0,1.0,1.0,0.0,0.0,0.0,0.0,0.0,0.0,100.0,100.0,100.0,1000.0,1000.0,1000.0,52.78810118501956,0,0,52.78810118501956,0.0,0.0,0,0
255200,42.0,41.5,17.5,0.0,0.0,0.0,25.5,1.0,1.0,1.0,0.0,0.0,0.0,0.0,0.0,0.0,100.0,100.0,100.0,1000.0,1000.0,1000.0,49.59593720561966,0,0,49.59593720561966,0.0,0.0,1,0
255400,42.0,41.5,17.5,0.0,0.0,0.0,25.5,1.0,1.0,1.0,0.0,0.0,0.0,0.0,0.0,0.0,100.0,100.0,100.0,1000.0,1000.0,1000.0,49.59593720561966,0,0,49.59593720561966,0.0,0.0,0,0
255600,42.0,42.0,17.0,0.0,0.0,0.0,25.5,1.0,1.0,1.0,0.0,0.0,0.0,0.0,0.0,0.0,100.0,100.0,100.0,1000.0,1000.0,1000.0,49.59593720561966,0,0,49.59593720561966,0.0,0.0,0,0
255800,42.0,42.0,17.0,0.0,0.0,0.0,25.5,1.0,1.0,1.0,0.0,0.0,0.0,0.0,0.0,0.0,100.0,100.0,100.0,1000.0,1000.0,1000.0,49.59593720561966,0,0,49.59593720561966,0.0,0.0,0,0
256000,42.0,42.0,17.5,0.0,0.0,0.0,25.6,1.0,1.0,1.0,0.0,0.0,0.0,0.0,0.0,0.0,100.0,100.0,100.0,1000.0,1000.0,1000.0,49.59593720561966,0,0,49.59593720561966,0.0,0.0,0,0
256200,42.0,42.0,17.5,0.0,0.0,0.0,25.6,1.0,1.0,1.0,0.0,0.0,0.0,0.0,0.0,0.0,100.0,100.0,100.0,1000.0,1000.0,1000.0,49.59593720561966,0,0,49.59593720561966,0.0,0.0,0,0
256400,42.0,42.0,17.5,0.0,0.0,0.0,25.6,1.0,1.0,1.0,0.0,0.0,0.0,0.0,0.0,0.0,100.0,100.0,100.0,1000.0,1000.0,1000.0,49.59593720561966,0,0,49.59593720561966,0.0,0.0,0,0
256600,42.0,42.0,17.5,0.0,0.0,0.0,25.6,1.0,1.0,1.0,0.0,0.0,0.0,0.0,0.0,0.0,100.0,100.0,100.0,1000.0,1000.0,1000.0,49.59593720561966,0,0,49.59593720561966,0.0,0.0,0,0
256800,42.0,42.0,17.5,0.0,0.0,0.0,25.6,1.0,1.0,1.0,0.0,0.0,0.0,0.0,0.0,0.0,100.0,100.0,100.0,1000.0,1000.0,1000.0,49.59593720561966,0,0,49.59593720561966,0.0,0.0,0,0
257000,42.0,42.0,17.5,0.0,0.0,0.0,25.7,1.0,1.0,1.0,0.0,0.0,0.0,0.0,0.0,0.0,100.0,100.0,100.0,1000.0,1000.0,1000.0,49.59593720561966,0,0,49.59593720561966,0.0,0.0,0,0
257200,42.0,42.0,17.5,0.0,0.0,0.0,25.7,1.0,1.0,1.0,0.0,0.0,0.0,0.0,0.0,0.0,100.0,100.0,100.0,1000.0,1000.0,1000.0,49.59593720561966,0,0,49.59593720561966,0.0,0.0,0,0
257400,42.0,42.0,17.5,0.0,0.0,0.0,25.7,1.0,1.0,1.0,0.0,0.0,0.0,0.0,0.0,0.0,100.0,100.0,100.0,1000.0,1000.0,1000.0,49.59593720561966,0,0,49.59593720561966,0.0,0.0,0,0
257600,42.0,42.0,17.5,0.0,0.0,0.0,25.7,1.0,1.0,1.0,0.0,0.0,0.0,0.0,0.0,0.0,100.0,100.0,100.0,1000.0,1000.0,1000.0,49.59593720561966,0,0,49.59593720561966,0.0,0.0,0,0
257800,42.0,42.0,17.5,0.0,0.0,0.0,25.7,1.0,1.0,1.0,0.0,0.0,0.0,0.0,0.0,0.0,100.0,100.0,100.0,1000.0,1000.0,1000.0,49.59593720561966,0,0,49.59593720561966,0.0,0.0,0,0
258000,42.5,42.0,17.5,0.0,0.0,0.0,25.8,1.0,1.0,1.0,0.0,0.0,0.0,0.0,0.0,0.0,100.0,100.0,100.0,1000.0,1000.0,1000.0,49.59593720561966,0,0,49.59593720561966,0.0,0.0,0,0
258200,42.5,42.0,17.5,0.0,0.0,0.0,25.8,1.0,1.0,1.0,0.0,0.0,0.0,0.0,0.0,0.0,100.0,100.0,100.0,1000.0,1000.0,1000.0,49.59593720561966,0,0,49.59593720561966,0.0,0.0,0,0
258400,42.5,42.0,17.5,0.0,0.0,0.0,25.8,1.0,1.0,1.0,0.0,0.0,0.0,0.0,0.0,0.0,100.0,100.0,100.0,1000.0,1000.0,1000.0,49.59593720561966,0,0,49.59593720561966,0.0,0.0,0,0
258600,42.5,42.0,17.5,0.0,0.0,0.0,25.8,1.0,1.0,1.0,0.0,0.0,0.0,0.0,0.0,0.0,100.0,100.0,100.0,1000.0,1000.0,1000.0,49.59593720561966,0,0,49.59593720561966,0.0,0.0,0,0
258800,42.5,42.0,17.5,0.0,0.0,0.0,25.8,1.0,1.0,1.0,0.0,0.0,0.0,0.0,0.0,0.0,100.0,100.0,100.0,1000.0,1000.0,1000.0,49.59593720561966,0,0,49.59593720561966,0.0,0.0,0,0
259000,42.5,42.5,17.5,0.0,0.0,0.0,25.9,1.0,1.0,1.0,0.0,0.0,0.0,0.0,0.0,0.0,100.0,100.0,100.0,1000.0,1000.0,1000.0,49.59593720561966,0,0,49.59593720561966,0.0,0.0,0,0
259200,42.5,42.5,17.5,0.0,0.0,0.0,25.9,1.0,1.0,1.0,0.0,0.0,0.0,0.0,0.0,0.0,100.0,100.0,100.0,1000.0,1000.0,1000.0,49.59593720561966,0,0,49.59593720561966,0.0,0.0,0,0
259400,42.5,42.5,17.5,0.0,0.0,0.0,25.9,1.0,1.0,1.0,0.0,0.0,0.0,0.0,0.0,0.0,100.0,100.0,100.0,1000.0,1000.0,1000.0,49.59593720561966,0,0,49.59593720561966,0.0,0.0,0,0
259600,42.5,42.5,17.5,0.0,0.0,0.0,25.9,1.0,1.0,1.0,0.0,0.0,0.0,0.0,0.0,0.0,100.0,100.0,100.0,1000.0,1000.0,1000.0,49.59593720561966,0,0,49.59593720561966,0.0,0.0,0,0
259800,42.5,42.5,17.5,0.0,0.0,0.0,25.9,1.0,1.0,1.0,0.0,0.0,0.0,0.0,0.0,0.0,100.0,100.0,100.0,1000.0,1000.0,1000.0,49.59593720561966,0,0,49.59593720561966,0.0,0.0,0,0
260000,42.5,42.5,17.5,0.0,0.0,0.0,26.0,1.0,1.0,1.0,0.0,0.0,0.0,0.0,0.0,0.0,100.0,100.0,100.0,1000.0,1000.0,1000.0,49.59593720561966,0,0,49.59593720561966,0.0,0.0,0,0
260200,42.5,42.5,17.5,0.0,0.0,0.0,26.0,1.0,1.0,1.0,0.0,0.0,0.0,0.0,0.0,0.0,100.0,100.0,100.0,1000.0,1000.0,1000.0,49.59593720561966,0,0,49.59593720561966,0.0,0.0,0,0
260400,42.5,42.5,17.5,0.0,0.0,0.0,26.0,1.0,1.0,1.0,0.0,0.0,0.0,0.0,0.0,0.0,100.0,100.0,100.0,1000.0,1000.0,1000.0,49.59593720561966,0,0,49.59593720561966,0.0,0.0,0,0
260600,42.5,42.5,17.5,0.0,0.0,0.0,26.0,1.0,1.0,1.0,0.0,0.0,0.0,0.0,0.0,0.0,100.0,100.0,100.0,1000.0,1000.0,1000.0,49.59593720561966,0,0,49.59593720561966,0.0,0.0,0,0
260800,42.5,42.5,17.5,0.0,0.0,0.0,26.0,1.0,1.0,1.0,0.0,0.0,0.0,0.0,0.0,0.0,100.0,100.0,100.0,1000.0,1000.0,1000.0,49.59593720561966,0,0,49.59593720561966,0.0,0.0,0,0
261000,42.5,42.5,17.5,0.0,0.0,0.0,26.1,1.0,1.0,1.0,0.0,0.0,0.0,0.0,0.0,0.0,100.0,100.0,100.0,1000.0,1000.0,1000.0,49.59593720561966,0,0,49.59593720561966,0.0,0.0,0,0
261200,42.5,42.5,17.5,0.0,0.0,0.0,26.1,1.0,1.0,1.0,0.0,0.0,0.0,0.0,0.0,0.0,100.0,100.0,100.0,1000.0,1000.0,1000.0,49.59593720561966,0,0,49.59593720561966,0.0,0.0,0,0
261400,42.5,42.5,17.5,0.0,0.0,0.0,26.1,1.0,1.0,1.0,0.0,0.0,0.0,0.0,0.0,0.0,100.0,100.0,100.0,1000.0,1000.0,1000.0,49.59593720561966,0,0,49.59593720561966,0.0,0.0,0,0
261600,42.5,42.5,17.5,0.0,0.0,0.0,26.1,1.0,1.0,1.0,0.0,0.0,0.0,0.0,0.0,0.0,100.0,100.0,100.0,1000.0,1000.0,1000.0,49.59593720561966,0,0,49.59593720561966,0.0,0.0,0,0
261800,42.5,42.5,17.5,0.0,0.0,0.0,26.1,1.0,1.0,1.0,0.0,0.0,0.0,0.0,0.0,0.0,100.0,100.0,100.0,1000.0,1000.0,1000.0,49.59593720561966,0,0,49.59593720561966,0.0,0.0,0,0
262000,43.0,42.5,17.5,0.0,0.0,0.0,26.2,1.0,1.0,1.0,0.0,0.0,0.0,0.0,0.0,0.0,100.0,100.0,100.0,1000.0,1000.0,1000.0,49.59593720561966,0,0,49.59593720561966,0.0,0.0,0,0
262200,43.0,42.5,17.5,0.0,0.0,0.0,26.2,1.0,1.0,1.0,0.0,0.0,0.0,0.0,0.0,0.0,100.0,100.0,100.0,1000.0,1000.0,1000.0,49.59593720561966,0,0,49.59593720561966,0.0,0.0,0,0
262400,43.0,42.5,17.5,0.0,0.0,0.0,26.2,1.0,1.0,1.0,0.0,0.0,0.0,0.0,0.0,0.0,100.0,100.0,100.0,1000.0,1000.0,1000.0,49.59593720561966,0,0,49.59593720561966,0.0,0.0,0,0
262600,43.0,42.5,17.5,0.0,0.0,0.0,26.2,1.0,1.0,1.0,0.0,0.0,0.0,0.0,0.0,0.0,100.0,100.0,100.0,1000.0,1000.0,1000.0,49.59593720561966,0,0,49.59593720561966,0.0,0.0,0,0
262800,43.0,42.5,17.5,0.0,0.0,0.0,26.2,1.0,1.0,1.0,0.0,0.0,0.0,0.0,0.0,0.0,100.0,100.0,100.0,1000.0,1000.0,1000.0,49.59593720561966,0,0,49.59593720561966,0.0,0.0,0,0
263000,43.0,42.5,17.5,0.0,0.0,0.0,26.3,1.0,1.0,1.0,0.0,0.0,0.0,0.0,0.0,0.0,100.0,100.0,100.0,1000.0,1000.0,1000.0,49.59593720561966,0,0,49.59593720561966,0.0,0.0,0,0
263200,43.0,42.5,17.5,0.0,0.0,0.0,26.3,1.0,1.0,1.0,0.0,0.0,0.0,0.0,0.0,0.0,100.0,100.0,100.0,1000.0,1000.0,1000.0,49.59593720561966,0,0,49.59593720561966,0.0,0.0,0,0
263400,43.0,43.0,17.5,0.0,0.0,0.0,26.3,1.0,1.0,1.0,0.0,0.0,0.0,0.0,0.0,0.0,100.0,100.0,100.0,1000.0,1000.0,1000.0,49.59593720561966,0,0,49.59593720561966,0.0,0.0,0,0
263600,43.0,43.0,17.5,0.0,0.0,0.0,26.3,1.0,1.0,1.0,0.0,0.0,0.0,0.0,0.0,0.0,100.0,100.0,100.0,1000.0,1000.0,1000.0,49.59593720561966,0,0,49.59593720561966,0.0,0.0,0,0
263800,43.0,43.0,17.5,0.0,0.0,0.0,26.3,1.0,1.0,1.0,0.0,0.0,0.0,0.0,0.0,0.0,100.0,100.0,100.0,1000.0,1000.0,1000.0,49.59593720561966,0,0,49.59593720561966,0.0,0.0,0,0
264000,43.0,43.0,17.5,0.0,0.0,0.0,26.4,1.0,1.0,1.0,0.0,0.0,0.0,0.0,0.0,0.0,100.0,100.0,100.0,1000.0,1000.0,1000.0,49.59593720561966,0,0,49.59593720561966,0.0,0.0,0,0
264200,43.0,43.0,17.5,0.0,0.0,0.0,26.4,1.0,1.0,1.0,0.0,0.0,0.0,0.0,0.0,0.0,100.0,100.0,100.0,1000.0,1000.0,1000.0,49.59593720561966,0,0,49.59593720561966,0.0,0.0,0,0
264400,43.0,43.0,17.5,0.0,0.0,0.0,26.4,1.0,1.0,1.0,0.0,0.0,0.0,0.0,0.0,0.0,100.0,100.0,100.0,1000.0,1000.0,1000.0,49.59593720561966,0,0,49.59593720561966,0.0,0.0,0,0
264600,43.0,43.0,17.5,0.0,0.0,0.0,26.4,1.0,1.0,1.0,0.0,0.0,0.0,0.0,0.0,0.0,100.0,100.0,100.0,1000.0,1000.0,1000.0,49.59593720561966,0,0,49.59593720561966,0.0,0.0,0,0
264800,43.0,43.0,17.5,0.0,0.0,0.0,26.4,1.0,1.0,1.0,0.0,0.0,0.0,0.0,0.0,0.0,100.0,100.0,100.0,1000.0,1000.0,1000.0,49.59593720561966,0,0,49.59593720561966,0.0,0.0,0,0
265000,43.0,43.0,17.5,0.0,0.0,0.0,26.5,1.0,1.0,1.0,0.0,0.0,0.0,0.0,0.0,0.0,100.0,100.0,100.0,1000.0,1000.0,1000.0,49.59593720561966,0,0,49.59593720561966,0.0,0.0,0,0
265200,43.0,43.0,17.5,0.0,0.0,0.0,26.5,1.0,1.0,1.0,0.0,0.0,0.0,0.0,0.0,0.0,100.0,100.0,100.0,1000.0,1000.0,1000.0,49.59593720561966,0,0,49.59593720561966,0.0,0.0,0,0
265400,43.0,43.0,17.5,0.0,0.0,0.0,26.5,1.0,1.0,1.0,0.0,0.0,0.0,0.0,0.0,0.0,100.0,100.0,100.0,1000.0,1000.0,1000.0,49.59593720561966,0,0,49.59593720561966,0.0,0.0,0,0
265600,43.0,43.0,17.5,0.0,0.0,0.0,26.5,1.0,1.0,1.0,0.0,0.0,0.0,0.0,0.0,0.0,100.0,100.0,100.0,1000.0,1000.0,1000.0,49.59593720561966,0,0,49.59593720561966,0.0,0.0,0,0
265800,43.0,43.0,17.5,0.0,0.0,0.0,26.5,1.0,1.0,1.0,0.0,0.0,0.0,0.0,0.0,0.0,100.0,100.0,100.0,1000.0,1000.0,1000.0,49.59593720561966,0,0,49.59593720561966,0.0,0.0,0,0
266000,43.0,43.0,17.5,0.0,0.0,0.0,26.6,1.0,1.0,1.0,0.0,0.0,0.0,0.0,0.0,0.0,100.0,100.0,100.0,1000.0,1000.0,1000.0,49.59593720561966,0,0,49.59593720561966,0.0,0.0,0,0
266200,43.0,43.0,17.5,0.0,0.0,0.0,26.6,1.0,1.0,1.0,0.0,0.0,0.0,0.0,0.0,0.0,100.0,100.0,100.0,1000.0,1000.0,1000.0,49.59593720561966,0,0,49.59593720561966,0.0,0.0,0,0
266400,43.0,43.0,17.5,0.0,0.0,0.0,26.6,1.0,1.0,1.0,0.0,0.0,0.0,0.0,0.0,0.0,100.0,100.0,100.0,1000.0,1000.0,1000.0,49.59593720561966,0,0,49.59593720561966,0.0,0.0,0,0
266600,43.5,43.0,17.5,0.0,0.0,0.0,26.6,1.0,1.0,1.0,0.0,0.0,0.0,0.0,0.0,0.0,100.0,100.0,100.0,1000.0,1000.0,1000.0,49.59593720561966,0,0,49.59593720561966,0.0,0.0,0,0
266800,43.5,43.0,17.5,0.0,0.0,0.0,26.6,1.0,1.0,1.0,0.0,0.0,0.0,0.0,0.0,0.0,100.0,100.0,100.0,1000.0,1000.0,1000.0,49.59593720561966,0,0,49.59593720561966,0.0,0.0,0,0
267000,43.5,43.0,17.5,0.0,0.0,0.0,26.7,1.0,1.0,1.0,0.0,0.0,0.0,0.0,0.0,0.0,100.0,100.0,100.0,1000.0,1000.0,1000.0,49.59593720561966,0,0,49.59593720561966,0.0,0.0,0,0
267200,43.5,43.0,17.5,0.0,0.0,0.0,26.7,1.0,1.0,1.0,0.0,0.0,0.0,0.0,0.0,0.0,100.0,100.0,100.0,1000.0,1000.0,1000.0,49.59593720561966,0,0,49.59593720561966,0.0,0.0,0,0
267400,43.5,43.0,17.5,0.0,0.0,0.0,26.7,1.0,1.0,1.0,0.0,0.0,0.0,0.0,0.0,0.0,100.0,100.0,100.0,1000.0,1000.0,1000.0,49.59593720561966,0,0,49.59593720561966,0.0,0.0,0,0
267600,43.5,43.0,17.5,0.0,0.0,0.0,26.7,1.0,1.0,1.0,0.0,0.0,0.0,0.0,0.0,0.0,100.0,100.0,100.0,1000.0,1000.0,1000.0,49.59593720561966,0,0,49.59593720561966,0.0,0.0,0,0
267800,43.5,43.0,17.5,0.0,0.0,0.0,26.7,1.0,1.0,1.0,0.0,0.0,0.0,0.0,0.0,0.0,100.0,100.0,100.0,1000.0,1000.0,1000.0,49.59593720561966,0,0,49.59593720561966,0.0,0.0,0,0
268000,43.5,43.5,17.5,0.0,0.0,0.0,26.8,1.0,1.0,1.0,0.0,0.0,0.0,0.0,0.0,0.0,100.0,100.0,100.0,1000.0,1000.0,1000.0,49.59593720561966,0,0,49.59593720561966,0.0,0.0,0,0
268200,43.5,43.5,17.5,0.0,0.0,0.0,26.8,1.0,1.0,1.0,0.0,0.0,0.0,0.0,0.0,0.0,100.0,100.0,100.0,1000.0,1000.0,1000.0,49.59593720561966,0,0,49.59593720561966,0.0,0.0,0,0
268400,43.5,43.5,17.5,0.0,0.0,0.0,26.8,1.0,1.0,1.0,0.0,0.0,0.0,0.0,0.0,0.0,100.0,100.0,100.0,1000.0,1000.0,1000.0,49.59593720561966,0,0,49.59593720561966,0.0,0.0,0,0
268600,43.5,43.5,17.5,0.0,0.0,0.0,26.8,1.0,1.0,1.0,0.0,0.0,0.0,0.0,0.0,0.0,100.0,100.0,100.0,1000.0,1000.0,1000.0,49.59593720561966,0,0,49.59593720561966,0.0,0.0,0,0
268800,43.5,43.5,17.5,0.0,0.0,0.0,26.8,1.0,1.0,1.0,0.0,0.0,0.0,0.0,0.0,0.0,100.0,100.0,100.0,1000.0,1000.0,1000.0,49.59593720561966,0,0,49.59593720561966,0.0,0.0,0,0
269000,43.5,43.5,17.5,0.0,0.0,0.0,26.9,1.0,1.0,1.0,0.0,0.0,0.0,0.0,0.0,0.0,100.0,100.0,100.0,1000.0,1000.0,1000.0,49.59593720561966,0,0,49.59593720561966,0.0,0.0,0,0
269200,43.5,43.5,17.5,0.0,0.0,0.0,26.9,1.0,1.0,1.0,0.0,0.0,0.0,0.0,0.0,0.0,100.0,100.0,100.0,1000.0,1000.0,1000.0,49.59593720561966,0,0,49.59593720561966,0.0,0.0,0,0
269400,43.5,43.5,17.5,0.0,0.0,0.0,26.9,1.0,1.0,1.0,0.0,0.0,0.0,0.0,0.0,0.0,100.0,100.0,100.0,1000.0,1000.0,1000.0,49.59593720561966,0,0,49.59593720561966,0.0,0.0,0,0
269600,43.5,43.5,17.5,0.0,0.0,0.0,26.9,1.0,1.0,1.0,0.0,0.0,0.0,0.0,0.0,0.0,100.0,100.0,100.0,1000.0,1000.0,1000.0,49.59593720561966,0,0,49.59593720561966,0.0,0.0,0,0
269800,43.5,43.5,17.5,0.0,0.0,0.0,26.9,1.0,1.0,1.0,0.0,0.0,0.0,0.0,0.0,0.0,100.0,100.0,100.0,1000.0,1000.0,1000.0,49.59593720561966,0,0,49.59593720561966,0.0,0.0,0,0
270000,43.5,43.5,17.5,0.0,0.0,0.0,27.0,1.0,1.0,1.0,0.0,0.0,0.0,0.0,0.0,0.0,100.0,100.0,100.0,1000.0,1000.0,1000.0,49.59593720561966,0,0,49.59593720561966,0.0,0.0,0,0
270200,43.5,43.5,17.5,0.0,0.0,0.0,27.0,1.0,1.0,1.0,0.0,0.0,0.0,0.0,0.0,0.0,100.0,100.0,100.0,1000.0,1000.0,1000.0,49.71857783875356,0,0,49.71857783875356,0.0,0.0,1,0
270400,43.5,43.5,17.5,0.0,0.0,0.0,27.0,1.0,1.0,1.0,0.0,0.0,0.0,0.0,0.0,0.0,100.0,100.0,100.0,1000.0,1000.0,1000.0,49.71857783875356,0,0,49.71857783875356,0.0,0.0,0,0
270600,43.5,43.5,17.5,0.0,0.0,0.0,27.0,1.0,1.0,1.0,0.0,0.0,0.0,0.0,0.0,0.0,100.0,100.0,100.0,1000.0,1000.0,1000.0,49.71857783875356,0,0,49.71857783875356,0.0,0.0,0,0
270800,43.5,43.5,17.5,0.0,0.0,0.0,27.0,1.0,1.0,1.0,0.0,0.0,0.0,0.0,0.0,0.0,100.0,100.0,100.0,1000.0,1000.0,1000.0,49.71857783875356,0,0,49.71857783875356,0.0,0.0,0,0
271000,43.5,43.5,17.5,0.0,0.0,0.0,27.1,1.0,1.0,1.0,0.0,0.0,0.0,0.0,0.0,0.0,100.0,100.0,100.0,1000.0,1000.0,1000.0,49.71857783875356,0,0,49.71857783875356,0.0,0.0,0,0
271200,43.5,43.5,17.5,0.0,0.0,0.0,27.1,1.0,1.0,1.0,0.0,0.0,0.0,0.0,0.0,0.0,100.0,100.0,100.0,1000.0,1000.0,1000.0,49.71857783875356,0,0,49.71857783875356,0.0,0.0,0,0
271400,43.5,43.5,17.5,0.0,0.0,0.0,27.1,1.0,1.0,1.0,0.0,0.0,0.0,0.0,0.0,0.0,100.0,100.0,100.0,1000.0,1000.0,1000.0,49.71857783875356,0,0,49.71857783875356,0.0,0.0,0,0
271600,44.0,43.5,17.5,0.0,0.0,0.0,27.1,1.0,1.0,1.0,0.0,0.0,0.0,0.0,0.0,0.0,100.0,100.0,100.0,1000.0,1000.0,1000.0,49.71857783875356,0,0,49.71857783875356,0.0,0.0,0,0
271800,44.0,43.5,17.5,0.0,0.0,0.0,27.1,1.0,1.0,1.0,0.0,0.0,0.0,0.0,0.0,0.0,100.0,100.0,100.0,1000.0,1000.0,1000.0,49.71857783875356,0,0,49.71857783875356,0.0,0.0,0,0
272000,44.0,43.5,17.5,0.0,0.0,0.0,27.2,1.0,1.0,1.0,0.0,0.0,0.0,0.0,0.0,0.0,100.0,100.0,100.0,1000.0,1000.0,1000.0,49.71857783875356,0,0,49.71857783875356,0.0,0.0,0,0
272200,44.0,43.5,17.5,0.0,0.0,0.0,27.2,1.0,1.0,1.0,0.0,0.0,0.0,0.0,0.0,0.0,100.0,100.0,100.0,1000.0,1000.0,1000.0,49.71857783875356,0,0,49.71857783875356,0.0,0.0,0,0
272400,44.0,45.5,17.5,0.0,0.0,0.0,27.2,1.0,1.0,1.0,0.0,0.0,0.0,0.0,0.0,0.0,100.0,100.0,100.0,1000.0,1000.0,1000.0,49.71857783875356,0,0,49.71857783875356,0.0,0.0,0,0
272600,44.0,44.0,17.5,0.0,0.0,0.0,27.2,1.0,1.0,1.0,0.0,0.0,0.0,0.0,0.0,0.0,100.0,100.0,100.0,1000.0,1000.0,1000.0,49.71857783875356,0,0,49.71857783875356,0.0,0.0,0,0
272800,44.0,44.0,17.5,0.0,0.0,0.0,27.2,1.0,1.0,1.0,0.0,0.0,0.0,0.0,0.0,0.0,100.0,100.0,100.0,1000.0,1000.0,1000.0,49.71857783875356,0,0,49.71857783875356,0.0,0.0,0,0
273000,44.0,44.0,17.5,0.0,0.0,0.0,27.3,1.0,1.0,1.0,0.0,0.0,0.0,0.0,0.0,0.0,100.0,100.0,100.0,1000.0,1000.0,1000.0,49.71857783875356,0,0,49.71857783875356,0.0,0.0,0,0
273200,44.0,44.0,17.5,0.0,0.0,0.0,27.3,1.0,1.0,1.0,0.0,0.0,0.0,0.0,0.0,0.0,100.0,100.0,100.0,1000.0,1000.0,1000.0,49.71857783875356,0,0,49.71857783875356,0.0,0.0,0,0
273400,44.0,44.0,17.5,0.0,0.0,0.0,27.3,1.0,1.0,1.0,0.0,0.0,0.0,0.0,0.0,0.0,100.0,100.0,100.0,1000.0,1000.0,1000.0,49.71857783875356,0,0,49.71857783875356,0.0,0.0,0,0
273600,44.0,44.0,17.5,0.0,0.0,0.0,27.3,1.0,1.0,1.0,0.0,0.0,0.0,0.0,0.0,0.0,100.0,100.0,100.0,1000.0,1000.0,1000.0,49.71857783875356,0,0,49.71857783875356,0.0,0.0,0,0
273800,44.0,44.0,17.5,0.0,0.0,0.0,27.3,1.0,1.0,1.0,0.0,0.0,0.0,0.0,0.0,0.0,100.0,100.0,100.0,1000.0,1000.0,1000.0,49.71857783875356,0,0,49.71857783875356,0.0,0.0,0,0
274000,44.0,44.0,17.5,0.0,0.0,0.0,27.4,1.0,1.0,1.0,0.0,0.0,0.0,0.0,0.0,0.0,100.0,100.0,100.0,1000.0,1000.0,1000.0,49.71857783875356,0,0,49.71857783875356,0.0,0.0,0,0
274200,44.0,44.0,17.5,0.0,0.0,0.0,27.4,1.0,1.0,1.0,0.0,0.0,0.0,0.0,0.0,0.0,100.0,100.0,100.0,1000.0,1000.0,1000.0,49.71857783875356,0,0,49.71857783875356,0.0,0.0,0,0
274400,44.0,44.0,17.5,0.0,0.0,0.0,27.4,1.0,1.0,1.0,0.0,0.0,0.0,0.0,0.0,0.0,100.0,100.0,100.0,1000.0,1000.0,1000.0,49.71857783875356,0,0,49.71857783875356,0.0,0.0,0,0
274600,44.0,44.0,17.5,0.0,0.0,0.0,27.4,1.0,1.0,1.0,0.0,0.0,0.0,0.0,0.0,0.0,100.0,100.0,100.0,1000.0,1000.0,1000.0,49.71857783875356,0,0,49.71857783875356,0.0,0.0,0,0
274800,44.0,44.0,17.5,0.0,0.0,0.0,27.4,1.0,1.0,1.0,0.0,0.0,0.0,0.0,0.0,0.0,100.0,100.0,100.0,1000.0,1000.0,1000.0,49.71857783875356,0,0,49.71857783875356,0.0,0.0,0,0
275000,44.0,44.0,17.5,0.0,0.0,0.0,27.5,1.0,1.0,1.0,0.0,0.0,0.0,0.0,0.0,0.0,100.0,100.0,100.0,1000.0,1000.0,1000.0,49.71857783875356,0,0,49.71857783875356,0.0,0.0,0,0
275200,44.0,44.0,17.5,0.0,0.0,0.0,27.5,1.0,1.0,1.0,0.0,0.0,0.0,0.0,0.0,0.0,100.0,100.0,100.0,1000.0,1000.0,1000.0,49.71857783875356,0,0,49.71857783875356,0.0,0.0,0,0
275400,44.0,44.0,17.5,0.0,0.0,0.0,27.5,1.0,1.0,1.0,0.0,0.0,0.0,0.0,0.0,0.0,100.0,100.0,100.0,1000.0,1000.0,1000.0,49.71857783875356,0,0,49.71857783875356,0.0,0.0,0,0
275600,44.0,44.0,17.5,0.0,0.0,0.0,27.5,1.0,1.0,1.0,0.0,0.0,0.0,0.0,0.0,0.0,100.0,100.0,100.0,1000.0,1000.0,1000.0,49.71857783875356,0,0,49.71857783875356,0.0,0.0,0,0
275800,44.0,44.0,17.5,0.0,0.0,0.0,27.5,1.0,1.0,1.0,0.0,0.0,0.0,0.0,0.0,0.0,100.0,100.0,100.0,1000.0,1000.0,1000.0,49.71857783875356,0,0,49.71857783875356,0.0,0.0,0,0
276000,44.0,44.0,17.5,0.0,0.0,0.0,27.6,1.0,1.0,1.0,0.0,0.0,0.0,0.0,0.0,0.0,100.0,100.0,100.0,1000.0,1000.0,1000.0,49.71857783875356,0,0,49.71857783875356,0.0,0.0,0,0
276200,44.0,44.0,17.5,0.0,0.0,0.0,27.6,1.0,1.0,1.0,0.0,0.0,0.0,0.0,0.0,0.0,100.0,100.0,100.0,1000.0,1000.0,1000.0,49.71857783875356,0,0,49.71857783875356,0.0,0.0,0,0
276400,44.0,44.0,17.5,0.0,0.0,0.0,27.6,1.0,1.0,1.0,0.0,0.0,0.0,0.0,0.0,0.0,100.0,100.0,100.0,1000.0,1000.0,1000.0,49.71857783875356,0,0,49.71857783875356,0.0,0.0,0,0
276600,44.5,44.0,17.5,0.0,0.0,0.0,27.6,1.0,1.0,1.0,0.0,0.0,0.0,0.0,0.0,0.0,100.0,100.0,100.0,1000.0,1000.0,1000.0,49.71857783875356,0,0,49.71857783875356,0.0,0.0,0,0
276800,44.5,44.0,17.5,0.0,0.0,0.0,27.6,1.0,1.0,1.0,0.0,0.0,0.0,0.0,0.0,0.0,100.0,100.0,100.0,1000.0,1000.0,1000.0,49.71857783875356,0,0,49.71857783875356,0.0,0.0,0,0
277000,44.5,44.5,17.5,0.0,0.0,0.0,27.7,1.0,1.0,1.0,0.0,0.0,0.0,0.0,0.0,0.0,100.0,100.0,100.0,1000.0,1000.0,1000.0,49.71857783875356,0,0,49.71857783875356,0.0,0.0,0,0
277200,44.5,44.5,17.5,0.0,0.0,0.0,27.7,1.0,1.0,1.0,0.0,0.0,0.0,0.0,0.0,0.0,100.0,100.0,100.0,1000.0,1000.0,1000.0,49.71857783875356,0,0,49.71857783875356,0.0,0.0,0,0
277400,44.5,44.5,17.5,0.0,0.0,0.0,27.7,1.0,1.0,1.0,0.0,0.0,0.0,0.0,0.0,0.0,100.0,100.0,100.0,1000.0,1000.0,1000.0,49.71857783875356,0,0,49.71857783875356,0.0,0.0,0,0
277600,44.5,44.5,17.5,0.0,0.0,0.0,27.7,1.0,1.0,1.0,0.0,0.0,0.0,0.0,0.0,0.0,100.0,100.0,100.0,1000.0,1000.0,1000.0,49.71857783875356,0,0,49.71857783875356,0.0,0.0,0,0
277800,44.5,44.5,17.5,0.0,0.0,0.0,27.7,1.0,1.0,1.0,0.0,0.0,0.0,0.0,0.0,0.0,100.0,100.0,100.0,1000.0,1000.0,1000.0,49.71857783875356,0,0,49.71857783875356,0.0,0.0,0,0
278000,44.5,44.5,17.5,0.0,0.0,0.0,27.8,1.0,1.0,1.0,0.0,0.0,0.0,0.0,0.0,0.0,100.0,100.0,100.0,1000.0,1000.0,1000.0,49.71857783875356,0,0,49.71857783875356,0.0,0.0,0,0
278200,44.5,44.5,17.5,0.0,0.0,0.0,27.8,1.0,1.0,1.0,0.0,0.0,0.0,0.0,0.0,0.0,100.0,100.0,100.0,1000.0,1000.0,1000.0,49.71857783875356,0,0,49.71857783875356,0.0,0.0,0,0
278400,44.5,44.5,17.5,0.0,0.0,0.0,27.8,1.0,1.0,1.0,0.0,0.0,0.0,0.0,0.0,0.0,100.0,100.0,100.0,1000.0,1000.0,1000.0,49.71857783875356,0,0,49.71857783875356,0.0,0.0,0,0
278600,44.5,44.5,17.5,0.0,0.0,0.0,27.8,1.0,1.0,1.0,0.0,0.0,0.0,0.0,0.0,0.0,100.0,100.0,100.0,1000.0,1000.0,1000.0,49.71857783875356,0,0,49.71857783875356,0.0,0.0,0,0
278800,44.5,44.5,17.5,0.0,0.0,0.0,27.8,1.0,1.0,1.0,0.0,0.0,0.0,0.0,0.0,0.0,100.0,100.0,100.0,1000.0,1000.0,1000.0,49.71857783875356,0,0,49.71857783875356,0.0,0.0,0,0
279000,44.5,44.5,17.5,0.0,0.0,0.0,27.9,1.0,1.0,1.0,0.0,0.0,0.0,0.0,0.0,0.0,100.0,100.0,100.0,1000.0,1000.0,1000.0,49.71857783875356,0,0,49.71857783875356,0.0,0.0,0,0
279200,44.5,44.5,17.5,0.0,0.0,0.0,27.9,1.0,1.0,1.0,0.0,0.0,0.0,0.0,0.0,0.0,100.0,100.0,100.0,1000.0,1000.0,1000.0,49.71857783875356,0,0,49.71857783875356,0.0,0.0,0,0
279400,44.5,44.5,17.5,0.0,0.0,0.0,27.9,1.0,1.0,1.0,0.0,0.0,0.0,0.0,0.0,0.0,100.0,100.0,100.0,1000.0,1000.0,1000.0,49.71857783875356,0,0,49.71857783875356,0.0,0.0,0,0
279600,44.5,44.5,17.5,0.0,0.0,0.0,27.9,1.0,1.0,1.0,0.0,0.0,0.0,0.0,0.0,0.0,100.0,100.0,100.0,1000.0,1000.0,1000.0,49.71857783875356,0,0,49.71857783875356,0.0,0.0,0,0
279800,44.5,44.5,17.5,0.0,0.0,0.0,27.9,1.0,1.0,1.0,0.0,0.0,0.0,0.0,0.0,0.0,100.0,100.0,100.0,1000.0,1000.0,1000.0,49.71857783875356,0,0,49.71857783875356,0.0,0.0,0,0
280000,44.5,44.5,17.5,0.0,0.0,0.0,28.0,1.0,1.0,1.0,0.0,0.0,0.0,0.0,0.0,0.0,100.0,100.0,100.0,1000.0,1000.0,1000.0,49.71857783875356,0,0,49.71857783875356,0.0,0.0,0,0
280200,44.5,44.5,17.5,0.0,0.0,0.0,28.0,1.0,1.0,1.0,0.0,0.0,0.0,0.0,0.0,0.0,100.0,100.0,100.0,1000.0,1000.0,1000.0,49.71857783875356,0,0,49.71857783875356,0.0,0.0,0,0
280400,44.5,44.5,17.5,0.0,0.0,0.0,28.0,1.0,1.0,1.0,0.0,0.0,0.0,0.0,0.0,0.0,100.0,100.0,100.0,1000.0,1000.0,1000.0,49.71857783875356,0,0,49.71857783875356,0.0,0.0,0,0
280600,44.5,44.5,17.5,0.0,0.0,0.0,28.0,1.0,1.0,1.0,0.0,0.0,0.0,0.0,0.0,0.0,100.0,100.0,100.0,1000.0,1000.0,1000.0,49.71857783875356,0,0,49.71857783875356,0.0,0.0,0,0
280800,44.5,44.5,17.5,0.0,0.0,0.0,28.0,1.0,1.0,1.0,0.0,0.0,0.0,0.0,0.0,0.0,100.0,100.0,100.0,1000.0,1000.0,1000.0,49.71857783875356,0,0,49.71857783875356,0.0,0.0,0,0
281000,45.0,44.5,17.5,0.0,0.0,0.0,28.1,1.0,1.0,1.0,0.0,0.0,0.0,0.0,0.0,0.0,100.0,100.0,100.0,1000.0,1000.0,1000.0,49.71857783875356,0,0,49.71857783875356,0.0,0.0,0,0
281200,45.0,44.5,17.5,0.0,0.0,0.0,28.1,1.0,1.0,1.0,0.0,0.0,0.0,0.0,0.0,0.0,100.0,100.0,100.0,1000.0,1000.0,1000.0,49.71857783875356,0,0,49.71857783875356,0.0,0.0,0,0
281400,45.0,44.5,17.5,0.0,0.0,0.0,28.1,1.0,1.0,1.0,0.0,0.0,0.0,0.0,0.0,0.0,100.0,100.0,100.0,1000.0,1000.0,1000.0,49.71857783875356,0,0,49.71857783875356,0.0,0.0,0,0
281600,45.0,44.5,17.5,0.0,0.0,0.0,28.1,1.0,1.0,1.0,0.0,0.0,0.0,0.0,0.0,0.0,100.0,100.0,100.0,1000.0,1000.0,1000.0,49.71857783875356,0,0,49.71857783875356,0.0,0.0,0,0
281800,45.0,44.5,17.5,0.0,0.0,0.0,28.1,1.0,1.0,1.0,0.0,0.0,0.0,0.0,0.0,0.0,100.0,100.0,100.0,1000.0,1000.0,1000.0,49.71857783875356,0,0,49.71857783875356,0.0,0.0,0,0
282000,45.0,45.0,17.5,0.0,0.0,0.0,28.2,1.0,1.0,1.0,0.0,0.0,0.0,0.0,0.0,0.0,100.0,100.0,100.0,1000.0,1000.0,1000.0,49.71857783875356,0,0,49.71857783875356,0.0,0.0,0,0
282200,45.0,45.0,17.5,0.0,0.0,0.0,28.2,1.0,1.0,1.0,0.0,0.0,0.0,0.0,0.0,0.0,100.0,100.0,100.0,1000.0,1000.0,1000.0,49.71857783875356,0,0,49.71857783875356,0.0,0.0,0,0
282400,45.0,45.0,17.5,0.0,0.0,0.0,28.2,1.0,1.0,1.0,0.0,0.0,0.0,0.0,0.0,0.0,100.0,100.0,100.0,1000.0,1000.0,1000.0,49.71857783875356,0,0,49.71857783875356,0.0,0.0,0,0
282600,45.0,45.0,17.5,0.0,0.0,0.0,28.2,1.0,1.0,1.0,0.0,0.0,0.0,0.0,0.0,0.0,100.0,100.0,100.0,1000.0,1000.0,1000.0,49.71857783875356,0,0,49.71857783875356,0.0,0.0,0,0
282800,45.0,45.0,17.5,0.0,0.0,0.0,28.2,1.0,1.0,1.0,0.0,0.0,0.0,0.0,0.0,0.0,100.0,100.0,100.0,1000.0,1000.0,1000.0,49.71857783875356,0,0,49.71857783875356,0.0,0.0,0,0
283000,45.0,45.0,17.5,0.0,0.0,0.0,28.3,1.0,1.0,1.0,0.0,0.0,0.0,0.0,0.0,0.0,100.0,100.0,100.0,1000.0,1000.0,1000.0,49.71857783875356,0,0,49.71857783875356,0.0,0.0,0,0
283200,45.0,45.0,17.5,0.0,0.0,0.0,28.3,1.0,1.0,1.0,0.0,0.0,0.0,0.0,0.0,0.0,100.0,100.0,100.0,1000.0,1000.0,1000.0,49.71857783875356,0,0,49.71857783875356,0.0,0.0,0,0
283400,45.0,45.0,17.5,0.0,0.0,0.0,28.3,1.0,1.0,1.0,0.0,0.0,0.0,0.0,0.0,0.0,100.0,100.0,100.0,1000.0,1000.0,1000.0,49.71857783875356,0,0,49.71857783875356,0.0,0.0,0,0
283600,45.0,45.0,17.5,0.0,0.0,0.0,28.3,1.0,1.0,1.0,0.0,0.0,0.0,0.0,0.0,0.0,100.0,100.0,100.0,1000.0,1000.0,1000.0,49.71857783875356,0,0,49.71857783875356,0.0,0.0,0,0
283800,45.0,45.0,17.5,0.0,0.0,0.0,28.3,1.0,1.0,1.0,0.0,0.0,0.0,0.0,0.0,0.0,100.0,100.0,100.0,1000.0,1000.0,1000.0,49.71857783875356,0,0,49.71857783875356,0.0,0.0,0,0
284000,45.0,45.0,17.5,0.0,0.0,0.0,28.4,1.0,1.0,1.0,0.0,0.0,0.0,0.0,0.0,0.0,100.0,100.0,100.0,1000.0,1000.0,1000.0,49.71857783875356,0,0,49.71857783875356,0.0,0.0,0,0
284200,45.0,45.0,17.5,0.0,0.0,0.0,28.4,1.0,1.0,1.0,0.0,0.0,0.0,0.0,0.0,0.0,100.0,100.0,100.0,1000.0,1000.0,1000.0,49.71857783875356,0,0,49.71857783875356,0.0,0.0,0,0
284400,45.0,45.0,17.5,0.0,0.0,0.0,28.4,1.0,1.0,1.0,0.0,0.0,0.0,0.0,0.0,0.0,100.0,100.0,100.0,1000.0,1000.0,1000.0,49.71857783875356,0,0,49.71857783875356,0.0,0.0,0,0
284600,45.0,45.0,17.5,0.0,0.0,0.0,28.4,1.0,1.0,1.0,0.0,0.0,0.0,0.0,0.0,0.0,100.0,100.0,100.0,1000.0,1000.0,1000.0,49.71857783875356,0,0,49.71857783875356,0.0,0.0,0,0
284800,45.0,45.0,17.5,0.0,0.0,0.0,28.4,1.0,1.0,1.0,0.0,0.0,0.0,0.0,0.0,0.0,100.0,100.0,100.0,1000.0,1000.0,1000.0,49.71857783875356,0,0,49.71857783875356,0.0,0.0,0,0
285000,45.0,45.0,17.5,0.0,0.0,0.0,28.5,1.0,1.0,1.0,0.0,0.0,0.0,0.0,0.0,0.0,100.0,100.0,100.0,1000.0,1000.0,1000.0,49.71857783875356,0,0,49.71857783875356,0.0,0.0,0,0
285200,45.0,45.0,17.5,0.0,0.0,0.0,28.5,1.0,1.0,1.0,0.0,0.0,0.0,0.0,0.0,0.0,100.0,100.0,100.0,1000.0,1000.0,1000.0,52.852791340345775,0,0,52.852791340345775,0.0,0.0,1,0
285400,45.0,45.0,17.5,0.0,0.0,0.0,28.5,1.0,1.0,1.0,0.0,0.0,0.0,0.0,0.0,0.0,100.0,100.0,100.0,1000.0,1000.0,1000.0,52.852791340345775,0,0,52.852791340345775,0.0,0.0,0,0
285600,45.0,45.0,17.5,0.0,0.0,0.0,28.5,1.0,1.0,1.0,0.0,0.0,0.0,0.0,0.0,0.0,100.0,100.0,100.0,1000.0,1000.0,1000.0,52.852791340345775,0,0,52.852791340345775,0.0,0.0,0,0
285800,45.0,45.0,17.5,0.0,0.0,0.0,28.5,1.0,1.0,1.0,0.0,0.0,0.0,0.0,0.0,0.0,100.0,100.0,100.0,1000.0,1000.0,1000.0,52.852791340345775,0,0,52.852791340345775,0.0,0.0,0,0
286000,45.5,45.0,17.5,0.0,0.0,0.0,28.6,1.0,1.0,1.0,0.0,0.0,0.0,0.0,0.0,0.0,100.0,100.0,100.0,1000.0,1000.0,1000.0,52.852791340345775,0,0,52.852791340345775,0.0,0.0,0,0
286200,45.5,45.0,17.5,0.0,0.0,0.0,28.6,1.0,1.0,1.0,0.0,0.0,0.0,0.0,0.0,0.0,100.0,100.0,100.0,1000.0,1000.0,1000.0,52.852791340345775,0,0,52.852791340345775,0.0,0.0,0,0
286400,45.5,45.0,17.5,0.0,0.0,0.0,28.6,1.0,1.0,1.0,0.0,0.0,0.0,0.0,0.0,0.0,100.0,100.0,100.0,1000.0,1000.0,1000.0,52.852791340345775,0,0,52.852791340345775,0.0,0.0,0,0
286600,45.5,45.0,17.5,0.0,0.0,0.0,28.6,1.0,1.0,1.0,0.0,0.0,0.0,0.0,0.0,0.0,100.0,100.0,100.0,1000.0,1000.0,1000.0,52.852791340345775,0,0,52.852791340345775,0.0,0.0,0,0
286800,45.5,45.0,17.5,0.0,0.0,0.0,28.6,1.0,1.0,1.0,0.0,0.0,0.0,0.0,0.0,0.0,100.0,100.0,100.0,1000.0,1000.0,1000.0,52.852791340345775,0,0,52.852791340345775,0.0,0.0,0,0
287000,45.5,45.5,17.5,0.0,0.0,0.0,28.7,1.0,1.0,1.0,0.0,0.0,0.0,0.0,0.0,0.0,100.0,100.0,100.0,1000.0,1000.0,1000.0,52.852791340345775,0,0,52.852791340345775,0.0,0.0,0,0
287200,45.5,45.5,17.5,0.0,0.0,0.0,28.7,1.0,1.0,1.0,0.0,0.0,0.0,0.0,0.0,0.0,100.0,100.0,100.0,1000.0,1000.0,1000.0,52.852791340345775,0,0,52.852791340345775,0.0,0.0,0,0
287400,45.5,45.5,17.5,0.0,0.0,0.0,28.7,1.0,1.0,1.0,0.0,0.0,0.0,0.0,0.0,0.0,100.0,100.0,100.0,1000.0,1000.0,1000.0,52.852791340345775,0,0,52.852791340345775,0.0,0.0,0,0
287600,45.5,45.5,17.5,0.0,0.0,0.0,28.7,1.0,1.0,1.0,0.0,0.0,0.0,0.0,0.0,0.0,100.0,100.0,100.0,1000.0,1000.0,1000.0,52.852791340345775,0,0,52.852791340345775,0.0,0.0,0,0
287800,45.5,45.5,17.5,0.0,0.0,0.0,28.7,1.0,1.0,1.0,0.0,0.0,0.0,0.0,0.0,0.0,100.0,100.0,100.0,1000.0,1000.0,1000.0,52.852791340345775,0,0,52.852791340345775,0.0,0.0,0,0
288000,45.5,45.5,17.5,0.0,0.0,0.0,28.8,1.0,1.0,1.0,0.0,0.0,0.0,0.0,0.0,0.0,100.0,100.0,100.0,1000.0,1000.0,1000.0,52.852791340345775,0,0,52.852791340345775,0.0,0.0,0,0
288200,45.5,45.5,17.5,0.0,0.0,0.0,28.8,1.0,1.0,1.0,0.0,0.0,0.0,0.0,0.0,0.0,100.0,100.0,100.0,1000.0,1000.0,1000.0,52.852791340345775,0,0,52.852791340345775,0.0,0.0,0,0
288400,45.5,45.5,17.5,0.0,0.0,0.0,28.8,1.0,1.0,1.0,0.0,0.0,0.0,0.0,0.0,0.0,100.0,100.0,100.0,1000.0,1000.0,1000.0,52.852791340345775,0,0,52.852791340345775,0.0,0.0,0,0
288600,45.5,45.5,17.5,0.0,0.0,0.0,28.8,1.0,1.0,1.0,0.0,0.0,0.0,0.0,0.0,0.0,100.0,100.0,100.0,1000.0,1000.0,1000.0,52.852791340345775,0,0,52.852791340345775,0.0,0.0,0,0
288800,45.5,45.5,17.5,0.0,0.0,0.0,28.8,1.0,1.0,1.0,0.0,0.0,0.0,0.0,0.0,0.0,100.0,100.0,100.0,1000.0,1000.0,1000.0,52.852791340345775,0,0,52.852791340345775,0.0,0.0,0,0
289000,45.5,45.5,17.5,0.0,0.0,0.0,28.9,1.0,1.0,1.0,0.0,0.0,0.0,0.0,0.0,0.0,100.0,100.0,100.0,1000.0,1000.0,1000.0,52.852791340345775,0,0,52.852791340345775,0.0,0.0,0,0
289200,45.5,45.5,17.5,0.0,0.0,0.0,28.9,1.0,1.0,1.0,0.0,0.0,0.0,0.0,0.0,0.0,100.0,100.0,100.0,1000.0,1000.0,1000.0,52.852791340345775,0,0,52.852791340345775,0.0,0.0,0,0
289400,45.5,45.5,17.5,0.0,0.0,0.0,28.9,1.0,1.0,1.0,0.0,0.0,0.0,0.0,0.0,0.0,100.0,100.0,100.0,1000.0,1000.0,1000.0,52.852791340345775,0,0,52.852791340345775,0.0,0.0,0,0
289600,45.5,45.5,17.5,0.0,0.0,0.0,28.9,1.0,1.0,1.0,0.0,0.0,0.0,0.0,0.0,0.0,100.0,100.0,100.0,1000.0,1000.0,1000.0,52.852791340345775,0,0,52.852791340345775,0.0,0.0,0,0
289800,45.5,45.5,17.5,0.0,0.0,0.0,28.9,1.0,1.0,1.0,0.0,0.0,0.0,0.0,0.0,0.0,100.0,100.0,100.0,1000.0,1000.0,1000.0,52.852791340345775,0,0,52.852791340345775,0.0,0.0,0,0
290000,45.5,45.5,17.5,0.0,0.0,0.0,29.0,1.0,1.0,1.0,0.0,0.0,0.0,0.0,0.0,0.0,100.0,100.0,100.0,1000.0,1000.0,1000.0,52.852791340345775,0,0,52.852791340345775,0.0,0.0,0,0
290200,45.5,45.5,17.5,0.0,0.0,0.0,29.0,1.0,1.0,1.0,0.0,0.0,0.0,0.0,0.0,0.0,100.0,100.0,100.0,1000.0,1000.0,1000.0,52.852791340345775,0,0,52.852791340345775,0.0,0.0,0,0
290400,45.5,45.5,17.5,0.0,0.0,0.0,29.0,1.0,1.0,1.0,0.0,0.0,0.0,0.0,0.0,0.0,100.0,100.0,100.0,1000.0,1000.0,1000.0,52.852791340345775,0,0,52.852791340345775,0.0,0.0,0,0
290600,45.5,45.5,17.5,0.0,0.0,0.0,29.0,1.0,1.0,1.0,0.0,0.0,0.0,0.0,0.0,0.0,100.0,100.0,100.0,1000.0,1000.0,1000.0,52.852791340345775,0,0,52.852791340345775,0.0,0.0,0,0
290800,45.5,45.5,17.5,0.0,0.0,0.0,29.0,1.0,1.0,1.0,0.0,0.0,0.0,0.0,0.0,0.0,100.0,100.0,100.0,1000.0,1000.0,1000.0,52.852791340345775,0,0,52.852791340345775,0.0,0.0,0,0
291000,46.0,45.5,17.5,0.0,0.0,0.0,29.1,1.0,1.0,1.0,0.0,0.0,0.0,0.0,0.0,0.0,100.0,100.0,100.0,1000.0,1000.0,1000.0,52.852791340345775,0,0,52.852791340345775,0.0,0.0,0,0
291200,46.0,45.5,17.5,0.0,0.0,0.0,29.1,1.0,1.0,1.0,0.0,0.0,0.0,0.0,0.0,0.0,100.0,100.0,100.0,1000.0,1000.0,1000.0,52.852791340345775,0,0,52.852791340345775,0.0,0.0,0,0
291400,46.0,45.5,17.5,0.0,0.0,0.0,29.1,1.0,1.0,1.0,0.0,0.0,0.0,0.0,0.0,0.0,100.0,100.0,100.0,1000.0,1000.0,1000.0,52.852791340345775,0,0,52.852791340345775,0.0,0.0,0,0
291600,46.0,45.5,17.5,0.0,0.0,0.0,29.1,1.0,1.0,1.0,0.0,0.0,0.0,0.0,0.0,0.0,100.0,100.0,100.0,1000.0,1000.0,1000.0,52.852791340345775,0,0,52.852791340345775,0.0,0.0,0,0
291800,46.0,45.5,17.5,0.0,0.0,0.0,29.1,1.0,1.0,1.0,0.0,0.0,0.0,0.0,0.0,0.0,100.0,100.0,100.0,1000.0,1000.0,1000.0,52.852791340345775,0,0,52.852791340345775,0.0,0.0,0,0
292000,46.0,46.0,17.5,0.0,0.0,0.0,29.2,1.0,1.0,1.0,0.0,0.0,0.0,0.0,0.0,0.0,100.0,100.0,100.0,1000.0,1000.0,1000.0,52.852791340345775,0,0,52.852791340345775,0.0,0.0,0,0
292200,46.0,46.0,17.5,0.0,0.0,0.0,29.2,1.0,1.0,1.0,0.0,0.0,0.0,0.0,0.0,0.0,100.0,100.0,100.0,1000.0,1000.0,1000.0,52.852791340345775,0,0,52.852791340345775,0.0,0.0,0,0
292400,46.0,46.0,17.5,0.0,0.0,0.0,29.2,1.0,1.0,1.0,0.0,0.0,0.0,0.0,0.0,0.0,100.0,100.0,100.0,1000.0,1000.0,1000.0,52.852791340345775,0,0,52.852791340345775,0.0,0.0,0,0
292600,46.0,46.0,17.5,0.0,0.0,0.0,29.2,1.0,1.0,1.0,0.0,0.0,0.0,0.0,0.0,0.0,100.0,100.0,100.0,1000.0,1000.0,1000.0,52.852791340345775,0,0,52.852791340345775,0.0,0.0,0,0
292800,46.0,46.0,17.5,0.0,0.0,0.0,29.2,1.0,1.0,1.0,0.0,0.0,0.0,0.0,0.0,0.0,100.0,100.0,100.0,1000.0,1000.0,1000.0,52.852791340345775,0,0,52.852791340345775,0.0,0.0,0,0
293000,46.0,46.0,17.5,0.0,0.0,0.0,29.3,1.0,1.0,1.0,0.0,0.0,0.0,0.0,0.0,0.0,100.0,100.0,100.0,1000.0,1000.0,1000.0,52.852791340345775,0,0,52.852791340345775,0.0,0.0,0,0
293200,46.0,46.0,17.5,0.0,0.0,0.0,29.3,1.0,1.0,1.0,0.0,0.0,0.0,0.0,0.0,0.0,100.0,100.0,100.0,1000.0,1000.0,1000.0,52.852791340345775,0,0,52.852791340345775,0.0,0.0,0,0
293400,46.0,46.0,17.5,0.0,0.0,0.0,29.3,1.0,1.0,1.0,0.0,0.0,0.0,0.0,0.0,0.0,100.0,100.0,100.0,1000.0,1000.0,1000.0,52.852791340345775,0,0,52.852791340345775,0.0,0.0,0,0
293600,46.0,46.0,17.5,0.0,0.0,0.0,29.3,1.0,1.0,1.0,0.0,0.0,0.0,0.0,0.0,0.0,100.0,100.0,100.0,1000.0,1000.0,1000.0,52.852791340345775,0,0,52.852791340345775,0.0,0.0,0,0
293800,46.0,46.0,17.5,0.0,0.0,0.0,29.3,1.0,1.0,1.0,0.0,0.0,0.0,0.0,0.0,0.0,100.0,100.0,100.0,1000.0,1000.0,1000.0,52.852791340345775,0,0,52.852791340345775,0.0,0.0,0,0
294000,46.0,46.0,17.5,0.0,0.0,0.0,29.4,1.0,1.0,1.0,0.0,0.0,0.0,0.0,0.0,0.0,100.0,100.0,100.0,1000.0,1000.0,1000.0,52.852791340345775,0,0,52.852791340345775,0.0,0.0,0,0
294200,46.0,46.0,17.5,0.0,0.0,0.0,29.4,1.0,1.0,1.0,0.0,0.0,0.0,0.0,0.0,0.0,100.0,100.0,100.0,1000.0,1000.0,1000.0,52.852791340345775,0,0,52.852791340345775,0.0,0.0,0,0
294400,46.0,46.0,17.5,0.0,0.0,0.0,29.4,1.0,1.0,1.0,0.0,0.0,0.0,0.0,0.0,0.0,100.0,100.0,100.0,1000.0,1000.0,1000.0,52.852791340345775,0,0,52.852791340345775,0.0,0.0,0,0
294600,46.0,46.0,17.5,0.0,0.0,0.0,29.4,1.0,1.0,1.0,0.0,0.0,0.0,0.0,0.0,0.0,100.0,100.0,100.0,1000.0,1000.0,1000.0,52.852791340345775,0,0,52.852791340345775,0.0,0.0,0,0
294800,46.0,46.0,17.5,0.0,0.0,0.0,29.4,1.0,1.0,1.0,0.0,0.0,0.0,0.0,0.0,0.0,100.0,100.0,100.0,1000.0,1000.0,1000.0,52.852791340345775,0,0,52.852791340345775,0.0,0.0,0,0
295000,46.0,46.0,17.5,0.0,0.0,0.0,29.5,1.0,1.0,1.0,0.0,0.0,0.0,0.0,0.0,0.0,100.0,100.0,100.0,1000.0,1000.0,1000.0,52.852791340345775,0,0,52.852791340345775,0.0,0.0,0,0
295200,46.0,46.0,17.5,0.0,0.0,0.0,29.5,1.0,1.0,1.0,0.0,0.0,0.0,0.0,0.0,0.0,100.0,100.0,100.0,1000.0,1000.0,1000.0,52.852791340345775,0,0,52.852791340345775,0.0,0.0,0,0
295400,46.0,46.0,17.5,0.0,0.0,0.0,29.5,1.0,1.0,1.0,0.0,0.0,0.0,0.0,0.0,0.0,100.0,100.0,100.0,1000.0,1000.0,1000.0,52.852791340345775,0,0,52.852791340345775,0.0,0.0,0,0
295600,46.0,46.0,17.5,0.0,0.0,0.0,29.5,1.0,1.0,1.0,0.0,0.0,0.0,0.0,0.0,0.0,100.0,100.0,100.0,1000.0,1000.0,1000.0,52.852791340345775,0,0,52.852791340345775,0.0,0.0,0,0
295800,46.0,46.0,17.5,0.0,0.0,0.0,29.5,1.0,1.0,1.0,0.0,0.0,0.0,0.0,0.0,0.0,100.0,100.0,100.0,1000.0,1000.0,1000.0,52.852791340345775,0,0,52.852791340345775,0.0,0.0,0,0
296000,46.5,46.0,17.5,0.0,0.0,0.0,29.6,1.0,1.0,1.0,0.0,0.0,0.0,0.0,0.0,0.0,100.0,100.0,100.0,1000.0,1000.0,1000.0,52.852791340345775,0,0,52.852791340345775,0.0,0.0,0,0
296200,46.5,46.0,17.5,0.0,0.0,0.0,29.6,1.0,1.0,1.0,0.0,0.0,0.0,0.0,0.0,0.0,100.0,100.0,100.0,1000.0,1000.0,1000.0,52.852791340345775,0,0,52.852791340345775,0.0,0.0,0,0
296400,46.5,46.0,17.5,0.0,0.0,0.0,29.6,1.0,1.0,1.0,0.0,0.0,0.0,0.0,0.0,0.0,100.0,100.0,100.0,1000.0,1000.0,1000.0,52.852791340345775,0,0,52.852791340345775,0.0,0.0,0,0
296600,46.5,46.0,17.5,0.0,0.0,0.0,29.6,1.0,1.0,1.0,0.0,0.0,0.0,0.0,0.0,0.0,100.0,100.0,100.0,1000.0,1000.0,1000.0,52.852791340345775,0,0,52.852791340345775,0.0,0.0,0,0
296800,46.5,46.0,17.5,0.0,0.0,0.0,29.6,1.0,1.0,1.0,0.0,0.0,0.0,0.0,0.0,0.0,100.0,100.0,100.0,1000.0,1000.0,1000.0,52.852791340345775,0,0,52.852791340345775,0.0,0.0,0,0
297000,46.5,46.0,17.5,0.0,0.0,0.0,29.7,1.0,1.0,1.0,0.0,0.0,0.0,0.0,0.0,0.0,100.0,100.0,100.0,1000.0,1000.0,1000.0,52.852791340345775,0,0,52.852791340345775,0.0,0.0,0,0
297200,46.5,46.0,17.5,0.0,0.0,0.0,29.7,1.0,1.0,1.0,0.0,0.0,0.0,0.0,0.0,0.0,100.0,100.0,100.0,1000.0,1000.0,1000.0,52.852791340345775,0,0,52.852791340345775,0.0,0.0,0,0
297400,46.5,46.0,17.5,0.0,0.0,0.0,29.7,1.0,1.0,1.0,0.0,0.0,0.0,0.0,0.0,0.0,100.0,100.0,100.0,1000.0,1000.0,1000.0,52.852791340345775,0,0,52.852791340345775,0.0,0.0,0,0
297600,46.5,46.5,17.5,0.0,0.0,0.0,29.7,1.0,1.0,1.0,0.0,0.0,0.0,0.0,0.0,0.0,100.0,100.0,100.0,1000.0,1000.0,1000.0,52.852791340345775,0,0,52.852791340345775,0.0,0.0,0,0
297800,46.5,46.5,17.5,0.0,0.0,0.0,29.7,1.0,1.0,1.0,0.0,0.0,0.0,0.0,0.0,0.0,100.0,100.0,100.0,1000.0,1000.0,1000.0,52.852791340345775,0,0,52.852791340345775,0.0,0.0,0,0
298000,46.5,46.5,17.5,0.0,0.0,0.0,29.8,1.0,1.0,1.0,0.0,0.0,0.0,0.0,0.0,0.0,100.0,100.0,100.0,1000.0,1000.0,1000.0,52.852791340345775,0,0,52.852791340345775,0.0,0.0,0,0
298200,46.5,46.5,17.5,0.0,0.0,0.0,29.8,1.0,1.0,1.0,0.0,0.0,0.0,0.0,0.0,0.0,100.0,100.0,100.0,1000.0,1000.0,1000.0,52.852791340345775,0,0,52.852791340345775,0.0,0.0,0,0
298400,46.5,46.5,17.5,0.0,0.0,0.0,29.8,1.0,1.0,1.0,0.0,0.0,0.0,0.0,0.0,0.0,100.0,100.0,100.0,1000.0,1000.0,1000.0,52.852791340345775,0,0,52.852791340345775,0.0,0.0,0,0
298600,46.5,46.5,17.5,0.0,0.0,0.0,29.8,1.0,1.0,1.0,0.0,0.0,0.0,0.0,0.0,0.0,100.0,100.0,100.0,1000.0,1000.0,1000.0,52.852791340345775,0,0,52.852791340345775,0.0,0.0,0,0
298800,46.5,46.5,17.5,0.0,0.0,0.0,29.8,1.0,1.0,1.0,0.0,0.0,0.0,0.0,0.0,0.0,100.0,100.0,100.0,1000.0,1000.0,1000.0,52.852791340345775,0,0,52.852791340345775,0.0,0.0,0,0
299000,46.5,46.5,17.5,0.0,0.0,0.0,29.9,1.0,1.0,1.0,0.0,0.0,0.0,0.0,0.0,0.0,100.0,100.0,100.0,1000.0,1000.0,1000.0,52.852791340345775,0,0,52.852791340345775,0.0,0.0,0,0
299200,46.5,46.5,17.5,0.0,0.0,0.0,29.9,1.0,1.0,1.0,0.0,0.0,0.0,0.0,0.0,0.0,100.0,100.0,100.0,1000.0,1000.0,1000.0,52.852791340345775,0,0,52.852791340345775,0.0,0.0,0,0
299400,46.5,46.5,17.5,0.0,0.0,0.0,29.9,1.0,1.0,1.0,0.0,0.0,0.0,0.0,0.0,0.0,100.0,100.0,100.0,1000.0,1000.0,1000.0,52.852791340345775,0,0,52.852791340345775,0.0,0.0,0,0
299600,46.5,46.5,17.5,0.0,0.0,0.0,29.9,1.0,1.0,1.0,0.0,0.0,0.0,0.0,0.0,0.0,100.0,100.0,100.0,1000.0,1000.0,1000.0,52.852791340345775,0,0,52.852791340345775,0.0,0.0,0,0
299800,46.5,46.5,17.5,0.0,0.0,0.0,29.9,1.0,1.0,1.0,0.0,0.0,0.0,0.0,0.0,0.0,100.0,100.0,100.0,1000.0,1000.0,1000.0,52.852791340345775,0,0,52.852791340345775,0.0,0.0,0,0
300000,46.5,46.5,17.5,0.0,0.0,0.0,40.0,1.0,1.0,1.0,0.0,0.0,0.0,0.0,0.0,0.0,100.0,100.0,100.0,1000.0,1000.0,1000.0,52.852791340345775,0,0,52.852791340345775,0.0,0.0,0,0
300200,46.5,46.5,17.5,0.0,0.0,0.0,40.0,1.0,1.0,1.0,0.0,0.0,0.0,0.0,0.0,0.0,100.0,100.0,100.0,1000.0,1000.0,1000.0,260.8350088802061,0,0,100.0,0.0,0.0,1,0
300400,46.5,46.5,17.5,0.0,0.0,0.0,40.0,1.0,1.0,1.0,0.0,0.0,0.0,0.0,0.0,0.0,100.0,100.0,100.0,1000.0,1000.0,1000.0,260.8350088802061,0,0,100.0,0.0,0.0,0,0
300600,46.5,46.5,17.5,0.0,0.0,0.0,40.0,1.0,1.0,1.0,0.0,0.0,0.0,0.0,0.0,0.0,100.0,100.0,100.0,1000.0,1000.0,1000.0,260.8350088802061,0,0,100.0,0.0,0.0,0,0
300800,46.5,46.5,17.5,0.0,0.0,0.0,40.0,1.0,1.0,1.0,0.0,0.0,0.0,0.0,0.0,0.0,100.0,100.0,100.0,1000.0,1000.0,1000.0,260.8350088802061,0,0,100.0,0.0,0.0,0,0
301000,47.0,46.5,17.5,0.0,0.0,0.0,40.0,1.0,1.0,1.0,0.0,0.0,0.0,0.0,0.0,0.0,100.0,100.0,100.0,1000.0,1000.0,1000.0,260.8350088802061,0,0,100.0,0.0,0.0,0,0
301200,47.0,46.5,17.5,0.0,0.0,0.0,40.0,1.0,1.0,1.0,0.0,0.0,0.0,0.0,0.0,0.0,100.0,100.0,100.0,1000.0,1000.0,1000.0,260.8350088802061,0,0,100.0,0.0,0.0,0,0
301400,47.0,46.5,17.5,0.0,0.0,0.0,40.0,1.0,1.0,1.0,0.0,0.0,0.0,0.0,0.0,0.0,100.0,100.0,100.0,1000.0,1000.0,1000.0,260.8350088802061,0,0,100.0,0.0,0.0,0,0
301600,47.0,46.5,17.5,0.0,0.0,0.0,40.0,1.0,1.0,1.0,0.0,0.0,0.0,0.0,0.0,0.0,100.0,100.0,100.0,1000.0,1000.0,1000.0,260.8350088802061,0,0,100.0,0.0,0.0,0,0
301800,47.0,46.5,17.5,0.0,0.0,0.0,40.0,1.0,1.0,1.0,0.0,0.0,0.0,0.0,0.0,0.0,100.0,100.0,100.0,1000.0,1000.0,1000.0,260.8350088802061,0,0,100.0,0.0,0.0,0,0
302000,47.0,47.0,17.5,0.0,0.0,0.0,40.0,1.0,1.0,1.0,0.0,0.0,0.0,0.0,0.0,0.0,100.0,100.0,100.0,1000.0,1000.0,1000.0,260.8350088802061,0,0,100.0,0.0,0.0,0,0
302200,47.0,47.0,17.5,0.0,0.0,0.0,40.0,1.0,1.0,1.0,0.0,0.0,0.0,0.0,0.0,0.0,100.0,100.0,100.0,1000.0,1000.0,1000.0,260.8350088802061,0,0,100.0,0.0,0.0,0,0
302400,47.0,47.0,17.5,0.0,0.0,0.0,40.0,1.0,1.0,1.0,0.0,0.0,0.0,0.0,0.0,0.0,100.0,100.0,100.0,1000.0,1000.0,1000.0,260.8350088802061,0,0,100.0,0.0,0.0,0,0
302600,47.0,47.0,17.5,0.0,0.0,0.0,40.0,1.0,1.0,1.0,0.0,0.0,0.0,0.0,0.0,0.0,100.0,100.0,100.0,1000.0,1000.0,1000.0,260.8350088802061,0,0,100.0,0.0,0.0,0,0
302800,47.0,47.0,17.5,0.0,0.0,0.0,40.0,1.0,1.0,1.0,0.0,0.0,0.0,0.0,0.0,0.0,100.0,100.0,100.0,1000.0,1000.0,1000.0,260.8350088802061,0,0,100.0,0.0,0.0,0,0
303000,47.0,47.0,17.5,0.0,0.0,0.0,40.0,1.0,1.0,1.0,0.0,0.0,0.0,0.0,0.0,0.0,100.0,100.0,100.0,1000.0,1000.0,1000.0,260.8350088802061,0,0,100.0,0.0,0.0,0,0
303200,47.0,47.0,17.5,0.0,0.0,0.0,40.0,1.0,1.0,1.0,0.0,0.0,0.0,0.0,0.0,0.0,100.0,100.0,100.0,1000.0,1000.0,1000.0,260.8350088802061,0,0,100.0,0.0,0.0,0,0
303400,47.0,47.0,17.5,0.0,0.0,0.0,40.0,1.0,1.0,1.0,0.0,0.0,0.0,0.0,0.0,0.0,100.0,100.0,100.0,1000.0,1000.0,1000.0,260.8350088802061,0,0,100.0,0.0,0.0,0,0
303600,47.0,47.0,17.5,0.0,0.0,0.0,40.0,1.0,1.0,1.0,0.0,0.0,0.0,0.0,0.0,0.0,100.0,100.0,100.0,1000.0,1000.0,1000.0,260.8350088802061,0,0,100.0,0.0,0.0,0,0
303800,47.0,47.0,17.5,0.0,0.0,0.0,40.0,1.0,1.0,1.0,0.0,0.0,0.0,0.0,0.0,0.0,100.0,100.0,100.0,1000.0,1000.0,1000.0,260.8350088802061,0,0,100.0,0.0,0.0,0,0
304000,47.0,47.0,17.5,0.0,0.0,0.0,40.0,1.0,1.0,1.0,0.0,0.0,0.0,0.0,0.0,0.0,100.0,100.0,100.0,1000.0,1000.0,1000.0,260.8350088802061,0,0,100.0,0.0,0.0,0,0
304200,47.0,47.0,17.5,0.0,0.0,0.0,40.0,1.0,1.0,1.0,0.0,0.0,0.0,0.0,0.0,0.0,100.0,100.0,100.0,1000.0,1000.0,1000.0,260.8350088802061,0,0,100.0,0.0,0.0,0,0
304400,47.0,47.0,17.5,0.0,0.0,0.0,40.0,1.0,1.0,1.0,0.0,0.0,0.0,0.0,0.0,0.0,100.0,100.0,100.0,1000.0,1000.0,1000.0,260.8350088802061,0,0,100.0,0.0,0.0,0,0
304600,47.0,47.0,17.5,0.0,0.0,0.0,40.0,1.0,1.0,1.0,0.0,0.0,0.0,0.0,0.0,0.0,100.0,100.0,100.0,1000.0,1000.0,1000.0,260.8350088802061,0,0,100.0,0.0,0.0,0,0
304800,47.0,47.0,17.5,0.0,0.0,0.0,40.0,1.0,1.0,1.0,0.0,0.0,0.0,0.0,0.0,0.0,100.0,100.0,100.0,1000.0,1000.0,1000.0,260.8350088802061,0,0,100.0,0.0,0.0,0,0
305000,47.5,47.0,17.5,0.0,0.0,0.0,40.0,1.0,1.0,1.0,0.0,0.0,0.0,0.0,0.0,0.0,100.0,100.0,100.0,1000.0,1000.0,1000.0,260.8350088802061,0,0,100.0,0.0,0.0,0,0
305200,47.5,47.0,17.5,0.0,0.0,0.0,40.0,1.0,1.0,1.0,0.0,0.0,0.0,0.0,0.0,0.0,100.0,100.0,100.0,1000.0,1000.0,1000.0,260.8350088802061,0,0,100.0,0.0,0.0,0,0
305400,47.5,47.0,17.5,0.0,0.0,0.0,40.0,1.0,1.0,1.0,0.0,0.0,0.0,0.0,0.0,0.0,100.0,100.0,100.0,1000.0,1000.0,1000.0,260.8350088802061,0,0,100.0,0.0,0.0,0,0
305600,47.5,47.0,17.5,0.0,0.0,0.0,40.0,1.0,1.0,1.0,0.0,0.0,0.0,0.0,0.0,0.0,100.0,100.0,100.0,1000.0,1000.0,1000.0,260.8350088802061,0,0,100.0,0.0,0.0,0,0
305800,47.5,47.0,17.5,0.0,0.0,0.0,40.0,1.0,1.0,1.0,0.0,0.0,0.0,0.0,0.0,0.0,100.0,100.0,100.0,1000.0,1000.0,1000.0,260.8350088802061,0,0,100.0,0.0,0.0,0,0
306000,47.5,47.0,17.5,0.0,0.0,0.0,40.0,1.0,1.0,1.0,0.0,0.0,0.0,0.0,0.0,0.0,100.0,100.0,100.0,1000.0,1000.0,1000.0,260.8350088802061,0,0,100.0,0.0,0.0,0,0
306200,47.5,47.0,17.5,0.0,0.0,0.0,40.0,1.0,1.0,1.0,0.0,0.0,0.0,0.0,0.0,0.0,100.0,100.0,100.0,1000.0,1000.0,1000.0,260.8350088802061,0,0,100.0,0.0,0.0,0,0
306400,47.5,47.0,17.5,0.0,0.0,0.0,40.0,1.0,1.0,1.0,0.0,0.0,0.0,0.0,0.0,0.0,100.0,100.0,100.0,1000.0,1000.0,1000.0,260.8350088802061,0,0,100.0,0.0,0.0,0,0
306600,47.5,47.5,17.5,0.0,0.0,0.0,40.0,1.0,1.0,1.0,0.0,0.0,0.0,0.0,0.0,0.0,100.0,100.0,100.0,1000.0,1000.0,1000.0,260.8350088802061,0,0,100.0,0.0,0.0,0,0
306800,47.5,47.5,17.5,0.0,0.0,0.0,40.0,1.0,1.0,1.0,0.0,0.0,0.0,0.0,0.0,0.0,100.0,100.0,100.0,1000.0,1000.0,1000.0,260.8350088802061,0,0,100.0,0.0,0.0,0,0
307000,47.5,47.5,17.5,0.0,0.0,0.0,40.0,1.0,1.0,1.0,0.0,0.0,0.0,0.0,0.0,0.0,100.0,100.0,100.0,1000.0,1000.0,1000.0,260.8350088802061,0,0,100.0,0.0,0.0,0,0
307200,47.5,47.5,17.5,0.0,0.0,0.0,40.0,1.0,1.0,1.0,0.0,0.0,0.0,0.0,0.0,0.0,100.0,100.0,100.0,1000.0,1000.0,1000.0,260.8350088802061,0,0,100.0,0.0,0.0,0,0
307400,47.5,47.5,17.5,0.0,0.0,0.0,40.0,1.0,1.0,1.0,0.0,0.0,0.0,0.0,0.0,0.0,100.0,100.0,100.0,1000.0,1000.0,1000.0,260.8350088802061,0,0,100.0,0.0,0.0,0,0
307600,47.5,47.5,17.5,0.0,0.0,0.0,40.0,1.0,1.0,1.0,0.0,0.0,0.0,0.0,0.0,0.0,100.0,100.0,100.0,1000.0,1000.0,1000.0,260.8350088802061,0,0,100.0,0.0,0.0,0,0
307800,47.5,47.5,17.5,0.0,0.0,0.0,40.0,1.0,1.0,1.0,0.0,0.0,0.0,0.0,0.0,0.0,100.0,100.0,100.0,1000.0,1000.0,1000.0,260.8350088802061,0,0,100.0,0.0,0.0,0,0
308000,48.0,47.5,17.5,0.0,0.0,0.0,40.0,1.0,1.0,1.0,0.0,0.0,0.0,0.0,0.0,0.0,100.0,100.0,100.0,1000.0,1000.0,1000.0,260.8350088802061,0,0,100.0,0.0,0.0,0,0
308200,48.0,47.5,17.5,0.0,0.0,0.0,40.0,1.0,1.0,1.0,0.0,0.0,0.0,0.0,0.0,0.0,100.0,100.0,100.0,1000.0,1000.0,1000.0,260.8350088802061,0,0,100.0,0.0,0.0,0,0
308400,48.0,47.5,17.5,0.0,0.0,0.0,40.0,1.0,1.0,1.0,0.0,0.0,0.0,0.0,0.0,0.0,100.0,100.0,100.0,1000.0,1000.0,1000.0,260.8350088802061,0,0,100.0,0.0,0.0,0,0
308600,48.0,47.5,17.5,0.0,0.0,0.0,40.0,1.0,1.0,1.0,0.0,0.0,0.0,0.0,0.0,0.0,100.0,100.0,100.0,1000.0,1000.0,1000.0,260.8350088802061,0,0,100.0,0.0,0.0,0,0
308800,48.0,47.5,17.5,0.0,0.0,0.0,40.0,1.0,1.0,1.0,0.0,0.0,0.0,0.0,0.0,0.0,100.0,100.0,100.0,1000.0,1000.0,1000.0,260.8350088802061,0,0,100.0,0.0,0.0,0,0
309000,48.0,47.5,17.5,0.0,0.0,0.0,40.0,1.0,1.0,1.0,0.0,0.0,0.0,0.0,0.0,0.0,100.0,100.0,100.0,1000.0,1000.0,1000.0,260.8350088802061,0,0,100.0,0.0,0.0,0,0
309200,48.0,47.5,17.5,0.0,0.0,0.0,40.0,1.0,1.0,1.0,0.0,0.0,0.0,0.0,0.0,0.0,100.0,100.0,100.0,1000.0,1000.0,1000.0,260.8350088802061,0,0,100.0,0.0,0.0,0,0
309400,48.0,47.5,17.5,0.0,0.0,0.0,40.0,1.0,1.0,1.0,0.0,0.0,0.0,0.0,0.0,0.0,100.0,100.0,100.0,1000.0,1000.0,1000.0,260.8350088802061,0,0,100.0,0.0,0.0,0,0
309600,48.0,48.0,17.5,0.0,0.0,0.0,40.0,1.0,1.0,1.0,0.0,0.0,0.0,0.0,0.0,0.0,100.0,100.0,100.0,1000.0,1000.0,1000.0,260.8350088802061,0,0,100.0,0.0,0.0,0,0
309800,48.0,48.0,17.5,0.0,0.0,0.0,40.0,1.0,1.0,1.0,0.0,0.0,0.0,0.0,0.0,0.0,100.0,100.0,100.0,1000.0,1000.0,1000.0,260.8350088802061,0,0,100.0,0.0,0.0,0,0
310000,48.5,48.0,17.5,0.0,0.0,0.0,40.0,1.0,1.0,1.0,0.0,0.0,0.0,0.0,0.0,0.0,100.0,100.0,100.0,1000.0,1000.0,1000.0,260.8350088802061,0,0,100.0,0.0,0.0,0,0
310200,48.5,48.0,17.5,0.0,0.0,0.0,40.0,1.0,1.0,1.0,0.0,0.0,0.0,0.0,0.0,0.0,100.0,100.0,100.0,1000.0,1000.0,1000.0,260.8350088802061,0,0,100.0,0.0,0.0,0,0
310400,48.5,48.0,17.5,0.0,0.0,0.0,40.0,1.0,1.0,1.0,0.0,0.0,0.0,0.0,0.0,0.0,100.0,100.0,100.0,1000.0,1000.0,1000.0,260.8350088802061,0,0,100.0,0.0,0.0,0,0
310600,48.5,48.0,17.5,0.0,0.0,0.0,40.0,1.0,1.0,1.0,0.0,0.0,0.0,0.0,0.0,0.0,100.0,100.0,100.0,1000.0,1000.0,1000.0,260.8350088802061,0,0,100.0,0.0,0.0,0,0
310800,48.5,48.0,17.5,0.0,0.0,0.0,40.0,1.0,1.0,1.0,0.0,0.0,0.0,0.0,0.0,0.0,100.0,100.0,100.0,1000.0,1000.0,1000.0,260.8350088802061,0,0,100.0,0.0,0.0,0,0
311000,48.5,48.0,17.5,0.0,0.0,0.0,40.0,1.0,1.0,1.0,0.0,0.0,0.0,0.0,0.0,0.0,100.0,100.0,100.0,1000.0,1000.0,1000.0,260.8350088802061,0,0,100.0,0.0,0.0,0,0
311200,48.5,48.0,17.5,0.0,0.0,0.0,40.0,1.0,1.0,1.0,0.0,0.0,0.0,0.0,0.0,0.0,100.0,100.0,100.0,1000.0,1000.0,1000.0,260.8350088802061,0,0,100.0,0.0,0.0,0,0
311400,48.5,48.0,17.5,0.0,0.0,0.0,40.0,1.0,1.0,1.0,0.0,0.0,0.0,0.0,0.0,0.0,100.0,100.0,100.0,1000.0,1000.0,1000.0,260.8350088802061,0,0,100.0,0.0,0.0,0,0
311600,48.5,48.0,17.5,0.0,0.0,0.0,40.0,1.0,1.0,1.0,0.0,0.0,0.0,0.0,0.0,0.0,100.0,100.0,100.0,1000.0,1000.0,1000.0,260.8350088802061,0,0,100.0,0.0,0.0,0,0
311800,48.5,48.0,17.5,0.0,0.0,0.0,40.0,1.0,1.0,1.0,0.0,0.0,0.0,0.0,0.0,0.0,100.0,100.0,100.0,1000.0,1000.0,1000.0,260.8350088802061,0,0,100.0,0.0,0.0,0,0
312000,49.0,48.5,17.5,0.0,0.0,0.0,40.0,1.0,1.0,1.0,0.0,0.0,0.0,0.0,0.0,0.0,100.0,100.0,100.0,1000.0,1000.0,1000.0,260.8350088802061,0,0,100.0,0.0,0.0,0,0
312200,49.0,48.5,17.5,0.0,0.0,0.0,40.0,1.0,1.0,1.0,0.0,0.0,0.0,0.0,0.0,0.0,100.0,100.0,100.0,1000.0,1000.0,1000.0,260.8350088802061,0,0,100.0,0.0,0.0,0,0
312400,49.0,48.5,17.5,0.0,0.0,0.0,40.0,1.0,1.0,1.0,0.0,0.0,0.0,0.0,0.0,0.0,100.0,100.0,100.0,1000.0,1000.0,1000.0,260.8350088802061,0,0,100.0,0.0,0.0,0,0
312600,49.0,48.5,17.5,0.0,0.0,0.0,40.0,1.0,1.0,1.0,0.0,0.0,0.0,0.0,0.0,0.0,100.0,100.0,100.0,1000.0,1000.0,1000.0,260.8350088802061,0,0,100.0,0.0,0.0,0,0
312800,49.0,48.5,17.5,0.0,0.0,0.0,40.0,1.0,1.0,1.0,0.0,0.0,0.0,0.0,0.0,0.0,100.0,100.0,100.0,1000.0,1000.0,1000.0,260.8350088802061,0,0,100.0,0.0,0.0,0,0
313000,49.0,48.5,17.5,0.0,0.0,0.0,40.0,1.0,1.0,1.0,0.0,0.0,0.0,0.0,0.0,0.0,100.0,100.0,100.0,1000.0,1000.0,1000.0,260.8350088802061,0,0,100.0,0.0,0.0,0,0
313200,49.0,48.5,17.5,0.0,0.0,0.0,40.0,1.0,1.0,1.0,0.0,0.0,0.0,0.0,0.0,0.0,100.0,100.0,100.0,1000.0,1000.0,1000.0,260.8350088802061,0,0,100.0,0.0,0.0,0,0
313400,49.0,48.5,17.5,0.0,0.0,0.0,40.0,1.0,1.0,1.0,0.0,0.0,0.0,0.0,0.0,0.0,100.0,100.0,100.0,1000.0,1000.0,1000.0,260.8350088802061,0,0,100.0,0.0,0.0,0,0
313600,49.0,48.5,17.5,0.0,0.0,0.0,40.0,1.0,1.0,1.0,0.0,0.0,0.0,0.0,0.0,0.0,100.0,100.0,100.0,1000.0,1000.0,1000.0,260.8350088802061,0,0,100.0,0.0,0.0,0,0
313800,49.0,48.5,17.5,0.0,0.0,0.0,40.0,1.0,1.0,1.0,0.0,0.0,0.0,0.0,0.0,0.0,100.0,100.0,100.0,1000.0,1000.0,1000.0,260.8350088802061,0,0,100.0,0.0,0.0,0,0
314000,49.5,49.0,17.5,0.0,0.0,0.0,40.0,1.0,1.0,1.0,0.0,0.0,0.0,0.0,0.0,0.0,100.0,100.0,100.0,1000.0,1000.0,1000.0,260.8350088802061,0,0,100.0,0.0,0.0,0,0
314200,49.5,49.0,17.5,0.0,0.0,0.0,40.0,1.0,1.0,1.0,0.0,0.0,0.0,0.0,0.0,0.0,100.0,100.0,100.0,1000.0,1000.0,1000.0,260.8350088802061,0,0,100.0,0.0,0.0,0,0
314400,49.5,49.0,17.5,0.0,0.0,0.0,40.0,1.0,1.0,1.0,0.0,0.0,0.0,0.0,0.0,0.0,100.0,100.0,100.0,1000.0,1000.0,1000.0,260.8350088802061,0,0,100.0,0.0,0.0,0,0
314600,49.5,49.0,17.5,0.0,0.0,0.0,40.0,1.0,1.0,1.0,0.0,0.0,0.0,0.0,0.0,0.0,100.0,100.0,100.0,1000.0,1000.0,1000.0,260.8350088802061,0,0,100.0,0.0,0.0,0,0
314800,49.5,49.0,17.5,0.0,0.0,0.0,40.0,1.0,1.0,1.0,0.0,0.0,0.0,0.0,0.0,0.0,100.0,100.0,100.0,1000.0,1000.0,1000.0,260.8350088802061,0,0,100.0,0.0,0.0,0,0
315000,49.5,49.0,17.5,0.0,0.0,0.0,40.0,1.0,1.0,1.0,0.0,0.0,0.0,0.0,0.0,0.0,100.0,100.0,100.0,1000.0,1000.0,1000.0,260.8350088802061,0,0,100.0,0.0,0.0,0,0
315200,49.5,49.0,17.5,0.0,0.0,0.0,40.0,1.0,1.0,1.0,0.0,0.0,0.0,0.0,0.0,0.0,100.0,100.0,100.0,1000.0,1000.0,1000.0,137.67446854104946,0,0,100.0,0.0,0.0,1,0
315400,49.5,49.0,17.5,0.0,0.0,0.0,40.0,1.0,1.0,1.0,0.0,0.0,0.0,0.0,0.0,0.0,100.0,100.0,100.0,1000.0,1000.0,1000.0,137.67446854104946,0,0,100.0,0.0,0.0,0,0
315600,49.5,49.0,17.5,0.0,0.0,0.0,40.0,1.0,1.0,1.0,0.0,0.0,0.0,0.0,0.0,0.0,100.0,100.0,100.0,1000.0,1000.0,1000.0,137.67446854104946,0,0,100.0,0.0,0.0,0,0
315800,49.5,49.0,17.5,0.0,0.0,0.0,40.0,1.0,1.0,1.0,0.0,0.0,0.0,0.0,0.0,0.0,100.0,100.0,100.0,1000.0,1000.0,1000.0,137.67446854104946,0,0,100.0,0.0,0.0,0,0
316000,50.0,49.0,17.5,0.0,0.0,0.0,40.0,1.0,1.0,1.0,0.0,0.0,0.0,0.0,0.0,0.0,100.0,100.0,100.0,1000.0,1000.0,1000.0,137.67446854104946,0,0,100.0,0.0,0.0,0,0
316200,50.0,49.0,17.5,0.0,0.0,0.0,40.0,1.0,1.0,1.0,0.0,0.0,0.0,0.0,0.0,0.0,100.0,100.0,100.0,1000.0,1000.0,1000.0,137.67446854104946,0,0,100.0,0.0,0.0,0,0
316400,50.0,49.0,17.5,0.0,0.0,0.0,40.0,1.0,1.0,1.0,0.0,0.0,0.0,0.0,0.0,0.0,100.0,100.0,100.0,1000.0,1000.0,1000.0,137.67446854104946,0,0,100.0,0.0,0.0,0,0
316600,50.0,49.5,17.5,0.0,0.0,0.0,40.0,1.0,1.0,1.0,0.0,0.0,0.0,0.0,0.0,0.0,100.0,100.0,100.0,1000.0,1000.0,1000.0,137.67446854104946,0,0,100.0,0.0,0.0,0,0
316800,50.0,49.5,17.5,0.0,0.0,0.0,40.0,1.0,1.0,1.0,0.0,0.0,0.0,0.0,0.0,0.0,100.0,100.0,100.0,1000.0,1000.0,1000.0,137.67446854104946,0,0,100.0,0.0,0.0,0,0
317000,50.0,49.5,17.5,0.0,0.0,0.0,40.0,1.0,1.0,1.0,0.0,0.0,0.0,0.0,0.0,0.0,100.0,100.0,100.0,1000.0,1000.0,1000.0,137.67446854104946,0,0,100.0,0.0,0.0,0,0
317200,50.0,49.5,17.5,0.0,0.0,0.0,40.0,1.0,1.0,1.0,0.0,0.0,0.0,0.0,0.0,0.0,100.0,100.0,100.0,1000.0,1000.0,1000.0,137.67446854104946,0,0,100.0,0.0,0.0,0,0
317400,50.0,49.5,17.5,0.0,0.0,0.0,40.0,1.0,1.0,1.0,0.0,0.0,0.0,0.0,0.0,0.0,100.0,100.0,100.0,1000.0,1000.0,1000.0,137.67446854104946,0,0,100.0,0.0,0.0,0,0
317600,50.0,49.5,17.5,0.0,0.0,0.0,40.0,1.0,1.0,1.0,0.0,0.0,0.0,0.0,0.0,0.0,100.0,100.0,100.0,1000.0,1000.0,1000.0,137.67446854104946,0,0,100.0,0.0,0.0,0,0
317800,50.0,49.5,17.5,0.0,0.0,0.0,40.0,1.0,1.0,1.0,0.0,0.0,0.0,0.0,0.0,0.0,100.0,100.0,100.0,1000.0,1000.0,1000.0,137.67446854104946,0,0,100.0,0.0,0.0,0,0
318000,50.5,49.5,17.5,0.0,0.0,0.0,40.0,1.0,1.0,1.0,0.0,0.0,0.0,0.0,0.0,0.0,100.0,100.0,100.0,1000.0,1000.0,1000.0,137.67446854104946,0,0,100.0,0.0,0.0,0,0
318200,50.5,49.5,17.5,0.0,0.0,0.0,40.0,1.0,1.0,1.0,0.0,0.0,0.0,0.0,0.0,0.0,100.0,100.0,100.0,1000.0,1000.0,1000.0,137.67446854104946,0,0,100.0,0.0,0.0,0,0
318400,50.5,49.5,17.5,0.0,0.0,0.0,40.0,1.0,1.0,1.0,0.0,0.0,0.0,0.0,0.0,0.0,100.0,100.0,100.0,1000.0,1000.0,1000.0,137.67446854104946,0,0,100.0,0.0,0.0,0,0
318600,50.5,50.0,17.5,0.0,0.0,0.0,40.0,1.0,1.0,1.0,0.0,0.0,0.0,0.0,0.0,0.0,100.0,100.0,100.0,1000.0,1000.0,1000.0,137.67446854104946,0,0,100.0,0.0,0.0,0,0
318800,50.5,50.0,17.5,0.0,0.0,0.0,40.0,1.0,1.0,1.0,0.0,0.0,0.0,0.0,0.0,0.0,100.0,100.0,100.0,1000.0,1000.0,1000.0,137.67446854104946,0,0,100.0,0.0,0.0,0,0
319000,50.5,50.0,17.5,0.0,0.0,0.0,40.0,1.0,1.0,1.0,0.0,0.0,0.0,0.0,0.0,0.0,100.0,100.0,100.0,1000.0,1000.0,1000.0,137.67446854104946,0,0,100.0,0.0,0.0,0,0
319200,50.5,50.0,17.5,0.0,0.0,0.0,40.0,1.0,1.0,1.0,0.0,0.0,0.0,0.0,0.0,0.0,100.0,100.0,100.0,1000.0,1000.0,1000.0,137.67446854104946,0,0,100.0,0.0,0.0,0,0
319400,50.5,50.0,17.5,0.0,0.0,0.0,40.0,1.0,1.0,1.0,0.0,0.0,0.0,0.0,0.0,0.0,100.0,100.0,100.0,1000.0,1000.0,1000.0,137.67446854104946,0,0,100.0,0.0,0.0,0,0
319600,51.0,50.0,17.5,0.0,0.0,0.0,40.0,1.0,1.0,1.0,0.0,0.0,0.0,0.0,0.0,0.0,100.0,100.0,100.0,1000.0,1000.0,1000.0,137.67446854104946,0,0,100.0,0.0,0.0,0,0
319800,51.0,50.0,17.5,0.0,0.0,0.0,40.0,1.0,1.0,1.0,0.0,0.0,0.0,0.0,0.0,0.0,100.0,100.0,100.0,1000.0,1000.0,1000.0,137.67446854104946,0,0,100.0,0.0,0.0,0,0
320000,51.0,50.0,17.5,0.0,0.0,0.0,40.0,1.0,1.0,1.0,0.0,0.0,0.0,0.0,0.0,0.0,100.0,100.0,100.0,1000.0,1000.0,1000.0,137.67446854104946,0,0,100.0,0.0,0.0,0,0
320200,51.0,50.0,17.5,0.0,0.0,0.0,40.0,1.0,1.0,1.0,0.0,0.0,0.0,0.0,0.0,0.0,100.0,100.0,100.0,1000.0,1000.0,1000.0,137.67446854104946,0,0,100.0,0.0,0.0,0,0
320400,51.0,50.0,17.5,0.0,0.0,0.0,40.0,1.0,1.0,1.0,0.0,0.0,0.0,0.0,0.0,0.0,100.0,100.0,100.0,1000.0,1000.0,1000.0,137.67446854104946,0,0,100.0,0.0,0.0,0,0
320600,51.0,50.5,17.5,0.0,0.0,0.0,40.0,1.0,1.0,1.0,0.0,0.0,0.0,0.0,0.0,0.0,100.0,100.0,100.0,1000.0,1000.0,1000.0,137.67446854104946,0,0,100.0,0.0,0.0,0,0
320800,51.0,50.5,17.5,0.0,0.0,0.0,40.0,1.0,1.0,1.0,0.0,0.0,0.0,0.0,0.0,0.0,100.0,100.0,100.0,1000.0,1000.0,1000.0,137.67446854104946,0,0,100.0,0.0,0.0,0,0
321000,51.0,50.5,17.5,0.0,0.0,0.0,40.0,1.0,1.0,1.0,0.0,0.0,0.0,0.0,0.0,0.0,100.0,100.0,100.0,1000.0,1000.0,1000.0,137.67446854104946,0,0,100.0,0.0,0.0,0,0
321200,51.0,50.5,17.5,0.0,0.0,0.0,40.0,1.0,1.0,1.0,0.0,0.0,0.0,0.0,0.0,0.0,100.0,100.0,100.0,1000.0,1000.0,1000.0,137.67446854104946,0,0,100.0,0.0,0.0,0,0
321400,51.0,50.5,17.5,0.0,0.0,0.0,40.0,1.0,1.0,1.0,0.0,0.0,0.0,0.0,0.0,0.0,100.0,100.0,100.0,1000.0,1000.0,1000.0,137.67446854104946,0,0,100.0,0.0,0.0,0,0
321600,51.0,50.5,17.5,0.0,0.0,0.0,40.0,1.0,1.0,1.0,0.0,0.0,0.0,0.0,0.0,0.0,100.0,100.0,100.0,1000.0,1000.0,1000.0,137.67446854104946,0,0,100.0,0.0,0.0,0,0
321800,51.0,50.5,17.5,0.0,0.0,0.0,40.0,1.0,1.0,1.0,0.0,0.0,0.0,0.0,0.0,0.0,100.0,100.0,100.0,1000.0,1000.0,1000.0,137.67446854104946,0,0,100.0,0.0,0.0,0,0
322000,51.5,50.5,17.5,0.0,0.0,0.0,40.0,1.0,1.0,1.0,0.0,0.0,0.0,0.0,0.0,0.0,100.0,100.0,100.0,1000.0,1000.0,1000.0,137.67446854104946,0,0,100.0,0.0,0.0,0,0
322200,51.5,50.5,17.5,0.0,0.0,0.0,40.0,1.0,1.0,1.0,0.0,0.0,0.0,0.0,0.0,0.0,100.0,100.0,100.0,1000.0,1000.0,1000.0,137.67446854104946,0,0,100.0,0.0,0.0,0,0
322400,51.5,50.5,17.5,0.0,0.0,0.0,40.0,1.0,1.0,1.0,0.0,0.0,0.0,0.0,0.0,0.0,100.0,100.0,100.0,1000.0,1000.0,1000.0,137.67446854104946,0,0,100.0,0.0,0.0,0,0
322600,51.5,51.0,17.5,0.0,0.0,0.0,40.0,1.0,1.0,1.0,0.0,0.0,0.0,0.0,0.0,0.0,100.0,100.0,100.0,1000.0,1000.0,1000.0,137.67446854104946,0,0,100.0,0.0,0.0,0,0
322800,51.5,51.0,17.5,0.0,0.0,0.0,40.0,1.0,1.0,1.0,0.0,0.0,0.0,0.0,0.0,0.0,100.0,100.0,100.0,1000.0,1000.0,1000.0,137.67446854104946,0,0,100.0,0.0,0.0,0,0
323000,51.5,51.0,17.5,0.0,0.0,0.0,40.0,1.0,1.0,1.0,0.0,0.0,0.0,0.0,0.0,0.0,100.0,100.0,100.0,1000.0,1000.0,1000.0,137.67446854104946,0,0,100.0,0.0,0.0,0,0
323200,51.5,51.0,17.5,0.0,0.0,0.0,40.0,1.0,1.0,1.0,0.0,0.0,0.0,0.0,0.0,0.0,100.0,100.0,100.0,1000.0,1000.0,1000.0,137.67446854104946,0,0,100.0,0.0,0.0,0,0
323400,51.5,51.0,17.5,0.0,0.0,0.0,40.0,1.0,1.0,1.0,0.0,0.0,0.0,0.0,0.0,0.0,100.0,100.0,100.0,1000.0,1000.0,1000.0,137.67446854104946,0,0,100.0,0.0,0.0,0,0
323600,51.5,51.0,17.5,0.0,0.0,0.0,40.0,1.0,1.0,1.0,0.0,0.0,0.0,0.0,0.0,0.0,100.0,100.0,100.0,1000.0,1000.0,1000.0,137.67446854104946,0,0,100.0,0.0,0.0,0,0
323800,51.5,51.0,17.5,0.0,0.0,0.0,40.0,1.0,1.0,1.0,0.0,0.0,0.0,0.0,0.0,0.0,100.0,100.0,100.0,1000.0,1000.0,1000.0,137.67446854104946,0,0,100.0,0.0,0.0,0,0
324000,52.0,51.0,17.5,0.0,0.0,0.0,40.0,1.0,1.0,1.0,0.0,0.0,0.0,0.0,0.0,0.0,100.0,100.0,100.0,1000.0,1000.0,1000.0,137.67446854104946,0,0,100.0,0.0,0.0,0,0
324200,52.0,51.0,17.5,0.0,0.0,0.0,40.0,1.0,1.0,1.0,0.0,0.0,0.0,0.0,0.0,0.0,100.0,100.0,100.0,1000.0,1000.0,1000.0,137.67446854104946,0,0,100.0,0.0,0.0,0,0
324400,52.0,51.0,17.5,0.0,0.0,0.0,40.0,1.0,1.0,1.0,0.0,0.0,0.0,0.0,0.0,0.0,100.0,100.0,100.0,1000.0,1000.0,1000.0,137.67446854104946,0,0,100.0,0.0,0.0,0,0
324600,52.0,51.5,17.5,0.0,0.0,0.0,40.0,1.0,1.0,1.0,0.0,0.0,0.0,0.0,0.0,0.0,100.0,100.0,100.0,1000.0,1000.0,1000.0,137.67446854104946,0,0,100.0,0.0,0.0,0,0
324800,52.0,51.5,17.5,0.0,0.0,0.0,40.0,1.0,1.0,1.0,0.0,0.0,0.0,0.0,0.0,0.0,100.0,100.0,100.0,1000.0,1000.0,1000.0,137.67446854104946,0,0,100.0,0.0,0.0,0,0
325000,52.0,51.5,17.5,0.0,0.0,0.0,40.0,1.0,1.0,1.0,0.0,0.0,0.0,0.0,0.0,0.0,100.0,100.0,100.0,1000.0,1000.0,1000.0,137.67446854104946,0,0,100.0,0.0,0.0,0,0
325200,52.0,51.5,17.5,0.0,0.0,0.0,40.0,1.0,1.0,1.0,0.0,0.0,0.0,0.0,0.0,0.0,100.0,100.0,100.0,1000.0,1000.0,1000.0,137.67446854104946,0,0,100.0,0.0,0.0,0,0
325400,52.0,51.5,17.5,0.0,0.0,0.0,40.0,1.0,1.0,1.0,0.0,0.0,0.0,0.0,0.0,0.0,100.0,100.0,100.0,1000.0,1000.0,1000.0,137.67446854104946,0,0,100.0,0.0,0.0,0,0
325600,52.0,51.5,17.5,0.0,0.0,0.0,40.0,1.0,1.0,1.0,0.0,0.0,0.0,0.0,0.0,0.0,100.0,100.0,100.0,1000.0,1000.0,1000.0,137.67446854104946,0,0,100.0,0.0,0.0,0,0
325800,52.0,51.5,17.5,0.0,0.0,0.0,40.0,1.0,1.0,1.0,0.0,0.0,0.0,0.0,0.0,0.0,100.0,100.0,100.0,1000.0,1000.0,1000.0,137.67446854104946,0,0,100.0,0.0,0.0,0,0
326000,52.5,51.5,17.5,0.0,0.0,0.0,40.0,1.0,1.0,1.0,0.0,0.0,0.0,0.0,0.0,0.0,100.0,100.0,100.0,1000.0,1000.0,1000.0,137.67446854104946,0,0,100.0,0.0,0.0,0,0
326200,52.5,51.5,17.5,0.0,0.0,0.0,40.0,1.0,1.0,1.0,0.0,0.0,0.0,0.0,0.0,0.0,100.0,100.0,100.0,1000.0,1000.0,1000.0,137.67446854104946,0,0,100.0,0.0,0.0,0,0
326400,52.5,51.5,17.5,0.0,0.0,0.0,40.0,1.0,1.0,1.0,0.0,0.0,0.0,0.0,0.0,0.0,100.0,100.0,100.0,1000.0,1000.0,1000.0,137.67446854104946,0,0,100.0,0.0,0.0,0,0
326600,52.5,52.0,17.5,0.0,0.0,0.0,40.0,1.0,1.0,1.0,0.0,0.0,0.0,0.0,0.0,0.0,100.0,100.0,100.0,1000.0,1000.0,1000.0,137.67446854104946,0,0,100.0,0.0,0.0,0,0
326800,52.5,52.0,17.5,0.0,0.0,0.0,40.0,1.0,1.0,1.0,0.0,0.0,0.0,0.0,0.0,0.0,100.0,100.0,100.0,1000.0,1000.0,1000.0,137.67446854104946,0,0,100.0,0.0,0.0,0,0
327000,52.5,52.0,17.5,0.0,0.0,0.0,40.0,1.0,1.0,1.0,0.0,0.0,0.0,0.0,0.0,0.0,100.0,100.0,100.0,1000.0,1000.0,1000.0,137.67446854104946,0,0,100.0,0.0,0.0,0,0
327200,52.5,52.0,17.5,0.0,0.0,0.0,40.0,1.0,1.0,1.0,0.0,0.0,0.0,0.0,0.0,0.0,100.0,100.0,100.0,1000.0,1000.0,1000.0,137.67446854104946,0,0,100.0,0.0,0.0,0,0
327400,52.5,52.0,17.5,0.0,0.0,0.0,40.0,1.0,1.0,1.0,0.0,0.0,0.0,0.0,0.0,0.0,100.0,100.0,100.0,1000.0,1000.0,1000.0,137.67446854104946,0,0,100.0,0.0,0.0,0,0
327600,53.0,52.0,17.5,0.0,0.0,0.0,40.0,1.0,1.0,1.0,0.0,0.0,0.0,0.0,0.0,0.0,100.0,100.0,100.0,1000.0,1000.0,1000.0,137.67446854104946,0,0,100.0,0.0,0.0,0,0
327800,53.0,52.0,17.5,0.0,0.0,0.0,40.0,1.0,1.0,1.0,0.0,0.0,0.0,0.0,0.0,0.0,100.0,100.0,100.0,1000.0,1000.0,1000.0,137.67446854104946,0,0,100.0,0.0,0.0,0,0
328000,53.0,52.0,17.5,0.0,0.0,0.0,40.0,1.0,1.0,1.0,0.0,0.0,0.0,0.0,0.0,0.0,100.0,100.0,100.0,1000.0,1000.0,1000.0,137.67446854104946,0,0,100.0,0.0,0.0,0,0
328200,53.0,52.0,17.5,0.0,0.0,0.0,40.0,1.0,1.0,1.0,0.0,0.0,0.0,0.0,0.0,0.0,100.0,100.0,100.0,1000.0,1000.0,1000.0,137.67446854104946,0,0,100.0,0.0,0.0,0,0
328400,53.0,52.0,17.5,0.0,0.0,0.0,40.0,1.0,1.0,1.0,0.0,0.0,0.0,0.0,0.0,0.0,100.0,100.0,100.0,1000.0,1000.0,1000.0,137.67446854104946,0,0,100.0,0.0,0.0,0,0
328600,53.0,52.5,17.5,0.0,0.0,0.0,40.0,1.0,1.0,1.0,0.0,0.0,0.0,0.0,0.0,0.0,100.0,100.0,100.0,1000.0,1000.0,1000.0,137.67446854104946,0,0,100.0,0.0,0.0,0,0
328800,53.0,52.5,17.5,0.0,0.0,0.0,40.0,1.0,1.0,1.0,0.0,0.0,0.0,0.0,0.0,0.0,100.0,100.0,100.0,1000.0,1000.0,1000.0,137.67446854104946,0,0,100.0,0.0,0.0,0,0
329000,53.0,52.5,17.5,0.0,0.0,0.0,40.0,1.0,1.0,1.0,0.0,0.0,0.0,0.0,0.0,0.0,100.0,100.0,100.0,1000.0,1000.0,1000.0,137.67446854104946,0,0,100.0,0.0,0.0,0,0
329200,53.0,52.5,17.5,0.0,0.0,0.0,40.0,1.0,1.0,1.0,0.0,0.0,0.0,0.0,0.0,0.0,100.0,100.0,100.0,1000.0,1000.0,1000.0,137.67446854104946,0,0,100.0,0.0,0.0,0,0
329400,53.0,52.5,17.5,0.0,0.0,0.0,40.0,1.0,1.0,1.0,0.0,0.0,0.0,0.0,0.0,0.0,100.0,100.0,100.0,1000.0,1000.0,1000.0,137.67446854104946,0,0,100.0,0.0,0.0,0,0
329600,53.5,52.5,17.5,0.0,0.0,0.0,40.0,1.0,1.0,1.0,0.0,0.0,0.0,0.0,0.0,0.0,100.0,100.0,100.0,1000.0,1000.0,1000.0,137.67446854104946,0,0,100.0,0.0,0.0,0,0
329800,53.5,52.5,17.5,0.0,0.0,0.0,40.0,1.0,1.0,1.0,0.0,0.0,0.0,0.0,0.0,0.0,100.0,100.0,100.0,1000.0,1000.0,1000.0,137.67446854104946,0,0,100.0,0.0,0.0,0,0
330000,53.5,52.5,17.5,0.0,0.0,0.0,40.0,1.0,1.0,1.0,0.0,0.0,0.0,0.0,0.0,0.0,100.0,100.0,100.0,1000.0,1000.0,1000.0,137.67446854104946,0,0,100.0,0.0,0.0,0,0
330200,53.5,52.5,17.5,0.0,0.0,0.0,40.0,1.0,1.0,1.0,0.0,0.0,0.0,0.0,0.0,0.0,100.0,100.0,100.0,1000.0,1000.0,1000.0,104.02970137698225,0,0,100.0,0.0,0.0,1,0
330400,53.5,52.5,17.5,0.0,0.0,0.0,40.0,1.0,1.0,1.0,0.0,0.0,0.0,0.0,0.0,0.0,100.0,100.0,100.0,1000.0,1000.0,1000.0,104.02970137698225,0,0,100.0,0.0,0.0,0,0
330600,53.5,53.0,17.5,0.0,0.0,0.0,40.0,1.0,1.0,1.0,0.0,0.0,0.0,0.0,0.0,0.0,100.0,100.0,100.0,1000.0,1000.0,1000.0,104.02970137698225,0,0,100.0,0.0,0.0,0,0
330800,53.5,53.0,17.5,0.0,0.0,0.0,40.0,1.0,1.0,1.0,0.0,0.0,0.0,0.0,0.0,0.0,100.0,100.0,100.0,1000.0,1000.0,1000.0,104.02970137698225,0,0,100.0,0.0,0.0,0,0
331000,53.5,53.0,17.5,0.0,0.0,0.0,40.0,1.0,1.0,1.0,0.0,0.0,0.0,0.0,0.0,0.0,100.0,100.0,100.0,1000.0,1000.0,1000.0,104.02970137698225,0,0,100.0,0.0,0.0,0,0
331200,53.5,53.0,17.5,0.0,0.0,0.0,40.0,1.0,1.0,1.0,0.0,0.0,0.0,0.0,0.0,0.0,100.0,100.0,100.0,1000.0,1000.0,1000.0,104.02970137698225,0,0,100.0,0.0,0.0,0,0
331400,53.5,53.0,17.5,0.0,0.0,0.0,40.0,1.0,1.0,1.0,0.0,0.0,0.0,0.0,0.0,0.0,100.0,100.0,100.0,1000.0,1000.0,1000.0,104.02970137698225,0,0,100.0,0.0,0.0,0,0
331600,54.0,53.0,17.5,0.0,0.0,0.0,40.0,1.0,1.0,1.0,0.0,0.0,0.0,0.0,0.0,0.0,100.0,100.0,100.0,1000.0,1000.0,1000.0,104.02970137698225,0,0,100.0,0.0,0.0,0,0
331800,54.0,53.0,17.5,0.0,0.0,0.0,40.0,1.0,1.0,1.0,0.0,0.0,0.0,0.0,0.0,0.0,100.0,100.0,100.0,1000.0,1000.0,1000.0,104.02970137698225,0,0,100.0,0.0,0.0,0,0
332000,54.0,53.0,17.5,0.0,0.0,0.0,40.0,1.0,1.0,1.0,0.0,0.0,0.0,0.0,0.0,0.0,100.0,100.0,100.0,1000.0,1000.0,1000.0,104.02970137698225,0,0,100.0,0.0,0.0,0,0
332200,54.0,53.0,17.5,0.0,0.0,0.0,40.0,1.0,1.0,1.0,0.0,0.0,0.0,0.0,0.0,0.0,100.0,100.0,100.0,1000.0,1000.0,1000.0,104.02970137698225,0,0,100.0,0.0,0.0,0,0
332400,54.0,53.0,17.5,0.0,0.0,0.0,40.0,1.0,1.0,1.0,0.0,0.0,0.0,0.0,0.0,0.0,100.0,100.0,100.0,1000.0,1000.0,1000.0,104.02970137698225,0,0,100.0,0.0,0.0,0,0
332600,54.0,53.5,17.5,0.0,0.0,0.0,40.0,1.0,1.0,1.0,0.0,0.0,0.0,0.0,0.0,0.0,100.0,100.0,100.0,1000.0,1000.0,1000.0,104.02970137698225,0,0,100.0,0.0,0.0,0,0
332800,54.0,53.5,17.5,0.0,0.0,0.0,40.0,1.0,1.0,1.0,0.0,0.0,0.0,0.0,0.0,0.0,100.0,100.0,100.0,1000.0,1000.0,1000.0,104.02970137698225,0,0,100.0,0.0,0.0,0,0
333000,54.0,53.5,17.5,0.0,0.0,0.0,40.0,1.0,1.0,1.0,0.0,0.0,0.0,0.0,0.0,0.0,100.0,100.0,100.0,1000.0,1000.0,1000.0,104.02970137698225,0,0,100.0,0.0,0.0,0,0
333200,54.0,53.5,17.5,0.0,0.0,0.0,40.0,1.0,1.0,1.0,0.0,0.0,0.0,0.0,0.0,0.0,100.0,100.0,100.0,1000.0,1000.0,1000.0,104.02970137698225,0,0,100.0,0.0,0.0,0,0
333400,54.0,53.5,17.5,0.0,0.0,0.0,40.0,1.0,1.0,1.0,0.0,0.0,0.0,0.0,0.0,0.0,100.0,100.0,100.0,1000.0,1000.0,1000.0,104.02970137698225,0,0,100.0,0.0,0.0,0,0
333600,54.5,53.5,17.5,0.0,0.0,0.0,40.0,1.0,1.0,1.0,0.0,0.0,0.0,0.0,0.0,0.0,100.0,100.0,100.0,1000.0,1000.0,1000.0,104.02970137698225,0,0,100.0,0.0,0.0,0,0
333800,54.5,53.5,17.5,0.0,0.0,0.0,40.0,1.0,1.0,1.0,0.0,0.0,0.0,0.0,0.0,0.0,100.0,100.0,100.0,1000.0,1000.0,1000.0,104.02970137698225,0,0,100.0,0.0,0.0,0,0
334000,54.5,53.5,17.5,0.0,0.0,0.0,40.0,1.0,1.0,1.0,0.0,0.0,0.0,0.0,0.0,0.0,100.0,100.0,100.0,1000.0,1000.0,1000.0,104.02970137698225,0,0,100.0,0.0,0.0,0,0
334200,54.5,53.5,17.5,0.0,0.0,0.0,40.0,1.0,1.0,1.0,0.0,0.0,0.0,0.0,0.0,0.0,100.0,100.0,100.0,1000.0,1000.0,1000.0,104.02970137698225,0,0,100.0,0.0,0.0,0,0
334400,54.5,53.5,17.5,0.0,0.0,0.0,40.0,1.0,1.0,1.0,0.0,0.0,0.0,0.0,0.0,0.0,100.0,100.0,100.0,1000.0,1000.0,1000.0,104.02970137698225,0,0,100.0,0.0,0.0,0,0
334600,54.5,54.0,17.5,0.0,0.0,0.0,40.0,1.0,1.0,1.0,0.0,0.0,0.0,0.0,0.0,0.0,100.0,100.0,100.0,1000.0,1000.0,1000.0,104.02970137698225,0,0,100.0,0.0,0.0,0,0
334800,54.5,54.0,17.5,0.0,0.0,0.0,40.0,1.0,1.0,1.0,0.0,0.0,0.0,0.0,0.0,0.0,100.0,100.0,100.0,1000.0,1000.0,1000.0,104.02970137698225,0,0,100.0,0.0,0.0,0,0
335000,55.0,54.0,17.5,0.0,0.0,0.0,40.0,1.0,1.0,1.0,0.0,0.0,0.0,0.0,0.0,0.0,100.0,100.0,100.0,1000.0,1000.0,1000.0,104.02970137698225,0,0,100.0,0.0,0.0,0,0
335200,55.0,54.0,17.5,0.0,0.0,0.0,40.0,1.0,1.0,1.0,0.0,0.0,0.0,0.0,0.0,0.0,100.0,100.0,100.0,1000.0,1000.0,1000.0,104.02970137698225,0,0,100.0,0.0,0.0,0,0
335400,55.0,54.0,17.5,0.0,0.0,0.0,40.0,1.0,1.0,1.0,0.0,0.0,0.0,0.0,0.0,0.0,100.0,100.0,100.0,1000.0,1000.0,1000.0,104.02970137698225,0,0,100.0,0.0,0.0,0,0
335600,55.0,54.0,17.5,0.0,0.0,0.0,40.0,1.0,1.0,1.0,0.0,0.0,0.0,0.0,0.0,0.0,100.0,100.0,100.0,1000.0,1000.0,1000.0,104.02970137698225,0,0,100.0,0.0,0.0,0,0
335800,55.0,54.0,17.5,0.0,0.0,0.0,40.0,1.0,1.0,1.0,0.0,0.0,0.0,0.0,0.0,0.0,100.0,100.0,100.0,1000.0,1000.0,1000.0,104.02970137698225,0,0,100.0,0.0,0.0,0,0
336000,55.0,54.0,17.5,0.0,0.0,0.0,40.0,1.0,1.0,1.0,0.0,0.0,0.0,0.0,0.0,0.0,100.0,100.0,100.0,1000.0,1000.0,1000.0,104.02970137698225,0,0,100.0,0.0,0.0,0,0
336200,55.0,54.0,17.5,0.0,0.0,0.0,40.0,1.0,1.0,1.0,0.0,0.0,0.0,0.0,0.0,0.0,100.0,100.0,100.0,1000.0,1000.0,1000.0,104.02970137698225,0,0,100.0,0.0,0.0,0,0
336400,55.0,54.0,17.5,0.0,0.0,0.0,40.0,1.0,1.0,1.0,0.0,0.0,0.0,0.0,0.0,0.0,100.0,100.0,100.0,1000.0,1000.0,1000.0,104.02970137698225,0,0,100.0,0.0,0.0,0,0
336600,55.0,54.5,17.5,0.0,0.0,0.0,40.0,1.0,1.0,1.0,0.0,0.0,0.0,0.0,0.0,0.0,100.0,100.0,100.0,1000.0,1000.0,1000.0,104.02970137698225,0,0,100.0,0.0,0.0,0,0
336800,55.0,54.5,17.5,0.0,0.0,0.0,40.0,1.0,1.0,1.0,0.0,0.0,0.0,0.0,0.0,0.0,100.0,100.0,100.0,1000.0,1000.0,1000.0,104.02970137698225,0,0,100.0,0.0,0.0,0,0
337000,55.5,54.5,17.5,0.0,0.0,0.0,40.0,1.0,1.0,1.0,0.0,0.0,0.0,0.0,0.0,0.0,100.0,100.0,100.0,1000.0,1000.0,1000.0,104.02970137698225,0,0,100.0,0.0,0.0,0,0
337200,55.5,54.5,17.5,0.0,0.0,0.0,40.0,1.0,1.0,1.0,0.0,0.0,0.0,0.0,0.0,0.0,100.0,100.0,100.0,1000.0,1000.0,1000.0,104.02970137698225,0,0,100.0,0.0,0.0,0,0
337400,55.5,54.5,17.5,0.0,0.0,0.0,40.0,1.0,1.0,1.0,0.0,0.0,0.0,0.0,0.0,0.0,100.0,100.0,100.0,1000.0,1000.0,1000.0,104.02970137698225,0,0,100.0,0.0,0.0,0,0
337600,55.5,54.5,17.5,0.0,0.0,0.0,40.0,1.0,1.0,1.0,0.0,0.0,0.0,0.0,0.0,0.0,100.0,100.0,100.0,1000.0,1000.0,1000.0,104.02970137698225,0,0,100.0,0.0,0.0,0,0
337800,55.5,54.5,17.5,0.0,0.0,0.0,40.0,1.0,1.0,1.0,0.0,0.0,0.0,0.0,0.0,0.0,100.0,100.0,100.0,1000.0,1000.0,1000.0,104.02970137698225,0,0,100.0,0.0,0.0,0,0
338000,55.5,54.5,17.5,0.0,0.0,0.0,40.0,1.0,1.0,1.0,0.0,0.0,0.0,0.0,0.0,0.0,100.0,100.0,100.0,1000.0,1000.0,1000.0,104.02970137698225,0,0,100.0,0.0,0.0,0,0
338200,55.5,54.5,17.5,0.0,0.0,0.0,40.0,1.0,1.0,1.0,0.0,0.0,0.0,0.0,0.0,0.0,100.0,100.0,100.0,1000.0,1000.0,1000.0,104.02970137698225,0,0,100.0,0.0,0.0,0,0
338400,55.5,54.5,17.5,0.0,0.0,0.0,40.0,1.0,1.0,1.0,0.0,0.0,0.0,0.0,0.0,0.0,100.0,100.0,100.0,1000.0,1000.0,1000.0,104.02970137698225,0,0,100.0,0.0,0.0,0,0
338600,55.5,55.0,17.5,0.0,0.0,0.0,40.0,1.0,1.0,1.0,0.0,0.0,0.0,0.0,0.0,0.0,100.0,100.0,100.0,1000.0,1000.0,1000.0,104.02970137698225,0,0,100.0,0.0,0.0,0,0
338800,55.5,55.0,17.5,0.0,0.0,0.0,40.0,1.0,1.0,1.0,0.0,0.0,0.0,0.0,0.0,0.0,100.0,100.0,100.0,1000.0,1000.0,1000.0,104.02970137698225,0,0,100.0,0.0,0.0,0,0
339000,56.0,55.0,17.5,0.0,0.0,0.0,40.0,1.0,1.0,1.0,0.0,0.0,0.0,0.0,0.0,0.0,100.0,100.0,100.0,1000.0,1000.0,1000.0,104.02970137698225,0,0,100.0,0.0,0.0,0,0
339200,56.0,55.0,17.5,0.0,0.0,0.0,40.0,1.0,1.0,1.0,0.0,0.0,0.0,0.0,0.0,0.0,100.0,100.0,100.0,1000.0,1000.0,1000.0,104.02970137698225,0,0,100.0,0.0,0.0,0,0
339400,56.0,55.0,17.5,0.0,0.0,0.0,40.0,1.0,1.0,1.0,0.0,0.0,0.0,0.0,0.0,0.0,100.0,100.0,100.0,1000.0,1000.0,1000.0,104.02970137698225,0,0,100.0,0.0,0.0,0,0
339600,56.0,55.0,17.5,0.0,0.0,0.0,40.0,1.0,1.0,1.0,0.0,0.0,0.0,0.0,0.0,0.0,100.0,100.0,100.0,1000.0,1000.0,1000.0,104.02970137698225,0,0,100.0,0.0,0.0,0,0
339800,56.0,55.0,17.5,0.0,0.0,0.0,40.0,1.0,1.0,1.0,0.0,0.0,0.0,0.0,0.0,0.0,100.0,100.0,100.0,1000.0,1000.0,1000.0,104.02970137698225,0,0,100.0,0.0,0.0,0,0
340000,56.0,55.0,17.5,0.0,0.0,0.0,40.0,1.0,1.0,1.0,0.0,0.0,0.0,0.0,0.0,0.0,100.0,100.0,100.0,1000.0,1000.0,1000.0,104.02970137698225,0,0,100.0,0.0,0.0,0,0
340200,56.0,55.0,17.5,0.0,0.0,0.0,40.0,1.0,1.0,1.0,0.0,0.0,0.0,0.0,0.0,0.0,100.0,100.0,100.0,1000.0,1000.0,1000.0,104.02970137698225,0,0,100.0,0.0,0.0,0,0
340400,56.0,55.0,17.5,0.0,0.0,0.0,40.0,1.0,1.0,1.0,0.0,0.0,0.0,0.0,0.0,0.0,100.0,100.0,100.0,1000.0,1000.0,1000.0,104.02970137698225,0,0,100.0,0.0,0.0,0,0
340600,56.0,55.5,17.5,0.0,0.0,0.0,40.0,1.0,1.0,1.0,0.0,0.0,0.0,0.0,0.0,0.0,100.0,100.0,100.0,1000.0,1000.0,1000.0,104.02970137698225,0,0,100.0,0.0,0.0,0,0
340800,56.0,55.5,17.5,0.0,0.0,0.0,40.0,1.0,1.0,1.0,0.0,0.0,0.0,0.0,0.0,0.0,100.0,100.0,100.0,1000.0,1000.0,1000.0,104.02970137698225,0,0,100.0,0.0,0.0,0,0
341000,56.0,55.5,17.5,0.0,0.0,0.0,40.0,1.0,1.0,1.0,0.0,0.0,0.0,0.0,0.0,0.0,100.0,100.0,100.0,1000.0,1000.0,1000.0,104.02970137698225,0,0,100.0,0.0,0.0,0,0
341200,56.0,55.5,17.5,0.0,0.0,0.0,40.0,1.0,1.0,1.0,0.0,0.0,0.0,0.0,0.0,0.0,100.0,100.0,100.0,1000.0,1000.0,1000.0,104.02970137698225,0,0,100.0,0.0,0.0,0,0
341400,56.0,55.5,17.5,0.0,0.0,0.0,40.0,1.0,1.0,1.0,0.0,0.0,0.0,0.0,0.0,0.0,100.0,100.0,100.0,1000.0,1000.0,1000.0,104.02970137698225,0,0,100.0,0.0,0.0,0,0
341600,56.5,55.5,17.5,0.0,0.0,0.0,40.0,1.0,1.0,1.0,0.0,0.0,0.0,0.0,0.0,0.0,100.0,100.0,100.0,1000.0,1000.0,1000.0,104.02970137698225,0,0,100.0,0.0,0.0,0,0
341800,56.5,55.5,17.5,0.0,0.0,0.0,40.0,1.0,1.0,1.0,0.0,0.0,0.0,0.0,0.0,0.0,100.0,100.0,100.0,1000.0,1000.0,1000.0,104.02970137698225,0,0,100.0,0.0,0.0,0,0
342000,56.5,55.5,17.5,0.0,0.0,0.0,40.0,1.0,1.0,1.0,0.0,0.0,0.0,0.0,0.0,0.0,100.0,100.0,100.0,1000.0,1000.0,1000.0,104.02970137698225,0,0,100.0,0.0,0.0,0,0
342200,56.5,55.5,17.5,0.0,0.0,0.0,40.0,1.0,1.0,1.0,0.0,0.0,0.0,0.0,0.0,0.0,100.0,100.0,100.0,1000.0,1000.0,1000.0,104.02970137698225,0,0,100.0,0.0,0.0,0,0
342400,56.5,55.5,17.5,0.0,0.0,0.0,40.0,1.0,1.0,1.0,0.0,0.0,0.0,0.0,0.0,0.0,100.0,100.0,100.0,1000.0,1000.0,1000.0,104.02970137698225,0,0,100.0,0.0,0.0,0,0
342600,56.5,55.5,17.5,0.0,0.0,0.0,40.0,1.0,1.0,1.0,0.0,0.0,0.0,0.0,0.0,0.0,100.0,100.0,100.0,1000.0,1000.0,1000.0,104.02970137698225,0,0,100.0,0.0,0.0,0,0
342800,56.5,55.5,17.5,0.0,0.0,0.0,40.0,1.0,1.0,1.0,0.0,0.0,0.0,0.0,0.0,0.0,100.0,100.0,100.0,1000.0,1000.0,1000.0,104.02970137698225,0,0,100.0,0.0,0.0,0,0
343000,56.5,56.0,17.5,0.0,0.0,0.0,40.0,1.0,1.0,1.0,0.0,0.0,0.0,0.0,0.0,0.0,100.0,100.0,100.0,1000.0,1000.0,1000.0,104.02970137698225,0,0,100.0,0.0,0.0,0,0
343200,56.5,56.0,17.5,0.0,0.0,0.0,40.0,1.0,1.0,1.0,0.0,0.0,0.0,0.0,0.0,0.0,100.0,100.0,100.0,1000.0,1000.0,1000.0,104.02970137698225,0,0,100.0,0.0,0.0,0,0
343400,56.5,56.0,17.5,0.0,0.0,0.0,40.0,1.0,1.0,1.0,0.0,0.0,0.0,0.0,0.0,0.0,100.0,100.0,100.0,1000.0,1000.0,1000.0,104.02970137698225,0,0,100.0,0.0,0.0,0,0
343600,57.0,56.0,17.5,0.0,0.0,0.0,40.0,1.0,1.0,1.0,0.0,0.0,0.0,0.0,0.0,0.0,100.0,100.0,100.0,1000.0,1000.0,1000.0,104.02970137698225,0,0,100.0,0.0,0.0,0,0
343800,57.0,56.0,17.5,0.0,0.0,0.0,40.0,1.0,1.0,1.0,0.0,0.0,0.0,0.0,0.0,0.0,100.0,100.0,100.0,1000.0,1000.0,1000.0,104.02970137698225,0,0,100.0,0.0,0.0,0,0
344000,57.0,56.0,17.5,0.0,0.0,0.0,40.0,1.0,1.0,1.0,0.0,0.0,0.0,0.0,0.0,0.0,100.0,100.0,100.0,1000.0,1000.0,1000.0,104.02970137698225,0,0,100.0,0.0,0.0,0,0
344200,57.0,56.0,17.5,0.0,0.0,0.0,40.0,1.0,1.0,1.0,0.0,0.0,0.0,0.0,0.0,0.0,100.0,100.0,100.0,1000.0,1000.0,1000.0,104.02970137698225,0,0,100.0,0.0,0.0,0,0
344400,57.0,56.0,17.5,0.0,0.0,0.0,40.0,1.0,1.0,1.0,0.0,0.0,0.0,0.0,0.0,0.0,100.0,100.0,100.0,1000.0,1000.0,1000.0,104.02970137698225,0,0,100.0,0.0,0.0,0,0
344600,57.0,56.0,17.5,0.0,0.0,0.0,40.0,1.0,1.0,1.0,0.0,0.0,0.0,0.0,0.0,0.0,100.0,100.0,100.0,1000.0,1000.0,1000.0,104.02970137698225,0,0,100.0,0.0,0.0,0,0
344800,57.0,56.0,17.5,0.0,0.0,0.0,40.0,1.0,1.0,1.0,0.0,0.0,0.0,0.0,0.0,0.0,100.0,100.0,100.0,1000.0,1000.0,1000.0,104.02970137698225,0,0,100.0,0.0,0.0,0,0
345000,57.0,56.5,17.5,0.0,0.0,0.0,40.0,1.0,1.0,1.0,0.0,0.0,0.0,0.0,0.0,0.0,100.0,100.0,100.0,1000.0,1000.0,1000.0,104.02970137698225,0,0,100.0,0.0,0.0,0,0
345200,57.0,56.5,17.5,0.0,0.0,0.0,40.0,1.0,1.0,1.0,0.0,0.0,0.0,0.0,0.0,0.0,100.0,100.0,100.0,1000.0,1000.0,1000.0,40.99844215409155,0,0,40.99844215409155,0.0,0.0,1,0
345400,57.0,56.5,17.5,0.0,0.0,0.0,40.0,1.0,1.0,1.0,0.0,0.0,0.0,0.0,0.0,0.0,100.0,100.0,100.0,1000.0,1000.0,1000.0,40.99844215409155,0,0,40.99844215409155,0.0,0.0,0,0
345600,57.5,56.5,17.5,0.0,0.0,0.0,40.0,1.0,1.0,1.0,0.0,0.0,0.0,0.0,0.0,0.0,100.0,100.0,100.0,1000.0,1000.0,1000.0,40.99844215409155,0,0,40.99844215409155,0.0,0.0,0,0
345800,57.5,56.5,17.5,0.0,0.0,0.0,40.0,1.0,1.0,1.0,0.0,0.0,0.0,0.0,0.0,0.0,100.0,100.0,100.0,1000.0,1000.0,1000.0,40.99844215409155,0,0,40.99844215409155,0.0,0.0,0,0
346000,57.5,56.5,17.5,0.0,0.0,0.0,40.0,1.0,1.0,1.0,0.0,0.0,0.0,0.0,0.0,0.0,100.0,100.0,100.0,1000.0,1000.0,1000.0,40.99844215409155,0,0,40.99844215409155,0.0,0.0,0,0
346200,57.5,56.5,17.5,0.0,0.0,0.0,40.0,1.0,1.0,1.0,0.0,0.0,0.0,0.0,0.0,0.0,100.0,100.0,100.0,1000.0,1000.0,1000.0,40.99844215409155,0,0,40.99844215409155,0.0,0.0,0,0
346400,57.5,56.5,17.5,0.0,0.0,0.0,40.0,1.0,1.0,1.0,0.0,0.0,0.0,0.0,0.0,0.0,100.0,100.0,100.0,1000.0,1000.0,1000.0,40.99844215409155,0,0,40.99844215409155,0.0,0.0,0,0
346600,57.5,56.5,17.5,0.0,0.0,0.0,40.0,1.0,1.0,1.0,0.0,0.0,0.0,0.0,0.0,0.0,100.0,100.0,100.0,1000.0,1000.0,1000.0,40.99844215409155,0,0,40.99844215409155,0.0,0.0,0,0
346800,57.5,56.5,17.5,0.0,0.0,0.0,40.0,1.0,1.0,1.0,0.0,0.0,0.0,0.0,0.0,0.0,100.0,100.0,100.0,1000.0,1000.0,1000.0,40.99844215409155,0,0,40.99844215409155,0.0,0.0,0,0
347000,57.5,57.0,17.5,0.0,0.0,0.0,40.0,1.0,1.0,1.0,0.0,0.0,0.0,0.0,0.0,0.0,100.0,100.0,100.0,1000.0,1000.0,1000.0,40.99844215409155,0,0,40.99844215409155,0.0,0.0,0,0
347200,57.5,57.0,17.5,0.0,0.0,0.0,40.0,1.0,1.0,1.0,0.0,0.0,0.0,0.0,0.0,0.0,100.0,100.0,100.0,1000.0,1000.0,1000.0,40.99844215409155,0,0,40.99844215409155,0.0,0.0,0,0
347400,57.5,57.0,17.5,0.0,0.0,0.0,40.0,1.0,1.0,1.0,0.0,0.0,0.0,0.0,0.0,0.0,100.0,100.0,100.0,1000.0,1000.0,1000.0,40.99844215409155,0,0,40.99844215409155,0.0,0.0,0,0
347600,57.5,57.0,17.5,0.0,0.0,0.0,40.0,1.0,1.0,1.0,0.0,0.0,0.0,0.0,0.0,0.0,100.0,100.0,100.0,1000.0,1000.0,1000.0,40.99844215409155,0,0,40.99844215409155,0.0,0.0,0,0
347800,57.5,57.0,17.5,0.0,0.0,0.0,40.0,1.0,1.0,1.0,0.0,0.0,0.0,0.0,0.0,0.0,100.0,100.0,100.0,1000.0,1000.0,1000.0,40.99844215409155,0,0,40.99844215409155,0.0,0.0,0,0
348000,58.0,57.0,17.5,0.0,0.0,0.0,40.0,1.0,1.0,1.0,0.0,0.0,0.0,0.0,0.0,0.0,100.0,100.0,100.0,1000.0,1000.0,1000.0,40.99844215409155,0,0,40.99844215409155,0.0,0.0,0,0
348200,58.0,57.0,17.5,0.0,0.0,0.0,40.0,1.0,1.0,1.0,0.0,0.0,0.0,0.0,0.0,0.0,100.0,100.0,100.0,1000.0,1000.0,1000.0,40.99844215409155,0,0,40.99844215409155,0.0,0.0,0,0
348400,58.0,57.0,17.5,0.0,0.0,0.0,40.0,1.0,1.0,1.0,0.0,0.0,0.0,0.0,0.0,0.0,100.0,100.0,100.0,1000.0,1000.0,1000.0,40.99844215409155,0,0,40.99844215409155,0.0,0.0,0,0
348600,58.0,57.0,17.5,0.0,0.0,0.0,40.0,1.0,1.0,1.0,0.0,0.0,0.0,0.0,0.0,0.0,100.0,100.0,100.0,1000.0,1000.0,1000.0,40.99844215409155,0,0,40.99844215409155,0.0,0.0,0,0
348800,58.0,57.0,17.5,0.0,0.0,0.0,40.0,1.0,1.0,1.0,0.0,0.0,0.0,0.0,0.0,0.0,100.0,100.0,100.0,1000.0,1000.0,1000.0,40.99844215409155,0,0,40.99844215409155,0.0,0.0,0,0
349000,58.0,57.5,17.5,0.0,0.0,0.0,40.0,1.0,1.0,1.0,0.0,0.0,0.0,0.0,0.0,0.0,100.0,100.0,100.0,1000.0,1000.0,1000.0,40.99844215409155,0,0,40.99844215409155,0.0,0.0,0,0
349200,58.0,57.5,17.5,0.0,0.0,0.0,40.0,1.0,1.0,1.0,0.0,0.0,0.0,0.0,0.0,0.0,100.0,100.0,100.0,1000.0,1000.0,1000.0,40.99844215409155,0,0,40.99844215409155,0.0,0.0,0,0
349400,58.0,57.5,17.5,0.0,0.0,0.0,40.0,1.0,1.0,1.0,0.0,0.0,0.0,0.0,0.0,0.0,100.0,100.0,100.0,1000.0,1000.0,1000.0,40.99844215409155,0,0,40.99844215409155,0.0,0.0,0,0
349600,58.0,57.5,17.5,0.0,0.0,0.0,40.0,1.0,1.0,1.0,0.0,0.0,0.0,0.0,0.0,0.0,100.0,100.0,100.0,1000.0,1000.0,1000.0,40.99844215409155,0,0,40.99844215409155,0.0,0.0,0,0
349800,58.0,57.5,17.5,0.0,0.0,0.0,40.0,1.0,1.0,1.0,0.0,0.0,0.0,0.0,0.0,0.0,100.0,100.0,100.0,1000.0,1000.0,1000.0,40.99844215409155,0,0,40.99844215409155,0.0,0.0,0,0
350000,58.0,57.5,17.5,0.0,0.0,0.0,40.0,1.0,1.0,1.0,0.0,0.0,0.0,0.0,0.0,0.0,100.0,100.0,100.0,1000.0,1000.0,1000.0,40.99844215409155,0,0,40.99844215409155,0.0,0.0,0,0
350200,58.0,57.5,17.5,0.0,0.0,0.0,40.0,1.0,1.0,1.0,0.0,0.0,0.0,0.0,0.0,0.0,100.0,100.0,100.0,1000.0,1000.0,1000.0,40.99844215409155,0,0,40.99844215409155,0.0,0.0,0,0
350400,58.0,57.5,17.5,0.0,0.0,0.0,40.0,1.0,1.0,1.0,0.0,0.0,0.0,0.0,0.0,0.0,100.0,100.0,100.0,1000.0,1000.0,1000.0,40.99844215409155,0,0,40.99844215409155,0.0,0.0,0,0
350600,58.0,57.5,17.5,0.0,0.0,0.0,40.0,1.0,1.0,1.0,0.0,0.0,0.0,0.0,0.0,0.0,100.0,100.0,100.0,1000.0,1000.0,1000.0,40.99844215409155,0,0,40.99844215409155,0.0,0.0,0,0
350800,58.0,57.5,17.5,0.0,0.0,0.0,40.0,1.0,1.0,1.0,0.0,0.0,0.0,0.0,0.0,0.0,100.0,100.0,100.0,1000.0,1000.0,1000.0,40.99844215409155,0,0,40.99844215409155,0.0,0.0,0,0
351000,58.0,57.5,17.5,0.0,0.0,0.0,40.0,1.0,1.0,1.0,0.0,0.0,0.0,0.0,0.0,0.0,100.0,100.0,100.0,1000.0,1000.0,1000.0,40.99844215409155,0,0,40.99844215409155,0.0,0.0,0,0
351200,58.0,57.5,17.5,0.0,0.0,0.0,40.0,1.0,1.0,1.0,0.0,0.0,0.0,0.0,0.0,0.0,100.0,100.0,100.0,1000.0,1000.0,1000.0,40.99844215409155,0,0,40.99844215409155,0.0,0.0,0,0
351400,58.0,57.5,17.5,0.0,0.0,0.0,40.0,1.0,1.0,1.0,0.0,0.0,0.0,0.0,0.0,0.0,100.0,100.0,100.0,1000.0,1000.0,1000.0,40.99844215409155,0,0,40.99844215409155,0.0,0.0,0,0
351600,58.5,57.5,17.5,0.0,0.0,0.0,40.0,1.0,1.0,1.0,0.0,0.0,0.0,0.0,0.0,0.0,100.0,100.0,100.0,1000.0,1000.0,1000.0,40.99844215409155,0,0,40.99844215409155,0.0,0.0,0,0
351800,58.5,57.5,17.5,0.0,0.0,0.0,40.0,1.0,1.0,1.0,0.0,0.0,0.0,0.0,0.0,0.0,100.0,100.0,100.0,1000.0,1000.0,1000.0,40.99844215409155,0,0,40.99844215409155,0.0,0.0,0,0
352000,58.5,58.0,17.5,0.0,0.0,0.0,40.0,1.0,1.0,1.0,0.0,0.0,0.0,0.0,0.0,0.0,100.0,100.0,100.0,1000.0,1000.0,1000.0,40.99844215409155,0,0,40.99844215409155,0.0,0.0,0,0
352200,58.5,58.0,17.5,0.0,0.0,0.0,40.0,1.0,1.0,1.0,0.0,0.0,0.0,0.0,0.0,0.0,100.0,100.0,100.0,1000.0,1000.0,1000.0,40.99844215409155,0,0,40.99844215409155,0.0,0.0,0,0
352400,58.5,58.0,17.5,0.0,0.0,0.0,40.0,1.0,1.0,1.0,0.0,0.0,0.0,0.0,0.0,0.0,100.0,100.0,100.0,1000.0,1000.0,1000.0,40.99844215409155,0,0,40.99844215409155,0.0,0.0,0,0
352600,58.5,58.0,17.5,0.0,0.0,0.0,40.0,1.0,1.0,1.0,0.0,0.0,0.0,0.0,0.0,0.0,100.0,100.0,100.0,1000.0,1000.0,1000.0,40.99844215409155,0,0,40.99844215409155,0.0,0.0,0,0
352800,58.5,58.0,17.5,0.0,0.0,0.0,40.0,1.0,1.0,1.0,0.0,0.0,0.0,0.0,0.0,0.0,100.0,100.0,100.0,1000.0,1000.0,1000.0,40.99844215409155,0,0,40.99844215409155,0.0,0.0,0,0
353000,58.5,58.0,17.5,0.0,0.0,0.0,40.0,1.0,1.0,1.0,0.0,0.0,0.0,0.0,0.0,0.0,100.0,100.0,100.0,1000.0,1000.0,1000.0,40.99844215409155,0,0,40.99844215409155,0.0,0.0,0,0
353200,58.5,58.0,17.5,0.0,0.0,0.0,40.0,1.0,1.0,1.0,0.0,0.0,0.0,0.0,0.0,0.0,100.0,100.0,100.0,1000.0,1000.0,1000.0,40.99844215409155,0,0,40.99844215409155,0.0,0.0,0,0
353400,58.5,58.0,17.5,0.0,0.0,0.0,40.0,1.0,1.0,1.0,0.0,0.0,0.0,0.0,0.0,0.0,100.0,100.0,100.0,1000.0,1000.0,1000.0,40.99844215409155,0,0,40.99844215409155,0.0,0.0,0,0
353600,58.5,58.0,17.5,0.0,0.0,0.0,40.0,1.0,1.0,1.0,0.0,0.0,0.0,0.0,0.0,0.0,100.0,100.0,100.0,1000.0,1000.0,1000.0,40.99844215409155,0,0,40.99844215409155,0.0,0.0,0,0
353800,58.5,58.0,17.5,0.0,0.0,0.0,40.0,1.0,1.0,1.0,0.0,0.0,0.0,0.0,0.0,0.0,100.0,100.0,100.0,1000.0,1000.0,1000.0,40.99844215409155,0,0,40.99844215409155,0.0,0.0,0,0
354000,58.5,58.0,17.5,0.0,0.0,0.0,40.0,1.0,1.0,1.0,0.0,0.0,0.0,0.0,0.0,0.0,100.0,100.0,100.0,1000.0,1000.0,1000.0,40.99844215409155,0,0,40.99844215409155,0.0,0.0,0,0
354200,58.5,58.0,17.5,0.0,0.0,0.0,40.0,1.0,1.0,1.0,0.0,0.0,0.0,0.0,0.0,0.0,100.0,100.0,100.0,1000.0,1000.0,1000.0,40.99844215409155,0,0,40.99844215409155,0.0,0.0,0,0
354400,58.5,58.0,17.5,0.0,0.0,0.0,40.0,1.0,1.0,1.0,0.0,0.0,0.0,0.0,0.0,0.0,100.0,100.0,100.0,1000.0,1000.0,1000.0,40.99844215409155,0,0,40.99844215409155,0.0,0.0,0,0
354600,58.5,58.0,17.5,0.0,0.0,0.0,40.0,1.0,1.0,1.0,0.0,0.0,0.0,0.0,0.0,0.0,100.0,100.0,100.0,1000.0,1000.0,1000.0,40.99844215409155,0,0,40.99844215409155,0.0,0.0,0,0
354800,58.5,58.0,17.5,0.0,0.0,0.0,40.0,1.0,1.0,1.0,0.0,0.0,0.0,0.0,0.0,0.0,100.0,100.0,100.0,1000.0,1000.0,1000.0,40.99844215409155,0,0,40.99844215409155,0.0,0.0,0,0
355000,58.5,58.0,17.5,0.0,0.0,0.0,40.0,1.0,1.0,1.0,0.0,0.0,0.0,0.0,0.0,0.0,100.0,100.0,100.0,1000.0,1000.0,1000.0,40.99844215409155,0,0,40.99844215409155,0.0,0.0,0,0
355200,58.5,58.0,17.5,0.0,0.0,0.0,40.0,1.0,1.0,1.0,0.0,0.0,0.0,0.0,0.0,0.0,100.0,100.0,100.0,1000.0,1000.0,1000.0,40.99844215409155,0,0,40.99844215409155,0.0,0.0,0,0
355400,58.5,58.0,17.5,0.0,0.0,0.0,40.0,1.0,1.0,1.0,0.0,0.0,0.0,0.0,0.0,0.0,100.0,100.0,100.0,1000.0,1000.0,1000.0,40.99844215409155,0,0,40.99844215409155,0.0,0.0,0,0
355600,58.5,58.0,17.5,0.0,0.0,0.0,40.0,1.0,1.0,1.0,0.0,0.0,0.0,0.0,0.0,0.0,100.0,100.0,100.0,1000.0,1000.0,1000.0,40.99844215409155,0,0,40.99844215409155,0.0,0.0,0,0
355800,58.5,58.0,17.5,0.0,0.0,0.0,40.0,1.0,1.0,1.0,0.0,0.0,0.0,0.0,0.0,0.0,100.0,100.0,100.0,1000.0,1000.0,1000.0,40.99844215409155,0,0,40.99844215409155,0.0,0.0,0,0
356000,58.5,58.5,17.5,0.0,0.0,0.0,40.0,1.0,1.0,1.0,0.0,0.0,0.0,0.0,0.0,0.0,100.0,100.0,100.0,1000.0,1000.0,1000.0,40.99844215409155,0,0,40.99844215409155,0.0,0.0,0,0
356200,58.5,58.5,17.5,0.0,0.0,0.0,40.0,1.0,1.0,1.0,0.0,0.0,0.0,0.0,0.0,0.0,100.0,100.0,100.0,1000.0,1000.0,1000.0,40.99844215409155,0,0,40.99844215409155,0.0,0.0,0,0
356400,58.5,58.5,17.5,0.0,0.0,0.0,40.0,1.0,1.0,1.0,0.0,0.0,0.0,0.0,0.0,0.0,100.0,100.0,100.0,1000.0,1000.0,1000.0,40.99844215409155,0,0,40.99844215409155,0.0,0.0,0,0
356600,58.5,58.5,17.5,0.0,0.0,0.0,40.0,1.0,1.0,1.0,0.0,0.0,0.0,0.0,0.0,0.0,100.0,100.0,100.0,1000.0,1000.0,1000.0,40.99844215409155,0,0,40.99844215409155,0.0,0.0,0,0
356800,58.5,58.5,17.5,0.0,0.0,0.0,40.0,1.0,1.0,1.0,0.0,0.0,0.0,0.0,0.0,0.0,100.0,100.0,100.0,1000.0,1000.0,1000.0,40.99844215409155,0,0,40.99844215409155,0.0,0.0,0,0
357000,58.5,58.5,17.5,0.0,0.0,0.0,40.0,1.0,1.0,1.0,0.0,0.0,0.0,0.0,0.0,0.0,100.0,100.0,100.0,1000.0,1000.0,1000.0,40.99844215409155,0,0,40.99844215409155,0.0,0.0,0,0
357200,58.5,58.5,17.5,0.0,0.0,0.0,40.0,1.0,1.0,1.0,0.0,0.0,0.0,0.0,0.0,0.0,100.0,100.0,100.0,1000.0,1000.0,1000.0,40.99844215409155,0,0,40.99844215409155,0.0,0.0,0,0
357400,58.5,58.5,17.5,0.0,0.0,0.0,40.0,1.0,1.0,1.0,0.0,0.0,0.0,0.0,0.0,0.0,100.0,100.0,100.0,1000.0,1000.0,1000.0,40.99844215409155,0,0,40.99844215409155,0.0,0.0,0,0
357600,58.5,58.5,17.5,0.0,0.0,0.0,40.0,1.0,1.0,1.0,0.0,0.0,0.0,0.0,0.0,0.0,100.0,100.0,100.0,1000.0,1000.0,1000.0,40.99844215409155,0,0,40.99844215409155,0.0,0.0,0,0
357800,58.5,58.5,17.5,0.0,0.0,0.0,40.0,1.0,1.0,1.0,0.0,0.0,0.0,0.0,0.0,0.0,100.0,100.0,100.0,1000.0,1000.0,1000.0,40.99844215409155,0,0,40.99844215409155,0.0,0.0,0,0
358000,58.5,58.5,17.5,0.0,0.0,0.0,40.0,1.0,1.0,1.0,0.0,0.0,0.0,0.0,0.0,0.0,100.0,100.0,100.0,1000.0,1000.0,1000.0,40.99844215409155,0,0,40.99844215409155,0.0,0.0,0,0
358200,58.5,58.5,17.5,0.0,0.0,0.0,40.0,1.0,1.0,1.0,0.0,0.0,0.0,0.0,0.0,0.0,100.0,100.0,100.0,1000.0,1000.0,1000.0,40.99844215409155,0,0,40.99844215409155,0.0,0.0,0,0
358400,58.5,58.5,17.5,0.0,0.0,0.0,40.0,1.0,1.0,1.0,0.0,0.0,0.0,0.0,0.0,0.0,100.0,100.0,100.0,1000.0,1000.0,1000.0,40.99844215409155,0,0,40.99844215409155,0.0,0.0,0,0
358600,58.5,58.5,17.5,0.0,0.0,0.0,40.0,1.0,1.0,1.0,0.0,0.0,0.0,0.0,0.0,0.0,100.0,100.0,100.0,1000.0,1000.0,1000.0,40.99844215409155,0,0,40.99844215409155,0.0,0.0,0,0
358800,58.5,58.5,17.5,0.0,0.0,0.0,40.0,1.0,1.0,1.0,0.0,0.0,0.0,0.0,0.0,0.0,100.0,100.0,100.0,1000.0,1000.0,1000.0,40.99844215409155,0,0,40.99844215409155,0.0,0.0,0,0
359000,58.5,58.5,17.5,0.0,0.0,0.0,40.0,1.0,1.0,1.0,0.0,0.0,0.0,0.0,0.0,0.0,100.0,100.0,100.0,1000.0,1000.0,1000.0,40.99844215409155,0,0,40.99844215409155,0.0,0.0,0,0
359200,58.5,58.5,17.5,0.0,0.0,0.0,40.0,1.0,1.0,1.0,0.0,0.0,0.0,0.0,0.0,0.0,100.0,100.0,100.0,1000.0,1000.0,1000.0,40.99844215409155,0,0,40.99844215409155,0.0,0.0,0,0
359400,58.5,58.5,17.5,0.0,0.0,0.0,40.0,1.0,1.0,1.0,0.0,0.0,0.0,0.0,0.0,0.0,100.0,100.0,100.0,1000.0,1000.0,1000.0,40.99844215409155,0,0,40.99844215409155,0.0,0.0,0,0
359600,58.5,58.5,17.5,0.0,0.0,0.0,40.0,1.0,1.0,1.0,0.0,0.0,0.0,0.0,0.0,0.0,100.0,100.0,100.0,1000.0,1000.0,1000.0,40.99844215409155,0,0,40.99844215409155,0.0,0.0,0,0
359800,58.5,58.5,17.5,0.0,0.0,0.0,40.0,1.0,1.0,1.0,0.0,0.0,0.0,0.0,0.0,0.0,100.0,100.0,100.0,1000.0,1000.0,1000.0,40.99844215409155,0,0,40.99844215409155,0.0,0.0,0,0
360000,58.5,58.5,17.5,0.0,0.0,0.0,40.0,1.0,1.0,1.0,0.0,0.0,0.0,0.0,0.0,0.0,100.0,100.0,100.0,1000.0,1000.0,1000.0,40.99844215409155,0,0,40.99844215409155,0.0,0.0,0,0
360200,58.5,58.5,17.5,0.0,0.0,0.0,40.0,1.0,1.0,1.0,0.0,0.0,0.0,0.0,0.0,0.0,100.0,100.0,100.0,1000.0,1000.0,1000.0,37.981466728652485,0,0,37.981466728652485,0.0,0.0,1,0
360400,58.5,58.5,17.5,0.0,0.0,0.0,40.0,1.0,1.0,1.0,0.0,0.0,0.0,0.0,0.0,0.0,100.0,100.0,100.0,1000.0,1000.0,1000.0,37.981466728652485,0,0,37.981466728652485,0.0,0.0,0,0
360600,58.5,58.5,17.5,0.0,0.0,0.0,40.0,1.0,1.0,1.0,0.0,0.0,0.0,0.0,0.0,0.0,100.0,100.0,100.0,1000.0,1000.0,1000.0,37.981466728652485,0,0,37.981466728652485,0.0,0.0,0,0
360800,58.5,58.5,17.5,0.0,0.0,0.0,40.0,1.0,1.0,1.0,0.0,0.0,0.0,0.0,0.0,0.0,100.0,100.0,100.0,1000.0,1000.0,1000.0,37.981466728652485,0,0,37.981466728652485,0.0,0.0,0,0
361000,58.5,58.5,17.5,0.0,0.0,0.0,40.0,1.0,1.0,1.0,0.0,0.0,0.0,0.0,0.0,0.0,100.0,100.0,100.0,1000.0,1000.0,1000.0,37.981466728652485,0,0,37.981466728652485,0.0,0.0,0,0
361200,58.5,58.5,17.5,0.0,0.0,0.0,40.0,1.0,1.0,1.0,0.0,0.0,0.0,0.0,0.0,0.0,100.0,100.0,100.0,1000.0,1000.0,1000.0,37.981466728652485,0,0,37.981466728652485,0.0,0.0,0,0
361400,58.5,58.5,17.5,0.0,0.0,0.0,40.0,1.0,1.0,1.0,0.0,0.0,0.0,0.0,0.0,0.0,100.0,100.0,100.0,1000.0,1000.0,1000.0,37.981466728652485,0,0,37.981466728652485,0.0,0.0,0,0
361600,58.5,58.5,17.5,0.0,0.0,0.0,40.0,1.0,1.0,1.0,0.0,0.0,0.0,0.0,0.0,0.0,100.0,100.0,100.0,1000.0,1000.0,1000.0,37.981466728652485,0,0,37.981466728652485,0.0,0.0,0,0
361800,58.5,58.5,17.5,0.0,0.0,0.0,40.0,1.0,1.0,1.0,0.0,0.0,0.0,0.0,0.0,0.0,100.0,100.0,100.0,1000.0,1000.0,1000.0,37.981466728652485,0,0,37.981466728652485,0.0,0.0,0,0
362000,58.5,58.5,17.5,0.0,0.0,0.0,40.0,1.0,1.0,1.0,0.0,0.0,0.0,0.0,0.0,0.0,100.0,100.0,100.0,1000.0,1000.0,1000.0,37.981466728652485,0,0,37.981466728652485,0.0,0.0,0,0
362200,58.5,58.5,17.5,0.0,0.0,0.0,40.0,1.0,1.0,1.0,0.0,0.0,0.0,0.0,0.0,0.0,100.0,100.0,100.0,1000.0,1000.0,1000.0,37.981466728652485,0,0,37.981466728652485,0.0,0.0,0,0
362400,58.5,58.5,17.5,0.0,0.0,0.0,40.0,1.0,1.0,1.0,0.0,0.0,0.0,0.0,0.0,0.0,100.0,100.0,100.0,1000.0,1000.0,1000.0,37.981466728652485,0,0,37.981466728652485,0.0,0.0,0,0
362600,58.5,58.5,17.5,0.0,0.0,0.0,40.0,1.0,1.0,1.0,0.0,0.0,0.0,0.0,0.0,0.0,100.0,100.0,100.0,1000.0,1000.0,1000.0,37.981466728652485,0,0,37.981466728652485,0.0,0.0,0,0
362800,58.5,58.5,17.5,0.0,0.0,0.0,40.0,1.0,1.0,1.0,0.0,0.0,0.0,0.0,0.0,0.0,100.0,100.0,100.0,1000.0,1000.0,1000.0,37.981466728652485,0,0,37.981466728652485,0.0,0.0,0,0
363000,58.5,58.5,17.5,0.0,0.0,0.0,40.0,1.0,1.0,1.0,0.0,0.0,0.0,0.0,0.0,0.0,100.0,100.0,100.0,1000.0,1000.0,1000.0,37.981466728652485,0,0,37.981466728652485,0.0,0.0,0,0
363200,58.5,58.5,17.5,0.0,0.0,0.0,40.0,1.0,1.0,1.0,0.0,0.0,0.0,0.0,0.0,0.0,100.0,100.0,100.0,1000.0,1000.0,1000.0,37.981466728652485,0,0,37.981466728652485,0.0,0.0,0,0
363400,58.5,58.5,17.5,0.0,0.0,0.0,40.0,1.0,1.0,1.0,0.0,0.0,0.0,0.0,0.0,0.0,100.0,100.0,100.0,1000.0,1000.0,1000.0,37.981466728652485,0,0,37.981466728652485,0.0,0.0,0,0
363600,58.5,58.5,17.5,0.0,0.0,0.0,40.0,1.0,1.0,1.0,0.0,0.0,0.0,0.0,0.0,0.0,100.0,100.0,100.0,1000.0,1000.0,1000.0,37.981466728652485,0,0,37.981466728652485,0.0,0.0,0,0
363800,58.5,58.5,17.5,0.0,0.0,0.0,40.0,1.0,1.0,1.0,0.0,0.0,0.0,0.0,0.0,0.0,100.0,100.0,100.0,1000.0,1000.0,1000.0,37.981466728652485,0,0,37.981466728652485,0.0,0.0,0,0
364000,58.5,58.5,17.5,0.0,0.0,0.0,40.0,1.0,1.0,1.0,0.0,0.0,0.0,0.0,0.0,0.0,100.0,100.0,100.0,1000.0,1000.0,1000.0,37.981466728652485,0,0,37.981466728652485,0.0,0.0,0,0
364200,58.5,58.5,17.5,0.0,0.0,0.0,40.0,1.0,1.0,1.0,0.0,0.0,0.0,0.0,0.0,0.0,100.0,100.0,100.0,1000.0,1000.0,1000.0,37.981466728652485,0,0,37.981466728652485,0.0,0.0,0,0
364400,58.5,58.5,17.5,0.0,0.0,0.0,40.0,1.0,1.0,1.0,0.0,0.0,0.0,0.0,0.0,0.0,100.0,100.0,100.0,1000.0,1000.0,1000.0,37.981466728652485,0,0,37.981466728652485,0.0,0.0,0,0
364600,58.5,58.5,17.5,0.0,0.0,0.0,40.0,1.0,1.0,1.0,0.0,0.0,0.0,0.0,0.0,0.0,100.0,100.0,100.0,1000.0,1000.0,1000.0,37.981466728652485,0,0,37.981466728652485,0.0,0.0,0,0
364800,58.5,58.5,17.5,0.0,0.0,0.0,40.0,1.0,1.0,1.0,0.0,0.0,0.0,0.0,0.0,0.0,100.0,100.0,100.0,1000.0,1000.0,1000.0,37.981466728652485,0,0,37.981466728652485,0.0,0.0,0,0
365000,58.5,58.5,17.5,0.0,0.0,0.0,40.0,1.0,1.0,1.0,0.0,0.0,0.0,0.0,0.0,0.0,100.0,100.0,100.0,1000.0,1000.0,1000.0,37.981466728652485,0,0,37.981466728652485,0.0,0.0,0,0
365200,58.5,58.5,17.5,0.0,0.0,0.0,40.0,1.0,1.0,1.0,0.0,0.0,0.0,0.0,0.0,0.0,100.0,100.0,100.0,1000.0,1000.0,1000.0,37.981466728652485,0,0,37.981466728652485,0.0,0.0,0,0
365400,58.5,58.5,17.5,0.0,0.0,0.0,40.0,1.0,1.0,1.0,0.0,0.0,0.0,0.0,0.0,0.0,100.0,100.0,100.0,1000.0,1000.0,1000.0,37.981466728652485,0,0,37.981466728652485,0.0,0.0,0,0
365600,58.5,58.5,17.5,0.0,0.0,0.0,40.0,1.0,1.0,1.0,0.0,0.0,0.0,0.0,0.0,0.0,100.0,100.0,100.0,1000.0,1000.0,1000.0,37.981466728652485,0,0,37.981466728652485,0.0,0.0,0,0
365800,58.5,58.5,17.5,0.0,0.0,0.0,40.0,1.0,1.0,1.0,0.0,0.0,0.0,0.0,0.0,0.0,100.0,100.0,100.0,1000.0,1000.0,1000.0,37.981466728652485,0,0,37.981466728652485,0.0,0.0,0,0
366000,58.5,58.5,17.5,0.0,0.0,0.0,40.0,1.0,1.0,1.0,0.0,0.0,0.0,0.0,0.0,0.0,100.0,100.0,100.0,1000.0,1000.0,1000.0,37.981466728652485,0,0,37.981466728652485,0.0,0.0,0,0
366200,58.5,58.5,17.5,0.0,0.0,0.0,40.0,1.0,1.0,1.0,0.0,0.0,0.0,0.0,0.0,0.0,100.0,100.0,100.0,1000.0,1000.0,1000.0,37.981466728652485,0,0,37.981466728652485,0.0,0.0,0,0
366400,58.5,58.5,17.5,0.0,0.0,0.0,40.0,1.0,1.0,1.0,0.0,0.0,0.0,0.0,0.0,0.0,100.0,100.0,100.0,1000.0,1000.0,1000.0,37.981466728652485,0,0,37.981466728652485,0.0,0.0,0,0
366600,58.5,58.5,17.5,0.0,0.0,0.0,40.0,1.0,1.0,1.0,0.0,0.0,0.0,0.0,0.0,0.0,100.0,100.0,100.0,1000.0,1000.0,1000.0,37.981466728652485,0,0,37.981466728652485,0.0,0.0,0,0
366800,58.5,58.5,17.5,0.0,0.0,0.0,40.0,1.0,1.0,1.0,0.0,0.0,0.0,0.0,0.0,0.0,100.0,100.0,100.0,1000.0,1000.0,1000.0,37.981466728652485,0,0,37.981466728652485,0.0,0.0,0,0
367000,58.5,59.0,17.5,0.0,0.0,0.0,40.0,1.0,1.0,1.0,0.0,0.0,0.0,0.0,0.0,0.0,100.0,100.0,100.0,1000.0,1000.0,1000.0,37.981466728652485,0,0,37.981466728652485,0.0,0.0,0,0
367200,58.5,59.0,17.5,0.0,0.0,0.0,40.0,1.0,1.0,1.0,0.0,0.0,0.0,0.0,0.0,0.0,100.0,100.0,100.0,1000.0,1000.0,1000.0,37.981466728652485,0,0,37.981466728652485,0.0,0.0,0,0
367400,58.5,59.0,17.5,0.0,0.0,0.0,40.0,1.0,1.0,1.0,0.0,0.0,0.0,0.0,0.0,0.0,100.0,100.0,100.0,1000.0,1000.0,1000.0,37.981466728652485,0,0,37.981466728652485,0.0,0.0,0,0
367600,58.5,59.0,17.5,0.0,0.0,0.0,40.0,1.0,1.0,1.0,0.0,0.0,0.0,0.0,0.0,0.0,100.0,100.0,100.0,1000.0,1000.0,1000.0,37.981466728652485,0,0,37.981466728652485,0.0,0.0,0,0
367800,58.5,59.0,17.5,0.0,0.0,0.0,40.0,1.0,1.0,1.0,0.0,0.0,0.0,0.0,0.0,0.0,100.0,100.0,100.0,1000.0,1000.0,1000.0,37.981466728652485,0,0,37.981466728652485,0.0,0.0,0,0
368000,58.5,59.0,17.5,0.0,0.0,0.0,40.0,1.0,1.0,1.0,0.0,0.0,0.0,0.0,0.0,0.0,100.0,100.0,100.0,1000.0,1000.0,1000.0,37.981466728652485,0,0,37.981466728652485,0.0,0.0,0,0
368200,58.5,59.0,17.5,0.0,0.0,0.0,40.0,1.0,1.0,1.0,0.0,0.0,0.0,0.0,0.0,0.0,100.0,100.0,100.0,1000.0,1000.0,1000.0,37.981466728652485,0,0,37.981466728652485,0.0,0.0,0,0
368400,58.5,59.0,17.5,0.0,0.0,0.0,40.0,1.0,1.0,1.0,0.0,0.0,0.0,0.0,0.0,0.0,100.0,100.0,100.0,1000.0,1000.0,1000.0,37.981466728652485,0,0,37.981466728652485,0.0,0.0,0,0
368600,58.5,59.0,17.5,0.0,0.0,0.0,40.0,1.0,1.0,1.0,0.0,0.0,0.0,0.0,0.0,0.0,100.0,100.0,100.0,1000.0,1000.0,1000.0,37.981466728652485,0,0,37.981466728652485,0.0,0.0,0,0
368800,58.5,59.0,17.5,0.0,0.0,0.0,40.0,1.0,1.0,1.0,0.0,0.0,0.0,0.0,0.0,0.0,100.0,100.0,100.0,1000.0,1000.0,1000.0,37.981466728652485,0,0,37.981466728652485,0.0,0.0,0,0
369000,58.5,59.0,17.5,0.0,0.0,0.0,40.0,1.0,1.0,1.0,0.0,0.0,0.0,0.0,0.0,0.0,100.0,100.0,100.0,1000.0,1000.0,1000.0,37.981466728652485,0,0,37.981466728652485,0.0,0.0,0,0
369200,58.5,59.0,17.5,0.0,0.0,0.0,40.0,1.0,1.0,1.0,0.0,0.0,0.0,0.0,0.0,0.0,100.0,100.0,100.0,1000.0,1000.0,1000.0,37.981466728652485,0,0,37.981466728652485,0.0,0.0,0,0
369400,58.5,59.0,17.5,0.0,0.0,0.0,40.0,1.0,1.0,1.0,0.0,0.0,0.0,0.0,0.0,0.0,100.0,100.0,100.0,1000.0,1000.0,1000.0,37.981466728652485,0,0,37.981466728652485,0.0,0.0,0,0
369600,58.5,58.5,17.5,0.0,0.0,0.0,40.0,1.0,1.0,1.0,0.0,0.0,0.0,0.0,0.0,0.0,100.0,100.0,100.0,1000.0,1000.0,1000.0,37.981466728652485,0,0,37.981466728652485,0.0,0.0,0,0
369800,58.5,58.5,17.5,0.0,0.0,0.0,40.0,1.0,1.0,1.0,0.0,0.0,0.0,0.0,0.0,0.0,100.0,100.0,100.0,1000.0,1000.0,1000.0,37.981466728652485,0,0,37.981466728652485,0.0,0.0,0,0
370000,58.5,58.5,17.5,0.0,0.0,0.0,40.0,1.0,1.0,1.0,0.0,0.0,0.0,0.0,0.0,0.0,100.0,100.0,100.0,1000.0,1000.0,1000.0,37.981466728652485,0,0,37.981466728652485,0.0,0.0,0,0
370200,58.5,58.5,17.5,0.0,0.0,0.0,40.0,1.0,1.0,1.0,0.0,0.0,0.0,0.0,0.0,0.0,100.0,100.0,100.0,1000.0,1000.0,1000.0,37.981466728652485,0,0,37.981466728652485,0.0,0.0,0,0
370400,58.5,58.5,17.5,0.0,0.0,0.0,40.0,1.0,1.0,1.0,0.0,0.0,0.0,0.0,0.0,0.0,100.0,100.0,100.0,1000.0,1000.0,1000.0,37.981466728652485,0,0,37.981466728652485,0.0,0.0,0,0
370600,58.5,59.0,17.5,0.0,0.0,0.0,40.0,1.0,1.0,1.0,0.0,0.0,0.0,0.0,0.0,0.0,100.0,100.0,100.0,1000.0,1000.0,1000.0,37.981466728652485,0,0,37.981466728652485,0.0,0.0,0,0
370800,58.5,59.0,17.5,0.0,0.0,0.0,40.0,1.0,1.0,1.0,0.0,0.0,0.0,0.0,0.0,0.0,100.0,100.0,100.0,1000.0,1000.0,1000.0,37.981466728652485,0,0,37.981466728652485,0.0,0.0,0,0
371000,58.5,58.5,17.5,0.0,0.0,0.0,40.0,1.0,1.0,1.0,0.0,0.0,0.0,0.0,0.0,0.0,100.0,100.0,100.0,1000.0,1000.0,1000.0,37.981466728652485,0,0,37.981466728652485,0.0,0.0,0,0
371200,58.5,58.5,17.5,0.0,0.0,0.0,40.0,1.0,1.0,1.0,0.0,0.0,0.0,0.0,0.0,0.0,100.0,100.0,100.0,1000.0,1000.0,1000.0,37.981466728652485,0,0,37.981466728652485,0.0,0.0,0,0
371400,58.5,58.5,17.5,0.0,0.0,0.0,40.0,1.0,1.0,1.0,0.0,0.0,0.0,0.0,0.0,0.0,100.0,100.0,100.0,1000.0,1000.0,1000.0,37.981466728652485,0,0,37.981466728652485,0.0,0.0,0,0
371600,58.5,59.0,17.5,0.0,0.0,0.0,40.0,1.0,1.0,1.0,0.0,0.0,0.0,0.0,0.0,0.0,100.0,100.0,100.0,1000.0,1000.0,1000.0,37.981466728652485,0,0,37.981466728652485,0.0,0.0,0,0
371800,58.5,59.0,17.5,0.0,0.0,0.0,40.0,1.0,1.0,1.0,0.0,0.0,0.0,0.0,0.0,0.0,100.0,100.0,100.0,1000.0,1000.0,1000.0,37.981466728652485,0,0,37.981466728652485,0.0,0.0,0,0
372000,58.5,59.0,17.5,0.0,0.0,0.0,40.0,1.0,1.0,1.0,0.0,0.0,0.0,0.0,0.0,0.0,100.0,100.0,100.0,1000.0,1000.0,1000.0,37.981466728652485,0,0,37.981466728652485,0.0,0.0,0,0
372200,58.5,59.0,17.5,0.0,0.0,0.0,40.0,1.0,1.0,1.0,0.0,0.0,0.0,0.0,0.0,0.0,100.0,100.0,100.0,1000.0,1000.0,1000.0,37.981466728652485,0,0,37.981466728652485,0.0,0.0,0,0
372400,58.5,59.0,17.5,0.0,0.0,0.0,40.0,1.0,1.0,1.0,0.0,0.0,0.0,0.0,0.0,0.0,100.0,100.0,100.0,1000.0,1000.0,1000.0,37.981466728652485,0,0,37.981466728652485,0.0,0.0,0,0
372600,58.5,58.5,17.5,0.0,0.0,0.0,40.0,1.0,1.0,1.0,0.0,0.0,0.0,0.0,0.0,0.0,100.0,100.0,100.0,1000.0,1000.0,1000.0,37.981466728652485,0,0,37.981466728652485,0.0,0.0,0,0
372800,58.5,58.5,17.5,0.0,0.0,0.0,40.0,1.0,1.0,1.0,0.0,0.0,0.0,0.0,0.0,0.0,100.0,100.0,100.0,1000.0,1000.0,1000.0,37.981466728652485,0,0,37.981466728652485,0.0,0.0,0,0
373000,58.5,58.5,17.5,0.0,0.0,0.0,40.0,1.0,1.0,1.0,0.0,0.0,0.0,0.0,0.0,0.0,100.0,100.0,100.0,1000.0,1000.0,1000.0,37.981466728652485,0,0,37.981466728652485,0.0,0.0,0,0
373200,58.5,58.5,17.5,0.0,0.0,0.0,40.0,1.0,1.0,1.0,0.0,0.0,0.0,0.0,0.0,0.0,100.0,100.0,100.0,1000.0,1000.0,1000.0,37.981466728652485,0,0,37.981466728652485,0.0,0.0,0,0
373400,58.5,58.5,17.5,0.0,0.0,0.0,40.0,1.0,1.0,1.0,0.0,0.0,0.0,0.0,0.0,0.0,100.0,100.0,100.0,1000.0,1000.0,1000.0,37.981466728652485,0,0,37.981466728652485,0.0,0.0,0,0
373600,58.5,58.5,17.5,0.0,0.0,0.0,40.0,1.0,1.0,1.0,0.0,0.0,0.0,0.0,0.0,0.0,100.0,100.0,100.0,1000.0,1000.0,1000.0,37.981466728652485,0,0,37.981466728652485,0.0,0.0,0,0
373800,58.5,58.5,17.5,0.0,0.0,0.0,40.0,1.0,1.0,1.0,0.0,0.0,0.0,0.0,0.0,0.0,100.0,100.0,100.0,1000.0,1000.0,1000.0,37.981466728652485,0,0,37.981466728652485,0.0,0.0,0,0
374000,58.5,58.5,17.5,0.0,0.0,0.0,40.0,1.0,1.0,1.0,0.0,0.0,0.0,0.0,0.0,0.0,100.0,100.0,100.0,1000.0,1000.0,1000.0,37.981466728652485,0,0,37.981466728652485,0.0,0.0,0,0
374200,58.5,58.5,17.5,0.0,0.0,0.0,40.0,1.0,1.0,1.0,0.0,0.0,0.0,0.0,0.0,0.0,100.0,100.0,100.0,1000.0,1000.0,1000.0,37.981466728652485,0,0,37.981466728652485,0.0,0.0,0,0
374400,58.5,58.5,17.5,0.0,0.0,0.0,40.0,1.0,1.0,1.0,0.0,0.0,0.0,0.0,0.0,0.0,100.0,100.0,100.0,1000.0,1000.0,1000.0,37.981466728652485,0,0,37.981466728652485,0.0,0.0,0,0
374600,58.5,58.5,17.5,0.0,0.0,0.0,40.0,1.0,1.0,1.0,0.0,0.0,0.0,0.0,0.0,0.0,100.0,100.0,100.0,1000.0,1000.0,1000.0,37.981466728652485,0,0,37.981466728652485,0.0,0.0,0,0
374800,58.5,58.5,17.5,0.0,0.0,0.0,40.0,1.0,1.0,1.0,0.0,0.0,0.0,0.0,0.0,0.0,100.0,100.0,100.0,1000.0,1000.0,1000.0,37.981466728652485,0,0,37.981466728652485,0.0,0.0,0,0
375000,58.5,58.5,17.5,0.0,0.0,0.0,40.0,1.0,1.0,1.0,0.0,0.0,0.0,0.0,0.0,0.0,100.0,100.0,100.0,1000.0,1000.0,1000.0,37.981466728652485,0,0,37.981466728652485,0.0,0.0,0,0
375200,58.5,58.5,17.5,0.0,0.0,0.0,40.0,1.0,1.0,1.0,0.0,0.0,0.0,0.0,0.0,0.0,100.0,100.0,100.0,1000.0,1000.0,1000.0,22.053553599229627,0,0,22.053553599229627,0.0,0.0,1,0
375400,58.5,58.5,17.5,0.0,0.0,0.0,40.0,1.0,1.0,1.0,0.0,0.0,0.0,0.0,0.0,0.0,100.0,100.0,100.0,1000.0,1000.0,1000.0,22.053553599229627,0,0,22.053553599229627,0.0,0.0,0,0
375600,58.5,58.5,17.5,0.0,0.0,0.0,40.0,1.0,1.0,1.0,0.0,0.0,0.0,0.0,0.0,0.0,100.0,100.0,100.0,1000.0,1000.0,1000.0,22.053553599229627,0,0,22.053553599229627,0.0,0.0,0,0
375800,58.5,58.5,17.5,0.0,0.0,0.0,40.0,1.0,1.0,1.0,0.0,0.0,0.0,0.0,0.0,0.0,100.0,100.0,100.0,1000.0,1000.0,1000.0,22.053553599229627,0,0,22.053553599229627,0.0,0.0,0,0
376000,58.5,58.5,17.5,0.0,0.0,0.0,40.0,1.0,1.0,1.0,0.0,0.0,0.0,0.0,0.0,0.0,100.0,100.0,100.0,1000.0,1000.0,1000.0,22.053553599229627,0,0,22.053553599229627,0.0,0.0,0,0
376200,58.5,58.5,17.5,0.0,0.0,0.0,40.0,1.0,1.0,1.0,0.0,0.0,0.0,0.0,0.0,0.0,100.0,100.0,100.0,1000.0,1000.0,1000.0,22.053553599229627,0,0,22.053553599229627,0.0,0.0,0,0
376400,58.5,58.5,17.5,0.0,0.0,0.0,40.0,1.0,1.0,1.0,0.0,0.0,0.0,0.0,0.0,0.0,100.0,100.0,100.0,1000.0,1000.0,1000.0,22.053553599229627,0,0,22.053553599229627,0.0,0.0,0,0
376600,58.5,58.5,17.5,0.0,0.0,0.0,40.0,1.0,1.0,1.0,0.0,0.0,0.0,0.0,0.0,0.0,100.0,100.0,100.0,1000.0,1000.0,1000.0,22.053553599229627,0,0,22.053553599229627,0.0,0.0,0,0
376800,58.5,58.5,17.5,0.0,0.0,0.0,40.0,1.0,1.0,1.0,0.0,0.0,0.0,0.0,0.0,0.0,100.0,100.0,100.0,1000.0,1000.0,1000.0,22.053553599229627,0,0,22.053553599229627,0.0,0.0,0,0
377000,58.5,58.5,17.5,0.0,0.0,0.0,40.0,1.0,1.0,1.0,0.0,0.0,0.0,0.0,0.0,0.0,100.0,100.0,100.0,1000.0,1000.0,1000.0,22.053553599229627,0,0,22.053553599229627,0.0,0.0,0,0
377200,58.5,58.5,17.5,0.0,0.0,0.0,40.0,1.0,1.0,1.0,0.0,0.0,0.0,0.0,0.0,0.0,100.0,100.0,100.0,1000.0,1000.0,1000.0,22.053553599229627,0,0,22.053553599229627,0.0,0.0,0,0
377400,58.5,58.5,17.5,0.0,0.0,0.0,40.0,1.0,1.0,1.0,0.0,0.0,0.0,0.0,0.0,0.0,100.0,100.0,100.0,1000.0,1000.0,1000.0,22.053553599229627,0,0,22.053553599229627,0.0,0.0,0,0
377600,58.5,58.5,17.5,0.0,0.0,0.0,40.0,1.0,1.0,1.0,0.0,0.0,0.0,0.0,0.0,0.0,100.0,100.0,100.0,1000.0,1000.0,1000.0,22.053553599229627,0,0,22.053553599229627,0.0,0.0,0,0
377800,58.5,58.5,17.5,0.0,0.0,0.0,40.0,1.0,1.0,1.0,0.0,0.0,0.0,0.0,0.0,0.0,100.0,100.0,100.0,1000.0,1000.0,1000.0,22.053553599229627,0,0,22.053553599229627,0.0,0.0,0,0
378000,58.5,58.5,17.5,0.0,0.0,0.0,40.0,1.0,1.0,1.0,0.0,0.0,0.0,0.0,0.0,0.0,100.0,100.0,100.0,1000.0,1000.0,1000.0,22.053553599229627,0,0,22.053553599229627,0.0,0.0,0,0
378200,58.5,58.5,17.5,0.0,0.0,0.0,40.0,1.0,1.0,1.0,0.0,0.0,0.0,0.0,0.0,0.0,100.0,100.0,100.0,1000.0,1000.0,1000.0,22.053553599229627,0,0,22.053553599229627,0.0,0.0,0,0
378400,58.5,58.5,17.5,0.0,0.0,0.0,40.0,1.0,1.0,1.0,0.0,0.0,0.0,0.0,0.0,0.0,100.0,100.0,100.0,1000.0,1000.0,1000.0,22.053553599229627,0,0,22.053553599229627,0.0,0.0,0,0
378600,58.0,58.5,17.5,0.0,0.0,0.0,40.0,1.0,1.0,1.0,0.0,0.0,0.0,0.0,0.0,0.0,100.0,100.0,100.0,1000.0,1000.0,1000.0,22.053553599229627,0,0,22.053553599229627,0.0,0.0,0,0
378800,58.0,58.5,17.5,0.0,0.0,0.0,40.0,1.0,1.0,1.0,0.0,0.0,0.0,0.0,0.0,0.0,100.0,100.0,100.0,1000.0,1000.0,1000.0,22.053553599229627,0,0,22.053553599229627,0.0,0.0,0,0
379000,58.0,58.5,17.5,0.0,0.0,0.0,40.0,1.0,1.0,1.0,0.0,0.0,0.0,0.0,0.0,0.0,100.0,100.0,100.0,1000.0,1000.0,1000.0,22.053553599229627,0,0,22.053553599229627,0.0,0.0,0,0
379200,58.0,58.5,17.5,0.0,0.0,0.0,40.0,1.0,1.0,1.0,0.0,0.0,0.0,0.0,0.0,0.0,100.0,100.0,100.0,1000.0,1000.0,1000.0,22.053553599229627,0,0,22.053553599229627,0.0,0.0,0,0
379400,58.0,58.5,17.5,0.0,0.0,0.0,40.0,1.0,1.0,1.0,0.0,0.0,0.0,0.0,0.0,0.0,100.0,100.0,100.0,1000.0,1000.0,1000.0,22.053553599229627,0,0,22.053553599229627,0.0,0.0,0,0
379600,58.0,58.5,17.5,0.0,0.0,0.0,40.0,1.0,1.0,1.0,0.0,0.0,0.0,0.0,0.0,0.0,100.0,100.0,100.0,1000.0,1000.0,1000.0,22.053553599229627,0,0,22.053553599229627,0.0,0.0,0,0
379800,58.0,58.5,17.5,0.0,0.0,0.0,40.0,1.0,1.0,1.0,0.0,0.0,0.0,0.0,0.0,0.0,100.0,100.0,100.0,1000.0,1000.0,1000.0,22.053553599229627,0,0,22.053553599229627,0.0,0.0,0,0
380000,58.0,58.5,17.5,0.0,0.0,0.0,40.0,1.0,1.0,1.0,0.0,0.0,0.0,0.0,0.0,0.0,100.0,100.0,100.0,1000.0,1000.0,1000.0,22.053553599229627,0,0,22.053553599229627,0.0,0.0,0,0
380200,58.0,58.5,17.5,0.0,0.0,0.0,40.0,1.0,1.0,1.0,0.0,0.0,0.0,0.0,0.0,0.0,100.0,100.0,100.0,1000.0,1000.0,1000.0,22.053553599229627,0,0,22.053553599229627,0.0,0.0,0,0
380400,58.0,58.5,17.5,0.0,0.0,0.0,40.0,1.0,1.0,1.0,0.0,0.0,0.0,0.0,0.0,0.0,100.0,100.0,100.0,1000.0,1000.0,1000.0,22.053553599229627,0,0,22.053553599229627,0.0,0.0,0,0
380600,58.0,58.5,17.5,0.0,0.0,0.0,40.0,1.0,1.0,1.0,0.0,0.0,0.0,0.0,0.0,0.0,100.0,100.0,100.0,1000.0,1000.0,1000.0,22.053553599229627,0,0,22.053553599229627,0.0,0.0,0,0
380800,58.0,58.5,17.5,0.0,0.0,0.0,40.0,1.0,1.0,1.0,0.0,0.0,0.0,0.0,0.0,0.0,100.0,100.0,100.0,1000.0,1000.0,1000.0,22.053553599229627,0,0,22.053553599229627,0.0,0.0,0,0
381000,58.0,58.5,17.5,0.0,0.0,0.0,40.0,1.0,1.0,1.0,0.0,0.0,0.0,0.0,0.0,0.0,100.0,100.0,100.0,1000.0,1000.0,1000.0,22.053553599229627,0,0,22.053553599229627,0.0,0.0,0,0
381200,58.0,58.5,17.5,0.0,0.0,0.0,40.0,1.0,1.0,1.0,0.0,0.0,0.0,0.0,0.0,0.0,100.0,100.0,100.0,1000.0,1000.0,1000.0,22.053553599229627,0,0,22.053553599229627,0.0,0.0,0,0
381400,58.0,58.5,17.5,0.0,0.0,0.0,40.0,1.0,1.0,1.0,0.0,0.0,0.0,0.0,0.0,0.0,100.0,100.0,100.0,1000.0,1000.0,1000.0,22.053553599229627,0,0,22.053553599229627,0.0,0.0,0,0
381600,58.0,58.5,17.5,0.0,0.0,0.0,40.0,1.0,1.0,1.0,0.0,0.0,0.0,0.0,0.0,0.0,100.0,100.0,100.0,1000.0,1000.0,1000.0,22.053553599229627,0,0,22.053553599229627,0.0,0.0,0,0
381800,58.0,58.5,17.5,0.0,0.0,0.0,40.0,1.0,1.0,1.0,0.0,0.0,0.0,0.0,0.0,0.0,100.0,100.0,100.0,1000.0,1000.0,1000.0,22.053553599229627,0,0,22.053553599229627,0.0,0.0,0,0
382000,58.0,58.5,17.5,0.0,0.0,0.0,40.0,1.0,1.0,1.0,0.0,0.0,0.0,0.0,0.0,0.0,100.0,100.0,100.0,1000.0,1000.0,1000.0,22.053553599229627,0,0,22.053553599229627,0.0,0.0,0,0
382200,58.0,58.5,17.5,0.0,0.0,0.0,40.0,1.0,1.0,1.0,0.0,0.0,0.0,0.0,0.0,0.0,100.0,100.0,100.0,1000.0,1000.0,1000.0,22.053553599229627,0,0,22.053553599229627,0.0,0.0,0,0
382400,58.0,58.5,17.5,0.0,0.0,0.0,40.0,1.0,1.0,1.0,0.0,0.0,0.0,0.0,0.0,0.0,100.0,100.0,100.0,1000.0,1000.0,1000.0,22.053553599229627,0,0,22.053553599229627,0.0,0.0,0,0
382600,58.0,58.5,17.5,0.0,0.0,0.0,40.0,1.0,1.0,1.0,0.0,0.0,0.0,0.0,0.0,0.0,100.0,100.0,100.0,1000.0,1000.0,1000.0,22.053553599229627,0,0,22.053553599229627,0.0,0.0,0,0
382800,58.0,58.5,17.5,0.0,0.0,0.0,40.0,1.0,1.0,1.0,0.0,0.0,0.0,0.0,0.0,0.0,100.0,100.0,100.0,1000.0,1000.0,1000.0,22.053553599229627,0,0,22.053553599229627,0.0,0.0,0,0
383000,58.0,58.5,17.5,0.0,0.0,0.0,40.0,1.0,1.0,1.0,0.0,0.0,0.0,0.0,0.0,0.0,100.0,100.0,100.0,1000.0,1000.0,1000.0,22.053553599229627,0,0,22.053553599229627,0.0,0.0,0,0
383200,58.0,58.5,17.5,0.0,0.0,0.0,40.0,1.0,1.0,1.0,0.0,0.0,0.0,0.0,0.0,0.0,100.0,100.0,100.0,1000.0,1000.0,1000.0,22.053553599229627,0,0,22.053553599229627,0.0,0.0,0,0
383400,58.0,58.5,17.5,0.0,0.0,0.0,40.0,1.0,1.0,1.0,0.0,0.0,0.0,0.0,0.0,0.0,100.0,100.0,100.0,1000.0,1000.0,1000.0,22.053553599229627,0,0,22.053553599229627,0.0,0.0,0,0
383600,58.0,58.5,17.5,0.0,0.0,0.0,40.0,1.0,1.0,1.0,0.0,0.0,0.0,0.0,0.0,0.0,100.0,100.0,100.0,1000.0,1000.0,1000.0,22.053553599229627,0,0,22.053553599229627,0.0,0.0,0,0
383800,58.0,58.5,17.5,0.0,0.0,0.0,40.0,1.0,1.0,1.0,0.0,0.0,0.0,0.0,0.0,0.0,100.0,100.0,100.0,1000.0,1000.0,1000.0,22.053553599229627,0,0,22.053553599229627,0.0,0.0,0,0
384000,58.0,58.5,17.5,0.0,0.0,0.0,40.0,1.0,1.0,1.0,0.0,0.0,0.0,0.0,0.0,0.0,100.0,100.0,100.0,1000.0,1000.0,1000.0,22.053553599229627,0,0,22.053553599229627,0.0,0.0,0,0
384200,58.0,58.5,17.5,0.0,0.0,0.0,40.0,1.0,1.0,1.0,0.0,0.0,0.0,0.0,0.0,0.0,100.0,100.0,100.0,1000.0,1000.0,1000.0,22.053553599229627,0,0,22.053553599229627,0.0,0.0,0,0
384400,58.0,58.5,17.5,0.0,0.0,0.0,40.0,1.0,1.0,1.0,0.0,0.0,0.0,0.0,0.0,0.0,100.0,100.0,100.0,1000.0,1000.0,1000.0,22.053553599229627,0,0,22.053553599229627,0.0,0.0,0,0
384600,58.0,58.5,17.5,0.0,0.0,0.0,40.0,1.0,1.0,1.0,0.0,0.0,0.0,0.0,0.0,0.0,100.0,100.0,100.0,1000.0,1000.0,1000.0,22.053553599229627,0,0,22.053553599229627,0.0,0.0,0,0
384800,58.0,58.5,17.5,0.0,0.0,0.0,40.0,1.0,1.0,1.0,0.0,0.0,0.0,0.0,0.0,0.0,100.0,100.0,100.0,1000.0,1000.0,1000.0,22.053553599229627,0,0,22.053553599229627,0.0,0.0,0,0
385000,57.5,58.5,17.5,0.0,0.0,0.0,40.0,1.0,1.0,1.0,0.0,0.0,0.0,0.0,0.0,0.0,100.0,100.0,100.0,1000.0,1000.0,1000.0,22.053553599229627,0,0,22.053553599229627,0.0,0.0,0,0
385200,57.5,58.5,17.5,0.0,0.0,0.0,40.0,1.0,1.0,1.0,0.0,0.0,0.0,0.0,0.0,0.0,100.0,100.0,100.0,1000.0,1000.0,1000.0,22.053553599229627,0,0,22.053553599229627,0.0,0.0,0,0
385400,57.5,58.5,17.5,0.0,0.0,0.0,40.0,1.0,1.0,1.0,0.0,0.0,0.0,0.0,0.0,0.0,100.0,100.0,100.0,1000.0,1000.0,1000.0,22.053553599229627,0,0,22.053553599229627,0.0,0.0,0,0
385600,57.5,58.0,17.5,0.0,0.0,0.0,40.0,1.0,1.0,1.0,0.0,0.0,0.0,0.0,0.0,0.0,100.0,100.0,100.0,1000.0,1000.0,1000.0,22.053553599229627,0,0,22.053553599229627,0.0,0.0,0,0
385800,57.5,58.0,17.5,0.0,0.0,0.0,40.0,1.0,1.0,1.0,0.0,0.0,0.0,0.0,0.0,0.0,100.0,100.0,100.0,1000.0,1000.0,1000.0,22.053553599229627,0,0,22.053553599229627,0.0,0.0,0,0
386000,57.5,58.0,17.5,0.0,0.0,0.0,40.0,1.0,1.0,1.0,0.0,0.0,0.0,0.0,0.0,0.0,100.0,100.0,100.0,1000.0,1000.0,1000.0,22.053553599229627,0,0,22.053553599229627,0.0,0.0,0,0
386200,57.5,58.0,17.5,0.0,0.0,0.0,40.0,1.0,1.0,1.0,0.0,0.0,0.0,0.0,0.0,0.0,100.0,100.0,100.0,1000.0,1000.0,1000.0,22.053553599229627,0,0,22.053553599229627,0.0,0.0,0,0
386400,57.5,58.0,17.5,0.0,0.0,0.0,40.0,1.0,1.0,1.0,0.0,0.0,0.0,0.0,0.0,0.0,100.0,100.0,100.0,1000.0,1000.0,1000.0,22.053553599229627,0,0,22.053553599229627,0.0,0.0,0,0
386600,57.5,58.0,17.5,0.0,0.0,0.0,40.0,1.0,1.0,1.0,0.0,0.0,0.0,0.0,0.0,0.0,100.0,100.0,100.0,1000.0,1000.0,1000.0,22.053553599229627,0,0,22.053553599229627,0.0,0.0,0,0
386800,57.5,58.0,17.5,0.0,0.0,0.0,40.0,1.0,1.0,1.0,0.0,0.0,0.0,0.0,0.0,0.0,100.0,100.0,100.0,1000.0,1000.0,1000.0,22.053553599229627,0,0,22.053553599229627,0.0,0.0,0,0
387000,57.5,58.0,17.5,0.0,0.0,0.0,40.0,1.0,1.0,1.0,0.0,0.0,0.0,0.0,0.0,0.0,100.0,100.0,100.0,1000.0,1000.0,1000.0,22.053553599229627,0,0,22.053553599229627,0.0,0.0,0,0
387200,57.5,58.0,17.5,0.0,0.0,0.0,40.0,1.0,1.0,1.0,0.0,0.0,0.0,0.0,0.0,0.0,100.0,100.0,100.0,1000.0,1000.0,1000.0,22.053553599229627,0,0,22.053553599229627,0.0,0.0,0,0
387400,57.5,58.0,17.5,0.0,0.0,0.0,40.0,1.0,1.0,1.0,0.0,0.0,0.0,0.0,0.0,0.0,100.0,100.0,100.0,1000.0,1000.0,1000.0,22.053553599229627,0,0,22.053553599229627,0.0,0.0,0,0
387600,57.5,58.0,17.5,0.0,0.0,0.0,40.0,1.0,1.0,1.0,0.0,0.0,0.0,0.0,0.0,0.0,100.0,100.0,100.0,1000.0,1000.0,1000.0,22.053553599229627,0,0,22.053553599229627,0.0,0.0,0,0
387800,57.5,58.0,17.5,0.0,0.0,0.0,40.0,1.0,1.0,1.0,0.0,0.0,0.0,0.0,0.0,0.0,100.0,100.0,100.0,1000.0,1000.0,1000.0,22.053553599229627,0,0,22.053553599229627,0.0,0.0,0,0
388000,57.5,58.0,17.5,0.0,0.0,0.0,40.0,1.0,1.0,1.0,0.0,0.0,0.0,0.0,0.0,0.0,100.0,100.0,100.0,1000.0,1000.0,1000.0,22.053553599229627,0,0,22.053553599229627,0.0,0.0,0,0
388200,57.5,58.0,17.5,0.0,0.0,0.0,40.0,1.0,1.0,1.0,0.0,0.0,0.0,0.0,0.0,0.0,100.0,100.0,100.0,1000.0,1000.0,1000.0,22.053553599229627,0,0,22.053553599229627,0.0,0.0,0,0
388400,57.5,58.0,17.5,0.0,0.0,0.0,40.0,1.0,1.0,1.0,0.0,0.0,0.0,0.0,0.0,0.0,100.0,100.0,100.0,1000.0,1000.0,1000.0,22.053553599229627,0,0,22.053553599229627,0.0,0.0,0,0
388600,57.5,58.0,17.5,0.0,0.0,0.0,40.0,1.0,1.0,1.0,0.0,0.0,0.0,0.0,0.0,0.0,100.0,100.0,100.0,1000.0,1000.0,1000.0,22.053553599229627,0,0,22.053553599229627,0.0,0.0,0,0
388800,57.5,58.0,17.5,0.0,0.0,0.0,40.0,1.0,1.0,1.0,0.0,0.0,0.0,0.0,0.0,0.0,100.0,100.0,100.0,1000.0,1000.0,1000.0,22.053553599229627,0,0,22.053553599229627,0.0,0.0,0,0
389000,57.5,58.0,17.5,0.0,0.0,0.0,40.0,1.0,1.0,1.0,0.0,0.0,0.0,0.0,0.0,0.0,100.0,100.0,100.0,1000.0,1000.0,1000.0,22.053553599229627,0,0,22.053553599229627,0.0,0.0,0,0
389200,57.5,58.0,17.5,0.0,0.0,0.0,40.0,1.0,1.0,1.0,0.0,0.0,0.0,0.0,0.0,0.0,100.0,100.0,100.0,1000.0,1000.0,1000.0,22.053553599229627,0,0,22.053553599229627,0.0,0.0,0,0
389400,57.5,58.0,17.5,0.0,0.0,0.0,40.0,1.0,1.0,1.0,0.0,0.0,0.0,0.0,0.0,0.0,100.0,100.0,100.0,1000.0,1000.0,1000.0,22.053553599229627,0,0,22.053553599229627,0.0,0.0,0,0
389600,57.5,58.0,17.5,0.0,0.0,0.0,40.0,1.0,1.0,1.0,0.0,0.0,0.0,0.0,0.0,0.0,100.0,100.0,100.0,1000.0,1000.0,1000.0,22.053553599229627,0,0,22.053553599229627,0.0,0.0,0,0
389800,57.5,58.0,17.5,0.0,0.0,0.0,40.0,1.0,1.0,1.0,0.0,0.0,0.0,0.0,0.0,0.0,100.0,100.0,100.0,1000.0,1000.0,1000.0,22.053553599229627,0,0,22.053553599229627,0.0,0.0,0,0
390000,57.5,58.0,17.5,0.0,0.0,0.0,40.0,1.0,1.0,1.0,0.0,0.0,0.0,0.0,0.0,0.0,100.0,100.0,100.0,1000.0,1000.0,1000.0,22.053553599229627,0,0,22.053553599229627,0.0,0.0,0,0
390200,57.5,58.0,17.5,0.0,0.0,0.0,40.0,1.0,1.0,1.0,0.0,0.0,0.0,0.0,0.0,0.0,100.0,100.0,100.0,1000.0,1000.0,1000.0,52.21075209929174,0,0,52.21075209929174,0.0,0.0,1,0
390400,57.5,58.0,17.5,0.0,0.0,0.0,40.0,1.0,1.0,1.0,0.0,0.0,0.0,0.0,0.0,0.0,100.0,100.0,100.0,1000.0,1000.0,1000.0,52.21075209929174,0,0,52.21075209929174,0.0,0.0,0,0
390600,57.5,58.0,17.5,0.0,0.0,0.0,40.0,1.0,1.0,1.0,0.0,0.0,0.0,0.0,0.0,0.0,100.0,100.0,100.0,1000.0,1000.0,1000.0,52.21075209929174,0,0,52.21075209929174,0.0,0.0,0,0
390800,57.5,58.0,17.5,0.0,0.0,0.0,40.0,1.0,1.0,1.0,0.0,0.0,0.0,0.0,0.0,0.0,100.0,100.0,100.0,1000.0,1000.0,1000.0,52.21075209929174,0,0,52.21075209929174,0.0,0.0,0,0
391000,57.0,58.0,17.5,0.0,0.0,0.0,40.0,1.0,1.0,1.0,0.0,0.0,0.0,0.0,0.0,0.0,100.0,100.0,100.0,1000.0,1000.0,1000.0,52.21075209929174,0,0,52.21075209929174,0.0,0.0,0,0
391200,57.0,58.0,17.5,0.0,0.0,0.0,40.0,1.0,1.0,1.0,0.0,0.0,0.0,0.0,0.0,0.0,100.0,100.0,100.0,1000.0,1000.0,1000.0,52.21075209929174,0,0,52.21075209929174,0.0,0.0,0,0
391400,57.0,58.0,17.5,0.0,0.0,0.0,40.0,1.0,1.0,1.0,0.0,0.0,0.0,0.0,0.0,0.0,100.0,100.0,100.0,1000.0,1000.0,1000.0,52.21075209929174,0,0,52.21075209929174,0.0,0.0,0,0
391600,57.0,58.0,17.5,0.0,0.0,0.0,40.0,1.0,1.0,1.0,0.0,0.0,0.0,0.0,0.0,0.0,100.0,100.0,100.0,1000.0,1000.0,1000.0,52.21075209929174,0,0,52.21075209929174,0.0,0.0,0,0
391800,57.0,58.0,17.5,0.0,0.0,0.0,40.0,1.0,1.0,1.0,0.0,0.0,0.0,0.0,0.0,0.0,100.0,100.0,100.0,1000.0,1000.0,1000.0,52.21075209929174,0,0,52.21075209929174,0.0,0.0,0,0
392000,57.0,57.5,17.5,0.0,0.0,0.0,40.0,1.0,1.0,1.0,0.0,0.0,0.0,0.0,0.0,0.0,100.0,100.0,100.0,1000.0,1000.0,1000.0,52.21075209929174,0,0,52.21075209929174,0.0,0.0,0,0
392200,57.0,57.5,17.5,0.0,0.0,0.0,40.0,1.0,1.0,1.0,0.0,0.0,0.0,0.0,0.0,0.0,100.0,100.0,100.0,1000.0,1000.0,1000.0,52.21075209929174,0,0,52.21075209929174,0.0,0.0,0,0
392400,57.0,57.5,17.5,0.0,0.0,0.0,40.0,1.0,1.0,1.0,0.0,0.0,0.0,0.0,0.0,0.0,100.0,100.0,100.0,1000.0,1000.0,1000.0,52.21075209929174,0,0,52.21075209929174,0.0,0.0,0,0
392600,57.0,57.5,17.5,0.0,0.0,0.0,40.0,1.0,1.0,1.0,0.0,0.0,0.0,0.0,0.0,0.0,100.0,100.0,100.0,1000.0,1000.0,1000.0,52.21075209929174,0,0,52.21075209929174,0.0,0.0,0,0
392800,57.0,57.5,17.5,0.0,0.0,0.0,40.0,1.0,1.0,1.0,0.0,0.0,0.0,0.0,0.0,0.0,100.0,100.0,100.0,1000.0,1000.0,1000.0,52.21075209929174,0,0,52.21075209929174,0.0,0.0,0,0
393000,57.0,57.5,17.5,0.0,0.0,0.0,40.0,1.0,1.0,1.0,0.0,0.0,0.0,0.0,0.0,0.0,100.0,100.0,100.0,1000.0,1000.0,1000.0,52.21075209929174,0,0,52.21075209929174,0.0,0.0,0,0
393200,57.0,57.5,17.5,0.0,0.0,0.0,40.0,1.0,1.0,1.0,0.0,0.0,0.0,0.0,0.0,0.0,100.0,100.0,100.0,1000.0,1000.0,1000.0,52.21075209929174,0,0,52.21075209929174,0.0,0.0,0,0
393400,57.0,57.5,17.5,0.0,0.0,0.0,40.0,1.0,1.0,1.0,0.0,0.0,0.0,0.0,0.0,0.0,100.0,100.0,100.0,1000.0,1000.0,1000.0,52.21075209929174,0,0,52.21075209929174,0.0,0.0,0,0
393600,57.0,57.5,17.5,0.0,0.0,0.0,40.0,1.0,1.0,1.0,0.0,0.0,0.0,0.0,0.0,0.0,100.0,100.0,100.0,1000.0,1000.0,1000.0,52.21075209929174,0,0,52.21075209929174,0.0,0.0,0,0
393800,57.0,57.5,17.5,0.0,0.0,0.0,40.0,1.0,1.0,1.0,0.0,0.0,0.0,0.0,0.0,0.0,100.0,100.0,100.0,1000.0,1000.0,1000.0,52.21075209929174,0,0,52.21075209929174,0.0,0.0,0,0
394000,57.0,57.5,17.5,0.0,0.0,0.0,40.0,1.0,1.0,1.0,0.0,0.0,0.0,0.0,0.0,0.0,100.0,100.0,100.0,1000.0,1000.0,1000.0,52.21075209929174,0,0,52.21075209929174,0.0,0.0,0,0
394200,57.0,57.5,17.5,0.0,0.0,0.0,40.0,1.0,1.0,1.0,0.0,0.0,0.0,0.0,0.0,0.0,100.0,100.0,100.0,1000.0,1000.0,1000.0,52.21075209929174,0,0,52.21075209929174,0.0,0.0,0,0
394400,57.0,57.5,17.5,0.0,0.0,0.0,40.0,1.0,1.0,1.0,0.0,0.0,0.0,0.0,0.0,0.0,100.0,100.0,100.0,1000.0,1000.0,1000.0,52.21075209929174,0,0,52.21075209929174,0.0,0.0,0,0
394600,57.0,57.5,17.5,0.0,0.0,0.0,40.0,1.0,1.0,1.0,0.0,0.0,0.0,0.0,0.0,0.0,100.0,100.0,100.0,1000.0,1000.0,1000.0,52.21075209929174,0,0,52.21075209929174,0.0,0.0,0,0
394800,57.0,57.5,17.5,0.0,0.0,0.0,40.0,1.0,1.0,1.0,0.0,0.0,0.0,0.0,0.0,0.0,100.0,100.0,100.0,1000.0,1000.0,1000.0,52.21075209929174,0,0,52.21075209929174,0.0,0.0,0,0
395000,57.0,57.5,17.5,0.0,0.0,0.0,40.0,1.0,1.0,1.0,0.0,0.0,0.0,0.0,0.0,0.0,100.0,100.0,100.0,1000.0,1000.0,1000.0,52.21075209929174,0,0,52.21075209929174,0.0,0.0,0,0
395200,57.0,57.5,17.5,0.0,0.0,0.0,40.0,1.0,1.0,1.0,0.0,0.0,0.0,0.0,0.0,0.0,100.0,100.0,100.0,1000.0,1000.0,1000.0,52.21075209929174,0,0,52.21075209929174,0.0,0.0,0,0
395400,57.0,57.5,17.5,0.0,0.0,0.0,40.0,1.0,1.0,1.0,0.0,0.0,0.0,0.0,0.0,0.0,100.0,100.0,100.0,1000.0,1000.0,1000.0,52.21075209929174,0,0,52.21075209929174,0.0,0.0,0,0
395600,57.0,57.5,17.5,0.0,0.0,0.0,40.0,1.0,1.0,1.0,0.0,0.0,0.0,0.0,0.0,0.0,100.0,100.0,100.0,1000.0,1000.0,1000.0,52.21075209929174,0,0,52.21075209929174,0.0,0.0,0,0
395800,57.0,57.5,17.5,0.0,0.0,0.0,40.0,1.0,1.0,1.0,0.0,0.0,0.0,0.0,0.0,0.0,100.0,100.0,100.0,1000.0,1000.0,1000.0,52.21075209929174,0,0,52.21075209929174,0.0,0.0,0,0
396000,57.0,57.5,17.5,0.0,0.0,0.0,40.0,1.0,1.0,1.0,0.0,0.0,0.0,0.0,0.0,0.0,100.0,100.0,100.0,1000.0,1000.0,1000.0,52.21075209929174,0,0,52.21075209929174,0.0,0.0,0,0
396200,57.0,57.5,17.5,0.0,0.0,0.0,40.0,1.0,1.0,1.0,0.0,0.0,0.0,0.0,0.0,0.0,100.0,100.0,100.0,1000.0,1000.0,1000.0,52.21075209929174,0,0,52.21075209929174,0.0,0.0,0,0
396400,57.0,57.5,17.5,0.0,0.0,0.0,40.0,1.0,1.0,1.0,0.0,0.0,0.0,0.0,0.0,0.0,100.0,100.0,100.0,1000.0,1000.0,1000.0,52.21075209929174,0,0,52.21075209929174,0.0,0.0,0,0
396600,57.0,57.5,17.5,0.0,0.0,0.0,40.0,1.0,1.0,1.0,0.0,0.0,0.0,0.0,0.0,0.0,100.0,100.0,100.0,1000.0,1000.0,1000.0,52.21075209929174,0,0,52.21075209929174,0.0,0.0,0,0
396800,57.0,57.5,17.5,0.0,0.0,0.0,40.0,1.0,1.0,1.0,0.0,0.0,0.0,0.0,0.0,0.0,100.0,100.0,100.0,1000.0,1000.0,1000.0,52.21075209929174,0,0,52.21075209929174,0.0,0.0,0,0
397000,57.0,57.5,17.5,0.0,0.0,0.0,40.0,1.0,1.0,1.0,0.0,0.0,0.0,0.0,0.0,0.0,100.0,100.0,100.0,1000.0,1000.0,1000.0,52.21075209929174,0,0,52.21075209929174,0.0,0.0,0,0
397200,57.0,57.5,17.5,0.0,0.0,0.0,40.0,1.0,1.0,1.0,0.0,0.0,0.0,0.0,0.0,0.0,100.0,100.0,100.0,1000.0,1000.0,1000.0,52.21075209929174,0,0,52.21075209929174,0.0,0.0,0,0
397400,57.0,57.5,17.5,0.0,0.0,0.0,40.0,1.0,1.0,1.0,0.0,0.0,0.0,0.0,0.0,0.0,100.0,100.0,100.0,1000.0,1000.0,1000.0,52.21075209929174,0,0,52.21075209929174,0.0,0.0,0,0
397600,57.0,57.5,17.5,0.0,0.0,0.0,40.0,1.0,1.0,1.0,0.0,0.0,0.0,0.0,0.0,0.0,100.0,100.0,100.0,1000.0,1000.0,1000.0,52.21075209929174,0,0,52.21075209929174,0.0,0.0,0,0
397800,57.0,57.5,17.5,0.0,0.0,0.0,40.0,1.0,1.0,1.0,0.0,0.0,0.0,0.0,0.0,0.0,100.0,100.0,100.0,1000.0,1000.0,1000.0,52.21075209929174,0,0,52.21075209929174,0.0,0.0,0,0
398000,57.0,57.5,17.5,0.0,0.0,0.0,40.0,1.0,1.0,1.0,0.0,0.0,0.0,0.0,0.0,0.0,100.0,100.0,100.0,1000.0,1000.0,1000.0,52.21075209929174,0,0,52.21075209929174,0.0,0.0,0,0
398200,57.0,57.5,17.5,0.0,0.0,0.0,40.0,1.0,1.0,1.0,0.0,0.0,0.0,0.0,0.0,0.0,100.0,100.0,100.0,1000.0,1000.0,1000.0,52.21075209929174,0,0,52.21075209929174,0.0,0.0,0,0
398400,57.0,57.5,17.5,0.0,0.0,0.0,40.0,1.0,1.0,1.0,0.0,0.0,0.0,0.0,0.0,0.0,100.0,100.0,100.0,1000.0,1000.0,1000.0,52.21075209929174,0,0,52.21075209929174,0.0,0.0,0,0
398600,57.0,57.5,17.5,0.0,0.0,0.0,40.0,1.0,1.0,1.0,0.0,0.0,0.0,0.0,0.0,0.0,100.0,100.0,100.0,1000.0,1000.0,1000.0,52.21075209929174,0,0,52.21075209929174,0.0,0.0,0,0
398800,57.0,57.5,17.5,0.0,0.0,0.0,40.0,1.0,1.0,1.0,0.0,0.0,0.0,0.0,0.0,0.0,100.0,100.0,100.0,1000.0,1000.0,1000.0,52.21075209929174,0,0,52.21075209929174,0.0,0.0,0,0
399000,57.0,57.5,17.5,0.0,0.0,0.0,40.0,1.0,1.0,1.0,0.0,0.0,0.0,0.0,0.0,0.0,100.0,100.0,100.0,1000.0,1000.0,1000.0,52.21075209929174,0,0,52.21075209929174,0.0,0.0,0,0
399200,57.0,57.5,17.5,0.0,0.0,0.0,40.0,1.0,1.0,1.0,0.0,0.0,0.0,0.0,0.0,0.0,100.0,100.0,100.0,1000.0,1000.0,1000.0,52.21075209929174,0,0,52.21075209929174,0.0,0.0,0,0
399400,57.0,57.5,17.5,0.0,0.0,0.0,40.0,1.0,1.0,1.0,0.0,0.0,0.0,0.0,0.0,0.0,100.0,100.0,100.0,1000.0,1000.0,1000.0,52.21075209929174,0,0,52.21075209929174,0.0,0.0,0,0
399600,57.0,57.5,17.5,0.0,0.0,0.0,40.0,1.0,1.0,1.0,0.0,0.0,0.0,0.0,0.0,0.0,100.0,100.0,100.0,1000.0,1000.0,1000.0,52.21075209929174,0,0,52.21075209929174,0.0,0.0,0,0
399800,57.0,57.5,17.5,0.0,0.0,0.0,40.0,1.0,1.0,1.0,0.0,0.0,0.0,0.0,0.0,0.0,100.0,100.0,100.0,1000.0,1000.0,1000.0,52.21075209929174,0,0,52.21075209929174,0.0,0.0,0,0
400000,57.0,57.5,17.5,0.0,0.0,0.0,40.0,1.0,1.0,1.0,0.0,0.0,0.0,0.0,0.0,0.0,100.0,100.0,100.0,1000.0,1000.0,1000.0,52.21075209929174,0,0,52.21075209929174,0.0,0.0,0,0
400200,57.0,57.5,17.5,0.0,0.0,0.0,40.0,1.0,1.0,1.0,0.0,0.0,0.0,0.0,0.0,0.0,100.0,100.0,100.0,1000.0,1000.0,1000.0,52.21075209929174,0,0,52.21075209929174,0.0,0.0,0,0
400400,57.0,57.5,17.5,0.0,0.0,0.0,40.0,1.0,1.0,1.0,0.0,0.0,0.0,0.0,0.0,0.0,100.0,100.0,100.0,1000.0,1000.0,1000.0,52.21075209929174,0,0,52.21075209929174,0.0,0.0,0,0
400600,57.0,57.5,17.5,0.0,0.0,0.0,40.0,1.0,1.0,1.0,0.0,0.0,0.0,0.0,0.0,0.0,100.0,100.0,100.0,1000.0,1000.0,1000.0,52.21075209929174,0,0,52.21075209929174,0.0,0.0,0,0
400800,57.0,57.5,17.5,0.0,0.0,0.0,40.0,1.0,1.0,1.0,0.0,0.0,0.0,0.0,0.0,0.0,100.0,100.0,100.0,1000.0,1000.0,1000.0,52.21075209929174,0,0,52.21075209929174,0.0,0.0,0,0
401000,57.0,57.5,17.5,0.0,0.0,0.0,40.0,1.0,1.0,1.0,0.0,0.0,0.0,0.0,0.0,0.0,100.0,100.0,100.0,1000.0,1000.0,1000.0,52.21075209929174,0,0,52.21075209929174,0.0,0.0,0,0
401200,57.0,57.5,17.5,0.0,0.0,0.0,40.0,1.0,1.0,1.0,0.0,0.0,0.0,0.0,0.0,0.0,100.0,100.0,100.0,1000.0,1000.0,1000.0,52.21075209929174,0,0,52.21075209929174,0.0,0.0,0,0
401400,57.0,57.5,17.5,0.0,0.0,0.0,40.0,1.0,1.0,1.0,0.0,0.0,0.0,0.0,0.0,0.0,100.0,100.0,100.0,1000.0,1000.0,1000.0,52.21075209929174,0,0,52.21075209929174,0.0,0.0,0,0
401600,57.0,57.5,17.5,0.0,0.0,0.0,40.0,1.0,1.0,1.0,0.0,0.0,0.0,0.0,0.0,0.0,100.0,100.0,100.0,1000.0,1000.0,1000.0,52.21075209929174,0,0,52.21075209929174,0.0,0.0,0,0
401800,57.0,57.5,17.5,0.0,0.0,0.0,40.0,1.0,1.0,1.0,0.0,0.0,0.0,0.0,0.0,0.0,100.0,100.0,100.0,1000.0,1000.0,1000.0,52.21075209929174,0,0,52.21075209929174,0.0,0.0,0,0
402000,57.0,57.5,17.5,0.0,0.0,0.0,40.0,1.0,1.0,1.0,0.0,0.0,0.0,0.0,0.0,0.0,100.0,100.0,100.0,1000.0,1000.0,1000.0,52.21075209929174,0,0,52.21075209929174,0.0,0.0,0,0
402200,57.0,57.5,17.5,0.0,0.0,0.0,40.0,1.0,1.0,1.0,0.0,0.0,0.0,0.0,0.0,0.0,100.0,100.0,100.0,1000.0,1000.0,1000.0,52.21075209929174,0,0,52.21075209929174,0.0,0.0,0,0
402400,57.0,57.5,17.5,0.0,0.0,0.0,40.0,1.0,1.0,1.0,0.0,0.0,0.0,0.0,0.0,0.0,100.0,100.0,100.0,1000.0,1000.0,1000.0,52.21075209929174,0,0,52.21075209929174,0.0,0.0,0,0
402600,57.0,57.5,17.5,0.0,0.0,0.0,40.0,1.0,1.0,1.0,0.0,0.0,0.0,0.0,0.0,0.0,100.0,100.0,100.0,1000.0,1000.0,1000.0,52.21075209929174,0,0,52.21075209929174,0.0,0.0,0,0
402800,57.0,57.5,17.5,0.0,0.0,0.0,40.0,1.0,1.0,1.0,0.0,0.0,0.0,0.0,0.0,0.0,100.0,100.0,100.0,1000.0,1000.0,1000.0,52.21075209929174,0,0,52.21075209929174,0.0,0.0,0,0
403000,57.0,57.5,17.5,0.0,0.0,0.0,40.0,1.0,1.0,1.0,0.0,0.0,0.0,0.0,0.0,0.0,100.0,100.0,100.0,1000.0,1000.0,1000.0,52.21075209929174,0,0,52.21075209929174,0.0,0.0,0,0
403200,57.0,57.5,17.5,0.0,0.0,0.0,40.0,1.0,1.0,1.0,0.0,0.0,0.0,0.0,0.0,0.0,100.0,100.0,100.0,1000.0,1000.0,1000.0,52.21075209929174,0,0,52.21075209929174,0.0,0.0,0,0
403400,57.0,57.5,17.5,0.0,0.0,0.0,40.0,1.0,1.0,1.0,0.0,0.0,0.0,0.0,0.0,0.0,100.0,100.0,100.0,1000.0,1000.0,1000.0,52.21075209929174,0,0,52.21075209929174,0.0,0.0,0,0
403600,57.0,57.5,17.5,0.0,0.0,0.0,40.0,1.0,1.0,1.0,0.0,0.0,0.0,0.0,0.0,0.0,100.0,100.0,100.0,1000.0,1000.0,1000.0,52.21075209929174,0,0,52.21075209929174,0.0,0.0,0,0
403800,57.0,57.5,17.5,0.0,0.0,0.0,40.0,1.0,1.0,1.0,0.0,0.0,0.0,0.0,0.0,0.0,100.0,100.0,100.0,1000.0,1000.0,1000.0,52.21075209929174,0,0,52.21075209929174,0.0,0.0,0,0
404000,57.0,57.5,17.5,0.0,0.0,0.0,40.0,1.0,1.0,1.0,0.0,0.0,0.0,0.0,0.0,0.0,100.0,100.0,100.0,1000.0,1000.0,1000.0,52.21075209929174,0,0,52.21075209929174,0.0,0.0,0,0
404200,57.0,57.5,17.5,0.0,0.0,0.0,40.0,1.0,1.0,1.0,0.0,0.0,0.0,0.0,0.0,0.0,100.0,100.0,100.0,1000.0,1000.0,1000.0,52.21075209929174,0,0,52.21075209929174,0.0,0.0,0,0
404400,57.0,57.5,17.5,0.0,0.0,0.0,40.0,1.0,1.0,1.0,0.0,0.0,0.0,0.0,0.0,0.0,100.0,100.0,100.0,1000.0,1000.0,1000.0,52.21075209929174,0,0,52.21075209929174,0.0,0.0,0,0
404600,57.0,57.5,17.5,0.0,0.0,0.0,40.0,1.0,1.0,1.0,0.0,0.0,0.0,0.0,0.0,0.0,100.0,100.0,100.0,1000.0,1000.0,1000.0,52.21075209929174,0,0,52.21075209929174,0.0,0.0,0,0
404800,57.0,57.5,17.5,0.0,0.0,0.0,40.0,1.0,1.0,1.0,0.0,0.0,0.0,0.0,0.0,0.0,100.0,100.0,100.0,1000.0,1000.0,1000.0,52.21075209929174,0,0,52.21075209929174,0.0,0.0,0,0
405000,57.0,57.5,17.5,0.0,0.0,0.0,40.0,1.0,1.0,1.0,0.0,0.0,0.0,0.0,0.0,0.0,100.0,100.0,100.0,1000.0,1000.0,1000.0,52.21075209929174,0,0,52.21075209929174,0.0,0.0,0,0
405200,57.0,57.5,17.5,0.0,0.0,0.0,40.0,1.0,1.0,1.0,0.0,0.0,0.0,0.0,0.0,0.0,100.0,100.0,100.0,1000.0,1000.0,1000.0,41.90538278081831,0,0,41.90538278081831,0.0,0.0,1,0
405400,57.0,57.5,17.5,0.0,0.0,0.0,40.0,1.0,1.0,1.0,0.0,0.0,0.0,0.0,0.0,0.0,100.0,100.0,100.0,1000.0,1000.0,1000.0,41.90538278081831,0,0,41.90538278081831,0.0,0.0,0,0
405600,57.0,57.5,17.5,0.0,0.0,0.0,40.0,1.0,1.0,1.0,0.0,0.0,0.0,0.0,0.0,0.0,100.0,100.0,100.0,1000.0,1000.0,1000.0,41.90538278081831,0,0,41.90538278081831,0.0,0.0,0,0
405800,57.0,57.5,17.5,0.0,0.0,0.0,40.0,1.0,1.0,1.0,0.0,0.0,0.0,0.0,0.0,0.0,100.0,100.0,100.0,1000.0,1000.0,1000.0,41.90538278081831,0,0,41.90538278081831,0.0,0.0,0,0
406000,57.0,57.5,17.5,0.0,0.0,0.0,40.0,1.0,1.0,1.0,0.0,0.0,0.0,0.0,0.0,0.0,100.0,100.0,100.0,1000.0,1000.0,1000.0,41.90538278081831,0,0,41.90538278081831,0.0,0.0,0,0
406200,57.0,57.5,17.5,0.0,0.0,0.0,40.0,1.0,1.0,1.0,0.0,0.0,0.0,0.0,0.0,0.0,100.0,100.0,100.0,1000.0,1000.0,1000.0,41.90538278081831,0,0,41.90538278081831,0.0,0.0,0,0
406400,57.0,57.5,17.5,0.0,0.0,0.0,40.0,1.0,1.0,1.0,0.0,0.0,0.0,0.0,0.0,0.0,100.0,100.0,100.0,1000.0,1000.0,1000.0,41.90538278081831,0,0,41.90538278081831,0.0,0.0,0,0
406600,57.0,57.5,17.5,0.0,0.0,0.0,40.0,1.0,1.0,1.0,0.0,0.0,0.0,0.0,0.0,0.0,100.0,100.0,100.0,1000.0,1000.0,1000.0,41.90538278081831,0,0,41.90538278081831,0.0,0.0,0,0
406800,57.0,57.5,17.5,0.0,0.0,0.0,40.0,1.0,1.0,1.0,0.0,0.0,0.0,0.0,0.0,0.0,100.0,100.0,100.0,1000.0,1000.0,1000.0,41.90538278081831,0,0,41.90538278081831,0.0,0.0,0,0
407000,57.0,57.5,17.5,0.0,0.0,0.0,40.0,1.0,1.0,1.0,0.0,0.0,0.0,0.0,0.0,0.0,100.0,100.0,100.0,1000.0,1000.0,1000.0,41.90538278081831,0,0,41.90538278081831,0.0,0.0,0,0
407200,57.0,57.5,17.5,0.0,0.0,0.0,40.0,1.0,1.0,1.0,0.0,0.0,0.0,0.0,0.0,0.0,100.0,100.0,100.0,1000.0,1000.0,1000.0,41.90538278081831,0,0,41.90538278081831,0.0,0.0,0,0
407400,57.0,57.5,17.5,0.0,0.0,0.0,40.0,1.0,1.0,1.0,0.0,0.0,0.0,0.0,0.0,0.0,100.0,100.0,100.0,1000.0,1000.0,1000.0,41.90538278081831,0,0,41.90538278081831,0.0,0.0,0,0
407600,57.0,57.5,17.5,0.0,0.0,0.0,40.0,1.0,1.0,1.0,0.0,0.0,0.0,0.0,0.0,0.0,100.0,100.0,100.0,1000.0,1000.0,1000.0,41.90538278081831,0,0,41.90538278081831,0.0,0.0,0,0
407800,57.0,57.5,17.5,0.0,0.0,0.0,40.0,1.0,1.0,1.0,0.0,0.0,0.0,0.0,0.0,0.0,100.0,100.0,100.0,1000.0,1000.0,1000.0,41.90538278081831,0,0,41.90538278081831,0.0,0.0,0,0
408000,57.0,57.5,17.5,0.0,0.0,0.0,40.0,1.0,1.0,1.0,0.0,0.0,0.0,0.0,0.0,0.0,100.0,100.0,100.0,1000.0,1000.0,1000.0,41.90538278081831,0,0,41.90538278081831,0.0,0.0,0,0
408200,57.0,57.5,17.5,0.0,0.0,0.0,40.0,1.0,1.0,1.0,0.0,0.0,0.0,0.0,0.0,0.0,100.0,100.0,100.0,1000.0,1000.0,1000.0,41.90538278081831,0,0,41.90538278081831,0.0,0.0,0,0
408400,57.0,57.5,17.5,0.0,0.0,0.0,40.0,1.0,1.0,1.0,0.0,0.0,0.0,0.0,0.0,0.0,100.0,100.0,100.0,1000.0,1000.0,1000.0,41.90538278081831,0,0,41.90538278081831,0.0,0.0,0,0
408600,57.0,57.5,17.5,0.0,0.0,0.0,40.0,1.0,1.0,1.0,0.0,0.0,0.0,0.0,0.0,0.0,100.0,100.0,100.0,1000.0,1000.0,1000.0,41.90538278081831,0,0,41.90538278081831,0.0,0.0,0,0
408800,57.0,57.5,17.5,0.0,0.0,0.0,40.0,1.0,1.0,1.0,0.0,0.0,0.0,0.0,0.0,0.0,100.0,100.0,100.0,1000.0,1000.0,1000.0,41.90538278081831,0,0,41.90538278081831,0.0,0.0,0,0
409000,57.0,57.5,17.5,0.0,0.0,0.0,40.0,1.0,1.0,1.0,0.0,0.0,0.0,0.0,0.0,0.0,100.0,100.0,100.0,1000.0,1000.0,1000.0,41.90538278081831,0,0,41.90538278081831,0.0,0.0,0,0
409200,57.0,57.5,17.5,0.0,0.0,0.0,40.0,1.0,1.0,1.0,0.0,0.0,0.0,0.0,0.0,0.0,100.0,100.0,100.0,1000.0,1000.0,1000.0,41.90538278081831,0,0,41.90538278081831,0.0,0.0,0,0
409400,57.0,57.5,17.5,0.0,0.0,0.0,40.0,1.0,1.0,1.0,0.0,0.0,0.0,0.0,0.0,0.0,100.0,100.0,100.0,1000.0,1000.0,1000.0,41.90538278081831,0,0,41.90538278081831,0.0,0.0,0,0
409600,57.0,57.5,17.5,0.0,0.0,0.0,40.0,1.0,1.0,1.0,0.0,0.0,0.0,0.0,0.0,0.0,100.0,100.0,100.0,1000.0,1000.0,1000.0,41.90538278081831,0,0,41.90538278081831,0.0,0.0,0,0
409800,57.0,57.5,17.5,0.0,0.0,0.0,40.0,1.0,1.0,1.0,0.0,0.0,0.0,0.0,0.0,0.0,100.0,100.0,100.0,1000.0,1000.0,1000.0,41.90538278081831,0,0,41.90538278081831,0.0,0.0,0,0
410000,57.0,57.5,17.5,0.0,0.0,0.0,40.0,1.0,1.0,1.0,0.0,0.0,0.0,0.0,0.0,0.0,100.0,100.0,100.0,1000.0,1000.0,1000.0,41.90538278081831,0,0,41.90538278081831,0.0,0.0,0,0
410200,57.0,57.5,17.5,0.0,0.0,0.0,40.0,1.0,1.0,1.0,0.0,0.0,0.0,0.0,0.0,0.0,100.0,100.0,100.0,1000.0,1000.0,1000.0,41.90538278081831,0,0,41.90538278081831,0.0,0.0,0,0
410400,57.0,57.5,17.5,0.0,0.0,0.0,40.0,1.0,1.0,1.0,0.0,0.0,0.0,0.0,0.0,0.0,100.0,100.0,100.0,1000.0,1000.0,1000.0,41.90538278081831,0,0,41.90538278081831,0.0,0.0,0,0
410600,57.0,57.5,17.5,0.0,0.0,0.0,40.0,1.0,1.0,1.0,0.0,0.0,0.0,0.0,0.0,0.0,100.0,100.0,100.0,1000.0,1000.0,1000.0,41.90538278081831,0,0,41.90538278081831,0.0,0.0,0,0
410800,57.0,57.5,17.5,0.0,0.0,0.0,40.0,1.0,1.0,1.0,0.0,0.0,0.0,0.0,0.0,0.0,100.0,100.0,100.0,1000.0,1000.0,1000.0,41.90538278081831,0,0,41.90538278081831,0.0,0.0,0,0
411000,57.0,57.5,17.5,0.0,0.0,0.0,40.0,1.0,1.0,1.0,0.0,0.0,0.0,0.0,0.0,0.0,100.0,100.0,100.0,1000.0,1000.0,1000.0,41.90538278081831,0,0,41.90538278081831,0.0,0.0,0,0
411200,57.0,57.5,17.5,0.0,0.0,0.0,40.0,1.0,1.0,1.0,0.0,0.0,0.0,0.0,0.0,0.0,100.0,100.0,100.0,1000.0,1000.0,1000.0,41.90538278081831,0,0,41.90538278081831,0.0,0.0,0,0
411400,57.0,57.5,17.5,0.0,0.0,0.0,40.0,1.0,1.0,1.0,0.0,0.0,0.0,0.0,0.0,0.0,100.0,100.0,100.0,1000.0,1000.0,1000.0,41.90538278081831,0,0,41.90538278081831,0.0,0.0,0,0
411600,57.0,57.5,17.5,0.0,0.0,0.0,40.0,1.0,1.0,1.0,0.0,0.0,0.0,0.0,0.0,0.0,100.0,100.0,100.0,1000.0,1000.0,1000.0,41.90538278081831,0,0,41.90538278081831,0.0,0.0,0,0
411800,57.0,57.5,17.5,0.0,0.0,0.0,40.0,1.0,1.0,1.0,0.0,0.0,0.0,0.0,0.0,0.0,100.0,100.0,100.0,1000.0,1000.0,1000.0,41.90538278081831,0,0,41.90538278081831,0.0,0.0,0,0
412000,57.0,57.5,17.5,0.0,0.0,0.0,40.0,1.0,1.0,1.0,0.0,0.0,0.0,0.0,0.0,0.0,100.0,100.0,100.0,1000.0,1000.0,1000.0,41.90538278081831,0,0,41.90538278081831,0.0,0.0,0,0
412200,57.0,57.5,17.5,0.0,0.0,0.0,40.0,1.0,1.0,1.0,0.0,0.0,0.0,0.0,0.0,0.0,100.0,100.0,100.0,1000.0,1000.0,1000.0,41.90538278081831,0,0,41.90538278081831,0.0,0.0,0,0
412400,57.0,57.5,17.5,0.0,0.0,0.0,40.0,1.0,1.0,1.0,0.0,0.0,0.0,0.0,0.0,0.0,100.0,100.0,100.0,1000.0,1000.0,1000.0,41.90538278081831,0,0,41.90538278081831,0.0,0.0,0,0
412600,57.0,57.5,17.5,0.0,0.0,0.0,40.0,1.0,1.0,1.0,0.0,0.0,0.0,0.0,0.0,0.0,100.0,100.0,100.0,1000.0,1000.0,1000.0,41.90538278081831,0,0,41.90538278081831,0.0,0.0,0,0
412800,57.0,57.5,17.5,0.0,0.0,0.0,40.0,1.0,1.0,1.0,0.0,0.0,0.0,0.0,0.0,0.0,100.0,100.0,100.0,1000.0,1000.0,1000.0,41.90538278081831,0,0,41.90538278081831,0.0,0.0,0,0
413000,57.0,57.5,17.5,0.0,0.0,0.0,40.0,1.0,1.0,1.0,0.0,0.0,0.0,0.0,0.0,0.0,100.0,100.0,100.0,1000.0,1000.0,1000.0,41.90538278081831,0,0,41.90538278081831,0.0,0.0,0,0
413200,57.0,57.5,17.5,0.0,0.0,0.0,40.0,1.0,1.0,1.0,0.0,0.0,0.0,0.0,0.0,0.0,100.0,100.0,100.0,1000.0,1000.0,1000.0,41.90538278081831,0,0,41.90538278081831,0.0,0.0,0,0
413400,57.0,57.5,17.5,0.0,0.0,0.0,40.0,1.0,1.0,1.0,0.0,0.0,0.0,0.0,0.0,0.0,100.0,100.0,100.0,1000.0,1000.0,1000.0,41.90538278081831,0,0,41.90538278081831,0.0,0.0,0,0
413600,57.0,57.5,17.5,0.0,0.0,0.0,40.0,1.0,1.0,1.0,0.0,0.0,0.0,0.0,0.0,0.0,100.0,100.0,100.0,1000.0,1000.0,1000.0,41.90538278081831,0,0,41.90538278081831,0.0,0.0,0,0
413800,57.0,57.5,17.5,0.0,0.0,0.0,40.0,1.0,1.0,1.0,0.0,0.0,0.0,0.0,0.0,0.0,100.0,100.0,100.0,1000.0,1000.0,1000.0,41.90538278081831,0,0,41.90538278081831,0.0,0.0,0,0
414000,57.0,57.5,17.5,0.0,0.0,0.0,40.0,1.0,1.0,1.0,0.0,0.0,0.0,0.0,0.0,0.0,100.0,100.0,100.0,1000.0,1000.0,1000.0,41.90538278081831,0,0,41.90538278081831,0.0,0.0,0,0
414200,57.0,57.5,17.5,0.0,0.0,0.0,40.0,1.0,1.0,1.0,0.0,0.0,0.0,0.0,0.0,0.0,100.0,100.0,100.0,1000.0,1000.0,1000.0,41.90538278081831,0,0,41.90538278081831,0.0,0.0,0,0
414400,57.0,57.5,17.5,0.0,0.0,0.0,40.0,1.0,1.0,1.0,0.0,0.0,0.0,0.0,0.0,0.0,100.0,100.0,100.0,1000.0,1000.0,1000.0,41.90538278081831,0,0,41.90538278081831,0.0,0.0,0,0
414600,57.0,57.5,17.5,0.0,0.0,0.0,40.0,1.0,1.0,1.0,0.0,0.0,0.0,0.0,0.0,0.0,100.0,100.0,100.0,1000.0,1000.0,1000.0,41.90538278081831,0,0,41.90538278081831,0.0,0.0,0,0
414800,57.0,57.5,17.5,0.0,0.0,0.0,40.0,1.0,1.0,1.0,0.0,0.0,0.0,0.0,0.0,0.0,100.0,100.0,100.0,1000.0,1000.0,1000.0,41.90538278081831,0,0,41.90538278081831,0.0,0.0,0,0
415000,57.0,57.5,17.5,0.0,0.0,0.0,40.0,1.0,1.0,1.0,0.0,0.0,0.0,0.0,0.0,0.0,100.0,100.0,100.0,1000.0,1000.0,1000.0,41.90538278081831,0,0,41.90538278081831,0.0,0.0,0,0
415200,57.0,57.5,17.5,0.0,0.0,0.0,40.0,1.0,1.0,1.0,0.0,0.0,0.0,0.0,0.0,0.0,100.0,100.0,100.0,1000.0,1000.0,1000.0,41.90538278081831,0,0,41.90538278081831,0.0,0.0,0,0
415400,57.0,57.5,17.5,0.0,0.0,0.0,40.0,1.0,1.0,1.0,0.0,0.0,0.0,0.0,0.0,0.0,100.0,100.0,100.0,1000.0,1000.0,1000.0,41.90538278081831,0,0,41.90538278081831,0.0,0.0,0,0
415600,57.0,57.5,17.5,0.0,0.0,0.0,40.0,1.0,1.0,1.0,0.0,0.0,0.0,0.0,0.0,0.0,100.0,100.0,100.0,1000.0,1000.0,1000.0,41.90538278081831,0,0,41.90538278081831,0.0,0.0,0,0
415800,57.0,57.5,17.5,0.0,0.0,0.0,40.0,1.0,1.0,1.0,0.0,0.0,0.0,0.0,0.0,0.0,100.0,100.0,100.0,1000.0,1000.0,1000.0,41.90538278081831,0,0,41.90538278081831,0.0,0.0,0,0
416000,57.0,57.5,17.5,0.0,0.0,0.0,40.0,1.0,1.0,1.0,0.0,0.0,0.0,0.0,0.0,0.0,100.0,100.0,100.0,1000.0,1000.0,1000.0,41.90538278081831,0,0,41.90538278081831,0.0,0.0,0,0
416200,57.0,57.5,17.5,0.0,0.0,0.0,40.0,1.0,1.0,1.0,0.0,0.0,0.0,0.0,0.0,0.0,100.0,100.0,100.0,1000.0,1000.0,1000.0,41.90538278081831,0,0,41.90538278081831,0.0,0.0,0,0
416400,57.0,57.5,17.5,0.0,0.0,0.0,40.0,1.0,1.0,1.0,0.0,0.0,0.0,0.0,0.0,0.0,100.0,100.0,100.0,1000.0,1000.0,1000.0,41.90538278081831,0,0,41.90538278081831,0.0,0.0,0,0
416600,57.0,57.5,17.5,0.0,0.0,0.0,40.0,1.0,1.0,1.0,0.0,0.0,0.0,0.0,0.0,0.0,100.0,100.0,100.0,1000.0,1000.0,1000.0,41.90538278081831,0,0,41.90538278081831,0.0,0.0,0,0
416800,57.0,57.5,17.5,0.0,0.0,0.0,40.0,1.0,1.0,1.0,0.0,0.0,0.0,0.0,0.0,0.0,100.0,100.0,100.0,1000.0,1000.0,1000.0,41.90538278081831,0,0,41.90538278081831,0.0,0.0,0,0
417000,57.0,57.5,17.5,0.0,0.0,0.0,40.0,1.0,1.0,1.0,0.0,0.0,0.0,0.0,0.0,0.0,100.0,100.0,100.0,1000.0,1000.0,1000.0,41.90538278081831,0,0,41.90538278081831,0.0,0.0,0,0
417200,57.0,57.5,17.5,0.0,0.0,0.0,40.0,1.0,1.0,1.0,0.0,0.0,0.0,0.0,0.0,0.0,100.0,100.0,100.0,1000.0,1000.0,1000.0,41.90538278081831,0,0,41.90538278081831,0.0,0.0,0,0
417400,57.0,57.5,17.5,0.0,0.0,0.0,40.0,1.0,1.0,1.0,0.0,0.0,0.0,0.0,0.0,0.0,100.0,100.0,100.0,1000.0,1000.0,1000.0,41.90538278081831,0,0,41.90538278081831,0.0,0.0,0,0
417600,57.0,57.5,17.5,0.0,0.0,0.0,40.0,1.0,1.0,1.0,0.0,0.0,0.0,0.0,0.0,0.0,100.0,100.0,100.0,1000.0,1000.0,1000.0,41.90538278081831,0,0,41.90538278081831,0.0,0.0,0,0
417800,57.0,57.5,17.5,0.0,0.0,0.0,40.0,1.0,1.0,1.0,0.0,0.0,0.0,0.0,0.0,0.0,100.0,100.0,100.0,1000.0,1000.0,1000.0,41.90538278081831,0,0,41.90538278081831,0.0,0.0,0,0
418000,57.0,57.5,17.5,0.0,0.0,0.0,40.0,1.0,1.0,1.0,0.0,0.0,0.0,0.0,0.0,0.0,100.0,100.0,100.0,1000.0,1000.0,1000.0,41.90538278081831,0,0,41.90538278081831,0.0,0.0,0,0
418200,57.0,57.5,17.5,0.0,0.0,0.0,40.0,1.0,1.0,1.0,0.0,0.0,0.0,0.0,0.0,0.0,100.0,100.0,100.0,1000.0,1000.0,1000.0,41.90538278081831,0,0,41.90538278081831,0.0,0.0,0,0
418400,57.0,57.5,17.5,0.0,0.0,0.0,40.0,1.0,1.0,1.0,0.0,0.0,0.0,0.0,0.0,0.0,100.0,100.0,100.0,1000.0,1000.0,1000.0,41.90538278081831,0,0,41.90538278081831,0.0,0.0,0,0
418600,57.0,57.5,17.5,0.0,0.0,0.0,40.0,1.0,1.0,1.0,0.0,0.0,0.0,0.0,0.0,0.0,100.0,100.0,100.0,1000.0,1000.0,1000.0,41.90538278081831,0,0,41.90538278081831,0.0,0.0,0,0
418800,57.0,57.5,17.5,0.0,0.0,0.0,40.0,1.0,1.0,1.0,0.0,0.0,0.0,0.0,0.0,0.0,100.0,100.0,100.0,1000.0,1000.0,1000.0,41.90538278081831,0,0,41.90538278081831,0.0,0.0,0,0
419000,57.0,57.5,17.5,0.0,0.0,0.0,40.0,1.0,1.0,1.0,0.0,0.0,0.0,0.0,0.0,0.0,100.0,100.0,100.0,1000.0,1000.0,1000.0,41.90538278081831,0,0,41.90538278081831,0.0,0.0,0,0
419200,57.0,57.5,17.5,0.0,0.0,0.0,40.0,1.0,1.0,1.0,0.0,0.0,0.0,0.0,0.0,0.0,100.0,100.0,100.0,1000.0,1000.0,1000.0,41.90538278081831,0,0,41.90538278081831,0.0,0.0,0,0
419400,57.0,57.5,17.5,0.0,0.0,0.0,40.0,1.0,1.0,1.0,0.0,0.0,0.0,0.0,0.0,0.0,100.0,100.0,100.0,1000.0,1000.0,1000.0,41.90538278081831,0,0,41.90538278081831,0.0,0.0,0,0
419600,57.0,57.5,17.5,0.0,0.0,0.0,40.0,1.0,1.0,1.0,0.0,0.0,0.0,0.0,0.0,0.0,100.0,100.0,100.0,1000.0,1000.0,1000.0,41.90538278081831,0,0,41.90538278081831,0.0,0.0,0,0
419800,57.0,57.5,17.5,0.0,0.0,0.0,40.0,1.0,1.0,1.0,0.0,0.0,0.0,0.0,0.0,0.0,100.0,100.0,100.0,1000.0,1000.0,1000.0,41.90538278081831,0,0,41.90538278081831,0.0,0.0,0,0
420000,57.0,57.5,17.5,0.0,0.0,0.0,40.0,1.0,1.0,1.0,0.0,0.0,0.0,0.0,0.0,0.0,100.0,100.0,100.0,1000.0,1000.0,1000.0,41.90538278081831,0,0,41.90538278081831,0.0,0.0,0,0
420200,57.0,57.5,17.5,0.0,0.0,0.0,40.0,1.0,1.0,1.0,0.0,0.0,0.0,0.0,0.0,0.0,100.0,100.0,100.0,1000.0,1000.0,1000.0,58.50085342124673,0,0,58.50085342124673,0.0,0.0,1,0
420400,57.0,57.5,17.5,0.0,0.0,0.0,40.0,1.0,1.0,1.0,0.0,0.0,0.0,0.0,0.0,0.0,100.0,100.0,100.0,1000.0,1000.0,1000.0,58.50085342124673,0,0,58.50085342124673,0.0,0.0,0,0
420600,57.0,57.5,17.5,0.0,0.0,0.0,40.0,1.0,1.0,1.0,0.0,0.0,0.0,0.0,0.0,0.0,100.0,100.0,100.0,1000.0,1000.0,1000.0,58.50085342124673,0,0,58.50085342124673,0.0,0.0,0,0
420800,57.0,57.5,17.5,0.0,0.0,0.0,40.0,1.0,1.0,1.0,0.0,0.0,0.0,0.0,0.0,0.0,100.0,100.0,100.0,1000.0,1000.0,1000.0,58.50085342124673,0,0,58.50085342124673,0.0,0.0,0,0
421000,57.0,57.5,17.5,0.0,0.0,0.0,40.0,1.0,1.0,1.0,0.0,0.0,0.0,0.0,0.0,0.0,100.0,100.0,100.0,1000.0,1000.0,1000.0,58.50085342124673,0,0,58.50085342124673,0.0,0.0,0,0
421200,57.0,57.5,17.5,0.0,0.0,0.0,40.0,1.0,1.0,1.0,0.0,0.0,0.0,0.0,0.0,0.0,100.0,100.0,100.0,1000.0,1000.0,1000.0,58.50085342124673,0,0,58.50085342124673,0.0,0.0,0,0
421400,57.0,57.5,17.5,0.0,0.0,0.0,40.0,1.0,1.0,1.0,0.0,0.0,0.0,0.0,0.0,0.0,100.0,100.0,100.0,1000.0,1000.0,1000.0,58.50085342124673,0,0,58.50085342124673,0.0,0.0,0,0
421600,57.0,57.5,17.5,0.0,0.0,0.0,40.0,1.0,1.0,1.0,0.0,0.0,0.0,0.0,0.0,0.0,100.0,100.0,100.0,1000.0,1000.0,1000.0,58.50085342124673,0,0,58.50085342124673,0.0,0.0,0,0
421800,57.0,57.5,17.5,0.0,0.0,0.0,40.0,1.0,1.0,1.0,0.0,0.0,0.0,0.0,0.0,0.0,100.0,100.0,100.0,1000.0,1000.0,1000.0,58.50085342124673,0,0,58.50085342124673,0.0,0.0,0,0
422000,57.0,57.5,17.5,0.0,0.0,0.0,40.0,1.0,1.0,1.0,0.0,0.0,0.0,0.0,0.0,0.0,100.0,100.0,100.0,1000.0,1000.0,1000.0,58.50085342124673,0,0,58.50085342124673,0.0,0.0,0,0
422200,57.0,57.5,17.5,0.0,0.0,0.0,40.0,1.0,1.0,1.0,0.0,0.0,0.0,0.0,0.0,0.0,100.0,100.0,100.0,1000.0,1000.0,1000.0,58.50085342124673,0,0,58.50085342124673,0.0,0.0,0,0
422400,57.0,57.5,17.5,0.0,0.0,0.0,40.0,1.0,1.0,1.0,0.0,0.0,0.0,0.0,0.0,0.0,100.0,100.0,100.0,1000.0,1000.0,1000.0,58.50085342124673,0,0,58.50085342124673,0.0,0.0,0,0
422600,57.0,57.5,17.5,0.0,0.0,0.0,40.0,1.0,1.0,1.0,0.0,0.0,0.0,0.0,0.0,0.0,100.0,100.0,100.0,1000.0,1000.0,1000.0,58.50085342124673,0,0,58.50085342124673,0.0,0.0,0,0
422800,57.0,57.5,17.5,0.0,0.0,0.0,40.0,1.0,1.0,1.0,0.0,0.0,0.0,0.0,0.0,0.0,100.0,100.0,100.0,1000.0,1000.0,1000.0,58.50085342124673,0,0,58.50085342124673,0.0,0.0,0,0
423000,57.0,57.5,17.5,0.0,0.0,0.0,40.0,1.0,1.0,1.0,0.0,0.0,0.0,0.0,0.0,0.0,100.0,100.0,100.0,1000.0,1000.0,1000.0,58.50085342124673,0,0,58.50085342124673,0.0,0.0,0,0
423200,57.0,57.5,17.5,0.0,0.0,0.0,40.0,1.0,1.0,1.0,0.0,0.0,0.0,0.0,0.0,0.0,100.0,100.0,100.0,1000.0,1000.0,1000.0,58.50085342124673,0,0,58.50085342124673,0.0,0.0,0,0
423400,57.0,57.5,17.5,0.0,0.0,0.0,40.0,1.0,1.0,1.0,0.0,0.0,0.0,0.0,0.0,0.0,100.0,100.0,100.0,1000.0,1000.0,1000.0,58.50085342124673,0,0,58.50085342124673,0.0,0.0,0,0
423600,57.0,57.5,17.5,0.0,0.0,0.0,40.0,1.0,1.0,1.0,0.0,0.0,0.0,0.0,0.0,0.0,100.0,100.0,100.0,1000.0,1000.0,1000.0,58.50085342124673,0,0,58.50085342124673,0.0,0.0,0,0
423800,57.0,57.5,17.5,0.0,0.0,0.0,40.0,1.0,1.0,1.0,0.0,0.0,0.0,0.0,0.0,0.0,100.0,100.0,100.0,1000.0,1000.0,1000.0,58.50085342124673,0,0,58.50085342124673,0.0,0.0,0,0
424000,57.0,57.5,17.5,0.0,0.0,0.0,40.0,1.0,1.0,1.0,0.0,0.0,0.0,0.0,0.0,0.0,100.0,100.0,100.0,1000.0,1000.0,1000.0,58.50085342124673,0,0,58.50085342124673,0.0,0.0,0,0
424200,57.0,57.5,17.5,0.0,0.0,0.0,40.0,1.0,1.0,1.0,0.0,0.0,0.0,0.0,0.0,0.0,100.0,100.0,100.0,1000.0,1000.0,1000.0,58.50085342124673,0,0,58.50085342124673,0.0,0.0,0,0
424400,57.0,57.5,17.5,0.0,0.0,0.0,40.0,1.0,1.0,1.0,0.0,0.0,0.0,0.0,0.0,0.0,100.0,100.0,100.0,1000.0,1000.0,1000.0,58.50085342124673,0,0,58.50085342124673,0.0,0.0,0,0
424600,57.0,57.5,17.5,0.0,0.0,0.0,40.0,1.0,1.0,1.0,0.0,0.0,0.0,0.0,0.0,0.0,100.0,100.0,100.0,1000.0,1000.0,1000.0,58.50085342124673,0,0,58.50085342124673,0.0,0.0,0,0
424800,57.0,57.5,17.5,0.0,0.0,0.0,40.0,1.0,1.0,1.0,0.0,0.0,0.0,0.0,0.0,0.0,100.0,100.0,100.0,1000.0,1000.0,1000.0,58.50085342124673,0,0,58.50085342124673,0.0,0.0,0,0
425000,57.0,57.5,17.5,0.0,0.0,0.0,40.0,1.0,1.0,1.0,0.0,0.0,0.0,0.0,0.0,0.0,100.0,100.0,100.0,1000.0,1000.0,1000.0,58.50085342124673,0,0,58.50085342124673,0.0,0.0,0,0
425200,57.0,57.5,17.5,0.0,0.0,0.0,40.0,1.0,1.0,1.0,0.0,0.0,0.0,0.0,0.0,0.0,100.0,100.0,100.0,1000.0,1000.0,1000.0,58.50085342124673,0,0,58.50085342124673,0.0,0.0,0,0
425400,57.0,57.5,17.5,0.0,0.0,0.0,40.0,1.0,1.0,1.0,0.0,0.0,0.0,0.0,0.0,0.0,100.0,100.0,100.0,1000.0,1000.0,1000.0,58.50085342124673,0,0,58.50085342124673,0.0,0.0,0,0
425600,57.0,57.5,17.5,0.0,0.0,0.0,40.0,1.0,1.0,1.0,0.0,0.0,0.0,0.0,0.0,0.0,100.0,100.0,100.0,1000.0,1000.0,1000.0,58.50085342124673,0,0,58.50085342124673,0.0,0.0,0,0
425800,57.0,57.5,17.5,0.0,0.0,0.0,40.0,1.0,1.0,1.0,0.0,0.0,0.0,0.0,0.0,0.0,100.0,100.0,100.0,1000.0,1000.0,1000.0,58.50085342124673,0,0,58.50085342124673,0.0,0.0,0,0
426000,57.0,57.5,17.5,0.0,0.0,0.0,40.0,1.0,1.0,1.0,0.0,0.0,0.0,0.0,0.0,0.0,100.0,100.0,100.0,1000.0,1000.0,1000.0,58.50085342124673,0,0,58.50085342124673,0.0,0.0,0,0
426200,57.0,57.5,17.5,0.0,0.0,0.0,40.0,1.0,1.0,1.0,0.0,0.0,0.0,0.0,0.0,0.0,100.0,100.0,100.0,1000.0,1000.0,1000.0,58.50085342124673,0,0,58.50085342124673,0.0,0.0,0,0
426400,57.0,57.5,17.5,0.0,0.0,0.0,40.0,1.0,1.0,1.0,0.0,0.0,0.0,0.0,0.0,0.0,100.0,100.0,100.0,1000.0,1000.0,1000.0,58.50085342124673,0,0,58.50085342124673,0.0,0.0,0,0
426600,57.0,57.5,17.5,0.0,0.0,0.0,40.0,1.0,1.0,1.0,0.0,0.0,0.0,0.0,0.0,0.0,100.0,100.0,100.0,1000.0,1000.0,1000.0,58.50085342124673,0,0,58.50085342124673,0.0,0.0,0,0
426800,57.0,57.5,17.5,0.0,0.0,0.0,40.0,1.0,1.0,1.0,0.0,0.0,0.0,0.0,0.0,0.0,100.0,100.0,100.0,1000.0,1000.0,1000.0,58.50085342124673,0,0,58.50085342124673,0.0,0.0,0,0
427000,57.0,57.5,17.5,0.0,0.0,0.0,40.0,1.0,1.0,1.0,0.0,0.0,0.0,0.0,0.0,0.0,100.0,100.0,100.0,1000.0,1000.0,1000.0,58.50085342124673,0,0,58.50085342124673,0.0,0.0,0,0
427200,57.0,57.5,17.5,0.0,0.0,0.0,40.0,1.0,1.0,1.0,0.0,0.0,0.0,0.0,0.0,0.0,100.0,100.0,100.0,1000.0,1000.0,1000.0,58.50085342124673,0,0,58.50085342124673,0.0,0.0,0,0
427400,57.0,57.5,17.5,0.0,0.0,0.0,40.0,1.0,1.0,1.0,0.0,0.0,0.0,0.0,0.0,0.0,100.0,100.0,100.0,1000.0,1000.0,1000.0,58.50085342124673,0,0,58.50085342124673,0.0,0.0,0,0
427600,57.0,57.5,17.5,0.0,0.0,0.0,40.0,1.0,1.0,1.0,0.0,0.0,0.0,0.0,0.0,0.0,100.0,100.0,100.0,1000.0,1000.0,1000.0,58.50085342124673,0,0,58.50085342124673,0.0,0.0,0,0
427800,57.0,57.5,17.5,0.0,0.0,0.0,40.0,1.0,1.0,1.0,0.0,0.0,0.0,0.0,0.0,0.0,100.0,100.0,100.0,1000.0,1000.0,1000.0,58.50085342124673,0,0,58.50085342124673,0.0,0.0,0,0
428000,57.0,57.5,17.5,0.0,0.0,0.0,40.0,1.0,1.0,1.0,0.0,0.0,0.0,0.0,0.0,0.0,100.0,100.0,100.0,1000.0,1000.0,1000.0,58.50085342124673,0,0,58.50085342124673,0.0,0.0,0,0
428200,57.0,57.5,17.5,0.0,0.0,0.0,40.0,1.0,1.0,1.0,0.0,0.0,0.0,0.0,0.0,0.0,100.0,100.0,100.0,1000.0,1000.0,1000.0,58.50085342124673,0,0,58.50085342124673,0.0,0.0,0,0
428400,57.0,57.5,17.5,0.0,0.0,0.0,40.0,1.0,1.0,1.0,0.0,0.0,0.0,0.0,0.0,0.0,100.0,100.0,100.0,1000.0,1000.0,1000.0,58.50085342124673,0,0,58.50085342124673,0.0,0.0,0,0
428600,57.0,57.5,17.5,0.0,0.0,0.0,40.0,1.0,1.0,1.0,0.0,0.0,0.0,0.0,0.0,0.0,100.0,100.0,100.0,1000.0,1000.0,1000.0,58.50085342124673,0,0,58.50085342124673,0.0,0.0,0,0
428800,57.0,57.5,17.5,0.0,0.0,0.0,40.0,1.0,1.0,1.0,0.0,0.0,0.0,0.0,0.0,0.0,100.0,100.0,100.0,1000.0,1000.0,1000.0,58.50085342124673,0,0,58.50085342124673,0.0,0.0,0,0
429000,57.0,57.5,17.5,0.0,0.0,0.0,40.0,1.0,1.0,1.0,0.0,0.0,0.0,0.0,0.0,0.0,100.0,100.0,100.0,1000.0,1000.0,1000.0,58.50085342124673,0,0,58.50085342124673,0.0,0.0,0,0
429200,57.0,57.5,17.5,0.0,0.0,0.0,40.0,1.0,1.0,1.0,0.0,0.0,0.0,0.0,0.0,0.0,100.0,100.0,100.0,1000.0,1000.0,1000.0,58.50085342124673,0,0,58.50085342124673,0.0,0.0,0,0
429400,57.0,57.5,17.5,0.0,0.0,0.0,40.0,1.0,1.0,1.0,0.0,0.0,0.0,0.0,0.0,0.0,100.0,100.0,100.0,1000.0,1000.0,1000.0,58.50085342124673,0,0,58.50085342124673,0.0,0.0,0,0
429600,57.0,57.5,17.5,0.0,0.0,0.0,40.0,1.0,1.0,1.0,0.0,0.0,0.0,0.0,0.0,0.0,100.0,100.0,100.0,1000.0,1000.0,1000.0,58.50085342124673,0,0,58.50085342124673,0.0,0.0,0,0
429800,57.0,57.5,17.5,0.0,0.0,0.0,40.0,1.0,1.0,1.0,0.0,0.0,0.0,0.0,0.0,0.0,100.0,100.0,100.0,1000.0,1000.0,1000.0,58.50085342124673,0,0,58.50085342124673,0.0,0.0,0,0
430000,57.0,57.5,17.5,0.0,0.0,0.0,40.0,1.0,1.0,1.0,0.0,0.0,0.0,0.0,0.0,0.0,100.0,100.0,100.0,1000.0,1000.0,1000.0,58.50085342124673,0,0,58.50085342124673,0.0,0.0,0,0
430200,57.0,57.5,17.5,0.0,0.0,0.0,40.0,1.0,1.0,1.0,0.0,0.0,0.0,0.0,0.0,0.0,100.0,100.0,100.0,1000.0,1000.0,1000.0,58.50085342124673,0,0,58.50085342124673,0.0,0.0,0,0
430400,57.0,57.5,17.5,0.0,0.0,0.0,40.0,1.0,1.0,1.0,0.0,0.0,0.0,0.0,0.0,0.0,100.0,100.0,100.0,1000.0,1000.0,1000.0,58.50085342124673,0,0,58.50085342124673,0.0,0.0,0,0
430600,57.0,57.5,17.5,0.0,0.0,0.0,40.0,1.0,1.0,1.0,0.0,0.0,0.0,0.0,0.0,0.0,100.0,100.0,100.0,1000.0,1000.0,1000.0,58.50085342124673,0,0,58.50085342124673,0.0,0.0,0,0
430800,57.0,57.5,17.5,0.0,0.0,0.0,40.0,1.0,1.0,1.0,0.0,0.0,0.0,0.0,0.0,0.0,100.0,100.0,100.0,1000.0,1000.0,1000.0,58.50085342124673,0,0,58.50085342124673,0.0,0.0,0,0
431000,57.0,57.5,17.5,0.0,0.0,0.0,40.0,1.0,1.0,1.0,0.0,0.0,0.0,0.0,0.0,0.0,100.0,100.0,100.0,1000.0,1000.0,1000.0,58.50085342124673,0,0,58.50085342124673,0.0,0.0,0,0
431200,57.0,57.5,17.5,0.0,0.0,0.0,40.0,1.0,1.0,1.0,0.0,0.0,0.0,0.0,0.0,0.0,100.0,100.0,100.0,1000.0,1000.0,1000.0,58.50085342124673,0,0,58.50085342124673,0.0,0.0,0,0
431400,57.0,57.5,17.5,0.0,0.0,0.0,40.0,1.0,1.0,1.0,0.0,0.0,0.0,0.0,0.0,0.0,100.0,100.0,100.0,1000.0,1000.0,1000.0,58.50085342124673,0,0,58.50085342124673,0.0,0.0,0,0
431600,57.0,57.5,17.5,0.0,0.0,0.0,40.0,1.0,1.0,1.0,0.0,0.0,0.0,0.0,0.0,0.0,100.0,100.0,100.0,1000.0,1000.0,1000.0,58.50085342124673,0,0,58.50085342124673,0.0,0.0,0,0
431800,57.0,57.5,17.5,0.0,0.0,0.0,40.0,1.0,1.0,1.0,0.0,0.0,0.0,0.0,0.0,0.0,100.0,100.0,100.0,1000.0,1000.0,1000.0,58.50085342124673,0,0,58.50085342124673,0.0,0.0,0,0
432000,57.5,57.5,17.5,0.0,0.0,0.0,40.0,1.0,1.0,1.0,0.0,0.0,0.0,0.0,0.0,0.0,100.0,100.0,100.0,1000.0,1000.0,1000.0,58.50085342124673,0,0,58.50085342124673,0.0,0.0,0,0
432200,57.5,57.5,17.5,0.0,0.0,0.0,40.0,1.0,1.0,1.0,0.0,0.0,0.0,0.0,0.0,0.0,100.0,100.0,100.0,1000.0,1000.0,1000.0,58.50085342124673,0,0,58.50085342124673,0.0,0.0,0,0
432400,57.5,57.5,17.5,0.0,0.0,0.0,40.0,1.0,1.0,1.0,0.0,0.0,0.0,0.0,0.0,0.0,100.0,100.0,100.0,1000.0,1000.0,1000.0,58.50085342124673,0,0,58.50085342124673,0.0,0.0,0,0
432600,57.5,57.5,17.5,0.0,0.0,0.0,40.0,1.0,1.0,1.0,0.0,0.0,0.0,0.0,0.0,0.0,100.0,100.0,100.0,1000.0,1000.0,1000.0,58.50085342124673,0,0,58.50085342124673,0.0,0.0,0,0
432800,57.5,57.5,17.5,0.0,0.0,0.0,40.0,1.0,1.0,1.0,0.0,0.0,0.0,0.0,0.0,0.0,100.0,100.0,100.0,1000.0,1000.0,1000.0,58.50085342124673,0,0,58.50085342124673,0.0,0.0,0,0
433000,57.5,57.5,17.5,0.0,0.0,0.0,40.0,1.0,1.0,1.0,0.0,0.0,0.0,0.0,0.0,0.0,100.0,100.0,100.0,1000.0,1000.0,1000.0,58.50085342124673,0,0,58.50085342124673,0.0,0.0,0,0
433200,57.5,57.5,17.5,0.0,0.0,0.0,40.0,1.0,1.0,1.0,0.0,0.0,0.0,0.0,0.0,0.0,100.0,100.0,100.0,1000.0,1000.0,1000.0,58.50085342124673,0,0,58.50085342124673,0.0,0.0,0,0
433400,57.5,57.5,17.5,0.0,0.0,0.0,40.0,1.0,1.0,1.0,0.0,0.0,0.0,0.0,0.0,0.0,100.0,100.0,100.0,1000.0,1000.0,1000.0,58.50085342124673,0,0,58.50085342124673,0.0,0.0,0,0
433600,57.5,57.5,17.5,0.0,0.0,0.0,40.0,1.0,1.0,1.0,0.0,0.0,0.0,0.0,0.0,0.0,100.0,100.0,100.0,1000.0,1000.0,1000.0,58.50085342124673,0,0,58.50085342124673,0.0,0.0,0,0
433800,57.5,57.5,17.5,0.0,0.0,0.0,40.0,1.0,1.0,1.0,0.0,0.0,0.0,0.0,0.0,0.0,100.0,100.0,100.0,1000.0,1000.0,1000.0,58.50085342124673,0,0,58.50085342124673,0.0,0.0,0,0
434000,57.5,57.5,17.5,0.0,0.0,0.0,40.0,1.0,1.0,1.0,0.0,0.0,0.0,0.0,0.0,0.0,100.0,100.0,100.0,1000.0,1000.0,1000.0,58.50085342124673,0,0,58.50085342124673,0.0,0.0,0,0
434200,57.5,57.5,17.5,0.0,0.0,0.0,40.0,1.0,1.0,1.0,0.0,0.0,0.0,0.0,0.0,0.0,100.0,100.0,100.0,1000.0,1000.0,1000.0,58.50085342124673,0,0,58.50085342124673,0.0,0.0,0,0
434400,57.5,57.5,17.5,0.0,0.0,0.0,40.0,1.0,1.0,1.0,0.0,0.0,0.0,0.0,0.0,0.0,100.0,100.0,100.0,1000.0,1000.0,1000.0,58.50085342124673,0,0,58.50085342124673,0.0,0.0,0,0
434600,57.5,57.5,17.5,0.0,0.0,0.0,40.0,1.0,1.0,1.0,0.0,0.0,0.0,0.0,0.0,0.0,100.0,100.0,100.0,1000.0,1000.0,1000.0,58.50085342124673,0,0,58.50085342124673,0.0,0.0,0,0
434800,57.5,57.5,17.5,0.0,0.0,0.0,40.0,1.0,1.0,1.0,0.0,0.0,0.0,0.0,0.0,0.0,100.0,100.0,100.0,1000.0,1000.0,1000.0,58.50085342124673,0,0,58.50085342124673,0.0,0.0,0,0
435000,57.5,57.5,17.5,0.0,0.0,0.0,40.0,1.0,1.0,1.0,0.0,0.0,0.0,0.0,0.0,0.0,100.0,100.0,100.0,1000.0,1000.0,1000.0,58.50085342124673,0,0,58.50085342124673,0.0,0.0,0,0
435200,57.5,57.5,17.5,0.0,0.0,0.0,40.0,1.0,1.0,1.0,0.0,0.0,0.0,0.0,0.0,0.0,100.0,100.0,100.0,1000.0,1000.0,1000.0,34.81322500987233,0,0,34.81322500987233,0.0,0.0,1,0
435400,57.5,57.5,17.5,0.0,0.0,0.0,40.0,1.0,1.0,1.0,0.0,0.0,0.0,0.0,0.0,0.0,100.0,100.0,100.0,1000.0,1000.0,1000.0,34.81322500987233,0,0,34.81322500987233,0.0,0.0,0,0
435600,57.5,57.5,17.5,0.0,0.0,0.0,40.0,1.0,1.0,1.0,0.0,0.0,0.0,0.0,0.0,0.0,100.0,100.0,100.0,1000.0,1000.0,1000.0,34.81322500987233,0,0,34.81322500987233,0.0,0.0,0,0
435800,57.5,57.5,17.5,0.0,0.0,0.0,40.0,1.0,1.0,1.0,0.0,0.0,0.0,0.0,0.0,0.0,100.0,100.0,100.0,1000.0,1000.0,1000.0,34.81322500987233,0,0,34.81322500987233,0.0,0.0,0,0
436000,57.5,57.5,17.5,0.0,0.0,0.0,40.0,1.0,1.0,1.0,0.0,0.0,0.0,0.0,0.0,0.0,100.0,100.0,100.0,1000.0,1000.0,1000.0,34.81322500987233,0,0,34.81322500987233,0.0,0.0,0,0
436200,57.5,57.5,17.5,0.0,0.0,0.0,40.0,1.0,1.0,1.0,0.0,0.0,0.0,0.0,0.0,0.0,100.0,100.0,100.0,1000.0,1000.0,1000.0,34.81322500987233,0,0,34.81322500987233,0.0,0.0,0,0
436400,57.5,57.5,17.5,0.0,0.0,0.0,40.0,1.0,1.0,1.0,0.0,0.0,0.0,0.0,0.0,0.0,100.0,100.0,100.0,1000.0,1000.0,1000.0,34.81322500987233,0,0,34.81322500987233,0.0,0.0,0,0
436600,57.5,57.5,17.5,0.0,0.0,0.0,40.0,1.0,1.0,1.0,0.0,0.0,0.0,0.0,0.0,0.0,100.0,100.0,100.0,1000.0,1000.0,1000.0,34.81322500987233,0,0,34.81322500987233,0.0,0.0,0,0
436800,57.5,57.5,17.5,0.0,0.0,0.0,40.0,1.0,1.0,1.0,0.0,0.0,0.0,0.0,0.0,0.0,100.0,100.0,100.0,1000.0,1000.0,1000.0,34.81322500987233,0,0,34.81322500987233,0.0,0.0,0,0
437000,57.5,57.5,17.5,0.0,0.0,0.0,40.0,1.0,1.0,1.0,0.0,0.0,0.0,0.0,0.0,0.0,100.0,100.0,100.0,1000.0,1000.0,1000.0,34.81322500987233,0,0,34.81322500987233,0.0,0.0,0,0
437200,57.5,57.5,17.5,0.0,0.0,0.0,40.0,1.0,1.0,1.0,0.0,0.0,0.0,0.0,0.0,0.0,100.0,100.0,100.0,1000.0,1000.0,1000.0,34.81322500987233,0,0,34.81322500987233,0.0,0.0,0,0
437400,57.5,57.5,17.5,0.0,0.0,0.0,40.0,1.0,1.0,1.0,0.0,0.0,0.0,0.0,0.0,0.0,100.0,100.0,100.0,1000.0,1000.0,1000.0,34.81322500987233,0,0,34.81322500987233,0.0,0.0,0,0
437600,57.5,58.0,17.5,0.0,0.0,0.0,40.0,1.0,1.0,1.0,0.0,0.0,0.0,0.0,0.0,0.0,100.0,100.0,100.0,1000.0,1000.0,1000.0,34.81322500987233,0,0,34.81322500987233,0.0,0.0,0,0
437800,57.5,58.0,17.5,0.0,0.0,0.0,40.0,1.0,1.0,1.0,0.0,0.0,0.0,0.0,0.0,0.0,100.0,100.0,100.0,1000.0,1000.0,1000.0,34.81322500987233,0,0,34.81322500987233,0.0,0.0,0,0
438000,57.5,58.0,17.5,0.0,0.0,0.0,40.0,1.0,1.0,1.0,0.0,0.0,0.0,0.0,0.0,0.0,100.0,100.0,100.0,1000.0,1000.0,1000.0,34.81322500987233,0,0,34.81322500987233,0.0,0.0,0,0
438200,57.5,58.0,17.5,0.0,0.0,0.0,40.0,1.0,1.0,1.0,0.0,0.0,0.0,0.0,0.0,0.0,100.0,100.0,100.0,1000.0,1000.0,1000.0,34.81322500987233,0,0,34.81322500987233,0.0,0.0,0,0
438400,57.5,58.0,17.5,0.0,0.0,0.0,40.0,1.0,1.0,1.0,0.0,0.0,0.0,0.0,0.0,0.0,100.0,100.0,100.0,1000.0,1000.0,1000.0,34.81322500987233,0,0,34.81322500987233,0.0,0.0,0,0
438600,57.5,58.0,17.5,0.0,0.0,0.0,40.0,1.0,1.0,1.0,0.0,0.0,0.0,0.0,0.0,0.0,100.0,100.0,100.0,1000.0,1000.0,1000.0,34.81322500987233,0,0,34.81322500987233,0.0,0.0,0,0
438800,57.5,58.0,17.5,0.0,0.0,0.0,40.0,1.0,1.0,1.0,0.0,0.0,0.0,0.0,0.0,0.0,100.0,100.0,100.0,1000.0,1000.0,1000.0,34.81322500987233,0,0,34.81322500987233,0.0,0.0,0,0
439000,57.5,58.0,17.5,0.0,0.0,0.0,40.0,1.0,1.0,1.0,0.0,0.0,0.0,0.0,0.0,0.0,100.0,100.0,100.0,1000.0,1000.0,1000.0,34.81322500987233,0,0,34.81322500987233,0.0,0.0,0,0
439200,57.5,58.0,17.5,0.0,0.0,0.0,40.0,1.0,1.0,1.0,0.0,0.0,0.0,0.0,0.0,0.0,100.0,100.0,100.0,1000.0,1000.0,1000.0,34.81322500987233,0,0,34.81322500987233,0.0,0.0,0,0
439400,57.5,58.0,17.5,0.0,0.0,0.0,40.0,1.0,1.0,1.0,0.0,0.0,0.0,0.0,0.0,0.0,100.0,100.0,100.0,1000.0,1000.0,1000.0,34.81322500987233,0,0,34.81322500987233,0.0,0.0,0,0
439600,57.5,58.0,17.5,0.0,0.0,0.0,40.0,1.0,1.0,1.0,0.0,0.0,0.0,0.0,0.0,0.0,100.0,100.0,100.0,1000.0,1000.0,1000.0,34.81322500987233,0,0,34.81322500987233,0.0,0.0,0,0
439800,57.5,58.0,17.5,0.0,0.0,0.0,40.0,1.0,1.0,1.0,0.0,0.0,0.0,0.0,0.0,0.0,100.0,100.0,100.0,1000.0,1000.0,1000.0,34.81322500987233,0,0,34.81322500987233,0.0,0.0,0,0
440000,57.5,58.0,17.5,0.0,0.0,0.0,40.0,1.0,1.0,1.0,0.0,0.0,0.0,0.0,0.0,0.0,100.0,100.0,100.0,1000.0,1000.0,1000.0,34.81322500987233,0,0,34.81322500987233,0.0,0.0,0,0
440200,57.5,58.0,17.5,0.0,0.0,0.0,40.0,1.0,1.0,1.0,0.0,0.0,0.0,0.0,0.0,0.0,100.0,100.0,100.0,1000.0,1000.0,1000.0,34.81322500987233,0,0,34.81322500987233,0.0,0.0,0,0
440400,57.5,58.0,17.5,0.0,0.0,0.0,40.0,1.0,1.0,1.0,0.0,0.0,0.0,0.0,0.0,0.0,100.0,100.0,100.0,1000.0,1000.0,1000.0,34.81322500987233,0,0,34.81322500987233,0.0,0.0,0,0
440600,57.5,58.0,17.5,0.0,0.0,0.0,40.0,1.0,1.0,1.0,0.0,0.0,0.0,0.0,0.0,0.0,100.0,100.0,100.0,1000.0,1000.0,1000.0,34.81322500987233,0,0,34.81322500987233,0.0,0.0,0,0
440800,57.5,58.0,17.5,0.0,0.0,0.0,40.0,1.0,1.0,1.0,0.0,0.0,0.0,0.0,0.0,0.0,100.0,100.0,100.0,1000.0,1000.0,1000.0,34.81322500987233,0,0,34.81322500987233,0.0,0.0,0,0
441000,57.5,58.0,17.5,0.0,0.0,0.0,40.0,1.0,1.0,1.0,0.0,0.0,0.0,0.0,0.0,0.0,100.0,100.0,100.0,1000.0,1000.0,1000.0,34.81322500987233,0,0,34.81322500987233,0.0,0.0,0,0
441200,57.5,58.0,17.5,0.0,0.0,0.0,40.0,1.0,1.0,1.0,0.0,0.0,0.0,0.0,0.0,0.0,100.0,100.0,100.0,1000.0,1000.0,1000.0,34.81322500987233,0,0,34.81322500987233,0.0,0.0,0,0
441400,57.5,58.0,17.5,0.0,0.0,0.0,40.0,1.0,1.0,1.0,0.0,0.0,0.0,0.0,0.0,0.0,100.0,100.0,100.0,1000.0,1000.0,1000.0,34.81322500987233,0,0,34.81322500987233,0.0,0.0,0,0
441600,57.5,58.0,17.5,0.0,0.0,0.0,40.0,1.0,1.0,1.0,0.0,0.0,0.0,0.0,0.0,0.0,100.0,100.0,100.0,1000.0,1000.0,1000.0,34.81322500987233,0,0,34.81322500987233,0.0,0.0,0,0
441800,57.5,58.0,17.5,0.0,0.0,0.0,40.0,1.0,1.0,1.0,0.0,0.0,0.0,0.0,0.0,0.0,100.0,100.0,100.0,1000.0,1000.0,1000.0,34.81322500987233,0,0,34.81322500987233,0.0,0.0,0,0
442000,57.5,58.0,17.5,0.0,0.0,0.0,40.0,1.0,1.0,1.0,0.0,0.0,0.0,0.0,0.0,0.0,100.0,100.0,100.0,1000.0,1000.0,1000.0,34.81322500987233,0,0,34.81322500987233,0.0,0.0,0,0
442200,57.5,58.0,17.5,0.0,0.0,0.0,40.0,1.0,1.0,1.0,0.0,0.0,0.0,0.0,0.0,0.0,100.0,100.0,100.0,1000.0,1000.0,1000.0,34.81322500987233,0,0,34.81322500987233,0.0,0.0,0,0
442400,57.5,58.0,17.5,0.0,0.0,0.0,40.0,1.0,1.0,1.0,0.0,0.0,0.0,0.0,0.0,0.0,100.0,100.0,100.0,1000.0,1000.0,1000.0,34.81322500987233,0,0,34.81322500987233,0.0,0.0,0,0
442600,57.5,58.0,17.5,0.0,0.0,0.0,40.0,1.0,1.0,1.0,0.0,0.0,0.0,0.0,0.0,0.0,100.0,100.0,100.0,1000.0,1000.0,1000.0,34.81322500987233,0,0,34.81322500987233,0.0,0.0,0,0
442800,57.5,58.0,17.5,0.0,0.0,0.0,40.0,1.0,1.0,1.0,0.0,0.0,0.0,0.0,0.0,0.0,100.0,100.0,100.0,1000.0,1000.0,1000.0,34.81322500987233,0,0,34.81322500987233,0.0,0.0,0,0
443000,57.5,58.0,17.5,0.0,0.0,0.0,40.0,1.0,1.0,1.0,0.0,0.0,0.0,0.0,0.0,0.0,100.0,100.0,100.0,1000.0,1000.0,1000.0,34.81322500987233,0,0,34.81322500987233,0.0,0.0,0,0
443200,57.5,58.0,17.5,0.0,0.0,0.0,40.0,1.0,1.0,1.0,0.0,0.0,0.0,0.0,0.0,0.0,100.0,100.0,100.0,1000.0,1000.0,1000.0,34.81322500987233,0,0,34.81322500987233,0.0,0.0,0,0
443400,57.5,58.0,17.5,0.0,0.0,0.0,40.0,1.0,1.0,1.0,0.0,0.0,0.0,0.0,0.0,0.0,100.0,100.0,100.0,1000.0,1000.0,1000.0,34.81322500987233,0,0,34.81322500987233,0.0,0.0,0,0
443600,57.5,58.0,17.5,0.0,0.0,0.0,40.0,1.0,1.0,1.0,0.0,0.0,0.0,0.0,0.0,0.0,100.0,100.0,100.0,1000.0,1000.0,1000.0,34.81322500987233,0,0,34.81322500987233,0.0,0.0,0,0
443800,57.5,58.0,17.5,0.0,0.0,0.0,40.0,1.0,1.0,1.0,0.0,0.0,0.0,0.0,0.0,0.0,100.0,100.0,100.0,1000.0,1000.0,1000.0,34.81322500987233,0,0,34.81322500987233,0.0,0.0,0,0
444000,57.5,58.0,17.5,0.0,0.0,0.0,40.0,1.0,1.0,1.0,0.0,0.0,0.0,0.0,0.0,0.0,100.0,100.0,100.0,1000.0,1000.0,1000.0,34.81322500987233,0,0,34.81322500987233,0.0,0.0,0,0
444200,57.5,58.0,17.5,0.0,0.0,0.0,40.0,1.0,1.0,1.0,0.0,0.0,0.0,0.0,0.0,0.0,100.0,100.0,100.0,1000.0,1000.0,1000.0,34.81322500987233,0,0,34.81322500987233,0.0,0.0,0,0
444400,57.5,58.0,17.5,0.0,0.0,0.0,40.0,1.0,1.0,1.0,0.0,0.0,0.0,0.0,0.0,0.0,100.0,100.0,100.0,1000.0,1000.0,1000.0,34.81322500987233,0,0,34.81322500987233,0.0,0.0,0,0
444600,57.5,58.0,17.5,0.0,0.0,0.0,40.0,1.0,1.0,1.0,0.0,0.0,0.0,0.0,0.0,0.0,100.0,100.0,100.0,1000.0,1000.0,1000.0,34.81322500987233,0,0,34.81322500987233,0.0,0.0,0,0
444800,57.5,58.0,17.5,0.0,0.0,0.0,40.0,1.0,1.0,1.0,0.0,0.0,0.0,0.0,0.0,0.0,100.0,100.0,100.0,1000.0,1000.0,1000.0,34.81322500987233,0,0,34.81322500987233,0.0,0.0,0,0
445000,57.5,58.0,17.5,0.0,0.0,0.0,40.0,1.0,1.0,1.0,0.0,0.0,0.0,0.0,0.0,0.0,100.0,100.0,100.0,1000.0,1000.0,1000.0,34.81322500987233,0,0,34.81322500987233,0.0,0.0,0,0
445200,57.5,58.0,17.5,0.0,0.0,0.0,40.0,1.0,1.0,1.0,0.0,0.0,0.0,0.0,0.0,0.0,100.0,100.0,100.0,1000.0,1000.0,1000.0,34.81322500987233,0,0,34.81322500987233,0.0,0.0,0,0
445400,57.5,58.0,17.5,0.0,0.0,0.0,40.0,1.0,1.0,1.0,0.0,0.0,0.0,0.0,0.0,0.0,100.0,100.0,100.0,1000.0,1000.0,1000.0,34.81322500987233,0,0,34.81322500987233,0.0,0.0,0,0
445600,57.5,58.0,17.5,0.0,0.0,0.0,40.0,1.0,1.0,1.0,0.0,0.0,0.0,0.0,0.0,0.0,100.0,100.0,100.0,1000.0,1000.0,1000.0,34.81322500987233,0,0,34.81322500987233,0.0,0.0,0,0
445800,57.5,58.0,17.5,0.0,0.0,0.0,40.0,1.0,1.0,1.0,0.0,0.0,0.0,0.0,0.0,0.0,100.0,100.0,100.0,1000.0,1000.0,1000.0,34.81322500987233,0,0,34.81322500987233,0.0,0.0,0,0
446000,57.5,58.0,17.5,0.0,0.0,0.0,40.0,1.0,1.0,1.0,0.0,0.0,0.0,0.0,0.0,0.0,100.0,100.0,100.0,1000.0,1000.0,1000.0,34.81322500987233,0,0,34.81322500987233,0.0,0.0,0,0
446200,57.5,58.0,17.5,0.0,0.0,0.0,40.0,1.0,1.0,1.0,0.0,0.0,0.0,0.0,0.0,0.0,100.0,100.0,100.0,1000.0,1000.0,1000.0,34.81322500987233,0,0,34.81322500987233,0.0,0.0,0,0
446400,57.5,58.0,17.5,0.0,0.0,0.0,40.0,1.0,1.0,1.0,0.0,0.0,0.0,0.0,0.0,0.0,100.0,100.0,100.0,1000.0,1000.0,1000.0,34.81322500987233,0,0,34.81322500987233,0.0,0.0,0,0
446600,57.5,58.0,17.5,0.0,0.0,0.0,40.0,1.0,1.0,1.0,0.0,0.0,0.0,0.0,0.0,0.0,100.0,100.0,100.0,1000.0,1000.0,1000.0,34.81322500987233,0,0,34.81322500987233,0.0,0.0,0,0
446800,57.5,58.0,17.5,0.0,0.0,0.0,40.0,1.0,1.0,1.0,0.0,0.0,0.0,0.0,0.0,0.0,100.0,100.0,100.0,1000.0,1000.0,1000.0,34.81322500987233,0,0,34.81322500987233,0.0,0.0,0,0
447000,57.5,58.0,17.5,0.0,0.0,0.0,40.0,1.0,1.0,1.0,0.0,0.0,0.0,0.0,0.0,0.0,100.0,100.0,100.0,1000.0,1000.0,1000.0,34.81322500987233,0,0,34.81322500987233,0.0,0.0,0,0
447200,57.5,58.0,17.5,0.0,0.0,0.0,40.0,1.0,1.0,1.0,0.0,0.0,0.0,0.0,0.0,0.0,100.0,100.0,100.0,1000.0,1000.0,1000.0,34.81322500987233,0,0,34.81322500987233,0.0,0.0,0,0
447400,57.5,58.0,17.5,0.0,0.0,0.0,40.0,1.0,1.0,1.0,0.0,0.0,0.0,0.0,0.0,0.0,100.0,100.0,100.0,1000.0,1000.0,1000.0,34.81322500987233,0,0,34.81322500987233,0.0,0.0,0,0
447600,57.5,58.0,17.5,0.0,0.0,0.0,40.0,1.0,1.0,1.0,0.0,0.0,0.0,0.0,0.0,0.0,100.0,100.0,100.0,1000.0,1000.0,1000.0,34.81322500987233,0,0,34.81322500987233,0.0,0.0,0,0
447800,57.5,58.0,17.5,0.0,0.0,0.0,40.0,1.0,1.0,1.0,0.0,0.0,0.0,0.0,0.0,0.0,100.0,100.0,100.0,1000.0,1000.0,1000.0,34.81322500987233,0,0,34.81322500987233,0.0,0.0,0,0
448000,57.5,58.0,17.5,0.0,0.0,0.0,40.0,1.0,1.0,1.0,0.0,0.0,0.0,0.0,0.0,0.0,100.0,100.0,100.0,1000.0,1000.0,1000.0,34.81322500987233,0,0,34.81322500987233,0.0,0.0,0,0
448200,57.5,58.0,17.5,0.0,0.0,0.0,40.0,1.0,1.0,1.0,0.0,0.0,0.0,0.0,0.0,0.0,100.0,100.0,100.0,1000.0,1000.0,1000.0,34.81322500987233,0,0,34.81322500987233,0.0,0.0,0,0
448400,57.5,58.0,17.5,0.0,0.0,0.0,40.0,1.0,1.0,1.0,0.0,0.0,0.0,0.0,0.0,0.0,100.0,100.0,100.0,1000.0,1000.0,1000.0,34.81322500987233,0,0,34.81322500987233,0.0,0.0,0,0
448600,57.5,58.0,17.5,0.0,0.0,0.0,40.0,1.0,1.0,1.0,0.0,0.0,0.0,0.0,0.0,0.0,100.0,100.0,100.0,1000.0,1000.0,1000.0,34.81322500987233,0,0,34.81322500987233,0.0,0.0,0,0
448800,57.5,58.0,17.5,0.0,0.0,0.0,40.0,1.0,1.0,1.0,0.0,0.0,0.0,0.0,0.0,0.0,100.0,100.0,100.0,1000.0,1000.0,1000.0,34.81322500987233,0,0,34.81322500987233,0.0,0.0,0,0
449000,57.5,58.0,17.5,0.0,0.0,0.0,40.0,1.0,1.0,1.0,0.0,0.0,0.0,0.0,0.0,0.0,100.0,100.0,100.0,1000.0,1000.0,1000.0,34.81322500987233,0,0,34.81322500987233,0.0,0.0,0,0
449200,57.5,58.0,17.5,0.0,0.0,0.0,40.0,1.0,1.0,1.0,0.0,0.0,0.0,0.0,0.0,0.0,100.0,100.0,100.0,1000.0,1000.0,1000.0,34.81322500987233,0,0,34.81322500987233,0.0,0.0,0,0
449400,57.5,58.0,17.5,0.0,0.0,0.0,40.0,1.0,1.0,1.0,0.0,0.0,0.0,0.0,0.0,0.0,100.0,100.0,100.0,1000.0,1000.0,1000.0,34.81322500987233,0,0,34.81322500987233,0.0,0.0,0,0
449600,57.5,58.0,17.5,0.0,0.0,0.0,40.0,1.0,1.0,1.0,0.0,0.0,0.0,0.0,0.0,0.0,100.0,100.0,100.0,1000.0,1000.0,1000.0,34.81322500987233,0,0,34.81322500987233,0.0,0.0,0,0
449800,57.5,58.0,17.5,0.0,0.0,0.0,40.0,1.0,1.0,1.0,0.0,0.0,0.0,0.0,0.0,0.0,100.0,100.0,100.0,1000.0,1000.0,1000.0,34.81322500987233,0,0,34.81322500987233,0.0,0.0,0,0
450000,57.5,58.0,17.5,0.0,0.0,0.0,40.0,1.0,1.0,1.0,0.0,0.0,0.0,0.0,0.0,0.0,100.0,100.0,100.0,1000.0,1000.0,1000.0,34.81322500987233,0,0,34.81322500987233,0.0,0.0,0,0
450200,57.5,58.0,17.5,0.0,0.0,0.0,40.0,1.0,1.0,1.0,0.0,0.0,0.0,0.0,0.0,0.0,100.0,100.0,100.0,1000.0,1000.0,1000.0,52.12022073397776,0,0,52.12022073397776,0.0,0.0,1,0
450400,57.5,58.0,17.5,0.0,0.0,0.0,40.0,1.0,1.0,1.0,0.0,0.0,0.0,0.0,0.0,0.0,100.0,100.0,100.0,1000.0,1000.0,1000.0,52.12022073397776,0,0,52.12022073397776,0.0,0.0,0,0
450600,57.5,58.0,17.5,0.0,0.0,0.0,40.0,1.0,1.0,1.0,0.0,0.0,0.0,0.0,0.0,0.0,100.0,100.0,100.0,1000.0,1000.0,1000.0,52.12022073397776,0,0,52.12022073397776,0.0,0.0,0,0
450800,57.5,58.0,17.5,0.0,0.0,0.0,40.0,1.0,1.0,1.0,0.0,0.0,0.0,0.0,0.0,0.0,100.0,100.0,100.0,1000.0,1000.0,1000.0,52.12022073397776,0,0,52.12022073397776,0.0,0.0,0,0
451000,57.5,58.0,17.5,0.0,0.0,0.0,40.0,1.0,1.0,1.0,0.0,0.0,0.0,0.0,0.0,0.0,100.0,100.0,100.0,1000.0,1000.0,1000.0,52.12022073397776,0,0,52.12022073397776,0.0,0.0,0,0
451200,57.5,58.0,17.5,0.0,0.0,0.0,40.0,1.0,1.0,1.0,0.0,0.0,0.0,0.0,0.0,0.0,100.0,100.0,100.0,1000.0,1000.0,1000.0,52.12022073397776,0,0,52.12022073397776,0.0,0.0,0,0
451400,57.5,58.0,17.5,0.0,0.0,0.0,40.0,1.0,1.0,1.0,0.0,0.0,0.0,0.0,0.0,0.0,100.0,100.0,100.0,1000.0,1000.0,1000.0,52.12022073397776,0,0,52.12022073397776,0.0,0.0,0,0
451600,57.5,58.0,17.5,0.0,0.0,0.0,40.0,1.0,1.0,1.0,0.0,0.0,0.0,0.0,0.0,0.0,100.0,100.0,100.0,1000.0,1000.0,1000.0,52.12022073397776,0,0,52.12022073397776,0.0,0.0,0,0
451800,57.5,58.0,17.5,0.0,0.0,0.0,40.0,1.0,1.0,1.0,0.0,0.0,0.0,0.0,0.0,0.0,100.0,100.0,100.0,1000.0,1000.0,1000.0,52.12022073397776,0,0,52.12022073397776,0.0,0.0,0,0
452000,57.5,58.0,17.5,0.0,0.0,0.0,40.0,1.0,1.0,1.0,0.0,0.0,0.0,0.0,0.0,0.0,100.0,100.0,100.0,1000.0,1000.0,1000.0,52.12022073397776,0,0,52.12022073397776,0.0,0.0,0,0
452200,57.5,58.0,17.5,0.0,0.0,0.0,40.0,1.0,1.0,1.0,0.0,0.0,0.0,0.0,0.0,0.0,100.0,100.0,100.0,1000.0,1000.0,1000.0,52.12022073397776,0,0,52.12022073397776,0.0,0.0,0,0
452400,57.5,58.0,17.5,0.0,0.0,0.0,40.0,1.0,1.0,1.0,0.0,0.0,0.0,0.0,0.0,0.0,100.0,100.0,100.0,1000.0,1000.0,1000.0,52.12022073397776,0,0,52.12022073397776,0.0,0.0,0,0
452600,57.5,58.0,17.5,0.0,0.0,0.0,40.0,1.0,1.0,1.0,0.0,0.0,0.0,0.0,0.0,0.0,100.0,100.0,100.0,1000.0,1000.0,1000.0,52.12022073397776,0,0,52.12022073397776,0.0,0.0,0,0
452800,57.5,58.0,17.5,0.0,0.0,0.0,40.0,1.0,1.0,1.0,0.0,0.0,0.0,0.0,0.0,0.0,100.0,100.0,100.0,1000.0,1000.0,1000.0,52.12022073397776,0,0,52.12022073397776,0.0,0.0,0,0
453000,57.5,58.0,17.5,0.0,0.0,0.0,40.0,1.0,1.0,1.0,0.0,0.0,0.0,0.0,0.0,0.0,100.0,100.0,100.0,1000.0,1000.0,1000.0,52.12022073397776,0,0,52.12022073397776,0.0,0.0,0,0
453200,57.5,58.0,17.5,0.0,0.0,0.0,40.0,1.0,1.0,1.0,0.0,0.0,0.0,0.0,0.0,0.0,100.0,100.0,100.0,1000.0,1000.0,1000.0,52.12022073397776,0,0,52.12022073397776,0.0,0.0,0,0
453400,57.5,58.0,17.5,0.0,0.0,0.0,40.0,1.0,1.0,1.0,0.0,0.0,0.0,0.0,0.0,0.0,100.0,100.0,100.0,1000.0,1000.0,1000.0,52.12022073397776,0,0,52.12022073397776,0.0,0.0,0,0
453600,57.5,58.0,18.0,0.0,0.0,0.0,40.0,1.0,1.0,1.0,0.0,0.0,0.0,0.0,0.0,0.0,100.0,100.0,100.0,1000.0,1000.0,1000.0,52.12022073397776,0,0,52.12022073397776,0.0,0.0,0,0
453800,57.5,58.0,18.0,0.0,0.0,0.0,40.0,1.0,1.0,1.0,0.0,0.0,0.0,0.0,0.0,0.0,100.0,100.0,100.0,1000.0,1000.0,1000.0,52.12022073397776,0,0,52.12022073397776,0.0,0.0,0,0
454000,57.5,58.0,18.0,0.0,0.0,0.0,40.0,1.0,1.0,1.0,0.0,0.0,0.0,0.0,0.0,0.0,100.0,100.0,100.0,1000.0,1000.0,1000.0,52.12022073397776,0,0,52.12022073397776,0.0,0.0,0,0
454200,57.5,58.0,18.0,0.0,0.0,0.0,40.0,1.0,1.0,1.0,0.0,0.0,0.0,0.0,0.0,0.0,100.0,100.0,100.0,1000.0,1000.0,1000.0,52.12022073397776,0,0,52.12022073397776,0.0,0.0,0,0
454400,57.5,58.0,18.0,0.0,0.0,0.0,40.0,1.0,1.0,1.0,0.0,0.0,0.0,0.0,0.0,0.0,100.0,100.0,100.0,1000.0,1000.0,1000.0,52.12022073397776,0,0,52.12022073397776,0.0,0.0,0,0
454600,57.5,58.0,17.5,0.0,0.0,0.0,40.0,1.0,1.0,1.0,0.0,0.0,0.0,0.0,0.0,0.0,100.0,100.0,100.0,1000.0,1000.0,1000.0,52.12022073397776,0,0,52.12022073397776,0.0,0.0,0,0
454800,57.5,58.0,17.5,0.0,0.0,0.0,40.0,1.0,1.0,1.0,0.0,0.0,0.0,0.0,0.0,0.0,100.0,100.0,100.0,1000.0,1000.0,1000.0,52.12022073397776,0,0,52.12022073397776,0.0,0.0,0,0
455000,57.5,58.0,18.0,0.0,0.0,0.0,40.0,1.0,1.0,1.0,0.0,0.0,0.0,0.0,0.0,0.0,100.0,100.0,100.0,1000.0,1000.0,1000.0,52.12022073397776,0,0,52.12022073397776,0.0,0.0,0,0
455200,57.5,58.0,18.0,0.0,0.0,0.0,40.0,1.0,1.0,1.0,0.0,0.0,0.0,0.0,0.0,0.0,100.0,100.0,100.0,1000.0,1000.0,1000.0,52.12022073397776,0,0,52.12022073397776,0.0,0.0,0,0
455400,57.5,58.0,18.0,0.0,0.0,0.0,40.0,1.0,1.0,1.0,0.0,0.0,0.0,0.0,0.0,0.0,100.0,100.0,100.0,1000.0,1000.0,1000.0,52.12022073397776,0,0,52.12022073397776,0.0,0.0,0,0
455600,57.5,58.0,17.5,0.0,0.0,0.0,40.0,1.0,1.0,1.0,0.0,0.0,0.0,0.0,0.0,0.0,100.0,100.0,100.0,1000.0,1000.0,1000.0,52.12022073397776,0,0,52.12022073397776,0.0,0.0,0,0
455800,57.5,58.0,17.5,0.0,0.0,0.0,40.0,1.0,1.0,1.0,0.0,0.0,0.0,0.0,0.0,0.0,100.0,100.0,100.0,1000.0,1000.0,1000.0,52.12022073397776,0,0,52.12022073397776,0.0,0.0,0,0
456000,57.5,58.0,18.0,0.0,0.0,0.0,40.0,1.0,1.0,1.0,0.0,0.0,0.0,0.0,0.0,0.0,100.0,100.0,100.0,1000.0,1000.0,1000.0,52.12022073397776,0,0,52.12022073397776,0.0,0.0,0,0
456200,57.5,58.0,18.0,0.0,0.0,0.0,40.0,1.0,1.0,1.0,0.0,0.0,0.0,0.0,0.0,0.0,100.0,100.0,100.0,1000.0,1000.0,1000.0,52.12022073397776,0,0,52.12022073397776,0.0,0.0,0,0
456400,57.5,58.0,18.0,0.0,0.0,0.0,40.0,1.0,1.0,1.0,0.0,0.0,0.0,0.0,0.0,0.0,100.0,100.0,100.0,1000.0,1000.0,1000.0,52.12022073397776,0,0,52.12022073397776,0.0,0.0,0,0
456600,57.5,58.0,18.0,0.0,0.0,0.0,40.0,1.0,1.0,1.0,0.0,0.0,0.0,0.0,0.0,0.0,100.0,100.0,100.0,1000.0,1000.0,1000.0,52.12022073397776,0,0,52.12022073397776,0.0,0.0,0,0
456800,57.5,58.0,18.0,0.0,0.0,0.0,40.0,1.0,1.0,1.0,0.0,0.0,0.0,0.0,0.0,0.0,100.0,100.0,100.0,1000.0,1000.0,1000.0,52.12022073397776,0,0,52.12022073397776,0.0,0.0,0,0
457000,57.5,58.0,18.0,0.0,0.0,0.0,40.0,1.0,1.0,1.0,0.0,0.0,0.0,0.0,0.0,0.0,100.0,100.0,100.0,1000.0,1000.0,1000.0,52.12022073397776,0,0,52.12022073397776,0.0,0.0,0,0
457200,57.5,58.0,18.0,0.0,0.0,0.0,40.0,1.0,1.0,1.0,0.0,0.0,0.0,0.0,0.0,0.0,100.0,100.0,100.0,1000.0,1000.0,1000.0,52.12022073397776,0,0,52.12022073397776,0.0,0.0,0,0
457400,57.5,58.0,18.0,0.0,0.0,0.0,40.0,1.0,1.0,1.0,0.0,0.0,0.0,0.0,0.0,0.0,100.0,100.0,100.0,1000.0,1000.0,1000.0,52.12022073397776,0,0,52.12022073397776,0.0,0.0,0,0
457600,57.5,58.0,18.0,0.0,0.0,0.0,40.0,1.0,1.0,1.0,0.0,0.0,0.0,0.0,0.0,0.0,100.0,100.0,100.0,1000.0,1000.0,1000.0,52.12022073397776,0,0,52.12022073397776,0.0,0.0,0,0
457800,57.5,58.0,18.0,0.0,0.0,0.0,40.0,1.0,1.0,1.0,0.0,0.0,0.0,0.0,0.0,0.0,100.0,100.0,100.0,1000.0,1000.0,1000.0,52.12022073397776,0,0,52.12022073397776,0.0,0.0,0,0
458000,57.5,58.0,18.0,0.0,0.0,0.0,40.0,1.0,1.0,1.0,0.0,0.0,0.0,0.0,0.0,0.0,100.0,100.0,100.0,1000.0,1000.0,1000.0,52.12022073397776,0,0,52.12022073397776,0.0,0.0,0,0
458200,57.5,58.0,18.0,0.0,0.0,0.0,40.0,1.0,1.0,1.0,0.0,0.0,0.0,0.0,0.0,0.0,100.0,100.0,100.0,1000.0,1000.0,1000.0,52.12022073397776,0,0,52.12022073397776,0.0,0.0,0,0
458400,57.5,58.0,18.0,0.0,0.0,0.0,40.0,1.0,1.0,1.0,0.0,0.0,0.0,0.0,0.0,0.0,100.0,100.0,100.0,1000.0,1000.0,1000.0,52.12022073397776,0,0,52.12022073397776,0.0,0.0,0,0
458600,57.5,58.0,18.0,0.0,0.0,0.0,40.0,1.0,1.0,1.0,0.0,0.0,0.0,0.0,0.0,0.0,100.0,100.0,100.0,1000.0,1000.0,1000.0,52.12022073397776,0,0,52.12022073397776,0.0,0.0,0,0
458800,57.5,58.0,18.0,0.0,0.0,0.0,40.0,1.0,1.0,1.0,0.0,0.0,0.0,0.0,0.0,0.0,100.0,100.0,100.0,1000.0,1000.0,1000.0,52.12022073397776,0,0,52.12022073397776,0.0,0.0,0,0
459000,57.5,58.0,18.0,0.0,0.0,0.0,40.0,1.0,1.0,1.0,0.0,0.0,0.0,0.0,0.0,0.0,100.0,100.0,100.0,1000.0,1000.0,1000.0,52.12022073397776,0,0,52.12022073397776,0.0,0.0,0,0
459200,57.5,58.0,18.0,0.0,0.0,0.0,40.0,1.0,1.0,1.0,0.0,0.0,0.0,0.0,0.0,0.0,100.0,100.0,100.0,1000.0,1000.0,1000.0,52.12022073397776,0,0,52.12022073397776,0.0,0.0,0,0
459400,57.5,58.0,18.0,0.0,0.0,0.0,40.0,1.0,1.0,1.0,0.0,0.0,0.0,0.0,0.0,0.0,100.0,100.0,100.0,1000.0,1000.0,1000.0,52.12022073397776,0,0,52.12022073397776,0.0,0.0,0,0
459600,57.5,58.0,18.0,0.0,0.0,0.0,40.0,1.0,1.0,1.0,0.0,0.0,0.0,0.0,0.0,0.0,100.0,100.0,100.0,1000.0,1000.0,1000.0,52.12022073397776,0,0,52.12022073397776,0.0,0.0,0,0
459800,57.5,58.0,18.0,0.0,0.0,0.0,40.0,1.0,1.0,1.0,0.0,0.0,0.0,0.0,0.0,0.0,100.0,100.0,100.0,1000.0,1000.0,1000.0,52.12022073397776,0,0,52.12022073397776,0.0,0.0,0,0
460000,57.5,58.0,18.0,0.0,0.0,0.0,40.0,1.0,1.0,1.0,0.0,0.0,0.0,0.0,0.0,0.0,100.0,100.0,100.0,1000.0,1000.0,1000.0,52.12022073397776,0,0,52.12022073397776,0.0,0.0,0,0
460200,57.5,58.0,18.0,0.0,0.0,0.0,40.0,1.0,1.0,1.0,0.0,0.0,0.0,0.0,0.0,0.0,100.0,100.0,100.0,1000.0,1000.0,1000.0,52.12022073397776,0,0,52.12022073397776,0.0,0.0,0,0
460400,57.5,58.0,18.0,0.0,0.0,0.0,40.0,1.0,1.0,1.0,0.0,0.0,0.0,0.0,0.0,0.0,100.0,100.0,100.0,1000.0,1000.0,1000.0,52.12022073397776,0,0,52.12022073397776,0.0,0.0,0,0
460600,57.5,58.0,18.0,0.0,0.0,0.0,40.0,1.0,1.0,1.0,0.0,0.0,0.0,0.0,0.0,0.0,100.0,100.0,100.0,1000.0,1000.0,1000.0,52.12022073397776,0,0,52.12022073397776,0.0,0.0,0,0
460800,57.5,58.0,18.0,0.0,0.0,0.0,40.0,1.0,1.0,1.0,0.0,0.0,0.0,0.0,0.0,0.0,100.0,100.0,100.0,1000.0,1000.0,1000.0,52.12022073397776,0,0,52.12022073397776,0.0,0.0,0,0
461000,57.5,58.0,17.5,0.0,0.0,0.0,40.0,1.0,1.0,1.0,0.0,0.0,0.0,0.0,0.0,0.0,100.0,100.0,100.0,1000.0,1000.0,1000.0,52.12022073397776,0,0,52.12022073397776,0.0,0.0,0,0
461200,57.5,58.0,17.5,0.0,0.0,0.0,40.0,1.0,1.0,1.0,0.0,0.0,0.0,0.0,0.0,0.0,100.0,100.0,100.0,1000.0,1000.0,1000.0,52.12022073397776,0,0,52.12022073397776,0.0,0.0,0,0
461400,57.5,58.0,17.5,0.0,0.0,0.0,40.0,1.0,1.0,1.0,0.0,0.0,0.0,0.0,0.0,0.0,100.0,100.0,100.0,1000.0,1000.0,1000.0,52.12022073397776,0,0,52.12022073397776,0.0,0.0,0,0
461600,57.5,58.0,18.0,0.0,0.0,0.0,40.0,1.0,1.0,1.0,0.0,0.0,0.0,0.0,0.0,0.0,100.0,100.0,100.0,1000.0,1000.0,1000.0,52.12022073397776,0,0,52.12022073397776,0.0,0.0,0,0
461800,57.5,58.0,18.0,0.0,0.0,0.0,40.0,1.0,1.0,1.0,0.0,0.0,0.0,0.0,0.0,0.0,100.0,100.0,100.0,1000.0,1000.0,1000.0,52.12022073397776,0,0,52.12022073397776,0.0,0.0,0,0
462000,57.5,58.0,18.0,0.0,0.0,0.0,40.0,1.0,1.0,1.0,0.0,0.0,0.0,0.0,0.0,0.0,100.0,100.0,100.0,1000.0,1000.0,1000.0,52.12022073397776,0,0,52.12022073397776,0.0,0.0,0,0
462200,57.5,58.0,18.0,0.0,0.0,0.0,40.0,1.0,1.0,1.0,0.0,0.0,0.0,0.0,0.0,0.0,100.0,100.0,100.0,1000.0,1000.0,1000.0,52.12022073397776,0,0,52.12022073397776,0.0,0.0,0,0
462400,57.5,58.0,18.0,0.0,0.0,0.0,40.0,1.0,1.0,1.0,0.0,0.0,0.0,0.0,0.0,0.0,100.0,100.0,100.0,1000.0,1000.0,1000.0,52.12022073397776,0,0,52.12022073397776,0.0,0.0,0,0
462600,57.5,58.0,18.0,0.0,0.0,0.0,40.0,1.0,1.0,1.0,0.0,0.0,0.0,0.0,0.0,0.0,100.0,100.0,100.0,1000.0,1000.0,1000.0,52.12022073397776,0,0,52.12022073397776,0.0,0.0,0,0
462800,57.5,58.0,18.0,0.0,0.0,0.0,40.0,1.0,1.0,1.0,0.0,0.0,0.0,0.0,0.0,0.0,100.0,100.0,100.0,1000.0,1000.0,1000.0,52.12022073397776,0,0,52.12022073397776,0.0,0.0,0,0
463000,57.5,58.0,17.5,0.0,0.0,0.0,40.0,1.0,1.0,1.0,0.0,0.0,0.0,0.0,0.0,0.0,100.0,100.0,100.0,1000.0,1000.0,1000.0,52.12022073397776,0,0,52.12022073397776,0.0,0.0,0,0
463200,57.5,58.0,17.5,0.0,0.0,0.0,40.0,1.0,1.0,1.0,0.0,0.0,0.0,0.0,0.0,0.0,100.0,100.0,100.0,1000.0,1000.0,1000.0,52.12022073397776,0,0,52.12022073397776,0.0,0.0,0,0
463400,57.5,58.0,17.5,0.0,0.0,0.0,40.0,1.0,1.0,1.0,0.0,0.0,0.0,0.0,0.0,0.0,100.0,100.0,100.0,1000.0,1000.0,1000.0,52.12022073397776,0,0,52.12022073397776,0.0,0.0,0,0
463600,57.5,58.0,17.5,0.0,0.0,0.0,40.0,1.0,1.0,1.0,0.0,0.0,0.0,0.0,0.0,0.0,100.0,100.0,100.0,1000.0,1000.0,1000.0,52.12022073397776,0,0,52.12022073397776,0.0,0.0,0,0
463800,57.5,58.0,17.5,0.0,0.0,0.0,40.0,1.0,1.0,1.0,0.0,0.0,0.0,0.0,0.0,0.0,100.0,100.0,100.0,1000.0,1000.0,1000.0,52.12022073397776,0,0,52.12022073397776,0.0,0.0,0,0
464000,57.5,58.0,18.0,0.0,0.0,0.0,40.0,1.0,1.0,1.0,0.0,0.0,0.0,0.0,0.0,0.0,100.0,100.0,100.0,1000.0,1000.0,1000.0,52.12022073397776,0,0,52.12022073397776,0.0,0.0,0,0
464200,57.5,58.0,18.0,0.0,0.0,0.0,40.0,1.0,1.0,1.0,0.0,0.0,0.0,0.0,0.0,0.0,100.0,100.0,100.0,1000.0,1000.0,1000.0,52.12022073397776,0,0,52.12022073397776,0.0,0.0,0,0
464400,57.5,58.0,18.0,0.0,0.0,0.0,40.0,1.0,1.0,1.0,0.0,0.0,0.0,0.0,0.0,0.0,100.0,100.0,100.0,1000.0,1000.0,1000.0,52.12022073397776,0,0,52.12022073397776,0.0,0.0,0,0
464600,57.5,58.0,18.0,0.0,0.0,0.0,40.0,1.0,1.0,1.0,0.0,0.0,0.0,0.0,0.0,0.0,100.0,100.0,100.0,1000.0,1000.0,1000.0,52.12022073397776,0,0,52.12022073397776,0.0,0.0,0,0
464800,57.5,58.0,18.0,0.0,0.0,0.0,40.0,1.0,1.0,1.0,0.0,0.0,0.0,0.0,0.0,0.0,100.0,100.0,100.0,1000.0,1000.0,1000.0,52.12022073397776,0,0,52.12022073397776,0.0,0.0,0,0
465000,57.5,58.0,18.0,0.0,0.0,0.0,40.0,1.0,1.0,1.0,0.0,0.0,0.0,0.0,0.0,0.0,100.0,100.0,100.0,1000.0,1000.0,1000.0,52.12022073397776,0,0,52.12022073397776,0.0,0.0,0,0
465200,57.5,58.0,18.0,0.0,0.0,0.0,40.0,1.0,1.0,1.0,0.0,0.0,0.0,0.0,0.0,0.0,100.0,100.0,100.0,1000.0,1000.0,1000.0,41.99566923521345,0,0,41.99566923521345,0.0,0.0,1,0
465400,57.5,58.0,18.0,0.0,0.0,0.0,40.0,1.0,1.0,1.0,0.0,0.0,0.0,0.0,0.0,0.0,100.0,100.0,100.0,1000.0,1000.0,1000.0,41.99566923521345,0,0,41.99566923521345,0.0,0.0,0,0
465600,57.5,58.0,18.0,0.0,0.0,0.0,40.0,1.0,1.0,1.0,0.0,0.0,0.0,0.0,0.0,0.0,100.0,100.0,100.0,1000.0,1000.0,1000.0,41.99566923521345,0,0,41.99566923521345,0.0,0.0,0,0
465800,57.5,58.0,18.0,0.0,0.0,0.0,40.0,1.0,1.0,1.0,0.0,0.0,0.0,0.0,0.0,0.0,100.0,100.0,100.0,1000.0,1000.0,1000.0,41.99566923521345,0,0,41.99566923521345,0.0,0.0,0,0
466000,57.5,58.0,18.0,0.0,0.0,0.0,40.0,1.0,1.0,1.0,0.0,0.0,0.0,0.0,0.0,0.0,100.0,100.0,100.0,1000.0,1000.0,1000.0,41.99566923521345,0,0,41.99566923521345,0.0,0.0,0,0
466200,57.5,58.0,18.0,0.0,0.0,0.0,40.0,1.0,1.0,1.0,0.0,0.0,0.0,0.0,0.0,0.0,100.0,100.0,100.0,1000.0,1000.0,1000.0,41.99566923521345,0,0,41.99566923521345,0.0,0.0,0,0
466400,57.5,58.0,18.0,0.0,0.0,0.0,40.0,1.0,1.0,1.0,0.0,0.0,0.0,0.0,0.0,0.0,100.0,100.0,100.0,1000.0,1000.0,1000.0,41.99566923521345,0,0,41.99566923521345,0.0,0.0,0,0
466600,57.5,58.0,18.0,0.0,0.0,0.0,40.0,1.0,1.0,1.0,0.0,0.0,0.0,0.0,0.0,0.0,100.0,100.0,100.0,1000.0,1000.0,1000.0,41.99566923521345,0,0,41.99566923521345,0.0,0.0,0,0
466800,57.5,58.0,18.0,0.0,0.0,0.0,40.0,1.0,1.0,1.0,0.0,0.0,0.0,0.0,0.0,0.0,100.0,100.0,100.0,1000.0,1000.0,1000.0,41.99566923521345,0,0,41.99566923521345,0.0,0.0,0,0
467000,57.5,58.0,18.0,0.0,0.0,0.0,40.0,1.0,1.0,1.0,0.0,0.0,0.0,0.0,0.0,0.0,100.0,100.0,100.0,1000.0,1000.0,1000.0,41.99566923521345,0,0,41.99566923521345,0.0,0.0,0,0
467200,57.5,58.0,18.0,0.0,0.0,0.0,40.0,1.0,1.0,1.0,0.0,0.0,0.0,0.0,0.0,0.0,100.0,100.0,100.0,1000.0,1000.0,1000.0,41.99566923521345,0,0,41.99566923521345,0.0,0.0,0,0
467400,57.5,58.0,18.0,0.0,0.0,0.0,40.0,1.0,1.0,1.0,0.0,0.0,0.0,0.0,0.0,0.0,100.0,100.0,100.0,1000.0,1000.0,1000.0,41.99566923521345,0,0,41.99566923521345,0.0,0.0,0,0
467600,57.5,58.0,18.0,0.0,0.0,0.0,40.0,1.0,1.0,1.0,0.0,0.0,0.0,0.0,0.0,0.0,100.0,100.0,100.0,1000.0,1000.0,1000.0,41.99566923521345,0,0,41.99566923521345,0.0,0.0,0,0
467800,57.5,58.0,18.0,0.0,0.0,0.0,40.0,1.0,1.0,1.0,0.0,0.0,0.0,0.0,0.0,0.0,100.0,100.0,100.0,1000.0,1000.0,1000.0,41.99566923521345,0,0,41.99566923521345,0.0,0.0,0,0
468000,57.5,58.0,18.0,0.0,0.0,0.0,40.0,1.0,1.0,1.0,0.0,0.0,0.0,0.0,0.0,0.0,100.0,100.0,100.0,1000.0,1000.0,1000.0,41.99566923521345,0,0,41.99566923521345,0.0,0.0,0,0
468200,57.5,58.0,18.0,0.0,0.0,0.0,40.0,1.0,1.0,1.0,0.0,0.0,0.0,0.0,0.0,0.0,100.0,100.0,100.0,1000.0,1000.0,1000.0,41.99566923521345,0,0,41.99566923521345,0.0,0.0,0,0
468400,57.5,58.0,18.0,0.0,0.0,0.0,40.0,1.0,1.0,1.0,0.0,0.0,0.0,0.0,0.0,0.0,100.0,100.0,100.0,1000.0,1000.0,1000.0,41.99566923521345,0,0,41.99566923521345,0.0,0.0,0,0
468600,57.5,58.0,18.0,0.0,0.0,0.0,40.0,1.0,1.0,1.0,0.0,0.0,0.0,0.0,0.0,0.0,100.0,100.0,100.0,1000.0,1000.0,1000.0,41.99566923521345,0,0,41.99566923521345,0.0,0.0,0,0
468800,57.5,58.0,18.0,0.0,0.0,0.0,40.0,1.0,1.0,1.0,0.0,0.0,0.0,0.0,0.0,0.0,100.0,100.0,100.0,1000.0,1000.0,1000.0,41.99566923521345,0,0,41.99566923521345,0.0,0.0,0,0
469000,57.5,58.0,18.0,0.0,0.0,0.0,40.0,1.0,1.0,1.0,0.0,0.0,0.0,0.0,0.0,0.0,100.0,100.0,100.0,1000.0,1000.0,1000.0,41.99566923521345,0,0,41.99566923521345,0.0,0.0,0,0
469200,57.5,58.0,18.0,0.0,0.0,0.0,40.0,1.0,1.0,1.0,0.0,0.0,0.0,0.0,0.0,0.0,100.0,100.0,100.0,1000.0,1000.0,1000.0,41.99566923521345,0,0,41.99566923521345,0.0,0.0,0,0
469400,57.5,58.0,18.0,0.0,0.0,0.0,40.0,1.0,1.0,1.0,0.0,0.0,0.0,0.0,0.0,0.0,100.0,100.0,100.0,1000.0,1000.0,1000.0,41.99566923521345,0,0,41.99566923521345,0.0,0.0,0,0
469600,57.5,58.0,18.0,0.0,0.0,0.0,40.0,1.0,1.0,1.0,0.0,0.0,0.0,0.0,0.0,0.0,100.0,100.0,100.0,1000.0,1000.0,1000.0,41.99566923521345,0,0,41.99566923521345,0.0,0.0,0,0
469800,57.5,58.0,18.0,0.0,0.0,0.0,40.0,1.0,1.0,1.0,0.0,0.0,0.0,0.0,0.0,0.0,100.0,100.0,100.0,1000.0,1000.0,1000.0,41.99566923521345,0,0,41.99566923521345,0.0,0.0,0,0
470000,57.5,58.0,18.0,0.0,0.0,0.0,40.0,1.0,1.0,1.0,0.0,0.0,0.0,0.0,0.0,0.0,100.0,100.0,100.0,1000.0,1000.0,1000.0,41.99566923521345,0,0,41.99566923521345,0.0,0.0,0,0
470200,57.5,58.0,18.0,0.0,0.0,0.0,40.0,1.0,1.0,1.0,0.0,0.0,0.0,0.0,0.0,0.0,100.0,100.0,100.0,1000.0,1000.0,1000.0,41.99566923521345,0,0,41.99566923521345,0.0,0.0,0,0
470400,57.5,58.0,18.0,0.0,0.0,0.0,40.0,1.0,1.0,1.0,0.0,0.0,0.0,0.0,0.0,0.0,100.0,100.0,100.0,1000.0,1000.0,1000.0,41.99566923521345,0,0,41.99566923521345,0.0,0.0,0,0
470600,57.5,58.0,18.0,0.0,0.0,0.0,40.0,1.0,1.0,1.0,0.0,0.0,0.0,0.0,0.0,0.0,100.0,100.0,100.0,1000.0,1000.0,1000.0,41.99566923521345,0,0,41.99566923521345,0.0,0.0,0,0
470800,57.5,58.0,18.0,0.0,0.0,0.0,40.0,1.0,1.0,1.0,0.0,0.0,0.0,0.0,0.0,0.0,100.0,100.0,100.0,1000.0,1000.0,1000.0,41.99566923521345,0,0,41.99566923521345,0.0,0.0,0,0
471000,57.5,58.0,18.0,0.0,0.0,0.0,40.0,1.0,1.0,1.0,0.0,0.0,0.0,0.0,0.0,0.0,100.0,100.0,100.0,1000.0,1000.0,1000.0,41.99566923521345,0,0,41.99566923521345,0.0,0.0,0,0
471200,57.5,58.0,18.0,0.0,0.0,0.0,40.0,1.0,1.0,1.0,0.0,0.0,0.0,0.0,0.0,0.0,100.0,100.0,100.0,1000.0,1000.0,1000.0,41.99566923521345,0,0,41.99566923521345,0.0,0.0,0,0
471400,57.5,58.0,18.0,0.0,0.0,0.0,40.0,1.0,1.0,1.0,0.0,0.0,0.0,0.0,0.0,0.0,100.0,100.0,100.0,1000.0,1000.0,1000.0,41.99566923521345,0,0,41.99566923521345,0.0,0.0,0,0
471600,57.5,58.0,18.0,0.0,0.0,0.0,40.0,1.0,1.0,1.0,0.0,0.0,0.0,0.0,0.0,0.0,100.0,100.0,100.0,1000.0,1000.0,1000.0,41.99566923521345,0,0,41.99566923521345,0.0,0.0,0,0
471800,57.5,58.0,18.0,0.0,0.0,0.0,40.0,1.0,1.0,1.0,0.0,0.0,0.0,0.0,0.0,0.0,100.0,100.0,100.0,1000.0,1000.0,1000.0,41.99566923521345,0,0,41.99566923521345,0.0,0.0,0,0
472000,57.5,58.0,18.0,0.0,0.0,0.0,40.0,1.0,1.0,1.0,0.0,0.0,0.0,0.0,0.0,0.0,100.0,100.0,100.0,1000.0,1000.0,1000.0,41.99566923521345,0,0,41.99566923521345,0.0,0.0,0,0
472200,57.5,58.0,18.0,0.0,0.0,0.0,40.0,1.0,1.0,1.0,0.0,0.0,0.0,0.0,0.0,0.0,100.0,100.0,100.0,1000.0,1000.0,1000.0,41.99566923521345,0,0,41.99566923521345,0.0,0.0,0,0
472400,57.5,58.0,18.0,0.0,0.0,0.0,40.0,1.0,1.0,1.0,0.0,0.0,0.0,0.0,0.0,0.0,100.0,100.0,100.0,1000.0,1000.0,1000.0,41.99566923521345,0,0,41.99566923521345,0.0,0.0,0,0
472600,57.5,58.0,18.0,0.0,0.0,0.0,40.0,1.0,1.0,1.0,0.0,0.0,0.0,0.0,0.0,0.0,100.0,100.0,100.0,1000.0,1000.0,1000.0,41.99566923521345,0,0,41.99566923521345,0.0,0.0,0,0
472800,57.5,58.0,18.0,0.0,0.0,0.0,40.0,1.0,1.0,1.0,0.0,0.0,0.0,0.0,0.0,0.0,100.0,100.0,100.0,1000.0,1000.0,1000.0,41.99566923521345,0,0,41.99566923521345,0.0,0.0,0,0
473000,57.5,58.0,18.0,0.0,0.0,0.0,40.0,1.0,1.0,1.0,0.0,0.0,0.0,0.0,0.0,0.0,100.0,100.0,100.0,1000.0,1000.0,1000.0,41.99566923521345,0,0,41.99566923521345,0.0,0.0,0,0
473200,57.5,58.0,18.0,0.0,0.0,0.0,40.0,1.0,1.0,1.0,0.0,0.0,0.0,0.0,0.0,0.0,100.0,100.0,100.0,1000.0,1000.0,1000.0,41.99566923521345,0,0,41.99566923521345,0.0,0.0,0,0
473400,57.5,58.0,18.0,0.0,0.0,0.0,40.0,1.0,1.0,1.0,0.0,0.0,0.0,0.0,0.0,0.0,100.0,100.0,100.0,1000.0,1000.0,1000.0,41.99566923521345,0,0,41.99566923521345,0.0,0.0,0,0
473600,57.5,58.0,18.0,0.0,0.0,0.0,40.0,1.0,1.0,1.0,0.0,0.0,0.0,0.0,0.0,0.0,100.0,100.0,100.0,1000.0,1000.0,1000.0,41.99566923521345,0,0,41.99566923521345,0.0,0.0,0,0
473800,57.5,58.0,18.0,0.0,0.0,0.0,40.0,1.0,1.0,1.0,0.0,0.0,0.0,0.0,0.0,0.0,100.0,100.0,100.0,1000.0,1000.0,1000.0,41.99566923521345,0,0,41.99566923521345,0.0,0.0,0,0
474000,57.5,58.0,18.0,0.0,0.0,0.0,40.0,1.0,1.0,1.0,0.0,0.0,0.0,0.0,0.0,0.0,100.0,100.0,100.0,1000.0,1000.0,1000.0,41.99566923521345,0,0,41.99566923521345,0.0,0.0,0,0
474200,57.5,58.0,18.0,0.0,0.0,0.0,40.0,1.0,1.0,1.0,0.0,0.0,0.0,0.0,0.0,0.0,100.0,100.0,100.0,1000.0,1000.0,1000.0,41.99566923521345,0,0,41.99566923521345,0.0,0.0,0,0
474400,57.5,58.0,18.0,0.0,0.0,0.0,40.0,1.0,1.0,1.0,0.0,0.0,0.0,0.0,0.0,0.0,100.0,100.0,100.0,1000.0,1000.0,1000.0,41.99566923521345,0,0,41.99566923521345,0.0,0.0,0,0
474600,57.5,58.0,18.0,0.0,0.0,0.0,40.0,1.0,1.0,1.0,0.0,0.0,0.0,0.0,0.0,0.0,100.0,100.0,100.0,1000.0,1000.0,1000.0,41.99566923521345,0,0,41.99566923521345,0.0,0.0,0,0
474800,57.5,58.0,18.0,0.0,0.0,0.0,40.0,1.0,1.0,1.0,0.0,0.0,0.0,0.0,0.0,0.0,100.0,100.0,100.0,1000.0,1000.0,1000.0,41.99566923521345,0,0,41.99566923521345,0.0,0.0,0,0
475000,57.5,58.0,18.0,0.0,0.0,0.0,40.0,1.0,1.0,1.0,0.0,0.0,0.0,0.0,0.0,0.0,100.0,100.0,100.0,1000.0,1000.0,1000.0,41.99566923521345,0,0,41.99566923521345,0.0,0.0,0,0
475200,57.5,58.0,18.0,0.0,0.0,0.0,40.0,1.0,1.0,1.0,0.0,0.0,0.0,0.0,0.0,0.0,100.0,100.0,100.0,1000.0,1000.0,1000.0,41.99566923521345,0,0,41.99566923521345,0.0,0.0,0,0
475400,57.5,58.0,18.0,0.0,0.0,0.0,40.0,1.0,1.0,1.0,0.0,0.0,0.0,0.0,0.0,0.0,100.0,100.0,100.0,1000.0,1000.0,1000.0,41.99566923521345,0,0,41.99566923521345,0.0,0.0,0,0
475600,57.5,58.0,18.0,0.0,0.0,0.0,40.0,1.0,1.0,1.0,0.0,0.0,0.0,0.0,0.0,0.0,100.0,100.0,100.0,1000.0,1000.0,1000.0,41.99566923521345,0,0,41.99566923521345,0.0,0.0,0,0
475800,57.5,58.0,18.0,0.0,0.0,0.0,40.0,1.0,1.0,1.0,0.0,0.0,0.0,0.0,0.0,0.0,100.0,100.0,100.0,1000.0,1000.0,1000.0,41.99566923521345,0,0,41.99566923521345,0.0,0.0,0,0
476000,57.5,58.0,18.0,0.0,0.0,0.0,40.0,1.0,1.0,1.0,0.0,0.0,0.0,0.0,0.0,0.0,100.0,100.0,100.0,1000.0,1000.0,1000.0,41.99566923521345,0,0,41.99566923521345,0.0,0.0,0,0
476200,57.5,58.0,18.0,0.0,0.0,0.0,40.0,1.0,1.0,1.0,0.0,0.0,0.0,0.0,0.0,0.0,100.0,100.0,100.0,1000.0,1000.0,1000.0,41.99566923521345,0,0,41.99566923521345,0.0,0.0,0,0
476400,57.5,58.0,18.0,0.0,0.0,0.0,40.0,1.0,1.0,1.0,0.0,0.0,0.0,0.0,0.0,0.0,100.0,100.0,100.0,1000.0,1000.0,1000.0,41.99566923521345,0,0,41.99566923521345,0.0,0.0,0,0
476600,57.5,58.0,18.0,0.0,0.0,0.0,40.0,1.0,1.0,1.0,0.0,0.0,0.0,0.0,0.0,0.0,100.0,100.0,100.0,1000.0,1000.0,1000.0,41.99566923521345,0,0,41.99566923521345,0.0,0.0,0,0
476800,57.5,58.0,18.0,0.0,0.0,0.0,40.0,1.0,1.0,1.0,0.0,0.0,0.0,0.0,0.0,0.0,100.0,100.0,100.0,1000.0,1000.0,1000.0,41.99566923521345,0,0,41.99566923521345,0.0,0.0,0,0
477000,57.5,58.0,18.0,0.0,0.0,0.0,40.0,1.0,1.0,1.0,0.0,0.0,0.0,0.0,0.0,0.0,100.0,100.0,100.0,1000.0,1000.0,1000.0,41.99566923521345,0,0,41.99566923521345,0.0,0.0,0,0
477200,57.5,58.0,18.0,0.0,0.0,0.0,40.0,1.0,1.0,1.0,0.0,0.0,0.0,0.0,0.0,0.0,100.0,100.0,100.0,1000.0,1000.0,1000.0,41.99566923521345,0,0,41.99566923521345,0.0,0.0,0,0
477400,57.5,58.0,18.0,0.0,0.0,0.0,40.0,1.0,1.0,1.0,0.0,0.0,0.0,0.0,0.0,0.0,100.0,100.0,100.0,1000.0,1000.0,1000.0,41.99566923521345,0,0,41.99566923521345,0.0,0.0,0,0
477600,57.5,58.0,18.0,0.0,0.0,0.0,40.0,1.0,1.0,1.0,0.0,0.0,0.0,0.0,0.0,0.0,100.0,100.0,100.0,1000.0,1000.0,1000.0,41.99566923521345,0,0,41.99566923521345,0.0,0.0,0,0
477800,57.5,58.0,18.0,0.0,0.0,0.0,40.0,1.0,1.0,1.0,0.0,0.0,0.0,0.0,0.0,0.0,100.0,100.0,100.0,1000.0,1000.0,1000.0,41.99566923521345,0,0,41.99566923521345,0.0,0.0,0,0
478000,57.5,58.0,18.0,0.0,0.0,0.0,40.0,1.0,1.0,1.0,0.0,0.0,0.0,0.0,0.0,0.0,100.0,100.0,100.0,1000.0,1000.0,1000.0,41.99566923521345,0,0,41.99566923521345,0.0,0.0,0,0
478200,57.5,58.0,18.0,0.0,0.0,0.0,40.0,1.0,1.0,1.0,0.0,0.0,0.0,0.0,0.0,0.0,100.0,100.0,100.0,1000.0,1000.0,1000.0,41.99566923521345,0,0,41.99566923521345,0.0,0.0,0,0
478400,57.5,58.0,18.0,0.0,0.0,0.0,40.0,1.0,1.0,1.0,0.0,0.0,0.0,0.0,0.0,0.0,100.0,100.0,100.0,1000.0,1000.0,1000.0,41.99566923521345,0,0,41.99566923521345,0.0,0.0,0,0
478600,57.5,58.0,18.0,0.0,0.0,0.0,40.0,1.0,1.0,1.0,0.0,0.0,0.0,0.0,0.0,0.0,100.0,100.0,100.0,1000.0,1000.0,1000.0,41.99566923521345,0,0,41.99566923521345,0.0,0.0,0,0
478800,57.5,58.0,18.0,0.0,0.0,0.0,40.0,1.0,1.0,1.0,0.0,0.0,0.0,0.0,0.0,0.0,100.0,100.0,100.0,1000.0,1000.0,1000.0,41.99566923521345,0,0,41.99566923521345,0.0,0.0,0,0
479000,57.5,58.0,18.0,0.0,0.0,0.0,40.0,1.0,1.0,1.0,0.0,0.0,0.0,0.0,0.0,0.0,100.0,100.0,100.0,1000.0,1000.0,1000.0,41.99566923521345,0,0,41.99566923521345,0.0,0.0,0,0
479200,57.5,58.0,18.0,0.0,0.0,0.0,40.0,1.0,1.0,1.0,0.0,0.0,0.0,0.0,0.0,0.0,100.0,100.0,100.0,1000.0,1000.0,1000.0,41.99566923521345,0,0,41.99566923521345,0.0,0.0,0,0
479400,57.5,58.0,18.0,0.0,0.0,0.0,40.0,1.0,1.0,1.0,0.0,0.0,0.0,0.0,0.0,0.0,100.0,100.0,100.0,1000.0,1000.0,1000.0,41.99566923521345,0,0,41.99566923521345,0.0,0.0,0,0
479600,57.5,58.0,18.0,0.0,0.0,0.0,40.0,1.0,1.0,1.0,0.0,0.0,0.0,0.0,0.0,0.0,100.0,100.0,100.0,1000.0,1000.0,1000.0,41.99566923521345,0,0,41.99566923521345,0.0,0.0,0,0
479800,57.5,58.0,18.0,0.0,0.0,0.0,40.0,1.0,1.0,1.0,0.0,0.0,0.0,0.0,0.0,0.0,100.0,100.0,100.0,1000.0,1000.0,1000.0,41.99566923521345,0,0,41.99566923521345,0.0,0.0,0,0
480000,57.5,58.0,18.0,0.0,0.0,0.0,40.0,1.0,1.0,1.0,0.0,0.0,0.0,0.0,0.0,0.0,100.0,100.0,100.0,1000.0,1000.0,1000.0,41.99566923521345,0,0,41.99566923521345,0.0,0.0,0,0
480200,57.5,58.0,18.0,0.0,0.0,0.0,40.0,1.0,1.0,1.0,0.0,0.0,0.0,0.0,0.0,0.0,100.0,100.0,100.0,1000.0,1000.0,1000.0,58.41080765268975,0,0,58.41080765268975,0.0,0.0,1,0
480400,57.5,58.0,18.0,0.0,0.0,0.0,40.0,1.0,1.0,1.0,0.0,0.0,0.0,0.0,0.0,0.0,100.0,100.0,100.0,1000.0,1000.0,1000.0,58.41080765268975,0,0,58.41080765268975,0.0,0.0,0,0
480600,57.5,58.0,18.0,0.0,0.0,0.0,40.0,1.0,1.0,1.0,0.0,0.0,0.0,0.0,0.0,0.0,100.0,100.0,100.0,1000.0,1000.0,1000.0,58.41080765268975,0,0,58.41080765268975,0.0,0.0,0,0
480800,57.5,58.0,18.0,0.0,0.0,0.0,40.0,1.0,1.0,1.0,0.0,0.0,0.0,0.0,0.0,0.0,100.0,100.0,100.0,1000.0,1000.0,1000.0,58.41080765268975,0,0,58.41080765268975,0.0,0.0,0,0
481000,57.5,58.0,18.0,0.0,0.0,0.0,40.0,1.0,1.0,1.0,0.0,0.0,0.0,0.0,0.0,0.0,100.0,100.0,100.0,1000.0,1000.0,1000.0,58.41080765268975,0,0,58.41080765268975,0.0,0.0,0,0
481200,57.5,58.0,18.0,0.0,0.0,0.0,40.0,1.0,1.0,1.0,0.0,0.0,0.0,0.0,0.0,0.0,100.0,100.0,100.0,1000.0,1000.0,1000.0,58.41080765268975,0,0,58.41080765268975,0.0,0.0,0,0
481400,57.5,58.0,18.0,0.0,0.0,0.0,40.0,1.0,1.0,1.0,0.0,0.0,0.0,0.0,0.0,0.0,100.0,100.0,100.0,1000.0,1000.0,1000.0,58.41080765268975,0,0,58.41080765268975,0.0,0.0,0,0
481600,57.5,58.0,18.0,0.0,0.0,0.0,40.0,1.0,1.0,1.0,0.0,0.0,0.0,0.0,0.0,0.0,100.0,100.0,100.0,1000.0,1000.0,1000.0,58.41080765268975,0,0,58.41080765268975,0.0,0.0,0,0
481800,57.5,58.0,18.0,0.0,0.0,0.0,40.0,1.0,1.0,1.0,0.0,0.0,0.0,0.0,0.0,0.0,100.0,100.0,100.0,1000.0,1000.0,1000.0,58.41080765268975,0,0,58.41080765268975,0.0,0.0,0,0
482000,57.5,58.0,18.0,0.0,0.0,0.0,40.0,1.0,1.0,1.0,0.0,0.0,0.0,0.0,0.0,0.0,100.0,100.0,100.0,1000.0,1000.0,1000.0,58.41080765268975,0,0,58.41080765268975,0.0,0.0,0,0
482200,57.5,58.0,18.0,0.0,0.0,0.0,40.0,1.0,1.0,1.0,0.0,0.0,0.0,0.0,0.0,0.0,100.0,100.0,100.0,1000.0,1000.0,1000.0,58.41080765268975,0,0,58.41080765268975,0.0,0.0,0,0
482400,57.5,58.0,18.0,0.0,0.0,0.0,40.0,1.0,1.0,1.0,0.0,0.0,0.0,0.0,0.0,0.0,100.0,100.0,100.0,1000.0,1000.0,1000.0,58.41080765268975,0,0,58.41080765268975,0.0,0.0,0,0
482600,57.5,58.0,18.0,0.0,0.0,0.0,40.0,1.0,1.0,1.0,0.0,0.0,0.0,0.0,0.0,0.0,100.0,100.0,100.0,1000.0,1000.0,1000.0,58.41080765268975,0,0,58.41080765268975,0.0,0.0,0,0
482800,57.5,58.0,18.0,0.0,0.0,0.0,40.0,1.0,1.0,1.0,0.0,0.0,0.0,0.0,0.0,0.0,100.0,100.0,100.0,1000.0,1000.0,1000.0,58.41080765268975,0,0,58.41080765268975,0.0,0.0,0,0
483000,57.5,58.0,18.0,0.0,0.0,0.0,40.0,1.0,1.0,1.0,0.0,0.0,0.0,0.0,0.0,0.0,100.0,100.0,100.0,1000.0,1000.0,1000.0,58.41080765268975,0,0,58.41080765268975,0.0,0.0,0,0
483200,57.5,58.0,18.0,0.0,0.0,0.0,40.0,1.0,1.0,1.0,0.0,0.0,0.0,0.0,0.0,0.0,100.0,100.0,100.0,1000.0,1000.0,1000.0,58.41080765268975,0,0,58.41080765268975,0.0,0.0,0,0
483400,57.5,58.0,18.0,0.0,0.0,0.0,40.0,1.0,1.0,1.0,0.0,0.0,0.0,0.0,0.0,0.0,100.0,100.0,100.0,1000.0,1000.0,1000.0,58.41080765268975,0,0,58.41080765268975,0.0,0.0,0,0
483600,57.5,58.0,18.0,0.0,0.0,0.0,40.0,1.0,1.0,1.0,0.0,0.0,0.0,0.0,0.0,0.0,100.0,100.0,100.0,1000.0,1000.0,1000.0,58.41080765268975,0,0,58.41080765268975,0.0,0.0,0,0
483800,57.5,58.0,18.0,0.0,0.0,0.0,40.0,1.0,1.0,1.0,0.0,0.0,0.0,0.0,0.0,0.0,100.0,100.0,100.0,1000.0,1000.0,1000.0,58.41080765268975,0,0,58.41080765268975,0.0,0.0,0,0
484000,57.5,58.0,18.0,0.0,0.0,0.0,40.0,1.0,1.0,1.0,0.0,0.0,0.0,0.0,0.0,0.0,100.0,100.0,100.0,1000.0,1000.0,1000.0,58.41080765268975,0,0,58.41080765268975,0.0,0.0,0,0
484200,57.5,58.0,18.0,0.0,0.0,0.0,40.0,1.0,1.0,1.0,0.0,0.0,0.0,0.0,0.0,0.0,100.0,100.0,100.0,1000.0,1000.0,1000.0,58.41080765268975,0,0,58.41080765268975,0.0,0.0,0,0
484400,57.5,58.0,18.0,0.0,0.0,0.0,40.0,1.0,1.0,1.0,0.0,0.0,0.0,0.0,0.0,0.0,100.0,100.0,100.0,1000.0,1000.0,1000.0,58.41080765268975,0,0,58.41080765268975,0.0,0.0,0,0
484600,57.5,58.0,18.0,0.0,0.0,0.0,40.0,1.0,1.0,1.0,0.0,0.0,0.0,0.0,0.0,0.0,100.0,100.0,100.0,1000.0,1000.0,1000.0,58.41080765268975,0,0,58.41080765268975,0.0,0.0,0,0
484800,57.5,58.0,18.0,0.0,0.0,0.0,40.0,1.0,1.0,1.0,0.0,0.0,0.0,0.0,0.0,0.0,100.0,100.0,100.0,1000.0,1000.0,1000.0,58.41080765268975,0,0,58.41080765268975,0.0,0.0,0,0
485000,57.5,58.0,18.0,0.0,0.0,0.0,40.0,1.0,1.0,1.0,0.0,0.0,0.0,0.0,0.0,0.0,100.0,100.0,100.0,1000.0,1000.0,1000.0,58.41080765268975,0,0,58.41080765268975,0.0,0.0,0,0
485200,57.5,58.0,18.0,0.0,0.0,0.0,40.0,1.0,1.0,1.0,0.0,0.0,0.0,0.0,0.0,0.0,100.0,100.0,100.0,1000.0,1000.0,1000.0,58.41080765268975,0,0,58.41080765268975,0.0,0.0,0,0
485400,57.5,58.0,18.0,0.0,0.0,0.0,40.0,1.0,1.0,1.0,0.0,0.0,0.0,0.0,0.0,0.0,100.0,100.0,100.0,1000.0,1000.0,1000.0,58.41080765268975,0,0,58.41080765268975,0.0,0.0,0,0
485600,57.5,58.0,18.0,0.0,0.0,0.0,40.0,1.0,1.0,1.0,0.0,0.0,0.0,0.0,0.0,0.0,100.0,100.0,100.0,1000.0,1000.0,1000.0,58.41080765268975,0,0,58.41080765268975,0.0,0.0,0,0
485800,57.5,58.0,18.0,0.0,0.0,0.0,40.0,1.0,1.0,1.0,0.0,0.0,0.0,0.0,0.0,0.0,100.0,100.0,100.0,1000.0,1000.0,1000.0,58.41080765268975,0,0,58.41080765268975,0.0,0.0,0,0
486000,57.5,58.0,18.0,0.0,0.0,0.0,40.0,1.0,1.0,1.0,0.0,0.0,0.0,0.0,0.0,0.0,100.0,100.0,100.0,1000.0,1000.0,1000.0,58.41080765268975,0,0,58.41080765268975,0.0,0.0,0,0
486200,57.5,58.0,18.0,0.0,0.0,0.0,40.0,1.0,1.0,1.0,0.0,0.0,0.0,0.0,0.0,0.0,100.0,100.0,100.0,1000.0,1000.0,1000.0,58.41080765268975,0,0,58.41080765268975,0.0,0.0,0,0
486400,57.5,58.0,18.0,0.0,0.0,0.0,40.0,1.0,1.0,1.0,0.0,0.0,0.0,0.0,0.0,0.0,100.0,100.0,100.0,1000.0,1000.0,1000.0,58.41080765268975,0,0,58.41080765268975,0.0,0.0,0,0
486600,57.5,58.0,18.0,0.0,0.0,0.0,40.0,1.0,1.0,1.0,0.0,0.0,0.0,0.0,0.0,0.0,100.0,100.0,100.0,1000.0,1000.0,1000.0,58.41080765268975,0,0,58.41080765268975,0.0,0.0,0,0
486800,57.5,58.0,18.0,0.0,0.0,0.0,40.0,1.0,1.0,1.0,0.0,0.0,0.0,0.0,0.0,0.0,100.0,100.0,100.0,1000.0,1000.0,1000.0,58.41080765268975,0,0,58.41080765268975,0.0,0.0,0,0
487000,57.5,58.0,18.0,0.0,0.0,0.0,40.0,1.0,1.0,1.0,0.0,0.0,0.0,0.0,0.0,0.0,100.0,100.0,100.0,1000.0,1000.0,1000.0,58.41080765268975,0,0,58.41080765268975,0.0,0.0,0,0
487200,57.5,58.0,18.0,0.0,0.0,0.0,40.0,1.0,1.0,1.0,0.0,0.0,0.0,0.0,0.0,0.0,100.0,100.0,100.0,1000.0,1000.0,1000.0,58.41080765268975,0,0,58.41080765268975,0.0,0.0,0,0
487400,57.5,58.0,18.0,0.0,0.0,0.0,40.0,1.0,1.0,1.0,0.0,0.0,0.0,0.0,0.0,0.0,100.0,100.0,100.0,1000.0,1000.0,1000.0,58.41080765268975,0,0,58.41080765268975,0.0,0.0,0,0
487600,57.5,58.0,18.0,0.0,0.0,0.0,40.0,1.0,1.0,1.0,0.0,0.0,0.0,0.0,0.0,0.0,100.0,100.0,100.0,1000.0,1000.0,1000.0,58.41080765268975,0,0,58.41080765268975,0.0,0.0,0,0
487800,57.5,58.0,18.0,0.0,0.0,0.0,40.0,1.0,1.0,1.0,0.0,0.0,0.0,0.0,0.0,0.0,100.0,100.0,100.0,1000.0,1000.0,1000.0,58.41080765268975,0,0,58.41080765268975,0.0,0.0,0,0
488000,57.5,58.0,18.0,0.0,0.0,0.0,40.0,1.0,1.0,1.0,0.0,0.0,0.0,0.0,0.0,0.0,100.0,100.0,100.0,1000.0,1000.0,1000.0,58.41080765268975,0,0,58.41080765268975,0.0,0.0,0,0
488200,57.5,58.0,18.0,0.0,0.0,0.0,40.0,1.0,1.0,1.0,0.0,0.0,0.0,0.0,0.0,0.0,100.0,100.0,100.0,1000.0,1000.0,1000.0,58.41080765268975,0,0,58.41080765268975,0.0,0.0,0,0
488400,57.5,58.0,18.0,0.0,0.0,0.0,40.0,1.0,1.0,1.0,0.0,0.0,0.0,0.0,0.0,0.0,100.0,100.0,100.0,1000.0,1000.0,1000.0,58.41080765268975,0,0,58.41080765268975,0.0,0.0,0,0
488600,57.5,58.0,18.0,0.0,0.0,0.0,40.0,1.0,1.0,1.0,0.0,0.0,0.0,0.0,0.0,0.0,100.0,100.0,100.0,1000.0,1000.0,1000.0,58.41080765268975,0,0,58.41080765268975,0.0,0.0,0,0
488800,57.5,58.0,18.0,0.0,0.0,0.0,40.0,1.0,1.0,1.0,0.0,0.0,0.0,0.0,0.0,0.0,100.0,100.0,100.0,1000.0,1000.0,1000.0,58.41080765268975,0,0,58.41080765268975,0.0,0.0,0,0
489000,58.0,58.0,18.0,0.0,0.0,0.0,40.0,1.0,1.0,1.0,0.0,0.0,0.0,0.0,0.0,0.0,100.0,100.0,100.0,1000.0,1000.0,1000.0,58.41080765268975,0,0,58.41080765268975,0.0,0.0,0,0
489200,58.0,58.0,18.0,0.0,0.0,0.0,40.0,1.0,1.0,1.0,0.0,0.0,0.0,0.0,0.0,0.0,100.0,100.0,100.0,1000.0,1000.0,1000.0,58.41080765268975,0,0,58.41080765268975,0.0,0.0,0,0
489400,58.0,58.0,18.0,0.0,0.0,0.0,40.0,1.0,1.0,1.0,0.0,0.0,0.0,0.0,0.0,0.0,100.0,100.0,100.0,1000.0,1000.0,1000.0,58.41080765268975,0,0,58.41080765268975,0.0,0.0,0,0
489600,58.0,58.0,18.0,0.0,0.0,0.0,40.0,1.0,1.0,1.0,0.0,0.0,0.0,0.0,0.0,0.0,100.0,100.0,100.0,1000.0,1000.0,1000.0,58.41080765268975,0,0,58.41080765268975,0.0,0.0,0,0
489800,58.0,58.0,18.0,0.0,0.0,0.0,40.0,1.0,1.0,1.0,0.0,0.0,0.0,0.0,0.0,0.0,100.0,100.0,100.0,1000.0,1000.0,1000.0,58.41080765268975,0,0,58.41080765268975,0.0,0.0,0,0
490000,58.0,58.0,18.0,0.0,0.0,0.0,40.0,1.0,1.0,1.0,0.0,0.0,0.0,0.0,0.0,0.0,100.0,100.0,100.0,1000.0,1000.0,1000.0,58.41080765268975,0,0,58.41080765268975,0.0,0.0,0,0
490200,58.0,58.0,18.0,0.0,0.0,0.0,40.0,1.0,1.0,1.0,0.0,0.0,0.0,0.0,0.0,0.0,100.0,100.0,100.0,1000.0,1000.0,1000.0,58.41080765268975,0,0,58.41080765268975,0.0,0.0,0,0
490400,58.0,58.0,18.0,0.0,0.0,0.0,40.0,1.0,1.0,1.0,0.0,0.0,0.0,0.0,0.0,0.0,100.0,100.0,100.0,1000.0,1000.0,1000.0,58.41080765268975,0,0,58.41080765268975,0.0,0.0,0,0
490600,58.0,58.0,18.0,0.0,0.0,0.0,40.0,1.0,1.0,1.0,0.0,0.0,0.0,0.0,0.0,0.0,100.0,100.0,100.0,1000.0,1000.0,1000.0,58.41080765268975,0,0,58.41080765268975,0.0,0.0,0,0
490800,58.0,58.0,18.0,0.0,0.0,0.0,40.0,1.0,1.0,1.0,0.0,0.0,0.0,0.0,0.0,0.0,100.0,100.0,100.0,1000.0,1000.0,1000.0,58.41080765268975,0,0,58.41080765268975,0.0,0.0,0,0
491000,58.0,58.0,18.0,0.0,0.0,0.0,40.0,1.0,1.0,1.0,0.0,0.0,0.0,0.0,0.0,0.0,100.0,100.0,100.0,1000.0,1000.0,1000.0,58.41080765268975,0,0,58.41080765268975,0.0,0.0,0,0
491200,58.0,58.0,18.0,0.0,0.0,0.0,40.0,1.0,1.0,1.0,0.0,0.0,0.0,0.0,0.0,0.0,100.0,100.0,100.0,1000.0,1000.0,1000.0,58.41080765268975,0,0,58.41080765268975,0.0,0.0,0,0
491401,58.0,58.0,18.0,0.0,0.0,0.0,40.0,1.0,1.0,1.0,0.0,0.0,0.0,0.0,0.0,0.0,100.0,100.0,100.0,1000.0,1000.0,1000.0,58.41080765268975,0,0,58.41080765268975,0.0,0.0,0,0
491601,58.0,58.0,18.0,0.0,0.0,0.0,40.0,1.0,1.0,1.0,0.0,0.0,0.0,0.0,0.0,0.0,100.0,100.0,100.0,1000.0,1000.0,1000.0,58.41080765268975,0,0,58.41080765268975,0.0,0.0,0,0
491801,58.0,58.0,18.0,0.0,0.0,0.0,40.0,1.0,1.0,1.0,0.0,0.0,0.0,0.0,0.0,0.0,100.0,100.0,100.0,1000.0,1000.0,1000.0,58.41080765268975,0,0,58.41080765268975,0.0,0.0,0,0
492001,58.0,58.0,18.0,0.0,0.0,0.0,40.0,1.0,1.0,1.0,0.0,0.0,0.0,0.0,0.0,0.0,100.0,100.0,100.0,1000.0,1000.0,1000.0,58.41080765268975,0,0,58.41080765268975,0.0,0.0,0,0
492201,58.0,58.0,18.0,0.0,0.0,0.0,40.0,1.0,1.0,1.0,0.0,0.0,0.0,0.0,0.0,0.0,100.0,100.0,100.0,1000.0,1000.0,1000.0,58.41080765268975,0,0,58.41080765268975,0.0,0.0,0,0
492401,58.0,58.0,18.0,0.0,0.0,0.0,40.0,1.0,1.0,1.0,0.0,0.0,0.0,0.0,0.0,0.0,100.0,100.0,100.0,1000.0,1000.0,1000.0,58.41080765268975,0,0,58.41080765268975,0.0,0.0,0,0
492601,58.0,58.5,18.0,0.0,0.0,0.0,40.0,1.0,1.0,1.0,0.0,0.0,0.0,0.0,0.0,0.0,100.0,100.0,100.0,1000.0,1000.0,1000.0,58.41080765268975,0,0,58.41080765268975,0.0,0.0,0,0
492801,58.0,58.5,18.0,0.0,0.0,0.0,40.0,1.0,1.0,1.0,0.0,0.0,0.0,0.0,0.0,0.0,100.0,100.0,100.0,1000.0,1000.0,1000.0,58.41080765268975,0,0,58.41080765268975,0.0,0.0,0,0
493001,58.0,58.5,18.0,0.0,0.0,0.0,40.0,1.0,1.0,1.0,0.0,0.0,0.0,0.0,0.0,0.0,100.0,100.0,100.0,1000.0,1000.0,1000.0,58.41080765268975,0,0,58.41080765268975,0.0,0.0,0,0
493201,58.0,58.5,18.0,0.0,0.0,0.0,40.0,1.0,1.0,1.0,0.0,0.0,0.0,0.0,0.0,0.0,100.0,100.0,100.0,1000.0,1000.0,1000.0,58.41080765268975,0,0,58.41080765268975,0.0,0.0,0,0
493401,58.0,58.5,18.0,0.0,0.0,0.0,40.0,1.0,1.0,1.0,0.0,0.0,0.0,0.0,0.0,0.0,100.0,100.0,100.0,1000.0,1000.0,1000.0,58.41080765268975,0,0,58.41080765268975,0.0,0.0,0,0
493601,58.0,58.5,18.0,0.0,0.0,0.0,40.0,1.0,1.0,1.0,0.0,0.0,0.0,0.0,0.0,0.0,100.0,100.0,100.0,1000.0,1000.0,1000.0,58.41080765268975,0,0,58.41080765268975,0.0,0.0,0,0
493801,58.0,58.5,18.0,0.0,0.0,0.0,40.0,1.0,1.0,1.0,0.0,0.0,0.0,0.0,0.0,0.0,100.0,100.0,100.0,1000.0,1000.0,1000.0,58.41080765268975,0,0,58.41080765268975,0.0,0.0,0,0
494001,58.0,58.5,18.0,0.0,0.0,0.0,40.0,1.0,1.0,1.0,0.0,0.0,0.0,0.0,0.0,0.0,100.0,100.0,100.0,1000.0,1000.0,1000.0,58.41080765268975,0,0,58.41080765268975,0.0,0.0,0,0
494201,58.0,58.5,18.0,0.0,0.0,0.0,40.0,1.0,1.0,1.0,0.0,0.0,0.0,0.0,0.0,0.0,100.0,100.0,100.0,1000.0,1000.0,1000.0,58.41080765268975,0,0,58.41080765268975,0.0,0.0,0,0
494401,58.0,58.5,18.0,0.0,0.0,0.0,40.0,1.0,1.0,1.0,0.0,0.0,0.0,0.0,0.0,0.0,100.0,100.0,100.0,1000.0,1000.0,1000.0,58.41080765268975,0,0,58.41080765268975,0.0,0.0,0,0
494601,58.0,58.5,18.0,0.0,0.0,0.0,40.0,1.0,1.0,1.0,0.0,0.0,0.0,0.0,0.0,0.0,100.0,100.0,100.0,1000.0,1000.0,1000.0,58.41080765268975,0,0,58.41080765268975,0.0,0.0,0,0
494801,58.0,58.5,18.0,0.0,0.0,0.0,40.0,1.0,1.0,1.0,0.0,0.0,0.0,0.0,0.0,0.0,100.0,100.0,100.0,1000.0,1000.0,1000.0,58.41080765268975,0,0,58.41080765268975,0.0,0.0,0,0
495001,58.0,58.5,18.0,0.0,0.0,0.0,40.0,1.0,1.0,1.0,0.0,0.0,0.0,0.0,0.0,0.0,100.0,100.0,100.0,1000.0,1000.0,1000.0,58.41080765268975,0,0,58.41080765268975,0.0,0.0,0,0
495201,58.0,58.5,18.0,0.0,0.0,0.0,40.0,1.0,1.0,1.0,0.0,0.0,0.0,0.0,0.0,0.0,100.0,100.0,100.0,1000.0,1000.0,1000.0,34.90303096069695,0,0,34.90303096069695,0.0,0.0,1,0
495401,58.0,58.5,18.0,0.0,0.0,0.0,40.0,1.0,1.0,1.0,0.0,0.0,0.0,0.0,0.0,0.0,100.0,100.0,100.0,1000.0,1000.0,1000.0,34.90303096069695,0,0,34.90303096069695,0.0,0.0,0,0
495601,58.0,58.5,18.0,0.0,0.0,0.0,40.0,1.0,1.0,1.0,0.0,0.0,0.0,0.0,0.0,0.0,100.0,100.0,100.0,1000.0,1000.0,1000.0,34.90303096069695,0,0,34.90303096069695,0.0,0.0,0,0
495801,58.0,58.5,18.0,0.0,0.0,0.0,40.0,1.0,1.0,1.0,0.0,0.0,0.0,0.0,0.0,0.0,100.0,100.0,100.0,1000.0,1000.0,1000.0,34.90303096069695,0,0,34.90303096069695,0.0,0.0,0,0
496001,58.0,58.5,18.0,0.0,0.0,0.0,40.0,1.0,1.0,1.0,0.0,0.0,0.0,0.0,0.0,0.0,100.0,100.0,100.0,1000.0,1000.0,1000.0,34.90303096069695,0,0,34.90303096069695,0.0,0.0,0,0
496201,58.0,58.5,18.0,0.0,0.0,0.0,40.0,1.0,1.0,1.0,0.0,0.0,0.0,0.0,0.0,0.0,100.0,100.0,100.0,1000.0,1000.0,1000.0,34.90303096069695,0,0,34.90303096069695,0.0,0.0,0,0
496401,58.0,58.5,18.0,0.0,0.0,0.0,40.0,1.0,1.0,1.0,0.0,0.0,0.0,0.0,0.0,0.0,100.0,100.0,100.0,1000.0,1000.0,1000.0,34.90303096069695,0,0,34.90303096069695,0.0,0.0,0,0
496601,58.0,58.5,18.0,0.0,0.0,0.0,40.0,1.0,1.0,1.0,0.0,0.0,0.0,0.0,0.0,0.0,100.0,100.0,100.0,1000.0,1000.0,1000.0,34.90303096069695,0,0,34.90303096069695,0.0,0.0,0,0
496801,58.0,58.5,18.0,0.0,0.0,0.0,40.0,1.0,1.0,1.0,0.0,0.0,0.0,0.0,0.0,0.0,100.0,100.0,100.0,1000.0,1000.0,1000.0,34.90303096069695,0,0,34.90303096069695,0.0,0.0,0,0
497001,58.0,58.5,18.0,0.0,0.0,0.0,40.0,1.0,1.0,1.0,0.0,0.0,0.0,0.0,0.0,0.0,100.0,100.0,100.0,1000.0,1000.0,1000.0,34.90303096069695,0,0,34.90303096069695,0.0,0.0,0,0
497201,58.0,58.5,18.0,0.0,0.0,0.0,40.0,1.0,1.0,1.0,0.0,0.0,0.0,0.0,0.0,0.0,100.0,100.0,100.0,1000.0,1000.0,1000.0,34.90303096069695,0,0,34.90303096069695,0.0,0.0,0,0
497401,58.0,58.5,18.0,0.0,0.0,0.0,40.0,1.0,1.0,1.0,0.0,0.0,0.0,0.0,0.0,0.0,100.0,100.0,100.0,1000.0,1000.0,1000.0,34.90303096069695,0,0,34.90303096069695,0.0,0.0,0,0
497601,58.0,58.5,18.0,0.0,0.0,0.0,40.0,1.0,1.0,1.0,0.0,0.0,0.0,0.0,0.0,0.0,100.0,100.0,100.0,1000.0,1000.0,1000.0,34.90303096069695,0,0,34.90303096069695,0.0,0.0,0,0
497801,58.0,58.5,18.0,0.0,0.0,0.0,40.0,1.0,1.0,1.0,0.0,0.0,0.0,0.0,0.0,0.0,100.0,100.0,100.0,1000.0,1000.0,1000.0,34.90303096069695,0,0,34.90303096069695,0.0,0.0,0,0
498001,58.0,58.5,18.0,0.0,0.0,0.0,40.0,1.0,1.0,1.0,0.0,0.0,0.0,0.0,0.0,0.0,100.0,100.0,100.0,1000.0,1000.0,1000.0,34.90303096069695,0,0,34.90303096069695,0.0,0.0,0,0
498201,58.0,58.5,18.0,0.0,0.0,0.0,40.0,1.0,1.0,1.0,0.0,0.0,0.0,0.0,0.0,0.0,100.0,100.0,100.0,1000.0,1000.0,1000.0,34.90303096069695,0,0,34.90303096069695,0.0,0.0,0,0
498401,58.0,58.5,18.0,0.0,0.0,0.0,40.0,1.0,1.0,1.0,0.0,0.0,0.0,0.0,0.0,0.0,100.0,100.0,100.0,1000.0,1000.0,1000.0,34.90303096069695,0,0,34.90303096069695,0.0,0.0,0,0
498601,58.0,58.5,18.0,0.0,0.0,0.0,40.0,1.0,1.0,1.0,0.0,0.0,0.0,0.0,0.0,0.0,100.0,100.0,100.0,1000.0,1000.0,1000.0,34.90303096069695,0,0,34.90303096069695,0.0,0.0,0,0
498801,58.0,58.5,18.0,0.0,0.0,0.0,40.0,1.0,1.0,1.0,0.0,0.0,0.0,0.0,0.0,0.0,100.0,100.0,100.0,1000.0,1000.0,1000.0,34.90303096069695,0,0,34.90303096069695,0.0,0.0,0,0
499001,58.0,58.5,18.0,0.0,0.0,0.0,40.0,1.0,1.0,1.0,0.0,0.0,0.0,0.0,0.0,0.0,100.0,100.0,100.0,1000.0,1000.0,1000.0,34.90303096069695,0,0,34.90303096069695,0.0,0.0,0,0
499201,58.0,58.5,18.0,0.0,0.0,0.0,40.0,1.0,1.0,1.0,0.0,0.0,0.0,0.0,0.0,0.0,100.0,100.0,100.0,1000.0,1000.0,1000.0,34.90303096069695,0,0,34.90303096069695,0.0,0.0,0,0
499401,58.0,58.5,18.0,0.0,0.0,0.0,40.0,1.0,1.0,1.0,0.0,0.0,0.0,0.0,0.0,0.0,100.0,100.0,100.0,1000.0,1000.0,1000.0,34.90303096069695,0,0,34.90303096069695,0.0,0.0,0,0
499601,58.0,58.5,18.0,0.0,0.0,0.0,40.0,1.0,1.0,1.0,0.0,0.0,0.0,0.0,0.0,0.0,100.0,100.0,100.0,1000.0,1000.0,1000.0,34.90303096069695,0,0,34.90303096069695,0.0,0.0,0,0
499801,58.0,58.5,18.0,0.0,0.0,0.0,40.0,1.0,1.0,1.0,0.0,0.0,0.0,0.0,0.0,0.0,100.0,100.0,100.0,1000.0,1000.0,1000.0,34.90303096069695,0,0,34.90303096069695,0.0,0.0,0,0
500001,58.0,58.5,18.0,0.0,0.0,0.0,40.0,1.0,1.0,1.0,0.0,0.0,0.0,0.0,0.0,0.0,100.0,100.0,100.0,1000.0,1000.0,1000.0,34.90303096069695,0,0,34.90303096069695,0.0,0.0,0,0
500201,58.0,58.5,18.0,0.0,0.0,0.0,40.0,1.0,1.0,1.0,0.0,0.0,0.0,0.0,0.0,0.0,100.0,100.0,100.0,1000.0,1000.0,1000.0,34.90303096069695,0,0,34.90303096069695,0.0,0.0,0,0
500401,58.0,58.5,18.0,0.0,0.0,0.0,40.0,1.0,1.0,1.0,0.0,0.0,0.0,0.0,0.0,0.0,100.0,100.0,100.0,1000.0,1000.0,1000.0,34.90303096069695,0,0,34.90303096069695,0.0,0.0,0,0
500601,58.0,58.5,18.0,0.0,0.0,0.0,40.0,1.0,1.0,1.0,0.0,0.0,0.0,0.0,0.0,0.0,100.0,100.0,100.0,1000.0,1000.0,1000.0,34.90303096069695,0,0,34.90303096069695,0.0,0.0,0,0
500801,58.0,58.5,18.0,0.0,0.0,0.0,40.0,1.0,1.0,1.0,0.0,0.0,0.0,0.0,0.0,0.0,100.0,100.0,100.0,1000.0,1000.0,1000.0,34.90303096069695,0,0,34.90303096069695,0.0,0.0,0,0
501001,58.0,58.5,18.0,0.0,0.0,0.0,40.0,1.0,1.0,1.0,0.0,0.0,0.0,0.0,0.0,0.0,100.0,100.0,100.0,1000.0,1000.0,1000.0,34.90303096069695,0,0,34.90303096069695,0.0,0.0,0,0
501201,58.0,58.5,18.0,0.0,0.0,0.0,40.0,1.0,1.0,1.0,0.0,0.0,0.0,0.0,0.0,0.0,100.0,100.0,100.0,1000.0,1000.0,1000.0,34.90303096069695,0,0,34.90303096069695,0.0,0.0,0,0
501401,58.0,58.5,18.0,0.0,0.0,0.0,40.0,1.0,1.0,1.0,0.0,0.0,0.0,0.0,0.0,0.0,100.0,100.0,100.0,1000.0,1000.0,1000.0,34.90303096069695,0,0,34.90303096069695,0.0,0.0,0,0
501601,58.0,58.5,18.0,0.0,0.0,0.0,40.0,1.0,1.0,1.0,0.0,0.0,0.0,0.0,0.0,0.0,100.0,100.0,100.0,1000.0,1000.0,1000.0,34.90303096069695,0,0,34.90303096069695,0.0,0.0,0,0
501801,58.0,58.5,18.0,0.0,0.0,0.0,40.0,1.0,1.0,1.0,0.0,0.0,0.0,0.0,0.0,0.0,100.0,100.0,100.0,1000.0,1000.0,1000.0,34.90303096069695,0,0,34.90303096069695,0.0,0.0,0,0
502001,58.0,58.5,18.0,0.0,0.0,0.0,40.0,1.0,1.0,1.0,0.0,0.0,0.0,0.0,0.0,0.0,100.0,100.0,100.0,1000.0,1000.0,1000.0,34.90303096069695,0,0,34.90303096069695,0.0,0.0,0,0
502201,58.0,58.5,18.0,0.0,0.0,0.0,40.0,1.0,1.0,1.0,0.0,0.0,0.0,0.0,0.0,0.0,100.0,100.0,100.0,1000.0,1000.0,1000.0,34.90303096069695,0,0,34.90303096069695,0.0,0.0,0,0
502401,58.0,58.5,18.0,0.0,0.0,0.0,40.0,1.0,1.0,1.0,0.0,0.0,0.0,0.0,0.0,0.0,100.0,100.0,100.0,1000.0,1000.0,1000.0,34.90303096069695,0,0,34.90303096069695,0.0,0.0,0,0
502601,58.0,58.5,18.0,0.0,0.0,0.0,40.0,1.0,1.0,1.0,0.0,0.0,0.0,0.0,0.0,0.0,100.0,100.0,100.0,1000.0,1000.0,1000.0,34.90303096069695,0,0,34.90303096069695,0.0,0.0,0,0
502801,58.0,58.5,18.0,0.0,0.0,0.0,40.0,1.0,1.0,1.0,0.0,0.0,0.0,0.0,0.0,0.0,100.0,100.0,100.0,1000.0,1000.0,1000.0,34.90303096069695,0,0,34.90303096069695,0.0,0.0,0,0
503001,58.0,58.5,18.0,0.0,0.0,0.0,40.0,1.0,1.0,1.0,0.0,0.0,0.0,0.0,0.0,0.0,100.0,100.0,100.0,1000.0,1000.0,1000.0,34.90303096069695,0,0,34.90303096069695,0.0,0.0,0,0
503201,58.0,58.5,18.0,0.0,0.0,0.0,40.0,1.0,1.0,1.0,0.0,0.0,0.0,0.0,0.0,0.0,100.0,100.0,100.0,1000.0,1000.0,1000.0,34.90303096069695,0,0,34.90303096069695,0.0,0.0,0,0
503401,58.0,58.5,18.0,0.0,0.0,0.0,40.0,1.0,1.0,1.0,0.0,0.0,0.0,0.0,0.0,0.0,100.0,100.0,100.0,1000.0,1000.0,1000.0,34.90303096069695,0,0,34.90303096069695,0.0,0.0,0,0
503601,58.0,58.5,18.0,0.0,0.0,0.0,40.0,1.0,1.0,1.0,0.0,0.0,0.0,0.0,0.0,0.0,100.0,100.0,100.0,1000.0,1000.0,1000.0,34.90303096069695,0,0,34.90303096069695,0.0,0.0,0,0
503801,58.0,58.5,18.0,0.0,0.0,0.0,40.0,1.0,1.0,1.0,0.0,0.0,0.0,0.0,0.0,0.0,100.0,100.0,100.0,1000.0,1000.0,1000.0,34.90303096069695,0,0,34.90303096069695,0.0,0.0,0,0
504001,58.0,58.5,18.0,0.0,0.0,0.0,40.0,1.0,1.0,1.0,0.0,0.0,0.0,0.0,0.0,0.0,100.0,100.0,100.0,1000.0,1000.0,1000.0,34.90303096069695,0,0,34.90303096069695,0.0,0.0,0,0
504201,58.0,58.5,18.0,0.0,0.0,0.0,40.0,1.0,1.0,1.0,0.0,0.0,0.0,0.0,0.0,0.0,100.0,100.0,100.0,1000.0,1000.0,1000.0,34.90303096069695,0,0,34.90303096069695,0.0,0.0,0,0
504401,58.0,58.5,18.0,0.0,0.0,0.0,40.0,1.0,1.0,1.0,0.0,0.0,0.0,0.0,0.0,0.0,100.0,100.0,100.0,1000.0,1000.0,1000.0,34.90303096069695,0,0,34.90303096069695,0.0,0.0,0,0
504601,58.0,58.5,18.0,0.0,0.0,0.0,40.0,1.0,1.0,1.0,0.0,0.0,0.0,0.0,0.0,0.0,100.0,100.0,100.0,1000.0,1000.0,1000.0,34.90303096069695,0,0,34.90303096069695,0.0,0.0,0,0
504801,58.0,58.5,18.0,0.0,0.0,0.0,40.0,1.0,1.0,1.0,0.0,0.0,0.0,0.0,0.0,0.0,100.0,100.0,100.0,1000.0,1000.0,1000.0,34.90303096069695,0,0,34.90303096069695,0.0,0.0,0,0
505001,58.0,58.5,18.0,0.0,0.0,0.0,40.0,1.0,1.0,1.0,0.0,0.0,0.0,0.0,0.0,0.0,100.0,100.0,100.0,1000.0,1000.0,1000.0,34.90303096069695,0,0,34.90303096069695,0.0,0.0,0,0
505201,58.0,58.5,18.0,0.0,0.0,0.0,40.0,1.0,1.0,1.0,0.0,0.0,0.0,0.0,0.0,0.0,100.0,100.0,100.0,1000.0,1000.0,1000.0,34.90303096069695,0,0,34.90303096069695,0.0,0.0,0,0
505401,58.0,58.5,18.0,0.0,0.0,0.0,40.0,1.0,1.0,1.0,0.0,0.0,0.0,0.0,0.0,0.0,100.0,100.0,100.0,1000.0,1000.0,1000.0,34.90303096069695,0,0,34.90303096069695,0.0,0.0,0,0
505601,58.0,58.5,18.0,0.0,0.0,0.0,40.0,1.0,1.0,1.0,0.0,0.0,0.0,0.0,0.0,0.0,100.0,100.0,100.0,1000.0,1000.0,1000.0,34.90303096069695,0,0,34.90303096069695,0.0,0.0,0,0
505801,58.0,58.5,18.0,0.0,0.0,0.0,40.0,1.0,1.0,1.0,0.0,0.0,0.0,0.0,0.0,0.0,100.0,100.0,100.0,1000.0,1000.0,1000.0,34.90303096069695,0,0,34.90303096069695,0.0,0.0,0,0
506001,58.0,58.5,18.0,0.0,0.0,0.0,40.0,1.0,1.0,1.0,0.0,0.0,0.0,0.0,0.0,0.0,100.0,100.0,100.0,1000.0,1000.0,1000.0,34.90303096069695,0,0,34.90303096069695,0.0,0.0,0,0
506201,58.0,58.5,18.0,0.0,0.0,0.0,40.0,1.0,1.0,1.0,0.0,0.0,0.0,0.0,0.0,0.0,100.0,100.0,100.0,1000.0,1000.0,1000.0,34.90303096069695,0,0,34.90303096069695,0.0,0.0,0,0
506401,58.0,58.5,18.0,0.0,0.0,0.0,40.0,1.0,1.0,1.0,0.0,0.0,0.0,0.0,0.0,0.0,100.0,100.0,100.0,1000.0,1000.0,1000.0,34.90303096069695,0,0,34.90303096069695,0.0,0.0,0,0
506601,58.0,58.5,18.0,0.0,0.0,0.0,40.0,1.0,1.0,1.0,0.0,0.0,0.0,0.0,0.0,0.0,100.0,100.0,100.0,1000.0,1000.0,1000.0,34.90303096069695,0,0,34.90303096069695,0.0,0.0,0,0
506801,58.0,58.5,18.0,0.0,0.0,0.0,40.0,1.0,1.0,1.0,0.0,0.0,0.0,0.0,0.0,0.0,100.0,100.0,100.0,1000.0,1000.0,1000.0,34.90303096069695,0,0,34.90303096069695,0.0,0.0,0,0
507001,58.0,58.5,18.0,0.0,0.0,0.0,40.0,1.0,1.0,1.0,0.0,0.0,0.0,0.0,0.0,0.0,100.0,100.0,100.0,1000.0,1000.0,1000.0,34.90303096069695,0,0,34.90303096069695,0.0,0.0,0,0
507201,58.0,58.5,18.0,0.0,0.0,0.0,40.0,1.0,1.0,1.0,0.0,0.0,0.0,0.0,0.0,0.0,100.0,100.0,100.0,1000.0,1000.0,1000.0,34.90303096069695,0,0,34.90303096069695,0.0,0.0,0,0
507401,58.0,58.5,18.0,0.0,0.0,0.0,40.0,1.0,1.0,1.0,0.0,0.0,0.0,0.0,0.0,0.0,100.0,100.0,100.0,1000.0,1000.0,1000.0,34.90303096069695,0,0,34.90303096069695,0.0,0.0,0,0
507601,58.0,58.5,18.0,0.0,0.0,0.0,40.0,1.0,1.0,1.0,0.0,0.0,0.0,0.0,0.0,0.0,100.0,100.0,100.0,1000.0,1000.0,1000.0,34.90303096069695,0,0,34.90303096069695,0.0,0.0,0,0
507801,58.0,58.5,18.0,0.0,0.0,0.0,40.0,1.0,1.0,1.0,0.0,0.0,0.0,0.0,0.0,0.0,100.0,100.0,100.0,1000.0,1000.0,1000.0,34.90303096069695,0,0,34.90303096069695,0.0,0.0,0,0
508001,58.0,58.5,18.0,0.0,0.0,0.0,40.0,1.0,1.0,1.0,0.0,0.0,0.0,0.0,0.0,0.0,100.0,100.0,100.0,1000.0,1000.0,1000.0,34.90303096069695,0,0,34.90303096069695,0.0,0.0,0,0
508201,58.0,58.5,18.0,0.0,0.0,0.0,40.0,1.0,1.0,1.0,0.0,0.0,0.0,0.0,0.0,0.0,100.0,100.0,100.0,1000.0,1000.0,1000.0,34.90303096069695,0,0,34.90303096069695,0.0,0.0,0,0
508401,58.0,58.5,18.0,0.0,0.0,0.0,40.0,1.0,1.0,1.0,0.0,0.0,0.0,0.0,0.0,0.0,100.0,100.0,100.0,1000.0,1000.0,1000.0,34.90303096069695,0,0,34.90303096069695,0.0,0.0,0,0
508601,58.0,58.5,18.0,0.0,0.0,0.0,40.0,1.0,1.0,1.0,0.0,0.0,0.0,0.0,0.0,0.0,100.0,100.0,100.0,1000.0,1000.0,1000.0,34.90303096069695,0,0,34.90303096069695,0.0,0.0,0,0
508801,58.0,58.5,18.0,0.0,0.0,0.0,40.0,1.0,1.0,1.0,0.0,0.0,0.0,0.0,0.0,0.0,100.0,100.0,100.0,1000.0,1000.0,1000.0,34.90303096069695,0,0,34.90303096069695,0.0,0.0,0,0
509001,58.0,58.5,18.0,0.0,0.0,0.0,40.0,1.0,1.0,1.0,0.0,0.0,0.0,0.0,0.0,0.0,100.0,100.0,100.0,1000.0,1000.0,1000.0,34.90303096069695,0,0,34.90303096069695,0.0,0.0,0,0
509201,58.0,58.5,18.0,0.0,0.0,0.0,40.0,1.0,1.0,1.0,0.0,0.0,0.0,0.0,0.0,0.0,100.0,100.0,100.0,1000.0,1000.0,1000.0,34.90303096069695,0,0,34.90303096069695,0.0,0.0,0,0
509401,58.0,58.5,18.0,0.0,0.0,0.0,40.0,1.0,1.0,1.0,0.0,0.0,0.0,0.0,0.0,0.0,100.0,100.0,100.0,1000.0,1000.0,1000.0,34.90303096069695,0,0,34.90303096069695,0.0,0.0,0,0
509601,58.0,58.5,18.0,0.0,0.0,0.0,40.0,1.0,1.0,1.0,0.0,0.0,0.0,0.0,0.0,0.0,100.0,100.0,100.0,1000.0,1000.0,1000.0,34.90303096069695,0,0,34.90303096069695,0.0,0.0,0,0
509801,58.0,58.5,18.0,0.0,0.0,0.0,40.0,1.0,1.0,1.0,0.0,0.0,0.0,0.0,0.0,0.0,100.0,100.0,100.0,1000.0,1000.0,1000.0,34.90303096069695,0,0,34.90303096069695,0.0,0.0,0,0
510001,58.0,58.5,18.0,0.0,0.0,0.0,40.0,1.0,1.0,1.0,0.0,0.0,0.0,0.0,0.0,0.0,100.0,100.0,100.0,1000.0,1000.0,1000.0,34.90303096069695,0,0,34.90303096069695,0.0,0.0,0,0
510201,58.0,58.5,18.0,0.0,0.0,0.0,40.0,1.0,1.0,1.0,0.0,0.0,0.0,0.0,0.0,0.0,100.0,100.0,100.0,1000.0,1000.0,1000.0,52.03065394778403,0,0,52.03065394778403,0.0,0.0,1,0
510401,58.0,58.5,18.0,0.0,0.0,0.0,40.0,1.0,1.0,1.0,0.0,0.0,0.0,0.0,0.0,0.0,100.0,100.0,100.0,1000.0,1000.0,1000.0,52.03065394778403,0,0,52.03065394778403,0.0,0.0,0,0
510601,58.0,58.5,18.0,0.0,0.0,0.0,40.0,1.0,1.0,1.0,0.0,0.0,0.0,0.0,0.0,0.0,100.0,100.0,100.0,1000.0,1000.0,1000.0,52.03065394778403,0,0,52.03065394778403,0.0,0.0,0,0
510801,58.0,58.5,18.0,0.0,0.0,0.0,40.0,1.0,1.0,1.0,0.0,0.0,0.0,0.0,0.0,0.0,100.0,100.0,100.0,1000.0,1000.0,1000.0,52.03065394778403,0,0,52.03065394778403,0.0,0.0,0,0
511001,58.0,58.5,18.0,0.0,0.0,0.0,40.0,1.0,1.0,1.0,0.0,0.0,0.0,0.0,0.0,0.0,100.0,100.0,100.0,1000.0,1000.0,1000.0,52.03065394778403,0,0,52.03065394778403,0.0,0.0,0,0
511201,58.0,58.5,18.0,0.0,0.0,0.0,40.0,1.0,1.0,1.0,0.0,0.0,0.0,0.0,0.0,0.0,100.0,100.0,100.0,1000.0,1000.0,1000.0,52.03065394778403,0,0,52.03065394778403,0.0,0.0,0,0
511401,58.0,58.5,18.0,0.0,0.0,0.0,40.0,1.0,1.0,1.0,0.0,0.0,0.0,0.0,0.0,0.0,100.0,100.0,100.0,1000.0,1000.0,1000.0,52.03065394778403,0,0,52.03065394778403,0.0,0.0,0,0
511601,58.0,58.5,18.0,0.0,0.0,0.0,40.0,1.0,1.0,1.0,0.0,0.0,0.0,0.0,0.0,0.0,100.0,100.0,100.0,1000.0,1000.0,1000.0,52.03065394778403,0,0,52.03065394778403,0.0,0.0,0,0
511801,58.0,58.5,18.0,0.0,0.0,0.0,40.0,1.0,1.0,1.0,0.0,0.0,0.0,0.0,0.0,0.0,100.0,100.0,100.0,1000.0,1000.0,1000.0,52.03065394778403,0,0,52.03065394778403,0.0,0.0,0,0
512001,58.0,58.5,18.0,0.0,0.0,0.0,40.0,1.0,1.0,1.0,0.0,0.0,0.0,0.0,0.0,0.0,100.0,100.0,100.0,1000.0,1000.0,1000.0,52.03065394778403,0,0,52.03065394778403,0.0,0.0,0,0
512201,58.0,58.5,18.0,0.0,0.0,0.0,40.0,1.0,1.0,1.0,0.0,0.0,0.0,0.0,0.0,0.0,100.0,100.0,100.0,1000.0,1000.0,1000.0,52.03065394778403,0,0,52.03065394778403,0.0,0.0,0,0
512401,58.0,58.5,18.0,0.0,0.0,0.0,40.0,1.0,1.0,1.0,0.0,0.0,0.0,0.0,0.0,0.0,100.0,100.0,100.0,1000.0,1000.0,1000.0,52.03065394778403,0,0,52.03065394778403,0.0,0.0,0,0
512601,58.0,58.5,18.0,0.0,0.0,0.0,40.0,1.0,1.0,1.0,0.0,0.0,0.0,0.0,0.0,0.0,100.0,100.0,100.0,1000.0,1000.0,1000.0,52.03065394778403,0,0,52.03065394778403,0.0,0.0,0,0
512801,58.0,58.5,18.0,0.0,0.0,0.0,40.0,1.0,1.0,1.0,0.0,0.0,0.0,0.0,0.0,0.0,100.0,100.0,100.0,1000.0,1000.0,1000.0,52.03065394778403,0,0,52.03065394778403,0.0,0.0,0,0
513001,58.0,58.5,18.0,0.0,0.0,0.0,40.0,1.0,1.0,1.0,0.0,0.0,0.0,0.0,0.0,0.0,100.0,100.0,100.0,1000.0,1000.0,1000.0,52.03065394778403,0,0,52.03065394778403,0.0,0.0,0,0
513201,58.0,58.5,18.0,0.0,0.0,0.0,40.0,1.0,1.0,1.0,0.0,0.0,0.0,0.0,0.0,0.0,100.0,100.0,100.0,1000.0,1000.0,1000.0,52.03065394778403,0,0,52.03065394778403,0.0,0.0,0,0
513401,58.0,58.5,18.0,0.0,0.0,0.0,40.0,1.0,1.0,1.0,0.0,0.0,0.0,0.0,0.0,0.0,100.0,100.0,100.0,1000.0,1000.0,1000.0,52.03065394778403,0,0,52.03065394778403,0.0,0.0,0,0
513601,58.0,58.5,18.0,0.0,0.0,0.0,40.0,1.0,1.0,1.0,0.0,0.0,0.0,0.0,0.0,0.0,100.0,100.0,100.0,1000.0,1000.0,1000.0,52.03065394778403,0,0,52.03065394778403,0.0,0.0,0,0
513801,58.0,58.5,18.0,0.0,0.0,0.0,40.0,1.0,1.0,1.0,0.0,0.0,0.0,0.0,0.0,0.0,100.0,100.0,100.0,1000.0,1000.0,1000.0,52.03065394778403,0,0,52.03065394778403,0.0,0.0,0,0
514001,58.0,58.5,18.0,0.0,0.0,0.0,40.0,1.0,1.0,1.0,0.0,0.0,0.0,0.0,0.0,0.0,100.0,100.0,100.0,1000.0,1000.0,1000.0,52.03065394778403,0,0,52.03065394778403,0.0,0.0,0,0
514201,58.0,58.5,18.0,0.0,0.0,0.0,40.0,1.0,1.0,1.0,0.0,0.0,0.0,0.0,0.0,0.0,100.0,100.0,100.0,1000.0,1000.0,1000.0,52.03065394778403,0,0,52.03065394778403,0.0,0.0,0,0
514401,58.0,58.5,18.0,0.0,0.0,0.0,40.0,1.0,1.0,1.0,0.0,0.0,0.0,0.0,0.0,0.0,100.0,100.0,100.0,1000.0,1000.0,1000.0,52.03065394778403,0,0,52.03065394778403,0.0,0.0,0,0
514601,58.0,58.5,18.0,0.0,0.0,0.0,40.0,1.0,1.0,1.0,0.0,0.0,0.0,0.0,0.0,0.0,100.0,100.0,100.0,1000.0,1000.0,1000.0,52.03065394778403,0,0,52.03065394778403,0.0,0.0,0,0
514801,58.0,58.5,18.0,0.0,0.0,0.0,40.0,1.0,1.0,1.0,0.0,0.0,0.0,0.0,0.0,0.0,100.0,100.0,100.0,1000.0,1000.0,1000.0,52.03065394778403,0,0,52.03065394778403,0.0,0.0,0,0
515001,58.0,58.5,18.0,0.0,0.0,0.0,40.0,1.0,1.0,1.0,0.0,0.0,0.0,0.0,0.0,0.0,100.0,100.0,100.0,1000.0,1000.0,1000.0,52.03065394778403,0,0,52.03065394778403,0.0,0.0,0,0
515201,58.0,58.5,18.0,0.0,0.0,0.0,40.0,1.0,1.0,1.0,0.0,0.0,0.0,0.0,0.0,0.0,100.0,100.0,100.0,1000.0,1000.0,1000.0,52.03065394778403,0,0,52.03065394778403,0.0,0.0,0,0
515401,58.0,58.5,18.0,0.0,0.0,0.0,40.0,1.0,1.0,1.0,0.0,0.0,0.0,0.0,0.0,0.0,100.0,100.0,100.0,1000.0,1000.0,1000.0,52.03065394778403,0,0,52.03065394778403,0.0,0.0,0,0
515601,58.0,58.5,18.0,0.0,0.0,0.0,40.0,1.0,1.0,1.0,0.0,0.0,0.0,0.0,0.0,0.0,100.0,100.0,100.0,1000.0,1000.0,1000.0,52.03065394778403,0,0,52.03065394778403,0.0,0.0,0,0
515801,58.0,58.5,18.0,0.0,0.0,0.0,40.0,1.0,1.0,1.0,0.0,0.0,0.0,0.0,0.0,0.0,100.0,100.0,100.0,1000.0,1000.0,1000.0,52.03065394778403,0,0,52.03065394778403,0.0,0.0,0,0
516001,58.0,58.5,18.0,0.0,0.0,0.0,40.0,1.0,1.0,1.0,0.0,0.0,0.0,0.0,0.0,0.0,100.0,100.0,100.0,1000.0,1000.0,1000.0,52.03065394778403,0,0,52.03065394778403,0.0,0.0,0,0
516201,58.0,58.5,18.0,0.0,0.0,0.0,40.0,1.0,1.0,1.0,0.0,0.0,0.0,0.0,0.0,0.0,100.0,100.0,100.0,1000.0,1000.0,1000.0,52.03065394778403,0,0,52.03065394778403,0.0,0.0,0,0
516401,58.0,58.5,18.0,0.0,0.0,0.0,40.0,1.0,1.0,1.0,0.0,0.0,0.0,0.0,0.0,0.0,100.0,100.0,100.0,1000.0,1000.0,1000.0,52.03065394778403,0,0,52.03065394778403,0.0,0.0,0,0
516601,58.0,58.5,18.0,0.0,0.0,0.0,40.0,1.0,1.0,1.0,0.0,0.0,0.0,0.0,0.0,0.0,100.0,100.0,100.0,1000.0,1000.0,1000.0,52.03065394778403,0,0,52.03065394778403,0.0,0.0,0,0
516801,58.0,58.5,18.0,0.0,0.0,0.0,40.0,1.0,1.0,1.0,0.0,0.0,0.0,0.0,0.0,0.0,100.0,100.0,100.0,1000.0,1000.0,1000.0,52.03065394778403,0,0,52.03065394778403,0.0,0.0,0,0
517001,58.0,58.5,18.0,0.0,0.0,0.0,40.0,1.0,1.0,1.0,0.0,0.0,0.0,0.0,0.0,0.0,100.0,100.0,100.0,1000.0,1000.0,1000.0,52.03065394778403,0,0,52.03065394778403,0.0,0.0,0,0
517201,58.0,58.5,18.0,0.0,0.0,0.0,40.0,1.0,1.0,1.0,0.0,0.0,0.0,0.0,0.0,0.0,100.0,100.0,100.0,1000.0,1000.0,1000.0,52.03065394778403,0,0,52.03065394778403,0.0,0.0,0,0
517401,58.0,58.5,18.0,0.0,0.0,0.0,40.0,1.0,1.0,1.0,0.0,0.0,0.0,0.0,0.0,0.0,100.0,100.0,100.0,1000.0,1000.0,1000.0,52.03065394778403,0,0,52.03065394778403,0.0,0.0,0,0
517601,58.0,58.5,18.0,0.0,0.0,0.0,40.0,1.0,1.0,1.0,0.0,0.0,0.0,0.0,0.0,0.0,100.0,100.0,100.0,1000.0,1000.0,1000.0,52.03065394778403,0,0,52.03065394778403,0.0,0.0,0,0
517801,58.0,58.5,18.0,0.0,0.0,0.0,40.0,1.0,1.0,1.0,0.0,0.0,0.0,0.0,0.0,0.0,100.0,100.0,100.0,1000.0,1000.0,1000.0,52.03065394778403,0,0,52.03065394778403,0.0,0.0,0,0
518001,58.0,58.5,18.0,0.0,0.0,0.0,40.0,1.0,1.0,1.0,0.0,0.0,0.0,0.0,0.0,0.0,100.0,100.0,100.0,1000.0,1000.0,1000.0,52.03065394778403,0,0,52.03065394778403,0.0,0.0,0,0
518201,58.0,58.5,18.0,0.0,0.0,0.0,40.0,1.0,1.0,1.0,0.0,0.0,0.0,0.0,0.0,0.0,100.0,100.0,100.0,1000.0,1000.0,1000.0,52.03065394778403,0,0,52.03065394778403,0.0,0.0,0,0
518401,58.0,58.5,18.0,0.0,0.0,0.0,40.0,1.0,1.0,1.0,0.0,0.0,0.0,0.0,0.0,0.0,100.0,100.0,100.0,1000.0,1000.0,1000.0,52.03065394778403,0,0,52.03065394778403,0.0,0.0,0,0
518601,58.0,58.5,18.0,0.0,0.0,0.0,40.0,1.0,1.0,1.0,0.0,0.0,0.0,0.0,0.0,0.0,100.0,100.0,100.0,1000.0,1000.0,1000.0,52.03065394778403,0,0,52.03065394778403,0.0,0.0,0,0
518801,58.0,58.5,18.0,0.0,0.0,0.0,40.0,1.0,1.0,1.0,0.0,0.0,0.0,0.0,0.0,0.0,100.0,100.0,100.0,1000.0,1000.0,1000.0,52.03065394778403,0,0,52.03065394778403,0.0,0.0,0,0
519001,58.0,58.5,18.0,0.0,0.0,0.0,40.0,1.0,1.0,1.0,0.0,0.0,0.0,0.0,0.0,0.0,100.0,100.0,100.0,1000.0,1000.0,1000.0,52.03065394778403,0,0,52.03065394778403,0.0,0.0,0,0
519201,58.0,58.5,18.0,0.0,0.0,0.0,40.0,1.0,1.0,1.0,0.0,0.0,0.0,0.0,0.0,0.0,100.0,100.0,100.0,1000.0,1000.0,1000.0,52.03065394778403,0,0,52.03065394778403,0.0,0.0,0,0
519401,58.0,58.5,18.0,0.0,0.0,0.0,40.0,1.0,1.0,1.0,0.0,0.0,0.0,0.0,0.0,0.0,100.0,100.0,100.0,1000.0,1000.0,1000.0,52.03065394778403,0,0,52.03065394778403,0.0,0.0,0,0
519601,58.0,58.5,18.0,0.0,0.0,0.0,40.0,1.0,1.0,1.0,0.0,0.0,0.0,0.0,0.0,0.0,100.0,100.0,100.0,1000.0,1000.0,1000.0,52.03065394778403,0,0,52.03065394778403,0.0,0.0,0,0
519801,58.0,58.5,18.0,0.0,0.0,0.0,40.0,1.0,1.0,1.0,0.0,0.0,0.0,0.0,0.0,0.0,100.0,100.0,100.0,1000.0,1000.0,1000.0,52.03065394778403,0,0,52.03065394778403,0.0,0.0,0,0
520001,58.0,58.5,18.0,0.0,0.0,0.0,40.0,1.0,1.0,1.0,0.0,0.0,0.0,0.0,0.0,0.0,100.0,100.0,100.0,1000.0,1000.0,1000.0,52.03065394778403,0,0,52.03065394778403,0.0,0.0,0,0
520201,58.0,58.5,18.0,0.0,0.0,0.0,40.0,1.0,1.0,1.0,0.0,0.0,0.0,0.0,0.0,0.0,100.0,100.0,100.0,1000.0,1000.0,1000.0,52.03065394778403,0,0,52.03065394778403,0.0,0.0,0,0
520401,58.0,58.5,18.0,0.0,0.0,0.0,40.0,1.0,1.0,1.0,0.0,0.0,0.0,0.0,0.0,0.0,100.0,100.0,100.0,1000.0,1000.0,1000.0,52.03065394778403,0,0,52.03065394778403,0.0,0.0,0,0
520601,58.0,58.5,18.0,0.0,0.0,0.0,40.0,1.0,1.0,1.0,0.0,0.0,0.0,0.0,0.0,0.0,100.0,100.0,100.0,1000.0,1000.0,1000.0,52.03065394778403,0,0,52.03065394778403,0.0,0.0,0,0
520801,58.0,58.5,18.0,0.0,0.0,0.0,40.0,1.0,1.0,1.0,0.0,0.0,0.0,0.0,0.0,0.0,100.0,100.0,100.0,1000.0,1000.0,1000.0,52.03065394778403,0,0,52.03065394778403,0.0,0.0,0,0
521001,58.0,58.5,18.0,0.0,0.0,0.0,40.0,1.0,1.0,1.0,0.0,0.0,0.0,0.0,0.0,0.0,100.0,100.0,100.0,1000.0,1000.0,1000.0,52.03065394778403,0,0,52.03065394778403,0.0,0.0,0,0
521201,58.0,58.5,18.0,0.0,0.0,0.0,40.0,1.0,1.0,1.0,0.0,0.0,0.0,0.0,0.0,0.0,100.0,100.0,100.0,1000.0,1000.0,1000.0,52.03065394778403,0,0,52.03065394778403,0.0,0.0,0,0
521401,58.0,58.5,18.0,0.0,0.0,0.0,40.0,1.0,1.0,1.0,0.0,0.0,0.0,0.0,0.0,0.0,100.0,100.0,100.0,1000.0,1000.0,1000.0,52.03065394778403,0,0,52.03065394778403,0.0,0.0,0,0
521601,58.0,58.5,18.0,0.0,0.0,0.0,40.0,1.0,1.0,1.0,0.0,0.0,0.0,0.0,0.0,0.0,100.0,100.0,100.0,1000.0,1000.0,1000.0,52.03065394778403,0,0,52.03065394778403,0.0,0.0,0,0
521801,58.0,58.5,18.0,0.0,0.0,0.0,40.0,1.0,1.0,1.0,0.0,0.0,0.0,0.0,0.0,0.0,100.0,100.0,100.0,1000.0,1000.0,1000.0,52.03065394778403,0,0,52.03065394778403,0.0,0.0,0,0
522001,58.0,58.5,18.0,0.0,0.0,0.0,40.0,1.0,1.0,1.0,0.0,0.0,0.0,0.0,0.0,0.0,100.0,100.0,100.0,1000.0,1000.0,1000.0,52.03065394778403,0,0,52.03065394778403,0.0,0.0,0,0
522201,58.0,58.5,18.0,0.0,0.0,0.0,40.0,1.0,1.0,1.0,0.0,0.0,0.0,0.0,0.0,0.0,100.0,100.0,100.0,1000.0,1000.0,1000.0,52.03065394778403,0,0,52.03065394778403,0.0,0.0,0,0
522401,58.0,58.5,18.0,0.0,0.0,0.0,40.0,1.0,1.0,1.0,0.0,0.0,0.0,0.0,0.0,0.0,100.0,100.0,100.0,1000.0,1000.0,1000.0,52.03065394778403,0,0,52.03065394778403,0.0,0.0,0,0
522601,58.0,58.5,18.0,0.0,0.0,0.0,40.0,1.0,1.0,1.0,0.0,0.0,0.0,0.0,0.0,0.0,100.0,100.0,100.0,1000.0,1000.0,1000.0,52.03065394778403,0,0,52.03065394778403,0.0,0.0,0,0
522801,58.0,58.5,18.0,0.0,0.0,0.0,40.0,1.0,1.0,1.0,0.0,0.0,0.0,0.0,0.0,0.0,100.0,100.0,100.0,1000.0,1000.0,1000.0,52.03065394778403,0,0,52.03065394778403,0.0,0.0,0,0
523001,58.0,58.5,18.0,0.0,0.0,0.0,40.0,1.0,1.0,1.0,0.0,0.0,0.0,0.0,0.0,0.0,100.0,100.0,100.0,1000.0,1000.0,1000.0,52.03065394778403,0,0,52.03065394778403,0.0,0.0,0,0
523201,58.0,58.5,18.0,0.0,0.0,0.0,40.0,1.0,1.0,1.0,0.0,0.0,0.0,0.0,0.0,0.0,100.0,100.0,100.0,1000.0,1000.0,1000.0,52.03065394778403,0,0,52.03065394778403,0.0,0.0,0,0
523401,58.0,58.5,18.0,0.0,0.0,0.0,40.0,1.0,1.0,1.0,0.0,0.0,0.0,0.0,0.0,0.0,100.0,100.0,100.0,1000.0,1000.0,1000.0,52.03065394778403,0,0,52.03065394778403,0.0,0.0,0,0
523601,58.0,58.5,18.0,0.0,0.0,0.0,40.0,1.0,1.0,1.0,0.0,0.0,0.0,0.0,0.0,0.0,100.0,100.0,100.0,1000.0,1000.0,1000.0,52.03065394778403,0,0,52.03065394778403,0.0,0.0,0,0
523801,58.0,58.5,18.0,0.0,0.0,0.0,40.0,1.0,1.0,1.0,0.0,0.0,0.0,0.0,0.0,0.0,100.0,100.0,100.0,1000.0,1000.0,1000.0,52.03065394778403,0,0,52.03065394778403,0.0,0.0,0,0
524001,58.0,58.5,18.0,0.0,0.0,0.0,40.0,1.0,1.0,1.0,0.0,0.0,0.0,0.0,0.0,0.0,100.0,100.0,100.0,1000.0,1000.0,1000.0,52.03065394778403,0,0,52.03065394778403,0.0,0.0,0,0
524201,58.0,58.5,18.0,0.0,0.0,0.0,40.0,1.0,1.0,1.0,0.0,0.0,0.0,0.0,0.0,0.0,100.0,100.0,100.0,1000.0,1000.0,1000.0,52.03065394778403,0,0,52.03065394778403,0.0,0.0,0,0
524401,58.0,58.5,18.0,0.0,0.0,0.0,40.0,1.0,1.0,1.0,0.0,0.0,0.0,0.0,0.0,0.0,100.0,100.0,100.0,1000.0,1000.0,1000.0,52.03065394778403,0,0,52.03065394778403,0.0,0.0,0,0
524601,58.0,58.5,18.0,0.0,0.0,0.0,40.0,1.0,1.0,1.0,0.0,0.0,0.0,0.0,0.0,0.0,100.0,100.0,100.0,1000.0,1000.0,1000.0,52.03065394778403,0,0,52.03065394778403,0.0,0.0,0,0
524801,58.0,58.5,18.0,0.0,0.0,0.0,40.0,1.0,1.0,1.0,0.0,0.0,0.0,0.0,0.0,0.0,100.0,100.0,100.0,1000.0,1000.0,1000.0,52.03065394778403,0,0,52.03065394778403,0.0,0.0,0,0
525001,58.0,58.5,18.0,0.0,0.0,0.0,40.0,1.0,1.0,1.0,0.0,0.0,0.0,0.0,0.0,0.0,100.0,100.0,100.0,1000.0,1000.0,1000.0,52.03065394778403,0,0,52.03065394778403,0.0,0.0,0,0
525201,58.0,58.5,18.0,0.0,0.0,0.0,40.0,1.0,1.0,1.0,0.0,0.0,0.0,0.0,0.0,0.0,100.0,100.0,100.0,1000.0,1000.0,1000.0,34.948643804870315,0,0,34.948643804870315,0.0,0.0,1,0
525401,58.0,58.5,18.0,0.0,0.0,0.0,40.0,1.0,1.0,1.0,0.0,0.0,0.0,0.0,0.0,0.0,100.0,100.0,100.0,1000.0,1000.0,1000.0,34.948643804870315,0,0,34.948643804870315,0.0,0.0,0,0
525601,58.0,58.5,18.0,0.0,0.0,0.0,40.0,1.0,1.0,1.0,0.0,0.0,0.0,0.0,0.0,0.0,100.0,100.0,100.0,1000.0,1000.0,1000.0,34.948643804870315,0,0,34.948643804870315,0.0,0.0,0,0
525801,58.0,58.5,18.0,0.0,0.0,0.0,40.0,1.0,1.0,1.0,0.0,0.0,0.0,0.0,0.0,0.0,100.0,100.0,100.0,1000.0,1000.0,1000.0,34.948643804870315,0,0,34.948643804870315,0.0,0.0,0,0
526001,58.0,58.5,18.0,0.0,0.0,0.0,40.0,1.0,1.0,1.0,0.0,0.0,0.0,0.0,0.0,0.0,100.0,100.0,100.0,1000.0,1000.0,1000.0,34.948643804870315,0,0,34.948643804870315,0.0,0.0,0,0
526201,58.0,58.5,18.0,0.0,0.0,0.0,40.0,1.0,1.0,1.0,0.0,0.0,0.0,0.0,0.0,0.0,100.0,100.0,100.0,1000.0,1000.0,1000.0,34.948643804870315,0,0,34.948643804870315,0.0,0.0,0,0
526401,58.0,58.5,18.0,0.0,0.0,0.0,40.0,1.0,1.0,1.0,0.0,0.0,0.0,0.0,0.0,0.0,100.0,100.0,100.0,1000.0,1000.0,1000.0,34.948643804870315,0,0,34.948643804870315,0.0,0.0,0,0
526601,58.0,58.5,18.0,0.0,0.0,0.0,40.0,1.0,1.0,1.0,0.0,0.0,0.0,0.0,0.0,0.0,100.0,100.0,100.0,1000.0,1000.0,1000.0,34.948643804870315,0,0,34.948643804870315,0.0,0.0,0,0
526801,58.0,58.5,18.0,0.0,0.0,0.0,40.0,1.0,1.0,1.0,0.0,0.0,0.0,0.0,0.0,0.0,100.0,100.0,100.0,1000.0,1000.0,1000.0,34.948643804870315,0,0,34.948643804870315,0.0,0.0,0,0
527001,58.0,58.5,18.0,0.0,0.0,0.0,40.0,1.0,1.0,1.0,0.0,0.0,0.0,0.0,0.0,0.0,100.0,100.0,100.0,1000.0,1000.0,1000.0,34.948643804870315,0,0,34.948643804870315,0.0,0.0,0,0
527201,58.0,58.5,18.0,0.0,0.0,0.0,40.0,1.0,1.0,1.0,0.0,0.0,0.0,0.0,0.0,0.0,100.0,100.0,100.0,1000.0,1000.0,1000.0,34.948643804870315,0,0,34.948643804870315,0.0,0.0,0,0
527401,58.0,58.5,18.0,0.0,0.0,0.0,40.0,1.0,1.0,1.0,0.0,0.0,0.0,0.0,0.0,0.0,100.0,100.0,100.0,1000.0,1000.0,1000.0,34.948643804870315,0,0,34.948643804870315,0.0,0.0,0,0
527601,58.0,58.5,18.0,0.0,0.0,0.0,40.0,1.0,1.0,1.0,0.0,0.0,0.0,0.0,0.0,0.0,100.0,100.0,100.0,1000.0,1000.0,1000.0,34.948643804870315,0,0,34.948643804870315,0.0,0.0,0,0
527801,58.0,58.5,18.0,0.0,0.0,0.0,40.0,1.0,1.0,1.0,0.0,0.0,0.0,0.0,0.0,0.0,100.0,100.0,100.0,1000.0,1000.0,1000.0,34.948643804870315,0,0,34.948643804870315,0.0,0.0,0,0
528001,58.0,58.5,18.0,0.0,0.0,0.0,40.0,1.0,1.0,1.0,0.0,0.0,0.0,0.0,0.0,0.0,100.0,100.0,100.0,1000.0,1000.0,1000.0,34.948643804870315,0,0,34.948643804870315,0.0,0.0,0,0
528201,58.0,58.5,18.0,0.0,0.0,0.0,40.0,1.0,1.0,1.0,0.0,0.0,0.0,0.0,0.0,0.0,100.0,100.0,100.0,1000.0,1000.0,1000.0,34.948643804870315,0,0,34.948643804870315,0.0,0.0,0,0
528401,58.0,58.5,18.0,0.0,0.0,0.0,40.0,1.0,1.0,1.0,0.0,0.0,0.0,0.0,0.0,0.0,100.0,100.0,100.0,1000.0,1000.0,1000.0,34.948643804870315,0,0,34.948643804870315,0.0,0.0,0,0
528601,58.0,58.5,18.0,0.0,0.0,0.0,40.0,1.0,1.0,1.0,0.0,0.0,0.0,0.0,0.0,0.0,100.0,100.0,100.0,1000.0,1000.0,1000.0,34.948643804870315,0,0,34.948643804870315,0.0,0.0,0,0
528801,58.0,58.5,18.0,0.0,0.0,0.0,40.0,1.0,1.0,1.0,0.0,0.0,0.0,0.0,0.0,0.0,100.0,100.0,100.0,1000.0,1000.0,1000.0,34.948643804870315,0,0,34.948643804870315,0.0,0.0,0,0
529001,58.0,58.5,18.0,0.0,0.0,0.0,40.0,1.0,1.0,1.0,0.0,0.0,0.0,0.0,0.0,0.0,100.0,100.0,100.0,1000.0,1000.0,1000.0,34.948643804870315,0,0,34.948643804870315,0.0,0.0,0,0
529201,58.0,58.5,18.0,0.0,0.0,0.0,40.0,1.0,1.0,1.0,0.0,0.0,0.0,0.0,0.0,0.0,100.0,100.0,100.0,1000.0,1000.0,1000.0,34.948643804870315,0,0,34.948643804870315,0.0,0.0,0,0
529401,58.0,58.5,18.0,0.0,0.0,0.0,40.0,1.0,1.0,1.0,0.0,0.0,0.0,0.0,0.0,0.0,100.0,100.0,100.0,1000.0,1000.0,1000.0,34.948643804870315,0,0,34.948643804870315,0.0,0.0,0,0
529601,58.0,58.5,18.0,0.0,0.0,0.0,40.0,1.0,1.0,1.0,0.0,0.0,0.0,0.0,0.0,0.0,100.0,100.0,100.0,1000.0,1000.0,1000.0,34.948643804870315,0,0,34.948643804870315,0.0,0.0,0,0
529801,58.0,58.5,18.0,0.0,0.0,0.0,40.0,1.0,1.0,1.0,0.0,0.0,0.0,0.0,0.0,0.0,100.0,100.0,100.0,1000.0,1000.0,1000.0,34.948643804870315,0,0,34.948643804870315,0.0,0.0,0,0
530001,58.0,58.5,18.0,0.0,0.0,0.0,40.0,1.0,1.0,1.0,0.0,0.0,0.0,0.0,0.0,0.0,100.0,100.0,100.0,1000.0,1000.0,1000.0,34.948643804870315,0,0,34.948643804870315,0.0,0.0,0,0
530201,58.0,58.5,18.0,0.0,0.0,0.0,40.0,1.0,1.0,1.0,0.0,0.0,0.0,0.0,0.0,0.0,100.0,100.0,100.0,1000.0,1000.0,1000.0,34.948643804870315,0,0,34.948643804870315,0.0,0.0,0,0
530401,58.0,58.5,18.0,0.0,0.0,0.0,40.0,1.0,1.0,1.0,0.0,0.0,0.0,0.0,0.0,0.0,100.0,100.0,100.0,1000.0,1000.0,1000.0,34.948643804870315,0,0,34.948643804870315,0.0,0.0,0,0
530601,58.0,58.5,18.0,0.0,0.0,0.0,40.0,1.0,1.0,1.0,0.0,0.0,0.0,0.0,0.0,0.0,100.0,100.0,100.0,1000.0,1000.0,1000.0,34.948643804870315,0,0,34.948643804870315,0.0,0.0,0,0
530801,58.0,58.5,18.0,0.0,0.0,0.0,40.0,1.0,1.0,1.0,0.0,0.0,0.0,0.0,0.0,0.0,100.0,100.0,100.0,1000.0,1000.0,1000.0,34.948643804870315,0,0,34.948643804870315,0.0,0.0,0,0
531001,58.0,58.5,18.0,0.0,0.0,0.0,40.0,1.0,1.0,1.0,0.0,0.0,0.0,0.0,0.0,0.0,100.0,100.0,100.0,1000.0,1000.0,1000.0,34.948643804870315,0,0,34.948643804870315,0.0,0.0,0,0
531201,58.0,58.5,18.0,0.0,0.0,0.0,40.0,1.0,1.0,1.0,0.0,0.0,0.0,0.0,0.0,0.0,100.0,100.0,100.0,1000.0,1000.0,1000.0,34.948643804870315,0,0,34.948643804870315,0.0,0.0,0,0
531401,58.0,58.5,18.0,0.0,0.0,0.0,40.0,1.0,1.0,1.0,0.0,0.0,0.0,0.0,0.0,0.0,100.0,100.0,100.0,1000.0,1000.0,1000.0,34.948643804870315,0,0,34.948643804870315,0.0,0.0,0,0
531601,58.0,58.5,18.0,0.0,0.0,0.0,40.0,1.0,1.0,1.0,0.0,0.0,0.0,0.0,0.0,0.0,100.0,100.0,100.0,1000.0,1000.0,1000.0,34.948643804870315,0,0,34.948643804870315,0.0,0.0,0,0
531801,58.0,58.5,18.0,0.0,0.0,0.0,40.0,1.0,1.0,1.0,0.0,0.0,0.0,0.0,0.0,0.0,100.0,100.0,100.0,1000.0,1000.0,1000.0,34.948643804870315,0,0,34.948643804870315,0.0,0.0,0,0
532001,58.0,58.5,18.0,0.0,0.0,0.0,40.0,1.0,1.0,1.0,0.0,0.0,0.0,0.0,0.0,0.0,100.0,100.0,100.0,1000.0,1000.0,1000.0,34.948643804870315,0,0,34.948643804870315,0.0,0.0,0,0
532201,58.0,58.5,18.0,0.0,0.0,0.0,40.0,1.0,1.0,1.0,0.0,0.0,0.0,0.0,0.0,0.0,100.0,100.0,100.0,1000.0,1000.0,1000.0,34.948643804870315,0,0,34.948643804870315,0.0,0.0,0,0
532401,58.0,58.5,18.0,0.0,0.0,0.0,40.0,1.0,1.0,1.0,0.0,0.0,0.0,0.0,0.0,0.0,100.0,100.0,100.0,1000.0,1000.0,1000.0,34.948643804870315,0,0,34.948643804870315,0.0,0.0,0,0
532601,58.0,58.5,18.0,0.0,0.0,0.0,40.0,1.0,1.0,1.0,0.0,0.0,0.0,0.0,0.0,0.0,100.0,100.0,100.0,1000.0,1000.0,1000.0,34.948643804870315,0,0,34.948643804870315,0.0,0.0,0,0
532801,58.0,58.5,18.0,0.0,0.0,0.0,40.0,1.0,1.0,1.0,0.0,0.0,0.0,0.0,0.0,0.0,100.0,100.0,100.0,1000.0,1000.0,1000.0,34.948643804870315,0,0,34.948643804870315,0.0,0.0,0,0
533001,58.0,58.5,18.0,0.0,0.0,0.0,40.0,1.0,1.0,1.0,0.0,0.0,0.0,0.0,0.0,0.0,100.0,100.0,100.0,1000.0,1000.0,1000.0,34.948643804870315,0,0,34.948643804870315,0.0,0.0,0,0
533201,58.0,58.5,18.0,0.0,0.0,0.0,40.0,1.0,1.0,1.0,0.0,0.0,0.0,0.0,0.0,0.0,100.0,100.0,100.0,1000.0,1000.0,1000.0,34.948643804870315,0,0,34.948643804870315,0.0,0.0,0,0
533401,58.0,58.5,18.0,0.0,0.0,0.0,40.0,1.0,1.0,1.0,0.0,0.0,0.0,0.0,0.0,0.0,100.0,100.0,100.0,1000.0,1000.0,1000.0,34.948643804870315,0,0,34.948643804870315,0.0,0.0,0,0
533601,58.0,58.5,18.0,0.0,0.0,0.0,40.0,1.0,1.0,1.0,0.0,0.0,0.0,0.0,0.0,0.0,100.0,100.0,100.0,1000.0,1000.0,1000.0,34.948643804870315,0,0,34.948643804870315,0.0,0.0,0,0
533801,58.0,58.5,18.0,0.0,0.0,0.0,40.0,1.0,1.0,1.0,0.0,0.0,0.0,0.0,0.0,0.0,100.0,100.0,100.0,1000.0,1000.0,1000.0,34.948643804870315,0,0,34.948643804870315,0.0,0.0,0,0
534001,58.0,58.5,18.0,0.0,0.0,0.0,40.0,1.0,1.0,1.0,0.0,0.0,0.0,0.0,0.0,0.0,100.0,100.0,100.0,1000.0,1000.0,1000.0,34.948643804870315,0,0,34.948643804870315,0.0,0.0,0,0
534201,58.0,58.5,18.0,0.0,0.0,0.0,40.0,1.0,1.0,1.0,0.0,0.0,0.0,0.0,0.0,0.0,100.0,100.0,100.0,1000.0,1000.0,1000.0,34.948643804870315,0,0,34.948643804870315,0.0,0.0,0,0
534401,58.0,58.5,18.0,0.0,0.0,0.0,40.0,1.0,1.0,1.0,0.0,0.0,0.0,0.0,0.0,0.0,100.0,100.0,100.0,1000.0,1000.0,1000.0,34.948643804870315,0,0,34.948643804870315,0.0,0.0,0,0
534601,58.0,58.5,18.0,0.0,0.0,0.0,40.0,1.0,1.0,1.0,0.0,0.0,0.0,0.0,0.0,0.0,100.0,100.0,100.0,1000.0,1000.0,1000.0,34.948643804870315,0,0,34.948643804870315,0.0,0.0,0,0
534801,58.0,58.5,18.0,0.0,0.0,0.0,40.0,1.0,1.0,1.0,0.0,0.0,0.0,0.0,0.0,0.0,100.0,100.0,100.0,1000.0,1000.0,1000.0,34.948643804870315,0,0,34.948643804870315,0.0,0.0,0,0
535001,58.0,58.5,18.0,0.0,0.0,0.0,40.0,1.0,1.0,1.0,0.0,0.0,0.0,0.0,0.0,0.0,100.0,100.0,100.0,1000.0,1000.0,1000.0,34.948643804870315,0,0,34.948643804870315,0.0,0.0,0,0
535201,58.0,58.5,18.0,0.0,0.0,0.0,40.0,1.0,1.0,1.0,0.0,0.0,0.0,0.0,0.0,0.0,100.0,100.0,100.0,1000.0,1000.0,1000.0,34.948643804870315,0,0,34.948643804870315,0.0,0.0,0,0
535401,58.0,58.5,18.0,0.0,0.0,0.0,40.0,1.0,1.0,1.0,0.0,0.0,0.0,0.0,0.0,0.0,100.0,100.0,100.0,1000.0,1000.0,1000.0,34.948643804870315,0,0,34.948643804870315,0.0,0.0,0,0
535601,58.0,58.5,18.0,0.0,0.0,0.0,40.0,1.0,1.0,1.0,0.0,0.0,0.0,0.0,0.0,0.0,100.0,100.0,100.0,1000.0,1000.0,1000.0,34.948643804870315,0,0,34.948643804870315,0.0,0.0,0,0
535801,58.0,58.5,18.0,0.0,0.0,0.0,40.0,1.0,1.0,1.0,0.0,0.0,0.0,0.0,0.0,0.0,100.0,100.0,100.0,1000.0,1000.0,1000.0,34.948643804870315,0,0,34.948643804870315,0.0,0.0,0,0
536001,58.0,58.5,18.0,0.0,0.0,0.0,40.0,1.0,1.0,1.0,0.0,0.0,0.0,0.0,0.0,0.0,100.0,100.0,100.0,1000.0,1000.0,1000.0,34.948643804870315,0,0,34.948643804870315,0.0,0.0,0,0
536201,58.0,58.5,18.0,0.0,0.0,0.0,40.0,1.0,1.0,1.0,0.0,0.0,0.0,0.0,0.0,0.0,100.0,100.0,100.0,1000.0,1000.0,1000.0,34.948643804870315,0,0,34.948643804870315,0.0,0.0,0,0
536401,58.0,58.5,18.0,0.0,0.0,0.0,40.0,1.0,1.0,1.0,0.0,0.0,0.0,0.0,0.0,0.0,100.0,100.0,100.0,1000.0,1000.0,1000.0,34.948643804870315,0,0,34.948643804870315,0.0,0.0,0,0
536601,58.0,58.5,18.0,0.0,0.0,0.0,40.0,1.0,1.0,1.0,0.0,0.0,0.0,0.0,0.0,0.0,100.0,100.0,100.0,1000.0,1000.0,1000.0,34.948643804870315,0,0,34.948643804870315,0.0,0.0,0,0
536801,58.0,58.5,18.0,0.0,0.0,0.0,40.0,1.0,1.0,1.0,0.0,0.0,0.0,0.0,0.0,0.0,100.0,100.0,100.0,1000.0,1000.0,1000.0,34.948643804870315,0,0,34.948643804870315,0.0,0.0,0,0
537001,58.0,58.5,18.0,0.0,0.0,0.0,40.0,1.0,1.0,1.0,0.0,0.0,0.0,0.0,0.0,0.0,100.0,100.0,100.0,1000.0,1000.0,1000.0,34.948643804870315,0,0,34.948643804870315,0.0,0.0,0,0
537201,58.0,58.5,18.0,0.0,0.0,0.0,40.0,1.0,1.0,1.0,0.0,0.0,0.0,0.0,0.0,0.0,100.0,100.0,100.0,1000.0,1000.0,1000.0,34.948643804870315,0,0,34.948643804870315,0.0,0.0,0,0
537401,58.0,58.5,18.0,0.0,0.0,0.0,40.0,1.0,1.0,1.0,0.0,0.0,0.0,0.0,0.0,0.0,100.0,100.0,100.0,1000.0,1000.0,1000.0,34.948643804870315,0,0,34.948643804870315,0.0,0.0,0,0
537601,58.0,58.5,18.0,0.0,0.0,0.0,40.0,1.0,1.0,1.0,0.0,0.0,0.0,0.0,0.0,0.0,100.0,100.0,100.0,1000.0,1000.0,1000.0,34.948643804870315,0,0,34.948643804870315,0.0,0.0,0,0
537801,58.0,58.5,18.0,0.0,0.0,0.0,40.0,1.0,1.0,1.0,0.0,0.0,0.0,0.0,0.0,0.0,100.0,100.0,100.0,1000.0,1000.0,1000.0,34.948643804870315,0,0,34.948643804870315,0.0,0.0,0,0
538001,58.0,58.5,18.0,0.0,0.0,0.0,40.0,1.0,1.0,1.0,0.0,0.0,0.0,0.0,0.0,0.0,100.0,100.0,100.0,1000.0,1000.0,1000.0,34.948643804870315,0,0,34.948643804870315,0.0,0.0,0,0
538201,58.0,58.5,18.0,0.0,0.0,0.0,40.0,1.0,1.0,1.0,0.0,0.0,0.0,0.0,0.0,0.0,100.0,100.0,100.0,1000.0,1000.0,1000.0,34.948643804870315,0,0,34.948643804870315,0.0,0.0,0,0
538401,58.0,58.5,18.0,0.0,0.0,0.0,40.0,1.0,1.0,1.0,0.0,0.0,0.0,0.0,0.0,0.0,100.0,100.0,100.0,1000.0,1000.0,1000.0,34.948643804870315,0,0,34.948643804870315,0.0,0.0,0,0
538601,58.0,58.5,18.0,0.0,0.0,0.0,40.0,1.0,1.0,1.0,0.0,0.0,0.0,0.0,0.0,0.0,100.0,100.0,100.0,1000.0,1000.0,1000.0,34.948643804870315,0,0,34.948643804870315,0.0,0.0,0,0
538801,58.0,58.5,18.0,0.0,0.0,0.0,40.0,1.0,1.0,1.0,0.0,0.0,0.0,0.0,0.0,0.0,100.0,100.0,100.0,1000.0,1000.0,1000.0,34.948643804870315,0,0,34.948643804870315,0.0,0.0,0,0
539001,58.0,58.5,18.0,0.0,0.0,0.0,40.0,1.0,1.0,1.0,0.0,0.0,0.0,0.0,0.0,0.0,100.0,100.0,100.0,1000.0,1000.0,1000.0,34.948643804870315,0,0,34.948643804870315,0.0,0.0,0,0
539201,58.0,58.5,18.0,0.0,0.0,0.0,40.0,1.0,1.0,1.0,0.0,0.0,0.0,0.0,0.0,0.0,100.0,100.0,100.0,1000.0,1000.0,1000.0,34.948643804870315,0,0,34.948643804870315,0.0,0.0,0,0
539401,58.0,58.5,18.0,0.0,0.0,0.0,40.0,1.0,1.0,1.0,0.0,0.0,0.0,0.0,0.0,0.0,100.0,100.0,100.0,1000.0,1000.0,1000.0,34.948643804870315,0,0,34.948643804870315,0.0,0.0,0,0
539601,58.0,58.5,18.0,0.0,0.0,0.0,40.0,1.0,1.0,1.0,0.0,0.0,0.0,0.0,0.0,0.0,100.0,100.0,100.0,1000.0,1000.0,1000.0,34.948643804870315,0,0,34.948643804870315,0.0,0.0,0,0
539801,58.0,58.5,18.0,0.0,0.0,0.0,40.0,1.0,1.0,1.0,0.0,0.0,0.0,0.0,0.0,0.0,100.0,100.0,100.0,1000.0,1000.0,1000.0,34.948643804870315,0,0,34.948643804870315,0.0,0.0,0,0
540001,58.0,58.5,18.0,0.0,0.0,0.0,40.0,1.0,1.0,1.0,0.0,0.0,0.0,0.0,0.0,0.0,100.0,100.0,100.0,1000.0,1000.0,1000.0,34.948643804870315,0,0,34.948643804870315,0.0,0.0,0,0
540201,58.0,58.5,18.0,0.0,0.0,0.0,40.0,1.0,1.0,1.0,0.0,0.0,0.0,0.0,0.0,0.0,100.0,100.0,100.0,1000.0,1000.0,1000.0,51.98516257589878,0,0,51.98516257589878,0.0,0.0,1,0
540401,58.0,58.5,18.0,0.0,0.0,0.0,40.0,1.0,1.0,1.0,0.0,0.0,0.0,0.0,0.0,0.0,100.0,100.0,100.0,1000.0,1000.0,1000.0,51.98516257589878,0,0,51.98516257589878,0.0,0.0,0,0
540601,58.0,58.5,18.0,0.0,0.0,0.0,40.0,1.0,1.0,1.0,0.0,0.0,0.0,0.0,0.0,0.0,100.0,100.0,100.0,1000.0,1000.0,1000.0,51.98516257589878,0,0,51.98516257589878,0.0,0.0,0,0
540801,58.0,58.5,18.0,0.0,0.0,0.0,40.0,1.0,1.0,1.0,0.0,0.0,0.0,0.0,0.0,0.0,100.0,100.0,100.0,1000.0,1000.0,1000.0,51.98516257589878,0,0,51.98516257589878,0.0,0.0,0,0
541001,58.0,58.5,18.0,0.0,0.0,0.0,40.0,1.0,1.0,1.0,0.0,0.0,0.0,0.0,0.0,0.0,100.0,100.0,100.0,1000.0,1000.0,1000.0,51.98516257589878,0,0,51.98516257589878,0.0,0.0,0,0
541201,58.0,58.5,18.0,0.0,0.0,0.0,40.0,1.0,1.0,1.0,0.0,0.0,0.0,0.0,0.0,0.0,100.0,100.0,100.0,1000.0,1000.0,1000.0,51.98516257589878,0,0,51.98516257589878,0.0,0.0,0,0
541401,58.0,58.5,18.0,0.0,0.0,0.0,40.0,1.0,1.0,1.0,0.0,0.0,0.0,0.0,0.0,0.0,100.0,100.0,100.0,1000.0,1000.0,1000.0,51.98516257589878,0,0,51.98516257589878,0.0,0.0,0,0
541601,58.0,58.5,18.0,0.0,0.0,0.0,40.0,1.0,1.0,1.0,0.0,0.0,0.0,0.0,0.0,0.0,100.0,100.0,100.0,1000.0,1000.0,1000.0,51.98516257589878,0,0,51.98516257589878,0.0,0.0,0,0
541801,58.0,58.5,18.0,0.0,0.0,0.0,40.0,1.0,1.0,1.0,0.0,0.0,0.0,0.0,0.0,0.0,100.0,100.0,100.0,1000.0,1000.0,1000.0,51.98516257589878,0,0,51.98516257589878,0.0,0.0,0,0
542001,58.0,58.5,18.0,0.0,0.0,0.0,40.0,1.0,1.0,1.0,0.0,0.0,0.0,0.0,0.0,0.0,100.0,100.0,100.0,1000.0,1000.0,1000.0,51.98516257589878,0,0,51.98516257589878,0.0,0.0,0,0
542201,58.0,58.5,18.0,0.0,0.0,0.0,40.0,1.0,1.0,1.0,0.0,0.0,0.0,0.0,0.0,0.0,100.0,100.0,100.0,1000.0,1000.0,1000.0,51.98516257589878,0,0,51.98516257589878,0.0,0.0,0,0
542401,58.0,58.5,18.0,0.0,0.0,0.0,40.0,1.0,1.0,1.0,0.0,0.0,0.0,0.0,0.0,0.0,100.0,100.0,100.0,1000.0,1000.0,1000.0,51.98516257589878,0,0,51.98516257589878,0.0,0.0,0,0
542601,58.0,58.5,18.0,0.0,0.0,0.0,40.0,1.0,1.0,1.0,0.0,0.0,0.0,0.0,0.0,0.0,100.0,100.0,100.0,1000.0,1000.0,1000.0,51.98516257589878,0,0,51.98516257589878,0.0,0.0,0,0
542801,58.0,58.5,18.0,0.0,0.0,0.0,40.0,1.0,1.0,1.0,0.0,0.0,0.0,0.0,0.0,0.0,100.0,100.0,100.0,1000.0,1000.0,1000.0,51.98516257589878,0,0,51.98516257589878,0.0,0.0,0,0
543001,58.0,58.5,18.0,0.0,0.0,0.0,40.0,1.0,1.0,1.0,0.0,0.0,0.0,0.0,0.0,0.0,100.0,100.0,100.0,1000.0,1000.0,1000.0,51.98516257589878,0,0,51.98516257589878,0.0,0.0,0,0
543201,58.0,58.5,18.0,0.0,0.0,0.0,40.0,1.0,1.0,1.0,0.0,0.0,0.0,0.0,0.0,0.0,100.0,100.0,100.0,1000.0,1000.0,1000.0,51.98516257589878,0,0,51.98516257589878,0.0,0.0,0,0
543401,58.0,58.5,18.0,0.0,0.0,0.0,40.0,1.0,1.0,1.0,0.0,0.0,0.0,0.0,0.0,0.0,100.0,100.0,100.0,1000.0,1000.0,1000.0,51.98516257589878,0,0,51.98516257589878,0.0,0.0,0,0
543601,58.0,58.5,18.0,0.0,0.0,0.0,40.0,1.0,1.0,1.0,0.0,0.0,0.0,0.0,0.0,0.0,100.0,100.0,100.0,1000.0,1000.0,1000.0,51.98516257589878,0,0,51.98516257589878,0.0,0.0,0,0
543801,58.0,58.5,18.0,0.0,0.0,0.0,40.0,1.0,1.0,1.0,0.0,0.0,0.0,0.0,0.0,0.0,100.0,100.0,100.0,1000.0,1000.0,1000.0,51.98516257589878,0,0,51.98516257589878,0.0,0.0,0,0
544001,58.0,58.5,18.0,0.0,0.0,0.0,40.0,1.0,1.0,1.0,0.0,0.0,0.0,0.0,0.0,0.0,100.0,100.0,100.0,1000.0,1000.0,1000.0,51.98516257589878,0,0,51.98516257589878,0.0,0.0,0,0
544201,58.0,58.5,18.0,0.0,0.0,0.0,40.0,1.0,1.0,1.0,0.0,0.0,0.0,0.0,0.0,0.0,100.0,100.0,100.0,1000.0,1000.0,1000.0,51.98516257589878,0,0,51.98516257589878,0.0,0.0,0,0
544401,58.0,58.5,18.0,0.0,0.0,0.0,40.0,1.0,1.0,1.0,0.0,0.0,0.0,0.0,0.0,0.0,100.0,100.0,100.0,1000.0,1000.0,1000.0,51.98516257589878,0,0,51.98516257589878,0.0,0.0,0,0
544601,58.0,58.5,18.0,0.0,0.0,0.0,40.0,1.0,1.0,1.0,0.0,0.0,0.0,0.0,0.0,0.0,100.0,100.0,100.0,1000.0,1000.0,1000.0,51.98516257589878,0,0,51.98516257589878,0.0,0.0,0,0
544801,58.0,58.5,18.0,0.0,0.0,0.0,40.0,1.0,1.0,1.0,0.0,0.0,0.0,0.0,0.0,0.0,100.0,100.0,100.0,1000.0,1000.0,1000.0,51.98516257589878,0,0,51.98516257589878,0.0,0.0,0,0
545001,58.0,58.5,18.0,0.0,0.0,0.0,40.0,1.0,1.0,1.0,0.0,0.0,0.0,0.0,0.0,0.0,100.0,100.0,100.0,1000.0,1000.0,1000.0,51.98516257589878,0,0,51.98516257589878,0.0,0.0,0,0
545201,58.0,58.5,18.0,0.0,0.0,0.0,40.0,1.0,1.0,1.0,0.0,0.0,0.0,0.0,0.0,0.0,100.0,100.0,100.0,1000.0,1000.0,1000.0,51.98516257589878,0,0,51.98516257589878,0.0,0.0,0,0
545401,58.0,58.5,18.0,0.0,0.0,0.0,40.0,1.0,1.0,1.0,0.0,0.0,0.0,0.0,0.0,0.0,100.0,100.0,100.0,1000.0,1000.0,1000.0,51.98516257589878,0,0,51.98516257589878,0.0,0.0,0,0
545601,58.0,58.5,18.0,0.0,0.0,0.0,40.0,1.0,1.0,1.0,0.0,0.0,0.0,0.0,0.0,0.0,100.0,100.0,100.0,1000.0,1000.0,1000.0,51.98516257589878,0,0,51.98516257589878,0.0,0.0,0,0
545801,58.0,58.5,18.0,0.0,0.0,0.0,40.0,1.0,1.0,1.0,0.0,0.0,0.0,0.0,0.0,0.0,100.0,100.0,100.0,1000.0,1000.0,1000.0,51.98516257589878,0,0,51.98516257589878,0.0,0.0,0,0
546001,58.0,58.5,18.0,0.0,0.0,0.0,40.0,1.0,1.0,1.0,0.0,0.0,0.0,0.0,0.0,0.0,100.0,100.0,100.0,1000.0,1000.0,1000.0,51.98516257589878,0,0,51.98516257589878,0.0,0.0,0,0
546201,58.0,58.5,18.0,0.0,0.0,0.0,40.0,1.0,1.0,1.0,0.0,0.0,0.0,0.0,0.0,0.0,100.0,100.0,100.0,1000.0,1000.0,1000.0,51.98516257589878,0,0,51.98516257589878,0.0,0.0,0,0
546401,58.0,58.5,18.0,0.0,0.0,0.0,40.0,1.0,1.0,1.0,0.0,0.0,0.0,0.0,0.0,0.0,100.0,100.0,100.0,1000.0,1000.0,1000.0,51.98516257589878,0,0,51.98516257589878,0.0,0.0,0,0
546601,58.0,58.5,18.0,0.0,0.0,0.0,40.0,1.0,1.0,1.0,0.0,0.0,0.0,0.0,0.0,0.0,100.0,100.0,100.0,1000.0,1000.0,1000.0,51.98516257589878,0,0,51.98516257589878,0.0,0.0,0,0
546801,58.0,58.5,18.0,0.0,0.0,0.0,40.0,1.0,1.0,1.0,0.0,0.0,0.0,0.0,0.0,0.0,100.0,100.0,100.0,1000.0,1000.0,1000.0,51.98516257589878,0,0,51.98516257589878,0.0,0.0,0,0
547001,58.0,58.5,18.0,0.0,0.0,0.0,40.0,1.0,1.0,1.0,0.0,0.0,0.0,0.0,0.0,0.0,100.0,100.0,100.0,1000.0,1000.0,1000.0,51.98516257589878,0,0,51.98516257589878,0.0,0.0,0,0
547201,58.0,58.5,18.0,0.0,0.0,0.0,40.0,1.0,1.0,1.0,0.0,0.0,0.0,0.0,0.0,0.0,100.0,100.0,100.0,1000.0,1000.0,1000.0,51.98516257589878,0,0,51.98516257589878,0.0,0.0,0,0
547401,58.0,58.5,18.0,0.0,0.0,0.0,40.0,1.0,1.0,1.0,0.0,0.0,0.0,0.0,0.0,0.0,100.0,100.0,100.0,1000.0,1000.0,1000.0,51.98516257589878,0,0,51.98516257589878,0.0,0.0,0,0
547601,58.0,58.5,18.0,0.0,0.0,0.0,40.0,1.0,1.0,1.0,0.0,0.0,0.0,0.0,0.0,0.0,100.0,100.0,100.0,1000.0,1000.0,1000.0,51.98516257589878,0,0,51.98516257589878,0.0,0.0,0,0
547801,58.0,58.5,18.0,0.0,0.0,0.0,40.0,1.0,1.0,1.0,0.0,0.0,0.0,0.0,0.0,0.0,100.0,100.0,100.0,1000.0,1000.0,1000.0,51.98516257589878,0,0,51.98516257589878,0.0,0.0,0,0
548001,58.0,58.5,18.0,0.0,0.0,0.0,40.0,1.0,1.0,1.0,0.0,0.0,0.0,0.0,0.0,0.0,100.0,100.0,100.0,1000.0,1000.0,1000.0,51.98516257589878,0,0,51.98516257589878,0.0,0.0,0,0
548201,58.0,58.5,18.0,0.0,0.0,0.0,40.0,1.0,1.0,1.0,0.0,0.0,0.0,0.0,0.0,0.0,100.0,100.0,100.0,1000.0,1000.0,1000.0,51.98516257589878,0,0,51.98516257589878,0.0,0.0,0,0
548401,58.0,58.5,18.0,0.0,0.0,0.0,40.0,1.0,1.0,1.0,0.0,0.0,0.0,0.0,0.0,0.0,100.0,100.0,100.0,1000.0,1000.0,1000.0,51.98516257589878,0,0,51.98516257589878,0.0,0.0,0,0
548601,58.0,58.5,18.0,0.0,0.0,0.0,40.0,1.0,1.0,1.0,0.0,0.0,0.0,0.0,0.0,0.0,100.0,100.0,100.0,1000.0,1000.0,1000.0,51.98516257589878,0,0,51.98516257589878,0.0,0.0,0,0
548801,58.0,58.5,18.0,0.0,0.0,0.0,40.0,1.0,1.0,1.0,0.0,0.0,0.0,0.0,0.0,0.0,100.0,100.0,100.0,1000.0,1000.0,1000.0,51.98516257589878,0,0,51.98516257589878,0.0,0.0,0,0
549001,58.0,58.5,18.0,0.0,0.0,0.0,40.0,1.0,1.0,1.0,0.0,0.0,0.0,0.0,0.0,0.0,100.0,100.0,100.0,1000.0,1000.0,1000.0,51.98516257589878,0,0,51.98516257589878,0.0,0.0,0,0
549201,58.0,58.5,18.0,0.0,0.0,0.0,40.0,1.0,1.0,1.0,0.0,0.0,0.0,0.0,0.0,0.0,100.0,100.0,100.0,1000.0,1000.0,1000.0,51.98516257589878,0,0,51.98516257589878,0.0,0.0,0,0
549401,58.0,58.5,18.0,0.0,0.0,0.0,40.0,1.0,1.0,1.0,0.0,0.0,0.0,0.0,0.0,0.0,100.0,100.0,100.0,1000.0,1000.0,1000.0,51.98516257589878,0,0,51.98516257589878,0.0,0.0,0,0
549601,58.0,58.5,18.0,0.0,0.0,0.0,40.0,1.0,1.0,1.0,0.0,0.0,0.0,0.0,0.0,0.0,100.0,100.0,100.0,1000.0,1000.0,1000.0,51.98516257589878,0,0,51.98516257589878,0.0,0.0,0,0
549801,58.0,58.5,18.0,0.0,0.0,0.0,40.0,1.0,1.0,1.0,0.0,0.0,0.0,0.0,0.0,0.0,100.0,100.0,100.0,1000.0,1000.0,1000.0,51.98516257589878,0,0,51.98516257589878,0.0,0.0,0,0
550001,58.0,58.5,18.0,0.0,0.0,0.0,40.0,1.0,1.0,1.0,0.0,0.0,0.0,0.0,0.0,0.0,100.0,100.0,100.0,1000.0,1000.0,1000.0,51.98516257589878,0,0,51.98516257589878,0.0,0.0,0,0
550201,58.0,58.5,18.0,0.0,0.0,0.0,40.0,1.0,1.0,1.0,0.0,0.0,0.0,0.0,0.0,0.0,100.0,100.0,100.0,1000.0,1000.0,1000.0,51.98516257589878,0,0,51.98516257589878,0.0,0.0,0,0
550401,58.0,58.5,18.0,0.0,0.0,0.0,40.0,1.0,1.0,1.0,0.0,0.0,0.0,0.0,0.0,0.0,100.0,100.0,100.0,1000.0,1000.0,1000.0,51.98516257589878,0,0,51.98516257589878,0.0,0.0,0,0
550601,58.0,58.5,18.0,0.0,0.0,0.0,40.0,1.0,1.0,1.0,0.0,0.0,0.0,0.0,0.0,0.0,100.0,100.0,100.0,1000.0,1000.0,1000.0,51.98516257589878,0,0,51.98516257589878,0.0,0.0,0,0
550801,58.0,58.5,18.0,0.0,0.0,0.0,40.0,1.0,1.0,1.0,0.0,0.0,0.0,0.0,0.0,0.0,100.0,100.0,100.0,1000.0,1000.0,1000.0,51.98516257589878,0,0,51.98516257589878,0.0,0.0,0,0
551001,58.0,58.5,18.0,0.0,0.0,0.0,40.0,1.0,1.0,1.0,0.0,0.0,0.0,0.0,0.0,0.0,100.0,100.0,100.0,1000.0,1000.0,1000.0,51.98516257589878,0,0,51.98516257589878,0.0,0.0,0,0
551201,58.0,58.5,18.0,0.0,0.0,0.0,40.0,1.0,1.0,1.0,0.0,0.0,0.0,0.0,0.0,0.0,100.0,100.0,100.0,1000.0,1000.0,1000.0,51.98516257589878,0,0,51.98516257589878,0.0,0.0,0,0
551401,58.0,58.5,18.0,0.0,0.0,0.0,40.0,1.0,1.0,1.0,0.0,0.0,0.0,0.0,0.0,0.0,100.0,100.0,100.0,1000.0,1000.0,1000.0,51.98516257589878,0,0,51.98516257589878,0.0,0.0,0,0
551601,58.0,58.5,18.0,0.0,0.0,0.0,40.0,1.0,1.0,1.0,0.0,0.0,0.0,0.0,0.0,0.0,100.0,100.0,100.0,1000.0,1000.0,1000.0,51.98516257589878,0,0,51.98516257589878,0.0,0.0,0,0
551801,58.0,58.5,18.0,0.0,0.0,0.0,40.0,1.0,1.0,1.0,0.0,0.0,0.0,0.0,0.0,0.0,100.0,100.0,100.0,1000.0,1000.0,1000.0,51.98516257589878,0,0,51.98516257589878,0.0,0.0,0,0
552001,58.0,58.5,18.0,0.0,0.0,0.0,40.0,1.0,1.0,1.0,0.0,0.0,0.0,0.0,0.0,0.0,100.0,100.0,100.0,1000.0,1000.0,1000.0,51.98516257589878,0,0,51.98516257589878,0.0,0.0,0,0
552201,58.0,58.5,18.0,0.0,0.0,0.0,40.0,1.0,1.0,1.0,0.0,0.0,0.0,0.0,0.0,0.0,100.0,100.0,100.0,1000.0,1000.0,1000.0,51.98516257589878,0,0,51.98516257589878,0.0,0.0,0,0
552401,58.0,58.5,18.0,0.0,0.0,0.0,40.0,1.0,1.0,1.0,0.0,0.0,0.0,0.0,0.0,0.0,100.0,100.0,100.0,1000.0,1000.0,1000.0,51.98516257589878,0,0,51.98516257589878,0.0,0.0,0,0
552601,58.0,58.5,18.0,0.0,0.0,0.0,40.0,1.0,1.0,1.0,0.0,0.0,0.0,0.0,0.0,0.0,100.0,100.0,100.0,1000.0,1000.0,1000.0,51.98516257589878,0,0,51.98516257589878,0.0,0.0,0,0
552801,58.0,58.5,18.0,0.0,0.0,0.0,40.0,1.0,1.0,1.0,0.0,0.0,0.0,0.0,0.0,0.0,100.0,100.0,100.0,1000.0,1000.0,1000.0,51.98516257589878,0,0,51.98516257589878,0.0,0.0,0,0
553001,58.0,58.5,18.0,0.0,0.0,0.0,40.0,1.0,1.0,1.0,0.0,0.0,0.0,0.0,0.0,0.0,100.0,100.0,100.0,1000.0,1000.0,1000.0,51.98516257589878,0,0,51.98516257589878,0.0,0.0,0,0
553201,58.0,58.5,18.0,0.0,0.0,0.0,40.0,1.0,1.0,1.0,0.0,0.0,0.0,0.0,0.0,0.0,100.0,100.0,100.0,1000.0,1000.0,1000.0,51.98516257589878,0,0,51.98516257589878,0.0,0.0,0,0
553401,58.0,58.5,18.0,0.0,0.0,0.0,40.0,1.0,1.0,1.0,0.0,0.0,0.0,0.0,0.0,0.0,100.0,100.0,100.0,1000.0,1000.0,1000.0,51.98516257589878,0,0,51.98516257589878,0.0,0.0,0,0
553601,58.0,58.5,18.0,0.0,0.0,0.0,40.0,1.0,1.0,1.0,0.0,0.0,0.0,0.0,0.0,0.0,100.0,100.0,100.0,1000.0,1000.0,1000.0,51.98516257589878,0,0,51.98516257589878,0.0,0.0,0,0
553801,58.0,58.5,18.0,0.0,0.0,0.0,40.0,1.0,1.0,1.0,0.0,0.0,0.0,0.0,0.0,0.0,100.0,100.0,100.0,1000.0,1000.0,1000.0,51.98516257589878,0,0,51.98516257589878,0.0,0.0,0,0
554001,58.0,58.5,18.0,0.0,0.0,0.0,40.0,1.0,1.0,1.0,0.0,0.0,0.0,0.0,0.0,0.0,100.0,100.0,100.0,1000.0,1000.0,1000.0,51.98516257589878,0,0,51.98516257589878,0.0,0.0,0,0
554201,58.0,58.5,18.0,0.0,0.0,0.0,40.0,1.0,1.0,1.0,0.0,0.0,0.0,0.0,0.0,0.0,100.0,100.0,100.0,1000.0,1000.0,1000.0,51.98516257589878,0,0,51.98516257589878,0.0,0.0,0,0
554401,58.0,58.5,18.0,0.0,0.0,0.0,40.0,1.0,1.0,1.0,0.0,0.0,0.0,0.0,0.0,0.0,100.0,100.0,100.0,1000.0,1000.0,1000.0,51.98516257589878,0,0,51.98516257589878,0.0,0.0,0,0
554601,58.0,58.5,18.0,0.0,0.0,0.0,40.0,1.0,1.0,1.0,0.0,0.0,0.0,0.0,0.0,0.0,100.0,100.0,100.0,1000.0,1000.0,1000.0,51.98516257589878,0,0,51.98516257589878,0.0,0.0,0,0
554801,58.0,58.5,18.0,0.0,0.0,0.0,40.0,1.0,1.0,1.0,0.0,0.0,0.0,0.0,0.0,0.0,100.0,100.0,100.0,1000.0,1000.0,1000.0,51.98516257589878,0,0,51.98516257589878,0.0,0.0,0,0
555001,58.0,58.5,18.0,0.0,0.0,0.0,40.0,1.0,1.0,1.0,0.0,0.0,0.0,0.0,0.0,0.0,100.0,100.0,100.0,1000.0,1000.0,1000.0,51.98516257589878,0,0,51.98516257589878,0.0,0.0,0,0
555201,58.0,58.5,18.0,0.0,0.0,0.0,40.0,1.0,1.0,1.0,0.0,0.0,0.0,0.0,0.0,0.0,100.0,100.0,100.0,1000.0,1000.0,1000.0,34.994014027962265,0,0,34.994014027962265,0.0,0.0,1,0
555401,58.0,58.5,18.0,0.0,0.0,0.0,40.0,1.0,1.0,1.0,0.0,0.0,0.0,0.0,0.0,0.0,100.0,100.0,100.0,1000.0,1000.0,1000.0,34.994014027962265,0,0,34.994014027962265,0.0,0.0,0,0
555601,58.0,58.5,18.0,0.0,0.0,0.0,40.0,1.0,1.0,1.0,0.0,0.0,0.0,0.0,0.0,0.0,100.0,100.0,100.0,1000.0,1000.0,1000.0,34.994014027962265,0,0,34.994014027962265,0.0,0.0,0,0
555801,58.0,58.5,18.0,0.0,0.0,0.0,40.0,1.0,1.0,1.0,0.0,0.0,0.0,0.0,0.0,0.0,100.0,100.0,100.0,1000.0,1000.0,1000.0,34.994014027962265,0,0,34.994014027962265,0.0,0.0,0,0
556001,58.0,58.5,18.0,0.0,0.0,0.0,40.0,1.0,1.0,1.0,0.0,0.0,0.0,0.0,0.0,0.0,100.0,100.0,100.0,1000.0,1000.0,1000.0,34.994014027962265,0,0,34.994014027962265,0.0,0.0,0,0
556201,58.0,58.5,18.0,0.0,0.0,0.0,40.0,1.0,1.0,1.0,0.0,0.0,0.0,0.0,0.0,0.0,100.0,100.0,100.0,1000.0,1000.0,1000.0,34.994014027962265,0,0,34.994014027962265,0.0,0.0,0,0
556401,58.0,58.5,18.0,0.0,0.0,0.0,40.0,1.0,1.0,1.0,0.0,0.0,0.0,0.0,0.0,0.0,100.0,100.0,100.0,1000.0,1000.0,1000.0,34.994014027962265,0,0,34.994014027962265,0.0,0.0,0,0
556601,58.0,58.5,18.0,0.0,0.0,0.0,40.0,1.0,1.0,1.0,0.0,0.0,0.0,0.0,0.0,0.0,100.0,100.0,100.0,1000.0,1000.0,1000.0,34.994014027962265,0,0,34.994014027962265,0.0,0.0,0,0
556801,58.0,58.5,18.0,0.0,0.0,0.0,40.0,1.0,1.0,1.0,0.0,0.0,0.0,0.0,0.0,0.0,100.0,100.0,100.0,1000.0,1000.0,1000.0,34.994014027962265,0,0,34.994014027962265,0.0,0.0,0,0
557001,58.0,58.5,18.0,0.0,0.0,0.0,40.0,1.0,1.0,1.0,0.0,0.0,0.0,0.0,0.0,0.0,100.0,100.0,100.0,1000.0,1000.0,1000.0,34.994014027962265,0,0,34.994014027962265,0.0,0.0,0,0
557201,58.0,58.5,18.0,0.0,0.0,0.0,40.0,1.0,1.0,1.0,0.0,0.0,0.0,0.0,0.0,0.0,100.0,100.0,100.0,1000.0,1000.0,1000.0,34.994014027962265,0,0,34.994014027962265,0.0,0.0,0,0
557401,58.0,58.5,18.0,0.0,0.0,0.0,40.0,1.0,1.0,1.0,0.0,0.0,0.0,0.0,0.0,0.0,100.0,100.0,100.0,1000.0,1000.0,1000.0,34.994014027962265,0,0,34.994014027962265,0.0,0.0,0,0
557601,58.0,58.5,18.0,0.0,0.0,0.0,40.0,1.0,1.0,1.0,0.0,0.0,0.0,0.0,0.0,0.0,100.0,100.0,100.0,1000.0,1000.0,1000.0,34.994014027962265,0,0,34.994014027962265,0.0,0.0,0,0
557801,58.0,58.5,18.0,0.0,0.0,0.0,40.0,1.0,1.0,1.0,0.0,0.0,0.0,0.0,0.0,0.0,100.0,100.0,100.0,1000.0,1000.0,1000.0,34.994014027962265,0,0,34.994014027962265,0.0,0.0,0,0
558001,58.0,58.5,18.0,0.0,0.0,0.0,40.0,1.0,1.0,1.0,0.0,0.0,0.0,0.0,0.0,0.0,100.0,100.0,100.0,1000.0,1000.0,1000.0,34.994014027962265,0,0,34.994014027962265,0.0,0.0,0,0
558201,58.0,58.5,18.0,0.0,0.0,0.0,40.0,1.0,1.0,1.0,0.0,0.0,0.0,0.0,0.0,0.0,100.0,100.0,100.0,1000.0,1000.0,1000.0,34.994014027962265,0,0,34.994014027962265,0.0,0.0,0,0
558401,58.0,58.5,18.0,0.0,0.0,0.0,40.0,1.0,1.0,1.0,0.0,0.0,0.0,0.0,0.0,0.0,100.0,100.0,100.0,1000.0,1000.0,1000.0,34.994014027962265,0,0,34.994014027962265,0.0,0.0,0,0
558601,58.0,58.5,18.0,0.0,0.0,0.0,40.0,1.0,1.0,1.0,0.0,0.0,0.0,0.0,0.0,0.0,100.0,100.0,100.0,1000.0,1000.0,1000.0,34.994014027962265,0,0,34.994014027962265,0.0,0.0,0,0
558801,58.0,58.5,18.0,0.0,0.0,0.0,40.0,1.0,1.0,1.0,0.0,0.0,0.0,0.0,0.0,0.0,100.0,100.0,100.0,1000.0,1000.0,1000.0,34.994014027962265,0,0,34.994014027962265,0.0,0.0,0,0
559001,58.0,58.5,18.0,0.0,0.0,0.0,40.0,1.0,1.0,1.0,0.0,0.0,0.0,0.0,0.0,0.0,100.0,100.0,100.0,1000.0,1000.0,1000.0,34.994014027962265,0,0,34.994014027962265,0.0,0.0,0,0
559201,58.0,58.5,18.0,0.0,0.0,0.0,40.0,1.0,1.0,1.0,0.0,0.0,0.0,0.0,0.0,0.0,100.0,100.0,100.0,1000.0,1000.0,1000.0,34.994014027962265,0,0,34.994014027962265,0.0,0.0,0,0
559401,58.0,58.5,18.0,0.0,0.0,0.0,40.0,1.0,1.0,1.0,0.0,0.0,0.0,0.0,0.0,0.0,100.0,100.0,100.0,1000.0,1000.0,1000.0,34.994014027962265,0,0,34.994014027962265,0.0,0.0,0,0
559601,58.0,58.5,18.0,0.0,0.0,0.0,40.0,1.0,1.0,1.0,0.0,0.0,0.0,0.0,0.0,0.0,100.0,100.0,100.0,1000.0,1000.0,1000.0,34.994014027962265,0,0,34.994014027962265,0.0,0.0,0,0
559801,58.0,58.5,18.0,0.0,0.0,0.0,40.0,1.0,1.0,1.0,0.0,0.0,0.0,0.0,0.0,0.0,100.0,100.0,100.0,1000.0,1000.0,1000.0,34.994014027962265,0,0,34.994014027962265,0.0,0.0,0,0
560001,58.0,58.5,18.0,0.0,0.0,0.0,40.0,1.0,1.0,1.0,0.0,0.0,0.0,0.0,0.0,0.0,100.0,100.0,100.0,1000.0,1000.0,1000.0,34.994014027962265,0,0,34.994014027962265,0.0,0.0,0,0
560201,58.0,58.5,18.0,0.0,0.0,0.0,40.0,1.0,1.0,1.0,0.0,0.0,0.0,0.0,0.0,0.0,100.0,100.0,100.0,1000.0,1000.0,1000.0,34.994014027962265,0,0,34.994014027962265,0.0,0.0,0,0
560401,58.0,58.5,18.0,0.0,0.0,0.0,40.0,1.0,1.0,1.0,0.0,0.0,0.0,0.0,0.0,0.0,100.0,100.0,100.0,1000.0,1000.0,1000.0,34.994014027962265,0,0,34.994014027962265,0.0,0.0,0,0
560601,58.0,58.5,18.0,0.0,0.0,0.0,40.0,1.0,1.0,1.0,0.0,0.0,0.0,0.0,0.0,0.0,100.0,100.0,100.0,1000.0,1000.0,1000.0,34.994014027962265,0,0,34.994014027962265,0.0,0.0,0,0
560801,58.0,58.5,18.0,0.0,0.0,0.0,40.0,1.0,1.0,1.0,0.0,0.0,0.0,0.0,0.0,0.0,100.0,100.0,100.0,1000.0,1000.0,1000.0,34.994014027962265,0,0,34.994014027962265,0.0,0.0,0,0
561001,58.0,58.5,18.0,0.0,0.0,0.0,40.0,1.0,1.0,1.0,0.0,0.0,0.0,0.0,0.0,0.0,100.0,100.0,100.0,1000.0,1000.0,1000.0,34.994014027962265,0,0,34.994014027962265,0.0,0.0,0,0
561201,58.0,58.5,18.0,0.0,0.0,0.0,40.0,1.0,1.0,1.0,0.0,0.0,0.0,0.0,0.0,0.0,100.0,100.0,100.0,1000.0,1000.0,1000.0,34.994014027962265,0,0,34.994014027962265,0.0,0.0,0,0
561401,58.0,58.5,18.0,0.0,0.0,0.0,40.0,1.0,1.0,1.0,0.0,0.0,0.0,0.0,0.0,0.0,100.0,100.0,100.0,1000.0,1000.0,1000.0,34.994014027962265,0,0,34.994014027962265,0.0,0.0,0,0
561601,58.0,58.5,18.0,0.0,0.0,0.0,40.0,1.0,1.0,1.0,0.0,0.0,0.0,0.0,0.0,0.0,100.0,100.0,100.0,1000.0,1000.0,1000.0,34.994014027962265,0,0,34.994014027962265,0.0,0.0,0,0
561801,58.0,58.5,18.0,0.0,0.0,0.0,40.0,1.0,1.0,1.0,0.0,0.0,0.0,0.0,0.0,0.0,100.0,100.0,100.0,1000.0,1000.0,1000.0,34.994014027962265,0,0,34.994014027962265,0.0,0.0,0,0
562001,58.0,58.5,18.0,0.0,0.0,0.0,40.0,1.0,1.0,1.0,0.0,0.0,0.0,0.0,0.0,0.0,100.0,100.0,100.0,1000.0,1000.0,1000.0,34.994014027962265,0,0,34.994014027962265,0.0,0.0,0,0
562201,58.0,58.5,18.0,0.0,0.0,0.0,40.0,1.0,1.0,1.0,0.0,0.0,0.0,0.0,0.0,0.0,100.0,100.0,100.0,1000.0,1000.0,1000.0,34.994014027962265,0,0,34.994014027962265,0.0,0.0,0,0
562401,58.0,58.5,18.0,0.0,0.0,0.0,40.0,1.0,1.0,1.0,0.0,0.0,0.0,0.0,0.0,0.0,100.0,100.0,100.0,1000.0,1000.0,1000.0,34.994014027962265,0,0,34.994014027962265,0.0,0.0,0,0
562601,58.0,58.5,18.0,0.0,0.0,0.0,40.0,1.0,1.0,1.0,0.0,0.0,0.0,0.0,0.0,0.0,100.0,100.0,100.0,1000.0,1000.0,1000.0,34.994014027962265,0,0,34.994014027962265,0.0,0.0,0,0
562801,58.0,58.5,18.0,0.0,0.0,0.0,40.0,1.0,1.0,1.0,0.0,0.0,0.0,0.0,0.0,0.0,100.0,100.0,100.0,1000.0,1000.0,1000.0,34.994014027962265,0,0,34.994014027962265,0.0,0.0,0,0
563001,58.0,58.5,18.0,0.0,0.0,0.0,40.0,1.0,1.0,1.0,0.0,0.0,0.0,0.0,0.0,0.0,100.0,100.0,100.0,1000.0,1000.0,1000.0,34.994014027962265,0,0,34.994014027962265,0.0,0.0,0,0
563201,58.0,58.5,18.0,0.0,0.0,0.0,40.0,1.0,1.0,1.0,0.0,0.0,0.0,0.0,0.0,0.0,100.0,100.0,100.0,1000.0,1000.0,1000.0,34.994014027962265,0,0,34.994014027962265,0.0,0.0,0,0
563401,58.0,58.5,18.0,0.0,0.0,0.0,40.0,1.0,1.0,1.0,0.0,0.0,0.0,0.0,0.0,0.0,100.0,100.0,100.0,1000.0,1000.0,1000.0,34.994014027962265,0,0,34.994014027962265,0.0,0.0,0,0
563601,58.0,58.5,18.0,0.0,0.0,0.0,40.0,1.0,1.0,1.0,0.0,0.0,0.0,0.0,0.0,0.0,100.0,100.0,100.0,1000.0,1000.0,1000.0,34.994014027962265,0,0,34.994014027962265,0.0,0.0,0,0
563801,58.0,58.5,18.0,0.0,0.0,0.0,40.0,1.0,1.0,1.0,0.0,0.0,0.0,0.0,0.0,0.0,100.0,100.0,100.0,1000.0,1000.0,1000.0,34.994014027962265,0,0,34.994014027962265,0.0,0.0,0,0
564001,58.0,58.5,18.0,0.0,0.0,0.0,40.0,1.0,1.0,1.0,0.0,0.0,0.0,0.0,0.0,0.0,100.0,100.0,100.0,1000.0,1000.0,1000.0,34.994014027962265,0,0,34.994014027962265,0.0,0.0,0,0
564201,58.0,58.5,18.0,0.0,0.0,0.0,40.0,1.0,1.0,1.0,0.0,0.0,0.0,0.0,0.0,0.0,100.0,100.0,100.0,1000.0,1000.0,1000.0,34.994014027962265,0,0,34.994014027962265,0.0,0.0,0,0
564401,58.0,58.5,18.0,0.0,0.0,0.0,40.0,1.0,1.0,1.0,0.0,0.0,0.0,0.0,0.0,0.0,100.0,100.0,100.0,1000.0,1000.0,1000.0,34.994014027962265,0,0,34.994014027962265,0.0,0.0,0,0
564601,58.0,58.5,18.0,0.0,0.0,0.0,40.0,1.0,1.0,1.0,0.0,0.0,0.0,0.0,0.0,0.0,100.0,100.0,100.0,1000.0,1000.0,1000.0,34.994014027962265,0,0,34.994014027962265,0.0,0.0,0,0
564801,58.0,58.5,18.0,0.0,0.0,0.0,40.0,1.0,1.0,1.0,0.0,0.0,0.0,0.0,0.0,0.0,100.0,100.0,100.0,1000.0,1000.0,1000.0,34.994014027962265,0,0,34.994014027962265,0.0,0.0,0,0
565001,58.0,58.5,18.0,0.0,0.0,0.0,40.0,1.0,1.0,1.0,0.0,0.0,0.0,0.0,0.0,0.0,100.0,100.0,100.0,1000.0,1000.0,1000.0,34.994014027962265,0,0,34.994014027962265,0.0,0.0,0,0
565201,58.0,58.5,18.0,0.0,0.0,0.0,40.0,1.0,1.0,1.0,0.0,0.0,0.0,0.0,0.0,0.0,100.0,100.0,100.0,1000.0,1000.0,1000.0,34.994014027962265,0,0,34.994014027962265,0.0,0.0,0,0
565401,58.0,58.5,18.0,0.0,0.0,0.0,40.0,1.0,1.0,1.0,0.0,0.0,0.0,0.0,0.0,0.0,100.0,100.0,100.0,1000.0,1000.0,1000.0,34.994014027962265,0,0,34.994014027962265,0.0,0.0,0,0
565601,58.0,58.5,18.0,0.0,0.0,0.0,40.0,1.0,1.0,1.0,0.0,0.0,0.0,0.0,0.0,0.0,100.0,100.0,100.0,1000.0,1000.0,1000.0,34.994014027962265,0,0,34.994014027962265,0.0,0.0,0,0
565801,58.0,58.5,18.0,0.0,0.0,0.0,40.0,1.0,1.0,1.0,0.0,0.0,0.0,0.0,0.0,0.0,100.0,100.0,100.0,1000.0,1000.0,1000.0,34.994014027962265,0,0,34.994014027962265,0.0,0.0,0,0
566001,58.0,58.5,18.0,0.0,0.0,0.0,40.0,1.0,1.0,1.0,0.0,0.0,0.0,0.0,0.0,0.0,100.0,100.0,100.0,1000.0,1000.0,1000.0,34.994014027962265,0,0,34.994014027962265,0.0,0.0,0,0
566201,58.0,58.5,18.0,0.0,0.0,0.0,40.0,1.0,1.0,1.0,0.0,0.0,0.0,0.0,0.0,0.0,100.0,100.0,100.0,1000.0,1000.0,1000.0,34.994014027962265,0,0,34.994014027962265,0.0,0.0,0,0
566401,58.0,58.5,18.0,0.0,0.0,0.0,40.0,1.0,1.0,1.0,0.0,0.0,0.0,0.0,0.0,0.0,100.0,100.0,100.0,1000.0,1000.0,1000.0,34.994014027962265,0,0,34.994014027962265,0.0,0.0,0,0
566601,58.0,58.5,18.0,0.0,0.0,0.0,40.0,1.0,1.0,1.0,0.0,0.0,0.0,0.0,0.0,0.0,100.0,100.0,100.0,1000.0,1000.0,1000.0,34.994014027962265,0,0,34.994014027962265,0.0,0.0,0,0
566801,58.0,58.5,18.0,0.0,0.0,0.0,40.0,1.0,1.0,1.0,0.0,0.0,0.0,0.0,0.0,0.0,100.0,100.0,100.0,1000.0,1000.0,1000.0,34.994014027962265,0,0,34.994014027962265,0.0,0.0,0,0
567001,58.0,58.5,18.0,0.0,0.0,0.0,40.0,1.0,1.0,1.0,0.0,0.0,0.0,0.0,0.0,0.0,100.0,100.0,100.0,1000.0,1000.0,1000.0,34.994014027962265,0,0,34.994014027962265,0.0,0.0,0,0
567201,58.0,58.5,18.0,0.0,0.0,0.0,40.0,1.0,1.0,1.0,0.0,0.0,0.0,0.0,0.0,0.0,100.0,100.0,100.0,1000.0,1000.0,1000.0,34.994014027962265,0,0,34.994014027962265,0.0,0.0,0,0
567401,58.0,58.5,18.0,0.0,0.0,0.0,40.0,1.0,1.0,1.0,0.0,0.0,0.0,0.0,0.0,0.0,100.0,100.0,100.0,1000.0,1000.0,1000.0,34.994014027962265,0,0,34.994014027962265,0.0,0.0,0,0
567601,58.0,58.5,18.0,0.0,0.0,0.0,40.0,1.0,1.0,1.0,0.0,0.0,0.0,0.0,0.0,0.0,100.0,100.0,100.0,1000.0,1000.0,1000.0,34.994014027962265,0,0,34.994014027962265,0.0,0.0,0,0
567801,58.0,58.5,18.0,0.0,0.0,0.0,40.0,1.0,1.0,1.0,0.0,0.0,0.0,0.0,0.0,0.0,100.0,100.0,100.0,1000.0,1000.0,1000.0,34.994014027962265,0,0,34.994014027962265,0.0,0.0,0,0
568001,58.0,58.5,18.0,0.0,0.0,0.0,40.0,1.0,1.0,1.0,0.0,0.0,0.0,0.0,0.0,0.0,100.0,100.0,100.0,1000.0,1000.0,1000.0,34.994014027962265,0,0,34.994014027962265,0.0,0.0,0,0
568201,58.0,58.5,18.0,0.0,0.0,0.0,40.0,1.0,1.0,1.0,0.0,0.0,0.0,0.0,0.0,0.0,100.0,100.0,100.0,1000.0,1000.0,1000.0,34.994014027962265,0,0,34.994014027962265,0.0,0.0,0,0
568401,58.0,58.5,18.0,0.0,0.0,0.0,40.0,1.0,1.0,1.0,0.0,0.0,0.0,0.0,0.0,0.0,100.0,100.0,100.0,1000.0,1000.0,1000.0,34.994014027962265,0,0,34.994014027962265,0.0,0.0,0,0
568601,58.0,58.5,18.0,0.0,0.0,0.0,40.0,1.0,1.0,1.0,0.0,0.0,0.0,0.0,0.0,0.0,100.0,100.0,100.0,1000.0,1000.0,1000.0,34.994014027962265,0,0,34.994014027962265,0.0,0.0,0,0
568801,58.0,58.5,18.0,0.0,0.0,0.0,40.0,1.0,1.0,1.0,0.0,0.0,0.0,0.0,0.0,0.0,100.0,100.0,100.0,1000.0,1000.0,1000.0,34.994014027962265,0,0,34.994014027962265,0.0,0.0,0,1
569001,58.0,58.5,18.0,0.0,0.0,0.0,40.0,1.0,1.0,1.0,0.0,0.0,0.0,0.0,0.0,0.0,100.0,100.0,100.0,1000.0,1000.0,1000.0,34.994014027962265,0,0,34.994014027962265,0.0,0.0,0,0
569201,58.0,58.5,18.0,0.0,0.0,0.0,40.0,1.0,1.0,1.0,0.0,0.0,0.0,0.0,0.0,0.0,100.0,100.0,100.0,1000.0,1000.0,1000.0,34.994014027962265,0,0,34.994014027962265,0.0,0.0,0,0
569401,58.0,58.5,18.0,0.0,0.0,0.0,40.0,1.0,1.0,1.0,0.0,0.0,0.0,0.0,0.0,0.0,100.0,100.0,100.0,1000.0,1000.0,1000.0,34.994014027962265,0,0,34.994014027962265,0.0,0.0,0,0
569601,58.0,58.5,18.0,0.0,0.0,0.0,40.0,1.0,1.0,1.0,0.0,0.0,0.0,0.0,0.0,0.0,100.0,100.0,100.0,1000.0,1000.0,1000.0,34.994014027962265,0,0,34.994014027962265,0.0,0.0,0,0
569801,58.0,58.5,18.0,0.0,0.0,0.0,40.0,1.0,1.0,1.0,0.0,0.0,0.0,0.0,0.0,0.0,100.0,100.0,100.0,1000.0,1000.0,1000.0,34.994014027962265,0,0,34.994014027962265,0.0,0.0,0,0
570001,58.0,58.5,18.0,0.0,0.0,0.0,40.0,1.0,1.0,1.0,0.0,0.0,0.0,0.0,0.0,0.0,100.0,100.0,100.0,1000.0,1000.0,1000.0,34.994014027962265,0,0,34.994014027962265,0.0,0.0,0,0
570201,58.0,58.5,18.0,0.0,0.0,0.0,40.0,1.0,1.0,1.0,0.0,0.0,0.0,0.0,0.0,0.0,100.0,100.0,100.0,1000.0,1000.0,1000.0,51.939913178966854,0,0,51.939913178966854,0.0,0.0,1,0
570401,58.0,58.5,18.0,0.0,0.0,0.0,40.0,1.0,1.0,1.0,0.0,0.0,0.0,0.0,0.0,0.0,100.0,100.0,100.0,1000.0,1000.0,1000.0,51.939913178966854,0,0,51.939913178966854,0.0,0.0,0,0
570601,58.0,58.5,18.0,0.0,0.0,0.0,40.0,1.0,1.0,1.0,0.0,0.0,0.0,0.0,0.0,0.0,100.0,100.0,100.0,1000.0,1000.0,1000.0,51.939913178966854,0,0,51.939913178966854,0.0,0.0,0,0
570801,58.0,58.5,18.0,0.0,0.0,0.0,40.0,1.0,1.0,1.0,0.0,0.0,0.0,0.0,0.0,0.0,100.0,100.0,100.0,1000.0,1000.0,1000.0,51.939913178966854,0,0,51.939913178966854,0.0,0.0,0,0
571001,58.0,58.5,18.0,0.0,0.0,0.0,40.0,1.0,1.0,1.0,0.0,0.0,0.0,0.0,0.0,0.0,100.0,100.0,100.0,1000.0,1000.0,1000.0,51.939913178966854,0,0,51.939913178966854,0.0,0.0,0,0
571201,58.0,58.5,18.0,0.0,0.0,0.0,40.0,1.0,1.0,1.0,0.0,0.0,0.0,0.0,0.0,0.0,100.0,100.0,100.0,1000.0,1000.0,1000.0,51.939913178966854,0,0,51.939913178966854,0.0,0.0,0,0
571401,58.0,58.5,18.0,0.0,0.0,0.0,40.0,1.0,1.0,1.0,0.0,0.0,0.0,0.0,0.0,0.0,100.0,100.0,100.0,1000.0,1000.0,1000.0,51.939913178966854,0,0,51.939913178966854,0.0,0.0,0,0
571601,58.0,58.5,18.0,0.0,0.0,0.0,40.0,1.0,1.0,1.0,0.0,0.0,0.0,0.0,0.0,0.0,100.0,100.0,100.0,1000.0,1000.0,1000.0,51.939913178966854,0,0,51.939913178966854,0.0,0.0,0,0
571801,58.0,58.5,18.0,0.0,0.0,0.0,40.0,1.0,1.0,1.0,0.0,0.0,0.0,0.0,0.0,0.0,100.0,100.0,100.0,1000.0,1000.0,1000.0,51.939913178966854,0,0,51.939913178966854,0.0,0.0,0,0
572001,58.0,58.5,18.0,0.0,0.0,0.0,40.0,1.0,1.0,1.0,0.0,0.0,0.0,0.0,0.0,0.0,100.0,100.0,100.0,1000.0,1000.0,1000.0,51.939913178966854,0,0,51.939913178966854,0.0,0.0,0,0
572201,58.0,58.5,18.0,0.0,0.0,0.0,40.0,1.0,1.0,1.0,0.0,0.0,0.0,0.0,0.0,0.0,100.0,100.0,100.0,1000.0,1000.0,1000.0,51.939913178966854,0,0,51.939913178966854,0.0,0.0,0,0
572401,58.0,58.5,18.0,0.0,0.0,0.0,40.0,1.0,1.0,1.0,0.0,0.0,0.0,0.0,0.0,0.0,100.0,100.0,100.0,1000.0,1000.0,1000.0,51.939913178966854,0,0,51.939913178966854,0.0,0.0,0,0
572601,58.0,58.5,18.0,0.0,0.0,0.0,40.0,1.0,1.0,1.0,0.0,0.0,0.0,0.0,0.0,0.0,100.0,100.0,100.0,1000.0,1000.0,1000.0,51.939913178966854,0,0,51.939913178966854,0.0,0.0,0,0
572801,58.0,58.5,18.0,0.0,0.0,0.0,40.0,1.0,1.0,1.0,0.0,0.0,0.0,0.0,0.0,0.0,100.0,100.0,100.0,1000.0,1000.0,1000.0,51.939913178966854,0,0,51.939913178966854,0.0,0.0,0,0
573001,57.5,58.5,18.0,0.0,0.0,0.0,40.0,1.0,1.0,1.0,0.0,0.0,0.0,0.0,0.0,0.0,100.0,100.0,100.0,1000.0,1000.0,1000.0,51.939913178966854,0,0,51.939913178966854,0.0,0.0,0,0
573201,57.5,58.5,18.0,0.0,0.0,0.0,40.0,1.0,1.0,1.0,0.0,0.0,0.0,0.0,0.0,0.0,100.0,100.0,100.0,1000.0,1000.0,1000.0,51.939913178966854,0,0,51.939913178966854,0.0,0.0,0,0
573401,57.5,58.5,18.0,0.0,0.0,0.0,40.0,1.0,1.0,1.0,0.0,0.0,0.0,0.0,0.0,0.0,100.0,100.0,100.0,1000.0,1000.0,1000.0,51.939913178966854,0,0,51.939913178966854,0.0,0.0,0,0
573601,57.5,58.5,18.0,0.0,0.0,0.0,40.0,1.0,1.0,1.0,0.0,0.0,0.0,0.0,0.0,0.0,100.0,100.0,100.0,1000.0,1000.0,1000.0,51.939913178966854,0,0,51.939913178966854,0.0,0.0,0,0
573801,57.5,58.5,18.0,0.0,0.0,0.0,40.0,1.0,1.0,1.0,0.0,0.0,0.0,0.0,0.0,0.0,100.0,100.0,100.0,1000.0,1000.0,1000.0,51.939913178966854,0,0,51.939913178966854,0.0,0.0,0,0
574001,57.5,58.5,18.0,0.0,0.0,0.0,40.0,1.0,1.0,1.0,0.0,0.0,0.0,0.0,0.0,0.0,100.0,100.0,100.0,1000.0,1000.0,1000.0,51.939913178966854,0,0,51.939913178966854,0.0,0.0,0,0
574201,57.5,58.5,18.0,0.0,0.0,0.0,40.0,1.0,1.0,1.0,0.0,0.0,0.0,0.0,0.0,0.0,100.0,100.0,100.0,1000.0,1000.0,1000.0,51.939913178966854,0,0,51.939913178966854,0.0,0.0,0,0
574401,57.5,58.5,18.0,0.0,0.0,0.0,40.0,1.0,1.0,1.0,0.0,0.0,0.0,0.0,0.0,0.0,100.0,100.0,100.0,1000.0,1000.0,1000.0,51.939913178966854,0,0,51.939913178966854,0.0,0.0,0,0
574601,57.5,58.5,18.0,0.0,0.0,0.0,40.0,1.0,1.0,1.0,0.0,0.0,0.0,0.0,0.0,0.0,100.0,100.0,100.0,1000.0,1000.0,1000.0,51.939913178966854,0,0,51.939913178966854,0.0,0.0,0,0
574801,57.5,58.5,18.0,0.0,0.0,0.0,40.0,1.0,1.0,1.0,0.0,0.0,0.0,0.0,0.0,0.0,100.0,100.0,100.0,1000.0,1000.0,1000.0,51.939913178966854,0,0,51.939913178966854,0.0,0.0,0,0
575001,57.5,58.5,18.0,0.0,0.0,0.0,40.0,1.0,1.0,1.0,0.0,0.0,0.0,0.0,0.0,0.0,100.0,100.0,100.0,1000.0,1000.0,1000.0,51.939913178966854,0,0,51.939913178966854,0.0,0.0,0,0
575201,57.5,58.5,18.0,0.0,0.0,0.0,40.0,1.0,1.0,1.0,0.0,0.0,0.0,0.0,0.0,0.0,100.0,100.0,100.0,1000.0,1000.0,1000.0,51.939913178966854,0,0,51.939913178966854,0.0,0.0,0,0
575401,57.5,58.5,18.0,0.0,0.0,0.0,40.0,1.0,1.0,1.0,0.0,0.0,0.0,0.0,0.0,0.0,100.0,100.0,100.0,1000.0,1000.0,1000.0,51.939913178966854,0,0,51.939913178966854,0.0,0.0,0,0
575601,57.5,58.5,18.0,0.0,0.0,0.0,40.0,1.0,1.0,1.0,0.0,0.0,0.0,0.0,0.0,0.0,100.0,100.0,100.0,1000.0,1000.0,1000.0,51.939913178966854,0,0,51.939913178966854,0.0,0.0,0,0
575801,57.5,58.5,18.0,0.0,0.0,0.0,40.0,1.0,1.0,1.0,0.0,0.0,0.0,0.0,0.0,0.0,100.0,100.0,100.0,1000.0,1000.0,1000.0,51.939913178966854,0,0,51.939913178966854,0.0,0.0,0,0
576001,57.5,58.5,18.0,0.0,0.0,0.0,40.0,1.0,1.0,1.0,0.0,0.0,0.0,0.0,0.0,0.0,100.0,100.0,100.0,1000.0,1000.0,1000.0,51.939913178966854,0,0,51.939913178966854,0.0,0.0,0,0
576201,57.5,58.5,18.0,0.0,0.0,0.0,40.0,1.0,1.0,1.0,0.0,0.0,0.0,0.0,0.0,0.0,100.0,100.0,100.0,1000.0,1000.0,1000.0,51.939913178966854,0,0,51.939913178966854,0.0,0.0,0,0
576401,57.5,58.5,18.0,0.0,0.0,0.0,40.0,1.0,1.0,1.0,0.0,0.0,0.0,0.0,0.0,0.0,100.0,100.0,100.0,1000.0,1000.0,1000.0,51.939913178966854,0,0,51.939913178966854,0.0,0.0,0,0
576601,57.5,58.5,18.0,0.0,0.0,0.0,40.0,1.0,1.0,1.0,0.0,0.0,0.0,0.0,0.0,0.0,100.0,100.0,100.0,1000.0,1000.0,1000.0,51.939913178966854,0,0,51.939913178966854,0.0,0.0,0,0
576801,57.5,58.5,18.0,0.0,0.0,0.0,40.0,1.0,1.0,1.0,0.0,0.0,0.0,0.0,0.0,0.0,100.0,100.0,100.0,1000.0,1000.0,1000.0,51.939913178966854,0,0,51.939913178966854,0.0,0.0,0,0
577001,57.5,58.5,18.0,0.0,0.0,0.0,40.0,1.0,1.0,1.0,0.0,0.0,0.0,0.0,0.0,0.0,100.0,100.0,100.0,1000.0,1000.0,1000.0,51.939913178966854,0,0,51.939913178966854,0.0,0.0,0,0
577201,57.5,58.5,18.0,0.0,0.0,0.0,40.0,1.0,1.0,1.0,0.0,0.0,0.0,0.0,0.0,0.0,100.0,100.0,100.0,1000.0,1000.0,1000.0,51.939913178966854,0,0,51.939913178966854,0.0,0.0,0,0
577401,57.5,58.5,18.0,0.0,0.0,0.0,40.0,1.0,1.0,1.0,0.0,0.0,0.0,0.0,0.0,0.0,100.0,100.0,100.0,1000.0,1000.0,1000.0,51.939913178966854,0,0,51.939913178966854,0.0,0.0,0,0
577601,57.5,58.5,18.0,0.0,0.0,0.0,40.0,1.0,1.0,1.0,0.0,0.0,0.0,0.0,0.0,0.0,100.0,100.0,100.0,1000.0,1000.0,1000.0,51.939913178966854,0,0,51.939913178966854,0.0,0.0,0,0
577801,57.5,58.5,18.0,0.0,0.0,0.0,40.0,1.0,1.0,1.0,0.0,0.0,0.0,0.0,0.0,0.0,100.0,100.0,100.0,1000.0,1000.0,1000.0,51.939913178966854,0,0,51.939913178966854,0.0,0.0,0,0
578001,57.5,58.5,18.0,0.0,0.0,0.0,40.0,1.0,1.0,1.0,0.0,0.0,0.0,0.0,0.0,0.0,100.0,100.0,100.0,1000.0,1000.0,1000.0,51.939913178966854,0,0,51.939913178966854,0.0,0.0,0,0
578201,57.5,58.5,18.0,0.0,0.0,0.0,40.0,1.0,1.0,1.0,0.0,0.0,0.0,0.0,0.0,0.0,100.0,100.0,100.0,1000.0,1000.0,1000.0,51.939913178966854,0,0,51.939913178966854,0.0,0.0,0,0
578401,57.5,58.5,18.0,0.0,0.0,0.0,40.0,1.0,1.0,1.0,0.0,0.0,0.0,0.0,0.0,0.0,100.0,100.0,100.0,1000.0,1000.0,1000.0,51.939913178966854,0,0,51.939913178966854,0.0,0.0,0,0
578601,57.5,58.5,18.0,0.0,0.0,0.0,40.0,1.0,1.0,1.0,0.0,0.0,0.0,0.0,0.0,0.0,100.0,100.0,100.0,1000.0,1000.0,1000.0,51.939913178966854,0,0,51.939913178966854,0.0,0.0,0,0
578801,57.5,58.5,18.0,0.0,0.0,0.0,40.0,1.0,1.0,1.0,0.0,0.0,0.0,0.0,0.0,0.0,100.0,100.0,100.0,1000.0,1000.0,1000.0,51.939913178966854,0,0,51.939913178966854,0.0,0.0,0,0
579001,57.5,58.5,18.0,0.0,0.0,0.0,40.0,1.0,1.0,1.0,0.0,0.0,0.0,0.0,0.0,0.0,100.0,100.0,100.0,1000.0,1000.0,1000.0,51.939913178966854,0,0,51.939913178966854,0.0,0.0,0,0
579201,57.5,58.5,18.0,0.0,0.0,0.0,40.0,1.0,1.0,1.0,0.0,0.0,0.0,0.0,0.0,0.0,100.0,100.0,100.0,1000.0,1000.0,1000.0,51.939913178966854,0,0,51.939913178966854,0.0,0.0,0,0
579401,57.5,58.5,18.0,0.0,0.0,0.0,40.0,1.0,1.0,1.0,0.0,0.0,0.0,0.0,0.0,0.0,100.0,100.0,100.0,1000.0,1000.0,1000.0,51.939913178966854,0,0,51.939913178966854,0.0,0.0,0,0
579601,57.5,58.5,18.0,0.0,0.0,0.0,40.0,1.0,1.0,1.0,0.0,0.0,0.0,0.0,0.0,0.0,100.0,100.0,100.0,1000.0,1000.0,1000.0,51.939913178966854,0,0,51.939913178966854,0.0,0.0,0,0
579801,57.5,58.5,18.0,0.0,0.0,0.0,40.0,1.0,1.0,1.0,0.0,0.0,0.0,0.0,0.0,0.0,100.0,100.0,100.0,1000.0,1000.0,1000.0,51.939913178966854,0,0,51.939913178966854,0.0,0.0,0,0
580001,57.5,58.5,18.0,0.0,0.0,0.0,40.0,1.0,1.0,1.0,0.0,0.0,0.0,0.0,0.0,0.0,100.0,100.0,100.0,1000.0,1000.0,1000.0,51.939913178966854,0,0,51.939913178966854,0.0,0.0,0,0
580201,57.5,58.5,18.0,0.0,0.0,0.0,40.0,1.0,1.0,1.0,0.0,0.0,0.0,0.0,0.0,0.0,100.0,100.0,100.0,1000.0,1000.0,1000.0,51.939913178966854,0,0,51.939913178966854,0.0,0.0,0,0
580401,57.5,58.5,18.0,0.0,0.0,0.0,40.0,1.0,1.0,1.0,0.0,0.0,0.0,0.0,0.0,0.0,100.0,100.0,100.0,1000.0,1000.0,1000.0,51.939913178966854,0,0,51.939913178966854,0.0,0.0,0,0
580601,57.5,58.5,18.0,0.0,0.0,0.0,40.0,1.0,1.0,1.0,0.0,0.0,0.0,0.0,0.0,0.0,100.0,100.0,100.0,1000.0,1000.0,1000.0,51.939913178966854,0,0,51.939913178966854,0.0,0.0,0,0
580801,57.5,58.5,18.0,0.0,0.0,0.0,40.0,1.0,1.0,1.0,0.0,0.0,0.0,0.0,0.0,0.0,100.0,100.0,100.0,1000.0,1000.0,1000.0,51.939913178966854,0,0,51.939913178966854,0.0,0.0,0,0
581001,57.5,58.5,18.0,0.0,0.0,0.0,40.0,1.0,1.0,1.0,0.0,0.0,0.0,0.0,0.0,0.0,100.0,100.0,100.0,1000.0,1000.0,1000.0,51.939913178966854,0,0,51.939913178966854,0.0,0.0,0,0
581201,57.5,58.5,18.0,0.0,0.0,0.0,40.0,1.0,1.0,1.0,0.0,0.0,0.0,0.0,0.0,0.0,100.0,100.0,100.0,1000.0,1000.0,1000.0,51.939913178966854,0,0,51.939913178966854,0.0,0.0,0,0
581401,57.5,58.5,18.0,0.0,0.0,0.0,40.0,1.0,1.0,1.0,0.0,0.0,0.0,0.0,0.0,0.0,100.0,100.0,100.0,1000.0,1000.0,1000.0,51.939913178966854,0,0,51.939913178966854,0.0,0.0,0,0
581601,57.5,58.5,18.0,0.0,0.0,0.0,40.0,1.0,1.0,1.0,0.0,0.0,0.0,0.0,0.0,0.0,100.0,100.0,100.0,1000.0,1000.0,1000.0,51.939913178966854,0,0,51.939913178966854,0.0,0.0,0,0
581801,57.5,58.5,18.0,0.0,0.0,0.0,40.0,1.0,1.0,1.0,0.0,0.0,0.0,0.0,0.0,0.0,100.0,100.0,100.0,1000.0,1000.0,1000.0,51.939913178966854,0,0,51.939913178966854,0.0,0.0,0,0
582001,57.5,58.5,18.0,0.0,0.0,0.0,40.0,1.0,1.0,1.0,0.0,0.0,0.0,0.0,0.0,0.0,100.0,100.0,100.0,1000.0,1000.0,1000.0,51.939913178966854,0,0,51.939913178966854,0.0,0.0,0,0
582201,57.5,58.5,18.0,0.0,0.0,0.0,40.0,1.0,1.0,1.0,0.0,0.0,0.0,0.0,0.0,0.0,100.0,100.0,100.0,1000.0,1000.0,1000.0,51.939913178966854,0,0,51.939913178966854,0.0,0.0,0,0
582401,57.5,58.5,18.0,0.0,0.0,0.0,40.0,1.0,1.0,1.0,0.0,0.0,0.0,0.0,0.0,0.0,100.0,100.0,100.0,1000.0,1000.0,1000.0,51.939913178966854,0,0,51.939913178966854,0.0,0.0,0,0
582601,57.5,58.5,18.0,0.0,0.0,0.0,40.0,1.0,1.0,1.0,0.0,0.0,0.0,0.0,0.0,0.0,100.0,100.0,100.0,1000.0,1000.0,1000.0,51.939913178966854,0,0,51.939913178966854,0.0,0.0,0,0
582801,57.5,58.5,18.0,0.0,0.0,0.0,40.0,1.0,1.0,1.0,0.0,0.0,0.0,0.0,0.0,0.0,100.0,100.0,100.0,1000.0,1000.0,1000.0,51.939913178966854,0,0,51.939913178966854,0.0,0.0,0,0
583001,57.5,58.5,18.0,0.0,0.0,0.0,40.0,1.0,1.0,1.0,0.0,0.0,0.0,0.0,0.0,0.0,100.0,100.0,100.0,1000.0,1000.0,1000.0,51.939913178966854,0,0,51.939913178966854,0.0,0.0,0,0
583201,57.5,58.5,18.0,0.0,0.0,0.0,40.0,1.0,1.0,1.0,0.0,0.0,0.0,0.0,0.0,0.0,100.0,100.0,100.0,1000.0,1000.0,1000.0,51.939913178966854,0,0,51.939913178966854,0.0,0.0,0,0
583401,57.5,58.5,18.0,0.0,0.0,0.0,40.0,1.0,1.0,1.0,0.0,0.0,0.0,0.0,0.0,0.0,100.0,100.0,100.0,1000.0,1000.0,1000.0,51.939913178966854,0,0,51.939913178966854,0.0,0.0,0,0
583601,57.5,58.5,18.0,0.0,0.0,0.0,40.0,1.0,1.0,1.0,0.0,0.0,0.0,0.0,0.0,0.0,100.0,100.0,100.0,1000.0,1000.0,1000.0,51.939913178966854,0,0,51.939913178966854,0.0,0.0,0,0
583801,57.5,58.5,18.0,0.0,0.0,0.0,40.0,1.0,1.0,1.0,0.0,0.0,0.0,0.0,0.0,0.0,100.0,100.0,100.0,1000.0,1000.0,1000.0,51.939913178966854,0,0,51.939913178966854,0.0,0.0,0,0
584001,57.5,58.5,18.0,0.0,0.0,0.0,40.0,1.0,1.0,1.0,0.0,0.0,0.0,0.0,0.0,0.0,100.0,100.0,100.0,1000.0,1000.0,1000.0,51.939913178966854,0,0,51.939913178966854,0.0,0.0,0,0
584201,57.5,58.5,18.0,0.0,0.0,0.0,40.0,1.0,1.0,1.0,0.0,0.0,0.0,0.0,0.0,0.0,100.0,100.0,100.0,1000.0,1000.0,1000.0,51.939913178966854,0,0,51.939913178966854,0.0,0.0,0,0
584401,57.5,58.5,18.0,0.0,0.0,0.0,40.0,1.0,1.0,1.0,0.0,0.0,0.0,0.0,0.0,0.0,100.0,100.0,100.0,1000.0,1000.0,1000.0,51.939913178966854,0,0,51.939913178966854,0.0,0.0,0,0
584601,57.5,58.5,18.0,0.0,0.0,0.0,40.0,1.0,1.0,1.0,0.0,0.0,0.0,0.0,0.0,0.0,100.0,100.0,100.0,1000.0,1000.0,1000.0,51.939913178966854,0,0,51.939913178966854,0.0,0.0,0,0
584801,57.5,58.5,18.0,0.0,0.0,0.0,40.0,1.0,1.0,1.0,0.0,0.0,0.0,0.0,0.0,0.0,100.0,100.0,100.0,1000.0,1000.0,1000.0,51.939913178966854,0,0,51.939913178966854,0.0,0.0,0,0
585001,57.5,58.5,18.0,0.0,0.0,0.0,40.0,1.0,1.0,1.0,0.0,0.0,0.0,0.0,0.0,0.0,100.0,100.0,100.0,1000.0,1000.0,1000.0,51.939913178966854,0,0,51.939913178966854,0.0,0.0,0,0
585201,57.5,58.5,18.0,0.0,0.0,0.0,40.0,1.0,1.0,1.0,0.0,0.0,0.0,0.0,0.0,0.0,100.0,100.0,100.0,1000.0,1000.0,1000.0,42.17549661025522,0,0,42.17549661025522,0.0,0.0,1,0
585401,57.5,58.5,18.0,0.0,0.0,0.0,40.0,1.0,1.0,1.0,0.0,0.0,0.0,0.0,0.0,0.0,100.0,100.0,100.0,1000.0,1000.0,1000.0,42.17549661025522,0,0,42.17549661025522,0.0,0.0,0,0
585601,57.5,58.5,18.0,0.0,0.0,0.0,40.0,1.0,1.0,1.0,0.0,0.0,0.0,0.0,0.0,0.0,100.0,100.0,100.0,1000.0,1000.0,1000.0,42.17549661025522,0,0,42.17549661025522,0.0,0.0,0,0
585801,57.5,58.5,18.0,0.0,0.0,0.0,40.0,1.0,1.0,1.0,0.0,0.0,0.0,0.0,0.0,0.0,100.0,100.0,100.0,1000.0,1000.0,1000.0,42.17549661025522,0,0,42.17549661025522,0.0,0.0,0,0
586001,57.5,58.5,18.0,0.0,0.0,0.0,40.0,1.0,1.0,1.0,0.0,0.0,0.0,0.0,0.0,0.0,100.0,100.0,100.0,1000.0,1000.0,1000.0,42.17549661025522,0,0,42.17549661025522,0.0,0.0,0,0
586201,57.5,58.5,18.0,0.0,0.0,0.0,40.0,1.0,1.0,1.0,0.0,0.0,0.0,0.0,0.0,0.0,100.0,100.0,100.0,1000.0,1000.0,1000.0,42.17549661025522,0,0,42.17549661025522,0.0,0.0,0,0
586401,57.5,58.5,18.0,0.0,0.0,0.0,40.0,1.0,1.0,1.0,0.0,0.0,0.0,0.0,0.0,0.0,100.0,100.0,100.0,1000.0,1000.0,1000.0,42.17549661025522,0,0,42.17549661025522,0.0,0.0,0,0
586601,57.5,58.5,18.0,0.0,0.0,0.0,40.0,1.0,1.0,1.0,0.0,0.0,0.0,0.0,0.0,0.0,100.0,100.0,100.0,1000.0,1000.0,1000.0,42.17549661025522,0,0,42.17549661025522,0.0,0.0,0,0
586801,57.5,58.5,18.0,0.0,0.0,0.0,40.0,1.0,1.0,1.0,0.0,0.0,0.0,0.0,0.0,0.0,100.0,100.0,100.0,1000.0,1000.0,1000.0,42.17549661025522,0,0,42.17549661025522,0.0,0.0,0,0
587001,57.5,58.5,18.0,0.0,0.0,0.0,40.0,1.0,1.0,1.0,0.0,0.0,0.0,0.0,0.0,0.0,100.0,100.0,100.0,1000.0,1000.0,1000.0,42.17549661025522,0,0,42.17549661025522,0.0,0.0,0,0
587201,57.5,58.5,18.0,0.0,0.0,0.0,40.0,1.0,1.0,1.0,0.0,0.0,0.0,0.0,0.0,0.0,100.0,100.0,100.0,1000.0,1000.0,1000.0,42.17549661025522,0,0,42.17549661025522,0.0,0.0,0,0
587401,57.5,58.5,18.0,0.0,0.0,0.0,40.0,1.0,1.0,1.0,0.0,0.0,0.0,0.0,0.0,0.0,100.0,100.0,100.0,1000.0,1000.0,1000.0,42.17549661025522,0,0,42.17549661025522,0.0,0.0,0,0
587601,57.5,58.5,18.0,0.0,0.0,0.0,40.0,1.0,1.0,1.0,0.0,0.0,0.0,0.0,0.0,0.0,100.0,100.0,100.0,1000.0,1000.0,1000.0,42.17549661025522,0,0,42.17549661025522,0.0,0.0,0,0
587801,57.5,58.5,18.0,0.0,0.0,0.0,40.0,1.0,1.0,1.0,0.0,0.0,0.0,0.0,0.0,0.0,100.0,100.0,100.0,1000.0,1000.0,1000.0,42.17549661025522,0,0,42.17549661025522,0.0,0.0,0,0
588001,58.0,58.5,18.0,0.0,0.0,0.0,40.0,1.0,1.0,1.0,0.0,0.0,0.0,0.0,0.0,0.0,100.0,100.0,100.0,1000.0,1000.0,1000.0,42.17549661025522,0,0,42.17549661025522,0.0,0.0,0,0
588201,58.0,58.5,18.0,0.0,0.0,0.0,40.0,1.0,1.0,1.0,0.0,0.0,0.0,0.0,0.0,0.0,100.0,100.0,100.0,1000.0,1000.0,1000.0,42.17549661025522,0,0,42.17549661025522,0.0,0.0,0,0
588401,58.0,58.5,18.0,0.0,0.0,0.0,40.0,1.0,1.0,1.0,0.0,0.0,0.0,0.0,0.0,0.0,100.0,100.0,100.0,1000.0,1000.0,1000.0,42.17549661025522,0,0,42.17549661025522,0.0,0.0,0,0
588601,58.0,58.5,18.0,0.0,0.0,0.0,40.0,1.0,1.0,1.0,0.0,0.0,0.0,0.0,0.0,0.0,100.0,100.0,100.0,1000.0,1000.0,1000.0,42.17549661025522,0,0,42.17549661025522,0.0,0.0,0,0
588801,58.0,58.5,18.0,0.0,0.0,0.0,40.0,1.0,1.0,1.0,0.0,0.0,0.0,0.0,0.0,0.0,100.0,100.0,100.0,1000.0,1000.0,1000.0,42.17549661025522,0,0,42.17549661025522,0.0,0.0,0,0
589001,58.0,58.5,18.0,0.0,0.0,0.0,40.0,1.0,1.0,1.0,0.0,0.0,0.0,0.0,0.0,0.0,100.0,100.0,100.0,1000.0,1000.0,1000.0,42.17549661025522,0,0,42.17549661025522,0.0,0.0,0,0
589201,58.0,58.5,18.0,0.0,0.0,0.0,40.0,1.0,1.0,1.0,0.0,0.0,0.0,0.0,0.0,0.0,100.0,100.0,100.0,1000.0,1000.0,1000.0,42.17549661025522,0,0,42.17549661025522,0.0,0.0,0,0
589401,58.0,58.5,18.0,0.0,0.0,0.0,40.0,1.0,1.0,1.0,0.0,0.0,0.0,0.0,0.0,0.0,100.0,100.0,100.0,1000.0,1000.0,1000.0,42.17549661025522,0,0,42.17549661025522,0.0,0.0,0,0
589601,58.0,58.5,18.0,0.0,0.0,0.0,40.0,1.0,1.0,1.0,0.0,0.0,0.0,0.0,0.0,0.0,100.0,100.0,100.0,1000.0,1000.0,1000.0,42.17549661025522,0,0,42.17549661025522,0.0,0.0,0,0
589801,58.0,58.5,18.0,0.0,0.0,0.0,40.0,1.0,1.0,1.0,0.0,0.0,0.0,0.0,0.0,0.0,100.0,100.0,100.0,1000.0,1000.0,1000.0,42.17549661025522,0,0,42.17549661025522,0.0,0.0,0,0
590001,58.0,58.5,18.0,0.0,0.0,0.0,40.0,1.0,1.0,1.0,0.0,0.0,0.0,0.0,0.0,0.0,100.0,100.0,100.0,1000.0,1000.0,1000.0,42.17549661025522,0,0,42.17549661025522,0.0,0.0,0,0
590201,58.0,58.5,18.0,0.0,0.0,0.0,40.0,1.0,1.0,1.0,0.0,0.0,0.0,0.0,0.0,0.0,100.0,100.0,100.0,1000.0,1000.0,1000.0,42.17549661025522,0,0,42.17549661025522,0.0,0.0,0,0
590401,58.0,58.5,18.0,0.0,0.0,0.0,40.0,1.0,1.0,1.0,0.0,0.0,0.0,0.0,0.0,0.0,100.0,100.0,100.0,1000.0,1000.0,1000.0,42.17549661025522,0,0,42.17549661025522,0.0,0.0,0,0
590601,58.0,58.5,18.0,0.0,0.0,0.0,40.0,1.0,1.0,1.0,0.0,0.0,0.0,0.0,0.0,0.0,100.0,100.0,100.0,1000.0,1000.0,1000.0,42.17549661025522,0,0,42.17549661025522,0.0,0.0,0,0
590801,58.0,58.5,18.0,0.0,0.0,0.0,40.0,1.0,1.0,1.0,0.0,0.0,0.0,0.0,0.0,0.0,100.0,100.0,100.0,1000.0,1000.0,1000.0,42.17549661025522,0,0,42.17549661025522,0.0,0.0,0,0
591001,58.0,58.5,18.0,0.0,0.0,0.0,40.0,1.0,1.0,1.0,0.0,0.0,0.0,0.0,0.0,0.0,100.0,100.0,100.0,1000.0,1000.0,1000.0,42.17549661025522,0,0,42.17549661025522,0.0,0.0,0,0
591201,58.0,58.5,18.0,0.0,0.0,0.0,40.0,1.0,1.0,1.0,0.0,0.0,0.0,0.0,0.0,0.0,100.0,100.0,100.0,1000.0,1000.0,1000.0,42.17549661025522,0,0,42.17549661025522,0.0,0.0,0,0
591401,58.0,58.5,18.0,0.0,0.0,0.0,40.0,1.0,1.0,1.0,0.0,0.0,0.0,0.0,0.0,0.0,100.0,100.0,100.0,1000.0,1000.0,1000.0,42.17549661025522,0,0,42.17549661025522,0.0,0.0,0,0
591601,58.0,58.5,18.0,0.0,0.0,0.0,40.0,1.0,1.0,1.0,0.0,0.0,0.0,0.0,0.0,0.0,100.0,100.0,100.0,1000.0,1000.0,1000.0,42.17549661025522,0,0,42.17549661025522,0.0,0.0,0,0
591801,58.0,58.5,18.0,0.0,0.0,0.0,40.0,1.0,1.0,1.0,0.0,0.0,0.0,0.0,0.0,0.0,100.0,100.0,100.0,1000.0,1000.0,1000.0,42.17549661025522,0,0,42.17549661025522,0.0,0.0,0,0
592001,58.0,58.5,18.0,0.0,0.0,0.0,40.0,1.0,1.0,1.0,0.0,0.0,0.0,0.0,0.0,0.0,100.0,100.0,100.0,1000.0,1000.0,1000.0,42.17549661025522,0,0,42.17549661025522,0.0,0.0,0,0
592201,58.0,58.5,18.0,0.0,0.0,0.0,40.0,1.0,1.0,1.0,0.0,0.0,0.0,0.0,0.0,0.0,100.0,100.0,100.0,1000.0,1000.0,1000.0,42.17549661025522,0,0,42.17549661025522,0.0,0.0,0,0
592401,58.0,58.5,18.0,0.0,0.0,0.0,40.0,1.0,1.0,1.0,0.0,0.0,0.0,0.0,0.0,0.0,100.0,100.0,100.0,1000.0,1000.0,1000.0,42.17549661025522,0,0,42.17549661025522,0.0,0.0,0,0
592601,58.0,58.5,18.0,0.0,0.0,0.0,40.0,1.0,1.0,1.0,0.0,0.0,0.0,0.0,0.0,0.0,100.0,100.0,100.0,1000.0,1000.0,1000.0,42.17549661025522,0,0,42.17549661025522,0.0,0.0,0,0
592801,58.0,58.5,18.0,0.0,0.0,0.0,40.0,1.0,1.0,1.0,0.0,0.0,0.0,0.0,0.0,0.0,100.0,100.0,100.0,1000.0,1000.0,1000.0,42.17549661025522,0,0,42.17549661025522,0.0,0.0,0,0
593001,58.0,58.5,18.0,0.0,0.0,0.0,40.0,1.0,1.0,1.0,0.0,0.0,0.0,0.0,0.0,0.0,100.0,100.0,100.0,1000.0,1000.0,1000.0,42.17549661025522,0,0,42.17549661025522,0.0,0.0,0,0
593201,58.0,58.5,18.0,0.0,0.0,0.0,40.0,1.0,1.0,1.0,0.0,0.0,0.0,0.0,0.0,0.0,100.0,100.0,100.0,1000.0,1000.0,1000.0,42.17549661025522,0,0,42.17549661025522,0.0,0.0,0,0
593401,58.0,58.5,18.0,0.0,0.0,0.0,40.0,1.0,1.0,1.0,0.0,0.0,0.0,0.0,0.0,0.0,100.0,100.0,100.0,1000.0,1000.0,1000.0,42.17549661025522,0,0,42.17549661025522,0.0,0.0,0,0
593601,58.0,58.5,18.0,0.0,0.0,0.0,40.0,1.0,1.0,1.0,0.0,0.0,0.0,0.0,0.0,0.0,100.0,100.0,100.0,1000.0,1000.0,1000.0,42.17549661025522,0,0,42.17549661025522,0.0,0.0,0,0
593801,58.0,58.5,18.0,0.0,0.0,0.0,40.0,1.0,1.0,1.0,0.0,0.0,0.0,0.0,0.0,0.0,100.0,100.0,100.0,1000.0,1000.0,1000.0,42.17549661025522,0,0,42.17549661025522,0.0,0.0,0,0
594001,58.0,58.5,18.0,0.0,0.0,0.0,40.0,1.0,1.0,1.0,0.0,0.0,0.0,0.0,0.0,0.0,100.0,100.0,100.0,1000.0,1000.0,1000.0,42.17549661025522,0,0,42.17549661025522,0.0,0.0,0,0
594201,58.0,58.5,18.0,0.0,0.0,0.0,40.0,1.0,1.0,1.0,0.0,0.0,0.0,0.0,0.0,0.0,100.0,100.0,100.0,1000.0,1000.0,1000.0,42.17549661025522,0,0,42.17549661025522,0.0,0.0,0,0
594401,58.0,58.5,18.0,0.0,0.0,0.0,40.0,1.0,1.0,1.0,0.0,0.0,0.0,0.0,0.0,0.0,100.0,100.0,100.0,1000.0,1000.0,1000.0,42.17549661025522,0,0,42.17549661025522,0.0,0.0,0,0
594601,58.0,58.5,18.0,0.0,0.0,0.0,40.0,1.0,1.0,1.0,0.0,0.0,0.0,0.0,0.0,0.0,100.0,100.0,100.0,1000.0,1000.0,1000.0,42.17549661025522,0,0,42.17549661025522,0.0,0.0,0,0
594801,58.0,58.5,18.0,0.0,0.0,0.0,40.0,1.0,1.0,1.0,0.0,0.0,0.0,0.0,0.0,0.0,100.0,100.0,100.0,1000.0,1000.0,1000.0,42.17549661025522,0,0,42.17549661025522,0.0,0.0,0,0
595001,58.0,58.5,18.0,0.0,0.0,0.0,40.0,1.0,1.0,1.0,0.0,0.0,0.0,0.0,0.0,0.0,100.0,100.0,100.0,1000.0,1000.0,1000.0,42.17549661025522,0,0,42.17549661025522,0.0,0.0,0,0
595201,58.0,58.5,18.0,0.0,0.0,0.0,40.0,1.0,1.0,1.0,0.0,0.0,0.0,0.0,0.0,0.0,100.0,100.0,100.0,1000.0,1000.0,1000.0,42.17549661025522,0,0,42.17549661025522,0.0,0.0,0,0
595401,58.0,58.5,18.0,0.0,0.0,0.0,40.0,1.0,1.0,1.0,0.0,0.0,0.0,0.0,0.0,0.0,100.0,100.0,100.0,1000.0,1000.0,1000.0,42.17549661025522,0,0,42.17549661025522,0.0,0.0,0,0
595601,58.0,58.5,18.0,0.0,0.0,0.0,40.0,1.0,1.0,1.0,0.0,0.0,0.0,0.0,0.0,0.0,100.0,100.0,100.0,1000.0,1000.0,1000.0,42.17549661025522,0,0,42.17549661025522,0.0,0.0,0,0
595801,58.0,58.5,18.0,0.0,0.0,0.0,40.0,1.0,1.0,1.0,0.0,0.0,0.0,0.0,0.0,0.0,100.0,100.0,100.0,1000.0,1000.0,1000.0,42.17549661025522,0,0,42.17549661025522,0.0,0.0,0,0
596001,58.0,58.5,18.0,0.0,0.0,0.0,40.0,1.0,1.0,1.0,0.0,0.0,0.0,0.0,0.0,0.0,100.0,100.0,100.0,1000.0,1000.0,1000.0,42.17549661025522,0,0,42.17549661025522,0.0,0.0,0,0
596201,58.0,58.5,18.0,0.0,0.0,0.0,40.0,1.0,1.0,1.0,0.0,0.0,0.0,0.0,0.0,0.0,100.0,100.0,100.0,1000.0,1000.0,1000.0,42.17549661025522,0,0,42.17549661025522,0.0,0.0,0,0
596401,58.0,58.5,18.0,0.0,0.0,0.0,40.0,1.0,1.0,1.0,0.0,0.0,0.0,0.0,0.0,0.0,100.0,100.0,100.0,1000.0,1000.0,1000.0,42.17549661025522,0,0,42.17549661025522,0.0,0.0,0,0
596601,58.0,58.5,18.0,0.0,0.0,0.0,40.0,1.0,1.0,1.0,0.0,0.0,0.0,0.0,0.0,0.0,100.0,100.0,100.0,1000.0,1000.0,1000.0,42.17549661025522,0,0,42.17549661025522,0.0,0.0,0,0
596801,58.0,58.5,18.0,0.0,0.0,0.0,40.0,1.0,1.0,1.0,0.0,0.0,0.0,0.0,0.0,0.0,100.0,100.0,100.0,1000.0,1000.0,1000.0,42.17549661025522,0,0,42.17549661025522,0.0,0.0,0,0
597001,58.0,58.5,18.0,0.0,0.0,0.0,40.0,1.0,1.0,1.0,0.0,0.0,0.0,0.0,0.0,0.0,100.0,100.0,100.0,1000.0,1000.0,1000.0,42.17549661025522,0,0,42.17549661025522,0.0,0.0,0,0
597201,58.0,58.5,18.0,0.0,0.0,0.0,40.0,1.0,1.0,1.0,0.0,0.0,0.0,0.0,0.0,0.0,100.0,100.0,100.0,1000.0,1000.0,1000.0,42.17549661025522,0,0,42.17549661025522,0.0,0.0,0,0
597401,58.0,58.5,18.0,0.0,0.0,0.0,40.0,1.0,1.0,1.0,0.0,0.0,0.0,0.0,0.0,0.0,100.0,100.0,100.0,1000.0,1000.0,1000.0,42.17549661025522,0,0,42.17549661025522,0.0,0.0,0,0
597601,58.0,58.5,18.0,0.0,0.0,0.0,40.0,1.0,1.0,1.0,0.0,0.0,0.0,0.0,0.0,0.0,100.0,100.0,100.0,1000.0,1000.0,1000.0,42.17549661025522,0,0,42.17549661025522,0.0,0.0,0,0
597801,58.0,58.5,18.0,0.0,0.0,0.0,40.0,1.0,1.0,1.0,0.0,0.0,0.0,0.0,0.0,0.0,100.0,100.0,100.0,1000.0,1000.0,1000.0,42.17549661025522,0,0,42.17549661025522,0.0,0.0,0,0
598001,58.0,58.5,18.0,0.0,0.0,0.0,40.0,1.0,1.0,1.0,0.0,0.0,0.0,0.0,0.0,0.0,100.0,100.0,100.0,1000.0,1000.0,1000.0,42.17549661025522,0,0,42.17549661025522,0.0,0.0,0,0
598201,58.0,58.5,18.0,0.0,0.0,0.0,40.0,1.0,1.0,1.0,0.0,0.0,0.0,0.0,0.0,0.0,100.0,100.0,100.0,1000.0,1000.0,1000.0,42.17549661025522,0,0,42.17549661025522,0.0,0.0,0,0
598401,58.0,58.5,18.0,0.0,0.0,0.0,40.0,1.0,1.0,1.0,0.0,0.0,0.0,0.0,0.0,0.0,100.0,100.0,100.0,1000.0,1000.0,1000.0,42.17549661025522,0,0,42.17549661025522,0.0,0.0,0,0
598601,58.0,58.5,18.0,0.0,0.0,0.0,40.0,1.0,1.0,1.0,0.0,0.0,0.0,0.0,0.0,0.0,100.0,100.0,100.0,1000.0,1000.0,1000.0,42.17549661025522,0,0,42.17549661025522,0.0,0.0,0,0
598801,58.0,58.5,18.0,0.0,0.0,0.0,40.0,1.0,1.0,1.0,0.0,0.0,0.0,0.0,0.0,0.0,100.0,100.0,100.0,1000.0,1000.0,1000.0,42.17549661025522,0,0,42.17549661025522,0.0,0.0,0,0
599001,58.0,58.5,18.0,0.0,0.0,0.0,40.0,1.0,1.0,1.0,0.0,0.0,0.0,0.0,0.0,0.0,100.0,100.0,100.0,1000.0,1000.0,1000.0,42.17549661025522,0,0,42.17549661025522,0.0,0.0,0,0
599201,58.0,58.5,18.0,0.0,0.0,0.0,40.0,1.0,1.0,1.0,0.0,0.0,0.0,0.0,0.0,0.0,100.0,100.0,100.0,1000.0,1000.0,1000.0,42.17549661025522,0,0,42.17549661025522,0.0,0.0,0,0
599401,58.0,58.5,18.0,0.0,0.0,0.0,40.0,1.0,1.0,1.0,0.0,0.0,0.0,0.0,0.0,0.0,100.0,100.0,100.0,1000.0,1000.0,1000.0,42.17549661025522,0,0,42.17549661025522,0.0,0.0,0,0
599601,58.0,58.5,18.0,0.0,0.0,0.0,40.0,1.0,1.0,1.0,0.0,0.0,0.0,0.0,0.0,0.0,100.0,100.0,100.0,1000.0,1000.0,1000.0,42.17549661025522,0,0,42.17549661025522,0.0,0.0,0,0
599801,58.0,58.5,18.0,0.0,0.0,0.0,40.0,1.0,1.0,1.0,0.0,0.0,0.0,0.0,0.0,0.0,100.0,100.0,100.0,1000.0,1000.0,1000.0,42.17549661025522,0,0,42.17549661025522,0.0,0.0,0,0
600001,58.0,58.5,18.0,0.0,0.0,0.0,40.0,1.0,1.0,1.0,0.0,0.0,100.0,0.0,0.0,0.0,100.0,100.0,100.0,1000.0,1000.0,1000.0,42.17549661025522,0,0,42.17549661025522,0.0,100.0,0,0
600201,58.0,58.5,18.0,0.0,0.0,0.0,40.0,1.0,1.0,1.0,0.0,0.0,100.0,0.0,0.0,0.0,100.0,100.0,100.0,1000.0,1000.0,1000.0,51.09510548903686,0,0,51.09510548903686,0.0,100.0,1,0
600401,58.0,58.5,18.0,0.0,0.0,0.0,40.0,1.0,1.0,1.0,0.0,0.0,100.0,0.0,0.0,0.0,100.0,100.0,100.0,1000.0,1000.0,1000.0,51.09510548903686,0,0,51.09510548903686,0.0,100.0,0,0
600601,58.0,58.5,18.0,0.0,0.0,0.0,40.0,1.0,1.0,1.0,0.0,0.0,100.0,0.0,0.0,0.0,100.0,100.0,100.0,1000.0,1000.0,1000.0,51.09510548903686,0,0,51.09510548903686,0.0,100.0,0,0
600801,58.0,58.5,18.0,0.0,0.0,0.0,40.0,1.0,1.0,1.0,0.0,0.0,100.0,0.0,0.0,0.0,100.0,100.0,100.0,1000.0,1000.0,1000.0,51.09510548903686,0,0,51.09510548903686,0.0,100.0,0,0
601001,58.0,58.5,18.0,0.0,0.0,0.0,40.0,1.0,1.0,1.0,0.0,0.0,100.0,0.0,0.0,0.0,100.0,100.0,100.0,1000.0,1000.0,1000.0,51.09510548903686,0,0,51.09510548903686,0.0,100.0,0,0
601201,58.0,58.5,18.0,0.0,0.0,0.0,40.0,1.0,1.0,1.0,0.0,0.0,100.0,0.0,0.0,0.0,100.0,100.0,100.0,1000.0,1000.0,1000.0,51.09510548903686,0,0,51.09510548903686,0.0,100.0,0,0
601401,58.0,58.5,18.0,0.0,0.0,0.0,40.0,1.0,1.0,1.0,0.0,0.0,100.0,0.0,0.0,0.0,100.0,100.0,100.0,1000.0,1000.0,1000.0,51.09510548903686,0,0,51.09510548903686,0.0,100.0,0,0
601601,57.5,58.5,18.0,0.0,0.0,0.0,40.0,1.0,1.0,1.0,0.0,0.0,100.0,0.0,0.0,0.0,100.0,100.0,100.0,1000.0,1000.0,1000.0,51.09510548903686,0,0,51.09510548903686,0.0,100.0,0,0
601801,57.5,58.5,18.0,0.0,0.0,0.0,40.0,1.0,1.0,1.0,0.0,0.0,100.0,0.0,0.0,0.0,100.0,100.0,100.0,1000.0,1000.0,1000.0,51.09510548903686,0,0,51.09510548903686,0.0,100.0,0,0
602001,56.5,58.0,18.0,0.0,0.0,0.0,40.0,1.0,1.0,1.0,0.0,0.0,100.0,0.0,0.0,0.0,100.0,100.0,100.0,1000.0,1000.0,1000.0,51.09510548903686,0,0,51.09510548903686,0.0,100.0,0,0
602201,56.5,58.0,18.0,0.0,0.0,0.0,40.0,1.0,1.0,1.0,0.0,0.0,100.0,0.0,0.0,0.0,100.0,100.0,100.0,1000.0,1000.0,1000.0,51.09510548903686,0,0,51.09510548903686,0.0,100.0,0,0
602401,56.5,58.0,18.0,0.0,0.0,0.0,40.0,1.0,1.0,1.0,0.0,0.0,100.0,0.0,0.0,0.0,100.0,100.0,100.0,1000.0,1000.0,1000.0,51.09510548903686,0,0,51.09510548903686,0.0,100.0,0,0
602601,56.0,57.5,18.0,0.0,0.0,0.0,40.0,1.0,1.0,1.0,0.0,0.0,100.0,0.0,0.0,0.0,100.0,100.0,100.0,1000.0,1000.0,1000.0,51.09510548903686,0,0,51.09510548903686,0.0,100.0,0,0
602801,56.0,57.5,18.0,0.0,0.0,0.0,40.0,1.0,1.0,1.0,0.0,0.0,100.0,0.0,0.0,0.0,100.0,100.0,100.0,1000.0,1000.0,1000.0,51.09510548903686,0,0,51.09510548903686,0.0,100.0,0,0
603001,55.5,57.0,18.0,0.0,0.0,0.0,40.0,1.0,1.0,1.0,0.0,0.0,100.0,0.0,0.0,0.0,100.0,100.0,100.0,1000.0,1000.0,1000.0,51.09510548903686,0,0,51.09510548903686,0.0,100.0,0,0
603201,55.5,57.0,18.0,0.0,0.0,0.0,40.0,1.0,1.0,1.0,0.0,0.0,100.0,0.0,0.0,0.0,100.0,100.0,100.0,1000.0,1000.0,1000.0,51.09510548903686,0,0,51.09510548903686,0.0,100.0,0,0
603401,55.5,57.0,18.0,0.0,0.0,0.0,40.0,1.0,1.0,1.0,0.0,0.0,100.0,0.0,0.0,0.0,100.0,100.0,100.0,1000.0,1000.0,1000.0,51.09510548903686,0,0,51.09510548903686,0.0,100.0,0,0
603601,55.0,57.0,18.0,0.0,0.0,0.0,40.0,1.0,1.0,1.0,0.0,0.0,100.0,0.0,0.0,0.0,100.0,100.0,100.0,1000.0,1000.0,1000.0,51.09510548903686,0,0,51.09510548903686,0.0,100.0,0,0
603801,55.0,57.0,18.0,0.0,0.0,0.0,40.0,1.0,1.0,1.0,0.0,0.0,100.0,0.0,0.0,0.0,100.0,100.0,100.0,1000.0,1000.0,1000.0,51.09510548903686,0,0,51.09510548903686,0.0,100.0,0,0
604001,54.5,56.5,18.0,0.0,0.0,0.0,40.0,1.0,1.0,1.0,0.0,0.0,100.0,0.0,0.0,0.0,100.0,100.0,100.0,1000.0,1000.0,1000.0,51.09510548903686,0,0,51.09510548903686,0.0,100.0,0,0
604201,54.5,56.5,18.0,0.0,0.0,0.0,40.0,1.0,1.0,1.0,0.0,0.0,100.0,0.0,0.0,0.0,100.0,100.0,100.0,1000.0,1000.0,1000.0,51.09510548903686,0,0,51.09510548903686,0.0,100.0,0,0
604401,54.5,56.5,18.0,0.0,0.0,0.0,40.0,1.0,1.0,1.0,0.0,0.0,100.0,0.0,0.0,0.0,100.0,100.0,100.0,1000.0,1000.0,1000.0,51.09510548903686,0,0,51.09510548903686,0.0,100.0,0,0
604601,53.5,56.0,18.0,0.0,0.0,0.0,40.0,1.0,1.0,1.0,0.0,0.0,100.0,0.0,0.0,0.0,100.0,100.0,100.0,1000.0,1000.0,1000.0,51.09510548903686,0,0,51.09510548903686,0.0,100.0,0,0
604801,53.5,56.0,18.0,0.0,0.0,0.0,40.0,1.0,1.0,1.0,0.0,0.0,100.0,0.0,0.0,0.0,100.0,100.0,100.0,1000.0,1000.0,1000.0,51.09510548903686,0,0,51.09510548903686,0.0,100.0,0,0
605001,53.0,56.0,18.0,0.0,0.0,0.0,40.0,1.0,1.0,1.0,0.0,0.0,100.0,0.0,0.0,0.0,100.0,100.0,100.0,1000.0,1000.0,1000.0,51.09510548903686,0,0,51.09510548903686,0.0,100.0,0,0
605201,53.0,56.0,18.0,0.0,0.0,0.0,40.0,1.0,1.0,1.0,0.0,0.0,100.0,0.0,0.0,0.0,100.0,100.0,100.0,1000.0,1000.0,1000.0,51.09510548903686,0,0,51.09510548903686,0.0,100.0,0,0
605401,53.0,56.0,18.0,0.0,0.0,0.0,40.0,1.0,1.0,1.0,0.0,0.0,100.0,0.0,0.0,0.0,100.0,100.0,100.0,1000.0,1000.0,1000.0,51.09510548903686,0,0,51.09510548903686,0.0,100.0,0,0
605601,52.5,55.5,18.0,0.0,0.0,0.0,40.0,1.0,1.0,1.0,0.0,0.0,100.0,0.0,0.0,0.0,100.0,100.0,100.0,1000.0,1000.0,1000.0,51.09510548903686,0,0,51.09510548903686,0.0,100.0,0,0
605801,52.5,55.5,18.0,0.0,0.0,0.0,40.0,1.0,1.0,1.0,0.0,0.0,100.0,0.0,0.0,0.0,100.0,100.0,100.0,1000.0,1000.0,1000.0,51.09510548903686,0,0,51.09510548903686,0.0,100.0,0,0
606001,52.0,55.0,18.0,0.0,0.0,0.0,40.0,1.0,1.0,1.0,0.0,0.0,100.0,0.0,0.0,0.0,100.0,100.0,100.0,1000.0,1000.0,1000.0,51.09510548903686,0,0,51.09510548903686,0.0,100.0,0,0
606201,52.0,55.0,18.0,0.0,0.0,0.0,40.0,1.0,1.0,1.0,0.0,0.0,100.0,0.0,0.0,0.0,100.0,100.0,100.0,1000.0,1000.0,1000.0,51.09510548903686,0,0,51.09510548903686,0.0,100.0,0,0
606401,52.0,55.0,18.0,0.0,0.0,0.0,40.0,1.0,1.0,1.0,0.0,0.0,100.0,0.0,0.0,0.0,100.0,100.0,100.0,1000.0,1000.0,1000.0,51.09510548903686,0,0,51.09510548903686,0.0,100.0,0,0
606601,51.5,55.0,18.0,0.0,0.0,0.0,40.0,1.0,1.0,1.0,0.0,0.0,100.0,0.0,0.0,0.0,100.0,100.0,100.0,1000.0,1000.0,1000.0,51.09510548903686,0,0,51.09510548903686,0.0,100.0,0,0
606801,51.5,55.0,18.0,0.0,0.0,0.0,40.0,1.0,1.0,1.0,0.0,0.0,100.0,0.0,0.0,0.0,100.0,100.0,100.0,1000.0,1000.0,1000.0,51.09510548903686,0,0,51.09510548903686,0.0,100.0,0,0
607001,51.0,54.5,18.0,0.0,0.0,0.0,40.0,1.0,1.0,1.0,0.0,0.0,100.0,0.0,0.0,0.0,100.0,100.0,100.0,1000.0,1000.0,1000.0,51.09510548903686,0,0,51.09510548903686,0.0,100.0,0,0
607201,51.0,54.5,18.0,0.0,0.0,0.0,40.0,1.0,1.0,1.0,0.0,0.0,100.0,0.0,0.0,0.0,100.0,100.0,100.0,1000.0,1000.0,1000.0,51.09510548903686,0,0,51.09510548903686,0.0,100.0,0,0
607401,51.0,54.5,18.0,0.0,0.0,0.0,40.0,1.0,1.0,1.0,0.0,0.0,100.0,0.0,0.0,0.0,100.0,100.0,100.0,1000.0,1000.0,1000.0,51.09510548903686,0,0,51.09510548903686,0.0,100.0,0,0
607601,50.5,54.0,18.0,0.0,0.0,0.0,40.0,1.0,1.0,1.0,0.0,0.0,100.0,0.0,0.0,0.0,100.0,100.0,100.0,1000.0,1000.0,1000.0,51.09510548903686,0,0,51.09510548903686,0.0,100.0,0,0
607801,50.5,54.0,18.0,0.0,0.0,0.0,40.0,1.0,1.0,1.0,0.0,0.0,100.0,0.0,0.0,0.0,100.0,100.0,100.0,1000.0,1000.0,1000.0,51.09510548903686,0,0,51.09510548903686,0.0,100.0,0,0
608001,50.0,54.0,18.0,0.0,0.0,0.0,40.0,1.0,1.0,1.0,0.0,0.0,100.0,0.0,0.0,0.0,100.0,100.0,100.0,1000.0,1000.0,1000.0,51.09510548903686,0,0,51.09510548903686,0.0,100.0,0,0
608201,50.0,54.0,18.0,0.0,0.0,0.0,40.0,1.0,1.0,1.0,0.0,0.0,100.0,0.0,0.0,0.0,100.0,100.0,100.0,1000.0,1000.0,1000.0,51.09510548903686,0,0,51.09510548903686,0.0,100.0,0,0
608401,50.0,54.0,18.0,0.0,0.0,0.0,40.0,1.0,1.0,1.0,0.0,0.0,100.0,0.0,0.0,0.0,100.0,100.0,100.0,1000.0,1000.0,1000.0,51.09510548903686,0,0,51.09510548903686,0.0,100.0,0,0
608601,49.5,53.5,18.0,0.0,0.0,0.0,40.0,1.0,1.0,1.0,0.0,0.0,100.0,0.0,0.0,0.0,100.0,100.0,100.0,1000.0,1000.0,1000.0,51.09510548903686,0,0,51.09510548903686,0.0,100.0,0,0
608801,49.5,53.5,18.0,0.0,0.0,0.0,40.0,1.0,1.0,1.0,0.0,0.0,100.0,0.0,0.0,0.0,100.0,100.0,100.0,1000.0,1000.0,1000.0,51.09510548903686,0,0,51.09510548903686,0.0,100.0,0,0
609001,49.5,53.0,18.0,0.0,0.0,0.0,40.0,1.0,1.0,1.0,0.0,0.0,100.0,0.0,0.0,0.0,100.0,100.0,100.0,1000.0,1000.0,1000.0,51.09510548903686,0,0,51.09510548903686,0.0,100.0,0,0
609201,49.5,53.0,18.0,0.0,0.0,0.0,40.0,1.0,1.0,1.0,0.0,0.0,100.0,0.0,0.0,0.0,100.0,100.0,100.0,1000.0,1000.0,1000.0,51.09510548903686,0,0,51.09510548903686,0.0,100.0,0,0
609401,49.5,53.0,18.0,0.0,0.0,0.0,40.0,1.0,1.0,1.0,0.0,0.0,100.0,0.0,0.0,0.0,100.0,100.0,100.0,1000.0,1000.0,1000.0,51.09510548903686,0,0,51.09510548903686,0.0,100.0,0,0
609601,49.0,53.0,18.0,0.0,0.0,0.0,40.0,1.0,1.0,1.0,0.0,0.0,100.0,0.0,0.0,0.0,100.0,100.0,100.0,1000.0,1000.0,1000.0,51.09510548903686,0,0,51.09510548903686,0.0,100.0,0,0
609801,49.0,53.0,18.0,0.0,0.0,0.0,40.0,1.0,1.0,1.0,0.0,0.0,100.0,0.0,0.0,0.0,100.0,100.0,100.0,1000.0,1000.0,1000.0,51.09510548903686,0,0,51.09510548903686,0.0,100.0,0,0
610001,48.5,52.5,18.0,0.0,0.0,0.0,40.0,1.0,1.0,1.0,0.0,0.0,100.0,0.0,0.0,0.0,100.0,100.0,100.0,1000.0,1000.0,1000.0,51.09510548903686,0,0,51.09510548903686,0.0,100.0,0,0
610201,48.5,52.5,18.0,0.0,0.0,0.0,40.0,1.0,1.0,1.0,0.0,0.0,100.0,0.0,0.0,0.0,100.0,100.0,100.0,1000.0,1000.0,1000.0,51.09510548903686,0,0,51.09510548903686,0.0,100.0,0,0
610401,48.5,52.5,18.0,0.0,0.0,0.0,40.0,1.0,1.0,1.0,0.0,0.0,100.0,0.0,0.0,0.0,100.0,100.0,100.0,1000.0,1000.0,1000.0,51.09510548903686,0,0,51.09510548903686,0.0,100.0,0,0
610601,48.0,52.0,18.0,0.0,0.0,0.0,40.0,1.0,1.0,1.0,0.0,0.0,100.0,0.0,0.0,0.0,100.0,100.0,100.0,1000.0,1000.0,1000.0,51.09510548903686,0,0,51.09510548903686,0.0,100.0,0,0
610801,48.0,52.0,18.0,0.0,0.0,0.0,40.0,1.0,1.0,1.0,0.0,0.0,100.0,0.0,0.0,0.0,100.0,100.0,100.0,1000.0,1000.0,1000.0,51.09510548903686,0,0,51.09510548903686,0.0,100.0,0,0
611001,47.5,52.0,18.0,0.0,0.0,0.0,40.0,1.0,1.0,1.0,0.0,0.0,100.0,0.0,0.0,0.0,100.0,100.0,100.0,1000.0,1000.0,1000.0,51.09510548903686,0,0,51.09510548903686,0.0,100.0,0,0
611201,47.5,52.0,18.0,0.0,0.0,0.0,40.0,1.0,1.0,1.0,0.0,0.0,100.0,0.0,0.0,0.0,100.0,100.0,100.0,1000.0,1000.0,1000.0,51.09510548903686,0,0,51.09510548903686,0.0,100.0,0,0
611401,47.5,52.0,18.0,0.0,0.0,0.0,40.0,1.0,1.0,1.0,0.0,0.0,100.0,0.0,0.0,0.0,100.0,100.0,100.0,1000.0,1000.0,1000.0,51.09510548903686,0,0,51.09510548903686,0.0,100.0,0,0
611601,47.5,51.5,18.0,0.0,0.0,0.0,40.0,1.0,1.0,1.0,0.0,0.0,100.0,0.0,0.0,0.0,100.0,100.0,100.0,1000.0,1000.0,1000.0,51.09510548903686,0,0,51.09510548903686,0.0,100.0,0,0
611801,47.5,51.5,18.0,0.0,0.0,0.0,40.0,1.0,1.0,1.0,0.0,0.0,100.0,0.0,0.0,0.0,100.0,100.0,100.0,1000.0,1000.0,1000.0,51.09510548903686,0,0,51.09510548903686,0.0,100.0,0,1
612001,47.0,51.5,18.0,0.0,0.0,0.0,40.0,1.0,1.0,1.0,0.0,0.0,100.0,0.0,0.0,0.0,100.0,100.0,100.0,1000.0,1000.0,1000.0,51.09510548903686,0,0,51.09510548903686,0.0,100.0,0,0
612201,47.0,51.5,18.0,0.0,0.0,0.0,40.0,1.0,1.0,1.0,0.0,0.0,100.0,0.0,0.0,0.0,100.0,100.0,100.0,1000.0,1000.0,1000.0,51.09510548903686,0,0,51.09510548903686,0.0,100.0,0,0
612401,47.0,51.5,18.0,0.0,0.0,0.0,40.0,1.0,1.0,1.0,0.0,0.0,100.0,0.0,0.0,0.0,100.0,100.0,100.0,1000.0,1000.0,1000.0,51.09510548903686,0,0,51.09510548903686,0.0,100.0,0,0
612601,46.5,51.0,18.0,0.0,0.0,0.0,40.0,1.0,1.0,1.0,0.0,0.0,100.0,0.0,0.0,0.0,100.0,100.0,100.0,1000.0,1000.0,1000.0,51.09510548903686,0,0,51.09510548903686,0.0,100.0,0,0
612801,46.5,51.0,18.0,0.0,0.0,0.0,40.0,1.0,1.0,1.0,0.0,0.0,100.0,0.0,0.0,0.0,100.0,100.0,100.0,1000.0,1000.0,1000.0,51.09510548903686,0,0,51.09510548903686,0.0,100.0,0,0
613001,46.0,50.5,18.0,0.0,0.0,0.0,40.0,1.0,1.0,1.0,0.0,0.0,100.0,0.0,0.0,0.0,100.0,100.0,100.0,1000.0,1000.0,1000.0,51.09510548903686,0,0,51.09510548903686,0.0,100.0,0,0
613201,46.0,50.5,18.0,0.0,0.0,0.0,40.0,1.0,1.0,1.0,0.0,0.0,100.0,0.0,0.0,0.0,100.0,100.0,100.0,1000.0,1000.0,1000.0,51.09510548903686,0,0,51.09510548903686,0.0,100.0,0,0
613401,46.0,50.5,18.0,0.0,0.0,0.0,40.0,1.0,1.0,1.0,0.0,0.0,100.0,0.0,0.0,0.0,100.0,100.0,100.0,1000.0,1000.0,1000.0,51.09510548903686,0,0,51.09510548903686,0.0,100.0,0,0
613601,46.0,50.5,18.0,0.0,0.0,0.0,40.0,1.0,1.0,1.0,0.0,0.0,100.0,0.0,0.0,0.0,100.0,100.0,100.0,1000.0,1000.0,1000.0,51.09510548903686,0,0,51.09510548903686,0.0,100.0,0,0
613801,46.0,50.5,18.0,0.0,0.0,0.0,40.0,1.0,1.0,1.0,0.0,0.0,100.0,0.0,0.0,0.0,100.0,100.0,100.0,1000.0,1000.0,1000.0,51.09510548903686,0,0,51.09510548903686,0.0,100.0,0,0
614001,45.5,50.0,18.0,0.0,0.0,0.0,40.0,1.0,1.0,1.0,0.0,0.0,100.0,0.0,0.0,0.0,100.0,100.0,100.0,1000.0,1000.0,1000.0,51.09510548903686,0,0,51.09510548903686,0.0,100.0,0,0
614201,45.5,50.0,18.0,0.0,0.0,0.0,40.0,1.0,1.0,1.0,0.0,0.0,100.0,0.0,0.0,0.0,100.0,100.0,100.0,1000.0,1000.0,1000.0,51.09510548903686,0,0,51.09510548903686,0.0,100.0,0,0
614401,45.5,50.0,18.0,0.0,0.0,0.0,40.0,1.0,1.0,1.0,0.0,0.0,100.0,0.0,0.0,0.0,100.0,100.0,100.0,1000.0,1000.0,1000.0,51.09510548903686,0,0,51.09510548903686,0.0,100.0,0,0
614601,45.0,50.0,18.0,0.0,0.0,0.0,40.0,1.0,1.0,1.0,0.0,0.0,100.0,0.0,0.0,0.0,100.0,100.0,100.0,1000.0,1000.0,1000.0,51.09510548903686,0,0,51.09510548903686,0.0,100.0,0,0
614801,45.0,50.0,18.0,0.0,0.0,0.0,40.0,1.0,1.0,1.0,0.0,0.0,100.0,0.0,0.0,0.0,100.0,100.0,100.0,1000.0,1000.0,1000.0,51.09510548903686,0,0,51.09510548903686,0.0,100.0,0,0
615001,45.0,49.5,18.0,0.0,0.0,0.0,40.0,1.0,1.0,1.0,0.0,0.0,0.0,0.0,0.0,0.0,100.0,100.0,100.0,1000.0,1000.0,1000.0,51.09510548903686,0,0,51.09510548903686,0.0,0.0,0,0
615201,45.0,49.5,18.0,0.0,0.0,0.0,40.0,1.0,1.0,1.0,0.0,0.0,0.0,0.0,0.0,0.0,100.0,100.0,100.0,1000.0,1000.0,1000.0,221.42689672311482,0,0,100.0,0.0,0.0,1,0
615401,45.0,49.5,18.0,0.0,0.0,0.0,40.0,1.0,1.0,1.0,0.0,0.0,0.0,0.0,0.0,0.0,100.0,100.0,100.0,1000.0,1000.0,1000.0,221.42689672311482,0,0,100.0,0.0,0.0,0,0
615601,44.5,49.5,18.0,0.0,0.0,0.0,40.0,1.0,1.0,1.0,0.0,0.0,0.0,0.0,0.0,0.0,100.0,100.0,100.0,1000.0,1000.0,1000.0,221.42689672311482,0,0,100.0,0.0,0.0,0,0
615801,44.5,49.5,18.0,0.0,0.0,0.0,40.0,1.0,1.0,1.0,0.0,0.0,0.0,0.0,0.0,0.0,100.0,100.0,100.0,1000.0,1000.0,1000.0,221.42689672311482,0,0,100.0,0.0,0.0,0,0
616001,44.0,49.0,18.0,0.0,0.0,0.0,40.0,1.0,1.0,1.0,0.0,0.0,0.0,0.0,0.0,0.0,100.0,100.0,100.0,1000.0,1000.0,1000.0,221.42689672311482,0,0,100.0,0.0,0.0,0,0
616201,44.0,49.0,18.0,0.0,0.0,0.0,40.0,1.0,1.0,1.0,0.0,0.0,0.0,0.0,0.0,0.0,100.0,100.0,100.0,1000.0,1000.0,1000.0,221.42689672311482,0,0,100.0,0.0,0.0,0,0
616401,44.0,49.0,18.0,0.0,0.0,0.0,40.0,1.0,1.0,1.0,0.0,0.0,0.0,0.0,0.0,0.0,100.0,100.0,100.0,1000.0,1000.0,1000.0,221.42689672311482,0,0,100.0,0.0,0.0,0,0
616601,44.0,49.0,18.0,0.0,0.0,0.0,40.0,1.0,1.0,1.0,0.0,0.0,0.0,0.0,0.0,0.0,100.0,100.0,100.0,1000.0,1000.0,1000.0,221.42689672311482,0,0,100.0,0.0,0.0,0,0
616801,44.0,49.0,18.0,0.0,0.0,0.0,40.0,1.0,1.0,1.0,0.0,0.0,0.0,0.0,0.0,0.0,100.0,100.0,100.0,1000.0,1000.0,1000.0,221.42689672311482,0,0,100.0,0.0,0.0,0,0
617001,44.0,49.0,18.0,0.0,0.0,0.0,40.0,1.0,1.0,1.0,0.0,0.0,0.0,0.0,0.0,0.0,100.0,100.0,100.0,1000.0,1000.0,1000.0,221.42689672311482,0,0,100.0,0.0,0.0,0,0
617201,44.0,49.0,18.0,0.0,0.0,0.0,40.0,1.0,1.0,1.0,0.0,0.0,0.0,0.0,0.0,0.0,100.0,100.0,100.0,1000.0,1000.0,1000.0,221.42689672311482,0,0,100.0,0.0,0.0,0,0
617401,44.0,49.0,18.0,0.0,0.0,0.0,40.0,1.0,1.0,1.0,0.0,0.0,0.0,0.0,0.0,0.0,100.0,100.0,100.0,1000.0,1000.0,1000.0,221.42689672311482,0,0,100.0,0.0,0.0,0,0
617601,44.5,49.0,18.0,0.0,0.0,0.0,40.0,1.0,1.0,1.0,0.0,0.0,0.0,0.0,0.0,0.0,100.0,100.0,100.0,1000.0,1000.0,1000.0,221.42689672311482,0,0,100.0,0.0,0.0,0,0
617801,44.5,49.0,18.0,0.0,0.0,0.0,40.0,1.0,1.0,1.0,0.0,0.0,0.0,0.0,0.0,0.0,100.0,100.0,100.0,1000.0,1000.0,1000.0,221.42689672311482,0,0,100.0,0.0,0.0,0,0
618001,44.5,49.0,18.0,0.0,0.0,0.0,40.0,1.0,1.0,1.0,0.0,0.0,0.0,0.0,0.0,0.0,100.0,100.0,100.0,1000.0,1000.0,1000.0,221.42689672311482,0,0,100.0,0.0,0.0,0,0
618201,44.5,49.0,18.0,0.0,0.0,0.0,40.0,1.0,1.0,1.0,0.0,0.0,0.0,0.0,0.0,0.0,100.0,100.0,100.0,1000.0,1000.0,1000.0,221.42689672311482,0,0,100.0,0.0,0.0,0,0
618401,44.5,49.0,18.0,0.0,0.0,0.0,40.0,1.0,1.0,1.0,0.0,0.0,0.0,0.0,0.0,0.0,100.0,100.0,100.0,1000.0,1000.0,1000.0,221.42689672311482,0,0,100.0,0.0,0.0,0,0
618601,44.5,49.0,18.0,0.0,0.0,0.0,40.0,1.0,1.0,1.0,0.0,0.0,0.0,0.0,0.0,0.0,100.0,100.0,100.0,1000.0,1000.0,1000.0,221.42689672311482,0,0,100.0,0.0,0.0,0,0
618801,44.5,49.0,18.0,0.0,0.0,0.0,40.0,1.0,1.0,1.0,0.0,0.0,0.0,0.0,0.0,0.0,100.0,100.0,100.0,1000.0,1000.0,1000.0,221.42689672311482,0,0,100.0,0.0,0.0,0,0
619001,45.0,49.5,18.0,0.0,0.0,0.0,40.0,1.0,1.0,1.0,0.0,0.0,0.0,0.0,0.0,0.0,100.0,100.0,100.0,1000.0,1000.0,1000.0,221.42689672311482,0,0,100.0,0.0,0.0,0,0
619201,45.0,49.5,18.0,0.0,0.0,0.0,40.0,1.0,1.0,1.0,0.0,0.0,0.0,0.0,0.0,0.0,100.0,100.0,100.0,1000.0,1000.0,1000.0,221.42689672311482,0,0,100.0,0.0,0.0,0,0
619401,45.0,49.5,18.0,0.0,0.0,0.0,40.0,1.0,1.0,1.0,0.0,0.0,0.0,0.0,0.0,0.0,100.0,100.0,100.0,1000.0,1000.0,1000.0,221.42689672311482,0,0,100.0,0.0,0.0,0,0
619601,45.0,49.5,18.0,0.0,0.0,0.0,40.0,1.0,1.0,1.0,0.0,0.0,0.0,0.0,0.0,0.0,100.0,100.0,100.0,1000.0,1000.0,1000.0,221.42689672311482,0,0,100.0,0.0,0.0,0,0
619801,45.0,49.5,18.0,0.0,0.0,0.0,40.0,1.0,1.0,1.0,0.0,0.0,0.0,0.0,0.0,0.0,100.0,100.0,100.0,1000.0,1000.0,1000.0,221.42689672311482,0,0,100.0,0.0,0.0,0,0
620001,45.5,49.5,18.0,0.0,0.0,0.0,40.0,1.0,1.0,1.0,0.0,0.0,0.0,0.0,0.0,0.0,100.0,100.0,100.0,1000.0,1000.0,1000.0,221.42689672311482,0,0,100.0,0.0,0.0,0,0
620201,45.5,49.5,18.0,0.0,0.0,0.0,40.0,1.0,1.0,1.0,0.0,0.0,0.0,0.0,0.0,0.0,100.0,100.0,100.0,1000.0,1000.0,1000.0,221.42689672311482,0,0,100.0,0.0,0.0,0,0
620401,45.5,49.5,18.0,0.0,0.0,0.0,40.0,1.0,1.0,1.0,0.0,0.0,0.0,0.0,0.0,0.0,100.0,100.0,100.0,1000.0,1000.0,1000.0,221.42689672311482,0,0,100.0,0.0,0.0,0,0
620601,45.5,49.5,18.0,0.0,0.0,0.0,40.0,1.0,1.0,1.0,0.0,0.0,0.0,0.0,0.0,0.0,100.0,100.0,100.0,1000.0,1000.0,1000.0,221.42689672311482,0,0,100.0,0.0,0.0,0,0
620801,45.5,49.5,18.0,0.0,0.0,0.0,40.0,1.0,1.0,1.0,0.0,0.0,0.0,0.0,0.0,0.0,100.0,100.0,100.0,1000.0,1000.0,1000.0,221.42689672311482,0,0,100.0,0.0,0.0,0,0
621001,45.5,49.5,18.0,0.0,0.0,0.0,40.0,1.0,1.0,1.0,0.0,0.0,0.0,0.0,0.0,0.0,100.0,100.0,100.0,1000.0,1000.0,1000.0,221.42689672311482,0,0,100.0,0.0,0.0,0,0
621201,45.5,49.5,18.0,0.0,0.0,0.0,40.0,1.0,1.0,1.0,0.0,0.0,0.0,0.0,0.0,0.0,100.0,100.0,100.0,1000.0,1000.0,1000.0,221.42689672311482,0,0,100.0,0.0,0.0,0,0
621401,45.5,49.5,18.0,0.0,0.0,0.0,40.0,1.0,1.0,1.0,0.0,0.0,0.0,0.0,0.0,0.0,100.0,100.0,100.0,1000.0,1000.0,1000.0,221.42689672311482,0,0,100.0,0.0,0.0,0,0
621601,46.0,49.5,18.0,0.0,0.0,0.0,40.0,1.0,1.0,1.0,0.0,0.0,0.0,0.0,0.0,0.0,100.0,100.0,100.0,1000.0,1000.0,1000.0,221.42689672311482,0,0,100.0,0.0,0.0,0,0
621801,46.0,49.5,18.0,0.0,0.0,0.0,40.0,1.0,1.0,1.0,0.0,0.0,0.0,0.0,0.0,0.0,100.0,100.0,100.0,1000.0,1000.0,1000.0,221.42689672311482,0,0,100.0,0.0,0.0,0,0
622001,46.0,49.5,18.0,0.0,0.0,0.0,40.0,1.0,1.0,1.0,0.0,0.0,0.0,0.0,0.0,0.0,100.0,100.0,100.0,1000.0,1000.0,1000.0,221.42689672311482,0,0,100.0,0.0,0.0,0,0
622201,46.0,49.5,18.0,0.0,0.0,0.0,40.0,1.0,1.0,1.0,0.0,0.0,0.0,0.0,0.0,0.0,100.0,100.0,100.0,1000.0,1000.0,1000.0,221.42689672311482,0,0,100.0,0.0,0.0,0,0
622401,46.0,49.5,18.0,0.0,0.0,0.0,40.0,1.0,1.0,1.0,0.0,0.0,0.0,0.0,0.0,0.0,100.0,100.0,100.0,1000.0,1000.0,1000.0,221.42689672311482,0,0,100.0,0.0,0.0,0,0
622601,46.5,49.5,18.0,0.0,0.0,0.0,40.0,1.0,1.0,1.0,0.0,0.0,0.0,0.0,0.0,0.0,100.0,100.0,100.0,1000.0,1000.0,1000.0,221.42689672311482,0,0,100.0,0.0,0.0,0,0
622801,46.5,49.5,18.0,0.0,0.0,0.0,40.0,1.0,1.0,1.0,0.0,0.0,0.0,0.0,0.0,0.0,100.0,100.0,100.0,1000.0,1000.0,1000.0,221.42689672311482,0,0,100.0,0.0,0.0,0,0
623001,46.5,50.0,18.0,0.0,0.0,0.0,40.0,1.0,1.0,1.0,0.0,0.0,0.0,0.0,0.0,0.0,100.0,100.0,100.0,1000.0,1000.0,1000.0,221.42689672311482,0,0,100.0,0.0,0.0,0,0
623201,46.5,50.0,18.0,0.0,0.0,0.0,40.0,1.0,1.0,1.0,0.0,0.0,0.0,0.0,0.0,0.0,100.0,100.0,100.0,1000.0,1000.0,1000.0,221.42689672311482,0,0,100.0,0.0,0.0,0,0
623401,46.5,50.0,18.0,0.0,0.0,0.0,40.0,1.0,1.0,1.0,0.0,0.0,0.0,0.0,0.0,0.0,100.0,100.0,100.0,1000.0,1000.0,1000.0,221.42689672311482,0,0,100.0,0.0,0.0,0,0
623601,47.0,50.0,18.0,0.0,0.0,0.0,40.0,1.0,1.0,1.0,0.0,0.0,0.0,0.0,0.0,0.0,100.0,100.0,100.0,1000.0,1000.0,1000.0,221.42689672311482,0,0,100.0,0.0,0.0,0,0
623801,47.0,50.0,18.0,0.0,0.0,0.0,40.0,1.0,1.0,1.0,0.0,0.0,0.0,0.0,0.0,0.0,100.0,100.0,100.0,1000.0,1000.0,1000.0,221.42689672311482,0,0,100.0,0.0,0.0,0,0
624001,47.0,50.0,18.0,0.0,0.0,0.0,40.0,1.0,1.0,1.0,0.0,0.0,0.0,0.0,0.0,0.0,100.0,100.0,100.0,1000.0,1000.0,1000.0,221.42689672311482,0,0,100.0,0.0,0.0,0,0
624201,47.0,50.0,18.0,0.0,0.0,0.0,40.0,1.0,1.0,1.0,0.0,0.0,0.0,0.0,0.0,0.0,100.0,100.0,100.0,1000.0,1000.0,1000.0,221.42689672311482,0,0,100.0,0.0,0.0,0,0
624401,47.0,50.0,18.0,0.0,0.0,0.0,40.0,1.0,1.0,1.0,0.0,0.0,0.0,0.0,0.0,0.0,100.0,100.0,100.0,1000.0,1000.0,1000.0,221.42689672311482,0,0,100.0,0.0,0.0,0,0
624601,47.0,50.0,18.0,0.0,0.0,0.0,40.0,1.0,1.0,1.0,0.0,0.0,0.0,0.0,0.0,0.0,100.0,100.0,100.0,1000.0,1000.0,1000.0,221.42689672311482,0,0,100.0,0.0,0.0,0,0
624801,47.0,50.0,18.0,0.0,0.0,0.0,40.0,1.0,1.0,1.0,0.0,0.0,0.0,0.0,0.0,0.0,100.0,100.0,100.0,1000.0,1000.0,1000.0,221.42689672311482,0,0,100.0,0.0,0.0,0,0
625001,47.5,50.0,18.0,0.0,0.0,0.0,40.0,1.0,1.0,1.0,0.0,0.0,0.0,0.0,0.0,0.0,100.0,100.0,100.0,1000.0,1000.0,1000.0,221.42689672311482,0,0,100.0,0.0,0.0,0,0
625201,47.5,50.0,18.0,0.0,0.0,0.0,40.0,1.0,1.0,1.0,0.0,0.0,0.0,0.0,0.0,0.0,100.0,100.0,100.0,1000.0,1000.0,1000.0,221.42689672311482,0,0,100.0,0.0,0.0,0,0
625401,47.5,50.0,18.0,0.0,0.0,0.0,40.0,1.0,1.0,1.0,0.0,0.0,0.0,0.0,0.0,0.0,100.0,100.0,100.0,1000.0,1000.0,1000.0,221.42689672311482,0,0,100.0,0.0,0.0,0,0
625601,47.5,50.0,18.0,0.0,0.0,0.0,40.0,1.0,1.0,1.0,0.0,0.0,0.0,0.0,0.0,0.0,100.0,100.0,100.0,1000.0,1000.0,1000.0,221.42689672311482,0,0,100.0,0.0,0.0,0,0
625801,47.5,50.0,18.0,0.0,0.0,0.0,40.0,1.0,1.0,1.0,0.0,0.0,0.0,0.0,0.0,0.0,100.0,100.0,100.0,1000.0,1000.0,1000.0,221.42689672311482,0,0,100.0,0.0,0.0,0,0
626001,48.0,50.5,18.0,0.0,0.0,0.0,40.0,1.0,1.0,1.0,0.0,0.0,0.0,0.0,0.0,0.0,100.0,100.0,100.0,1000.0,1000.0,1000.0,221.42689672311482,0,0,100.0,0.0,0.0,0,0
626201,48.0,50.5,18.0,0.0,0.0,0.0,40.0,1.0,1.0,1.0,0.0,0.0,0.0,0.0,0.0,0.0,100.0,100.0,100.0,1000.0,1000.0,1000.0,221.42689672311482,0,0,100.0,0.0,0.0,0,0
626401,48.0,50.5,18.0,0.0,0.0,0.0,40.0,1.0,1.0,1.0,0.0,0.0,0.0,0.0,0.0,0.0,100.0,100.0,100.0,1000.0,1000.0,1000.0,221.42689672311482,0,0,100.0,0.0,0.0,0,0
626601,48.0,50.5,18.0,0.0,0.0,0.0,40.0,1.0,1.0,1.0,0.0,0.0,0.0,0.0,0.0,0.0,100.0,100.0,100.0,1000.0,1000.0,1000.0,221.42689672311482,0,0,100.0,0.0,0.0,0,0
626801,48.0,50.5,18.0,0.0,0.0,0.0,40.0,1.0,1.0,1.0,0.0,0.0,0.0,0.0,0.0,0.0,100.0,100.0,100.0,1000.0,1000.0,1000.0,221.42689672311482,0,0,100.0,0.0,0.0,0,0
627001,48.0,50.5,18.0,0.0,0.0,0.0,40.0,1.0,1.0,1.0,0.0,0.0,0.0,0.0,0.0,0.0,100.0,100.0,100.0,1000.0,1000.0,1000.0,221.42689672311482,0,0,100.0,0.0,0.0,0,0
627201,48.0,50.5,18.0,0.0,0.0,0.0,40.0,1.0,1.0,1.0,0.0,0.0,0.0,0.0,0.0,0.0,100.0,100.0,100.0,1000.0,1000.0,1000.0,221.42689672311482,0,0,100.0,0.0,0.0,0,0
627401,48.0,50.5,18.0,0.0,0.0,0.0,40.0,1.0,1.0,1.0,0.0,0.0,0.0,0.0,0.0,0.0,100.0,100.0,100.0,1000.0,1000.0,1000.0,221.42689672311482,0,0,100.0,0.0,0.0,0,0
627601,48.5,50.5,18.0,0.0,0.0,0.0,40.0,1.0,1.0,1.0,0.0,0.0,0.0,0.0,0.0,0.0,100.0,100.0,100.0,1000.0,1000.0,1000.0,221.42689672311482,0,0,100.0,0.0,0.0,0,0
627801,48.5,50.5,18.0,0.0,0.0,0.0,40.0,1.0,1.0,1.0,0.0,0.0,0.0,0.0,0.0,0.0,100.0,100.0,100.0,1000.0,1000.0,1000.0,221.42689672311482,0,0,100.0,0.0,0.0,0,0
628001,48.5,51.0,18.0,0.0,0.0,0.0,40.0,1.0,1.0,1.0,0.0,0.0,0.0,0.0,0.0,0.0,100.0,100.0,100.0,1000.0,1000.0,1000.0,221.42689672311482,0,0,100.0,0.0,0.0,0,0
628201,48.5,51.0,18.0,0.0,0.0,0.0,40.0,1.0,1.0,1.0,0.0,0.0,0.0,0.0,0.0,0.0,100.0,100.0,100.0,1000.0,1000.0,1000.0,221.42689672311482,0,0,100.0,0.0,0.0,0,0
628401,48.5,51.0,18.0,0.0,0.0,0.0,40.0,1.0,1.0,1.0,0.0,0.0,0.0,0.0,0.0,0.0,100.0,100.0,100.0,1000.0,1000.0,1000.0,221.42689672311482,0,0,100.0,0.0,0.0,0,0
628601,48.5,51.0,18.0,0.0,0.0,0.0,40.0,1.0,1.0,1.0,0.0,0.0,0.0,0.0,0.0,0.0,100.0,100.0,100.0,1000.0,1000.0,1000.0,221.42689672311482,0,0,100.0,0.0,0.0,0,0
628801,48.5,51.0,18.0,0.0,0.0,0.0,40.0,1.0,1.0,1.0,0.0,0.0,0.0,0.0,0.0,0.0,100.0,100.0,100.0,1000.0,1000.0,1000.0,221.42689672311482,0,0,100.0,0.0,0.0,0,0
629001,49.0,51.0,18.0,0.0,0.0,0.0,40.0,1.0,1.0,1.0,0.0,0.0,0.0,0.0,0.0,0.0,100.0,100.0,100.0,1000.0,1000.0,1000.0,221.42689672311482,0,0,100.0,0.0,0.0,0,0
629201,49.0,51.0,18.0,0.0,0.0,0.0,40.0,1.0,1.0,1.0,0.0,0.0,0.0,0.0,0.0,0.0,100.0,100.0,100.0,1000.0,1000.0,1000.0,221.42689672311482,0,0,100.0,0.0,0.0,0,0
629401,49.0,51.0,18.0,0.0,0.0,0.0,40.0,1.0,1.0,1.0,0.0,0.0,0.0,0.0,0.0,0.0,100.0,100.0,100.0,1000.0,1000.0,1000.0,221.42689672311482,0,0,100.0,0.0,0.0,0,0
629601,49.0,51.0,18.0,0.0,0.0,0.0,40.0,1.0,1.0,1.0,0.0,0.0,0.0,0.0,0.0,0.0,100.0,100.0,100.0,1000.0,1000.0,1000.0,221.42689672311482,0,0,100.0,0.0,0.0,0,0
629801,49.0,51.0,18.0,0.0,0.0,0.0,40.0,1.0,1.0,1.0,0.0,0.0,0.0,0.0,0.0,0.0,100.0,100.0,100.0,1000.0,1000.0,1000.0,221.42689672311482,0,0,100.0,0.0,0.0,0,0
630001,49.5,51.0,18.0,0.0,0.0,0.0,40.0,1.0,1.0,1.0,0.0,0.0,0.0,0.0,0.0,0.0,100.0,100.0,100.0,1000.0,1000.0,1000.0,221.42689672311482,0,0,100.0,0.0,0.0,0,0
630201,49.5,51.0,18.0,0.0,0.0,0.0,40.0,1.0,1.0,1.0,0.0,0.0,0.0,0.0,0.0,0.0,100.0,100.0,100.0,1000.0,1000.0,1000.0,151.57782965344188,0,0,100.0,0.0,0.0,1,0
630401,49.5,51.0,18.0,0.0,0.0,0.0,40.0,1.0,1.0,1.0,0.0,0.0,0.0,0.0,0.0,0.0,100.0,100.0,100.0,1000.0,1000.0,1000.0,151.57782965344188,0,0,100.0,0.0,0.0,0,0
630601,49.5,51.5,18.0,0.0,0.0,0.0,40.0,1.0,1.0,1.0,0.0,0.0,0.0,0.0,0.0,0.0,100.0,100.0,100.0,1000.0,1000.0,1000.0,151.57782965344188,0,0,100.0,0.0,0.0,0,0
630801,49.5,51.5,18.0,0.0,0.0,0.0,40.0,1.0,1.0,1.0,0.0,0.0,0.0,0.0,0.0,0.0,100.0,100.0,100.0,1000.0,1000.0,1000.0,151.57782965344188,0,0,100.0,0.0,0.0,0,0
631001,49.5,51.5,18.0,0.0,0.0,0.0,40.0,1.0,1.0,1.0,0.0,0.0,0.0,0.0,0.0,0.0,100.0,100.0,100.0,1000.0,1000.0,1000.0,151.57782965344188,0,0,100.0,0.0,0.0,0,0
631201,49.5,51.5,18.0,0.0,0.0,0.0,40.0,1.0,1.0,1.0,0.0,0.0,0.0,0.0,0.0,0.0,100.0,100.0,100.0,1000.0,1000.0,1000.0,151.57782965344188,0,0,100.0,0.0,0.0,0,0
631401,49.5,51.5,18.0,0.0,0.0,0.0,40.0,1.0,1.0,1.0,0.0,0.0,0.0,0.0,0.0,0.0,100.0,100.0,100.0,1000.0,1000.0,1000.0,151.57782965344188,0,0,100.0,0.0,0.0,0,0
631601,50.0,51.5,18.0,0.0,0.0,0.0,40.0,1.0,1.0,1.0,0.0,0.0,0.0,0.0,0.0,0.0,100.0,100.0,100.0,1000.0,1000.0,1000.0,151.57782965344188,0,0,100.0,0.0,0.0,0,0
631801,50.0,51.5,18.0,0.0,0.0,0.0,40.0,1.0,1.0,1.0,0.0,0.0,0.0,0.0,0.0,0.0,100.0,100.0,100.0,1000.0,1000.0,1000.0,151.57782965344188,0,0,100.0,0.0,0.0,0,0
632001,50.0,51.5,18.0,0.0,0.0,0.0,40.0,1.0,1.0,1.0,0.0,0.0,0.0,0.0,0.0,0.0,100.0,100.0,100.0,1000.0,1000.0,1000.0,151.57782965344188,0,0,100.0,0.0,0.0,0,0
632201,50.0,51.5,18.0,0.0,0.0,0.0,40.0,1.0,1.0,1.0,0.0,0.0,0.0,0.0,0.0,0.0,100.0,100.0,100.0,1000.0,1000.0,1000.0,151.57782965344188,0,0,100.0,0.0,0.0,0,0
632401,50.0,51.5,18.0,0.0,0.0,0.0,40.0,1.0,1.0,1.0,0.0,0.0,0.0,0.0,0.0,0.0,100.0,100.0,100.0,1000.0,1000.0,1000.0,151.57782965344188,0,0,100.0,0.0,0.0,0,0
632601,50.0,52.0,18.0,0.0,0.0,0.0,40.0,1.0,1.0,1.0,0.0,0.0,0.0,0.0,0.0,0.0,100.0,100.0,100.0,1000.0,1000.0,1000.0,151.57782965344188,0,0,100.0,0.0,0.0,0,0
632801,50.0,52.0,18.0,0.0,0.0,0.0,40.0,1.0,1.0,1.0,0.0,0.0,0.0,0.0,0.0,0.0,100.0,100.0,100.0,1000.0,1000.0,1000.0,151.57782965344188,0,0,100.0,0.0,0.0,0,0
633001,50.5,52.0,18.0,0.0,0.0,0.0,40.0,1.0,1.0,1.0,0.0,0.0,0.0,0.0,0.0,0.0,100.0,100.0,100.0,1000.0,1000.0,1000.0,151.57782965344188,0,0,100.0,0.0,0.0,0,0
633201,50.5,52.0,18.0,0.0,0.0,0.0,40.0,1.0,1.0,1.0,0.0,0.0,0.0,0.0,0.0,0.0,100.0,100.0,100.0,1000.0,1000.0,1000.0,151.57782965344188,0,0,100.0,0.0,0.0,0,0
633401,50.5,52.0,18.0,0.0,0.0,0.0,40.0,1.0,1.0,1.0,0.0,0.0,0.0,0.0,0.0,0.0,100.0,100.0,100.0,1000.0,1000.0,1000.0,151.57782965344188,0,0,100.0,0.0,0.0,0,0
633601,50.5,52.0,18.0,0.0,0.0,0.0,40.0,1.0,1.0,1.0,0.0,0.0,0.0,0.0,0.0,0.0,100.0,100.0,100.0,1000.0,1000.0,1000.0,151.57782965344188,0,0,100.0,0.0,0.0,0,0
633801,50.5,52.0,18.0,0.0,0.0,0.0,40.0,1.0,1.0,1.0,0.0,0.0,0.0,0.0,0.0,0.0,100.0,100.0,100.0,1000.0,1000.0,1000.0,151.57782965344188,0,0,100.0,0.0,0.0,0,0
634001,50.5,52.0,18.0,0.0,0.0,0.0,40.0,1.0,1.0,1.0,0.0,0.0,0.0,0.0,0.0,0.0,100.0,100.0,100.0,1000.0,1000.0,1000.0,151.57782965344188,0,0,100.0,0.0,0.0,0,0
634201,50.5,52.0,18.0,0.0,0.0,0.0,40.0,1.0,1.0,1.0,0.0,0.0,0.0,0.0,0.0,0.0,100.0,100.0,100.0,1000.0,1000.0,1000.0,151.57782965344188,0,0,100.0,0.0,0.0,0,0
634401,50.5,52.0,18.0,0.0,0.0,0.0,40.0,1.0,1.0,1.0,0.0,0.0,0.0,0.0,0.0,0.0,100.0,100.0,100.0,1000.0,1000.0,1000.0,151.57782965344188,0,0,100.0,0.0,0.0,0,0
634601,51.0,52.5,18.0,0.0,0.0,0.0,40.0,1.0,1.0,1.0,0.0,0.0,0.0,0.0,0.0,0.0,100.0,100.0,100.0,1000.0,1000.0,1000.0,151.57782965344188,0,0,100.0,0.0,0.0,0,0
634801,51.0,52.5,18.0,0.0,0.0,0.0,40.0,1.0,1.0,1.0,0.0,0.0,0.0,0.0,0.0,0.0,100.0,100.0,100.0,1000.0,1000.0,1000.0,151.57782965344188,0,0,100.0,0.0,0.0,0,0
635001,51.0,52.5,18.0,0.0,0.0,0.0,40.0,1.0,1.0,1.0,0.0,0.0,0.0,0.0,0.0,0.0,100.0,100.0,100.0,1000.0,1000.0,1000.0,151.57782965344188,0,0,100.0,0.0,0.0,0,0
635201,51.0,52.5,18.0,0.0,0.0,0.0,40.0,1.0,1.0,1.0,0.0,0.0,0.0,0.0,0.0,0.0,100.0,100.0,100.0,1000.0,1000.0,1000.0,151.57782965344188,0,0,100.0,0.0,0.0,0,0
635401,51.0,52.5,18.0,0.0,0.0,0.0,40.0,1.0,1.0,1.0,0.0,0.0,0.0,0.0,0.0,0.0,100.0,100.0,100.0,1000.0,1000.0,1000.0,151.57782965344188,0,0,100.0,0.0,0.0,0,0
635601,51.0,52.5,18.0,0.0,0.0,0.0,40.0,1.0,1.0,1.0,0.0,0.0,0.0,0.0,0.0,0.0,100.0,100.0,100.0,1000.0,1000.0,1000.0,151.57782965344188,0,0,100.0,0.0,0.0,0,0
635801,51.0,52.5,18.0,0.0,0.0,0.0,40.0,1.0,1.0,1.0,0.0,0.0,0.0,0.0,0.0,0.0,100.0,100.0,100.0,1000.0,1000.0,1000.0,151.57782965344188,0,0,100.0,0.0,0.0,0,0
636001,51.5,52.5,18.0,0.0,0.0,0.0,40.0,1.0,1.0,1.0,0.0,0.0,0.0,0.0,0.0,0.0,100.0,100.0,100.0,1000.0,1000.0,1000.0,151.57782965344188,0,0,100.0,0.0,0.0,0,0
636201,51.5,52.5,18.0,0.0,0.0,0.0,40.0,1.0,1.0,1.0,0.0,0.0,0.0,0.0,0.0,0.0,100.0,100.0,100.0,1000.0,1000.0,1000.0,151.57782965344188,0,0,100.0,0.0,0.0,0,0
636401,51.5,52.5,18.0,0.0,0.0,0.0,40.0,1.0,1.0,1.0,0.0,0.0,0.0,0.0,0.0,0.0,100.0,100.0,100.0,1000.0,1000.0,1000.0,151.57782965344188,0,0,100.0,0.0,0.0,0,0
636601,51.5,52.5,18.0,0.0,0.0,0.0,40.0,1.0,1.0,1.0,0.0,0.0,0.0,0.0,0.0,0.0,100.0,100.0,100.0,1000.0,1000.0,1000.0,151.57782965344188,0,0,100.0,0.0,0.0,0,0
636801,51.5,52.5,18.0,0.0,0.0,0.0,40.0,1.0,1.0,1.0,0.0,0.0,0.0,0.0,0.0,0.0,100.0,100.0,100.0,1000.0,1000.0,1000.0,151.57782965344188,0,0,100.0,0.0,0.0,0,0
637001,52.0,53.0,18.0,0.0,0.0,0.0,40.0,1.0,1.0,1.0,0.0,0.0,0.0,0.0,0.0,0.0,100.0,100.0,100.0,1000.0,1000.0,1000.0,151.57782965344188,0,0,100.0,0.0,0.0,0,0
637201,52.0,53.0,18.0,0.0,0.0,0.0,40.0,1.0,1.0,1.0,0.0,0.0,0.0,0.0,0.0,0.0,100.0,100.0,100.0,1000.0,1000.0,1000.0,151.57782965344188,0,0,100.0,0.0,0.0,0,0
637401,52.0,53.0,18.0,0.0,0.0,0.0,40.0,1.0,1.0,1.0,0.0,0.0,0.0,0.0,0.0,0.0,100.0,100.0,100.0,1000.0,1000.0,1000.0,151.57782965344188,0,0,100.0,0.0,0.0,0,0
637601,52.0,53.0,18.0,0.0,0.0,0.0,40.0,1.0,1.0,1.0,0.0,0.0,0.0,0.0,0.0,0.0,100.0,100.0,100.0,1000.0,1000.0,1000.0,151.57782965344188,0,0,100.0,0.0,0.0,0,0
637801,52.0,53.0,18.0,0.0,0.0,0.0,40.0,1.0,1.0,1.0,0.0,0.0,0.0,0.0,0.0,0.0,100.0,100.0,100.0,1000.0,1000.0,1000.0,151.57782965344188,0,0,100.0,0.0,0.0,0,0
638001,52.0,53.0,18.0,0.0,0.0,0.0,40.0,1.0,1.0,1.0,0.0,0.0,0.0,0.0,0.0,0.0,100.0,100.0,100.0,1000.0,1000.0,1000.0,151.57782965344188,0,0,100.0,0.0,0.0,0,0
638201,52.0,53.0,18.0,0.0,0.0,0.0,40.0,1.0,1.0,1.0,0.0,0.0,0.0,0.0,0.0,0.0,100.0,100.0,100.0,1000.0,1000.0,1000.0,151.57782965344188,0,0,100.0,0.0,0.0,0,0
638401,52.0,53.0,18.0,0.0,0.0,0.0,40.0,1.0,1.0,1.0,0.0,0.0,0.0,0.0,0.0,0.0,100.0,100.0,100.0,1000.0,1000.0,1000.0,151.57782965344188,0,0,100.0,0.0,0.0,0,0
638601,52.5,53.0,18.0,0.0,0.0,0.0,40.0,1.0,1.0,1.0,0.0,0.0,0.0,0.0,0.0,0.0,100.0,100.0,100.0,1000.0,1000.0,1000.0,151.57782965344188,0,0,100.0,0.0,0.0,0,0
638801,52.5,53.0,18.0,0.0,0.0,0.0,40.0,1.0,1.0,1.0,0.0,0.0,0.0,0.0,0.0,0.0,100.0,100.0,100.0,1000.0,1000.0,1000.0,151.57782965344188,0,0,100.0,0.0,0.0,0,0
639001,52.5,53.5,18.0,0.0,0.0,0.0,40.0,1.0,1.0,1.0,0.0,0.0,0.0,0.0,0.0,0.0,100.0,100.0,100.0,1000.0,1000.0,1000.0,151.57782965344188,0,0,100.0,0.0,0.0,0,0
639201,52.5,53.5,18.0,0.0,0.0,0.0,40.0,1.0,1.0,1.0,0.0,0.0,0.0,0.0,0.0,0.0,100.0,100.0,100.0,1000.0,1000.0,1000.0,151.57782965344188,0,0,100.0,0.0,0.0,0,0
639401,52.5,53.5,18.0,0.0,0.0,0.0,40.0,1.0,1.0,1.0,0.0,0.0,0.0,0.0,0.0,0.0,100.0,100.0,100.0,1000.0,1000.0,1000.0,151.57782965344188,0,0,100.0,0.0,0.0,0,0
639601,52.5,53.5,18.0,0.0,0.0,0.0,40.0,1.0,1.0,1.0,0.0,0.0,0.0,0.0,0.0,0.0,100.0,100.0,100.0,1000.0,1000.0,1000.0,151.57782965344188,0,0,100.0,0.0,0.0,0,0
639801,52.5,53.5,18.0,0.0,0.0,0.0,40.0,1.0,1.0,1.0,0.0,0.0,0.0,0.0,0.0,0.0,100.0,100.0,100.0,1000.0,1000.0,1000.0,151.57782965344188,0,0,100.0,0.0,0.0,0,0
640001,53.0,53.5,18.0,0.0,0.0,0.0,40.0,1.0,1.0,1.0,0.0,0.0,0.0,0.0,0.0,0.0,100.0,100.0,100.0,1000.0,1000.0,1000.0,151.57782965344188,0,0,100.0,0.0,0.0,0,0
640201,53.0,53.5,18.0,0.0,0.0,0.0,40.0,1.0,1.0,1.0,0.0,0.0,0.0,0.0,0.0,0.0,100.0,100.0,100.0,1000.0,1000.0,1000.0,151.57782965344188,0,0,100.0,0.0,0.0,0,0
640401,53.0,53.5,18.0,0.0,0.0,0.0,40.0,1.0,1.0,1.0,0.0,0.0,0.0,0.0,0.0,0.0,100.0,100.0,100.0,1000.0,1000.0,1000.0,151.57782965344188,0,0,100.0,0.0,0.0,0,0
640601,53.0,53.5,18.0,0.0,0.0,0.0,40.0,1.0,1.0,1.0,0.0,0.0,0.0,0.0,0.0,0.0,100.0,100.0,100.0,1000.0,1000.0,1000.0,151.57782965344188,0,0,100.0,0.0,0.0,0,0
640801,53.0,53.5,18.0,0.0,0.0,0.0,40.0,1.0,1.0,1.0,0.0,0.0,0.0,0.0,0.0,0.0,100.0,100.0,100.0,1000.0,1000.0,1000.0,151.57782965344188,0,0,100.0,0.0,0.0,0,0
641001,53.0,54.0,18.0,0.0,0.0,0.0,40.0,1.0,1.0,1.0,0.0,0.0,0.0,0.0,0.0,0.0,100.0,100.0,100.0,1000.0,1000.0,1000.0,151.57782965344188,0,0,100.0,0.0,0.0,0,0
641201,53.0,54.0,18.0,0.0,0.0,0.0,40.0,1.0,1.0,1.0,0.0,0.0,0.0,0.0,0.0,0.0,100.0,100.0,100.0,1000.0,1000.0,1000.0,151.57782965344188,0,0,100.0,0.0,0.0,0,0
641401,53.0,54.0,18.0,0.0,0.0,0.0,40.0,1.0,1.0,1.0,0.0,0.0,0.0,0.0,0.0,0.0,100.0,100.0,100.0,1000.0,1000.0,1000.0,151.57782965344188,0,0,100.0,0.0,0.0,0,0
641601,53.5,54.0,18.0,0.0,0.0,0.0,40.0,1.0,1.0,1.0,0.0,0.0,0.0,0.0,0.0,0.0,100.0,100.0,100.0,1000.0,1000.0,1000.0,151.57782965344188,0,0,100.0,0.0,0.0,0,0
641801,53.5,54.0,18.0,0.0,0.0,0.0,40.0,1.0,1.0,1.0,0.0,0.0,0.0,0.0,0.0,0.0,100.0,100.0,100.0,1000.0,1000.0,1000.0,151.57782965344188,0,0,100.0,0.0,0.0,0,0
642001,53.5,54.0,18.0,0.0,0.0,0.0,40.0,1.0,1.0,1.0,0.0,0.0,0.0,0.0,0.0,0.0,100.0,100.0,100.0,1000.0,1000.0,1000.0,151.57782965344188,0,0,100.0,0.0,0.0,0,0
642201,53.5,54.0,18.0,0.0,0.0,0.0,40.0,1.0,1.0,1.0,0.0,0.0,0.0,0.0,0.0,0.0,100.0,100.0,100.0,1000.0,1000.0,1000.0,151.57782965344188,0,0,100.0,0.0,0.0,0,0
642401,53.5,54.0,18.0,0.0,0.0,0.0,40.0,1.0,1.0,1.0,0.0,0.0,0.0,0.0,0.0,0.0,100.0,100.0,100.0,1000.0,1000.0,1000.0,151.57782965344188,0,0,100.0,0.0,0.0,0,0
642601,53.5,54.0,18.0,0.0,0.0,0.0,40.0,1.0,1.0,1.0,0.0,0.0,0.0,0.0,0.0,0.0,100.0,100.0,100.0,1000.0,1000.0,1000.0,151.57782965344188,0,0,100.0,0.0,0.0,0,0
642801,53.5,54.0,18.0,0.0,0.0,0.0,40.0,1.0,1.0,1.0,0.0,0.0,0.0,0.0,0.0,0.0,100.0,100.0,100.0,1000.0,1000.0,1000.0,151.57782965344188,0,0,100.0,0.0,0.0,0,0
643001,53.5,54.5,18.0,0.0,0.0,0.0,40.0,1.0,1.0,1.0,0.0,0.0,0.0,0.0,0.0,0.0,100.0,100.0,100.0,1000.0,1000.0,1000.0,151.57782965344188,0,0,100.0,0.0,0.0,0,0
643201,53.5,54.5,18.0,0.0,0.0,0.0,40.0,1.0,1.0,1.0,0.0,0.0,0.0,0.0,0.0,0.0,100.0,100.0,100.0,1000.0,1000.0,1000.0,151.57782965344188,0,0,100.0,0.0,0.0,0,0
643401,53.5,54.5,18.0,0.0,0.0,0.0,40.0,1.0,1.0,1.0,0.0,0.0,0.0,0.0,0.0,0.0,100.0,100.0,100.0,1000.0,1000.0,1000.0,151.57782965344188,0,0,100.0,0.0,0.0,0,0
643601,54.0,54.5,18.0,0.0,0.0,0.0,40.0,1.0,1.0,1.0,0.0,0.0,0.0,0.0,0.0,0.0,100.0,100.0,100.0,1000.0,1000.0,1000.0,151.57782965344188,0,0,100.0,0.0,0.0,0,0
643801,54.0,54.5,18.0,0.0,0.0,0.0,40.0,1.0,1.0,1.0,0.0,0.0,0.0,0.0,0.0,0.0,100.0,100.0,100.0,1000.0,1000.0,1000.0,151.57782965344188,0,0,100.0,0.0,0.0,0,0
644001,54.0,54.5,18.0,0.0,0.0,0.0,40.0,1.0,1.0,1.0,0.0,0.0,0.0,0.0,0.0,0.0,100.0,100.0,100.0,1000.0,1000.0,1000.0,151.57782965344188,0,0,100.0,0.0,0.0,0,0
644201,54.0,54.5,18.0,0.0,0.0,0.0,40.0,1.0,1.0,1.0,0.0,0.0,0.0,0.0,0.0,0.0,100.0,100.0,100.0,1000.0,1000.0,1000.0,151.57782965344188,0,0,100.0,0.0,0.0,0,0
644401,54.0,54.5,18.0,0.0,0.0,0.0,40.0,1.0,1.0,1.0,0.0,0.0,0.0,0.0,0.0,0.0,100.0,100.0,100.0,1000.0,1000.0,1000.0,151.57782965344188,0,0,100.0,0.0,0.0,0,0
644601,54.0,54.5,18.0,0.0,0.0,0.0,40.0,1.0,1.0,1.0,0.0,0.0,0.0,0.0,0.0,0.0,100.0,100.0,100.0,1000.0,1000.0,1000.0,151.57782965344188,0,0,100.0,0.0,0.0,0,0
644801,54.0,54.5,18.0,0.0,0.0,0.0,40.0,1.0,1.0,1.0,0.0,0.0,0.0,0.0,0.0,0.0,100.0,100.0,100.0,1000.0,1000.0,1000.0,151.57782965344188,0,0,100.0,0.0,0.0,0,0
645001,54.5,55.0,18.0,0.0,0.0,0.0,40.0,1.0,1.0,1.0,0.0,0.0,0.0,0.0,0.0,0.0,100.0,100.0,100.0,1000.0,1000.0,1000.0,151.57782965344188,0,0,100.0,0.0,0.0,0,0
645201,54.5,55.0,18.0,0.0,0.0,0.0,40.0,1.0,1.0,1.0,0.0,0.0,0.0,0.0,0.0,0.0,100.0,100.0,100.0,1000.0,1000.0,1000.0,93.01939571760306,0,0,93.01939571760306,0.0,0.0,1,0
645401,54.5,55.0,18.0,0.0,0.0,0.0,40.0,1.0,1.0,1.0,0.0,0.0,0.0,0.0,0.0,0.0,100.0,100.0,100.0,1000.0,1000.0,1000.0,93.01939571760306,0,0,93.01939571760306,0.0,0.0,0,0
645601,54.5,55.0,18.0,0.0,0.0,0.0,40.0,1.0,1.0,1.0,0.0,0.0,0.0,0.0,0.0,0.0,100.0,100.0,100.0,1000.0,1000.0,1000.0,93.01939571760306,0,0,93.01939571760306,0.0,0.0,0,0
645801,54.5,55.0,18.0,0.0,0.0,0.0,40.0,1.0,1.0,1.0,0.0,0.0,0.0,0.0,0.0,0.0,100.0,100.0,100.0,1000.0,1000.0,1000.0,93.01939571760306,0,0,93.01939571760306,0.0,0.0,0,0
646001,54.5,55.0,18.0,0.0,0.0,0.0,40.0,1.0,1.0,1.0,0.0,0.0,0.0,0.0,0.0,0.0,100.0,100.0,100.0,1000.0,1000.0,1000.0,93.01939571760306,0,0,93.01939571760306,0.0,0.0,0,0
646201,54.5,55.0,18.0,0.0,0.0,0.0,40.0,1.0,1.0,1.0,0.0,0.0,0.0,0.0,0.0,0.0,100.0,100.0,100.0,1000.0,1000.0,1000.0,93.01939571760306,0,0,93.01939571760306,0.0,0.0,0,0
646401,54.5,55.0,18.0,0.0,0.0,0.0,40.0,1.0,1.0,1.0,0.0,0.0,0.0,0.0,0.0,0.0,100.0,100.0,100.0,1000.0,1000.0,1000.0,93.01939571760306,0,0,93.01939571760306,0.0,0.0,0,0
646601,55.0,55.0,18.0,0.0,0.0,0.0,40.0,1.0,1.0,1.0,0.0,0.0,0.0,0.0,0.0,0.0,100.0,100.0,100.0,1000.0,1000.0,1000.0,93.01939571760306,0,0,93.01939571760306,0.0,0.0,0,0
646801,55.0,55.0,18.0,0.0,0.0,0.0,40.0,1.0,1.0,1.0,0.0,0.0,0.0,0.0,0.0,0.0,100.0,100.0,100.0,1000.0,1000.0,1000.0,93.01939571760306,0,0,93.01939571760306,0.0,0.0,0,0
647001,55.0,55.5,18.0,0.0,0.0,0.0,40.0,1.0,1.0,1.0,0.0,0.0,0.0,0.0,0.0,0.0,100.0,100.0,100.0,1000.0,1000.0,1000.0,93.01939571760306,0,0,93.01939571760306,0.0,0.0,0,0
647201,55.0,55.5,18.0,0.0,0.0,0.0,40.0,1.0,1.0,1.0,0.0,0.0,0.0,0.0,0.0,0.0,100.0,100.0,100.0,1000.0,1000.0,1000.0,93.01939571760306,0,0,93.01939571760306,0.0,0.0,0,0
647401,55.0,55.5,18.0,0.0,0.0,0.0,40.0,1.0,1.0,1.0,0.0,0.0,0.0,0.0,0.0,0.0,100.0,100.0,100.0,1000.0,1000.0,1000.0,93.01939571760306,0,0,93.01939571760306,0.0,0.0,0,0
647601,55.0,55.5,18.0,0.0,0.0,0.0,40.0,1.0,1.0,1.0,0.0,0.0,0.0,0.0,0.0,0.0,100.0,100.0,100.0,1000.0,1000.0,1000.0,93.01939571760306,0,0,93.01939571760306,0.0,0.0,0,0
647801,55.0,55.5,18.0,0.0,0.0,0.0,40.0,1.0,1.0,1.0,0.0,0.0,0.0,0.0,0.0,0.0,100.0,100.0,100.0,1000.0,1000.0,1000.0,93.01939571760306,0,0,93.01939571760306,0.0,0.0,0,0
648001,55.5,55.5,18.0,0.0,0.0,0.0,40.0,1.0,1.0,1.0,0.0,0.0,0.0,0.0,0.0,0.0,100.0,100.0,100.0,1000.0,1000.0,1000.0,93.01939571760306,0,0,93.01939571760306,0.0,0.0,0,0
648201,55.5,55.5,18.0,0.0,0.0,0.0,40.0,1.0,1.0,1.0,0.0,0.0,0.0,0.0,0.0,0.0,100.0,100.0,100.0,1000.0,1000.0,1000.0,93.01939571760306,0,0,93.01939571760306,0.0,0.0,0,0
648401,55.5,55.5,18.0,0.0,0.0,0.0,40.0,1.0,1.0,1.0,0.0,0.0,0.0,0.0,0.0,0.0,100.0,100.0,100.0,1000.0,1000.0,1000.0,93.01939571760306,0,0,93.01939571760306,0.0,0.0,0,0
648601,55.5,55.5,18.0,0.0,0.0,0.0,40.0,1.0,1.0,1.0,0.0,0.0,0.0,0.0,0.0,0.0,100.0,100.0,100.0,1000.0,1000.0,1000.0,93.01939571760306,0,0,93.01939571760306,0.0,0.0,0,0
648801,55.5,55.5,18.0,0.0,0.0,0.0,40.0,1.0,1.0,1.0,0.0,0.0,0.0,0.0,0.0,0.0,100.0,100.0,100.0,1000.0,1000.0,1000.0,93.01939571760306,0,0,93.01939571760306,0.0,0.0,0,0
649001,55.5,56.0,18.0,0.0,0.0,0.0,40.0,1.0,1.0,1.0,0.0,0.0,0.0,0.0,0.0,0.0,100.0,100.0,100.0,1000.0,1000.0,1000.0,93.01939571760306,0,0,93.01939571760306,0.0,0.0,0,0
649201,55.5,56.0,18.0,0.0,0.0,0.0,40.0,1.0,1.0,1.0,0.0,0.0,0.0,0.0,0.0,0.0,100.0,100.0,100.0,1000.0,1000.0,1000.0,93.01939571760306,0,0,93.01939571760306,0.0,0.0,0,0
649401,55.5,56.0,18.0,0.0,0.0,0.0,40.0,1.0,1.0,1.0,0.0,0.0,0.0,0.0,0.0,0.0,100.0,100.0,100.0,1000.0,1000.0,1000.0,93.01939571760306,0,0,93.01939571760306,0.0,0.0,0,0
649601,55.5,56.0,18.0,0.0,0.0,0.0,40.0,1.0,1.0,1.0,0.0,0.0,0.0,0.0,0.0,0.0,100.0,100.0,100.0,1000.0,1000.0,1000.0,93.01939571760306,0,0,93.01939571760306,0.0,0.0,0,0
649801,55.5,56.0,18.0,0.0,0.0,0.0,40.0,1.0,1.0,1.0,0.0,0.0,0.0,0.0,0.0,0.0,100.0,100.0,100.0,1000.0,1000.0,1000.0,93.01939571760306,0,0,93.01939571760306,0.0,0.0,0,0
650001,56.0,56.0,18.0,0.0,0.0,0.0,40.0,1.0,1.0,1.0,0.0,0.0,0.0,0.0,0.0,0.0,100.0,100.0,100.0,1000.0,1000.0,1000.0,93.01939571760306,0,0,93.01939571760306,0.0,0.0,0,0
650201,56.0,56.0,18.0,0.0,0.0,0.0,40.0,1.0,1.0,1.0,0.0,0.0,0.0,0.0,0.0,0.0,100.0,100.0,100.0,1000.0,1000.0,1000.0,93.01939571760306,0,0,93.01939571760306,0.0,0.0,0,0
650401,56.0,56.0,18.0,0.0,0.0,0.0,40.0,1.0,1.0,1.0,0.0,0.0,0.0,0.0,0.0,0.0,100.0,100.0,100.0,1000.0,1000.0,1000.0,93.01939571760306,0,0,93.01939571760306,0.0,0.0,0,0
650601,56.0,56.0,18.0,0.0,0.0,0.0,40.0,1.0,1.0,1.0,0.0,0.0,0.0,0.0,0.0,0.0,100.0,100.0,100.0,1000.0,1000.0,1000.0,93.01939571760306,0,0,93.01939571760306,0.0,0.0,0,0
650801,56.0,56.0,18.0,0.0,0.0,0.0,40.0,1.0,1.0,1.0,0.0,0.0,0.0,0.0,0.0,0.0,100.0,100.0,100.0,1000.0,1000.0,1000.0,93.01939571760306,0,0,93.01939571760306,0.0,0.0,0,0
651001,56.0,56.5,18.0,0.0,0.0,0.0,40.0,1.0,1.0,1.0,0.0,0.0,0.0,0.0,0.0,0.0,100.0,100.0,100.0,1000.0,1000.0,1000.0,93.01939571760306,0,0,93.01939571760306,0.0,0.0,0,0
651201,56.0,56.5,18.0,0.0,0.0,0.0,40.0,1.0,1.0,1.0,0.0,0.0,0.0,0.0,0.0,0.0,100.0,100.0,100.0,1000.0,1000.0,1000.0,93.01939571760306,0,0,93.01939571760306,0.0,0.0,0,0
651401,56.0,56.5,18.0,0.0,0.0,0.0,40.0,1.0,1.0,1.0,0.0,0.0,0.0,0.0,0.0,0.0,100.0,100.0,100.0,1000.0,1000.0,1000.0,93.01939571760306,0,0,93.01939571760306,0.0,0.0,0,0
651601,56.5,56.5,18.0,0.0,0.0,0.0,40.0,1.0,1.0,1.0,0.0,0.0,0.0,0.0,0.0,0.0,100.0,100.0,100.0,1000.0,1000.0,1000.0,93.01939571760306,0,0,93.01939571760306,0.0,0.0,0,0
651801,56.5,56.5,18.0,0.0,0.0,0.0,40.0,1.0,1.0,1.0,0.0,0.0,0.0,0.0,0.0,0.0,100.0,100.0,100.0,1000.0,1000.0,1000.0,93.01939571760306,0,0,93.01939571760306,0.0,0.0,0,0
652001,56.5,56.5,18.0,0.0,0.0,0.0,40.0,1.0,1.0,1.0,0.0,0.0,0.0,0.0,0.0,0.0,100.0,100.0,100.0,1000.0,1000.0,1000.0,93.01939571760306,0,0,93.01939571760306,0.0,0.0,0,0
652201,56.5,56.5,18.0,0.0,0.0,0.0,40.0,1.0,1.0,1.0,0.0,0.0,0.0,0.0,0.0,0.0,100.0,100.0,100.0,1000.0,1000.0,1000.0,93.01939571760306,0,0,93.01939571760306,0.0,0.0,0,0
652401,56.5,56.5,18.0,0.0,0.0,0.0,40.0,1.0,1.0,1.0,0.0,0.0,0.0,0.0,0.0,0.0,100.0,100.0,100.0,1000.0,1000.0,1000.0,93.01939571760306,0,0,93.01939571760306,0.0,0.0,0,0
652601,56.5,56.5,18.0,0.0,0.0,0.0,40.0,1.0,1.0,1.0,0.0,0.0,0.0,0.0,0.0,0.0,100.0,100.0,100.0,1000.0,1000.0,1000.0,93.01939571760306,0,0,93.01939571760306,0.0,0.0,0,0
652801,56.5,56.5,18.0,0.0,0.0,0.0,40.0,1.0,1.0,1.0,0.0,0.0,0.0,0.0,0.0,0.0,100.0,100.0,100.0,1000.0,1000.0,1000.0,93.01939571760306,0,0,93.01939571760306,0.0,0.0,0,0
653001,56.5,57.0,18.0,0.0,0.0,0.0,40.0,1.0,1.0,1.0,0.0,0.0,0.0,0.0,0.0,0.0,100.0,100.0,100.0,1000.0,1000.0,1000.0,93.01939571760306,0,0,93.01939571760306,0.0,0.0,0,0
653201,56.5,57.0,18.0,0.0,0.0,0.0,40.0,1.0,1.0,1.0,0.0,0.0,0.0,0.0,0.0,0.0,100.0,100.0,100.0,1000.0,1000.0,1000.0,93.01939571760306,0,0,93.01939571760306,0.0,0.0,0,0
653401,56.5,57.0,18.0,0.0,0.0,0.0,40.0,1.0,1.0,1.0,0.0,0.0,0.0,0.0,0.0,0.0,100.0,100.0,100.0,1000.0,1000.0,1000.0,93.01939571760306,0,0,93.01939571760306,0.0,0.0,0,0
653601,57.0,57.0,18.0,0.0,0.0,0.0,40.0,1.0,1.0,1.0,0.0,0.0,0.0,0.0,0.0,0.0,100.0,100.0,100.0,1000.0,1000.0,1000.0,93.01939571760306,0,0,93.01939571760306,0.0,0.0,0,0
653801,57.0,57.0,18.0,0.0,0.0,0.0,40.0,1.0,1.0,1.0,0.0,0.0,0.0,0.0,0.0,0.0,100.0,100.0,100.0,1000.0,1000.0,1000.0,93.01939571760306,0,0,93.01939571760306,0.0,0.0,0,0
654001,57.0,57.0,18.0,0.0,0.0,0.0,40.0,1.0,1.0,1.0,0.0,0.0,0.0,0.0,0.0,0.0,100.0,100.0,100.0,1000.0,1000.0,1000.0,93.01939571760306,0,0,93.01939571760306,0.0,0.0,0,0
654201,57.0,57.0,18.0,0.0,0.0,0.0,40.0,1.0,1.0,1.0,0.0,0.0,0.0,0.0,0.0,0.0,100.0,100.0,100.0,1000.0,1000.0,1000.0,93.01939571760306,0,0,93.01939571760306,0.0,0.0,0,0
654401,57.0,57.0,18.0,0.0,0.0,0.0,40.0,1.0,1.0,1.0,0.0,0.0,0.0,0.0,0.0,0.0,100.0,100.0,100.0,1000.0,1000.0,1000.0,93.01939571760306,0,0,93.01939571760306,0.0,0.0,0,0
654601,57.0,57.0,18.0,0.0,0.0,0.0,40.0,1.0,1.0,1.0,0.0,0.0,0.0,0.0,0.0,0.0,100.0,100.0,100.0,1000.0,1000.0,1000.0,93.01939571760306,0,0,93.01939571760306,0.0,0.0,0,0
654801,57.0,57.0,18.0,0.0,0.0,0.0,40.0,1.0,1.0,1.0,0.0,0.0,0.0,0.0,0.0,0.0,100.0,100.0,100.0,1000.0,1000.0,1000.0,93.01939571760306,0,0,93.01939571760306,0.0,0.0,0,0
655001,57.0,57.5,18.0,0.0,0.0,0.0,40.0,1.0,1.0,1.0,0.0,0.0,0.0,0.0,0.0,0.0,100.0,100.0,100.0,1000.0,1000.0,1000.0,93.01939571760306,0,0,93.01939571760306,0.0,0.0,0,0
655201,57.0,57.5,18.0,0.0,0.0,0.0,40.0,1.0,1.0,1.0,0.0,0.0,0.0,0.0,0.0,0.0,100.0,100.0,100.0,1000.0,1000.0,1000.0,93.01939571760306,0,0,93.01939571760306,0.0,0.0,0,0
655401,57.0,57.5,18.0,0.0,0.0,0.0,40.0,1.0,1.0,1.0,0.0,0.0,0.0,0.0,0.0,0.0,100.0,100.0,100.0,1000.0,1000.0,1000.0,93.01939571760306,0,0,93.01939571760306,0.0,0.0,0,0
655601,57.5,57.5,18.0,0.0,0.0,0.0,40.0,1.0,1.0,1.0,0.0,0.0,0.0,0.0,0.0,0.0,100.0,100.0,100.0,1000.0,1000.0,1000.0,93.01939571760306,0,0,93.01939571760306,0.0,0.0,0,0
655801,57.5,57.5,18.0,0.0,0.0,0.0,40.0,1.0,1.0,1.0,0.0,0.0,0.0,0.0,0.0,0.0,100.0,100.0,100.0,1000.0,1000.0,1000.0,93.01939571760306,0,0,93.01939571760306,0.0,0.0,0,0
656001,57.5,57.5,18.0,0.0,0.0,0.0,40.0,1.0,1.0,1.0,0.0,0.0,0.0,0.0,0.0,0.0,100.0,100.0,100.0,1000.0,1000.0,1000.0,93.01939571760306,0,0,93.01939571760306,0.0,0.0,0,0
656201,57.5,57.5,18.0,0.0,0.0,0.0,40.0,1.0,1.0,1.0,0.0,0.0,0.0,0.0,0.0,0.0,100.0,100.0,100.0,1000.0,1000.0,1000.0,93.01939571760306,0,0,93.01939571760306,0.0,0.0,0,0
656401,57.5,57.5,18.0,0.0,0.0,0.0,40.0,1.0,1.0,1.0,0.0,0.0,0.0,0.0,0.0,0.0,100.0,100.0,100.0,1000.0,1000.0,1000.0,93.01939571760306,0,0,93.01939571760306,0.0,0.0,0,0
656601,57.5,57.5,18.0,0.0,0.0,0.0,40.0,1.0,1.0,1.0,0.0,0.0,0.0,0.0,0.0,0.0,100.0,100.0,100.0,1000.0,1000.0,1000.0,93.01939571760306,0,0,93.01939571760306,0.0,0.0,0,1
656801,57.5,57.5,18.0,0.0,0.0,0.0,40.0,1.0,1.0,1.0,0.0,0.0,0.0,0.0,0.0,0.0,100.0,100.0,100.0,1000.0,1000.0,1000.0,93.01939571760306,0,0,93.01939571760306,0.0,0.0,0,0
657001,57.5,57.5,18.0,0.0,0.0,0.0,40.0,1.0,1.0,1.0,0.0,0.0,0.0,0.0,0.0,0.0,100.0,100.0,100.0,1000.0,1000.0,1000.0,93.01939571760306,0,0,93.01939571760306,0.0,0.0,0,0
657201,57.5,57.5,18.0,0.0,0.0,0.0,40.0,1.0,1.0,1.0,0.0,0.0,0.0,0.0,0.0,0.0,100.0,100.0,100.0,1000.0,1000.0,1000.0,93.01939571760306,0,0,93.01939571760306,0.0,0.0,0,0
657401,57.5,57.5,18.0,0.0,0.0,0.0,40.0,1.0,1.0,1.0,0.0,0.0,0.0,0.0,0.0,0.0,100.0,100.0,100.0,1000.0,1000.0,1000.0,93.01939571760306,0,0,93.01939571760306,0.0,0.0,0,0
657601,58.0,58.0,18.0,0.0,0.0,0.0,40.0,1.0,1.0,1.0,0.0,0.0,0.0,0.0,0.0,0.0,100.0,100.0,100.0,1000.0,1000.0,1000.0,93.01939571760306,0,0,93.01939571760306,0.0,0.0,0,0
657801,58.0,58.0,18.0,0.0,0.0,0.0,40.0,1.0,1.0,1.0,0.0,0.0,0.0,0.0,0.0,0.0,100.0,100.0,100.0,1000.0,1000.0,1000.0,93.01939571760306,0,0,93.01939571760306,0.0,0.0,0,0
658001,58.0,58.0,18.0,0.0,0.0,0.0,40.0,1.0,1.0,1.0,0.0,0.0,0.0,0.0,0.0,0.0,100.0,100.0,100.0,1000.0,1000.0,1000.0,93.01939571760306,0,0,93.01939571760306,0.0,0.0,0,0
658201,58.0,58.0,18.0,0.0,0.0,0.0,40.0,1.0,1.0,1.0,0.0,0.0,0.0,0.0,0.0,0.0,100.0,100.0,100.0,1000.0,1000.0,1000.0,93.01939571760306,0,0,93.01939571760306,0.0,0.0,0,0
658401,58.0,58.0,18.0,0.0,0.0,0.0,40.0,1.0,1.0,1.0,0.0,0.0,0.0,0.0,0.0,0.0,100.0,100.0,100.0,1000.0,1000.0,1000.0,93.01939571760306,0,0,93.01939571760306,0.0,0.0,0,0
658601,58.0,58.0,18.0,0.0,0.0,0.0,40.0,1.0,1.0,1.0,0.0,0.0,0.0,0.0,0.0,0.0,100.0,100.0,100.0,1000.0,1000.0,1000.0,93.01939571760306,0,0,93.01939571760306,0.0,0.0,0,0
658801,58.0,58.0,18.0,0.0,0.0,0.0,40.0,1.0,1.0,1.0,0.0,0.0,0.0,0.0,0.0,0.0,100.0,100.0,100.0,1000.0,1000.0,1000.0,93.01939571760306,0,0,93.01939571760306,0.0,0.0,0,0
659001,58.5,58.0,18.0,0.0,0.0,0.0,40.0,1.0,1.0,1.0,0.0,0.0,0.0,0.0,0.0,0.0,100.0,100.0,100.0,1000.0,1000.0,1000.0,93.01939571760306,0,0,93.01939571760306,0.0,0.0,0,0
659201,58.5,58.0,18.0,0.0,0.0,0.0,40.0,1.0,1.0,1.0,0.0,0.0,0.0,0.0,0.0,0.0,100.0,100.0,100.0,1000.0,1000.0,1000.0,93.01939571760306,0,0,93.01939571760306,0.0,0.0,0,0
659401,58.5,58.0,18.0,0.0,0.0,0.0,40.0,1.0,1.0,1.0,0.0,0.0,0.0,0.0,0.0,0.0,100.0,100.0,100.0,1000.0,1000.0,1000.0,93.01939571760306,0,0,93.01939571760306,0.0,0.0,0,0
659601,58.5,58.5,18.0,0.0,0.0,0.0,40.0,1.0,1.0,1.0,0.0,0.0,0.0,0.0,0.0,0.0,100.0,100.0,100.0,1000.0,1000.0,1000.0,93.01939571760306,0,0,93.01939571760306,0.0,0.0,0,0
659801,58.5,58.5,18.0,0.0,0.0,0.0,40.0,1.0,1.0,1.0,0.0,0.0,0.0,0.0,0.0,0.0,100.0,100.0,100.0,1000.0,1000.0,1000.0,93.01939571760306,0,0,93.01939571760306,0.0,0.0,0,0
660001,58.5,58.5,18.0,0.0,0.0,0.0,40.0,1.0,1.0,1.0,0.0,0.0,0.0,0.0,0.0,0.0,100.0,100.0,100.0,1000.0,1000.0,1000.0,93.01939571760306,0,0,93.01939571760306,0.0,0.0,0,0
660201,58.5,58.5,18.0,0.0,0.0,0.0,40.0,1.0,1.0,1.0,0.0,0.0,0.0,0.0,0.0,0.0,100.0,100.0,100.0,1000.0,1000.0,1000.0,31.155554519125396,0,0,31.155554519125396,0.0,0.0,1,0
660401,58.5,58.5,18.0,0.0,0.0,0.0,40.0,1.0,1.0,1.0,0.0,0.0,0.0,0.0,0.0,0.0,100.0,100.0,100.0,1000.0,1000.0,1000.0,31.155554519125396,0,0,31.155554519125396,0.0,0.0,0,0
660601,58.5,58.5,18.0,0.0,0.0,0.0,40.0,1.0,1.0,1.0,0.0,0.0,0.0,0.0,0.0,0.0,100.0,100.0,100.0,1000.0,1000.0,1000.0,31.155554519125396,0,0,31.155554519125396,0.0,0.0,0,0
660801,58.5,58.5,18.0,0.0,0.0,0.0,40.0,1.0,1.0,1.0,0.0,0.0,0.0,0.0,0.0,0.0,100.0,100.0,100.0,1000.0,1000.0,1000.0,31.155554519125396,0,0,31.155554519125396,0.0,0.0,0,0
661001,58.5,58.5,18.0,0.0,0.0,0.0,40.0,1.0,1.0,1.0,0.0,0.0,0.0,0.0,0.0,0.0,100.0,100.0,100.0,1000.0,1000.0,1000.0,31.155554519125396,0,0,31.155554519125396,0.0,0.0,0,0
661201,58.5,58.5,18.0,0.0,0.0,0.0,40.0,1.0,1.0,1.0,0.0,0.0,0.0,0.0,0.0,0.0,100.0,100.0,100.0,1000.0,1000.0,1000.0,31.155554519125396,0,0,31.155554519125396,0.0,0.0,0,0
661401,58.5,58.5,18.0,0.0,0.0,0.0,40.0,1.0,1.0,1.0,0.0,0.0,0.0,0.0,0.0,0.0,100.0,100.0,100.0,1000.0,1000.0,1000.0,31.155554519125396,0,0,31.155554519125396,0.0,0.0,0,0
661601,59.0,58.5,18.0,0.0,0.0,0.0,40.0,1.0,1.0,1.0,0.0,0.0,0.0,0.0,0.0,0.0,100.0,100.0,100.0,1000.0,1000.0,1000.0,31.155554519125396,0,0,31.155554519125396,0.0,0.0,0,0
661801,59.0,58.5,18.0,0.0,0.0,0.0,40.0,1.0,1.0,1.0,0.0,0.0,0.0,0.0,0.0,0.0,100.0,100.0,100.0,1000.0,1000.0,1000.0,31.155554519125396,0,0,31.155554519125396,0.0,0.0,0,0
662001,59.0,59.0,18.0,0.0,0.0,0.0,40.0,1.0,1.0,1.0,0.0,0.0,0.0,0.0,0.0,0.0,100.0,100.0,100.0,1000.0,1000.0,1000.0,31.155554519125396,0,0,31.155554519125396,0.0,0.0,0,0
662201,59.0,59.0,18.0,0.0,0.0,0.0,40.0,1.0,1.0,1.0,0.0,0.0,0.0,0.0,0.0,0.0,100.0,100.0,100.0,1000.0,1000.0,1000.0,31.155554519125396,0,0,31.155554519125396,0.0,0.0,0,0
662401,59.0,59.0,18.0,0.0,0.0,0.0,40.0,1.0,1.0,1.0,0.0,0.0,0.0,0.0,0.0,0.0,100.0,100.0,100.0,1000.0,1000.0,1000.0,31.155554519125396,0,0,31.155554519125396,0.0,0.0,0,0
662601,59.0,59.0,18.0,0.0,0.0,0.0,40.0,1.0,1.0,1.0,0.0,0.0,0.0,0.0,0.0,0.0,100.0,100.0,100.0,1000.0,1000.0,1000.0,31.155554519125396,0,0,31.155554519125396,0.0,0.0,0,0
662801,59.0,59.0,18.0,0.0,0.0,0.0,40.0,1.0,1.0,1.0,0.0,0.0,0.0,0.0,0.0,0.0,100.0,100.0,100.0,1000.0,1000.0,1000.0,31.155554519125396,0,0,31.155554519125396,0.0,0.0,0,0
663001,59.0,59.0,18.0,0.0,0.0,0.0,40.0,1.0,1.0,1.0,0.0,0.0,0.0,0.0,0.0,0.0,100.0,100.0,100.0,1000.0,1000.0,1000.0,31.155554519125396,0,0,31.155554519125396,0.0,0.0,0,0
663201,59.0,59.0,18.0,0.0,0.0,0.0,40.0,1.0,1.0,1.0,0.0,0.0,0.0,0.0,0.0,0.0,100.0,100.0,100.0,1000.0,1000.0,1000.0,31.155554519125396,0,0,31.155554519125396,0.0,0.0,0,0
663401,59.0,59.0,18.0,0.0,0.0,0.0,40.0,1.0,1.0,1.0,0.0,0.0,0.0,0.0,0.0,0.0,100.0,100.0,100.0,1000.0,1000.0,1000.0,31.155554519125396,0,0,31.155554519125396,0.0,0.0,0,0
663601,59.0,59.0,18.0,0.0,0.0,0.0,40.0,1.0,1.0,1.0,0.0,0.0,0.0,0.0,0.0,0.0,100.0,100.0,100.0,1000.0,1000.0,1000.0,31.155554519125396,0,0,31.155554519125396,0.0,0.0,0,0
663801,59.0,59.0,18.0,0.0,0.0,0.0,40.0,1.0,1.0,1.0,0.0,0.0,0.0,0.0,0.0,0.0,100.0,100.0,100.0,1000.0,1000.0,1000.0,31.155554519125396,0,0,31.155554519125396,0.0,0.0,0,0
664001,59.5,59.5,18.0,0.0,0.0,0.0,40.0,1.0,1.0,1.0,0.0,0.0,0.0,0.0,0.0,0.0,100.0,100.0,100.0,1000.0,1000.0,1000.0,31.155554519125396,0,0,31.155554519125396,0.0,0.0,0,0
664201,59.5,59.5,18.0,0.0,0.0,0.0,40.0,1.0,1.0,1.0,0.0,0.0,0.0,0.0,0.0,0.0,100.0,100.0,100.0,1000.0,1000.0,1000.0,31.155554519125396,0,0,31.155554519125396,0.0,0.0,0,0
664401,59.5,59.5,18.0,0.0,0.0,0.0,40.0,1.0,1.0,1.0,0.0,0.0,0.0,0.0,0.0,0.0,100.0,100.0,100.0,1000.0,1000.0,1000.0,31.155554519125396,0,0,31.155554519125396,0.0,0.0,0,0
664601,59.5,59.5,18.0,0.0,0.0,0.0,40.0,1.0,1.0,1.0,0.0,0.0,0.0,0.0,0.0,0.0,100.0,100.0,100.0,1000.0,1000.0,1000.0,31.155554519125396,0,0,31.155554519125396,0.0,0.0,0,0
664801,59.5,59.5,18.0,0.0,0.0,0.0,40.0,1.0,1.0,1.0,0.0,0.0,0.0,0.0,0.0,0.0,100.0,100.0,100.0,1000.0,1000.0,1000.0,31.155554519125396,0,0,31.155554519125396,0.0,0.0,0,0
665001,59.5,59.5,18.0,0.0,0.0,0.0,40.0,1.0,1.0,1.0,0.0,0.0,0.0,0.0,0.0,0.0,100.0,100.0,100.0,1000.0,1000.0,1000.0,31.155554519125396,0,0,31.155554519125396,0.0,0.0,0,0
665201,59.5,59.5,18.0,0.0,0.0,0.0,40.0,1.0,1.0,1.0,0.0,0.0,0.0,0.0,0.0,0.0,100.0,100.0,100.0,1000.0,1000.0,1000.0,31.155554519125396,0,0,31.155554519125396,0.0,0.0,0,0
665401,59.5,59.5,18.0,0.0,0.0,0.0,40.0,1.0,1.0,1.0,0.0,0.0,0.0,0.0,0.0,0.0,100.0,100.0,100.0,1000.0,1000.0,1000.0,31.155554519125396,0,0,31.155554519125396,0.0,0.0,0,0
665601,59.5,59.5,18.0,0.0,0.0,0.0,40.0,1.0,1.0,1.0,0.0,0.0,0.0,0.0,0.0,0.0,100.0,100.0,100.0,1000.0,1000.0,1000.0,31.155554519125396,0,0,31.155554519125396,0.0,0.0,0,0
665801,59.5,59.5,18.0,0.0,0.0,0.0,40.0,1.0,1.0,1.0,0.0,0.0,0.0,0.0,0.0,0.0,100.0,100.0,100.0,1000.0,1000.0,1000.0,31.155554519125396,0,0,31.155554519125396,0.0,0.0,0,0
666001,59.5,59.5,18.0,0.0,0.0,0.0,40.0,1.0,1.0,1.0,0.0,0.0,0.0,0.0,0.0,0.0,100.0,100.0,100.0,1000.0,1000.0,1000.0,31.155554519125396,0,0,31.155554519125396,0.0,0.0,0,0
666201,59.5,59.5,18.0,0.0,0.0,0.0,40.0,1.0,1.0,1.0,0.0,0.0,0.0,0.0,0.0,0.0,100.0,100.0,100.0,1000.0,1000.0,1000.0,31.155554519125396,0,0,31.155554519125396,0.0,0.0,0,0
666401,59.5,59.5,18.0,0.0,0.0,0.0,40.0,1.0,1.0,1.0,0.0,0.0,0.0,0.0,0.0,0.0,100.0,100.0,100.0,1000.0,1000.0,1000.0,31.155554519125396,0,0,31.155554519125396,0.0,0.0,0,0
666601,59.5,59.5,18.0,0.0,0.0,0.0,40.0,1.0,1.0,1.0,0.0,0.0,0.0,0.0,0.0,0.0,100.0,100.0,100.0,1000.0,1000.0,1000.0,31.155554519125396,0,0,31.155554519125396,0.0,0.0,0,0
666801,59.5,59.5,18.0,0.0,0.0,0.0,40.0,1.0,1.0,1.0,0.0,0.0,0.0,0.0,0.0,0.0,100.0,100.0,100.0,1000.0,1000.0,1000.0,31.155554519125396,0,0,31.155554519125396,0.0,0.0,0,0
667001,59.5,59.5,18.0,0.0,0.0,0.0,40.0,1.0,1.0,1.0,0.0,0.0,0.0,0.0,0.0,0.0,100.0,100.0,100.0,1000.0,1000.0,1000.0,31.155554519125396,0,0,31.155554519125396,0.0,0.0,0,0
667201,59.5,59.5,18.0,0.0,0.0,0.0,40.0,1.0,1.0,1.0,0.0,0.0,0.0,0.0,0.0,0.0,100.0,100.0,100.0,1000.0,1000.0,1000.0,31.155554519125396,0,0,31.155554519125396,0.0,0.0,0,0
667401,59.5,59.5,18.0,0.0,0.0,0.0,40.0,1.0,1.0,1.0,0.0,0.0,0.0,0.0,0.0,0.0,100.0,100.0,100.0,1000.0,1000.0,1000.0,31.155554519125396,0,0,31.155554519125396,0.0,0.0,0,0
667601,59.5,60.0,18.0,0.0,0.0,0.0,40.0,1.0,1.0,1.0,0.0,0.0,0.0,0.0,0.0,0.0,100.0,100.0,100.0,1000.0,1000.0,1000.0,31.155554519125396,0,0,31.155554519125396,0.0,0.0,0,0
667801,59.5,60.0,18.0,0.0,0.0,0.0,40.0,1.0,1.0,1.0,0.0,0.0,0.0,0.0,0.0,0.0,100.0,100.0,100.0,1000.0,1000.0,1000.0,31.155554519125396,0,0,31.155554519125396,0.0,0.0,0,0
668001,59.5,60.0,18.0,0.0,0.0,0.0,40.0,1.0,1.0,1.0,0.0,0.0,0.0,0.0,0.0,0.0,100.0,100.0,100.0,1000.0,1000.0,1000.0,31.155554519125396,0,0,31.155554519125396,0.0,0.0,0,0
668201,59.5,60.0,18.0,0.0,0.0,0.0,40.0,1.0,1.0,1.0,0.0,0.0,0.0,0.0,0.0,0.0,100.0,100.0,100.0,1000.0,1000.0,1000.0,31.155554519125396,0,0,31.155554519125396,0.0,0.0,0,0
668401,59.5,60.0,18.0,0.0,0.0,0.0,40.0,1.0,1.0,1.0,0.0,0.0,0.0,0.0,0.0,0.0,100.0,100.0,100.0,1000.0,1000.0,1000.0,31.155554519125396,0,0,31.155554519125396,0.0,0.0,0,0
668601,59.5,60.0,18.0,0.0,0.0,0.0,40.0,1.0,1.0,1.0,0.0,0.0,0.0,0.0,0.0,0.0,100.0,100.0,100.0,1000.0,1000.0,1000.0,31.155554519125396,0,0,31.155554519125396,0.0,0.0,0,0
668801,59.5,60.0,18.0,0.0,0.0,0.0,40.0,1.0,1.0,1.0,0.0,0.0,0.0,0.0,0.0,0.0,100.0,100.0,100.0,1000.0,1000.0,1000.0,31.155554519125396,0,0,31.155554519125396,0.0,0.0,0,0
669001,59.5,60.0,18.0,0.0,0.0,0.0,40.0,1.0,1.0,1.0,0.0,0.0,0.0,0.0,0.0,0.0,100.0,100.0,100.0,1000.0,1000.0,1000.0,31.155554519125396,0,0,31.155554519125396,0.0,0.0,0,0
669201,59.5,60.0,18.0,0.0,0.0,0.0,40.0,1.0,1.0,1.0,0.0,0.0,0.0,0.0,0.0,0.0,100.0,100.0,100.0,1000.0,1000.0,1000.0,31.155554519125396,0,0,31.155554519125396,0.0,0.0,0,0
669401,59.5,60.0,18.0,0.0,0.0,0.0,40.0,1.0,1.0,1.0,0.0,0.0,0.0,0.0,0.0,0.0,100.0,100.0,100.0,1000.0,1000.0,1000.0,31.155554519125396,0,0,31.155554519125396,0.0,0.0,0,0
669601,59.5,60.0,18.0,0.0,0.0,0.0,40.0,1.0,1.0,1.0,0.0,0.0,0.0,0.0,0.0,0.0,100.0,100.0,100.0,1000.0,1000.0,1000.0,31.155554519125396,0,0,31.155554519125396,0.0,0.0,0,0
669801,59.5,60.0,18.0,0.0,0.0,0.0,40.0,1.0,1.0,1.0,0.0,0.0,0.0,0.0,0.0,0.0,100.0,100.0,100.0,1000.0,1000.0,1000.0,31.155554519125396,0,0,31.155554519125396,0.0,0.0,0,0
670001,59.5,60.0,18.0,0.0,0.0,0.0,40.0,1.0,1.0,1.0,0.0,0.0,0.0,0.0,0.0,0.0,100.0,100.0,100.0,1000.0,1000.0,1000.0,31.155554519125396,0,0,31.155554519125396,0.0,0.0,0,0
670201,59.5,60.0,18.0,0.0,0.0,0.0,40.0,1.0,1.0,1.0,0.0,0.0,0.0,0.0,0.0,0.0,100.0,100.0,100.0,1000.0,1000.0,1000.0,31.155554519125396,0,0,31.155554519125396,0.0,0.0,0,0
670401,59.5,60.0,18.0,0.0,0.0,0.0,40.0,1.0,1.0,1.0,0.0,0.0,0.0,0.0,0.0,0.0,100.0,100.0,100.0,1000.0,1000.0,1000.0,31.155554519125396,0,0,31.155554519125396,0.0,0.0,0,0
670601,59.5,60.0,18.0,0.0,0.0,0.0,40.0,1.0,1.0,1.0,0.0,0.0,0.0,0.0,0.0,0.0,100.0,100.0,100.0,1000.0,1000.0,1000.0,31.155554519125396,0,0,31.155554519125396,0.0,0.0,0,0
670801,59.5,60.0,18.0,0.0,0.0,0.0,40.0,1.0,1.0,1.0,0.0,0.0,0.0,0.0,0.0,0.0,100.0,100.0,100.0,1000.0,1000.0,1000.0,31.155554519125396,0,0,31.155554519125396,0.0,0.0,0,0
671001,59.5,60.0,18.0,0.0,0.0,0.0,40.0,1.0,1.0,1.0,0.0,0.0,0.0,0.0,0.0,0.0,100.0,100.0,100.0,1000.0,1000.0,1000.0,31.155554519125396,0,0,31.155554519125396,0.0,0.0,0,0
671201,59.5,60.0,18.0,0.0,0.0,0.0,40.0,1.0,1.0,1.0,0.0,0.0,0.0,0.0,0.0,0.0,100.0,100.0,100.0,1000.0,1000.0,1000.0,31.155554519125396,0,0,31.155554519125396,0.0,0.0,0,0
671401,59.5,60.0,18.0,0.0,0.0,0.0,40.0,1.0,1.0,1.0,0.0,0.0,0.0,0.0,0.0,0.0,100.0,100.0,100.0,1000.0,1000.0,1000.0,31.155554519125396,0,0,31.155554519125396,0.0,0.0,0,0
671601,59.5,60.0,18.0,0.0,0.0,0.0,40.0,1.0,1.0,1.0,0.0,0.0,0.0,0.0,0.0,0.0,100.0,100.0,100.0,1000.0,1000.0,1000.0,31.155554519125396,0,0,31.155554519125396,0.0,0.0,0,0
671801,59.5,60.0,18.0,0.0,0.0,0.0,40.0,1.0,1.0,1.0,0.0,0.0,0.0,0.0,0.0,0.0,100.0,100.0,100.0,1000.0,1000.0,1000.0,31.155554519125396,0,0,31.155554519125396,0.0,0.0,0,0
672001,59.5,60.0,18.0,0.0,0.0,0.0,40.0,1.0,1.0,1.0,0.0,0.0,0.0,0.0,0.0,0.0,100.0,100.0,100.0,1000.0,1000.0,1000.0,31.155554519125396,0,0,31.155554519125396,0.0,0.0,0,0
672201,59.5,60.0,18.0,0.0,0.0,0.0,40.0,1.0,1.0,1.0,0.0,0.0,0.0,0.0,0.0,0.0,100.0,100.0,100.0,1000.0,1000.0,1000.0,31.155554519125396,0,0,31.155554519125396,0.0,0.0,0,0
672401,59.5,60.0,18.0,0.0,0.0,0.0,40.0,1.0,1.0,1.0,0.0,0.0,0.0,0.0,0.0,0.0,100.0,100.0,100.0,1000.0,1000.0,1000.0,31.155554519125396,0,0,31.155554519125396,0.0,0.0,0,0
672601,59.5,60.0,18.0,0.0,0.0,0.0,40.0,1.0,1.0,1.0,0.0,0.0,0.0,0.0,0.0,0.0,100.0,100.0,100.0,1000.0,1000.0,1000.0,31.155554519125396,0,0,31.155554519125396,0.0,0.0,0,0
672801,59.5,60.0,18.0,0.0,0.0,0.0,40.0,1.0,1.0,1.0,0.0,0.0,0.0,0.0,0.0,0.0,100.0,100.0,100.0,1000.0,1000.0,1000.0,31.155554519125396,0,0,31.155554519125396,0.0,0.0,0,0
673001,59.5,60.0,18.0,0.0,0.0,0.0,40.0,1.0,1.0,1.0,0.0,0.0,0.0,0.0,0.0,0.0,100.0,100.0,100.0,1000.0,1000.0,1000.0,31.155554519125396,0,0,31.155554519125396,0.0,0.0,0,0
673201,59.5,60.0,18.0,0.0,0.0,0.0,40.0,1.0,1.0,1.0,0.0,0.0,0.0,0.0,0.0,0.0,100.0,100.0,100.0,1000.0,1000.0,1000.0,31.155554519125396,0,0,31.155554519125396,0.0,0.0,0,0
673401,59.5,60.0,18.0,0.0,0.0,0.0,40.0,1.0,1.0,1.0,0.0,0.0,0.0,0.0,0.0,0.0,100.0,100.0,100.0,1000.0,1000.0,1000.0,31.155554519125396,0,0,31.155554519125396,0.0,0.0,0,0
673601,59.5,60.0,18.0,0.0,0.0,0.0,40.0,1.0,1.0,1.0,0.0,0.0,0.0,0.0,0.0,0.0,100.0,100.0,100.0,1000.0,1000.0,1000.0,31.155554519125396,0,0,31.155554519125396,0.0,0.0,0,0
673801,59.5,60.0,18.0,0.0,0.0,0.0,40.0,1.0,1.0,1.0,0.0,0.0,0.0,0.0,0.0,0.0,100.0,100.0,100.0,1000.0,1000.0,1000.0,31.155554519125396,0,0,31.155554519125396,0.0,0.0,0,0
674001,59.5,60.0,18.0,0.0,0.0,0.0,40.0,1.0,1.0,1.0,0.0,0.0,0.0,0.0,0.0,0.0,100.0,100.0,100.0,1000.0,1000.0,1000.0,31.155554519125396,0,0,31.155554519125396,0.0,0.0,0,0
674201,59.5,60.0,18.0,0.0,0.0,0.0,40.0,1.0,1.0,1.0,0.0,0.0,0.0,0.0,0.0,0.0,100.0,100.0,100.0,1000.0,1000.0,1000.0,31.155554519125396,0,0,31.155554519125396,0.0,0.0,0,0
674401,59.5,60.0,18.0,0.0,0.0,0.0,40.0,1.0,1.0,1.0,0.0,0.0,0.0,0.0,0.0,0.0,100.0,100.0,100.0,1000.0,1000.0,1000.0,31.155554519125396,0,0,31.155554519125396,0.0,0.0,0,0
674601,59.5,60.0,18.0,0.0,0.0,0.0,40.0,1.0,1.0,1.0,0.0,0.0,0.0,0.0,0.0,0.0,100.0,100.0,100.0,1000.0,1000.0,1000.0,31.155554519125396,0,0,31.155554519125396,0.0,0.0,0,0
674801,59.5,60.0,18.0,0.0,0.0,0.0,40.0,1.0,1.0,1.0,0.0,0.0,0.0,0.0,0.0,0.0,100.0,100.0,100.0,1000.0,1000.0,1000.0,31.155554519125396,0,0,31.155554519125396,0.0,0.0,0,0
675001,59.5,60.0,18.0,0.0,0.0,0.0,40.0,1.0,1.0,1.0,0.0,0.0,0.0,0.0,0.0,0.0,100.0,100.0,100.0,1000.0,1000.0,1000.0,31.155554519125396,0,0,31.155554519125396,0.0,0.0,0,0
675201,59.5,60.0,18.0,0.0,0.0,0.0,40.0,1.0,1.0,1.0,0.0,0.0,0.0,0.0,0.0,0.0,100.0,100.0,100.0,1000.0,1000.0,1000.0,28.041539583918684,0,0,28.041539583918684,0.0,0.0,1,0
675401,59.5,60.0,18.0,0.0,0.0,0.0,40.0,1.0,1.0,1.0,0.0,0.0,0.0,0.0,0.0,0.0,100.0,100.0,100.0,1000.0,1000.0,1000.0,28.041539583918684,0,0,28.041539583918684,0.0,0.0,0,0
675601,59.5,60.0,18.0,0.0,0.0,0.0,40.0,1.0,1.0,1.0,0.0,0.0,0.0,0.0,0.0,0.0,100.0,100.0,100.0,1000.0,1000.0,1000.0,28.041539583918684,0,0,28.041539583918684,0.0,0.0,0,0
675801,59.5,60.0,18.0,0.0,0.0,0.0,40.0,1.0,1.0,1.0,0.0,0.0,0.0,0.0,0.0,0.0,100.0,100.0,100.0,1000.0,1000.0,1000.0,28.041539583918684,0,0,28.041539583918684,0.0,0.0,0,0
676001,59.5,60.0,18.0,0.0,0.0,0.0,40.0,1.0,1.0,1.0,0.0,0.0,0.0,0.0,0.0,0.0,100.0,100.0,100.0,1000.0,1000.0,1000.0,28.041539583918684,0,0,28.041539583918684,0.0,0.0,0,0
676201,59.5,60.0,18.0,0.0,0.0,0.0,40.0,1.0,1.0,1.0,0.0,0.0,0.0,0.0,0.0,0.0,100.0,100.0,100.0,1000.0,1000.0,1000.0,28.041539583918684,0,0,28.041539583918684,0.0,0.0,0,0
676401,59.5,60.0,18.0,0.0,0.0,0.0,40.0,1.0,1.0,1.0,0.0,0.0,0.0,0.0,0.0,0.0,100.0,100.0,100.0,1000.0,1000.0,1000.0,28.041539583918684,0,0,28.041539583918684,0.0,0.0,0,0
676601,59.5,60.0,18.0,0.0,0.0,0.0,40.0,1.0,1.0,1.0,0.0,0.0,0.0,0.0,0.0,0.0,100.0,100.0,100.0,1000.0,1000.0,1000.0,28.041539583918684,0,0,28.041539583918684,0.0,0.0,0,0
676801,59.5,60.0,18.0,0.0,0.0,0.0,40.0,1.0,1.0,1.0,0.0,0.0,0.0,0.0,0.0,0.0,100.0,100.0,100.0,1000.0,1000.0,1000.0,28.041539583918684,0,0,28.041539583918684,0.0,0.0,0,0
677001,59.5,60.0,18.0,0.0,0.0,0.0,40.0,1.0,1.0,1.0,0.0,0.0,0.0,0.0,0.0,0.0,100.0,100.0,100.0,1000.0,1000.0,1000.0,28.041539583918684,0,0,28.041539583918684,0.0,0.0,0,0
677201,59.5,60.0,18.0,0.0,0.0,0.0,40.0,1.0,1.0,1.0,0.0,0.0,0.0,0.0,0.0,0.0,100.0,100.0,100.0,1000.0,1000.0,1000.0,28.041539583918684,0,0,28.041539583918684,0.0,0.0,0,0
677401,59.5,60.0,18.0,0.0,0.0,0.0,40.0,1.0,1.0,1.0,0.0,0.0,0.0,0.0,0.0,0.0,100.0,100.0,100.0,1000.0,1000.0,1000.0,28.041539583918684,0,0,28.041539583918684,0.0,0.0,0,0
677601,59.5,60.0,18.0,0.0,0.0,0.0,40.0,1.0,1.0,1.0,0.0,0.0,0.0,0.0,0.0,0.0,100.0,100.0,100.0,1000.0,1000.0,1000.0,28.041539583918684,0,0,28.041539583918684,0.0,0.0,0,0
677801,59.5,60.0,18.0,0.0,0.0,0.0,40.0,1.0,1.0,1.0,0.0,0.0,0.0,0.0,0.0,0.0,100.0,100.0,100.0,1000.0,1000.0,1000.0,28.041539583918684,0,0,28.041539583918684,0.0,0.0,0,0
678001,59.5,60.0,18.0,0.0,0.0,0.0,40.0,1.0,1.0,1.0,0.0,0.0,0.0,0.0,0.0,0.0,100.0,100.0,100.0,1000.0,1000.0,1000.0,28.041539583918684,0,0,28.041539583918684,0.0,0.0,0,0
678201,59.5,60.0,18.0,0.0,0.0,0.0,40.0,1.0,1.0,1.0,0.0,0.0,0.0,0.0,0.0,0.0,100.0,100.0,100.0,1000.0,1000.0,1000.0,28.041539583918684,0,0,28.041539583918684,0.0,0.0,0,0
678401,59.5,60.0,18.0,0.0,0.0,0.0,40.0,1.0,1.0,1.0,0.0,0.0,0.0,0.0,0.0,0.0,100.0,100.0,100.0,1000.0,1000.0,1000.0,28.041539583918684,0,0,28.041539583918684,0.0,0.0,0,0
678601,59.5,60.0,18.0,0.0,0.0,0.0,40.0,1.0,1.0,1.0,0.0,0.0,0.0,0.0,0.0,0.0,100.0,100.0,100.0,1000.0,1000.0,1000.0,28.041539583918684,0,0,28.041539583918684,0.0,0.0,0,0
678801,59.5,60.0,18.0,0.0,0.0,0.0,40.0,1.0,1.0,1.0,0.0,0.0,0.0,0.0,0.0,0.0,100.0,100.0,100.0,1000.0,1000.0,1000.0,28.041539583918684,0,0,28.041539583918684,0.0,0.0,0,0
679001,59.5,60.0,18.0,0.0,0.0,0.0,40.0,1.0,1.0,1.0,0.0,0.0,0.0,0.0,0.0,0.0,100.0,100.0,100.0,1000.0,1000.0,1000.0,28.041539583918684,0,0,28.041539583918684,0.0,0.0,0,0
679201,59.5,60.0,18.0,0.0,0.0,0.0,40.0,1.0,1.0,1.0,0.0,0.0,0.0,0.0,0.0,0.0,100.0,100.0,100.0,1000.0,1000.0,1000.0,28.041539583918684,0,0,28.041539583918684,0.0,0.0,0,0
679401,59.5,60.0,18.0,0.0,0.0,0.0,40.0,1.0,1.0,1.0,0.0,0.0,0.0,0.0,0.0,0.0,100.0,100.0,100.0,1000.0,1000.0,1000.0,28.041539583918684,0,0,28.041539583918684,0.0,0.0,0,0
679601,59.5,60.0,18.0,0.0,0.0,0.0,40.0,1.0,1.0,1.0,0.0,0.0,0.0,0.0,0.0,0.0,100.0,100.0,100.0,1000.0,1000.0,1000.0,28.041539583918684,0,0,28.041539583918684,0.0,0.0,0,0
679801,59.5,60.0,18.0,0.0,0.0,0.0,40.0,1.0,1.0,1.0,0.0,0.0,0.0,0.0,0.0,0.0,100.0,100.0,100.0,1000.0,1000.0,1000.0,28.041539583918684,0,0,28.041539583918684,0.0,0.0,0,0
680001,59.5,60.0,18.0,0.0,0.0,0.0,40.0,1.0,1.0,1.0,0.0,0.0,0.0,0.0,0.0,0.0,100.0,100.0,100.0,1000.0,1000.0,1000.0,28.041539583918684,0,0,28.041539583918684,0.0,0.0,0,0
680201,59.5,60.0,18.0,0.0,0.0,0.0,40.0,1.0,1.0,1.0,0.0,0.0,0.0,0.0,0.0,0.0,100.0,100.0,100.0,1000.0,1000.0,1000.0,28.041539583918684,0,0,28.041539583918684,0.0,0.0,0,0
680401,59.5,60.0,18.0,0.0,0.0,0.0,40.0,1.0,1.0,1.0,0.0,0.0,0.0,0.0,0.0,0.0,100.0,100.0,100.0,1000.0,1000.0,1000.0,28.041539583918684,0,0,28.041539583918684,0.0,0.0,0,0
680601,59.5,60.0,18.0,0.0,0.0,0.0,40.0,1.0,1.0,1.0,0.0,0.0,0.0,0.0,0.0,0.0,100.0,100.0,100.0,1000.0,1000.0,1000.0,28.041539583918684,0,0,28.041539583918684,0.0,0.0,0,0
680801,59.5,60.0,18.0,0.0,0.0,0.0,40.0,1.0,1.0,1.0,0.0,0.0,0.0,0.0,0.0,0.0,100.0,100.0,100.0,1000.0,1000.0,1000.0,28.041539583918684,0,0,28.041539583918684,0.0,0.0,0,0
681001,59.5,60.0,18.0,0.0,0.0,0.0,40.0,1.0,1.0,1.0,0.0,0.0,0.0,0.0,0.0,0.0,100.0,100.0,100.0,1000.0,1000.0,1000.0,28.041539583918684,0,0,28.041539583918684,0.0,0.0,0,0
681201,59.5,60.0,18.0,0.0,0.0,0.0,40.0,1.0,1.0,1.0,0.0,0.0,0.0,0.0,0.0,0.0,100.0,100.0,100.0,1000.0,1000.0,1000.0,28.041539583918684,0,0,28.041539583918684,0.0,0.0,0,0
681401,59.5,60.0,18.0,0.0,0.0,0.0,40.0,1.0,1.0,1.0,0.0,0.0,0.0,0.0,0.0,0.0,100.0,100.0,100.0,1000.0,1000.0,1000.0,28.041539583918684,0,0,28.041539583918684,0.0,0.0,0,0
681601,59.5,60.0,18.0,0.0,0.0,0.0,40.0,1.0,1.0,1.0,0.0,0.0,0.0,0.0,0.0,0.0,100.0,100.0,100.0,1000.0,1000.0,1000.0,28.041539583918684,0,0,28.041539583918684,0.0,0.0,0,0
681801,59.5,60.0,18.0,0.0,0.0,0.0,40.0,1.0,1.0,1.0,0.0,0.0,0.0,0.0,0.0,0.0,100.0,100.0,100.0,1000.0,1000.0,1000.0,28.041539583918684,0,0,28.041539583918684,0.0,0.0,0,0
682001,59.5,60.0,18.0,0.0,0.0,0.0,40.0,1.0,1.0,1.0,0.0,0.0,0.0,0.0,0.0,0.0,100.0,100.0,100.0,1000.0,1000.0,1000.0,28.041539583918684,0,0,28.041539583918684,0.0,0.0,0,0
682201,59.5,60.0,18.0,0.0,0.0,0.0,40.0,1.0,1.0,1.0,0.0,0.0,0.0,0.0,0.0,0.0,100.0,100.0,100.0,1000.0,1000.0,1000.0,28.041539583918684,0,0,28.041539583918684,0.0,0.0,0,0
682401,59.5,60.0,18.0,0.0,0.0,0.0,40.0,1.0,1.0,1.0,0.0,0.0,0.0,0.0,0.0,0.0,100.0,100.0,100.0,1000.0,1000.0,1000.0,28.041539583918684,0,0,28.041539583918684,0.0,0.0,0,0
682601,59.5,60.0,18.0,0.0,0.0,0.0,40.0,1.0,1.0,1.0,0.0,0.0,0.0,0.0,0.0,0.0,100.0,100.0,100.0,1000.0,1000.0,1000.0,28.041539583918684,0,0,28.041539583918684,0.0,0.0,0,0
682801,59.5,60.0,18.0,0.0,0.0,0.0,40.0,1.0,1.0,1.0,0.0,0.0,0.0,0.0,0.0,0.0,100.0,100.0,100.0,1000.0,1000.0,1000.0,28.041539583918684,0,0,28.041539583918684,0.0,0.0,0,0
683001,59.5,60.0,18.0,0.0,0.0,0.0,40.0,1.0,1.0,1.0,0.0,0.0,0.0,0.0,0.0,0.0,100.0,100.0,100.0,1000.0,1000.0,1000.0,28.041539583918684,0,0,28.041539583918684,0.0,0.0,0,0
683201,59.5,60.0,18.0,0.0,0.0,0.0,40.0,1.0,1.0,1.0,0.0,0.0,0.0,0.0,0.0,0.0,100.0,100.0,100.0,1000.0,1000.0,1000.0,28.041539583918684,0,0,28.041539583918684,0.0,0.0,0,0
683401,59.5,60.0,18.0,0.0,0.0,0.0,40.0,1.0,1.0,1.0,0.0,0.0,0.0,0.0,0.0,0.0,100.0,100.0,100.0,1000.0,1000.0,1000.0,28.041539583918684,0,0,28.041539583918684,0.0,0.0,0,0
683601,59.5,60.0,18.0,0.0,0.0,0.0,40.0,1.0,1.0,1.0,0.0,0.0,0.0,0.0,0.0,0.0,100.0,100.0,100.0,1000.0,1000.0,1000.0,28.041539583918684,0,0,28.041539583918684,0.0,0.0,0,0
683801,59.5,60.0,18.0,0.0,0.0,0.0,40.0,1.0,1.0,1.0,0.0,0.0,0.0,0.0,0.0,0.0,100.0,100.0,100.0,1000.0,1000.0,1000.0,28.041539583918684,0,0,28.041539583918684,0.0,0.0,0,0
684001,59.5,60.0,18.0,0.0,0.0,0.0,40.0,1.0,1.0,1.0,0.0,0.0,0.0,0.0,0.0,0.0,100.0,100.0,100.0,1000.0,1000.0,1000.0,28.041539583918684,0,0,28.041539583918684,0.0,0.0,0,0
684201,59.5,60.0,18.0,0.0,0.0,0.0,40.0,1.0,1.0,1.0,0.0,0.0,0.0,0.0,0.0,0.0,100.0,100.0,100.0,1000.0,1000.0,1000.0,28.041539583918684,0,0,28.041539583918684,0.0,0.0,0,0
684401,59.5,60.0,18.0,0.0,0.0,0.0,40.0,1.0,1.0,1.0,0.0,0.0,0.0,0.0,0.0,0.0,100.0,100.0,100.0,1000.0,1000.0,1000.0,28.041539583918684,0,0,28.041539583918684,0.0,0.0,0,0
684601,59.5,60.0,18.0,0.0,0.0,0.0,40.0,1.0,1.0,1.0,0.0,0.0,0.0,0.0,0.0,0.0,100.0,100.0,100.0,1000.0,1000.0,1000.0,28.041539583918684,0,0,28.041539583918684,0.0,0.0,0,0
684801,59.5,60.0,18.0,0.0,0.0,0.0,40.0,1.0,1.0,1.0,0.0,0.0,0.0,0.0,0.0,0.0,100.0,100.0,100.0,1000.0,1000.0,1000.0,28.041539583918684,0,0,28.041539583918684,0.0,0.0,0,0
685001,59.5,60.0,18.0,0.0,0.0,0.0,40.0,1.0,1.0,1.0,0.0,0.0,0.0,0.0,0.0,0.0,100.0,100.0,100.0,1000.0,1000.0,1000.0,28.041539583918684,0,0,28.041539583918684,0.0,0.0,0,0
685201,59.5,60.0,18.0,0.0,0.0,0.0,40.0,1.0,1.0,1.0,0.0,0.0,0.0,0.0,0.0,0.0,100.0,100.0,100.0,1000.0,1000.0,1000.0,28.041539583918684,0,0,28.041539583918684,0.0,0.0,0,0
685401,59.5,60.0,18.0,0.0,0.0,0.0,40.0,1.0,1.0,1.0,0.0,0.0,0.0,0.0,0.0,0.0,100.0,100.0,100.0,1000.0,1000.0,1000.0,28.041539583918684,0,0,28.041539583918684,0.0,0.0,0,0
685601,59.0,60.0,18.0,0.0,0.0,0.0,40.0,1.0,1.0,1.0,0.0,0.0,0.0,0.0,0.0,0.0,100.0,100.0,100.0,1000.0,1000.0,1000.0,28.041539583918684,0,0,28.041539583918684,0.0,0.0,0,0
685801,59.0,60.0,18.0,0.0,0.0,0.0,40.0,1.0,1.0,1.0,0.0,0.0,0.0,0.0,0.0,0.0,100.0,100.0,100.0,1000.0,1000.0,1000.0,28.041539583918684,0,0,28.041539583918684,0.0,0.0,0,0
686001,59.0,60.0,18.0,0.0,0.0,0.0,40.0,1.0,1.0,1.0,0.0,0.0,0.0,0.0,0.0,0.0,100.0,100.0,100.0,1000.0,1000.0,1000.0,28.041539583918684,0,0,28.041539583918684,0.0,0.0,0,0
686201,59.0,60.0,18.0,0.0,0.0,0.0,40.0,1.0,1.0,1.0,0.0,0.0,0.0,0.0,0.0,0.0,100.0,100.0,100.0,1000.0,1000.0,1000.0,28.041539583918684,0,0,28.041539583918684,0.0,0.0,0,0
686401,59.0,60.0,18.0,0.0,0.0,0.0,40.0,1.0,1.0,1.0,0.0,0.0,0.0,0.0,0.0,0.0,100.0,100.0,100.0,1000.0,1000.0,1000.0,28.041539583918684,0,0,28.041539583918684,0.0,0.0,0,0
686601,59.0,60.0,18.0,0.0,0.0,0.0,40.0,1.0,1.0,1.0,0.0,0.0,0.0,0.0,0.0,0.0,100.0,100.0,100.0,1000.0,1000.0,1000.0,28.041539583918684,0,0,28.041539583918684,0.0,0.0,0,0
686801,59.0,60.0,18.0,0.0,0.0,0.0,40.0,1.0,1.0,1.0,0.0,0.0,0.0,0.0,0.0,0.0,100.0,100.0,100.0,1000.0,1000.0,1000.0,28.041539583918684,0,0,28.041539583918684,0.0,0.0,0,0
687001,59.0,60.0,18.0,0.0,0.0,0.0,40.0,1.0,1.0,1.0,0.0,0.0,0.0,0.0,0.0,0.0,100.0,100.0,100.0,1000.0,1000.0,1000.0,28.041539583918684,0,0,28.041539583918684,0.0,0.0,0,0
687201,59.0,60.0,18.0,0.0,0.0,0.0,40.0,1.0,1.0,1.0,0.0,0.0,0.0,0.0,0.0,0.0,100.0,100.0,100.0,1000.0,1000.0,1000.0,28.041539583918684,0,0,28.041539583918684,0.0,0.0,0,0
687401,59.0,60.0,18.0,0.0,0.0,0.0,40.0,1.0,1.0,1.0,0.0,0.0,0.0,0.0,0.0,0.0,100.0,100.0,100.0,1000.0,1000.0,1000.0,28.041539583918684,0,0,28.041539583918684,0.0,0.0,0,0
687601,59.0,60.0,18.0,0.0,0.0,0.0,40.0,1.0,1.0,1.0,0.0,0.0,0.0,0.0,0.0,0.0,100.0,100.0,100.0,1000.0,1000.0,1000.0,28.041539583918684,0,0,28.041539583918684,0.0,0.0,0,0
687801,59.0,60.0,18.0,0.0,0.0,0.0,40.0,1.0,1.0,1.0,0.0,0.0,0.0,0.0,0.0,0.0,100.0,100.0,100.0,1000.0,1000.0,1000.0,28.041539583918684,0,0,28.041539583918684,0.0,0.0,0,0
688001,59.0,60.0,18.0,0.0,0.0,0.0,40.0,1.0,1.0,1.0,0.0,0.0,0.0,0.0,0.0,0.0,100.0,100.0,100.0,1000.0,1000.0,1000.0,28.041539583918684,0,0,28.041539583918684,0.0,0.0,0,0
688201,59.0,60.0,18.0,0.0,0.0,0.0,40.0,1.0,1.0,1.0,0.0,0.0,0.0,0.0,0.0,0.0,100.0,100.0,100.0,1000.0,1000.0,1000.0,28.041539583918684,0,0,28.041539583918684,0.0,0.0,0,0
688401,59.0,60.0,18.0,0.0,0.0,0.0,40.0,1.0,1.0,1.0,0.0,0.0,0.0,0.0,0.0,0.0,100.0,100.0,100.0,1000.0,1000.0,1000.0,28.041539583918684,0,0,28.041539583918684,0.0,0.0,0,0
688601,59.0,60.0,18.0,0.0,0.0,0.0,40.0,1.0,1.0,1.0,0.0,0.0,0.0,0.0,0.0,0.0,100.0,100.0,100.0,1000.0,1000.0,1000.0,28.041539583918684,0,0,28.041539583918684,0.0,0.0,0,0
688801,59.0,60.0,18.0,0.0,0.0,0.0,40.0,1.0,1.0,1.0,0.0,0.0,0.0,0.0,0.0,0.0,100.0,100.0,100.0,1000.0,1000.0,1000.0,28.041539583918684,0,0,28.041539583918684,0.0,0.0,0,0
689001,59.0,60.0,18.0,0.0,0.0,0.0,40.0,1.0,1.0,1.0,0.0,0.0,0.0,0.0,0.0,0.0,100.0,100.0,100.0,1000.0,1000.0,1000.0,28.041539583918684,0,0,28.041539583918684,0.0,0.0,0,0
689201,59.0,60.0,18.0,0.0,0.0,0.0,40.0,1.0,1.0,1.0,0.0,0.0,0.0,0.0,0.0,0.0,100.0,100.0,100.0,1000.0,1000.0,1000.0,28.041539583918684,0,0,28.041539583918684,0.0,0.0,0,0
689401,59.0,60.0,18.0,0.0,0.0,0.0,40.0,1.0,1.0,1.0,0.0,0.0,0.0,0.0,0.0,0.0,100.0,100.0,100.0,1000.0,1000.0,1000.0,28.041539583918684,0,0,28.041539583918684,0.0,0.0,0,0
689601,59.0,60.0,18.0,0.0,0.0,0.0,40.0,1.0,1.0,1.0,0.0,0.0,0.0,0.0,0.0,0.0,100.0,100.0,100.0,1000.0,1000.0,1000.0,28.041539583918684,0,0,28.041539583918684,0.0,0.0,0,0
689801,59.0,60.0,18.0,0.0,0.0,0.0,40.0,1.0,1.0,1.0,0.0,0.0,0.0,0.0,0.0,0.0,100.0,100.0,100.0,1000.0,1000.0,1000.0,28.041539583918684,0,0,28.041539583918684,0.0,0.0,0,0
690001,59.0,59.5,18.0,0.0,0.0,0.0,40.0,1.0,1.0,1.0,0.0,0.0,0.0,0.0,0.0,0.0,100.0,100.0,100.0,1000.0,1000.0,1000.0,28.041539583918684,0,0,28.041539583918684,0.0,0.0,0,0
690201,59.0,59.5,18.0,0.0,0.0,0.0,40.0,1.0,1.0,1.0,0.0,0.0,0.0,0.0,0.0,0.0,100.0,100.0,100.0,1000.0,1000.0,1000.0,25.648515681748012,0,0,25.648515681748012,0.0,0.0,1,0
690401,59.0,59.5,18.0,0.0,0.0,0.0,40.0,1.0,1.0,1.0,0.0,0.0,0.0,0.0,0.0,0.0,100.0,100.0,100.0,1000.0,1000.0,1000.0,25.648515681748012,0,0,25.648515681748012,0.0,0.0,0,0
690601,59.0,59.5,18.0,0.0,0.0,0.0,40.0,1.0,1.0,1.0,0.0,0.0,0.0,0.0,0.0,0.0,100.0,100.0,100.0,1000.0,1000.0,1000.0,25.648515681748012,0,0,25.648515681748012,0.0,0.0,0,0
690801,59.0,59.5,18.0,0.0,0.0,0.0,40.0,1.0,1.0,1.0,0.0,0.0,0.0,0.0,0.0,0.0,100.0,100.0,100.0,1000.0,1000.0,1000.0,25.648515681748012,0,0,25.648515681748012,0.0,0.0,0,0
691001,59.0,59.5,18.0,0.0,0.0,0.0,40.0,1.0,1.0,1.0,0.0,0.0,0.0,0.0,0.0,0.0,100.0,100.0,100.0,1000.0,1000.0,1000.0,25.648515681748012,0,0,25.648515681748012,0.0,0.0,0,0
691201,59.0,59.5,18.0,0.0,0.0,0.0,40.0,1.0,1.0,1.0,0.0,0.0,0.0,0.0,0.0,0.0,100.0,100.0,100.0,1000.0,1000.0,1000.0,25.648515681748012,0,0,25.648515681748012,0.0,0.0,0,0
691401,59.0,59.5,18.0,0.0,0.0,0.0,40.0,1.0,1.0,1.0,0.0,0.0,0.0,0.0,0.0,0.0,100.0,100.0,100.0,1000.0,1000.0,1000.0,25.648515681748012,0,0,25.648515681748012,0.0,0.0,0,0
691601,59.0,59.5,18.0,0.0,0.0,0.0,40.0,1.0,1.0,1.0,0.0,0.0,0.0,0.0,0.0,0.0,100.0,100.0,100.0,1000.0,1000.0,1000.0,25.648515681748012,0,0,25.648515681748012,0.0,0.0,0,0
691801,59.0,59.5,18.0,0.0,0.0,0.0,40.0,1.0,1.0,1.0,0.0,0.0,0.0,0.0,0.0,0.0,100.0,100.0,100.0,1000.0,1000.0,1000.0,25.648515681748012,0,0,25.648515681748012,0.0,0.0,0,0
692001,59.0,59.5,18.0,0.0,0.0,0.0,40.0,1.0,1.0,1.0,0.0,0.0,0.0,0.0,0.0,0.0,100.0,100.0,100.0,1000.0,1000.0,1000.0,25.648515681748012,0,0,25.648515681748012,0.0,0.0,0,0
692201,59.0,59.5,18.0,0.0,0.0,0.0,40.0,1.0,1.0,1.0,0.0,0.0,0.0,0.0,0.0,0.0,100.0,100.0,100.0,1000.0,1000.0,1000.0,25.648515681748012,0,0,25.648515681748012,0.0,0.0,0,0
692401,59.0,59.5,18.0,0.0,0.0,0.0,40.0,1.0,1.0,1.0,0.0,0.0,0.0,0.0,0.0,0.0,100.0,100.0,100.0,1000.0,1000.0,1000.0,25.648515681748012,0,0,25.648515681748012,0.0,0.0,0,0
692601,59.0,59.5,18.0,0.0,0.0,0.0,40.0,1.0,1.0,1.0,0.0,0.0,0.0,0.0,0.0,0.0,100.0,100.0,100.0,1000.0,1000.0,1000.0,25.648515681748012,0,0,25.648515681748012,0.0,0.0,0,0
692801,59.0,59.5,18.0,0.0,0.0,0.0,40.0,1.0,1.0,1.0,0.0,0.0,0.0,0.0,0.0,0.0,100.0,100.0,100.0,1000.0,1000.0,1000.0,25.648515681748012,0,0,25.648515681748012,0.0,0.0,0,0
693001,58.5,59.5,18.0,0.0,0.0,0.0,40.0,1.0,1.0,1.0,0.0,0.0,0.0,0.0,0.0,0.0,100.0,100.0,100.0,1000.0,1000.0,1000.0,25.648515681748012,0,0,25.648515681748012,0.0,0.0,0,0
693201,58.5,59.5,18.0,0.0,0.0,0.0,40.0,1.0,1.0,1.0,0.0,0.0,0.0,0.0,0.0,0.0,100.0,100.0,100.0,1000.0,1000.0,1000.0,25.648515681748012,0,0,25.648515681748012,0.0,0.0,0,0
693401,58.5,59.5,18.0,0.0,0.0,0.0,40.0,1.0,1.0,1.0,0.0,0.0,0.0,0.0,0.0,0.0,100.0,100.0,100.0,1000.0,1000.0,1000.0,25.648515681748012,0,0,25.648515681748012,0.0,0.0,0,0
693601,58.5,59.5,18.0,0.0,0.0,0.0,40.0,1.0,1.0,1.0,0.0,0.0,0.0,0.0,0.0,0.0,100.0,100.0,100.0,1000.0,1000.0,1000.0,25.648515681748012,0,0,25.648515681748012,0.0,0.0,0,0
693801,58.5,59.5,18.0,0.0,0.0,0.0,40.0,1.0,1.0,1.0,0.0,0.0,0.0,0.0,0.0,0.0,100.0,100.0,100.0,1000.0,1000.0,1000.0,25.648515681748012,0,0,25.648515681748012,0.0,0.0,0,0
694001,58.5,59.5,18.0,0.0,0.0,0.0,40.0,1.0,1.0,1.0,0.0,0.0,0.0,0.0,0.0,0.0,100.0,100.0,100.0,1000.0,1000.0,1000.0,25.648515681748012,0,0,25.648515681748012,0.0,0.0,0,0
694201,58.5,59.5,18.0,0.0,0.0,0.0,40.0,1.0,1.0,1.0,0.0,0.0,0.0,0.0,0.0,0.0,100.0,100.0,100.0,1000.0,1000.0,1000.0,25.648515681748012,0,0,25.648515681748012,0.0,0.0,0,0
694401,58.5,59.5,18.0,0.0,0.0,0.0,40.0,1.0,1.0,1.0,0.0,0.0,0.0,0.0,0.0,0.0,100.0,100.0,100.0,1000.0,1000.0,1000.0,25.648515681748012,0,0,25.648515681748012,0.0,0.0,0,0
694601,58.5,59.5,18.0,0.0,0.0,0.0,40.0,1.0,1.0,1.0,0.0,0.0,0.0,0.0,0.0,0.0,100.0,100.0,100.0,1000.0,1000.0,1000.0,25.648515681748012,0,0,25.648515681748012,0.0,0.0,0,0
694801,58.5,59.5,18.0,0.0,0.0,0.0,40.0,1.0,1.0,1.0,0.0,0.0,0.0,0.0,0.0,0.0,100.0,100.0,100.0,1000.0,1000.0,1000.0,25.648515681748012,0,0,25.648515681748012,0.0,0.0,0,0
695001,58.5,59.5,18.0,0.0,0.0,0.0,40.0,1.0,1.0,1.0,0.0,0.0,0.0,0.0,0.0,0.0,100.0,100.0,100.0,1000.0,1000.0,1000.0,25.648515681748012,0,0,25.648515681748012,0.0,0.0,0,0
695201,58.5,59.5,18.0,0.0,0.0,0.0,40.0,1.0,1.0,1.0,0.0,0.0,0.0,0.0,0.0,0.0,100.0,100.0,100.0,1000.0,1000.0,1000.0,25.648515681748012,0,0,25.648515681748012,0.0,0.0,0,0
695401,58.5,59.5,18.0,0.0,0.0,0.0,40.0,1.0,1.0,1.0,0.0,0.0,0.0,0.0,0.0,0.0,100.0,100.0,100.0,1000.0,1000.0,1000.0,25.648515681748012,0,0,25.648515681748012,0.0,0.0,0,0
695601,58.5,59.5,18.0,0.0,0.0,0.0,40.0,1.0,1.0,1.0,0.0,0.0,0.0,0.0,0.0,0.0,100.0,100.0,100.0,1000.0,1000.0,1000.0,25.648515681748012,0,0,25.648515681748012,0.0,0.0,0,0
695801,58.5,59.5,18.0,0.0,0.0,0.0,40.0,1.0,1.0,1.0,0.0,0.0,0.0,0.0,0.0,0.0,100.0,100.0,100.0,1000.0,1000.0,1000.0,25.648515681748012,0,0,25.648515681748012,0.0,0.0,0,0
696001,58.5,59.5,18.0,0.0,0.0,0.0,40.0,1.0,1.0,1.0,0.0,0.0,0.0,0.0,0.0,0.0,100.0,100.0,100.0,1000.0,1000.0,1000.0,25.648515681748012,0,0,25.648515681748012,0.0,0.0,0,0
696201,58.5,59.5,18.0,0.0,0.0,0.0,40.0,1.0,1.0,1.0,0.0,0.0,0.0,0.0,0.0,0.0,100.0,100.0,100.0,1000.0,1000.0,1000.0,25.648515681748012,0,0,25.648515681748012,0.0,0.0,0,0
696401,58.5,59.5,18.0,0.0,0.0,0.0,40.0,1.0,1.0,1.0,0.0,0.0,0.0,0.0,0.0,0.0,100.0,100.0,100.0,1000.0,1000.0,1000.0,25.648515681748012,0,0,25.648515681748012,0.0,0.0,0,0
696601,58.5,59.5,18.0,0.0,0.0,0.0,40.0,1.0,1.0,1.0,0.0,0.0,0.0,0.0,0.0,0.0,100.0,100.0,100.0,1000.0,1000.0,1000.0,25.648515681748012,0,0,25.648515681748012,0.0,0.0,0,0
696801,58.5,59.5,18.0,0.0,0.0,0.0,40.0,1.0,1.0,1.0,0.0,0.0,0.0,0.0,0.0,0.0,100.0,100.0,100.0,1000.0,1000.0,1000.0,25.648515681748012,0,0,25.648515681748012,0.0,0.0,0,0
697001,58.5,59.5,18.0,0.0,0.0,0.0,40.0,1.0,1.0,1.0,0.0,0.0,0.0,0.0,0.0,0.0,100.0,100.0,100.0,1000.0,1000.0,1000.0,25.648515681748012,0,0,25.648515681748012,0.0,0.0,0,0
697201,58.5,59.5,18.0,0.0,0.0,0.0,40.0,1.0,1.0,1.0,0.0,0.0,0.0,0.0,0.0,0.0,100.0,100.0,100.0,1000.0,1000.0,1000.0,25.648515681748012,0,0,25.648515681748012,0.0,0.0,0,0
697401,58.5,59.5,18.0,0.0,0.0,0.0,40.0,1.0,1.0,1.0,0.0,0.0,0.0,0.0,0.0,0.0,100.0,100.0,100.0,1000.0,1000.0,1000.0,25.648515681748012,0,0,25.648515681748012,0.0,0.0,0,0
697601,58.5,59.0,18.0,0.0,0.0,0.0,40.0,1.0,1.0,1.0,0.0,0.0,0.0,0.0,0.0,0.0,100.0,100.0,100.0,1000.0,1000.0,1000.0,25.648515681748012,0,0,25.648515681748012,0.0,0.0,0,0
697801,58.5,59.0,18.0,0.0,0.0,0.0,40.0,1.0,1.0,1.0,0.0,0.0,0.0,0.0,0.0,0.0,100.0,100.0,100.0,1000.0,1000.0,1000.0,25.648515681748012,0,0,25.648515681748012,0.0,0.0,0,0
698001,58.5,59.0,18.0,0.0,0.0,0.0,40.0,1.0,1.0,1.0,0.0,0.0,0.0,0.0,0.0,0.0,100.0,100.0,100.0,1000.0,1000.0,1000.0,25.648515681748012,0,0,25.648515681748012,0.0,0.0,0,0
698201,58.5,59.0,18.0,0.0,0.0,0.0,40.0,1.0,1.0,1.0,0.0,0.0,0.0,0.0,0.0,0.0,100.0,100.0,100.0,1000.0,1000.0,1000.0,25.648515681748012,0,0,25.648515681748012,0.0,0.0,0,0
698401,58.5,59.0,18.0,0.0,0.0,0.0,40.0,1.0,1.0,1.0,0.0,0.0,0.0,0.0,0.0,0.0,100.0,100.0,100.0,1000.0,1000.0,1000.0,25.648515681748012,0,0,25.648515681748012,0.0,0.0,0,0
698601,58.5,59.0,18.0,0.0,0.0,0.0,40.0,1.0,1.0,1.0,0.0,0.0,0.0,0.0,0.0,0.0,100.0,100.0,100.0,1000.0,1000.0,1000.0,25.648515681748012,0,0,25.648515681748012,0.0,0.0,0,0
698801,58.5,59.0,18.0,0.0,0.0,0.0,40.0,1.0,1.0,1.0,0.0,0.0,0.0,0.0,0.0,0.0,100.0,100.0,100.0,1000.0,1000.0,1000.0,25.648515681748012,0,0,25.648515681748012,0.0,0.0,0,0
699001,58.5,59.0,18.0,0.0,0.0,0.0,40.0,1.0,1.0,1.0,0.0,0.0,0.0,0.0,0.0,0.0,100.0,100.0,100.0,1000.0,1000.0,1000.0,25.648515681748012,0,0,25.648515681748012,0.0,0.0,0,0
699201,58.5,59.0,18.0,0.0,0.0,0.0,40.0,1.0,1.0,1.0,0.0,0.0,0.0,0.0,0.0,0.0,100.0,100.0,100.0,1000.0,1000.0,1000.0,25.648515681748012,0,0,25.648515681748012,0.0,0.0,0,0
699401,58.5,59.0,18.0,0.0,0.0,0.0,40.0,1.0,1.0,1.0,0.0,0.0,0.0,0.0,0.0,0.0,100.0,100.0,100.0,1000.0,1000.0,1000.0,25.648515681748012,0,0,25.648515681748012,0.0,0.0,0,0
699601,58.0,59.0,18.0,0.0,0.0,0.0,40.0,1.0,1.0,1.0,0.0,0.0,0.0,0.0,0.0,0.0,100.0,100.0,100.0,1000.0,1000.0,1000.0,25.648515681748012,0,0,25.648515681748012,0.0,0.0,0,0
699801,58.0,59.0,18.0,0.0,0.0,0.0,40.0,1.0,1.0,1.0,0.0,0.0,0.0,0.0,0.0,0.0,100.0,100.0,100.0,1000.0,1000.0,1000.0,25.648515681748012,0,0,25.648515681748012,0.0,0.0,0,0
700001,58.0,59.0,18.0,0.0,0.0,0.0,40.0,1.0,1.0,1.0,0.0,0.0,0.0,0.0,0.0,0.0,100.0,100.0,100.0,1000.0,1000.0,1000.0,25.648515681748012,0,0,25.648515681748012,0.0,0.0,0,0
700201,58.0,59.0,18.0,0.0,0.0,0.0,40.0,1.0,1.0,1.0,0.0,0.0,0.0,0.0,0.0,0.0,100.0,100.0,100.0,1000.0,1000.0,1000.0,25.648515681748012,0,0,25.648515681748012,0.0,0.0,0,0
700401,58.0,59.0,18.0,0.0,0.0,0.0,40.0,1.0,1.0,1.0,0.0,0.0,0.0,0.0,0.0,0.0,100.0,100.0,100.0,1000.0,1000.0,1000.0,25.648515681748012,0,0,25.648515681748012,0.0,0.0,0,0
700601,58.0,59.0,18.0,0.0,0.0,0.0,40.0,1.0,1.0,1.0,0.0,0.0,0.0,0.0,0.0,0.0,100.0,100.0,100.0,1000.0,1000.0,1000.0,25.648515681748012,0,0,25.648515681748012,0.0,0.0,0,0
700801,58.0,59.0,18.0,0.0,0.0,0.0,40.0,1.0,1.0,1.0,0.0,0.0,0.0,0.0,0.0,0.0,100.0,100.0,100.0,1000.0,1000.0,1000.0,25.648515681748012,0,0,25.648515681748012,0.0,0.0,0,0
701001,58.0,59.0,18.0,0.0,0.0,0.0,40.0,1.0,1.0,1.0,0.0,0.0,0.0,0.0,0.0,0.0,100.0,100.0,100.0,1000.0,1000.0,1000.0,25.648515681748012,0,0,25.648515681748012,0.0,0.0,0,0
701201,58.0,59.0,18.0,0.0,0.0,0.0,40.0,1.0,1.0,1.0,0.0,0.0,0.0,0.0,0.0,0.0,100.0,100.0,100.0,1000.0,1000.0,1000.0,25.648515681748012,0,0,25.648515681748012,0.0,0.0,0,0
701401,58.0,59.0,18.0,0.0,0.0,0.0,40.0,1.0,1.0,1.0,0.0,0.0,0.0,0.0,0.0,0.0,100.0,100.0,100.0,1000.0,1000.0,1000.0,25.648515681748012,0,0,25.648515681748012,0.0,0.0,0,0
701601,58.0,59.0,18.0,0.0,0.0,0.0,40.0,1.0,1.0,1.0,0.0,0.0,0.0,0.0,0.0,0.0,100.0,100.0,100.0,1000.0,1000.0,1000.0,25.648515681748012,0,0,25.648515681748012,0.0,0.0,0,0
701801,58.0,59.0,18.0,0.0,0.0,0.0,40.0,1.0,1.0,1.0,0.0,0.0,0.0,0.0,0.0,0.0,100.0,100.0,100.0,1000.0,1000.0,1000.0,25.648515681748012,0,0,25.648515681748012,0.0,0.0,0,0
702001,58.0,59.0,18.0,0.0,0.0,0.0,40.0,1.0,1.0,1.0,0.0,0.0,0.0,0.0,0.0,0.0,100.0,100.0,100.0,1000.0,1000.0,1000.0,25.648515681748012,0,0,25.648515681748012,0.0,0.0,0,0
702201,58.0,59.0,18.0,0.0,0.0,0.0,40.0,1.0,1.0,1.0,0.0,0.0,0.0,0.0,0.0,0.0,100.0,100.0,100.0,1000.0,1000.0,1000.0,25.648515681748012,0,0,25.648515681748012,0.0,0.0,0,0
702401,58.0,59.0,18.0,0.0,0.0,0.0,40.0,1.0,1.0,1.0,0.0,0.0,0.0,0.0,0.0,0.0,100.0,100.0,100.0,1000.0,1000.0,1000.0,25.648515681748012,0,0,25.648515681748012,0.0,0.0,0,0
702601,58.0,59.0,18.0,0.0,0.0,0.0,40.0,1.0,1.0,1.0,0.0,0.0,0.0,0.0,0.0,0.0,100.0,100.0,100.0,1000.0,1000.0,1000.0,25.648515681748012,0,0,25.648515681748012,0.0,0.0,0,0
702801,58.0,59.0,18.0,0.0,0.0,0.0,40.0,1.0,1.0,1.0,0.0,0.0,0.0,0.0,0.0,0.0,100.0,100.0,100.0,1000.0,1000.0,1000.0,25.648515681748012,0,0,25.648515681748012,0.0,0.0,0,0
703001,58.0,59.0,18.0,0.0,0.0,0.0,40.0,1.0,1.0,1.0,0.0,0.0,0.0,0.0,0.0,0.0,100.0,100.0,100.0,1000.0,1000.0,1000.0,25.648515681748012,0,0,25.648515681748012,0.0,0.0,0,0
703201,58.0,59.0,18.0,0.0,0.0,0.0,40.0,1.0,1.0,1.0,0.0,0.0,0.0,0.0,0.0,0.0,100.0,100.0,100.0,1000.0,1000.0,1000.0,25.648515681748012,0,0,25.648515681748012,0.0,0.0,0,0
703401,58.0,59.0,18.0,0.0,0.0,0.0,40.0,1.0,1.0,1.0,0.0,0.0,0.0,0.0,0.0,0.0,100.0,100.0,100.0,1000.0,1000.0,1000.0,25.648515681748012,0,0,25.648515681748012,0.0,0.0,0,0
703601,58.0,59.0,18.0,0.0,0.0,0.0,40.0,1.0,1.0,1.0,0.0,0.0,0.0,0.0,0.0,0.0,100.0,100.0,100.0,1000.0,1000.0,1000.0,25.648515681748012,0,0,25.648515681748012,0.0,0.0,0,0
703801,58.0,59.0,18.0,0.0,0.0,0.0,40.0,1.0,1.0,1.0,0.0,0.0,0.0,0.0,0.0,0.0,100.0,100.0,100.0,1000.0,1000.0,1000.0,25.648515681748012,0,0,25.648515681748012,0.0,0.0,0,0
704001,58.0,58.5,18.0,0.0,0.0,0.0,40.0,1.0,1.0,1.0,0.0,0.0,0.0,0.0,0.0,0.0,100.0,100.0,100.0,1000.0,1000.0,1000.0,25.648515681748012,0,0,25.648515681748012,0.0,0.0,0,0
704201,58.0,58.5,18.0,0.0,0.0,0.0,40.0,1.0,1.0,1.0,0.0,0.0,0.0,0.0,0.0,0.0,100.0,100.0,100.0,1000.0,1000.0,1000.0,25.648515681748012,0,0,25.648515681748012,0.0,0.0,0,0
704401,58.0,58.5,18.0,0.0,0.0,0.0,40.0,1.0,1.0,1.0,0.0,0.0,0.0,0.0,0.0,0.0,100.0,100.0,100.0,1000.0,1000.0,1000.0,25.648515681748012,0,0,25.648515681748012,0.0,0.0,0,0
704601,58.0,58.5,18.0,0.0,0.0,0.0,40.0,1.0,1.0,1.0,0.0,0.0,0.0,0.0,0.0,0.0,100.0,100.0,100.0,1000.0,1000.0,1000.0,25.648515681748012,0,0,25.648515681748012,0.0,0.0,0,0
704801,58.0,58.5,18.0,0.0,0.0,0.0,40.0,1.0,1.0,1.0,0.0,0.0,0.0,0.0,0.0,0.0,100.0,100.0,100.0,1000.0,1000.0,1000.0,25.648515681748012,0,0,25.648515681748012,0.0,0.0,0,0
705001,58.0,58.5,18.0,0.0,0.0,0.0,40.0,1.0,1.0,1.0,0.0,0.0,0.0,0.0,0.0,0.0,100.0,100.0,100.0,1000.0,1000.0,1000.0,25.648515681748012,0,0,25.648515681748012,0.0,0.0,0,0
705201,58.0,58.5,18.0,0.0,0.0,0.0,40.0,1.0,1.0,1.0,0.0,0.0,0.0,0.0,0.0,0.0,100.0,100.0,100.0,1000.0,1000.0,1000.0,48.62542383584366,0,0,48.62542383584366,0.0,0.0,1,0
705401,58.0,58.5,18.0,0.0,0.0,0.0,40.0,1.0,1.0,1.0,0.0,0.0,0.0,0.0,0.0,0.0,100.0,100.0,100.0,1000.0,1000.0,1000.0,48.62542383584366,0,0,48.62542383584366,0.0,0.0,0,0
705601,57.5,58.5,18.0,0.0,0.0,0.0,40.0,1.0,1.0,1.0,0.0,0.0,0.0,0.0,0.0,0.0,100.0,100.0,100.0,1000.0,1000.0,1000.0,48.62542383584366,0,0,48.62542383584366,0.0,0.0,0,0
705801,57.5,58.5,18.0,0.0,0.0,0.0,40.0,1.0,1.0,1.0,0.0,0.0,0.0,0.0,0.0,0.0,100.0,100.0,100.0,1000.0,1000.0,1000.0,48.62542383584366,0,0,48.62542383584366,0.0,0.0,0,0
706001,57.5,58.5,18.0,0.0,0.0,0.0,40.0,1.0,1.0,1.0,0.0,0.0,0.0,0.0,0.0,0.0,100.0,100.0,100.0,1000.0,1000.0,1000.0,48.62542383584366,0,0,48.62542383584366,0.0,0.0,0,0
706201,57.5,58.5,18.0,0.0,0.0,0.0,40.0,1.0,1.0,1.0,0.0,0.0,0.0,0.0,0.0,0.0,100.0,100.0,100.0,1000.0,1000.0,1000.0,48.62542383584366,0,0,48.62542383584366,0.0,0.0,0,0
706401,57.5,58.5,18.0,0.0,0.0,0.0,40.0,1.0,1.0,1.0,0.0,0.0,0.0,0.0,0.0,0.0,100.0,100.0,100.0,1000.0,1000.0,1000.0,48.62542383584366,0,0,48.62542383584366,0.0,0.0,0,0
706601,57.5,58.5,18.0,0.0,0.0,0.0,40.0,1.0,1.0,1.0,0.0,0.0,0.0,0.0,0.0,0.0,100.0,100.0,100.0,1000.0,1000.0,1000.0,48.62542383584366,0,0,48.62542383584366,0.0,0.0,0,0
706801,57.5,58.5,18.0,0.0,0.0,0.0,40.0,1.0,1.0,1.0,0.0,0.0,0.0,0.0,0.0,0.0,100.0,100.0,100.0,1000.0,1000.0,1000.0,48.62542383584366,0,0,48.62542383584366,0.0,0.0,0,0
707001,57.5,58.5,18.0,0.0,0.0,0.0,40.0,1.0,1.0,1.0,0.0,0.0,0.0,0.0,0.0,0.0,100.0,100.0,100.0,1000.0,1000.0,1000.0,48.62542383584366,0,0,48.62542383584366,0.0,0.0,0,0
707201,57.5,58.5,18.0,0.0,0.0,0.0,40.0,1.0,1.0,1.0,0.0,0.0,0.0,0.0,0.0,0.0,100.0,100.0,100.0,1000.0,1000.0,1000.0,48.62542383584366,0,0,48.62542383584366,0.0,0.0,0,0
707401,57.5,58.5,18.0,0.0,0.0,0.0,40.0,1.0,1.0,1.0,0.0,0.0,0.0,0.0,0.0,0.0,100.0,100.0,100.0,1000.0,1000.0,1000.0,48.62542383584366,0,0,48.62542383584366,0.0,0.0,0,0
707601,57.5,58.5,18.0,0.0,0.0,0.0,40.0,1.0,1.0,1.0,0.0,0.0,0.0,0.0,0.0,0.0,100.0,100.0,100.0,1000.0,1000.0,1000.0,48.62542383584366,0,0,48.62542383584366,0.0,0.0,0,0
707801,57.5,58.5,18.0,0.0,0.0,0.0,40.0,1.0,1.0,1.0,0.0,0.0,0.0,0.0,0.0,0.0,100.0,100.0,100.0,1000.0,1000.0,1000.0,48.62542383584366,0,0,48.62542383584366,0.0,0.0,0,0
708001,57.5,58.5,18.0,0.0,0.0,0.0,40.0,1.0,1.0,1.0,0.0,0.0,0.0,0.0,0.0,0.0,100.0,100.0,100.0,1000.0,1000.0,1000.0,48.62542383584366,0,0,48.62542383584366,0.0,0.0,0,0
708201,57.5,58.5,18.0,0.0,0.0,0.0,40.0,1.0,1.0,1.0,0.0,0.0,0.0,0.0,0.0,0.0,100.0,100.0,100.0,1000.0,1000.0,1000.0,48.62542383584366,0,0,48.62542383584366,0.0,0.0,0,0
708401,57.5,58.5,18.0,0.0,0.0,0.0,40.0,1.0,1.0,1.0,0.0,0.0,0.0,0.0,0.0,0.0,100.0,100.0,100.0,1000.0,1000.0,1000.0,48.62542383584366,0,0,48.62542383584366,0.0,0.0,0,0
708601,57.5,58.5,18.0,0.0,0.0,0.0,40.0,1.0,1.0,1.0,0.0,0.0,0.0,0.0,0.0,0.0,100.0,100.0,100.0,1000.0,1000.0,1000.0,48.62542383584366,0,0,48.62542383584366,0.0,0.0,0,0
708801,57.5,58.5,18.0,0.0,0.0,0.0,40.0,1.0,1.0,1.0,0.0,0.0,0.0,0.0,0.0,0.0,100.0,100.0,100.0,1000.0,1000.0,1000.0,48.62542383584366,0,0,48.62542383584366,0.0,0.0,0,0
709001,57.5,58.5,18.0,0.0,0.0,0.0,40.0,1.0,1.0,1.0,0.0,0.0,0.0,0.0,0.0,0.0,100.0,100.0,100.0,1000.0,1000.0,1000.0,48.62542383584366,0,0,48.62542383584366,0.0,0.0,0,0
709201,57.5,58.5,18.0,0.0,0.0,0.0,40.0,1.0,1.0,1.0,0.0,0.0,0.0,0.0,0.0,0.0,100.0,100.0,100.0,1000.0,1000.0,1000.0,48.62542383584366,0,0,48.62542383584366,0.0,0.0,0,0
709401,57.5,58.5,18.0,0.0,0.0,0.0,40.0,1.0,1.0,1.0,0.0,0.0,0.0,0.0,0.0,0.0,100.0,100.0,100.0,1000.0,1000.0,1000.0,48.62542383584366,0,0,48.62542383584366,0.0,0.0,0,0
709601,57.5,58.0,18.0,0.0,0.0,0.0,40.0,1.0,1.0,1.0,0.0,0.0,0.0,0.0,0.0,0.0,100.0,100.0,100.0,1000.0,1000.0,1000.0,48.62542383584366,0,0,48.62542383584366,0.0,0.0,0,0
709801,57.5,58.0,18.0,0.0,0.0,0.0,40.0,1.0,1.0,1.0,0.0,0.0,0.0,0.0,0.0,0.0,100.0,100.0,100.0,1000.0,1000.0,1000.0,48.62542383584366,0,0,48.62542383584366,0.0,0.0,0,0
710001,57.5,58.0,18.0,0.0,0.0,0.0,40.0,1.0,1.0,1.0,0.0,0.0,0.0,0.0,0.0,0.0,100.0,100.0,100.0,1000.0,1000.0,1000.0,48.62542383584366,0,0,48.62542383584366,0.0,0.0,0,0
710201,57.5,58.0,18.0,0.0,0.0,0.0,40.0,1.0,1.0,1.0,0.0,0.0,0.0,0.0,0.0,0.0,100.0,100.0,100.0,1000.0,1000.0,1000.0,48.62542383584366,0,0,48.62542383584366,0.0,0.0,0,0
710401,57.5,58.0,18.0,0.0,0.0,0.0,40.0,1.0,1.0,1.0,0.0,0.0,0.0,0.0,0.0,0.0,100.0,100.0,100.0,1000.0,1000.0,1000.0,48.62542383584366,0,0,48.62542383584366,0.0,0.0,0,0
710601,57.5,58.0,18.0,0.0,0.0,0.0,40.0,1.0,1.0,1.0,0.0,0.0,0.0,0.0,0.0,0.0,100.0,100.0,100.0,1000.0,1000.0,1000.0,48.62542383584366,0,0,48.62542383584366,0.0,0.0,0,0
710801,57.5,58.0,18.0,0.0,0.0,0.0,40.0,1.0,1.0,1.0,0.0,0.0,0.0,0.0,0.0,0.0,100.0,100.0,100.0,1000.0,1000.0,1000.0,48.62542383584366,0,0,48.62542383584366,0.0,0.0,0,0
711001,57.5,58.0,18.0,0.0,0.0,0.0,40.0,1.0,1.0,1.0,0.0,0.0,0.0,0.0,0.0,0.0,100.0,100.0,100.0,1000.0,1000.0,1000.0,48.62542383584366,0,0,48.62542383584366,0.0,0.0,0,0
711201,57.5,58.0,18.0,0.0,0.0,0.0,40.0,1.0,1.0,1.0,0.0,0.0,0.0,0.0,0.0,0.0,100.0,100.0,100.0,1000.0,1000.0,1000.0,48.62542383584366,0,0,48.62542383584366,0.0,0.0,0,0
711401,57.5,58.0,18.0,0.0,0.0,0.0,40.0,1.0,1.0,1.0,0.0,0.0,0.0,0.0,0.0,0.0,100.0,100.0,100.0,1000.0,1000.0,1000.0,48.62542383584366,0,0,48.62542383584366,0.0,0.0,0,0
711601,57.5,58.0,18.0,0.0,0.0,0.0,40.0,1.0,1.0,1.0,0.0,0.0,0.0,0.0,0.0,0.0,100.0,100.0,100.0,1000.0,1000.0,1000.0,48.62542383584366,0,0,48.62542383584366,0.0,0.0,0,0
711801,57.5,58.0,18.0,0.0,0.0,0.0,40.0,1.0,1.0,1.0,0.0,0.0,0.0,0.0,0.0,0.0,100.0,100.0,100.0,1000.0,1000.0,1000.0,48.62542383584366,0,0,48.62542383584366,0.0,0.0,0,0
712001,57.5,58.0,18.0,0.0,0.0,0.0,40.0,1.0,1.0,1.0,0.0,0.0,0.0,0.0,0.0,0.0,100.0,100.0,100.0,1000.0,1000.0,1000.0,48.62542383584366,0,0,48.62542383584366,0.0,0.0,0,0
712201,57.5,58.0,18.0,0.0,0.0,0.0,40.0,1.0,1.0,1.0,0.0,0.0,0.0,0.0,0.0,0.0,100.0,100.0,100.0,1000.0,1000.0,1000.0,48.62542383584366,0,0,48.62542383584366,0.0,0.0,0,0
712401,57.5,58.0,18.0,0.0,0.0,0.0,40.0,1.0,1.0,1.0,0.0,0.0,0.0,0.0,0.0,0.0,100.0,100.0,100.0,1000.0,1000.0,1000.0,48.62542383584366,0,0,48.62542383584366,0.0,0.0,0,0
712601,57.5,58.0,18.0,0.0,0.0,0.0,40.0,1.0,1.0,1.0,0.0,0.0,0.0,0.0,0.0,0.0,100.0,100.0,100.0,1000.0,1000.0,1000.0,48.62542383584366,0,0,48.62542383584366,0.0,0.0,0,0
712801,57.5,58.0,18.0,0.0,0.0,0.0,40.0,1.0,1.0,1.0,0.0,0.0,0.0,0.0,0.0,0.0,100.0,100.0,100.0,1000.0,1000.0,1000.0,48.62542383584366,0,0,48.62542383584366,0.0,0.0,0,0
713001,57.5,58.0,18.0,0.0,0.0,0.0,40.0,1.0,1.0,1.0,0.0,0.0,0.0,0.0,0.0,0.0,100.0,100.0,100.0,1000.0,1000.0,1000.0,48.62542383584366,0,0,48.62542383584366,0.0,0.0,0,0
713201,57.5,58.0,18.0,0.0,0.0,0.0,40.0,1.0,1.0,1.0,0.0,0.0,0.0,0.0,0.0,0.0,100.0,100.0,100.0,1000.0,1000.0,1000.0,48.62542383584366,0,0,48.62542383584366,0.0,0.0,0,0
713401,57.5,58.0,18.0,0.0,0.0,0.0,40.0,1.0,1.0,1.0,0.0,0.0,0.0,0.0,0.0,0.0,100.0,100.0,100.0,1000.0,1000.0,1000.0,48.62542383584366,0,0,48.62542383584366,0.0,0.0,0,0
713601,57.5,58.0,18.0,0.0,0.0,0.0,40.0,1.0,1.0,1.0,0.0,0.0,0.0,0.0,0.0,0.0,100.0,100.0,100.0,1000.0,1000.0,1000.0,48.62542383584366,0,0,48.62542383584366,0.0,0.0,0,0
713801,57.5,58.0,18.0,0.0,0.0,0.0,40.0,1.0,1.0,1.0,0.0,0.0,0.0,0.0,0.0,0.0,100.0,100.0,100.0,1000.0,1000.0,1000.0,48.62542383584366,0,0,48.62542383584366,0.0,0.0,0,0
714001,57.5,58.0,18.0,0.0,0.0,0.0,40.0,1.0,1.0,1.0,0.0,0.0,0.0,0.0,0.0,0.0,100.0,100.0,100.0,1000.0,1000.0,1000.0,48.62542383584366,0,0,48.62542383584366,0.0,0.0,0,0
714201,57.5,58.0,18.0,0.0,0.0,0.0,40.0,1.0,1.0,1.0,0.0,0.0,0.0,0.0,0.0,0.0,100.0,100.0,100.0,1000.0,1000.0,1000.0,48.62542383584366,0,0,48.62542383584366,0.0,0.0,0,0
714401,57.5,58.0,18.0,0.0,0.0,0.0,40.0,1.0,1.0,1.0,0.0,0.0,0.0,0.0,0.0,0.0,100.0,100.0,100.0,1000.0,1000.0,1000.0,48.62542383584366,0,0,48.62542383584366,0.0,0.0,0,0
714601,57.5,58.0,18.0,0.0,0.0,0.0,40.0,1.0,1.0,1.0,0.0,0.0,0.0,0.0,0.0,0.0,100.0,100.0,100.0,1000.0,1000.0,1000.0,48.62542383584366,0,0,48.62542383584366,0.0,0.0,0,0
714801,57.5,58.0,18.0,0.0,0.0,0.0,40.0,1.0,1.0,1.0,0.0,0.0,0.0,0.0,0.0,0.0,100.0,100.0,100.0,1000.0,1000.0,1000.0,48.62542383584366,0,0,48.62542383584366,0.0,0.0,0,0
715001,57.5,58.0,18.0,0.0,0.0,0.0,40.0,1.0,1.0,1.0,0.0,0.0,0.0,0.0,0.0,0.0,100.0,100.0,100.0,1000.0,1000.0,1000.0,48.62542383584366,0,0,48.62542383584366,0.0,0.0,0,0
715201,57.5,58.0,18.0,0.0,0.0,0.0,40.0,1.0,1.0,1.0,0.0,0.0,0.0,0.0,0.0,0.0,100.0,100.0,100.0,1000.0,1000.0,1000.0,48.62542383584366,0,0,48.62542383584366,0.0,0.0,0,0
715401,57.5,58.0,18.0,0.0,0.0,0.0,40.0,1.0,1.0,1.0,0.0,0.0,0.0,0.0,0.0,0.0,100.0,100.0,100.0,1000.0,1000.0,1000.0,48.62542383584366,0,0,48.62542383584366,0.0,0.0,0,0
715601,57.5,58.0,18.0,0.0,0.0,0.0,40.0,1.0,1.0,1.0,0.0,0.0,0.0,0.0,0.0,0.0,100.0,100.0,100.0,1000.0,1000.0,1000.0,48.62542383584366,0,0,48.62542383584366,0.0,0.0,0,0
715801,57.5,58.0,18.0,0.0,0.0,0.0,40.0,1.0,1.0,1.0,0.0,0.0,0.0,0.0,0.0,0.0,100.0,100.0,100.0,1000.0,1000.0,1000.0,48.62542383584366,0,0,48.62542383584366,0.0,0.0,0,0
716001,57.5,58.0,18.0,0.0,0.0,0.0,40.0,1.0,1.0,1.0,0.0,0.0,0.0,0.0,0.0,0.0,100.0,100.0,100.0,1000.0,1000.0,1000.0,48.62542383584366,0,0,48.62542383584366,0.0,0.0,0,0
716201,57.5,58.0,18.0,0.0,0.0,0.0,40.0,1.0,1.0,1.0,0.0,0.0,0.0,0.0,0.0,0.0,100.0,100.0,100.0,1000.0,1000.0,1000.0,48.62542383584366,0,0,48.62542383584366,0.0,0.0,0,0
716401,57.5,58.0,18.0,0.0,0.0,0.0,40.0,1.0,1.0,1.0,0.0,0.0,0.0,0.0,0.0,0.0,100.0,100.0,100.0,1000.0,1000.0,1000.0,48.62542383584366,0,0,48.62542383584366,0.0,0.0,0,0
716601,57.5,58.0,18.0,0.0,0.0,0.0,40.0,1.0,1.0,1.0,0.0,0.0,0.0,0.0,0.0,0.0,100.0,100.0,100.0,1000.0,1000.0,1000.0,48.62542383584366,0,0,48.62542383584366,0.0,0.0,0,0
716801,57.5,58.0,18.0,0.0,0.0,0.0,40.0,1.0,1.0,1.0,0.0,0.0,0.0,0.0,0.0,0.0,100.0,100.0,100.0,1000.0,1000.0,1000.0,48.62542383584366,0,0,48.62542383584366,0.0,0.0,0,0
717001,57.5,58.0,18.0,0.0,0.0,0.0,40.0,1.0,1.0,1.0,0.0,0.0,0.0,0.0,0.0,0.0,100.0,100.0,100.0,1000.0,1000.0,1000.0,48.62542383584366,0,0,48.62542383584366,0.0,0.0,0,0
717201,57.5,58.0,18.0,0.0,0.0,0.0,40.0,1.0,1.0,1.0,0.0,0.0,0.0,0.0,0.0,0.0,100.0,100.0,100.0,1000.0,1000.0,1000.0,48.62542383584366,0,0,48.62542383584366,0.0,0.0,0,0
717401,57.5,58.0,18.0,0.0,0.0,0.0,40.0,1.0,1.0,1.0,0.0,0.0,0.0,0.0,0.0,0.0,100.0,100.0,100.0,1000.0,1000.0,1000.0,48.62542383584366,0,0,48.62542383584366,0.0,0.0,0,0
717601,57.5,58.0,18.0,0.0,0.0,0.0,40.0,1.0,1.0,1.0,0.0,0.0,0.0,0.0,0.0,0.0,100.0,100.0,100.0,1000.0,1000.0,1000.0,48.62542383584366,0,0,48.62542383584366,0.0,0.0,0,0
717801,57.5,58.0,18.0,0.0,0.0,0.0,40.0,1.0,1.0,1.0,0.0,0.0,0.0,0.0,0.0,0.0,100.0,100.0,100.0,1000.0,1000.0,1000.0,48.62542383584366,0,0,48.62542383584366,0.0,0.0,0,0
718001,57.5,58.0,18.0,0.0,0.0,0.0,40.0,1.0,1.0,1.0,0.0,0.0,0.0,0.0,0.0,0.0,100.0,100.0,100.0,1000.0,1000.0,1000.0,48.62542383584366,0,0,48.62542383584366,0.0,0.0,0,0
718201,57.5,58.0,18.0,0.0,0.0,0.0,40.0,1.0,1.0,1.0,0.0,0.0,0.0,0.0,0.0,0.0,100.0,100.0,100.0,1000.0,1000.0,1000.0,48.62542383584366,0,0,48.62542383584366,0.0,0.0,0,0
718401,57.5,58.0,18.0,0.0,0.0,0.0,40.0,1.0,1.0,1.0,0.0,0.0,0.0,0.0,0.0,0.0,100.0,100.0,100.0,1000.0,1000.0,1000.0,48.62542383584366,0,0,48.62542383584366,0.0,0.0,0,0
718601,57.5,58.0,18.0,0.0,0.0,0.0,40.0,1.0,1.0,1.0,0.0,0.0,0.0,0.0,0.0,0.0,100.0,100.0,100.0,1000.0,1000.0,1000.0,48.62542383584366,0,0,48.62542383584366,0.0,0.0,0,0
718801,57.5,58.0,18.0,0.0,0.0,0.0,40.0,1.0,1.0,1.0,0.0,0.0,0.0,0.0,0.0,0.0,100.0,100.0,100.0,1000.0,1000.0,1000.0,48.62542383584366,0,0,48.62542383584366,0.0,0.0,0,0
719001,57.5,58.0,18.0,0.0,0.0,0.0,40.0,1.0,1.0,1.0,0.0,0.0,0.0,0.0,0.0,0.0,100.0,100.0,100.0,1000.0,1000.0,1000.0,48.62542383584366,0,0,48.62542383584366,0.0,0.0,0,0
719201,57.5,58.0,18.0,0.0,0.0,0.0,40.0,1.0,1.0,1.0,0.0,0.0,0.0,0.0,0.0,0.0,100.0,100.0,100.0,1000.0,1000.0,1000.0,48.62542383584366,0,0,48.62542383584366,0.0,0.0,0,0
719401,57.5,58.0,18.0,0.0,0.0,0.0,40.0,1.0,1.0,1.0,0.0,0.0,0.0,0.0,0.0,0.0,100.0,100.0,100.0,1000.0,1000.0,1000.0,48.62542383584366,0,0,48.62542383584366,0.0,0.0,0,0
719601,57.5,58.0,18.0,0.0,0.0,0.0,40.0,1.0,1.0,1.0,0.0,0.0,0.0,0.0,0.0,0.0,100.0,100.0,100.0,1000.0,1000.0,1000.0,48.62542383584366,0,0,48.62542383584366,0.0,0.0,0,0
719801,57.5,58.0,18.0,0.0,0.0,0.0,40.0,1.0,1.0,1.0,0.0,0.0,0.0,0.0,0.0,0.0,100.0,100.0,100.0,1000.0,1000.0,1000.0,48.62542383584366,0,0,48.62542383584366,0.0,0.0,0,0
720001,57.5,58.0,18.0,0.0,0.0,0.0,40.0,1.0,1.0,1.0,0.0,0.0,0.0,0.0,0.0,0.0,100.0,100.0,100.0,1000.0,1000.0,1000.0,48.62542383584366,0,0,48.62542383584366,0.0,0.0,0,0
720201,57.5,58.0,18.0,0.0,0.0,0.0,40.0,1.0,1.0,1.0,0.0,0.0,0.0,0.0,0.0,0.0,100.0,100.0,100.0,1000.0,1000.0,1000.0,45.48115908428888,0,0,45.48115908428888,0.0,0.0,1,0
720401,57.5,58.0,18.0,0.0,0.0,0.0,40.0,1.0,1.0,1.0,0.0,0.0,0.0,0.0,0.0,0.0,100.0,100.0,100.0,1000.0,1000.0,1000.0,45.48115908428888,0,0,45.48115908428888,0.0,0.0,0,0
720601,57.5,58.0,18.0,0.0,0.0,0.0,40.0,1.0,1.0,1.0,0.0,0.0,0.0,0.0,0.0,0.0,100.0,100.0,100.0,1000.0,1000.0,1000.0,45.48115908428888,0,0,45.48115908428888,0.0,0.0,0,0
720801,57.5,58.0,18.0,0.0,0.0,0.0,40.0,1.0,1.0,1.0,0.0,0.0,0.0,0.0,0.0,0.0,100.0,100.0,100.0,1000.0,1000.0,1000.0,45.48115908428888,0,0,45.48115908428888,0.0,0.0,0,0
721001,57.5,58.0,18.5,0.0,0.0,0.0,40.0,1.0,1.0,1.0,0.0,0.0,0.0,0.0,0.0,0.0,100.0,100.0,100.0,1000.0,1000.0,1000.0,45.48115908428888,0,0,45.48115908428888,0.0,0.0,0,0
721201,57.5,58.0,18.5,0.0,0.0,0.0,40.0,1.0,1.0,1.0,0.0,0.0,0.0,0.0,0.0,0.0,100.0,100.0,100.0,1000.0,1000.0,1000.0,45.48115908428888,0,0,45.48115908428888,0.0,0.0,0,0
721401,57.5,58.0,18.5,0.0,0.0,0.0,40.0,1.0,1.0,1.0,0.0,0.0,0.0,0.0,0.0,0.0,100.0,100.0,100.0,1000.0,1000.0,1000.0,45.48115908428888,0,0,45.48115908428888,0.0,0.0,0,0
721601,57.5,58.0,18.0,0.0,0.0,0.0,40.0,1.0,1.0,1.0,0.0,0.0,0.0,0.0,0.0,0.0,100.0,100.0,100.0,1000.0,1000.0,1000.0,45.48115908428888,0,0,45.48115908428888,0.0,0.0,0,0
721801,57.5,58.0,18.0,0.0,0.0,0.0,40.0,1.0,1.0,1.0,0.0,0.0,0.0,0.0,0.0,0.0,100.0,100.0,100.0,1000.0,1000.0,1000.0,45.48115908428888,0,0,45.48115908428888,0.0,0.0,0,0
722001,57.5,58.0,18.0,0.0,0.0,0.0,40.0,1.0,1.0,1.0,0.0,0.0,0.0,0.0,0.0,0.0,100.0,100.0,100.0,1000.0,1000.0,1000.0,45.48115908428888,0,0,45.48115908428888,0.0,0.0,0,0
722201,57.5,58.0,18.0,0.0,0.0,0.0,40.0,1.0,1.0,1.0,0.0,0.0,0.0,0.0,0.0,0.0,100.0,100.0,100.0,1000.0,1000.0,1000.0,45.48115908428888,0,0,45.48115908428888,0.0,0.0,0,0
722401,57.5,58.0,18.0,0.0,0.0,0.0,40.0,1.0,1.0,1.0,0.0,0.0,0.0,0.0,0.0,0.0,100.0,100.0,100.0,1000.0,1000.0,1000.0,45.48115908428888,0,0,45.48115908428888,0.0,0.0,0,0
722601,57.5,58.0,18.0,0.0,0.0,0.0,40.0,1.0,1.0,1.0,0.0,0.0,0.0,0.0,0.0,0.0,100.0,100.0,100.0,1000.0,1000.0,1000.0,45.48115908428888,0,0,45.48115908428888,0.0,0.0,0,0
722801,57.5,58.0,18.0,0.0,0.0,0.0,40.0,1.0,1.0,1.0,0.0,0.0,0.0,0.0,0.0,0.0,100.0,100.0,100.0,1000.0,1000.0,1000.0,45.48115908428888,0,0,45.48115908428888,0.0,0.0,0,0
723001,57.5,58.0,18.0,0.0,0.0,0.0,40.0,1.0,1.0,1.0,0.0,0.0,0.0,0.0,0.0,0.0,100.0,100.0,100.0,1000.0,1000.0,1000.0,45.48115908428888,0,0,45.48115908428888,0.0,0.0,0,0
723201,57.5,58.0,18.0,0.0,0.0,0.0,40.0,1.0,1.0,1.0,0.0,0.0,0.0,0.0,0.0,0.0,100.0,100.0,100.0,1000.0,1000.0,1000.0,45.48115908428888,0,0,45.48115908428888,0.0,0.0,0,0
723401,57.5,58.0,18.0,0.0,0.0,0.0,40.0,1.0,1.0,1.0,0.0,0.0,0.0,0.0,0.0,0.0,100.0,100.0,100.0,1000.0,1000.0,1000.0,45.48115908428888,0,0,45.48115908428888,0.0,0.0,0,0
723601,57.5,58.0,18.0,0.0,0.0,0.0,40.0,1.0,1.0,1.0,0.0,0.0,0.0,0.0,0.0,0.0,100.0,100.0,100.0,1000.0,1000.0,1000.0,45.48115908428888,0,0,45.48115908428888,0.0,0.0,0,0
723801,57.5,58.0,18.0,0.0,0.0,0.0,40.0,1.0,1.0,1.0,0.0,0.0,0.0,0.0,0.0,0.0,100.0,100.0,100.0,1000.0,1000.0,1000.0,45.48115908428888,0,0,45.48115908428888,0.0,0.0,0,0
724001,57.5,58.0,18.0,0.0,0.0,0.0,40.0,1.0,1.0,1.0,0.0,0.0,0.0,0.0,0.0,0.0,100.0,100.0,100.0,1000.0,1000.0,1000.0,45.48115908428888,0,0,45.48115908428888,0.0,0.0,0,0
724201,57.5,58.0,18.0,0.0,0.0,0.0,40.0,1.0,1.0,1.0,0.0,0.0,0.0,0.0,0.0,0.0,100.0,100.0,100.0,1000.0,1000.0,1000.0,45.48115908428888,0,0,45.48115908428888,0.0,0.0,0,0
724401,57.5,58.0,18.0,0.0,0.0,0.0,40.0,1.0,1.0,1.0,0.0,0.0,0.0,0.0,0.0,0.0,100.0,100.0,100.0,1000.0,1000.0,1000.0,45.48115908428888,0,0,45.48115908428888,0.0,0.0,0,0
724601,57.5,58.0,18.0,0.0,0.0,0.0,40.0,1.0,1.0,1.0,0.0,0.0,0.0,0.0,0.0,0.0,100.0,100.0,100.0,1000.0,1000.0,1000.0,45.48115908428888,0,0,45.48115908428888,0.0,0.0,0,0
724801,57.5,58.0,18.0,0.0,0.0,0.0,40.0,1.0,1.0,1.0,0.0,0.0,0.0,0.0,0.0,0.0,100.0,100.0,100.0,1000.0,1000.0,1000.0,45.48115908428888,0,0,45.48115908428888,0.0,0.0,0,0
725001,57.5,58.0,18.0,0.0,0.0,0.0,40.0,1.0,1.0,1.0,0.0,0.0,0.0,0.0,0.0,0.0,100.0,100.0,100.0,1000.0,1000.0,1000.0,45.48115908428888,0,0,45.48115908428888,0.0,0.0,0,0
725201,57.5,58.0,18.0,0.0,0.0,0.0,40.0,1.0,1.0,1.0,0.0,0.0,0.0,0.0,0.0,0.0,100.0,100.0,100.0,1000.0,1000.0,1000.0,45.48115908428888,0,0,45.48115908428888,0.0,0.0,0,0
725401,57.5,58.0,18.0,0.0,0.0,0.0,40.0,1.0,1.0,1.0,0.0,0.0,0.0,0.0,0.0,0.0,100.0,100.0,100.0,1000.0,1000.0,1000.0,45.48115908428888,0,0,45.48115908428888,0.0,0.0,0,0
725601,57.5,58.0,18.0,0.0,0.0,0.0,40.0,1.0,1.0,1.0,0.0,0.0,0.0,0.0,0.0,0.0,100.0,100.0,100.0,1000.0,1000.0,1000.0,45.48115908428888,0,0,45.48115908428888,0.0,0.0,0,0
725801,57.5,58.0,18.0,0.0,0.0,0.0,40.0,1.0,1.0,1.0,0.0,0.0,0.0,0.0,0.0,0.0,100.0,100.0,100.0,1000.0,1000.0,1000.0,45.48115908428888,0,0,45.48115908428888,0.0,0.0,0,0
726001,57.5,58.0,18.0,0.0,0.0,0.0,40.0,1.0,1.0,1.0,0.0,0.0,0.0,0.0,0.0,0.0,100.0,100.0,100.0,1000.0,1000.0,1000.0,45.48115908428888,0,0,45.48115908428888,0.0,0.0,0,0
726201,57.5,58.0,18.0,0.0,0.0,0.0,40.0,1.0,1.0,1.0,0.0,0.0,0.0,0.0,0.0,0.0,100.0,100.0,100.0,1000.0,1000.0,1000.0,45.48115908428888,0,0,45.48115908428888,0.0,0.0,0,0
726401,57.5,58.0,18.0,0.0,0.0,0.0,40.0,1.0,1.0,1.0,0.0,0.0,0.0,0.0,0.0,0.0,100.0,100.0,100.0,1000.0,1000.0,1000.0,45.48115908428888,0,0,45.48115908428888,0.0,0.0,0,0
726601,57.5,58.0,18.0,0.0,0.0,0.0,40.0,1.0,1.0,1.0,0.0,0.0,0.0,0.0,0.0,0.0,100.0,100.0,100.0,1000.0,1000.0,1000.0,45.48115908428888,0,0,45.48115908428888,0.0,0.0,0,0
726801,57.5,58.0,18.0,0.0,0.0,0.0,40.0,1.0,1.0,1.0,0.0,0.0,0.0,0.0,0.0,0.0,100.0,100.0,100.0,1000.0,1000.0,1000.0,45.48115908428888,0,0,45.48115908428888,0.0,0.0,0,0
727001,57.5,58.0,18.0,0.0,0.0,0.0,40.0,1.0,1.0,1.0,0.0,0.0,0.0,0.0,0.0,0.0,100.0,100.0,100.0,1000.0,1000.0,1000.0,45.48115908428888,0,0,45.48115908428888,0.0,0.0,0,0
727201,57.5,58.0,18.0,0.0,0.0,0.0,40.0,1.0,1.0,1.0,0.0,0.0,0.0,0.0,0.0,0.0,100.0,100.0,100.0,1000.0,1000.0,1000.0,45.48115908428888,0,0,45.48115908428888,0.0,0.0,0,0
727401,57.5,58.0,18.0,0.0,0.0,0.0,40.0,1.0,1.0,1.0,0.0,0.0,0.0,0.0,0.0,0.0,100.0,100.0,100.0,1000.0,1000.0,1000.0,45.48115908428888,0,0,45.48115908428888,0.0,0.0,0,0
727601,57.5,58.0,18.0,0.0,0.0,0.0,40.0,1.0,1.0,1.0,0.0,0.0,0.0,0.0,0.0,0.0,100.0,100.0,100.0,1000.0,1000.0,1000.0,45.48115908428888,0,0,45.48115908428888,0.0,0.0,0,0
727801,57.5,58.0,18.0,0.0,0.0,0.0,40.0,1.0,1.0,1.0,0.0,0.0,0.0,0.0,0.0,0.0,100.0,100.0,100.0,1000.0,1000.0,1000.0,45.48115908428888,0,0,45.48115908428888,0.0,0.0,0,0
728001,57.5,58.0,18.0,0.0,0.0,0.0,40.0,1.0,1.0,1.0,0.0,0.0,0.0,0.0,0.0,0.0,100.0,100.0,100.0,1000.0,1000.0,1000.0,45.48115908428888,0,0,45.48115908428888,0.0,0.0,0,0
728201,57.5,58.0,18.0,0.0,0.0,0.0,40.0,1.0,1.0,1.0,0.0,0.0,0.0,0.0,0.0,0.0,100.0,100.0,100.0,1000.0,1000.0,1000.0,45.48115908428888,0,0,45.48115908428888,0.0,0.0,0,0
728401,57.5,58.0,18.0,0.0,0.0,0.0,40.0,1.0,1.0,1.0,0.0,0.0,0.0,0.0,0.0,0.0,100.0,100.0,100.0,1000.0,1000.0,1000.0,45.48115908428888,0,0,45.48115908428888,0.0,0.0,0,0
728601,57.5,58.0,18.0,0.0,0.0,0.0,40.0,1.0,1.0,1.0,0.0,0.0,0.0,0.0,0.0,0.0,100.0,100.0,100.0,1000.0,1000.0,1000.0,45.48115908428888,0,0,45.48115908428888,0.0,0.0,0,0
728801,57.5,58.0,18.0,0.0,0.0,0.0,40.0,1.0,1.0,1.0,0.0,0.0,0.0,0.0,0.0,0.0,100.0,100.0,100.0,1000.0,1000.0,1000.0,45.48115908428888,0,0,45.48115908428888,0.0,0.0,0,0
729001,57.5,58.0,18.0,0.0,0.0,0.0,40.0,1.0,1.0,1.0,0.0,0.0,0.0,0.0,0.0,0.0,100.0,100.0,100.0,1000.0,1000.0,1000.0,45.48115908428888,0,0,45.48115908428888,0.0,0.0,0,0
729201,57.5,58.0,18.0,0.0,0.0,0.0,40.0,1.0,1.0,1.0,0.0,0.0,0.0,0.0,0.0,0.0,100.0,100.0,100.0,1000.0,1000.0,1000.0,45.48115908428888,0,0,45.48115908428888,0.0,0.0,0,0
729401,57.5,58.0,18.0,0.0,0.0,0.0,40.0,1.0,1.0,1.0,0.0,0.0,0.0,0.0,0.0,0.0,100.0,100.0,100.0,1000.0,1000.0,1000.0,45.48115908428888,0,0,45.48115908428888,0.0,0.0,0,0
729601,57.5,58.0,18.0,0.0,0.0,0.0,40.0,1.0,1.0,1.0,0.0,0.0,0.0,0.0,0.0,0.0,100.0,100.0,100.0,1000.0,1000.0,1000.0,45.48115908428888,0,0,45.48115908428888,0.0,0.0,0,0
729801,57.5,58.0,18.0,0.0,0.0,0.0,40.0,1.0,1.0,1.0,0.0,0.0,0.0,0.0,0.0,0.0,100.0,100.0,100.0,1000.0,1000.0,1000.0,45.48115908428888,0,0,45.48115908428888,0.0,0.0,0,0
730001,57.5,58.0,18.0,0.0,0.0,0.0,40.0,1.0,1.0,1.0,0.0,0.0,0.0,0.0,0.0,0.0,100.0,100.0,100.0,1000.0,1000.0,1000.0,45.48115908428888,0,0,45.48115908428888,0.0,0.0,0,0
730201,57.5,58.0,18.0,0.0,0.0,0.0,40.0,1.0,1.0,1.0,0.0,0.0,0.0,0.0,0.0,0.0,100.0,100.0,100.0,1000.0,1000.0,1000.0,45.48115908428888,0,0,45.48115908428888,0.0,0.0,0,0
730401,57.5,58.0,18.0,0.0,0.0,0.0,40.0,1.0,1.0,1.0,0.0,0.0,0.0,0.0,0.0,0.0,100.0,100.0,100.0,1000.0,1000.0,1000.0,45.48115908428888,0,0,45.48115908428888,0.0,0.0,0,0
730601,57.5,58.0,18.0,0.0,0.0,0.0,40.0,1.0,1.0,1.0,0.0,0.0,0.0,0.0,0.0,0.0,100.0,100.0,100.0,1000.0,1000.0,1000.0,45.48115908428888,0,0,45.48115908428888,0.0,0.0,0,0
730801,57.5,58.0,18.0,0.0,0.0,0.0,40.0,1.0,1.0,1.0,0.0,0.0,0.0,0.0,0.0,0.0,100.0,100.0,100.0,1000.0,1000.0,1000.0,45.48115908428888,0,0,45.48115908428888,0.0,0.0,0,0
731001,57.5,58.0,18.0,0.0,0.0,0.0,40.0,1.0,1.0,1.0,0.0,0.0,0.0,0.0,0.0,0.0,100.0,100.0,100.0,1000.0,1000.0,1000.0,45.48115908428888,0,0,45.48115908428888,0.0,0.0,0,0
731201,57.5,58.0,18.0,0.0,0.0,0.0,40.0,1.0,1.0,1.0,0.0,0.0,0.0,0.0,0.0,0.0,100.0,100.0,100.0,1000.0,1000.0,1000.0,45.48115908428888,0,0,45.48115908428888,0.0,0.0,0,0
731401,57.5,58.0,18.0,0.0,0.0,0.0,40.0,1.0,1.0,1.0,0.0,0.0,0.0,0.0,0.0,0.0,100.0,100.0,100.0,1000.0,1000.0,1000.0,45.48115908428888,0,0,45.48115908428888,0.0,0.0,0,0
731601,57.5,58.0,18.0,0.0,0.0,0.0,40.0,1.0,1.0,1.0,0.0,0.0,0.0,0.0,0.0,0.0,100.0,100.0,100.0,1000.0,1000.0,1000.0,45.48115908428888,0,0,45.48115908428888,0.0,0.0,0,0
731801,57.5,58.0,18.0,0.0,0.0,0.0,40.0,1.0,1.0,1.0,0.0,0.0,0.0,0.0,0.0,0.0,100.0,100.0,100.0,1000.0,1000.0,1000.0,45.48115908428888,0,0,45.48115908428888,0.0,0.0,0,0
732001,57.5,58.0,18.0,0.0,0.0,0.0,40.0,1.0,1.0,1.0,0.0,0.0,0.0,0.0,0.0,0.0,100.0,100.0,100.0,1000.0,1000.0,1000.0,45.48115908428888,0,0,45.48115908428888,0.0,0.0,0,0
732201,57.5,58.0,18.0,0.0,0.0,0.0,40.0,1.0,1.0,1.0,0.0,0.0,0.0,0.0,0.0,0.0,100.0,100.0,100.0,1000.0,1000.0,1000.0,45.48115908428888,0,0,45.48115908428888,0.0,0.0,0,0
732401,57.5,58.0,18.0,0.0,0.0,0.0,40.0,1.0,1.0,1.0,0.0,0.0,0.0,0.0,0.0,0.0,100.0,100.0,100.0,1000.0,1000.0,1000.0,45.48115908428888,0,0,45.48115908428888,0.0,0.0,0,0
732601,57.5,58.0,18.0,0.0,0.0,0.0,40.0,1.0,1.0,1.0,0.0,0.0,0.0,0.0,0.0,0.0,100.0,100.0,100.0,1000.0,1000.0,1000.0,45.48115908428888,0,0,45.48115908428888,0.0,0.0,0,0
732801,57.5,58.0,18.0,0.0,0.0,0.0,40.0,1.0,1.0,1.0,0.0,0.0,0.0,0.0,0.0,0.0,100.0,100.0,100.0,1000.0,1000.0,1000.0,45.48115908428888,0,0,45.48115908428888,0.0,0.0,0,0
733001,57.5,58.0,18.0,0.0,0.0,0.0,40.0,1.0,1.0,1.0,0.0,0.0,0.0,0.0,0.0,0.0,100.0,100.0,100.0,1000.0,1000.0,1000.0,45.48115908428888,0,0,45.48115908428888,0.0,0.0,0,0
733201,57.5,58.0,18.0,0.0,0.0,0.0,40.0,1.0,1.0,1.0,0.0,0.0,0.0,0.0,0.0,0.0,100.0,100.0,100.0,1000.0,1000.0,1000.0,45.48115908428888,0,0,45.48115908428888,0.0,0.0,0,0
733401,57.5,58.0,18.0,0.0,0.0,0.0,40.0,1.0,1.0,1.0,0.0,0.0,0.0,0.0,0.0,0.0,100.0,100.0,100.0,1000.0,1000.0,1000.0,45.48115908428888,0,0,45.48115908428888,0.0,0.0,0,0
733601,57.5,58.0,18.5,0.0,0.0,0.0,40.0,1.0,1.0,1.0,0.0,0.0,0.0,0.0,0.0,0.0,100.0,100.0,100.0,1000.0,1000.0,1000.0,45.48115908428888,0,0,45.48115908428888,0.0,0.0,0,0
733801,57.5,58.0,18.5,0.0,0.0,0.0,40.0,1.0,1.0,1.0,0.0,0.0,0.0,0.0,0.0,0.0,100.0,100.0,100.0,1000.0,1000.0,1000.0,45.48115908428888,0,0,45.48115908428888,0.0,0.0,0,0
734001,57.5,58.0,18.0,0.0,0.0,0.0,40.0,1.0,1.0,1.0,0.0,0.0,0.0,0.0,0.0,0.0,100.0,100.0,100.0,1000.0,1000.0,1000.0,45.48115908428888,0,0,45.48115908428888,0.0,0.0,0,0
734201,57.5,58.0,18.0,0.0,0.0,0.0,40.0,1.0,1.0,1.0,0.0,0.0,0.0,0.0,0.0,0.0,100.0,100.0,100.0,1000.0,1000.0,1000.0,45.48115908428888,0,0,45.48115908428888,0.0,0.0,0,0
734401,57.5,58.0,18.0,0.0,0.0,0.0,40.0,1.0,1.0,1.0,0.0,0.0,0.0,0.0,0.0,0.0,100.0,100.0,100.0,1000.0,1000.0,1000.0,45.48115908428888,0,0,45.48115908428888,0.0,0.0,0,0
734601,57.5,58.0,18.0,0.0,0.0,0.0,40.0,1.0,1.0,1.0,0.0,0.0,0.0,0.0,0.0,0.0,100.0,100.0,100.0,1000.0,1000.0,1000.0,45.48115908428888,0,0,45.48115908428888,0.0,0.0,0,0
734801,57.5,58.0,18.0,0.0,0.0,0.0,40.0,1.0,1.0,1.0,0.0,0.0,0.0,0.0,0.0,0.0,100.0,100.0,100.0,1000.0,1000.0,1000.0,45.48115908428888,0,0,45.48115908428888,0.0,0.0,0,0
735001,57.5,58.0,18.5,0.0,0.0,0.0,40.0,1.0,1.0,1.0,0.0,0.0,0.0,0.0,0.0,0.0,100.0,100.0,100.0,1000.0,1000.0,1000.0,45.48115908428888,0,0,45.48115908428888,0.0,0.0,0,0
735201,57.5,58.0,18.5,0.0,0.0,0.0,40.0,1.0,1.0,1.0,0.0,0.0,0.0,0.0,0.0,0.0,100.0,100.0,100.0,1000.0,1000.0,1000.0,62.07095375661183,0,0,62.07095375661183,0.0,0.0,1,0
735401,57.5,58.0,18.5,0.0,0.0,0.0,40.0,1.0,1.0,1.0,0.0,0.0,0.0,0.0,0.0,0.0,100.0,100.0,100.0,1000.0,1000.0,1000.0,62.07095375661183,0,0,62.07095375661183,0.0,0.0,0,0
735601,57.5,58.0,18.0,0.0,0.0,0.0,40.0,1.0,1.0,1.0,0.0,0.0,0.0,0.0,0.0,0.0,100.0,100.0,100.0,1000.0,1000.0,1000.0,62.07095375661183,0,0,62.07095375661183,0.0,0.0,0,0
735801,57.5,58.0,18.0,0.0,0.0,0.0,40.0,1.0,1.0,1.0,0.0,0.0,0.0,0.0,0.0,0.0,100.0,100.0,100.0,1000.0,1000.0,1000.0,62.07095375661183,0,0,62.07095375661183,0.0,0.0,0,0
736001,57.5,58.0,18.0,0.0,0.0,0.0,40.0,1.0,1.0,1.0,0.0,0.0,0.0,0.0,0.0,0.0,100.0,100.0,100.0,1000.0,1000.0,1000.0,62.07095375661183,0,0,62.07095375661183,0.0,0.0,0,0
736201,57.5,58.0,18.0,0.0,0.0,0.0,40.0,1.0,1.0,1.0,0.0,0.0,0.0,0.0,0.0,0.0,100.0,100.0,100.0,1000.0,1000.0,1000.0,62.07095375661183,0,0,62.07095375661183,0.0,0.0,0,0
736401,57.5,58.0,18.0,0.0,0.0,0.0,40.0,1.0,1.0,1.0,0.0,0.0,0.0,0.0,0.0,0.0,100.0,100.0,100.0,1000.0,1000.0,1000.0,62.07095375661183,0,0,62.07095375661183,0.0,0.0,0,0
736601,57.5,58.0,18.0,0.0,0.0,0.0,40.0,1.0,1.0,1.0,0.0,0.0,0.0,0.0,0.0,0.0,100.0,100.0,100.0,1000.0,1000.0,1000.0,62.07095375661183,0,0,62.07095375661183,0.0,0.0,0,0
736801,57.5,58.0,18.0,0.0,0.0,0.0,40.0,1.0,1.0,1.0,0.0,0.0,0.0,0.0,0.0,0.0,100.0,100.0,100.0,1000.0,1000.0,1000.0,62.07095375661183,0,0,62.07095375661183,0.0,0.0,0,0
737001,57.5,58.0,18.5,0.0,0.0,0.0,40.0,1.0,1.0,1.0,0.0,0.0,0.0,0.0,0.0,0.0,100.0,100.0,100.0,1000.0,1000.0,1000.0,62.07095375661183,0,0,62.07095375661183,0.0,0.0,0,0
737201,57.5,58.0,18.5,0.0,0.0,0.0,40.0,1.0,1.0,1.0,0.0,0.0,0.0,0.0,0.0,0.0,100.0,100.0,100.0,1000.0,1000.0,1000.0,62.07095375661183,0,0,62.07095375661183,0.0,0.0,0,0
737401,57.5,58.0,18.5,0.0,0.0,0.0,40.0,1.0,1.0,1.0,0.0,0.0,0.0,0.0,0.0,0.0,100.0,100.0,100.0,1000.0,1000.0,1000.0,62.07095375661183,0,0,62.07095375661183,0.0,0.0,0,0
737601,57.5,58.0,18.5,0.0,0.0,0.0,40.0,1.0,1.0,1.0,0.0,0.0,0.0,0.0,0.0,0.0,100.0,100.0,100.0,1000.0,1000.0,1000.0,62.07095375661183,0,0,62.07095375661183,0.0,0.0,0,0
737801,57.5,58.0,18.5,0.0,0.0,0.0,40.0,1.0,1.0,1.0,0.0,0.0,0.0,0.0,0.0,0.0,100.0,100.0,100.0,1000.0,1000.0,1000.0,62.07095375661183,0,0,62.07095375661183,0.0,0.0,0,0
738001,57.5,58.0,18.5,0.0,0.0,0.0,40.0,1.0,1.0,1.0,0.0,0.0,0.0,0.0,0.0,0.0,100.0,100.0,100.0,1000.0,1000.0,1000.0,62.07095375661183,0,0,62.07095375661183,0.0,0.0,0,0
738201,57.5,58.0,18.5,0.0,0.0,0.0,40.0,1.0,1.0,1.0,0.0,0.0,0.0,0.0,0.0,0.0,100.0,100.0,100.0,1000.0,1000.0,1000.0,62.07095375661183,0,0,62.07095375661183,0.0,0.0,0,0
738401,57.5,58.0,18.5,0.0,0.0,0.0,40.0,1.0,1.0,1.0,0.0,0.0,0.0,0.0,0.0,0.0,100.0,100.0,100.0,1000.0,1000.0,1000.0,62.07095375661183,0,0,62.07095375661183,0.0,0.0,0,0
738601,57.5,58.0,18.5,0.0,0.0,0.0,40.0,1.0,1.0,1.0,0.0,0.0,0.0,0.0,0.0,0.0,100.0,100.0,100.0,1000.0,1000.0,1000.0,62.07095375661183,0,0,62.07095375661183,0.0,0.0,0,0
738801,57.5,58.0,18.5,0.0,0.0,0.0,40.0,1.0,1.0,1.0,0.0,0.0,0.0,0.0,0.0,0.0,100.0,100.0,100.0,1000.0,1000.0,1000.0,62.07095375661183,0,0,62.07095375661183,0.0,0.0,0,0
739001,57.5,58.0,18.0,0.0,0.0,0.0,40.0,1.0,1.0,1.0,0.0,0.0,0.0,0.0,0.0,0.0,100.0,100.0,100.0,1000.0,1000.0,1000.0,62.07095375661183,0,0,62.07095375661183,0.0,0.0,0,0
739201,57.5,58.0,18.0,0.0,0.0,0.0,40.0,1.0,1.0,1.0,0.0,0.0,0.0,0.0,0.0,0.0,100.0,100.0,100.0,1000.0,1000.0,1000.0,62.07095375661183,0,0,62.07095375661183,0.0,0.0,0,0
739401,57.5,58.0,18.0,0.0,0.0,0.0,40.0,1.0,1.0,1.0,0.0,0.0,0.0,0.0,0.0,0.0,100.0,100.0,100.0,1000.0,1000.0,1000.0,62.07095375661183,0,0,62.07095375661183,0.0,0.0,0,0
739601,57.5,58.0,18.5,0.0,0.0,0.0,40.0,1.0,1.0,1.0,0.0,0.0,0.0,0.0,0.0,0.0,100.0,100.0,100.0,1000.0,1000.0,1000.0,62.07095375661183,0,0,62.07095375661183,0.0,0.0,0,0
739801,57.5,58.0,18.5,0.0,0.0,0.0,40.0,1.0,1.0,1.0,0.0,0.0,0.0,0.0,0.0,0.0,100.0,100.0,100.0,1000.0,1000.0,1000.0,62.07095375661183,0,0,62.07095375661183,0.0,0.0,0,0
740001,57.5,58.0,18.5,0.0,0.0,0.0,40.0,1.0,1.0,1.0,0.0,0.0,0.0,0.0,0.0,0.0,100.0,100.0,100.0,1000.0,1000.0,1000.0,62.07095375661183,0,0,62.07095375661183,0.0,0.0,0,0
740201,57.5,58.0,18.5,0.0,0.0,0.0,40.0,1.0,1.0,1.0,0.0,0.0,0.0,0.0,0.0,0.0,100.0,100.0,100.0,1000.0,1000.0,1000.0,62.07095375661183,0,0,62.07095375661183,0.0,0.0,0,0
740401,57.5,58.0,18.5,0.0,0.0,0.0,40.0,1.0,1.0,1.0,0.0,0.0,0.0,0.0,0.0,0.0,100.0,100.0,100.0,1000.0,1000.0,1000.0,62.07095375661183,0,0,62.07095375661183,0.0,0.0,0,0
740601,57.5,58.0,18.0,0.0,0.0,0.0,40.0,1.0,1.0,1.0,0.0,0.0,0.0,0.0,0.0,0.0,100.0,100.0,100.0,1000.0,1000.0,1000.0,62.07095375661183,0,0,62.07095375661183,0.0,0.0,0,0
740801,57.5,58.0,18.0,0.0,0.0,0.0,40.0,1.0,1.0,1.0,0.0,0.0,0.0,0.0,0.0,0.0,100.0,100.0,100.0,1000.0,1000.0,1000.0,62.07095375661183,0,0,62.07095375661183,0.0,0.0,0,0
741001,57.5,58.0,18.5,0.0,0.0,0.0,40.0,1.0,1.0,1.0,0.0,0.0,0.0,0.0,0.0,0.0,100.0,100.0,100.0,1000.0,1000.0,1000.0,62.07095375661183,0,0,62.07095375661183,0.0,0.0,0,0
741201,57.5,58.0,18.5,0.0,0.0,0.0,40.0,1.0,1.0,1.0,0.0,0.0,0.0,0.0,0.0,0.0,100.0,100.0,100.0,1000.0,1000.0,1000.0,62.07095375661183,0,0,62.07095375661183,0.0,0.0,0,0
741401,57.5,58.0,18.5,0.0,0.0,0.0,40.0,1.0,1.0,1.0,0.0,0.0,0.0,0.0,0.0,0.0,100.0,100.0,100.0,1000.0,1000.0,1000.0,62.07095375661183,0,0,62.07095375661183,0.0,0.0,0,0
741601,57.5,58.0,18.5,0.0,0.0,0.0,40.0,1.0,1.0,1.0,0.0,0.0,0.0,0.0,0.0,0.0,100.0,100.0,100.0,1000.0,1000.0,1000.0,62.07095375661183,0,0,62.07095375661183,0.0,0.0,0,0
741801,57.5,58.0,18.5,0.0,0.0,0.0,40.0,1.0,1.0,1.0,0.0,0.0,0.0,0.0,0.0,0.0,100.0,100.0,100.0,1000.0,1000.0,1000.0,62.07095375661183,0,0,62.07095375661183,0.0,0.0,0,0
742001,57.5,58.0,18.5,0.0,0.0,0.0,40.0,1.0,1.0,1.0,0.0,0.0,0.0,0.0,0.0,0.0,100.0,100.0,100.0,1000.0,1000.0,1000.0,62.07095375661183,0,0,62.07095375661183,0.0,0.0,0,0
742201,57.5,58.0,18.5,0.0,0.0,0.0,40.0,1.0,1.0,1.0,0.0,0.0,0.0,0.0,0.0,0.0,100.0,100.0,100.0,1000.0,1000.0,1000.0,62.07095375661183,0,0,62.07095375661183,0.0,0.0,0,0
742401,57.5,58.0,18.5,0.0,0.0,0.0,40.0,1.0,1.0,1.0,0.0,0.0,0.0,0.0,0.0,0.0,100.0,100.0,100.0,1000.0,1000.0,1000.0,62.07095375661183,0,0,62.07095375661183,0.0,0.0,0,0
742601,58.0,58.0,18.0,0.0,0.0,0.0,40.0,1.0,1.0,1.0,0.0,0.0,0.0,0.0,0.0,0.0,100.0,100.0,100.0,1000.0,1000.0,1000.0,62.07095375661183,0,0,62.07095375661183,0.0,0.0,0,0
742801,58.0,58.0,18.0,0.0,0.0,0.0,40.0,1.0,1.0,1.0,0.0,0.0,0.0,0.0,0.0,0.0,100.0,100.0,100.0,1000.0,1000.0,1000.0,62.07095375661183,0,0,62.07095375661183,0.0,0.0,0,0
743001,58.0,58.0,18.0,0.0,0.0,0.0,40.0,1.0,1.0,1.0,0.0,0.0,0.0,0.0,0.0,0.0,100.0,100.0,100.0,1000.0,1000.0,1000.0,62.07095375661183,0,0,62.07095375661183,0.0,0.0,0,0
743201,58.0,58.0,18.0,0.0,0.0,0.0,40.0,1.0,1.0,1.0,0.0,0.0,0.0,0.0,0.0,0.0,100.0,100.0,100.0,1000.0,1000.0,1000.0,62.07095375661183,0,0,62.07095375661183,0.0,0.0,0,0
743401,58.0,58.0,18.0,0.0,0.0,0.0,40.0,1.0,1.0,1.0,0.0,0.0,0.0,0.0,0.0,0.0,100.0,100.0,100.0,1000.0,1000.0,1000.0,62.07095375661183,0,0,62.07095375661183,0.0,0.0,0,0
743601,58.0,58.0,18.0,0.0,0.0,0.0,40.0,1.0,1.0,1.0,0.0,0.0,0.0,0.0,0.0,0.0,100.0,100.0,100.0,1000.0,1000.0,1000.0,62.07095375661183,0,0,62.07095375661183,0.0,0.0,0,0
743801,58.0,58.0,18.0,0.0,0.0,0.0,40.0,1.0,1.0,1.0,0.0,0.0,0.0,0.0,0.0,0.0,100.0,100.0,100.0,1000.0,1000.0,1000.0,62.07095375661183,0,0,62.07095375661183,0.0,0.0,0,0
744001,58.0,58.0,18.5,0.0,0.0,0.0,40.0,1.0,1.0,1.0,0.0,0.0,0.0,0.0,0.0,0.0,100.0,100.0,100.0,1000.0,1000.0,1000.0,62.07095375661183,0,0,62.07095375661183,0.0,0.0,0,0
744201,58.0,58.0,18.5,0.0,0.0,0.0,40.0,1.0,1.0,1.0,0.0,0.0,0.0,0.0,0.0,0.0,100.0,100.0,100.0,1000.0,1000.0,1000.0,62.07095375661183,0,0,62.07095375661183,0.0,0.0,0,0
744401,58.0,58.0,18.5,0.0,0.0,0.0,40.0,1.0,1.0,1.0,0.0,0.0,0.0,0.0,0.0,0.0,100.0,100.0,100.0,1000.0,1000.0,1000.0,62.07095375661183,0,0,62.07095375661183,0.0,0.0,0,0
744601,58.0,58.0,18.0,0.0,0.0,0.0,40.0,1.0,1.0,1.0,0.0,0.0,0.0,0.0,0.0,0.0,100.0,100.0,100.0,1000.0,1000.0,1000.0,62.07095375661183,0,0,62.07095375661183,0.0,0.0,0,0
744801,58.0,58.0,18.0,0.0,0.0,0.0,40.0,1.0,1.0,1.0,0.0,0.0,0.0,0.0,0.0,0.0,100.0,100.0,100.0,1000.0,1000.0,1000.0,62.07095375661183,0,0,62.07095375661183,0.0,0.0,0,0
745001,58.0,58.0,18.5,0.0,0.0,0.0,40.0,1.0,1.0,1.0,0.0,0.0,0.0,0.0,0.0,0.0,100.0,100.0,100.0,1000.0,1000.0,1000.0,62.07095375661183,0,0,62.07095375661183,0.0,0.0,0,0
745201,58.0,58.0,18.5,0.0,0.0,0.0,40.0,1.0,1.0,1.0,0.0,0.0,0.0,0.0,0.0,0.0,100.0,100.0,100.0,1000.0,1000.0,1000.0,62.07095375661183,0,0,62.07095375661183,0.0,0.0,0,0
745401,58.0,58.0,18.5,0.0,0.0,0.0,40.0,1.0,1.0,1.0,0.0,0.0,0.0,0.0,0.0,0.0,100.0,100.0,100.0,1000.0,1000.0,1000.0,62.07095375661183,0,0,62.07095375661183,0.0,0.0,0,0
745601,58.0,58.0,18.5,0.0,0.0,0.0,40.0,1.0,1.0,1.0,0.0,0.0,0.0,0.0,0.0,0.0,100.0,100.0,100.0,1000.0,1000.0,1000.0,62.07095375661183,0,0,62.07095375661183,0.0,0.0,0,0
745801,58.0,58.0,18.5,0.0,0.0,0.0,40.0,1.0,1.0,1.0,0.0,0.0,0.0,0.0,0.0,0.0,100.0,100.0,100.0,1000.0,1000.0,1000.0,62.07095375661183,0,0,62.07095375661183,0.0,0.0,0,0
746001,58.0,58.5,18.5,0.0,0.0,0.0,40.0,1.0,1.0,1.0,0.0,0.0,0.0,0.0,0.0,0.0,100.0,100.0,100.0,1000.0,1000.0,1000.0,62.07095375661183,0,0,62.07095375661183,0.0,0.0,0,0
746201,58.0,58.5,18.5,0.0,0.0,0.0,40.0,1.0,1.0,1.0,0.0,0.0,0.0,0.0,0.0,0.0,100.0,100.0,100.0,1000.0,1000.0,1000.0,62.07095375661183,0,0,62.07095375661183,0.0,0.0,0,0
746401,58.0,58.5,18.5,0.0,0.0,0.0,40.0,1.0,1.0,1.0,0.0,0.0,0.0,0.0,0.0,0.0,100.0,100.0,100.0,1000.0,1000.0,1000.0,62.07095375661183,0,0,62.07095375661183,0.0,0.0,0,0
746601,58.0,58.5,18.5,0.0,0.0,0.0,40.0,1.0,1.0,1.0,0.0,0.0,0.0,0.0,0.0,0.0,100.0,100.0,100.0,1000.0,1000.0,1000.0,62.07095375661183,0,0,62.07095375661183,0.0,0.0,0,0
746801,58.0,58.5,18.5,0.0,0.0,0.0,40.0,1.0,1.0,1.0,0.0,0.0,0.0,0.0,0.0,0.0,100.0,100.0,100.0,1000.0,1000.0,1000.0,62.07095375661183,0,0,62.07095375661183,0.0,0.0,0,0
747001,58.0,58.5,18.5,0.0,0.0,0.0,40.0,1.0,1.0,1.0,0.0,0.0,0.0,0.0,0.0,0.0,100.0,100.0,100.0,1000.0,1000.0,1000.0,62.07095375661183,0,0,62.07095375661183,0.0,0.0,0,0
747201,58.0,58.5,18.5,0.0,0.0,0.0,40.0,1.0,1.0,1.0,0.0,0.0,0.0,0.0,0.0,0.0,100.0,100.0,100.0,1000.0,1000.0,1000.0,62.07095375661183,0,0,62.07095375661183,0.0,0.0,0,0
747401,58.0,58.5,18.5,0.0,0.0,0.0,40.0,1.0,1.0,1.0,0.0,0.0,0.0,0.0,0.0,0.0,100.0,100.0,100.0,1000.0,1000.0,1000.0,62.07095375661183,0,0,62.07095375661183,0.0,0.0,0,0
747601,58.0,58.5,18.5,0.0,0.0,0.0,40.0,1.0,1.0,1.0,0.0,0.0,0.0,0.0,0.0,0.0,100.0,100.0,100.0,1000.0,1000.0,1000.0,62.07095375661183,0,0,62.07095375661183,0.0,0.0,0,0
747801,58.0,58.5,18.5,0.0,0.0,0.0,40.0,1.0,1.0,1.0,0.0,0.0,0.0,0.0,0.0,0.0,100.0,100.0,100.0,1000.0,1000.0,1000.0,62.07095375661183,0,0,62.07095375661183,0.0,0.0,0,0
748001,58.0,58.5,18.5,0.0,0.0,0.0,40.0,1.0,1.0,1.0,0.0,0.0,0.0,0.0,0.0,0.0,100.0,100.0,100.0,1000.0,1000.0,1000.0,62.07095375661183,0,0,62.07095375661183,0.0,0.0,0,0
748201,58.0,58.5,18.5,0.0,0.0,0.0,40.0,1.0,1.0,1.0,0.0,0.0,0.0,0.0,0.0,0.0,100.0,100.0,100.0,1000.0,1000.0,1000.0,62.07095375661183,0,0,62.07095375661183,0.0,0.0,0,0
748401,58.0,58.5,18.5,0.0,0.0,0.0,40.0,1.0,1.0,1.0,0.0,0.0,0.0,0.0,0.0,0.0,100.0,100.0,100.0,1000.0,1000.0,1000.0,62.07095375661183,0,0,62.07095375661183,0.0,0.0,0,0
748601,58.0,58.5,18.5,0.0,0.0,0.0,40.0,1.0,1.0,1.0,0.0,0.0,0.0,0.0,0.0,0.0,100.0,100.0,100.0,1000.0,1000.0,1000.0,62.07095375661183,0,0,62.07095375661183,0.0,0.0,0,0
748801,58.0,58.5,18.5,0.0,0.0,0.0,40.0,1.0,1.0,1.0,0.0,0.0,0.0,0.0,0.0,0.0,100.0,100.0,100.0,1000.0,1000.0,1000.0,62.07095375661183,0,0,62.07095375661183,0.0,0.0,0,0
749001,58.0,58.5,18.5,0.0,0.0,0.0,40.0,1.0,1.0,1.0,0.0,0.0,0.0,0.0,0.0,0.0,100.0,100.0,100.0,1000.0,1000.0,1000.0,62.07095375661183,0,0,62.07095375661183,0.0,0.0,0,0
749201,58.0,58.5,18.5,0.0,0.0,0.0,40.0,1.0,1.0,1.0,0.0,0.0,0.0,0.0,0.0,0.0,100.0,100.0,100.0,1000.0,1000.0,1000.0,62.07095375661183,0,0,62.07095375661183,0.0,0.0,0,0
749401,58.0,58.5,18.5,0.0,0.0,0.0,40.0,1.0,1.0,1.0,0.0,0.0,0.0,0.0,0.0,0.0,100.0,100.0,100.0,1000.0,1000.0,1000.0,62.07095375661183,0,0,62.07095375661183,0.0,0.0,0,0
749601,58.5,58.5,18.5,0.0,0.0,0.0,40.0,1.0,1.0,1.0,0.0,0.0,0.0,0.0,0.0,0.0,100.0,100.0,100.0,1000.0,1000.0,1000.0,62.07095375661183,0,0,62.07095375661183,0.0,0.0,0,0
749801,58.5,58.5,18.5,0.0,0.0,0.0,40.0,1.0,1.0,1.0,0.0,0.0,0.0,0.0,0.0,0.0,100.0,100.0,100.0,1000.0,1000.0,1000.0,62.07095375661183,0,0,62.07095375661183,0.0,0.0,0,0
750001,58.5,58.5,18.5,0.0,0.0,0.0,40.0,1.0,1.0,1.0,0.0,0.0,0.0,0.0,0.0,0.0,100.0,100.0,100.0,1000.0,1000.0,1000.0,62.07095375661183,0,0,62.07095375661183,0.0,0.0,0,0
750201,58.5,58.5,18.5,0.0,0.0,0.0,40.0,1.0,1.0,1.0,0.0,0.0,0.0,0.0,0.0,0.0,100.0,100.0,100.0,1000.0,1000.0,1000.0,37.57018202216458,0,0,37.57018202216458,0.0,0.0,1,0
750401,58.5,58.5,18.5,0.0,0.0,0.0,40.0,1.0,1.0,1.0,0.0,0.0,0.0,0.0,0.0,0.0,100.0,100.0,100.0,1000.0,1000.0,1000.0,37.57018202216458,0,0,37.57018202216458,0.0,0.0,0,0
750601,58.5,58.5,18.5,0.0,0.0,0.0,40.0,1.0,1.0,1.0,0.0,0.0,0.0,0.0,0.0,0.0,100.0,100.0,100.0,1000.0,1000.0,1000.0,37.57018202216458,0,0,37.57018202216458,0.0,0.0,0,0
750801,58.5,58.5,18.5,0.0,0.0,0.0,40.0,1.0,1.0,1.0,0.0,0.0,0.0,0.0,0.0,0.0,100.0,100.0,100.0,1000.0,1000.0,1000.0,37.57018202216458,0,0,37.57018202216458,0.0,0.0,0,0
751001,58.5,58.5,18.5,0.0,0.0,0.0,40.0,1.0,1.0,1.0,0.0,0.0,0.0,0.0,0.0,0.0,100.0,100.0,100.0,1000.0,1000.0,1000.0,37.57018202216458,0,0,37.57018202216458,0.0,0.0,0,0
751201,58.5,58.5,18.5,0.0,0.0,0.0,40.0,1.0,1.0,1.0,0.0,0.0,0.0,0.0,0.0,0.0,100.0,100.0,100.0,1000.0,1000.0,1000.0,37.57018202216458,0,0,37.57018202216458,0.0,0.0,0,0
751401,58.5,58.5,18.5,0.0,0.0,0.0,40.0,1.0,1.0,1.0,0.0,0.0,0.0,0.0,0.0,0.0,100.0,100.0,100.0,1000.0,1000.0,1000.0,37.57018202216458,0,0,37.57018202216458,0.0,0.0,0,0
751601,58.5,58.5,18.5,0.0,0.0,0.0,40.0,1.0,1.0,1.0,0.0,0.0,0.0,0.0,0.0,0.0,100.0,100.0,100.0,1000.0,1000.0,1000.0,37.57018202216458,0,0,37.57018202216458,0.0,0.0,0,0
751801,58.5,58.5,18.5,0.0,0.0,0.0,40.0,1.0,1.0,1.0,0.0,0.0,0.0,0.0,0.0,0.0,100.0,100.0,100.0,1000.0,1000.0,1000.0,37.57018202216458,0,0,37.57018202216458,0.0,0.0,0,0
752001,58.5,58.5,18.5,0.0,0.0,0.0,40.0,1.0,1.0,1.0,0.0,0.0,0.0,0.0,0.0,0.0,100.0,100.0,100.0,1000.0,1000.0,1000.0,37.57018202216458,0,0,37.57018202216458,0.0,0.0,0,0
752201,58.5,58.5,18.5,0.0,0.0,0.0,40.0,1.0,1.0,1.0,0.0,0.0,0.0,0.0,0.0,0.0,100.0,100.0,100.0,1000.0,1000.0,1000.0,37.57018202216458,0,0,37.57018202216458,0.0,0.0,0,0
752401,58.5,58.5,18.5,0.0,0.0,0.0,40.0,1.0,1.0,1.0,0.0,0.0,0.0,0.0,0.0,0.0,100.0,100.0,100.0,1000.0,1000.0,1000.0,37.57018202216458,0,0,37.57018202216458,0.0,0.0,0,0
752601,58.5,58.5,18.5,0.0,0.0,0.0,40.0,1.0,1.0,1.0,0.0,0.0,0.0,0.0,0.0,0.0,100.0,100.0,100.0,1000.0,1000.0,1000.0,37.57018202216458,0,0,37.57018202216458,0.0,0.0,0,0
752801,58.5,58.5,18.5,0.0,0.0,0.0,40.0,1.0,1.0,1.0,0.0,0.0,0.0,0.0,0.0,0.0,100.0,100.0,100.0,1000.0,1000.0,1000.0,37.57018202216458,0,0,37.57018202216458,0.0,0.0,0,0
753001,58.5,58.5,18.5,0.0,0.0,0.0,40.0,1.0,1.0,1.0,0.0,0.0,0.0,0.0,0.0,0.0,100.0,100.0,100.0,1000.0,1000.0,1000.0,37.57018202216458,0,0,37.57018202216458,0.0,0.0,0,0
753201,58.5,58.5,18.5,0.0,0.0,0.0,40.0,1.0,1.0,1.0,0.0,0.0,0.0,0.0,0.0,0.0,100.0,100.0,100.0,1000.0,1000.0,1000.0,37.57018202216458,0,0,37.57018202216458,0.0,0.0,0,0
753401,58.5,58.5,18.5,0.0,0.0,0.0,40.0,1.0,1.0,1.0,0.0,0.0,0.0,0.0,0.0,0.0,100.0,100.0,100.0,1000.0,1000.0,1000.0,37.57018202216458,0,0,37.57018202216458,0.0,0.0,0,0
753601,58.5,58.5,18.5,0.0,0.0,0.0,40.0,1.0,1.0,1.0,0.0,0.0,0.0,0.0,0.0,0.0,100.0,100.0,100.0,1000.0,1000.0,1000.0,37.57018202216458,0,0,37.57018202216458,0.0,0.0,0,0
753801,58.5,58.5,18.5,0.0,0.0,0.0,40.0,1.0,1.0,1.0,0.0,0.0,0.0,0.0,0.0,0.0,100.0,100.0,100.0,1000.0,1000.0,1000.0,37.57018202216458,0,0,37.57018202216458,0.0,0.0,0,0
754001,58.5,59.0,18.5,0.0,0.0,0.0,40.0,1.0,1.0,1.0,0.0,0.0,0.0,0.0,0.0,0.0,100.0,100.0,100.0,1000.0,1000.0,1000.0,37.57018202216458,0,0,37.57018202216458,0.0,0.0,0,0
754201,58.5,59.0,18.5,0.0,0.0,0.0,40.0,1.0,1.0,1.0,0.0,0.0,0.0,0.0,0.0,0.0,100.0,100.0,100.0,1000.0,1000.0,1000.0,37.57018202216458,0,0,37.57018202216458,0.0,0.0,0,0
754401,58.5,59.0,18.5,0.0,0.0,0.0,40.0,1.0,1.0,1.0,0.0,0.0,0.0,0.0,0.0,0.0,100.0,100.0,100.0,1000.0,1000.0,1000.0,37.57018202216458,0,0,37.57018202216458,0.0,0.0,0,0
754601,58.5,59.0,18.5,0.0,0.0,0.0,40.0,1.0,1.0,1.0,0.0,0.0,0.0,0.0,0.0,0.0,100.0,100.0,100.0,1000.0,1000.0,1000.0,37.57018202216458,0,0,37.57018202216458,0.0,0.0,0,0
754801,58.5,59.0,18.5,0.0,0.0,0.0,40.0,1.0,1.0,1.0,0.0,0.0,0.0,0.0,0.0,0.0,100.0,100.0,100.0,1000.0,1000.0,1000.0,37.57018202216458,0,0,37.57018202216458,0.0,0.0,0,0
755001,58.5,59.0,18.5,0.0,0.0,0.0,40.0,1.0,1.0,1.0,0.0,0.0,0.0,0.0,0.0,0.0,100.0,100.0,100.0,1000.0,1000.0,1000.0,37.57018202216458,0,0,37.57018202216458,0.0,0.0,0,0
755201,58.5,59.0,18.5,0.0,0.0,0.0,40.0,1.0,1.0,1.0,0.0,0.0,0.0,0.0,0.0,0.0,100.0,100.0,100.0,1000.0,1000.0,1000.0,37.57018202216458,0,0,37.57018202216458,0.0,0.0,0,0
755401,58.5,59.0,18.5,0.0,0.0,0.0,40.0,1.0,1.0,1.0,0.0,0.0,0.0,0.0,0.0,0.0,100.0,100.0,100.0,1000.0,1000.0,1000.0,37.57018202216458,0,0,37.57018202216458,0.0,0.0,0,0
755601,58.5,59.0,18.5,0.0,0.0,0.0,40.0,1.0,1.0,1.0,0.0,0.0,0.0,0.0,0.0,0.0,100.0,100.0,100.0,1000.0,1000.0,1000.0,37.57018202216458,0,0,37.57018202216458,0.0,0.0,0,0
755801,58.5,59.0,18.5,0.0,0.0,0.0,40.0,1.0,1.0,1.0,0.0,0.0,0.0,0.0,0.0,0.0,100.0,100.0,100.0,1000.0,1000.0,1000.0,37.57018202216458,0,0,37.57018202216458,0.0,0.0,0,0
756001,58.5,59.0,18.5,0.0,0.0,0.0,40.0,1.0,1.0,1.0,0.0,0.0,0.0,0.0,0.0,0.0,100.0,100.0,100.0,1000.0,1000.0,1000.0,37.57018202216458,0,0,37.57018202216458,0.0,0.0,0,0
756201,58.5,59.0,18.5,0.0,0.0,0.0,40.0,1.0,1.0,1.0,0.0,0.0,0.0,0.0,0.0,0.0,100.0,100.0,100.0,1000.0,1000.0,1000.0,37.57018202216458,0,0,37.57018202216458,0.0,0.0,0,0
756401,58.5,59.0,18.5,0.0,0.0,0.0,40.0,1.0,1.0,1.0,0.0,0.0,0.0,0.0,0.0,0.0,100.0,100.0,100.0,1000.0,1000.0,1000.0,37.57018202216458,0,0,37.57018202216458,0.0,0.0,0,0
756601,58.5,59.0,18.5,0.0,0.0,0.0,40.0,1.0,1.0,1.0,0.0,0.0,0.0,0.0,0.0,0.0,100.0,100.0,100.0,1000.0,1000.0,1000.0,37.57018202216458,0,0,37.57018202216458,0.0,0.0,0,0
756801,58.5,59.0,18.5,0.0,0.0,0.0,40.0,1.0,1.0,1.0,0.0,0.0,0.0,0.0,0.0,0.0,100.0,100.0,100.0,1000.0,1000.0,1000.0,37.57018202216458,0,0,37.57018202216458,0.0,0.0,0,0
757001,58.5,59.0,18.5,0.0,0.0,0.0,40.0,1.0,1.0,1.0,0.0,0.0,0.0,0.0,0.0,0.0,100.0,100.0,100.0,1000.0,1000.0,1000.0,37.57018202216458,0,0,37.57018202216458,0.0,0.0,0,0
757201,58.5,59.0,18.5,0.0,0.0,0.0,40.0,1.0,1.0,1.0,0.0,0.0,0.0,0.0,0.0,0.0,100.0,100.0,100.0,1000.0,1000.0,1000.0,37.57018202216458,0,0,37.57018202216458,0.0,0.0,0,0
757401,58.5,59.0,18.5,0.0,0.0,0.0,40.0,1.0,1.0,1.0,0.0,0.0,0.0,0.0,0.0,0.0,100.0,100.0,100.0,1000.0,1000.0,1000.0,37.57018202216458,0,0,37.57018202216458,0.0,0.0,0,0
757601,58.5,59.0,18.5,0.0,0.0,0.0,40.0,1.0,1.0,1.0,0.0,0.0,0.0,0.0,0.0,0.0,100.0,100.0,100.0,1000.0,1000.0,1000.0,37.57018202216458,0,0,37.57018202216458,0.0,0.0,0,0
757801,58.5,59.0,18.5,0.0,0.0,0.0,40.0,1.0,1.0,1.0,0.0,0.0,0.0,0.0,0.0,0.0,100.0,100.0,100.0,1000.0,1000.0,1000.0,37.57018202216458,0,0,37.57018202216458,0.0,0.0,0,0
758001,58.5,59.0,18.5,0.0,0.0,0.0,40.0,1.0,1.0,1.0,0.0,0.0,0.0,0.0,0.0,0.0,100.0,100.0,100.0,1000.0,1000.0,1000.0,37.57018202216458,0,0,37.57018202216458,0.0,0.0,0,0
758201,58.5,59.0,18.5,0.0,0.0,0.0,40.0,1.0,1.0,1.0,0.0,0.0,0.0,0.0,0.0,0.0,100.0,100.0,100.0,1000.0,1000.0,1000.0,37.57018202216458,0,0,37.57018202216458,0.0,0.0,0,0
758401,58.5,59.0,18.5,0.0,0.0,0.0,40.0,1.0,1.0,1.0,0.0,0.0,0.0,0.0,0.0,0.0,100.0,100.0,100.0,1000.0,1000.0,1000.0,37.57018202216458,0,0,37.57018202216458,0.0,0.0,0,0
758601,58.5,59.0,18.5,0.0,0.0,0.0,40.0,1.0,1.0,1.0,0.0,0.0,0.0,0.0,0.0,0.0,100.0,100.0,100.0,1000.0,1000.0,1000.0,37.57018202216458,0,0,37.57018202216458,0.0,0.0,0,0
758801,58.5,59.0,18.5,0.0,0.0,0.0,40.0,1.0,1.0,1.0,0.0,0.0,0.0,0.0,0.0,0.0,100.0,100.0,100.0,1000.0,1000.0,1000.0,37.57018202216458,0,0,37.57018202216458,0.0,0.0,0,0
759001,58.5,59.0,18.5,0.0,0.0,0.0,40.0,1.0,1.0,1.0,0.0,0.0,0.0,0.0,0.0,0.0,100.0,100.0,100.0,1000.0,1000.0,1000.0,37.57018202216458,0,0,37.57018202216458,0.0,0.0,0,0
759201,58.5,59.0,18.5,0.0,0.0,0.0,40.0,1.0,1.0,1.0,0.0,0.0,0.0,0.0,0.0,0.0,100.0,100.0,100.0,1000.0,1000.0,1000.0,37.57018202216458,0,0,37.57018202216458,0.0,0.0,0,0
759401,58.5,59.0,18.5,0.0,0.0,0.0,40.0,1.0,1.0,1.0,0.0,0.0,0.0,0.0,0.0,0.0,100.0,100.0,100.0,1000.0,1000.0,1000.0,37.57018202216458,0,0,37.57018202216458,0.0,0.0,0,0
759601,58.5,59.0,18.5,0.0,0.0,0.0,40.0,1.0,1.0,1.0,0.0,0.0,0.0,0.0,0.0,0.0,100.0,100.0,100.0,1000.0,1000.0,1000.0,37.57018202216458,0,0,37.57018202216458,0.0,0.0,0,0
759801,58.5,59.0,18.5,0.0,0.0,0.0,40.0,1.0,1.0,1.0,0.0,0.0,0.0,0.0,0.0,0.0,100.0,100.0,100.0,1000.0,1000.0,1000.0,37.57018202216458,0,0,37.57018202216458,0.0,0.0,0,0
760001,58.5,59.0,18.5,0.0,0.0,0.0,40.0,1.0,1.0,1.0,0.0,0.0,0.0,0.0,0.0,0.0,100.0,100.0,100.0,1000.0,1000.0,1000.0,37.57018202216458,0,0,37.57018202216458,0.0,0.0,0,0
760201,58.5,59.0,18.5,0.0,0.0,0.0,40.0,1.0,1.0,1.0,0.0,0.0,0.0,0.0,0.0,0.0,100.0,100.0,100.0,1000.0,1000.0,1000.0,37.57018202216458,0,0,37.57018202216458,0.0,0.0,0,0
760401,58.5,59.0,18.5,0.0,0.0,0.0,40.0,1.0,1.0,1.0,0.0,0.0,0.0,0.0,0.0,0.0,100.0,100.0,100.0,1000.0,1000.0,1000.0,37.57018202216458,0,0,37.57018202216458,0.0,0.0,0,0
760601,58.5,59.0,18.5,0.0,0.0,0.0,40.0,1.0,1.0,1.0,0.0,0.0,0.0,0.0,0.0,0.0,100.0,100.0,100.0,1000.0,1000.0,1000.0,37.57018202216458,0,0,37.57018202216458,0.0,0.0,0,0
760801,58.5,59.0,18.5,0.0,0.0,0.0,40.0,1.0,1.0,1.0,0.0,0.0,0.0,0.0,0.0,0.0,100.0,100.0,100.0,1000.0,1000.0,1000.0,37.57018202216458,0,0,37.57018202216458,0.0,0.0,0,0
761001,58.5,59.0,18.5,0.0,0.0,0.0,40.0,1.0,1.0,1.0,0.0,0.0,0.0,0.0,0.0,0.0,100.0,100.0,100.0,1000.0,1000.0,1000.0,37.57018202216458,0,0,37.57018202216458,0.0,0.0,0,0
761201,58.5,59.0,18.5,0.0,0.0,0.0,40.0,1.0,1.0,1.0,0.0,0.0,0.0,0.0,0.0,0.0,100.0,100.0,100.0,1000.0,1000.0,1000.0,37.57018202216458,0,0,37.57018202216458,0.0,0.0,0,0
761401,58.5,59.0,18.5,0.0,0.0,0.0,40.0,1.0,1.0,1.0,0.0,0.0,0.0,0.0,0.0,0.0,100.0,100.0,100.0,1000.0,1000.0,1000.0,37.57018202216458,0,0,37.57018202216458,0.0,0.0,0,0
761601,58.5,59.0,18.5,0.0,0.0,0.0,40.0,1.0,1.0,1.0,0.0,0.0,0.0,0.0,0.0,0.0,100.0,100.0,100.0,1000.0,1000.0,1000.0,37.57018202216458,0,0,37.57018202216458,0.0,0.0,0,0
761801,58.5,59.0,18.5,0.0,0.0,0.0,40.0,1.0,1.0,1.0,0.0,0.0,0.0,0.0,0.0,0.0,100.0,100.0,100.0,1000.0,1000.0,1000.0,37.57018202216458,0,0,37.57018202216458,0.0,0.0,0,0
762001,58.5,59.0,18.5,0.0,0.0,0.0,40.0,1.0,1.0,1.0,0.0,0.0,0.0,0.0,0.0,0.0,100.0,100.0,100.0,1000.0,1000.0,1000.0,37.57018202216458,0,0,37.57018202216458,0.0,0.0,0,0
762201,58.5,59.0,18.5,0.0,0.0,0.0,40.0,1.0,1.0,1.0,0.0,0.0,0.0,0.0,0.0,0.0,100.0,100.0,100.0,1000.0,1000.0,1000.0,37.57018202216458,0,0,37.57018202216458,0.0,0.0,0,0
762401,58.5,59.0,18.5,0.0,0.0,0.0,40.0,1.0,1.0,1.0,0.0,0.0,0.0,0.0,0.0,0.0,100.0,100.0,100.0,1000.0,1000.0,1000.0,37.57018202216458,0,0,37.57018202216458,0.0,0.0,0,0
762601,58.5,59.0,18.5,0.0,0.0,0.0,40.0,1.0,1.0,1.0,0.0,0.0,0.0,0.0,0.0,0.0,100.0,100.0,100.0,1000.0,1000.0,1000.0,37.57018202216458,0,0,37.57018202216458,0.0,0.0,0,0
762801,58.5,59.0,18.5,0.0,0.0,0.0,40.0,1.0,1.0,1.0,0.0,0.0,0.0,0.0,0.0,0.0,100.0,100.0,100.0,1000.0,1000.0,1000.0,37.57018202216458,0,0,37.57018202216458,0.0,0.0,0,0
763001,58.5,59.0,18.5,0.0,0.0,0.0,40.0,1.0,1.0,1.0,0.0,0.0,0.0,0.0,0.0,0.0,100.0,100.0,100.0,1000.0,1000.0,1000.0,37.57018202216458,0,0,37.57018202216458,0.0,0.0,0,0
763201,58.5,59.0,18.5,0.0,0.0,0.0,40.0,1.0,1.0,1.0,0.0,0.0,0.0,0.0,0.0,0.0,100.0,100.0,100.0,1000.0,1000.0,1000.0,37.57018202216458,0,0,37.57018202216458,0.0,0.0,0,0
763401,58.5,59.0,18.5,0.0,0.0,0.0,40.0,1.0,1.0,1.0,0.0,0.0,0.0,0.0,0.0,0.0,100.0,100.0,100.0,1000.0,1000.0,1000.0,37.57018202216458,0,0,37.57018202216458,0.0,0.0,0,0
763601,58.5,59.0,18.5,0.0,0.0,0.0,40.0,1.0,1.0,1.0,0.0,0.0,0.0,0.0,0.0,0.0,100.0,100.0,100.0,1000.0,1000.0,1000.0,37.57018202216458,0,0,37.57018202216458,0.0,0.0,0,0
763801,58.5,59.0,18.5,0.0,0.0,0.0,40.0,1.0,1.0,1.0,0.0,0.0,0.0,0.0,0.0,0.0,100.0,100.0,100.0,1000.0,1000.0,1000.0,37.57018202216458,0,0,37.57018202216458,0.0,0.0,0,0
764001,58.5,59.0,18.5,0.0,0.0,0.0,40.0,1.0,1.0,1.0,0.0,0.0,0.0,0.0,0.0,0.0,100.0,100.0,100.0,1000.0,1000.0,1000.0,37.57018202216458,0,0,37.57018202216458,0.0,0.0,0,0
764201,58.5,59.0,18.5,0.0,0.0,0.0,40.0,1.0,1.0,1.0,0.0,0.0,0.0,0.0,0.0,0.0,100.0,100.0,100.0,1000.0,1000.0,1000.0,37.57018202216458,0,0,37.57018202216458,0.0,0.0,0,0
764401,58.5,59.0,18.5,0.0,0.0,0.0,40.0,1.0,1.0,1.0,0.0,0.0,0.0,0.0,0.0,0.0,100.0,100.0,100.0,1000.0,1000.0,1000.0,37.57018202216458,0,0,37.57018202216458,0.0,0.0,0,0
764601,58.5,59.0,18.5,0.0,0.0,0.0,40.0,1.0,1.0,1.0,0.0,0.0,0.0,0.0,0.0,0.0,100.0,100.0,100.0,1000.0,1000.0,1000.0,37.57018202216458,0,0,37.57018202216458,0.0,0.0,0,0
764801,58.5,59.0,18.5,0.0,0.0,0.0,40.0,1.0,1.0,1.0,0.0,0.0,0.0,0.0,0.0,0.0,100.0,100.0,100.0,1000.0,1000.0,1000.0,37.57018202216458,0,0,37.57018202216458,0.0,0.0,0,0
765001,58.5,59.0,18.5,0.0,0.0,0.0,40.0,1.0,1.0,1.0,0.0,0.0,0.0,0.0,0.0,0.0,100.0,100.0,100.0,1000.0,1000.0,1000.0,37.57018202216458,0,0,37.57018202216458,0.0,0.0,0,0
765201,58.5,59.0,18.5,0.0,0.0,0.0,40.0,1.0,1.0,1.0,0.0,0.0,0.0,0.0,0.0,0.0,100.0,100.0,100.0,1000.0,1000.0,1000.0,49.37060581857069,0,0,49.37060581857069,0.0,0.0,1,0
765401,58.5,59.0,18.5,0.0,0.0,0.0,40.0,1.0,1.0,1.0,0.0,0.0,0.0,0.0,0.0,0.0,100.0,100.0,100.0,1000.0,1000.0,1000.0,49.37060581857069,0,0,49.37060581857069,0.0,0.0,0,0
765601,58.5,59.0,18.5,0.0,0.0,0.0,40.0,1.0,1.0,1.0,0.0,0.0,0.0,0.0,0.0,0.0,100.0,100.0,100.0,1000.0,1000.0,1000.0,49.37060581857069,0,0,49.37060581857069,0.0,0.0,0,0
765801,58.5,59.0,18.5,0.0,0.0,0.0,40.0,1.0,1.0,1.0,0.0,0.0,0.0,0.0,0.0,0.0,100.0,100.0,100.0,1000.0,1000.0,1000.0,49.37060581857069,0,0,49.37060581857069,0.0,0.0,0,0
766001,58.5,59.0,18.5,0.0,0.0,0.0,40.0,1.0,1.0,1.0,0.0,0.0,0.0,0.0,0.0,0.0,100.0,100.0,100.0,1000.0,1000.0,1000.0,49.37060581857069,0,0,49.37060581857069,0.0,0.0,0,0
766201,58.5,59.0,18.5,0.0,0.0,0.0,40.0,1.0,1.0,1.0,0.0,0.0,0.0,0.0,0.0,0.0,100.0,100.0,100.0,1000.0,1000.0,1000.0,49.37060581857069,0,0,49.37060581857069,0.0,0.0,0,0
766401,58.5,59.0,18.5,0.0,0.0,0.0,40.0,1.0,1.0,1.0,0.0,0.0,0.0,0.0,0.0,0.0,100.0,100.0,100.0,1000.0,1000.0,1000.0,49.37060581857069,0,0,49.37060581857069,0.0,0.0,0,0
766601,58.5,59.0,18.5,0.0,0.0,0.0,40.0,1.0,1.0,1.0,0.0,0.0,0.0,0.0,0.0,0.0,100.0,100.0,100.0,1000.0,1000.0,1000.0,49.37060581857069,0,0,49.37060581857069,0.0,0.0,0,0
766801,58.5,59.0,18.5,0.0,0.0,0.0,40.0,1.0,1.0,1.0,0.0,0.0,0.0,0.0,0.0,0.0,100.0,100.0,100.0,1000.0,1000.0,1000.0,49.37060581857069,0,0,49.37060581857069,0.0,0.0,0,0
767001,58.5,59.0,18.5,0.0,0.0,0.0,40.0,1.0,1.0,1.0,0.0,0.0,0.0,0.0,0.0,0.0,100.0,100.0,100.0,1000.0,1000.0,1000.0,49.37060581857069,0,0,49.37060581857069,0.0,0.0,0,0
767201,58.5,59.0,18.5,0.0,0.0,0.0,40.0,1.0,1.0,1.0,0.0,0.0,0.0,0.0,0.0,0.0,100.0,100.0,100.0,1000.0,1000.0,1000.0,49.37060581857069,0,0,49.37060581857069,0.0,0.0,0,0
767401,58.5,59.0,18.5,0.0,0.0,0.0,40.0,1.0,1.0,1.0,0.0,0.0,0.0,0.0,0.0,0.0,100.0,100.0,100.0,1000.0,1000.0,1000.0,49.37060581857069,0,0,49.37060581857069,0.0,0.0,0,0
767601,58.5,59.0,18.5,0.0,0.0,0.0,40.0,1.0,1.0,1.0,0.0,0.0,0.0,0.0,0.0,0.0,100.0,100.0,100.0,1000.0,1000.0,1000.0,49.37060581857069,0,0,49.37060581857069,0.0,0.0,0,0
767801,58.5,59.0,18.5,0.0,0.0,0.0,40.0,1.0,1.0,1.0,0.0,0.0,0.0,0.0,0.0,0.0,100.0,100.0,100.0,1000.0,1000.0,1000.0,49.37060581857069,0,0,49.37060581857069,0.0,0.0,0,0
768001,58.5,59.0,18.5,0.0,0.0,0.0,40.0,1.0,1.0,1.0,0.0,0.0,0.0,0.0,0.0,0.0,100.0,100.0,100.0,1000.0,1000.0,1000.0,49.37060581857069,0,0,49.37060581857069,0.0,0.0,0,0
768201,58.5,59.0,18.5,0.0,0.0,0.0,40.0,1.0,1.0,1.0,0.0,0.0,0.0,0.0,0.0,0.0,100.0,100.0,100.0,1000.0,1000.0,1000.0,49.37060581857069,0,0,49.37060581857069,0.0,0.0,0,0
768401,58.5,59.0,18.5,0.0,0.0,0.0,40.0,1.0,1.0,1.0,0.0,0.0,0.0,0.0,0.0,0.0,100.0,100.0,100.0,1000.0,1000.0,1000.0,49.37060581857069,0,0,49.37060581857069,0.0,0.0,0,0
768601,58.5,59.0,18.5,0.0,0.0,0.0,40.0,1.0,1.0,1.0,0.0,0.0,0.0,0.0,0.0,0.0,100.0,100.0,100.0,1000.0,1000.0,1000.0,49.37060581857069,0,0,49.37060581857069,0.0,0.0,0,0
768801,58.5,59.0,18.5,0.0,0.0,0.0,40.0,1.0,1.0,1.0,0.0,0.0,0.0,0.0,0.0,0.0,100.0,100.0,100.0,1000.0,1000.0,1000.0,49.37060581857069,0,0,49.37060581857069,0.0,0.0,0,0
769001,58.5,59.0,18.5,0.0,0.0,0.0,40.0,1.0,1.0,1.0,0.0,0.0,0.0,0.0,0.0,0.0,100.0,100.0,100.0,1000.0,1000.0,1000.0,49.37060581857069,0,0,49.37060581857069,0.0,0.0,0,0
769201,58.5,59.0,18.5,0.0,0.0,0.0,40.0,1.0,1.0,1.0,0.0,0.0,0.0,0.0,0.0,0.0,100.0,100.0,100.0,1000.0,1000.0,1000.0,49.37060581857069,0,0,49.37060581857069,0.0,0.0,0,0
769401,58.5,59.0,18.5,0.0,0.0,0.0,40.0,1.0,1.0,1.0,0.0,0.0,0.0,0.0,0.0,0.0,100.0,100.0,100.0,1000.0,1000.0,1000.0,49.37060581857069,0,0,49.37060581857069,0.0,0.0,0,0
769601,58.5,59.0,18.5,0.0,0.0,0.0,40.0,1.0,1.0,1.0,0.0,0.0,0.0,0.0,0.0,0.0,100.0,100.0,100.0,1000.0,1000.0,1000.0,49.37060581857069,0,0,49.37060581857069,0.0,0.0,0,0
769801,58.5,59.0,18.5,0.0,0.0,0.0,40.0,1.0,1.0,1.0,0.0,0.0,0.0,0.0,0.0,0.0,100.0,100.0,100.0,1000.0,1000.0,1000.0,49.37060581857069,0,0,49.37060581857069,0.0,0.0,0,0
770001,58.5,59.0,18.5,0.0,0.0,0.0,40.0,1.0,1.0,1.0,0.0,0.0,0.0,0.0,0.0,0.0,100.0,100.0,100.0,1000.0,1000.0,1000.0,49.37060581857069,0,0,49.37060581857069,0.0,0.0,0,0
770201,58.5,59.0,18.5,0.0,0.0,0.0,40.0,1.0,1.0,1.0,0.0,0.0,0.0,0.0,0.0,0.0,100.0,100.0,100.0,1000.0,1000.0,1000.0,49.37060581857069,0,0,49.37060581857069,0.0,0.0,0,0
770401,58.5,59.0,18.5,0.0,0.0,0.0,40.0,1.0,1.0,1.0,0.0,0.0,0.0,0.0,0.0,0.0,100.0,100.0,100.0,1000.0,1000.0,1000.0,49.37060581857069,0,0,49.37060581857069,0.0,0.0,0,0
770601,58.5,59.0,18.5,0.0,0.0,0.0,40.0,1.0,1.0,1.0,0.0,0.0,0.0,0.0,0.0,0.0,100.0,100.0,100.0,1000.0,1000.0,1000.0,49.37060581857069,0,0,49.37060581857069,0.0,0.0,0,0
770801,58.5,59.0,18.5,0.0,0.0,0.0,40.0,1.0,1.0,1.0,0.0,0.0,0.0,0.0,0.0,0.0,100.0,100.0,100.0,1000.0,1000.0,1000.0,49.37060581857069,0,0,49.37060581857069,0.0,0.0,0,0
771001,58.5,59.0,18.5,0.0,0.0,0.0,40.0,1.0,1.0,1.0,0.0,0.0,0.0,0.0,0.0,0.0,100.0,100.0,100.0,1000.0,1000.0,1000.0,49.37060581857069,0,0,49.37060581857069,0.0,0.0,0,0
771201,58.5,59.0,18.5,0.0,0.0,0.0,40.0,1.0,1.0,1.0,0.0,0.0,0.0,0.0,0.0,0.0,100.0,100.0,100.0,1000.0,1000.0,1000.0,49.37060581857069,0,0,49.37060581857069,0.0,0.0,0,0
771401,58.5,59.0,18.5,0.0,0.0,0.0,40.0,1.0,1.0,1.0,0.0,0.0,0.0,0.0,0.0,0.0,100.0,100.0,100.0,1000.0,1000.0,1000.0,49.37060581857069,0,0,49.37060581857069,0.0,0.0,0,0
771601,58.5,59.0,18.5,0.0,0.0,0.0,40.0,1.0,1.0,1.0,0.0,0.0,0.0,0.0,0.0,0.0,100.0,100.0,100.0,1000.0,1000.0,1000.0,49.37060581857069,0,0,49.37060581857069,0.0,0.0,0,0
771801,58.5,59.0,18.5,0.0,0.0,0.0,40.0,1.0,1.0,1.0,0.0,0.0,0.0,0.0,0.0,0.0,100.0,100.0,100.0,1000.0,1000.0,1000.0,49.37060581857069,0,0,49.37060581857069,0.0,0.0,0,0
772001,58.5,59.0,18.5,0.0,0.0,0.0,40.0,1.0,1.0,1.0,0.0,0.0,0.0,0.0,0.0,0.0,100.0,100.0,100.0,1000.0,1000.0,1000.0,49.37060581857069,0,0,49.37060581857069,0.0,0.0,0,0
772201,58.5,59.0,18.5,0.0,0.0,0.0,40.0,1.0,1.0,1.0,0.0,0.0,0.0,0.0,0.0,0.0,100.0,100.0,100.0,1000.0,1000.0,1000.0,49.37060581857069,0,0,49.37060581857069,0.0,0.0,0,0
772401,58.5,59.0,18.5,0.0,0.0,0.0,40.0,1.0,1.0,1.0,0.0,0.0,0.0,0.0,0.0,0.0,100.0,100.0,100.0,1000.0,1000.0,1000.0,49.37060581857069,0,0,49.37060581857069,0.0,0.0,0,0
772601,58.5,59.0,18.5,0.0,0.0,0.0,40.0,1.0,1.0,1.0,0.0,0.0,0.0,0.0,0.0,0.0,100.0,100.0,100.0,1000.0,1000.0,1000.0,49.37060581857069,0,0,49.37060581857069,0.0,0.0,0,0
772801,58.5,59.0,18.5,0.0,0.0,0.0,40.0,1.0,1.0,1.0,0.0,0.0,0.0,0.0,0.0,0.0,100.0,100.0,100.0,1000.0,1000.0,1000.0,49.37060581857069,0,0,49.37060581857069,0.0,0.0,0,0
773001,58.5,59.0,18.5,0.0,0.0,0.0,40.0,1.0,1.0,1.0,0.0,0.0,0.0,0.0,0.0,0.0,100.0,100.0,100.0,1000.0,1000.0,1000.0,49.37060581857069,0,0,49.37060581857069,0.0,0.0,0,0
773201,58.5,59.0,18.5,0.0,0.0,0.0,40.0,1.0,1.0,1.0,0.0,0.0,0.0,0.0,0.0,0.0,100.0,100.0,100.0,1000.0,1000.0,1000.0,49.37060581857069,0,0,49.37060581857069,0.0,0.0,0,0
773401,58.5,59.0,18.5,0.0,0.0,0.0,40.0,1.0,1.0,1.0,0.0,0.0,0.0,0.0,0.0,0.0,100.0,100.0,100.0,1000.0,1000.0,1000.0,49.37060581857069,0,0,49.37060581857069,0.0,0.0,0,0
773601,58.5,59.0,18.5,0.0,0.0,0.0,40.0,1.0,1.0,1.0,0.0,0.0,0.0,0.0,0.0,0.0,100.0,100.0,100.0,1000.0,1000.0,1000.0,49.37060581857069,0,0,49.37060581857069,0.0,0.0,0,0
773801,58.5,59.0,18.5,0.0,0.0,0.0,40.0,1.0,1.0,1.0,0.0,0.0,0.0,0.0,0.0,0.0,100.0,100.0,100.0,1000.0,1000.0,1000.0,49.37060581857069,0,0,49.37060581857069,0.0,0.0,0,0
774001,58.5,59.0,18.5,0.0,0.0,0.0,40.0,1.0,1.0,1.0,0.0,0.0,0.0,0.0,0.0,0.0,100.0,100.0,100.0,1000.0,1000.0,1000.0,49.37060581857069,0,0,49.37060581857069,0.0,0.0,0,0
774201,58.5,59.0,18.5,0.0,0.0,0.0,40.0,1.0,1.0,1.0,0.0,0.0,0.0,0.0,0.0,0.0,100.0,100.0,100.0,1000.0,1000.0,1000.0,49.37060581857069,0,0,49.37060581857069,0.0,0.0,0,0
774401,58.5,59.0,18.5,0.0,0.0,0.0,40.0,1.0,1.0,1.0,0.0,0.0,0.0,0.0,0.0,0.0,100.0,100.0,100.0,1000.0,1000.0,1000.0,49.37060581857069,0,0,49.37060581857069,0.0,0.0,0,0
774601,58.5,59.0,18.5,0.0,0.0,0.0,40.0,1.0,1.0,1.0,0.0,0.0,0.0,0.0,0.0,0.0,100.0,100.0,100.0,1000.0,1000.0,1000.0,49.37060581857069,0,0,49.37060581857069,0.0,0.0,0,0
774801,58.5,59.0,18.5,0.0,0.0,0.0,40.0,1.0,1.0,1.0,0.0,0.0,0.0,0.0,0.0,0.0,100.0,100.0,100.0,1000.0,1000.0,1000.0,49.37060581857069,0,0,49.37060581857069,0.0,0.0,0,0
775001,58.5,59.0,18.5,0.0,0.0,0.0,40.0,1.0,1.0,1.0,0.0,0.0,0.0,0.0,0.0,0.0,100.0,100.0,100.0,1000.0,1000.0,1000.0,49.37060581857069,0,0,49.37060581857069,0.0,0.0,0,0
775201,58.5,59.0,18.5,0.0,0.0,0.0,40.0,1.0,1.0,1.0,0.0,0.0,0.0,0.0,0.0,0.0,100.0,100.0,100.0,1000.0,1000.0,1000.0,49.37060581857069,0,0,49.37060581857069,0.0,0.0,0,0
775401,58.5,59.0,18.5,0.0,0.0,0.0,40.0,1.0,1.0,1.0,0.0,0.0,0.0,0.0,0.0,0.0,100.0,100.0,100.0,1000.0,1000.0,1000.0,49.37060581857069,0,0,49.37060581857069,0.0,0.0,0,0
775601,58.5,59.0,18.5,0.0,0.0,0.0,40.0,1.0,1.0,1.0,0.0,0.0,0.0,0.0,0.0,0.0,100.0,100.0,100.0,1000.0,1000.0,1000.0,49.37060581857069,0,0,49.37060581857069,0.0,0.0,0,0
775801,58.5,59.0,18.5,0.0,0.0,0.0,40.0,1.0,1.0,1.0,0.0,0.0,0.0,0.0,0.0,0.0,100.0,100.0,100.0,1000.0,1000.0,1000.0,49.37060581857069,0,0,49.37060581857069,0.0,0.0,0,0
776001,58.5,59.0,18.5,0.0,0.0,0.0,40.0,1.0,1.0,1.0,0.0,0.0,0.0,0.0,0.0,0.0,100.0,100.0,100.0,1000.0,1000.0,1000.0,49.37060581857069,0,0,49.37060581857069,0.0,0.0,0,0
776201,58.5,59.0,18.5,0.0,0.0,0.0,40.0,1.0,1.0,1.0,0.0,0.0,0.0,0.0,0.0,0.0,100.0,100.0,100.0,1000.0,1000.0,1000.0,49.37060581857069,0,0,49.37060581857069,0.0,0.0,0,0
776401,58.5,59.0,18.5,0.0,0.0,0.0,40.0,1.0,1.0,1.0,0.0,0.0,0.0,0.0,0.0,0.0,100.0,100.0,100.0,1000.0,1000.0,1000.0,49.37060581857069,0,0,49.37060581857069,0.0,0.0,0,0
776601,58.5,59.0,18.5,0.0,0.0,0.0,40.0,1.0,1.0,1.0,0.0,0.0,0.0,0.0,0.0,0.0,100.0,100.0,100.0,1000.0,1000.0,1000.0,49.37060581857069,0,0,49.37060581857069,0.0,0.0,0,0
776801,58.5,59.0,18.5,0.0,0.0,0.0,40.0,1.0,1.0,1.0,0.0,0.0,0.0,0.0,0.0,0.0,100.0,100.0,100.0,1000.0,1000.0,1000.0,49.37060581857069,0,0,49.37060581857069,0.0,0.0,0,0
777001,58.5,59.0,18.5,0.0,0.0,0.0,40.0,1.0,1.0,1.0,0.0,0.0,0.0,0.0,0.0,0.0,100.0,100.0,100.0,1000.0,1000.0,1000.0,49.37060581857069,0,0,49.37060581857069,0.0,0.0,0,0
777201,58.5,59.0,18.5,0.0,0.0,0.0,40.0,1.0,1.0,1.0,0.0,0.0,0.0,0.0,0.0,0.0,100.0,100.0,100.0,1000.0,1000.0,1000.0,49.37060581857069,0,0,49.37060581857069,0.0,0.0,0,0
777401,58.5,59.0,18.5,0.0,0.0,0.0,40.0,1.0,1.0,1.0,0.0,0.0,0.0,0.0,0.0,0.0,100.0,100.0,100.0,1000.0,1000.0,1000.0,49.37060581857069,0,0,49.37060581857069,0.0,0.0,0,0
777601,58.5,59.0,18.5,0.0,0.0,0.0,40.0,1.0,1.0,1.0,0.0,0.0,0.0,0.0,0.0,0.0,100.0,100.0,100.0,1000.0,1000.0,1000.0,49.37060581857069,0,0,49.37060581857069,0.0,0.0,0,1
777801,58.5,59.0,18.5,0.0,0.0,0.0,40.0,1.0,1.0,1.0,0.0,0.0,0.0,0.0,0.0,0.0,100.0,100.0,100.0,1000.0,1000.0,1000.0,49.37060581857069,0,0,49.37060581857069,0.0,0.0,0,0
778001,58.5,59.0,18.5,0.0,0.0,0.0,40.0,1.0,1.0,1.0,0.0,0.0,0.0,0.0,0.0,0.0,100.0,100.0,100.0,1000.0,1000.0,1000.0,49.37060581857069,0,0,49.37060581857069,0.0,0.0,0,0
778201,58.5,59.0,18.5,0.0,0.0,0.0,40.0,1.0,1.0,1.0,0.0,0.0,0.0,0.0,0.0,0.0,100.0,100.0,100.0,1000.0,1000.0,1000.0,49.37060581857069,0,0,49.37060581857069,0.0,0.0,0,0
778401,58.5,59.0,18.5,0.0,0.0,0.0,40.0,1.0,1.0,1.0,0.0,0.0,0.0,0.0,0.0,0.0,100.0,100.0,100.0,1000.0,1000.0,1000.0,49.37060581857069,0,0,49.37060581857069,0.0,0.0,0,0
778601,58.5,59.0,18.5,0.0,0.0,0.0,40.0,1.0,1.0,1.0,0.0,0.0,0.0,0.0,0.0,0.0,100.0,100.0,100.0,1000.0,1000.0,1000.0,49.37060581857069,0,0,49.37060581857069,0.0,0.0,0,0
778801,58.5,59.0,18.5,0.0,0.0,0.0,40.0,1.0,1.0,1.0,0.0,0.0,0.0,0.0,0.0,0.0,100.0,100.0,100.0,1000.0,1000.0,1000.0,49.37060581857069,0,0,49.37060581857069,0.0,0.0,0,0
779001,58.5,59.0,18.5,0.0,0.0,0.0,40.0,1.0,1.0,1.0,0.0,0.0,0.0,0.0,0.0,0.0,100.0,100.0,100.0,1000.0,1000.0,1000.0,49.37060581857069,0,0,49.37060581857069,0.0,0.0,0,0
779201,58.5,59.0,18.5,0.0,0.0,0.0,40.0,1.0,1.0,1.0,0.0,0.0,0.0,0.0,0.0,0.0,100.0,100.0,100.0,1000.0,1000.0,1000.0,49.37060581857069,0,0,49.37060581857069,0.0,0.0,0,0
779401,58.5,59.0,18.5,0.0,0.0,0.0,40.0,1.0,1.0,1.0,0.0,0.0,0.0,0.0,0.0,0.0,100.0,100.0,100.0,1000.0,1000.0,1000.0,49.37060581857069,0,0,49.37060581857069,0.0,0.0,0,0
779601,58.5,59.0,18.5,0.0,0.0,0.0,40.0,1.0,1.0,1.0,0.0,0.0,0.0,0.0,0.0,0.0,100.0,100.0,100.0,1000.0,1000.0,1000.0,49.37060581857069,0,0,49.37060581857069,0.0,0.0,0,0
779801,58.5,59.0,18.5,0.0,0.0,0.0,40.0,1.0,1.0,1.0,0.0,0.0,0.0,0.0,0.0,0.0,100.0,100.0,100.0,1000.0,1000.0,1000.0,49.37060581857069,0,0,49.37060581857069,0.0,0.0,0,0
780001,58.5,59.0,18.5,0.0,0.0,0.0,40.0,1.0,1.0,1.0,0.0,0.0,0.0,0.0,0.0,0.0,100.0,100.0,100.0,1000.0,1000.0,1000.0,49.37060581857069,0,0,49.37060581857069,0.0,0.0,0,0
780201,58.5,59.0,18.5,0.0,0.0,0.0,40.0,1.0,1.0,1.0,0.0,0.0,0.0,0.0,0.0,0.0,100.0,100.0,100.0,1000.0,1000.0,1000.0,37.601607917760866,0,0,37.601607917760866,0.0,0.0,1,0
780401,58.5,59.0,18.5,0.0,0.0,0.0,40.0,1.0,1.0,1.0,0.0,0.0,0.0,0.0,0.0,0.0,100.0,100.0,100.0,1000.0,1000.0,1000.0,37.601607917760866,0,0,37.601607917760866,0.0,0.0,0,0
780601,58.5,59.0,18.5,0.0,0.0,0.0,40.0,1.0,1.0,1.0,0.0,0.0,0.0,0.0,0.0,0.0,100.0,100.0,100.0,1000.0,1000.0,1000.0,37.601607917760866,0,0,37.601607917760866,0.0,0.0,0,0
780801,58.5,59.0,18.5,0.0,0.0,0.0,40.0,1.0,1.0,1.0,0.0,0.0,0.0,0.0,0.0,0.0,100.0,100.0,100.0,1000.0,1000.0,1000.0,37.601607917760866,0,0,37.601607917760866,0.0,0.0,0,0
781001,58.5,59.0,18.5,0.0,0.0,0.0,40.0,1.0,1.0,1.0,0.0,0.0,0.0,0.0,0.0,0.0,100.0,100.0,100.0,1000.0,1000.0,1000.0,37.601607917760866,0,0,37.601607917760866,0.0,0.0,0,0
781201,58.5,59.0,18.5,0.0,0.0,0.0,40.0,1.0,1.0,1.0,0.0,0.0,0.0,0.0,0.0,0.0,100.0,100.0,100.0,1000.0,1000.0,1000.0,37.601607917760866,0,0,37.601607917760866,0.0,0.0,0,0
781401,58.5,59.0,18.5,0.0,0.0,0.0,40.0,1.0,1.0,1.0,0.0,0.0,0.0,0.0,0.0,0.0,100.0,100.0,100.0,1000.0,1000.0,1000.0,37.601607917760866,0,0,37.601607917760866,0.0,0.0,0,0
781601,58.5,59.0,18.5,0.0,0.0,0.0,40.0,1.0,1.0,1.0,0.0,0.0,0.0,0.0,0.0,0.0,100.0,100.0,100.0,1000.0,1000.0,1000.0,37.601607917760866,0,0,37.601607917760866,0.0,0.0,0,0
781801,58.5,59.0,18.5,0.0,0.0,0.0,40.0,1.0,1.0,1.0,0.0,0.0,0.0,0.0,0.0,0.0,100.0,100.0,100.0,1000.0,1000.0,1000.0,37.601607917760866,0,0,37.601607917760866,0.0,0.0,0,0
782001,58.5,59.0,18.5,0.0,0.0,0.0,40.0,1.0,1.0,1.0,0.0,0.0,0.0,0.0,0.0,0.0,100.0,100.0,100.0,1000.0,1000.0,1000.0,37.601607917760866,0,0,37.601607917760866,0.0,0.0,0,0
782201,58.5,59.0,18.5,0.0,0.0,0.0,40.0,1.0,1.0,1.0,0.0,0.0,0.0,0.0,0.0,0.0,100.0,100.0,100.0,1000.0,1000.0,1000.0,37.601607917760866,0,0,37.601607917760866,0.0,0.0,0,0
782401,58.5,59.0,18.5,0.0,0.0,0.0,40.0,1.0,1.0,1.0,0.0,0.0,0.0,0.0,0.0,0.0,100.0,100.0,100.0,1000.0,1000.0,1000.0,37.601607917760866,0,0,37.601607917760866,0.0,0.0,0,0
782601,58.5,59.0,18.5,0.0,0.0,0.0,40.0,1.0,1.0,1.0,0.0,0.0,0.0,0.0,0.0,0.0,100.0,100.0,100.0,1000.0,1000.0,1000.0,37.601607917760866,0,0,37.601607917760866,0.0,0.0,0,0
782801,58.5,59.0,18.5,0.0,0.0,0.0,40.0,1.0,1.0,1.0,0.0,0.0,0.0,0.0,0.0,0.0,100.0,100.0,100.0,1000.0,1000.0,1000.0,37.601607917760866,0,0,37.601607917760866,0.0,0.0,0,0
783001,58.5,59.0,18.5,0.0,0.0,0.0,40.0,1.0,1.0,1.0,0.0,0.0,0.0,0.0,0.0,0.0,100.0,100.0,100.0,1000.0,1000.0,1000.0,37.601607917760866,0,0,37.601607917760866,0.0,0.0,0,0
783201,58.5,59.0,18.5,0.0,0.0,0.0,40.0,1.0,1.0,1.0,0.0,0.0,0.0,0.0,0.0,0.0,100.0,100.0,100.0,1000.0,1000.0,1000.0,37.601607917760866,0,0,37.601607917760866,0.0,0.0,0,0
783401,58.5,59.0,18.5,0.0,0.0,0.0,40.0,1.0,1.0,1.0,0.0,0.0,0.0,0.0,0.0,0.0,100.0,100.0,100.0,1000.0,1000.0,1000.0,37.601607917760866,0,0,37.601607917760866,0.0,0.0,0,0
783601,58.5,59.0,18.5,0.0,0.0,0.0,40.0,1.0,1.0,1.0,0.0,0.0,0.0,0.0,0.0,0.0,100.0,100.0,100.0,1000.0,1000.0,1000.0,37.601607917760866,0,0,37.601607917760866,0.0,0.0,0,0
783801,58.5,59.0,18.5,0.0,0.0,0.0,40.0,1.0,1.0,1.0,0.0,0.0,0.0,0.0,0.0,0.0,100.0,100.0,100.0,1000.0,1000.0,1000.0,37.601607917760866,0,0,37.601607917760866,0.0,0.0,0,0
784001,58.5,59.0,18.5,0.0,0.0,0.0,40.0,1.0,1.0,1.0,0.0,0.0,0.0,0.0,0.0,0.0,100.0,100.0,100.0,1000.0,1000.0,1000.0,37.601607917760866,0,0,37.601607917760866,0.0,0.0,0,0
784201,58.5,59.0,18.5,0.0,0.0,0.0,40.0,1.0,1.0,1.0,0.0,0.0,0.0,0.0,0.0,0.0,100.0,100.0,100.0,1000.0,1000.0,1000.0,37.601607917760866,0,0,37.601607917760866,0.0,0.0,0,0
784401,58.5,59.0,18.5,0.0,0.0,0.0,40.0,1.0,1.0,1.0,0.0,0.0,0.0,0.0,0.0,0.0,100.0,100.0,100.0,1000.0,1000.0,1000.0,37.601607917760866,0,0,37.601607917760866,0.0,0.0,0,0
784601,58.5,59.0,18.5,0.0,0.0,0.0,40.0,1.0,1.0,1.0,0.0,0.0,0.0,0.0,0.0,0.0,100.0,100.0,100.0,1000.0,1000.0,1000.0,37.601607917760866,0,0,37.601607917760866,0.0,0.0,0,0
784801,58.5,59.0,18.5,0.0,0.0,0.0,40.0,1.0,1.0,1.0,0.0,0.0,0.0,0.0,0.0,0.0,100.0,100.0,100.0,1000.0,1000.0,1000.0,37.601607917760866,0,0,37.601607917760866,0.0,0.0,0,0
785001,58.5,59.0,18.5,0.0,0.0,0.0,40.0,1.0,1.0,1.0,0.0,0.0,0.0,0.0,0.0,0.0,100.0,100.0,100.0,1000.0,1000.0,1000.0,37.601607917760866,0,0,37.601607917760866,0.0,0.0,0,0
785201,58.5,59.0,18.5,0.0,0.0,0.0,40.0,1.0,1.0,1.0,0.0,0.0,0.0,0.0,0.0,0.0,100.0,100.0,100.0,1000.0,1000.0,1000.0,37.601607917760866,0,0,37.601607917760866,0.0,0.0,0,0
785401,58.5,59.0,18.5,0.0,0.0,0.0,40.0,1.0,1.0,1.0,0.0,0.0,0.0,0.0,0.0,0.0,100.0,100.0,100.0,1000.0,1000.0,1000.0,37.601607917760866,0,0,37.601607917760866,0.0,0.0,0,0
785601,58.5,59.0,18.5,0.0,0.0,0.0,40.0,1.0,1.0,1.0,0.0,0.0,0.0,0.0,0.0,0.0,100.0,100.0,100.0,1000.0,1000.0,1000.0,37.601607917760866,0,0,37.601607917760866,0.0,0.0,0,0
785801,58.5,59.0,18.5,0.0,0.0,0.0,40.0,1.0,1.0,1.0,0.0,0.0,0.0,0.0,0.0,0.0,100.0,100.0,100.0,1000.0,1000.0,1000.0,37.601607917760866,0,0,37.601607917760866,0.0,0.0,0,0
786001,58.5,59.0,18.5,0.0,0.0,0.0,40.0,1.0,1.0,1.0,0.0,0.0,0.0,0.0,0.0,0.0,100.0,100.0,100.0,1000.0,1000.0,1000.0,37.601607917760866,0,0,37.601607917760866,0.0,0.0,0,0
786201,58.5,59.0,18.5,0.0,0.0,0.0,40.0,1.0,1.0,1.0,0.0,0.0,0.0,0.0,0.0,0.0,100.0,100.0,100.0,1000.0,1000.0,1000.0,37.601607917760866,0,0,37.601607917760866,0.0,0.0,0,0
786401,58.5,59.0,18.5,0.0,0.0,0.0,40.0,1.0,1.0,1.0,0.0,0.0,0.0,0.0,0.0,0.0,100.0,100.0,100.0,1000.0,1000.0,1000.0,37.601607917760866,0,0,37.601607917760866,0.0,0.0,0,0
786601,58.5,59.0,18.5,0.0,0.0,0.0,40.0,1.0,1.0,1.0,0.0,0.0,0.0,0.0,0.0,0.0,100.0,100.0,100.0,1000.0,1000.0,1000.0,37.601607917760866,0,0,37.601607917760866,0.0,0.0,0,0
786801,58.5,59.0,18.5,0.0,0.0,0.0,40.0,1.0,1.0,1.0,0.0,0.0,0.0,0.0,0.0,0.0,100.0,100.0,100.0,1000.0,1000.0,1000.0,37.601607917760866,0,0,37.601607917760866,0.0,0.0,0,0
787001,58.5,59.0,18.5,0.0,0.0,0.0,40.0,1.0,1.0,1.0,0.0,0.0,0.0,0.0,0.0,0.0,100.0,100.0,100.0,1000.0,1000.0,1000.0,37.601607917760866,0,0,37.601607917760866,0.0,0.0,0,0
787201,58.5,59.0,18.5,0.0,0.0,0.0,40.0,1.0,1.0,1.0,0.0,0.0,0.0,0.0,0.0,0.0,100.0,100.0,100.0,1000.0,1000.0,1000.0,37.601607917760866,0,0,37.601607917760866,0.0,0.0,0,0
787401,58.5,59.0,18.5,0.0,0.0,0.0,40.0,1.0,1.0,1.0,0.0,0.0,0.0,0.0,0.0,0.0,100.0,100.0,100.0,1000.0,1000.0,1000.0,37.601607917760866,0,0,37.601607917760866,0.0,0.0,0,0
787601,58.5,59.0,18.5,0.0,0.0,0.0,40.0,1.0,1.0,1.0,0.0,0.0,0.0,0.0,0.0,0.0,100.0,100.0,100.0,1000.0,1000.0,1000.0,37.601607917760866,0,0,37.601607917760866,0.0,0.0,0,0
787801,58.5,59.0,18.5,0.0,0.0,0.0,40.0,1.0,1.0,1.0,0.0,0.0,0.0,0.0,0.0,0.0,100.0,100.0,100.0,1000.0,1000.0,1000.0,37.601607917760866,0,0,37.601607917760866,0.0,0.0,0,0
788001,58.5,59.0,18.5,0.0,0.0,0.0,40.0,1.0,1.0,1.0,0.0,0.0,0.0,0.0,0.0,0.0,100.0,100.0,100.0,1000.0,1000.0,1000.0,37.601607917760866,0,0,37.601607917760866,0.0,0.0,0,0
788201,58.5,59.0,18.5,0.0,0.0,0.0,40.0,1.0,1.0,1.0,0.0,0.0,0.0,0.0,0.0,0.0,100.0,100.0,100.0,1000.0,1000.0,1000.0,37.601607917760866,0,0,37.601607917760866,0.0,0.0,0,0
788401,58.5,59.0,18.5,0.0,0.0,0.0,40.0,1.0,1.0,1.0,0.0,0.0,0.0,0.0,0.0,0.0,100.0,100.0,100.0,1000.0,1000.0,1000.0,37.601607917760866,0,0,37.601607917760866,0.0,0.0,0,0
788601,58.5,59.0,18.5,0.0,0.0,0.0,40.0,1.0,1.0,1.0,0.0,0.0,0.0,0.0,0.0,0.0,100.0,100.0,100.0,1000.0,1000.0,1000.0,37.601607917760866,0,0,37.601607917760866,0.0,0.0,0,0
788801,58.5,59.0,18.5,0.0,0.0,0.0,40.0,1.0,1.0,1.0,0.0,0.0,0.0,0.0,0.0,0.0,100.0,100.0,100.0,1000.0,1000.0,1000.0,37.601607917760866,0,0,37.601607917760866,0.0,0.0,0,0
789001,58.5,59.0,18.5,0.0,0.0,0.0,40.0,1.0,1.0,1.0,0.0,0.0,0.0,0.0,0.0,0.0,100.0,100.0,100.0,1000.0,1000.0,1000.0,37.601607917760866,0,0,37.601607917760866,0.0,0.0,0,0
789201,58.5,59.0,18.5,0.0,0.0,0.0,40.0,1.0,1.0,1.0,0.0,0.0,0.0,0.0,0.0,0.0,100.0,100.0,100.0,1000.0,1000.0,1000.0,37.601607917760866,0,0,37.601607917760866,0.0,0.0,0,0
789401,58.5,59.0,18.5,0.0,0.0,0.0,40.0,1.0,1.0,1.0,0.0,0.0,0.0,0.0,0.0,0.0,100.0,100.0,100.0,1000.0,1000.0,1000.0,37.601607917760866,0,0,37.601607917760866,0.0,0.0,0,0
789601,58.5,59.0,18.5,0.0,0.0,0.0,40.0,1.0,1.0,1.0,0.0,0.0,0.0,0.0,0.0,0.0,100.0,100.0,100.0,1000.0,1000.0,1000.0,37.601607917760866,0,0,37.601607917760866,0.0,0.0,0,0
789801,58.5,59.0,18.5,0.0,0.0,0.0,40.0,1.0,1.0,1.0,0.0,0.0,0.0,0.0,0.0,0.0,100.0,100.0,100.0,1000.0,1000.0,1000.0,37.601607917760866,0,0,37.601607917760866,0.0,0.0,0,0
790001,58.5,59.0,18.5,0.0,0.0,0.0,40.0,1.0,1.0,1.0,0.0,0.0,0.0,0.0,0.0,0.0,100.0,100.0,100.0,1000.0,1000.0,1000.0,37.601607917760866,0,0,37.601607917760866,0.0,0.0,0,0
790201,58.5,59.0,18.5,0.0,0.0,0.0,40.0,1.0,1.0,1.0,0.0,0.0,0.0,0.0,0.0,0.0,100.0,100.0,100.0,1000.0,1000.0,1000.0,37.601607917760866,0,0,37.601607917760866,0.0,0.0,0,0
790401,58.5,59.0,18.5,0.0,0.0,0.0,40.0,1.0,1.0,1.0,0.0,0.0,0.0,0.0,0.0,0.0,100.0,100.0,100.0,1000.0,1000.0,1000.0,37.601607917760866,0,0,37.601607917760866,0.0,0.0,0,0
790601,58.5,59.0,18.5,0.0,0.0,0.0,40.0,1.0,1.0,1.0,0.0,0.0,0.0,0.0,0.0,0.0,100.0,100.0,100.0,1000.0,1000.0,1000.0,37.601607917760866,0,0,37.601607917760866,0.0,0.0,0,0
790801,58.5,59.0,18.5,0.0,0.0,0.0,40.0,1.0,1.0,1.0,0.0,0.0,0.0,0.0,0.0,0.0,100.0,100.0,100.0,1000.0,1000.0,1000.0,37.601607917760866,0,0,37.601607917760866,0.0,0.0,0,0
791001,58.5,59.0,18.5,0.0,0.0,0.0,40.0,1.0,1.0,1.0,0.0,0.0,0.0,0.0,0.0,0.0,100.0,100.0,100.0,1000.0,1000.0,1000.0,37.601607917760866,0,0,37.601607917760866,0.0,0.0,0,0
791201,58.5,59.0,18.5,0.0,0.0,0.0,40.0,1.0,1.0,1.0,0.0,0.0,0.0,0.0,0.0,0.0,100.0,100.0,100.0,1000.0,1000.0,1000.0,37.601607917760866,0,0,37.601607917760866,0.0,0.0,0,0
791401,58.5,59.0,18.5,0.0,0.0,0.0,40.0,1.0,1.0,1.0,0.0,0.0,0.0,0.0,0.0,0.0,100.0,100.0,100.0,1000.0,1000.0,1000.0,37.601607917760866,0,0,37.601607917760866,0.0,0.0,0,0
791601,58.5,59.0,18.5,0.0,0.0,0.0,40.0,1.0,1.0,1.0,0.0,0.0,0.0,0.0,0.0,0.0,100.0,100.0,100.0,1000.0,1000.0,1000.0,37.601607917760866,0,0,37.601607917760866,0.0,0.0,0,0
791801,58.5,59.0,18.5,0.0,0.0,0.0,40.0,1.0,1.0,1.0,0.0,0.0,0.0,0.0,0.0,0.0,100.0,100.0,100.0,1000.0,1000.0,1000.0,37.601607917760866,0,0,37.601607917760866,0.0,0.0,0,0
792001,58.5,59.0,18.5,0.0,0.0,0.0,40.0,1.0,1.0,1.0,0.0,0.0,0.0,0.0,0.0,0.0,100.0,100.0,100.0,1000.0,1000.0,1000.0,37.601607917760866,0,0,37.601607917760866,0.0,0.0,0,0
792201,58.5,59.0,18.5,0.0,0.0,0.0,40.0,1.0,1.0,1.0,0.0,0.0,0.0,0.0,0.0,0.0,100.0,100.0,100.0,1000.0,1000.0,1000.0,37.601607917760866,0,0,37.601607917760866,0.0,0.0,0,0
792401,58.5,59.0,18.5,0.0,0.0,0.0,40.0,1.0,1.0,1.0,0.0,0.0,0.0,0.0,0.0,0.0,100.0,100.0,100.0,1000.0,1000.0,1000.0,37.601607917760866,0,0,37.601607917760866,0.0,0.0,0,0
792601,58.5,59.0,18.5,0.0,0.0,0.0,40.0,1.0,1.0,1.0,0.0,0.0,0.0,0.0,0.0,0.0,100.0,100.0,100.0,1000.0,1000.0,1000.0,37.601607917760866,0,0,37.601607917760866,0.0,0.0,0,0
792801,58.5,59.0,18.5,0.0,0.0,0.0,40.0,1.0,1.0,1.0,0.0,0.0,0.0,0.0,0.0,0.0,100.0,100.0,100.0,1000.0,1000.0,1000.0,37.601607917760866,0,0,37.601607917760866,0.0,0.0,0,0
793001,58.5,59.0,18.5,0.0,0.0,0.0,40.0,1.0,1.0,1.0,0.0,0.0,0.0,0.0,0.0,0.0,100.0,100.0,100.0,1000.0,1000.0,1000.0,37.601607917760866,0,0,37.601607917760866,0.0,0.0,0,0
793201,58.5,59.0,18.5,0.0,0.0,0.0,40.0,1.0,1.0,1.0,0.0,0.0,0.0,0.0,0.0,0.0,100.0,100.0,100.0,1000.0,1000.0,1000.0,37.601607917760866,0,0,37.601607917760866,0.0,0.0,0,0
793401,58.5,59.0,18.5,0.0,0.0,0.0,40.0,1.0,1.0,1.0,0.0,0.0,0.0,0.0,0.0,0.0,100.0,100.0,100.0,1000.0,1000.0,1000.0,37.601607917760866,0,0,37.601607917760866,0.0,0.0,0,0
793601,58.5,59.0,18.5,0.0,0.0,0.0,40.0,1.0,1.0,1.0,0.0,0.0,0.0,0.0,0.0,0.0,100.0,100.0,100.0,1000.0,1000.0,1000.0,37.601607917760866,0,0,37.601607917760866,0.0,0.0,0,0
793801,58.5,59.0,18.5,0.0,0.0,0.0,40.0,1.0,1.0,1.0,0.0,0.0,0.0,0.0,0.0,0.0,100.0,100.0,100.0,1000.0,1000.0,1000.0,37.601607917760866,0,0,37.601607917760866,0.0,0.0,0,0
794001,58.5,59.0,18.5,0.0,0.0,0.0,40.0,1.0,1.0,1.0,0.0,0.0,0.0,0.0,0.0,0.0,100.0,100.0,100.0,1000.0,1000.0,1000.0,37.601607917760866,0,0,37.601607917760866,0.0,0.0,0,0
794201,58.5,59.0,18.5,0.0,0.0,0.0,40.0,1.0,1.0,1.0,0.0,0.0,0.0,0.0,0.0,0.0,100.0,100.0,100.0,1000.0,1000.0,1000.0,37.601607917760866,0,0,37.601607917760866,0.0,0.0,0,0
794401,58.5,59.0,18.5,0.0,0.0,0.0,40.0,1.0,1.0,1.0,0.0,0.0,0.0,0.0,0.0,0.0,100.0,100.0,100.0,1000.0,1000.0,1000.0,37.601607917760866,0,0,37.601607917760866,0.0,0.0,0,0
794601,58.5,59.0,18.5,0.0,0.0,0.0,40.0,1.0,1.0,1.0,0.0,0.0,0.0,0.0,0.0,0.0,100.0,100.0,100.0,1000.0,1000.0,1000.0,37.601607917760866,0,0,37.601607917760866,0.0,0.0,0,0
794801,58.5,59.0,18.5,0.0,0.0,0.0,40.0,1.0,1.0,1.0,0.0,0.0,0.0,0.0,0.0,0.0,100.0,100.0,100.0,1000.0,1000.0,1000.0,37.601607917760866,0,0,37.601607917760866,0.0,0.0,0,0
795001,58.5,59.0,18.5,0.0,0.0,0.0,40.0,1.0,1.0,1.0,0.0,0.0,0.0,0.0,0.0,0.0,100.0,100.0,100.0,1000.0,1000.0,1000.0,37.601607917760866,0,0,37.601607917760866,0.0,0.0,0,0
795201,58.5,59.0,18.5,0.0,0.0,0.0,40.0,1.0,1.0,1.0,0.0,0.0,0.0,0.0,0.0,0.0,100.0,100.0,100.0,1000.0,1000.0,1000.0,49.33926361377492,0,0,49.33926361377492,0.0,0.0,1,0
795401,58.5,59.0,18.5,0.0,0.0,0.0,40.0,1.0,1.0,1.0,0.0,0.0,0.0,0.0,0.0,0.0,100.0,100.0,100.0,1000.0,1000.0,1000.0,49.33926361377492,0,0,49.33926361377492,0.0,0.0,0,0
795601,58.5,59.0,18.5,0.0,0.0,0.0,40.0,1.0,1.0,1.0,0.0,0.0,0.0,0.0,0.0,0.0,100.0,100.0,100.0,1000.0,1000.0,1000.0,49.33926361377492,0,0,49.33926361377492,0.0,0.0,0,0
795801,58.5,59.0,18.5,0.0,0.0,0.0,40.0,1.0,1.0,1.0,0.0,0.0,0.0,0.0,0.0,0.0,100.0,100.0,100.0,1000.0,1000.0,1000.0,49.33926361377492,0,0,49.33926361377492,0.0,0.0,0,0
796001,58.5,59.0,18.5,0.0,0.0,0.0,40.0,1.0,1.0,1.0,0.0,0.0,0.0,0.0,0.0,0.0,100.0,100.0,100.0,1000.0,1000.0,1000.0,49.33926361377492,0,0,49.33926361377492,0.0,0.0,0,0
796201,58.5,59.0,18.5,0.0,0.0,0.0,40.0,1.0,1.0,1.0,0.0,0.0,0.0,0.0,0.0,0.0,100.0,100.0,100.0,1000.0,1000.0,1000.0,49.33926361377492,0,0,49.33926361377492,0.0,0.0,0,0
796401,58.5,59.0,18.5,0.0,0.0,0.0,40.0,1.0,1.0,1.0,0.0,0.0,0.0,0.0,0.0,0.0,100.0,100.0,100.0,1000.0,1000.0,1000.0,49.33926361377492,0,0,49.33926361377492,0.0,0.0,0,0
796601,58.5,59.0,18.5,0.0,0.0,0.0,40.0,1.0,1.0,1.0,0.0,0.0,0.0,0.0,0.0,0.0,100.0,100.0,100.0,1000.0,1000.0,1000.0,49.33926361377492,0,0,49.33926361377492,0.0,0.0,0,0
796801,58.5,59.0,18.5,0.0,0.0,0.0,40.0,1.0,1.0,1.0,0.0,0.0,0.0,0.0,0.0,0.0,100.0,100.0,100.0,1000.0,1000.0,1000.0,49.33926361377492,0,0,49.33926361377492,0.0,0.0,0,0
797001,58.5,59.0,18.5,0.0,0.0,0.0,40.0,1.0,1.0,1.0,0.0,0.0,0.0,0.0,0.0,0.0,100.0,100.0,100.0,1000.0,1000.0,1000.0,49.33926361377492,0,0,49.33926361377492,0.0,0.0,0,0
797201,58.5,59.0,18.5,0.0,0.0,0.0,40.0,1.0,1.0,1.0,0.0,0.0,0.0,0.0,0.0,0.0,100.0,100.0,100.0,1000.0,1000.0,1000.0,49.33926361377492,0,0,49.33926361377492,0.0,0.0,0,0
797401,58.5,59.0,18.5,0.0,0.0,0.0,40.0,1.0,1.0,1.0,0.0,0.0,0.0,0.0,0.0,0.0,100.0,100.0,100.0,1000.0,1000.0,1000.0,49.33926361377492,0,0,49.33926361377492,0.0,0.0,0,0
797601,58.5,59.0,18.5,0.0,0.0,0.0,40.0,1.0,1.0,1.0,0.0,0.0,0.0,0.0,0.0,0.0,100.0,100.0,100.0,1000.0,1000.0,1000.0,49.33926361377492,0,0,49.33926361377492,0.0,0.0,0,0
797801,58.5,59.0,18.5,0.0,0.0,0.0,40.0,1.0,1.0,1.0,0.0,0.0,0.0,0.0,0.0,0.0,100.0,100.0,100.0,1000.0,1000.0,1000.0,49.33926361377492,0,0,49.33926361377492,0.0,0.0,0,0
798001,58.5,59.0,18.5,0.0,0.0,0.0,40.0,1.0,1.0,1.0,0.0,0.0,0.0,0.0,0.0,0.0,100.0,100.0,100.0,1000.0,1000.0,1000.0,49.33926361377492,0,0,49.33926361377492,0.0,0.0,0,0
798201,58.5,59.0,18.5,0.0,0.0,0.0,40.0,1.0,1.0,1.0,0.0,0.0,0.0,0.0,0.0,0.0,100.0,100.0,100.0,1000.0,1000.0,1000.0,49.33926361377492,0,0,49.33926361377492,0.0,0.0,0,0
798401,58.5,59.0,18.5,0.0,0.0,0.0,40.0,1.0,1.0,1.0,0.0,0.0,0.0,0.0,0.0,0.0,100.0,100.0,100.0,1000.0,1000.0,1000.0,49.33926361377492,0,0,49.33926361377492,0.0,0.0,0,0
798601,58.5,59.0,18.5,0.0,0.0,0.0,40.0,1.0,1.0,1.0,0.0,0.0,0.0,0.0,0.0,0.0,100.0,100.0,100.0,1000.0,1000.0,1000.0,49.33926361377492,0,0,49.33926361377492,0.0,0.0,0,0
798801,58.5,59.0,18.5,0.0,0.0,0.0,40.0,1.0,1.0,1.0,0.0,0.0,0.0,0.0,0.0,0.0,100.0,100.0,100.0,1000.0,1000.0,1000.0,49.33926361377492,0,0,49.33926361377492,0.0,0.0,0,0
799001,58.5,59.0,18.5,0.0,0.0,0.0,40.0,1.0,1.0,1.0,0.0,0.0,0.0,0.0,0.0,0.0,100.0,100.0,100.0,1000.0,1000.0,1000.0,49.33926361377492,0,0,49.33926361377492,0.0,0.0,0,0
799201,58.5,59.0,18.5,0.0,0.0,0.0,40.0,1.0,1.0,1.0,0.0,0.0,0.0,0.0,0.0,0.0,100.0,100.0,100.0,1000.0,1000.0,1000.0,49.33926361377492,0,0,49.33926361377492,0.0,0.0,0,0
799401,58.5,59.0,18.5,0.0,0.0,0.0,40.0,1.0,1.0,1.0,0.0,0.0,0.0,0.0,0.0,0.0,100.0,100.0,100.0,1000.0,1000.0,1000.0,49.33926361377492,0,0,49.33926361377492,0.0,0.0,0,0
799601,58.5,59.0,18.5,0.0,0.0,0.0,40.0,1.0,1.0,1.0,0.0,0.0,0.0,0.0,0.0,0.0,100.0,100.0,100.0,1000.0,1000.0,1000.0,49.33926361377492,0,0,49.33926361377492,0.0,0.0,0,0
799801,58.5,59.0,18.5,0.0,0.0,0.0,40.0,1.0,1.0,1.0,0.0,0.0,0.0,0.0,0.0,0.0,100.0,100.0,100.0,1000.0,1000.0,1000.0,49.33926361377492,0,0,49.33926361377492,0.0,0.0,0,0
800001,58.5,59.0,18.5,0.0,0.0,0.0,40.0,1.0,1.0,1.0,0.0,0.0,0.0,0.0,0.0,0.0,100.0,100.0,100.0,1000.0,1000.0,1000.0,49.33926361377492,0,0,49.33926361377492,0.0,0.0,0,0
800201,58.5,59.0,18.5,0.0,0.0,0.0,40.0,1.0,1.0,1.0,0.0,0.0,0.0,0.0,0.0,0.0,100.0,100.0,100.0,1000.0,1000.0,1000.0,49.33926361377492,0,0,49.33926361377492,0.0,0.0,0,0
800401,58.5,59.0,18.5,0.0,0.0,0.0,40.0,1.0,1.0,1.0,0.0,0.0,0.0,0.0,0.0,0.0,100.0,100.0,100.0,1000.0,1000.0,1000.0,49.33926361377492,0,0,49.33926361377492,0.0,0.0,0,0
800601,58.5,59.0,18.5,0.0,0.0,0.0,40.0,1.0,1.0,1.0,0.0,0.0,0.0,0.0,0.0,0.0,100.0,100.0,100.0,1000.0,1000.0,1000.0,49.33926361377492,0,0,49.33926361377492,0.0,0.0,0,0
800801,58.5,59.0,18.5,0.0,0.0,0.0,40.0,1.0,1.0,1.0,0.0,0.0,0.0,0.0,0.0,0.0,100.0,100.0,100.0,1000.0,1000.0,1000.0,49.33926361377492,0,0,49.33926361377492,0.0,0.0,0,0
801001,58.5,59.0,18.5,0.0,0.0,0.0,40.0,1.0,1.0,1.0,0.0,0.0,0.0,0.0,0.0,0.0,100.0,100.0,100.0,1000.0,1000.0,1000.0,49.33926361377492,0,0,49.33926361377492,0.0,0.0,0,0
801201,58.5,59.0,18.5,0.0,0.0,0.0,40.0,1.0,1.0,1.0,0.0,0.0,0.0,0.0,0.0,0.0,100.0,100.0,100.0,1000.0,1000.0,1000.0,49.33926361377492,0,0,49.33926361377492,0.0,0.0,0,0
801401,58.5,59.0,18.5,0.0,0.0,0.0,40.0,1.0,1.0,1.0,0.0,0.0,0.0,0.0,0.0,0.0,100.0,100.0,100.0,1000.0,1000.0,1000.0,49.33926361377492,0,0,49.33926361377492,0.0,0.0,0,0
801601,58.5,59.0,18.5,0.0,0.0,0.0,40.0,1.0,1.0,1.0,0.0,0.0,0.0,0.0,0.0,0.0,100.0,100.0,100.0,1000.0,1000.0,1000.0,49.33926361377492,0,0,49.33926361377492,0.0,0.0,0,0
801801,58.5,59.0,18.5,0.0,0.0,0.0,40.0,1.0,1.0,1.0,0.0,0.0,0.0,0.0,0.0,0.0,100.0,100.0,100.0,1000.0,1000.0,1000.0,49.33926361377492,0,0,49.33926361377492,0.0,0.0,0,0
802001,58.5,59.0,18.5,0.0,0.0,0.0,40.0,1.0,1.0,1.0,0.0,0.0,0.0,0.0,0.0,0.0,100.0,100.0,100.0,1000.0,1000.0,1000.0,49.33926361377492,0,0,49.33926361377492,0.0,0.0,0,0
802201,58.5,59.0,18.5,0.0,0.0,0.0,40.0,1.0,1.0,1.0,0.0,0.0,0.0,0.0,0.0,0.0,100.0,100.0,100.0,1000.0,1000.0,1000.0,49.33926361377492,0,0,49.33926361377492,0.0,0.0,0,0
802401,58.5,59.0,18.5,0.0,0.0,0.0,40.0,1.0,1.0,1.0,0.0,0.0,0.0,0.0,0.0,0.0,100.0,100.0,100.0,1000.0,1000.0,1000.0,49.33926361377492,0,0,49.33926361377492,0.0,0.0,0,0
802601,58.5,59.0,18.5,0.0,0.0,0.0,40.0,1.0,1.0,1.0,0.0,0.0,0.0,0.0,0.0,0.0,100.0,100.0,100.0,1000.0,1000.0,1000.0,49.33926361377492,0,0,49.33926361377492,0.0,0.0,0,0
802801,58.5,59.0,18.5,0.0,0.0,0.0,40.0,1.0,1.0,1.0,0.0,0.0,0.0,0.0,0.0,0.0,100.0,100.0,100.0,1000.0,1000.0,1000.0,49.33926361377492,0,0,49.33926361377492,0.0,0.0,0,0
803001,58.5,59.0,18.5,0.0,0.0,0.0,40.0,1.0,1.0,1.0,0.0,0.0,0.0,0.0,0.0,0.0,100.0,100.0,100.0,1000.0,1000.0,1000.0,49.33926361377492,0,0,49.33926361377492,0.0,0.0,0,0
803201,58.5,59.0,18.5,0.0,0.0,0.0,40.0,1.0,1.0,1.0,0.0,0.0,0.0,0.0,0.0,0.0,100.0,100.0,100.0,1000.0,1000.0,1000.0,49.33926361377492,0,0,49.33926361377492,0.0,0.0,0,0
803401,58.5,59.0,18.5,0.0,0.0,0.0,40.0,1.0,1.0,1.0,0.0,0.0,0.0,0.0,0.0,0.0,100.0,100.0,100.0,1000.0,1000.0,1000.0,49.33926361377492,0,0,49.33926361377492,0.0,0.0,0,0
803601,58.5,59.0,18.5,0.0,0.0,0.0,40.0,1.0,1.0,1.0,0.0,0.0,0.0,0.0,0.0,0.0,100.0,100.0,100.0,1000.0,1000.0,1000.0,49.33926361377492,0,0,49.33926361377492,0.0,0.0,0,0
803801,58.5,59.0,18.5,0.0,0.0,0.0,40.0,1.0,1.0,1.0,0.0,0.0,0.0,0.0,0.0,0.0,100.0,100.0,100.0,1000.0,1000.0,1000.0,49.33926361377492,0,0,49.33926361377492,0.0,0.0,0,0
804001,58.5,59.0,18.5,0.0,0.0,0.0,40.0,1.0,1.0,1.0,0.0,0.0,0.0,0.0,0.0,0.0,100.0,100.0,100.0,1000.0,1000.0,1000.0,49.33926361377492,0,0,49.33926361377492,0.0,0.0,0,0
804201,58.5,59.0,18.5,0.0,0.0,0.0,40.0,1.0,1.0,1.0,0.0,0.0,0.0,0.0,0.0,0.0,100.0,100.0,100.0,1000.0,1000.0,1000.0,49.33926361377492,0,0,49.33926361377492,0.0,0.0,0,0
804401,58.5,59.0,18.5,0.0,0.0,0.0,40.0,1.0,1.0,1.0,0.0,0.0,0.0,0.0,0.0,0.0,100.0,100.0,100.0,1000.0,1000.0,1000.0,49.33926361377492,0,0,49.33926361377492,0.0,0.0,0,0
804601,58.5,59.0,18.5,0.0,0.0,0.0,40.0,1.0,1.0,1.0,0.0,0.0,0.0,0.0,0.0,0.0,100.0,100.0,100.0,1000.0,1000.0,1000.0,49.33926361377492,0,0,49.33926361377492,0.0,0.0,0,0
804801,58.5,59.0,18.5,0.0,0.0,0.0,40.0,1.0,1.0,1.0,0.0,0.0,0.0,0.0,0.0,0.0,100.0,100.0,100.0,1000.0,1000.0,1000.0,49.33926361377492,0,0,49.33926361377492,0.0,0.0,0,0
805001,58.5,59.0,18.5,0.0,0.0,0.0,40.0,1.0,1.0,1.0,0.0,0.0,0.0,0.0,0.0,0.0,100.0,100.0,100.0,1000.0,1000.0,1000.0,49.33926361377492,0,0,49.33926361377492,0.0,0.0,0,0
805201,58.5,59.0,18.5,0.0,0.0,0.0,40.0,1.0,1.0,1.0,0.0,0.0,0.0,0.0,0.0,0.0,100.0,100.0,100.0,1000.0,1000.0,1000.0,49.33926361377492,0,0,49.33926361377492,0.0,0.0,0,0
805401,58.5,59.0,18.5,0.0,0.0,0.0,40.0,1.0,1.0,1.0,0.0,0.0,0.0,0.0,0.0,0.0,100.0,100.0,100.0,1000.0,1000.0,1000.0,49.33926361377492,0,0,49.33926361377492,0.0,0.0,0,0
805601,58.5,59.0,18.5,0.0,0.0,0.0,40.0,1.0,1.0,1.0,0.0,0.0,0.0,0.0,0.0,0.0,100.0,100.0,100.0,1000.0,1000.0,1000.0,49.33926361377492,0,0,49.33926361377492,0.0,0.0,0,0
805801,58.5,59.0,18.5,0.0,0.0,0.0,40.0,1.0,1.0,1.0,0.0,0.0,0.0,0.0,0.0,0.0,100.0,100.0,100.0,1000.0,1000.0,1000.0,49.33926361377492,0,0,49.33926361377492,0.0,0.0,0,0
806001,58.5,59.0,18.5,0.0,0.0,0.0,40.0,1.0,1.0,1.0,0.0,0.0,0.0,0.0,0.0,0.0,100.0,100.0,100.0,1000.0,1000.0,1000.0,49.33926361377492,0,0,49.33926361377492,0.0,0.0,0,0
806201,58.5,59.0,18.5,0.0,0.0,0.0,40.0,1.0,1.0,1.0,0.0,0.0,0.0,0.0,0.0,0.0,100.0,100.0,100.0,1000.0,1000.0,1000.0,49.33926361377492,0,0,49.33926361377492,0.0,0.0,0,0
806401,58.5,59.0,18.5,0.0,0.0,0.0,40.0,1.0,1.0,1.0,0.0,0.0,0.0,0.0,0.0,0.0,100.0,100.0,100.0,1000.0,1000.0,1000.0,49.33926361377492,0,0,49.33926361377492,0.0,0.0,0,0
806601,58.5,59.0,18.5,0.0,0.0,0.0,40.0,1.0,1.0,1.0,0.0,0.0,0.0,0.0,0.0,0.0,100.0,100.0,100.0,1000.0,1000.0,1000.0,49.33926361377492,0,0,49.33926361377492,0.0,0.0,0,0
806801,58.5,59.0,18.5,0.0,0.0,0.0,40.0,1.0,1.0,1.0,0.0,0.0,0.0,0.0,0.0,0.0,100.0,100.0,100.0,1000.0,1000.0,1000.0,49.33926361377492,0,0,49.33926361377492,0.0,0.0,0,0
807001,58.5,59.0,18.5,0.0,0.0,0.0,40.0,1.0,1.0,1.0,0.0,0.0,0.0,0.0,0.0,0.0,100.0,100.0,100.0,1000.0,1000.0,1000.0,49.33926361377492,0,0,49.33926361377492,0.0,0.0,0,0
807201,58.5,59.0,18.5,0.0,0.0,0.0,40.0,1.0,1.0,1.0,0.0,0.0,0.0,0.0,0.0,0.0,100.0,100.0,100.0,1000.0,1000.0,1000.0,49.33926361377492,0,0,49.33926361377492,0.0,0.0,0,0
807401,58.5,59.0,18.5,0.0,0.0,0.0,40.0,1.0,1.0,1.0,0.0,0.0,0.0,0.0,0.0,0.0,100.0,100.0,100.0,1000.0,1000.0,1000.0,49.33926361377492,0,0,49.33926361377492,0.0,0.0,0,0
807601,58.5,59.0,18.5,0.0,0.0,0.0,40.0,1.0,1.0,1.0,0.0,0.0,0.0,0.0,0.0,0.0,100.0,100.0,100.0,1000.0,1000.0,1000.0,49.33926361377492,0,0,49.33926361377492,0.0,0.0,0,0
807801,58.5,59.0,18.5,0.0,0.0,0.0,40.0,1.0,1.0,1.0,0.0,0.0,0.0,0.0,0.0,0.0,100.0,100.0,100.0,1000.0,1000.0,1000.0,49.33926361377492,0,0,49.33926361377492,0.0,0.0,0,0
808001,58.5,59.0,18.5,0.0,0.0,0.0,40.0,1.0,1.0,1.0,0.0,0.0,0.0,0.0,0.0,0.0,100.0,100.0,100.0,1000.0,1000.0,1000.0,49.33926361377492,0,0,49.33926361377492,0.0,0.0,0,0
808201,58.5,59.0,18.5,0.0,0.0,0.0,40.0,1.0,1.0,1.0,0.0,0.0,0.0,0.0,0.0,0.0,100.0,100.0,100.0,1000.0,1000.0,1000.0,49.33926361377492,0,0,49.33926361377492,0.0,0.0,0,0
808401,58.5,59.0,18.5,0.0,0.0,0.0,40.0,1.0,1.0,1.0,0.0,0.0,0.0,0.0,0.0,0.0,100.0,100.0,100.0,1000.0,1000.0,1000.0,49.33926361377492,0,0,49.33926361377492,0.0,0.0,0,0
808601,58.5,59.0,18.5,0.0,0.0,0.0,40.0,1.0,1.0,1.0,0.0,0.0,0.0,0.0,0.0,0.0,100.0,100.0,100.0,1000.0,1000.0,1000.0,49.33926361377492,0,0,49.33926361377492,0.0,0.0,0,0
808801,58.5,59.0,18.5,0.0,0.0,0.0,40.0,1.0,1.0,1.0,0.0,0.0,0.0,0.0,0.0,0.0,100.0,100.0,100.0,1000.0,1000.0,1000.0,49.33926361377492,0,0,49.33926361377492,0.0,0.0,0,0
809001,58.5,59.0,18.5,0.0,0.0,0.0,40.0,1.0,1.0,1.0,0.0,0.0,0.0,0.0,0.0,0.0,100.0,100.0,100.0,1000.0,1000.0,1000.0,49.33926361377492,0,0,49.33926361377492,0.0,0.0,0,0
809201,58.5,59.0,18.5,0.0,0.0,0.0,40.0,1.0,1.0,1.0,0.0,0.0,0.0,0.0,0.0,0.0,100.0,100.0,100.0,1000.0,1000.0,1000.0,49.33926361377492,0,0,49.33926361377492,0.0,0.0,0,0
809401,58.5,59.0,18.5,0.0,0.0,0.0,40.0,1.0,1.0,1.0,0.0,0.0,0.0,0.0,0.0,0.0,100.0,100.0,100.0,1000.0,1000.0,1000.0,49.33926361377492,0,0,49.33926361377492,0.0,0.0,0,0
809601,58.5,59.0,18.5,0.0,0.0,0.0,40.0,1.0,1.0,1.0,0.0,0.0,0.0,0.0,0.0,0.0,100.0,100.0,100.0,1000.0,1000.0,1000.0,49.33926361377492,0,0,49.33926361377492,0.0,0.0,0,0
809801,58.5,59.0,18.5,0.0,0.0,0.0,40.0,1.0,1.0,1.0,0.0,0.0,0.0,0.0,0.0,0.0,100.0,100.0,100.0,1000.0,1000.0,1000.0,49.33926361377492,0,0,49.33926361377492,0.0,0.0,0,0
810001,58.5,59.0,18.5,0.0,0.0,0.0,40.0,1.0,1.0,1.0,0.0,0.0,0.0,0.0,0.0,0.0,100.0,100.0,100.0,1000.0,1000.0,1000.0,49.33926361377492,0,0,49.33926361377492,0.0,0.0,0,0
810201,58.5,59.0,18.5,0.0,0.0,0.0,40.0,1.0,1.0,1.0,0.0,0.0,0.0,0.0,0.0,0.0,100.0,100.0,100.0,1000.0,1000.0,1000.0,37.632866654634405,0,0,37.632866654634405,0.0,0.0,1,0
810401,58.5,59.0,18.5,0.0,0.0,0.0,40.0,1.0,1.0,1.0,0.0,0.0,0.0,0.0,0.0,0.0,100.0,100.0,100.0,1000.0,1000.0,1000.0,37.632866654634405,0,0,37.632866654634405,0.0,0.0,0,0
810601,58.5,59.0,18.5,0.0,0.0,0.0,40.0,1.0,1.0,1.0,0.0,0.0,0.0,0.0,0.0,0.0,100.0,100.0,100.0,1000.0,1000.0,1000.0,37.632866654634405,0,0,37.632866654634405,0.0,0.0,0,0
810801,58.5,59.0,18.5,0.0,0.0,0.0,40.0,1.0,1.0,1.0,0.0,0.0,0.0,0.0,0.0,0.0,100.0,100.0,100.0,1000.0,1000.0,1000.0,37.632866654634405,0,0,37.632866654634405,0.0,0.0,0,0
811001,58.5,59.0,18.5,0.0,0.0,0.0,40.0,1.0,1.0,1.0,0.0,0.0,0.0,0.0,0.0,0.0,100.0,100.0,100.0,1000.0,1000.0,1000.0,37.632866654634405,0,0,37.632866654634405,0.0,0.0,0,0
811201,58.5,59.0,18.5,0.0,0.0,0.0,40.0,1.0,1.0,1.0,0.0,0.0,0.0,0.0,0.0,0.0,100.0,100.0,100.0,1000.0,1000.0,1000.0,37.632866654634405,0,0,37.632866654634405,0.0,0.0,0,0
811401,58.5,59.0,18.5,0.0,0.0,0.0,40.0,1.0,1.0,1.0,0.0,0.0,0.0,0.0,0.0,0.0,100.0,100.0,100.0,1000.0,1000.0,1000.0,37.632866654634405,0,0,37.632866654634405,0.0,0.0,0,0
811601,58.5,59.0,18.5,0.0,0.0,0.0,40.0,1.0,1.0,1.0,0.0,0.0,0.0,0.0,0.0,0.0,100.0,100.0,100.0,1000.0,1000.0,1000.0,37.632866654634405,0,0,37.632866654634405,0.0,0.0,0,0
811801,58.5,59.0,18.5,0.0,0.0,0.0,40.0,1.0,1.0,1.0,0.0,0.0,0.0,0.0,0.0,0.0,100.0,100.0,100.0,1000.0,1000.0,1000.0,37.632866654634405,0,0,37.632866654634405,0.0,0.0,0,0
812001,58.5,59.0,18.5,0.0,0.0,0.0,40.0,1.0,1.0,1.0,0.0,0.0,0.0,0.0,0.0,0.0,100.0,100.0,100.0,1000.0,1000.0,1000.0,37.632866654634405,0,0,37.632866654634405,0.0,0.0,0,0
812201,58.5,59.0,18.5,0.0,0.0,0.0,40.0,1.0,1.0,1.0,0.0,0.0,0.0,0.0,0.0,0.0,100.0,100.0,100.0,1000.0,1000.0,1000.0,37.632866654634405,0,0,37.632866654634405,0.0,0.0,0,0
812401,58.5,59.0,18.5,0.0,0.0,0.0,40.0,1.0,1.0,1.0,0.0,0.0,0.0,0.0,0.0,0.0,100.0,100.0,100.0,1000.0,1000.0,1000.0,37.632866654634405,0,0,37.632866654634405,0.0,0.0,0,0
812601,58.5,59.0,18.5,0.0,0.0,0.0,40.0,1.0,1.0,1.0,0.0,0.0,0.0,0.0,0.0,0.0,100.0,100.0,100.0,1000.0,1000.0,1000.0,37.632866654634405,0,0,37.632866654634405,0.0,0.0,0,0
812801,58.5,59.0,18.5,0.0,0.0,0.0,40.0,1.0,1.0,1.0,0.0,0.0,0.0,0.0,0.0,0.0,100.0,100.0,100.0,1000.0,1000.0,1000.0,37.632866654634405,0,0,37.632866654634405,0.0,0.0,0,0
813001,58.5,59.0,18.5,0.0,0.0,0.0,40.0,1.0,1.0,1.0,0.0,0.0,0.0,0.0,0.0,0.0,100.0,100.0,100.0,1000.0,1000.0,1000.0,37.632866654634405,0,0,37.632866654634405,0.0,0.0,0,0
813201,58.5,59.0,18.5,0.0,0.0,0.0,40.0,1.0,1.0,1.0,0.0,0.0,0.0,0.0,0.0,0.0,100.0,100.0,100.0,1000.0,1000.0,1000.0,37.632866654634405,0,0,37.632866654634405,0.0,0.0,0,0
813401,58.5,59.0,18.5,0.0,0.0,0.0,40.0,1.0,1.0,1.0,0.0,0.0,0.0,0.0,0.0,0.0,100.0,100.0,100.0,1000.0,1000.0,1000.0,37.632866654634405,0,0,37.632866654634405,0.0,0.0,0,0
813601,58.5,59.0,18.5,0.0,0.0,0.0,40.0,1.0,1.0,1.0,0.0,0.0,0.0,0.0,0.0,0.0,100.0,100.0,100.0,1000.0,1000.0,1000.0,37.632866654634405,0,0,37.632866654634405,0.0,0.0,0,0
813801,58.5,59.0,18.5,0.0,0.0,0.0,40.0,1.0,1.0,1.0,0.0,0.0,0.0,0.0,0.0,0.0,100.0,100.0,100.0,1000.0,1000.0,1000.0,37.632866654634405,0,0,37.632866654634405,0.0,0.0,0,0
814001,58.5,59.0,18.5,0.0,0.0,0.0,40.0,1.0,1.0,1.0,0.0,0.0,0.0,0.0,0.0,0.0,100.0,100.0,100.0,1000.0,1000.0,1000.0,37.632866654634405,0,0,37.632866654634405,0.0,0.0,0,0
814201,58.5,59.0,18.5,0.0,0.0,0.0,40.0,1.0,1.0,1.0,0.0,0.0,0.0,0.0,0.0,0.0,100.0,100.0,100.0,1000.0,1000.0,1000.0,37.632866654634405,0,0,37.632866654634405,0.0,0.0,0,0
814401,58.5,59.0,18.5,0.0,0.0,0.0,40.0,1.0,1.0,1.0,0.0,0.0,0.0,0.0,0.0,0.0,100.0,100.0,100.0,1000.0,1000.0,1000.0,37.632866654634405,0,0,37.632866654634405,0.0,0.0,0,0
814601,58.5,59.0,18.5,0.0,0.0,0.0,40.0,1.0,1.0,1.0,0.0,0.0,0.0,0.0,0.0,0.0,100.0,100.0,100.0,1000.0,1000.0,1000.0,37.632866654634405,0,0,37.632866654634405,0.0,0.0,0,0
814801,58.5,59.0,18.5,0.0,0.0,0.0,40.0,1.0,1.0,1.0,0.0,0.0,0.0,0.0,0.0,0.0,100.0,100.0,100.0,1000.0,1000.0,1000.0,37.632866654634405,0,0,37.632866654634405,0.0,0.0,0,0
815001,58.5,59.0,18.5,0.0,0.0,0.0,40.0,1.0,1.0,1.0,0.0,0.0,0.0,0.0,0.0,0.0,100.0,100.0,100.0,1000.0,1000.0,1000.0,37.632866654634405,0,0,37.632866654634405,0.0,0.0,0,0
815201,58.5,59.0,18.5,0.0,0.0,0.0,40.0,1.0,1.0,1.0,0.0,0.0,0.0,0.0,0.0,0.0,100.0,100.0,100.0,1000.0,1000.0,1000.0,37.632866654634405,0,0,37.632866654634405,0.0,0.0,0,0
815401,58.5,59.0,18.5,0.0,0.0,0.0,40.0,1.0,1.0,1.0,0.0,0.0,0.0,0.0,0.0,0.0,100.0,100.0,100.0,1000.0,1000.0,1000.0,37.632866654634405,0,0,37.632866654634405,0.0,0.0,0,0
815601,58.5,59.0,18.5,0.0,0.0,0.0,40.0,1.0,1.0,1.0,0.0,0.0,0.0,0.0,0.0,0.0,100.0,100.0,100.0,1000.0,1000.0,1000.0,37.632866654634405,0,0,37.632866654634405,0.0,0.0,0,0
815801,58.5,59.0,18.5,0.0,0.0,0.0,40.0,1.0,1.0,1.0,0.0,0.0,0.0,0.0,0.0,0.0,100.0,100.0,100.0,1000.0,1000.0,1000.0,37.632866654634405,0,0,37.632866654634405,0.0,0.0,0,0
816001,58.5,59.0,18.5,0.0,0.0,0.0,40.0,1.0,1.0,1.0,0.0,0.0,0.0,0.0,0.0,0.0,100.0,100.0,100.0,1000.0,1000.0,1000.0,37.632866654634405,0,0,37.632866654634405,0.0,0.0,0,0
816201,58.5,59.0,18.5,0.0,0.0,0.0,40.0,1.0,1.0,1.0,0.0,0.0,0.0,0.0,0.0,0.0,100.0,100.0,100.0,1000.0,1000.0,1000.0,37.632866654634405,0,0,37.632866654634405,0.0,0.0,0,0
816401,58.5,59.0,18.5,0.0,0.0,0.0,40.0,1.0,1.0,1.0,0.0,0.0,0.0,0.0,0.0,0.0,100.0,100.0,100.0,1000.0,1000.0,1000.0,37.632866654634405,0,0,37.632866654634405,0.0,0.0,0,0
816601,58.5,59.0,18.5,0.0,0.0,0.0,40.0,1.0,1.0,1.0,0.0,0.0,0.0,0.0,0.0,0.0,100.0,100.0,100.0,1000.0,1000.0,1000.0,37.632866654634405,0,0,37.632866654634405,0.0,0.0,0,0
816801,58.5,59.0,18.5,0.0,0.0,0.0,40.0,1.0,1.0,1.0,0.0,0.0,0.0,0.0,0.0,0.0,100.0,100.0,100.0,1000.0,1000.0,1000.0,37.632866654634405,0,0,37.632866654634405,0.0,0.0,0,0
817001,58.5,59.0,18.5,0.0,0.0,0.0,40.0,1.0,1.0,1.0,0.0,0.0,0.0,0.0,0.0,0.0,100.0,100.0,100.0,1000.0,1000.0,1000.0,37.632866654634405,0,0,37.632866654634405,0.0,0.0,0,0
817201,58.5,59.0,18.5,0.0,0.0,0.0,40.0,1.0,1.0,1.0,0.0,0.0,0.0,0.0,0.0,0.0,100.0,100.0,100.0,1000.0,1000.0,1000.0,37.632866654634405,0,0,37.632866654634405,0.0,0.0,0,0
817401,58.5,59.0,18.5,0.0,0.0,0.0,40.0,1.0,1.0,1.0,0.0,0.0,0.0,0.0,0.0,0.0,100.0,100.0,100.0,1000.0,1000.0,1000.0,37.632866654634405,0,0,37.632866654634405,0.0,0.0,0,0
817601,58.5,59.0,18.5,0.0,0.0,0.0,40.0,1.0,1.0,1.0,0.0,0.0,0.0,0.0,0.0,0.0,100.0,100.0,100.0,1000.0,1000.0,1000.0,37.632866654634405,0,0,37.632866654634405,0.0,0.0,0,0
817801,58.5,59.0,18.5,0.0,0.0,0.0,40.0,1.0,1.0,1.0,0.0,0.0,0.0,0.0,0.0,0.0,100.0,100.0,100.0,1000.0,1000.0,1000.0,37.632866654634405,0,0,37.632866654634405,0.0,0.0,0,0
818001,58.5,59.0,18.5,0.0,0.0,0.0,40.0,1.0,1.0,1.0,0.0,0.0,0.0,0.0,0.0,0.0,100.0,100.0,100.0,1000.0,1000.0,1000.0,37.632866654634405,0,0,37.632866654634405,0.0,0.0,0,0
818201,58.5,59.0,18.5,0.0,0.0,0.0,40.0,1.0,1.0,1.0,0.0,0.0,0.0,0.0,0.0,0.0,100.0,100.0,100.0,1000.0,1000.0,1000.0,37.632866654634405,0,0,37.632866654634405,0.0,0.0,0,0
818401,58.5,59.0,18.5,0.0,0.0,0.0,40.0,1.0,1.0,1.0,0.0,0.0,0.0,0.0,0.0,0.0,100.0,100.0,100.0,1000.0,1000.0,1000.0,37.632866654634405,0,0,37.632866654634405,0.0,0.0,0,0
818601,58.5,59.0,18.5,0.0,0.0,0.0,40.0,1.0,1.0,1.0,0.0,0.0,0.0,0.0,0.0,0.0,100.0,100.0,100.0,1000.0,1000.0,1000.0,37.632866654634405,0,0,37.632866654634405,0.0,0.0,0,0
818801,58.5,59.0,18.5,0.0,0.0,0.0,40.0,1.0,1.0,1.0,0.0,0.0,0.0,0.0,0.0,0.0,100.0,100.0,100.0,1000.0,1000.0,1000.0,37.632866654634405,0,0,37.632866654634405,0.0,0.0,0,0
819001,58.5,59.0,18.5,0.0,0.0,0.0,40.0,1.0,1.0,1.0,0.0,0.0,0.0,0.0,0.0,0.0,100.0,100.0,100.0,1000.0,1000.0,1000.0,37.632866654634405,0,0,37.632866654634405,0.0,0.0,0,0
819201,58.5,59.0,18.5,0.0,0.0,0.0,40.0,1.0,1.0,1.0,0.0,0.0,0.0,0.0,0.0,0.0,100.0,100.0,100.0,1000.0,1000.0,1000.0,37.632866654634405,0,0,37.632866654634405,0.0,0.0,0,0
819401,58.5,59.0,18.5,0.0,0.0,0.0,40.0,1.0,1.0,1.0,0.0,0.0,0.0,0.0,0.0,0.0,100.0,100.0,100.0,1000.0,1000.0,1000.0,37.632866654634405,0,0,37.632866654634405,0.0,0.0,0,0
819601,58.5,59.0,18.5,0.0,0.0,0.0,40.0,1.0,1.0,1.0,0.0,0.0,0.0,0.0,0.0,0.0,100.0,100.0,100.0,1000.0,1000.0,1000.0,37.632866654634405,0,0,37.632866654634405,0.0,0.0,0,0
819801,58.5,59.0,18.5,0.0,0.0,0.0,40.0,1.0,1.0,1.0,0.0,0.0,0.0,0.0,0.0,0.0,100.0,100.0,100.0,1000.0,1000.0,1000.0,37.632866654634405,0,0,37.632866654634405,0.0,0.0,0,0
820001,58.5,59.0,18.5,0.0,0.0,0.0,40.0,1.0,1.0,1.0,0.0,0.0,0.0,0.0,0.0,0.0,100.0,100.0,100.0,1000.0,1000.0,1000.0,37.632866654634405,0,0,37.632866654634405,0.0,0.0,0,0
820201,58.5,59.0,18.5,0.0,0.0,0.0,40.0,1.0,1.0,1.0,0.0,0.0,0.0,0.0,0.0,0.0,100.0,100.0,100.0,1000.0,1000.0,1000.0,37.632866654634405,0,0,37.632866654634405,0.0,0.0,0,0
820401,58.5,59.0,18.5,0.0,0.0,0.0,40.0,1.0,1.0,1.0,0.0,0.0,0.0,0.0,0.0,0.0,100.0,100.0,100.0,1000.0,1000.0,1000.0,37.632866654634405,0,0,37.632866654634405,0.0,0.0,0,0
820601,58.5,59.0,18.5,0.0,0.0,0.0,40.0,1.0,1.0,1.0,0.0,0.0,0.0,0.0,0.0,0.0,100.0,100.0,100.0,1000.0,1000.0,1000.0,37.632866654634405,0,0,37.632866654634405,0.0,0.0,0,0
820801,58.5,59.0,18.5,0.0,0.0,0.0,40.0,1.0,1.0,1.0,0.0,0.0,0.0,0.0,0.0,0.0,100.0,100.0,100.0,1000.0,1000.0,1000.0,37.632866654634405,0,0,37.632866654634405,0.0,0.0,0,0
821001,58.5,59.0,18.5,0.0,0.0,0.0,40.0,1.0,1.0,1.0,0.0,0.0,0.0,0.0,0.0,0.0,100.0,100.0,100.0,1000.0,1000.0,1000.0,37.632866654634405,0,0,37.632866654634405,0.0,0.0,0,0
821201,58.5,59.0,18.5,0.0,0.0,0.0,40.0,1.0,1.0,1.0,0.0,0.0,0.0,0.0,0.0,0.0,100.0,100.0,100.0,1000.0,1000.0,1000.0,37.632866654634405,0,0,37.632866654634405,0.0,0.0,0,0
821401,58.5,59.0,18.5,0.0,0.0,0.0,40.0,1.0,1.0,1.0,0.0,0.0,0.0,0.0,0.0,0.0,100.0,100.0,100.0,1000.0,1000.0,1000.0,37.632866654634405,0,0,37.632866654634405,0.0,0.0,0,0
821601,58.5,59.0,18.5,0.0,0.0,0.0,40.0,1.0,1.0,1.0,0.0,0.0,0.0,0.0,0.0,0.0,100.0,100.0,100.0,1000.0,1000.0,1000.0,37.632866654634405,0,0,37.632866654634405,0.0,0.0,0,0
821801,58.5,59.0,18.5,0.0,0.0,0.0,40.0,1.0,1.0,1.0,0.0,0.0,0.0,0.0,0.0,0.0,100.0,100.0,100.0,1000.0,1000.0,1000.0,37.632866654634405,0,0,37.632866654634405,0.0,0.0,0,0
822001,58.5,59.0,18.5,0.0,0.0,0.0,40.0,1.0,1.0,1.0,0.0,0.0,0.0,0.0,0.0,0.0,100.0,100.0,100.0,1000.0,1000.0,1000.0,37.632866654634405,0,0,37.632866654634405,0.0,0.0,0,0
822201,58.5,59.0,18.5,0.0,0.0,0.0,40.0,1.0,1.0,1.0,0.0,0.0,0.0,0.0,0.0,0.0,100.0,100.0,100.0,1000.0,1000.0,1000.0,37.632866654634405,0,0,37.632866654634405,0.0,0.0,0,0
822401,58.5,59.0,18.5,0.0,0.0,0.0,40.0,1.0,1.0,1.0,0.0,0.0,0.0,0.0,0.0,0.0,100.0,100.0,100.0,1000.0,1000.0,1000.0,37.632866654634405,0,0,37.632866654634405,0.0,0.0,0,0
822601,58.5,59.0,18.5,0.0,0.0,0.0,40.0,1.0,1.0,1.0,0.0,0.0,0.0,0.0,0.0,0.0,100.0,100.0,100.0,1000.0,1000.0,1000.0,37.632866654634405,0,0,37.632866654634405,0.0,0.0,0,0
822801,58.5,59.0,18.5,0.0,0.0,0.0,40.0,1.0,1.0,1.0,0.0,0.0,0.0,0.0,0.0,0.0,100.0,100.0,100.0,1000.0,1000.0,1000.0,37.632866654634405,0,0,37.632866654634405,0.0,0.0,0,0
823001,58.5,59.0,18.5,0.0,0.0,0.0,40.0,1.0,1.0,1.0,0.0,0.0,0.0,0.0,0.0,0.0,100.0,100.0,100.0,1000.0,1000.0,1000.0,37.632866654634405,0,0,37.632866654634405,0.0,0.0,0,0
823201,58.5,59.0,18.5,0.0,0.0,0.0,40.0,1.0,1.0,1.0,0.0,0.0,0.0,0.0,0.0,0.0,100.0,100.0,100.0,1000.0,1000.0,1000.0,37.632866654634405,0,0,37.632866654634405,0.0,0.0,0,0
823401,58.5,59.0,18.5,0.0,0.0,0.0,40.0,1.0,1.0,1.0,0.0,0.0,0.0,0.0,0.0,0.0,100.0,100.0,100.0,1000.0,1000.0,1000.0,37.632866654634405,0,0,37.632866654634405,0.0,0.0,0,0
823601,58.5,59.0,18.5,0.0,0.0,0.0,40.0,1.0,1.0,1.0,0.0,0.0,0.0,0.0,0.0,0.0,100.0,100.0,100.0,1000.0,1000.0,1000.0,37.632866654634405,0,0,37.632866654634405,0.0,0.0,0,0
823801,58.5,59.0,18.5,0.0,0.0,0.0,40.0,1.0,1.0,1.0,0.0,0.0,0.0,0.0,0.0,0.0,100.0,100.0,100.0,1000.0,1000.0,1000.0,37.632866654634405,0,0,37.632866654634405,0.0,0.0,0,0
824001,58.5,59.0,18.5,0.0,0.0,0.0,40.0,1.0,1.0,1.0,0.0,0.0,0.0,0.0,0.0,0.0,100.0,100.0,100.0,1000.0,1000.0,1000.0,37.632866654634405,0,0,37.632866654634405,0.0,0.0,0,0
824201,58.5,59.0,18.5,0.0,0.0,0.0,40.0,1.0,1.0,1.0,0.0,0.0,0.0,0.0,0.0,0.0,100.0,100.0,100.0,1000.0,1000.0,1000.0,37.632866654634405,0,0,37.632866654634405,0.0,0.0,0,0
824401,58.5,59.0,18.5,0.0,0.0,0.0,40.0,1.0,1.0,1.0,0.0,0.0,0.0,0.0,0.0,0.0,100.0,100.0,100.0,1000.0,1000.0,1000.0,37.632866654634405,0,0,37.632866654634405,0.0,0.0,0,0
824601,58.5,59.0,18.5,0.0,0.0,0.0,40.0,1.0,1.0,1.0,0.0,0.0,0.0,0.0,0.0,0.0,100.0,100.0,100.0,1000.0,1000.0,1000.0,37.632866654634405,0,0,37.632866654634405,0.0,0.0,0,0
824801,58.5,59.0,18.5,0.0,0.0,0.0,40.0,1.0,1.0,1.0,0.0,0.0,0.0,0.0,0.0,0.0,100.0,100.0,100.0,1000.0,1000.0,1000.0,37.632866654634405,0,0,37.632866654634405,0.0,0.0,0,0
825001,58.5,59.0,18.5,0.0,0.0,0.0,40.0,1.0,1.0,1.0,0.0,0.0,0.0,0.0,0.0,0.0,100.0,100.0,100.0,1000.0,1000.0,1000.0,37.632866654634405,0,0,37.632866654634405,0.0,0.0,0,0
825201,58.5,59.0,18.5,0.0,0.0,0.0,40.0,1.0,1.0,1.0,0.0,0.0,0.0,0.0,0.0,0.0,100.0,100.0,100.0,1000.0,1000.0,1000.0,49.30808812253886,0,0,49.30808812253886,0.0,0.0,1,0
825401,58.5,59.0,18.5,0.0,0.0,0.0,40.0,1.0,1.0,1.0,0.0,0.0,0.0,0.0,0.0,0.0,100.0,100.0,100.0,1000.0,1000.0,1000.0,49.30808812253886,0,0,49.30808812253886,0.0,0.0,0,0
825601,58.5,59.0,18.5,0.0,0.0,0.0,40.0,1.0,1.0,1.0,0.0,0.0,0.0,0.0,0.0,0.0,100.0,100.0,100.0,1000.0,1000.0,1000.0,49.30808812253886,0,0,49.30808812253886,0.0,0.0,0,0
825801,58.5,59.0,18.5,0.0,0.0,0.0,40.0,1.0,1.0,1.0,0.0,0.0,0.0,0.0,0.0,0.0,100.0,100.0,100.0,1000.0,1000.0,1000.0,49.30808812253886,0,0,49.30808812253886,0.0,0.0,0,0
826001,58.5,59.0,18.5,0.0,0.0,0.0,40.0,1.0,1.0,1.0,0.0,0.0,0.0,0.0,0.0,0.0,100.0,100.0,100.0,1000.0,1000.0,1000.0,49.30808812253886,0,0,49.30808812253886,0.0,0.0,0,0
826201,58.5,59.0,18.5,0.0,0.0,0.0,40.0,1.0,1.0,1.0,0.0,0.0,0.0,0.0,0.0,0.0,100.0,100.0,100.0,1000.0,1000.0,1000.0,49.30808812253886,0,0,49.30808812253886,0.0,0.0,0,0
826401,58.5,59.0,18.5,0.0,0.0,0.0,40.0,1.0,1.0,1.0,0.0,0.0,0.0,0.0,0.0,0.0,100.0,100.0,100.0,1000.0,1000.0,1000.0,49.30808812253886,0,0,49.30808812253886,0.0,0.0,0,0
826601,58.5,59.0,18.5,0.0,0.0,0.0,40.0,1.0,1.0,1.0,0.0,0.0,0.0,0.0,0.0,0.0,100.0,100.0,100.0,1000.0,1000.0,1000.0,49.30808812253886,0,0,49.30808812253886,0.0,0.0,0,0
826801,58.5,59.0,18.5,0.0,0.0,0.0,40.0,1.0,1.0,1.0,0.0,0.0,0.0,0.0,0.0,0.0,100.0,100.0,100.0,1000.0,1000.0,1000.0,49.30808812253886,0,0,49.30808812253886,0.0,0.0,0,0
827001,58.5,59.0,18.5,0.0,0.0,0.0,40.0,1.0,1.0,1.0,0.0,0.0,0.0,0.0,0.0,0.0,100.0,100.0,100.0,1000.0,1000.0,1000.0,49.30808812253886,0,0,49.30808812253886,0.0,0.0,0,0
827201,58.5,59.0,18.5,0.0,0.0,0.0,40.0,1.0,1.0,1.0,0.0,0.0,0.0,0.0,0.0,0.0,100.0,100.0,100.0,1000.0,1000.0,1000.0,49.30808812253886,0,0,49.30808812253886,0.0,0.0,0,0
827401,58.5,59.0,18.5,0.0,0.0,0.0,40.0,1.0,1.0,1.0,0.0,0.0,0.0,0.0,0.0,0.0,100.0,100.0,100.0,1000.0,1000.0,1000.0,49.30808812253886,0,0,49.30808812253886,0.0,0.0,0,0
827601,58.5,59.0,18.5,0.0,0.0,0.0,40.0,1.0,1.0,1.0,0.0,0.0,0.0,0.0,0.0,0.0,100.0,100.0,100.0,1000.0,1000.0,1000.0,49.30808812253886,0,0,49.30808812253886,0.0,0.0,0,0
827801,58.5,59.0,18.5,0.0,0.0,0.0,40.0,1.0,1.0,1.0,0.0,0.0,0.0,0.0,0.0,0.0,100.0,100.0,100.0,1000.0,1000.0,1000.0,49.30808812253886,0,0,49.30808812253886,0.0,0.0,0,0
828001,58.5,59.0,18.5,0.0,0.0,0.0,40.0,1.0,1.0,1.0,0.0,0.0,0.0,0.0,0.0,0.0,100.0,100.0,100.0,1000.0,1000.0,1000.0,49.30808812253886,0,0,49.30808812253886,0.0,0.0,0,0
828201,58.5,59.0,18.5,0.0,0.0,0.0,40.0,1.0,1.0,1.0,0.0,0.0,0.0,0.0,0.0,0.0,100.0,100.0,100.0,1000.0,1000.0,1000.0,49.30808812253886,0,0,49.30808812253886,0.0,0.0,0,0
828401,58.5,59.0,18.5,0.0,0.0,0.0,40.0,1.0,1.0,1.0,0.0,0.0,0.0,0.0,0.0,0.0,100.0,100.0,100.0,1000.0,1000.0,1000.0,49.30808812253886,0,0,49.30808812253886,0.0,0.0,0,0
828601,58.5,59.0,18.5,0.0,0.0,0.0,40.0,1.0,1.0,1.0,0.0,0.0,0.0,0.0,0.0,0.0,100.0,100.0,100.0,1000.0,1000.0,1000.0,49.30808812253886,0,0,49.30808812253886,0.0,0.0,0,0
828801,58.5,59.0,18.5,0.0,0.0,0.0,40.0,1.0,1.0,1.0,0.0,0.0,0.0,0.0,0.0,0.0,100.0,100.0,100.0,1000.0,1000.0,1000.0,49.30808812253886,0,0,49.30808812253886,0.0,0.0,0,0
829001,58.5,59.0,18.5,0.0,0.0,0.0,40.0,1.0,1.0,1.0,0.0,0.0,0.0,0.0,0.0,0.0,100.0,100.0,100.0,1000.0,1000.0,1000.0,49.30808812253886,0,0,49.30808812253886,0.0,0.0,0,0
829201,58.5,59.0,18.5,0.0,0.0,0.0,40.0,1.0,1.0,1.0,0.0,0.0,0.0,0.0,0.0,0.0,100.0,100.0,100.0,1000.0,1000.0,1000.0,49.30808812253886,0,0,49.30808812253886,0.0,0.0,0,0
829401,58.5,59.0,18.5,0.0,0.0,0.0,40.0,1.0,1.0,1.0,0.0,0.0,0.0,0.0,0.0,0.0,100.0,100.0,100.0,1000.0,1000.0,1000.0,49.30808812253886,0,0,49.30808812253886,0.0,0.0,0,0
829601,58.5,59.0,18.5,0.0,0.0,0.0,40.0,1.0,1.0,1.0,0.0,0.0,0.0,0.0,0.0,0.0,100.0,100.0,100.0,1000.0,1000.0,1000.0,49.30808812253886,0,0,49.30808812253886,0.0,0.0,0,0
829801,58.5,59.0,18.5,0.0,0.0,0.0,40.0,1.0,1.0,1.0,0.0,0.0,0.0,0.0,0.0,0.0,100.0,100.0,100.0,1000.0,1000.0,1000.0,49.30808812253886,0,0,49.30808812253886,0.0,0.0,0,0
830001,58.5,59.0,18.5,0.0,0.0,0.0,40.0,1.0,1.0,1.0,0.0,0.0,0.0,0.0,0.0,0.0,100.0,100.0,100.0,1000.0,1000.0,1000.0,49.30808812253886,0,0,49.30808812253886,0.0,0.0,0,0
830201,58.5,59.0,18.5,0.0,0.0,0.0,40.0,1.0,1.0,1.0,0.0,0.0,0.0,0.0,0.0,0.0,100.0,100.0,100.0,1000.0,1000.0,1000.0,49.30808812253886,0,0,49.30808812253886,0.0,0.0,0,0
830401,58.5,59.0,18.5,0.0,0.0,0.0,40.0,1.0,1.0,1.0,0.0,0.0,0.0,0.0,0.0,0.0,100.0,100.0,100.0,1000.0,1000.0,1000.0,49.30808812253886,0,0,49.30808812253886,0.0,0.0,0,0
830601,58.5,59.0,18.5,0.0,0.0,0.0,40.0,1.0,1.0,1.0,0.0,0.0,0.0,0.0,0.0,0.0,100.0,100.0,100.0,1000.0,1000.0,1000.0,49.30808812253886,0,0,49.30808812253886,0.0,0.0,0,0
830801,58.5,59.0,18.5,0.0,0.0,0.0,40.0,1.0,1.0,1.0,0.0,0.0,0.0,0.0,0.0,0.0,100.0,100.0,100.0,1000.0,1000.0,1000.0,49.30808812253886,0,0,49.30808812253886,0.0,0.0,0,0
831001,58.5,59.0,18.5,0.0,0.0,0.0,40.0,1.0,1.0,1.0,0.0,0.0,0.0,0.0,0.0,0.0,100.0,100.0,100.0,1000.0,1000.0,1000.0,49.30808812253886,0,0,49.30808812253886,0.0,0.0,0,0
831201,58.5,59.0,18.5,0.0,0.0,0.0,40.0,1.0,1.0,1.0,0.0,0.0,0.0,0.0,0.0,0.0,100.0,100.0,100.0,1000.0,1000.0,1000.0,49.30808812253886,0,0,49.30808812253886,0.0,0.0,0,0
831401,58.5,59.0,18.5,0.0,0.0,0.0,40.0,1.0,1.0,1.0,0.0,0.0,0.0,0.0,0.0,0.0,100.0,100.0,100.0,1000.0,1000.0,1000.0,49.30808812253886,0,0,49.30808812253886,0.0,0.0,0,0
831601,58.5,59.0,18.5,0.0,0.0,0.0,40.0,1.0,1.0,1.0,0.0,0.0,0.0,0.0,0.0,0.0,100.0,100.0,100.0,1000.0,1000.0,1000.0,49.30808812253886,0,0,49.30808812253886,0.0,0.0,0,0
831801,58.5,59.0,18.5,0.0,0.0,0.0,40.0,1.0,1.0,1.0,0.0,0.0,0.0,0.0,0.0,0.0,100.0,100.0,100.0,1000.0,1000.0,1000.0,49.30808812253886,0,0,49.30808812253886,0.0,0.0,0,0
832001,58.5,59.0,18.5,0.0,0.0,0.0,40.0,1.0,1.0,1.0,0.0,0.0,0.0,0.0,0.0,0.0,100.0,100.0,100.0,1000.0,1000.0,1000.0,49.30808812253886,0,0,49.30808812253886,0.0,0.0,0,0
832201,58.5,59.0,18.5,0.0,0.0,0.0,40.0,1.0,1.0,1.0,0.0,0.0,0.0,0.0,0.0,0.0,100.0,100.0,100.0,1000.0,1000.0,1000.0,49.30808812253886,0,0,49.30808812253886,0.0,0.0,0,0
832401,58.5,59.0,18.5,0.0,0.0,0.0,40.0,1.0,1.0,1.0,0.0,0.0,0.0,0.0,0.0,0.0,100.0,100.0,100.0,1000.0,1000.0,1000.0,49.30808812253886,0,0,49.30808812253886,0.0,0.0,0,0
832601,58.5,59.0,18.5,0.0,0.0,0.0,40.0,1.0,1.0,1.0,0.0,0.0,0.0,0.0,0.0,0.0,100.0,100.0,100.0,1000.0,1000.0,1000.0,49.30808812253886,0,0,49.30808812253886,0.0,0.0,0,0
832801,58.5,59.0,18.5,0.0,0.0,0.0,40.0,1.0,1.0,1.0,0.0,0.0,0.0,0.0,0.0,0.0,100.0,100.0,100.0,1000.0,1000.0,1000.0,49.30808812253886,0,0,49.30808812253886,0.0,0.0,0,0
833001,58.5,59.0,18.5,0.0,0.0,0.0,40.0,1.0,1.0,1.0,0.0,0.0,0.0,0.0,0.0,0.0,100.0,100.0,100.0,1000.0,1000.0,1000.0,49.30808812253886,0,0,49.30808812253886,0.0,0.0,0,0
833201,58.5,59.0,18.5,0.0,0.0,0.0,40.0,1.0,1.0,1.0,0.0,0.0,0.0,0.0,0.0,0.0,100.0,100.0,100.0,1000.0,1000.0,1000.0,49.30808812253886,0,0,49.30808812253886,0.0,0.0,0,0
833401,58.5,59.0,18.5,0.0,0.0,0.0,40.0,1.0,1.0,1.0,0.0,0.0,0.0,0.0,0.0,0.0,100.0,100.0,100.0,1000.0,1000.0,1000.0,49.30808812253886,0,0,49.30808812253886,0.0,0.0,0,0
833601,58.5,59.0,18.5,0.0,0.0,0.0,40.0,1.0,1.0,1.0,0.0,0.0,0.0,0.0,0.0,0.0,100.0,100.0,100.0,1000.0,1000.0,1000.0,49.30808812253886,0,0,49.30808812253886,0.0,0.0,0,0
833801,58.5,59.0,18.5,0.0,0.0,0.0,40.0,1.0,1.0,1.0,0.0,0.0,0.0,0.0,0.0,0.0,100.0,100.0,100.0,1000.0,1000.0,1000.0,49.30808812253886,0,0,49.30808812253886,0.0,0.0,0,0
834001,58.5,59.0,18.5,0.0,0.0,0.0,40.0,1.0,1.0,1.0,0.0,0.0,0.0,0.0,0.0,0.0,100.0,100.0,100.0,1000.0,1000.0,1000.0,49.30808812253886,0,0,49.30808812253886,0.0,0.0,0,0
834201,58.5,59.0,18.5,0.0,0.0,0.0,40.0,1.0,1.0,1.0,0.0,0.0,0.0,0.0,0.0,0.0,100.0,100.0,100.0,1000.0,1000.0,1000.0,49.30808812253886,0,0,49.30808812253886,0.0,0.0,0,0
834401,58.5,59.0,18.5,0.0,0.0,0.0,40.0,1.0,1.0,1.0,0.0,0.0,0.0,0.0,0.0,0.0,100.0,100.0,100.0,1000.0,1000.0,1000.0,49.30808812253886,0,0,49.30808812253886,0.0,0.0,0,0
834601,58.5,59.0,18.5,0.0,0.0,0.0,40.0,1.0,1.0,1.0,0.0,0.0,0.0,0.0,0.0,0.0,100.0,100.0,100.0,1000.0,1000.0,1000.0,49.30808812253886,0,0,49.30808812253886,0.0,0.0,0,0
834801,58.5,59.0,18.5,0.0,0.0,0.0,40.0,1.0,1.0,1.0,0.0,0.0,0.0,0.0,0.0,0.0,100.0,100.0,100.0,1000.0,1000.0,1000.0,49.30808812253886,0,0,49.30808812253886,0.0,0.0,0,0
835001,58.5,59.0,18.5,0.0,0.0,0.0,40.0,1.0,1.0,1.0,0.0,0.0,0.0,0.0,0.0,0.0,100.0,100.0,100.0,1000.0,1000.0,1000.0,49.30808812253886,0,0,49.30808812253886,0.0,0.0,0,0
835201,58.5,59.0,18.5,0.0,0.0,0.0,40.0,1.0,1.0,1.0,0.0,0.0,0.0,0.0,0.0,0.0,100.0,100.0,100.0,1000.0,1000.0,1000.0,49.30808812253886,0,0,49.30808812253886,0.0,0.0,0,0
835401,58.5,59.0,18.5,0.0,0.0,0.0,40.0,1.0,1.0,1.0,0.0,0.0,0.0,0.0,0.0,0.0,100.0,100.0,100.0,1000.0,1000.0,1000.0,49.30808812253886,0,0,49.30808812253886,0.0,0.0,0,0
835601,58.5,59.0,18.5,0.0,0.0,0.0,40.0,1.0,1.0,1.0,0.0,0.0,0.0,0.0,0.0,0.0,100.0,100.0,100.0,1000.0,1000.0,1000.0,49.30808812253886,0,0,49.30808812253886,0.0,0.0,0,0
835801,58.5,59.0,18.5,0.0,0.0,0.0,40.0,1.0,1.0,1.0,0.0,0.0,0.0,0.0,0.0,0.0,100.0,100.0,100.0,1000.0,1000.0,1000.0,49.30808812253886,0,0,49.30808812253886,0.0,0.0,0,0
836001,58.5,59.0,18.5,0.0,0.0,0.0,40.0,1.0,1.0,1.0,0.0,0.0,0.0,0.0,0.0,0.0,100.0,100.0,100.0,1000.0,1000.0,1000.0,49.30808812253886,0,0,49.30808812253886,0.0,0.0,0,0
836201,58.5,59.0,18.5,0.0,0.0,0.0,40.0,1.0,1.0,1.0,0.0,0.0,0.0,0.0,0.0,0.0,100.0,100.0,100.0,1000.0,1000.0,1000.0,49.30808812253886,0,0,49.30808812253886,0.0,0.0,0,0
836401,58.5,59.0,18.5,0.0,0.0,0.0,40.0,1.0,1.0,1.0,0.0,0.0,0.0,0.0,0.0,0.0,100.0,100.0,100.0,1000.0,1000.0,1000.0,49.30808812253886,0,0,49.30808812253886,0.0,0.0,0,0
836601,58.5,59.0,18.5,0.0,0.0,0.0,40.0,1.0,1.0,1.0,0.0,0.0,0.0,0.0,0.0,0.0,100.0,100.0,100.0,1000.0,1000.0,1000.0,49.30808812253886,0,0,49.30808812253886,0.0,0.0,0,0
836801,58.5,59.0,18.5,0.0,0.0,0.0,40.0,1.0,1.0,1.0,0.0,0.0,0.0,0.0,0.0,0.0,100.0,100.0,100.0,1000.0,1000.0,1000.0,49.30808812253886,0,0,49.30808812253886,0.0,0.0,0,0
837001,58.5,59.0,18.5,0.0,0.0,0.0,40.0,1.0,1.0,1.0,0.0,0.0,0.0,0.0,0.0,0.0,100.0,100.0,100.0,1000.0,1000.0,1000.0,49.30808812253886,0,0,49.30808812253886,0.0,0.0,0,0
837201,58.5,59.0,18.5,0.0,0.0,0.0,40.0,1.0,1.0,1.0,0.0,0.0,0.0,0.0,0.0,0.0,100.0,100.0,100.0,1000.0,1000.0,1000.0,49.30808812253886,0,0,49.30808812253886,0.0,0.0,0,0
837401,58.5,59.0,18.5,0.0,0.0,0.0,40.0,1.0,1.0,1.0,0.0,0.0,0.0,0.0,0.0,0.0,100.0,100.0,100.0,1000.0,1000.0,1000.0,49.30808812253886,0,0,49.30808812253886,0.0,0.0,0,0
837601,58.5,59.0,18.5,0.0,0.0,0.0,40.0,1.0,1.0,1.0,0.0,0.0,0.0,0.0,0.0,0.0,100.0,100.0,100.0,1000.0,1000.0,1000.0,49.30808812253886,0,0,49.30808812253886,0.0,0.0,0,0
837801,58.5,59.0,18.5,0.0,0.0,0.0,40.0,1.0,1.0,1.0,0.0,0.0,0.0,0.0,0.0,0.0,100.0,100.0,100.0,1000.0,1000.0,1000.0,49.30808812253886,0,0,49.30808812253886,0.0,0.0,0,0
838001,58.5,59.0,18.5,0.0,0.0,0.0,40.0,1.0,1.0,1.0,0.0,0.0,0.0,0.0,0.0,0.0,100.0,100.0,100.0,1000.0,1000.0,1000.0,49.30808812253886,0,0,49.30808812253886,0.0,0.0,0,0
838201,58.5,59.0,18.5,0.0,0.0,0.0,40.0,1.0,1.0,1.0,0.0,0.0,0.0,0.0,0.0,0.0,100.0,100.0,100.0,1000.0,1000.0,1000.0,49.30808812253886,0,0,49.30808812253886,0.0,0.0,0,0
838401,58.5,59.0,18.5,0.0,0.0,0.0,40.0,1.0,1.0,1.0,0.0,0.0,0.0,0.0,0.0,0.0,100.0,100.0,100.0,1000.0,1000.0,1000.0,49.30808812253886,0,0,49.30808812253886,0.0,0.0,0,0
838601,58.5,59.0,18.5,0.0,0.0,0.0,40.0,1.0,1.0,1.0,0.0,0.0,0.0,0.0,0.0,0.0,100.0,100.0,100.0,1000.0,1000.0,1000.0,49.30808812253886,0,0,49.30808812253886,0.0,0.0,0,0
838801,58.5,59.0,18.5,0.0,0.0,0.0,40.0,1.0,1.0,1.0,0.0,0.0,0.0,0.0,0.0,0.0,100.0,100.0,100.0,1000.0,1000.0,1000.0,49.30808812253886,0,0,49.30808812253886,0.0,0.0,0,0
839001,58.5,59.0,18.5,0.0,0.0,0.0,40.0,1.0,1.0,1.0,0.0,0.0,0.0,0.0,0.0,0.0,100.0,100.0,100.0,1000.0,1000.0,1000.0,49.30808812253886,0,0,49.30808812253886,0.0,0.0,0,0
839201,58.5,59.0,18.5,0.0,0.0,0.0,40.0,1.0,1.0,1.0,0.0,0.0,0.0,0.0,0.0,0.0,100.0,100.0,100.0,1000.0,1000.0,1000.0,49.30808812253886,0,0,49.30808812253886,0.0,0.0,0,0
839401,58.5,59.0,18.5,0.0,0.0,0.0,40.0,1.0,1.0,1.0,0.0,0.0,0.0,0.0,0.0,0.0,100.0,100.0,100.0,1000.0,1000.0,1000.0,49.30808812253886,0,0,49.30808812253886,0.0,0.0,0,0
839601,58.5,59.0,18.5,0.0,0.0,0.0,40.0,1.0,1.0,1.0,0.0,0.0,0.0,0.0,0.0,0.0,100.0,100.0,100.0,1000.0,1000.0,1000.0,49.30808812253886,0,0,49.30808812253886,0.0,0.0,0,0
839801,58.5,59.0,18.5,0.0,0.0,0.0,40.0,1.0,1.0,1.0,0.0,0.0,0.0,0.0,0.0,0.0,100.0,100.0,100.0,1000.0,1000.0,1000.0,49.30808812253886,0,0,49.30808812253886,0.0,0.0,0,0
840001,58.5,59.0,18.5,0.0,0.0,0.0,40.0,1.0,1.0,1.0,0.0,0.0,0.0,0.0,0.0,0.0,100.0,100.0,100.0,1000.0,1000.0,1000.0,49.30808812253886,0,0,49.30808812253886,0.0,0.0,0,0
840201,58.5,59.0,18.5,0.0,0.0,0.0,40.0,1.0,1.0,1.0,0.0,0.0,0.0,0.0,0.0,0.0,100.0,100.0,100.0,1000.0,1000.0,1000.0,37.663959121925764,0,0,37.663959121925764,0.0,0.0,1,0
840401,58.5,59.0,18.5,0.0,0.0,0.0,40.0,1.0,1.0,1.0,0.0,0.0,0.0,0.0,0.0,0.0,100.0,100.0,100.0,1000.0,1000.0,1000.0,37.663959121925764,0,0,37.663959121925764,0.0,0.0,0,0
840601,58.5,59.0,18.5,0.0,0.0,0.0,40.0,1.0,1.0,1.0,0.0,0.0,0.0,0.0,0.0,0.0,100.0,100.0,100.0,1000.0,1000.0,1000.0,37.663959121925764,0,0,37.663959121925764,0.0,0.0,0,0
840801,58.5,59.0,18.5,0.0,0.0,0.0,40.0,1.0,1.0,1.0,0.0,0.0,0.0,0.0,0.0,0.0,100.0,100.0,100.0,1000.0,1000.0,1000.0,37.663959121925764,0,0,37.663959121925764,0.0,0.0,0,0
841001,58.5,59.0,18.5,0.0,0.0,0.0,40.0,1.0,1.0,1.0,0.0,0.0,0.0,0.0,0.0,0.0,100.0,100.0,100.0,1000.0,1000.0,1000.0,37.663959121925764,0,0,37.663959121925764,0.0,0.0,0,0
841201,58.5,59.0,18.5,0.0,0.0,0.0,40.0,1.0,1.0,1.0,0.0,0.0,0.0,0.0,0.0,0.0,100.0,100.0,100.0,1000.0,1000.0,1000.0,37.663959121925764,0,0,37.663959121925764,0.0,0.0,0,0
841401,58.5,59.0,18.5,0.0,0.0,0.0,40.0,1.0,1.0,1.0,0.0,0.0,0.0,0.0,0.0,0.0,100.0,100.0,100.0,1000.0,1000.0,1000.0,37.663959121925764,0,0,37.663959121925764,0.0,0.0,0,0
841601,58.5,59.0,18.5,0.0,0.0,0.0,40.0,1.0,1.0,1.0,0.0,0.0,0.0,0.0,0.0,0.0,100.0,100.0,100.0,1000.0,1000.0,1000.0,37.663959121925764,0,0,37.663959121925764,0.0,0.0,0,0
841801,58.5,59.0,18.5,0.0,0.0,0.0,40.0,1.0,1.0,1.0,0.0,0.0,0.0,0.0,0.0,0.0,100.0,100.0,100.0,1000.0,1000.0,1000.0,37.663959121925764,0,0,37.663959121925764,0.0,0.0,0,0
842001,58.5,59.0,18.5,0.0,0.0,0.0,40.0,1.0,1.0,1.0,0.0,0.0,0.0,0.0,0.0,0.0,100.0,100.0,100.0,1000.0,1000.0,1000.0,37.663959121925764,0,0,37.663959121925764,0.0,0.0,0,0
842201,58.5,59.0,18.5,0.0,0.0,0.0,40.0,1.0,1.0,1.0,0.0,0.0,0.0,0.0,0.0,0.0,100.0,100.0,100.0,1000.0,1000.0,1000.0,37.663959121925764,0,0,37.663959121925764,0.0,0.0,0,0
842401,58.5,59.0,18.5,0.0,0.0,0.0,40.0,1.0,1.0,1.0,0.0,0.0,0.0,0.0,0.0,0.0,100.0,100.0,100.0,1000.0,1000.0,1000.0,37.663959121925764,0,0,37.663959121925764,0.0,0.0,0,0
842601,58.5,59.0,18.5,0.0,0.0,0.0,40.0,1.0,1.0,1.0,0.0,0.0,0.0,0.0,0.0,0.0,100.0,100.0,100.0,1000.0,1000.0,1000.0,37.663959121925764,0,0,37.663959121925764,0.0,0.0,0,0
842801,58.5,59.0,18.5,0.0,0.0,0.0,40.0,1.0,1.0,1.0,0.0,0.0,0.0,0.0,0.0,0.0,100.0,100.0,100.0,1000.0,1000.0,1000.0,37.663959121925764,0,0,37.663959121925764,0.0,0.0,0,0
843001,58.5,59.0,18.5,0.0,0.0,0.0,40.0,1.0,1.0,1.0,0.0,0.0,0.0,0.0,0.0,0.0,100.0,100.0,100.0,1000.0,1000.0,1000.0,37.663959121925764,0,0,37.663959121925764,0.0,0.0,0,0
843201,58.5,59.0,18.5,0.0,0.0,0.0,40.0,1.0,1.0,1.0,0.0,0.0,0.0,0.0,0.0,0.0,100.0,100.0,100.0,1000.0,1000.0,1000.0,37.663959121925764,0,0,37.663959121925764,0.0,0.0,0,0
843401,58.5,59.0,18.5,0.0,0.0,0.0,40.0,1.0,1.0,1.0,0.0,0.0,0.0,0.0,0.0,0.0,100.0,100.0,100.0,1000.0,1000.0,1000.0,37.663959121925764,0,0,37.663959121925764,0.0,0.0,0,0
843601,58.5,59.0,18.5,0.0,0.0,0.0,40.0,1.0,1.0,1.0,0.0,0.0,0.0,0.0,0.0,0.0,100.0,100.0,100.0,1000.0,1000.0,1000.0,37.663959121925764,0,0,37.663959121925764,0.0,0.0,0,0
843801,58.5,59.0,18.5,0.0,0.0,0.0,40.0,1.0,1.0,1.0,0.0,0.0,0.0,0.0,0.0,0.0,100.0,100.0,100.0,1000.0,1000.0,1000.0,37.663959121925764,0,0,37.663959121925764,0.0,0.0,0,0
844001,58.5,59.0,18.5,0.0,0.0,0.0,40.0,1.0,1.0,1.0,0.0,0.0,0.0,0.0,0.0,0.0,100.0,100.0,100.0,1000.0,1000.0,1000.0,37.663959121925764,0,0,37.663959121925764,0.0,0.0,0,0
844201,58.5,59.0,18.5,0.0,0.0,0.0,40.0,1.0,1.0,1.0,0.0,0.0,0.0,0.0,0.0,0.0,100.0,100.0,100.0,1000.0,1000.0,1000.0,37.663959121925764,0,0,37.663959121925764,0.0,0.0,0,0
844401,58.5,59.0,18.5,0.0,0.0,0.0,40.0,1.0,1.0,1.0,0.0,0.0,0.0,0.0,0.0,0.0,100.0,100.0,100.0,1000.0,1000.0,1000.0,37.663959121925764,0,0,37.663959121925764,0.0,0.0,0,0
844601,58.5,59.0,18.5,0.0,0.0,0.0,40.0,1.0,1.0,1.0,0.0,0.0,0.0,0.0,0.0,0.0,100.0,100.0,100.0,1000.0,1000.0,1000.0,37.663959121925764,0,0,37.663959121925764,0.0,0.0,0,0
844801,58.5,59.0,18.5,0.0,0.0,0.0,40.0,1.0,1.0,1.0,0.0,0.0,0.0,0.0,0.0,0.0,100.0,100.0,100.0,1000.0,1000.0,1000.0,37.663959121925764,0,0,37.663959121925764,0.0,0.0,0,0
845001,58.5,59.0,18.5,0.0,0.0,0.0,40.0,1.0,1.0,1.0,0.0,0.0,0.0,0.0,0.0,0.0,100.0,100.0,100.0,1000.0,1000.0,1000.0,37.663959121925764,0,0,37.663959121925764,0.0,0.0,0,0
845201,58.5,59.0,18.5,0.0,0.0,0.0,40.0,1.0,1.0,1.0,0.0,0.0,0.0,0.0,0.0,0.0,100.0,100.0,100.0,1000.0,1000.0,1000.0,37.663959121925764,0,0,37.663959121925764,0.0,0.0,0,0
845401,58.5,59.0,18.5,0.0,0.0,0.0,40.0,1.0,1.0,1.0,0.0,0.0,0.0,0.0,0.0,0.0,100.0,100.0,100.0,1000.0,1000.0,1000.0,37.663959121925764,0,0,37.663959121925764,0.0,0.0,0,0
845601,58.5,59.0,18.5,0.0,0.0,0.0,40.0,1.0,1.0,1.0,0.0,0.0,0.0,0.0,0.0,0.0,100.0,100.0,100.0,1000.0,1000.0,1000.0,37.663959121925764,0,0,37.663959121925764,0.0,0.0,0,0
845801,58.5,59.0,18.5,0.0,0.0,0.0,40.0,1.0,1.0,1.0,0.0,0.0,0.0,0.0,0.0,0.0,100.0,100.0,100.0,1000.0,1000.0,1000.0,37.663959121925764,0,0,37.663959121925764,0.0,0.0,0,0
846001,58.5,59.0,18.5,0.0,0.0,0.0,40.0,1.0,1.0,1.0,0.0,0.0,0.0,0.0,0.0,0.0,100.0,100.0,100.0,1000.0,1000.0,1000.0,37.663959121925764,0,0,37.663959121925764,0.0,0.0,0,0
846201,58.5,59.0,18.5,0.0,0.0,0.0,40.0,1.0,1.0,1.0,0.0,0.0,0.0,0.0,0.0,0.0,100.0,100.0,100.0,1000.0,1000.0,1000.0,37.663959121925764,0,0,37.663959121925764,0.0,0.0,0,0
846401,58.5,59.0,18.5,0.0,0.0,0.0,40.0,1.0,1.0,1.0,0.0,0.0,0.0,0.0,0.0,0.0,100.0,100.0,100.0,1000.0,1000.0,1000.0,37.663959121925764,0,0,37.663959121925764,0.0,0.0,0,0
846601,58.5,59.0,18.5,0.0,0.0,0.0,40.0,1.0,1.0,1.0,0.0,0.0,0.0,0.0,0.0,0.0,100.0,100.0,100.0,1000.0,1000.0,1000.0,37.663959121925764,0,0,37.663959121925764,0.0,0.0,0,0
846801,58.5,59.0,18.5,0.0,0.0,0.0,40.0,1.0,1.0,1.0,0.0,0.0,0.0,0.0,0.0,0.0,100.0,100.0,100.0,1000.0,1000.0,1000.0,37.663959121925764,0,0,37.663959121925764,0.0,0.0,0,0
847001,58.5,59.0,18.5,0.0,0.0,0.0,40.0,1.0,1.0,1.0,0.0,0.0,0.0,0.0,0.0,0.0,100.0,100.0,100.0,1000.0,1000.0,1000.0,37.663959121925764,0,0,37.663959121925764,0.0,0.0,0,0
847201,58.5,59.0,18.5,0.0,0.0,0.0,40.0,1.0,1.0,1.0,0.0,0.0,0.0,0.0,0.0,0.0,100.0,100.0,100.0,1000.0,1000.0,1000.0,37.663959121925764,0,0,37.663959121925764,0.0,0.0,0,0
847401,58.5,59.0,18.5,0.0,0.0,0.0,40.0,1.0,1.0,1.0,0.0,0.0,0.0,0.0,0.0,0.0,100.0,100.0,100.0,1000.0,1000.0,1000.0,37.663959121925764,0,0,37.663959121925764,0.0,0.0,0,0
847601,58.5,59.0,18.5,0.0,0.0,0.0,40.0,1.0,1.0,1.0,0.0,0.0,0.0,0.0,0.0,0.0,100.0,100.0,100.0,1000.0,1000.0,1000.0,37.663959121925764,0,0,37.663959121925764,0.0,0.0,0,0
847801,58.5,59.0,18.5,0.0,0.0,0.0,40.0,1.0,1.0,1.0,0.0,0.0,0.0,0.0,0.0,0.0,100.0,100.0,100.0,1000.0,1000.0,1000.0,37.663959121925764,0,0,37.663959121925764,0.0,0.0,0,0
848001,58.5,59.0,18.5,0.0,0.0,0.0,40.0,1.0,1.0,1.0,0.0,0.0,0.0,0.0,0.0,0.0,100.0,100.0,100.0,1000.0,1000.0,1000.0,37.663959121925764,0,0,37.663959121925764,0.0,0.0,0,0
848201,58.5,59.0,18.5,0.0,0.0,0.0,40.0,1.0,1.0,1.0,0.0,0.0,0.0,0.0,0.0,0.0,100.0,100.0,100.0,1000.0,1000.0,1000.0,37.663959121925764,0,0,37.663959121925764,0.0,0.0,0,0
848401,58.5,59.0,18.5,0.0,0.0,0.0,40.0,1.0,1.0,1.0,0.0,0.0,0.0,0.0,0.0,0.0,100.0,100.0,100.0,1000.0,1000.0,1000.0,37.663959121925764,0,0,37.663959121925764,0.0,0.0,0,0
848601,58.5,59.0,18.5,0.0,0.0,0.0,40.0,1.0,1.0,1.0,0.0,0.0,0.0,0.0,0.0,0.0,100.0,100.0,100.0,1000.0,1000.0,1000.0,37.663959121925764,0,0,37.663959121925764,0.0,0.0,0,0
848801,58.5,59.0,18.5,0.0,0.0,0.0,40.0,1.0,1.0,1.0,0.0,0.0,0.0,0.0,0.0,0.0,100.0,100.0,100.0,1000.0,1000.0,1000.0,37.663959121925764,0,0,37.663959121925764,0.0,0.0,0,0
849001,58.5,59.0,18.5,0.0,0.0,0.0,40.0,1.0,1.0,1.0,0.0,0.0,0.0,0.0,0.0,0.0,100.0,100.0,100.0,1000.0,1000.0,1000.0,37.663959121925764,0,0,37.663959121925764,0.0,0.0,0,0
849201,58.5,59.0,18.5,0.0,0.0,0.0,40.0,1.0,1.0,1.0,0.0,0.0,0.0,0.0,0.0,0.0,100.0,100.0,100.0,1000.0,1000.0,1000.0,37.663959121925764,0,0,37.663959121925764,0.0,0.0,0,0
849401,58.5,59.0,18.5,0.0,0.0,0.0,40.0,1.0,1.0,1.0,0.0,0.0,0.0,0.0,0.0,0.0,100.0,100.0,100.0,1000.0,1000.0,1000.0,37.663959121925764,0,0,37.663959121925764,0.0,0.0,0,0
849601,58.5,59.0,18.5,0.0,0.0,0.0,40.0,1.0,1.0,1.0,0.0,0.0,0.0,0.0,0.0,0.0,100.0,100.0,100.0,1000.0,1000.0,1000.0,37.663959121925764,0,0,37.663959121925764,0.0,0.0,0,0
849801,58.5,59.0,18.5,0.0,0.0,0.0,40.0,1.0,1.0,1.0,0.0,0.0,0.0,0.0,0.0,0.0,100.0,100.0,100.0,1000.0,1000.0,1000.0,37.663959121925764,0,0,37.663959121925764,0.0,0.0,0,0
850001,58.5,59.0,18.5,0.0,0.0,0.0,40.0,1.0,1.0,1.0,0.0,0.0,0.0,0.0,0.0,0.0,100.0,100.0,100.0,1000.0,1000.0,1000.0,37.663959121925764,0,0,37.663959121925764,0.0,0.0,0,0
850201,58.5,59.0,18.5,0.0,0.0,0.0,40.0,1.0,1.0,1.0,0.0,0.0,0.0,0.0,0.0,0.0,100.0,100.0,100.0,1000.0,1000.0,1000.0,37.663959121925764,0,0,37.663959121925764,0.0,0.0,0,0
850401,58.5,59.0,18.5,0.0,0.0,0.0,40.0,1.0,1.0,1.0,0.0,0.0,0.0,0.0,0.0,0.0,100.0,100.0,100.0,1000.0,1000.0,1000.0,37.663959121925764,0,0,37.663959121925764,0.0,0.0,0,0
850601,58.5,59.0,18.5,0.0,0.0,0.0,40.0,1.0,1.0,1.0,0.0,0.0,0.0,0.0,0.0,0.0,100.0,100.0,100.0,1000.0,1000.0,1000.0,37.663959121925764,0,0,37.663959121925764,0.0,0.0,0,0
850801,58.5,59.0,18.5,0.0,0.0,0.0,40.0,1.0,1.0,1.0,0.0,0.0,0.0,0.0,0.0,0.0,100.0,100.0,100.0,1000.0,1000.0,1000.0,37.663959121925764,0,0,37.663959121925764,0.0,0.0,0,0
851001,58.5,59.0,18.5,0.0,0.0,0.0,40.0,1.0,1.0,1.0,0.0,0.0,0.0,0.0,0.0,0.0,100.0,100.0,100.0,1000.0,1000.0,1000.0,37.663959121925764,0,0,37.663959121925764,0.0,0.0,0,0
851201,58.5,59.0,18.5,0.0,0.0,0.0,40.0,1.0,1.0,1.0,0.0,0.0,0.0,0.0,0.0,0.0,100.0,100.0,100.0,1000.0,1000.0,1000.0,37.663959121925764,0,0,37.663959121925764,0.0,0.0,0,0
851401,58.5,59.0,18.5,0.0,0.0,0.0,40.0,1.0,1.0,1.0,0.0,0.0,0.0,0.0,0.0,0.0,100.0,100.0,100.0,1000.0,1000.0,1000.0,37.663959121925764,0,0,37.663959121925764,0.0,0.0,0,0
851601,58.5,59.0,18.5,0.0,0.0,0.0,40.0,1.0,1.0,1.0,0.0,0.0,0.0,0.0,0.0,0.0,100.0,100.0,100.0,1000.0,1000.0,1000.0,37.663959121925764,0,0,37.663959121925764,0.0,0.0,0,0
851801,58.5,59.0,18.5,0.0,0.0,0.0,40.0,1.0,1.0,1.0,0.0,0.0,0.0,0.0,0.0,0.0,100.0,100.0,100.0,1000.0,1000.0,1000.0,37.663959121925764,0,0,37.663959121925764,0.0,0.0,0,0
852001,58.5,59.0,18.5,0.0,0.0,0.0,40.0,1.0,1.0,1.0,0.0,0.0,0.0,0.0,0.0,0.0,100.0,100.0,100.0,1000.0,1000.0,1000.0,37.663959121925764,0,0,37.663959121925764,0.0,0.0,0,0
852201,58.5,59.0,18.5,0.0,0.0,0.0,40.0,1.0,1.0,1.0,0.0,0.0,0.0,0.0,0.0,0.0,100.0,100.0,100.0,1000.0,1000.0,1000.0,37.663959121925764,0,0,37.663959121925764,0.0,0.0,0,0
852401,58.5,59.0,18.5,0.0,0.0,0.0,40.0,1.0,1.0,1.0,0.0,0.0,0.0,0.0,0.0,0.0,100.0,100.0,100.0,1000.0,1000.0,1000.0,37.663959121925764,0,0,37.663959121925764,0.0,0.0,0,0
852601,58.5,59.0,18.5,0.0,0.0,0.0,40.0,1.0,1.0,1.0,0.0,0.0,0.0,0.0,0.0,0.0,100.0,100.0,100.0,1000.0,1000.0,1000.0,37.663959121925764,0,0,37.663959121925764,0.0,0.0,0,0
852801,58.5,59.0,18.5,0.0,0.0,0.0,40.0,1.0,1.0,1.0,0.0,0.0,0.0,0.0,0.0,0.0,100.0,100.0,100.0,1000.0,1000.0,1000.0,37.663959121925764,0,0,37.663959121925764,0.0,0.0,0,0
853001,58.5,59.0,18.5,0.0,0.0,0.0,40.0,1.0,1.0,1.0,0.0,0.0,0.0,0.0,0.0,0.0,100.0,100.0,100.0,1000.0,1000.0,1000.0,37.663959121925764,0,0,37.663959121925764,0.0,0.0,0,0
853201,58.5,59.0,18.5,0.0,0.0,0.0,40.0,1.0,1.0,1.0,0.0,0.0,0.0,0.0,0.0,0.0,100.0,100.0,100.0,1000.0,1000.0,1000.0,37.663959121925764,0,0,37.663959121925764,0.0,0.0,0,0
853401,58.5,59.0,18.5,0.0,0.0,0.0,40.0,1.0,1.0,1.0,0.0,0.0,0.0,0.0,0.0,0.0,100.0,100.0,100.0,1000.0,1000.0,1000.0,37.663959121925764,0,0,37.663959121925764,0.0,0.0,0,0
853601,58.5,59.0,18.5,0.0,0.0,0.0,40.0,1.0,1.0,1.0,0.0,0.0,0.0,0.0,0.0,0.0,100.0,100.0,100.0,1000.0,1000.0,1000.0,37.663959121925764,0,0,37.663959121925764,0.0,0.0,0,0
853801,58.5,59.0,18.5,0.0,0.0,0.0,40.0,1.0,1.0,1.0,0.0,0.0,0.0,0.0,0.0,0.0,100.0,100.0,100.0,1000.0,1000.0,1000.0,37.663959121925764,0,0,37.663959121925764,0.0,0.0,0,0
854001,58.5,59.0,18.5,0.0,0.0,0.0,40.0,1.0,1.0,1.0,0.0,0.0,0.0,0.0,0.0,0.0,100.0,100.0,100.0,1000.0,1000.0,1000.0,37.663959121925764,0,0,37.663959121925764,0.0,0.0,0,0
854201,58.5,59.0,18.5,0.0,0.0,0.0,40.0,1.0,1.0,1.0,0.0,0.0,0.0,0.0,0.0,0.0,100.0,100.0,100.0,1000.0,1000.0,1000.0,37.663959121925764,0,0,37.663959121925764,0.0,0.0,0,0
854401,58.5,59.0,18.5,0.0,0.0,0.0,40.0,1.0,1.0,1.0,0.0,0.0,0.0,0.0,0.0,0.0,100.0,100.0,100.0,1000.0,1000.0,1000.0,37.663959121925764,0,0,37.663959121925764,0.0,0.0,0,0
854601,58.5,59.0,18.5,0.0,0.0,0.0,40.0,1.0,1.0,1.0,0.0,0.0,0.0,0.0,0.0,0.0,100.0,100.0,100.0,1000.0,1000.0,1000.0,37.663959121925764,0,0,37.663959121925764,0.0,0.0,0,0
854801,58.5,59.0,18.5,0.0,0.0,0.0,40.0,1.0,1.0,1.0,0.0,0.0,0.0,0.0,0.0,0.0,100.0,100.0,100.0,1000.0,1000.0,1000.0,37.663959121925764,0,0,37.663959121925764,0.0,0.0,0,0
855001,58.5,59.0,18.5,0.0,0.0,0.0,40.0,1.0,1.0,1.0,0.0,0.0,0.0,0.0,0.0,0.0,100.0,100.0,100.0,1000.0,1000.0,1000.0,37.663959121925764,0,0,37.663959121925764,0.0,0.0,0,0
855201,58.5,59.0,18.5,0.0,0.0,0.0,40.0,1.0,1.0,1.0,0.0,0.0,0.0,0.0,0.0,0.0,100.0,100.0,100.0,1000.0,1000.0,1000.0,49.27707845808982,0,0,49.27707845808982,0.0,0.0,1,0
855401,58.5,59.0,18.5,0.0,0.0,0.0,40.0,1.0,1.0,1.0,0.0,0.0,0.0,0.0,0.0,0.0,100.0,100.0,100.0,1000.0,1000.0,1000.0,49.27707845808982,0,0,49.27707845808982,0.0,0.0,0,0
855601,58.5,59.0,18.5,0.0,0.0,0.0,40.0,1.0,1.0,1.0,0.0,0.0,0.0,0.0,0.0,0.0,100.0,100.0,100.0,1000.0,1000.0,1000.0,49.27707845808982,0,0,49.27707845808982,0.0,0.0,0,0
855801,58.5,59.0,18.5,0.0,0.0,0.0,40.0,1.0,1.0,1.0,0.0,0.0,0.0,0.0,0.0,0.0,100.0,100.0,100.0,1000.0,1000.0,1000.0,49.27707845808982,0,0,49.27707845808982,0.0,0.0,0,0
856001,58.5,59.0,18.5,0.0,0.0,0.0,40.0,1.0,1.0,1.0,0.0,0.0,0.0,0.0,0.0,0.0,100.0,100.0,100.0,1000.0,1000.0,1000.0,49.27707845808982,0,0,49.27707845808982,0.0,0.0,0,0
856201,58.5,59.0,18.5,0.0,0.0,0.0,40.0,1.0,1.0,1.0,0.0,0.0,0.0,0.0,0.0,0.0,100.0,100.0,100.0,1000.0,1000.0,1000.0,49.27707845808982,0,0,49.27707845808982,0.0,0.0,0,0
856401,58.5,59.0,18.5,0.0,0.0,0.0,40.0,1.0,1.0,1.0,0.0,0.0,0.0,0.0,0.0,0.0,100.0,100.0,100.0,1000.0,1000.0,1000.0,49.27707845808982,0,0,49.27707845808982,0.0,0.0,0,0
856601,58.5,59.0,18.5,0.0,0.0,0.0,40.0,1.0,1.0,1.0,0.0,0.0,0.0,0.0,0.0,0.0,100.0,100.0,100.0,1000.0,1000.0,1000.0,49.27707845808982,0,0,49.27707845808982,0.0,0.0,0,0
856801,58.5,59.0,18.5,0.0,0.0,0.0,40.0,1.0,1.0,1.0,0.0,0.0,0.0,0.0,0.0,0.0,100.0,100.0,100.0,1000.0,1000.0,1000.0,49.27707845808982,0,0,49.27707845808982,0.0,0.0,0,0
857001,58.5,59.0,18.5,0.0,0.0,0.0,40.0,1.0,1.0,1.0,0.0,0.0,0.0,0.0,0.0,0.0,100.0,100.0,100.0,1000.0,1000.0,1000.0,49.27707845808982,0,0,49.27707845808982,0.0,0.0,0,0
857201,58.5,59.0,18.5,0.0,0.0,0.0,40.0,1.0,1.0,1.0,0.0,0.0,0.0,0.0,0.0,0.0,100.0,100.0,100.0,1000.0,1000.0,1000.0,49.27707845808982,0,0,49.27707845808982,0.0,0.0,0,0
857401,58.5,59.0,18.5,0.0,0.0,0.0,40.0,1.0,1.0,1.0,0.0,0.0,0.0,0.0,0.0,0.0,100.0,100.0,100.0,1000.0,1000.0,1000.0,49.27707845808982,0,0,49.27707845808982,0.0,0.0,0,0
857601,58.5,59.0,18.5,0.0,0.0,0.0,40.0,1.0,1.0,1.0,0.0,0.0,0.0,0.0,0.0,0.0,100.0,100.0,100.0,1000.0,1000.0,1000.0,49.27707845808982,0,0,49.27707845808982,0.0,0.0,0,0
857801,58.5,59.0,18.5,0.0,0.0,0.0,40.0,1.0,1.0,1.0,0.0,0.0,0.0,0.0,0.0,0.0,100.0,100.0,100.0,1000.0,1000.0,1000.0,49.27707845808982,0,0,49.27707845808982,0.0,0.0,0,0
858001,58.5,59.0,18.5,0.0,0.0,0.0,40.0,1.0,1.0,1.0,0.0,0.0,0.0,0.0,0.0,0.0,100.0,100.0,100.0,1000.0,1000.0,1000.0,49.27707845808982,0,0,49.27707845808982,0.0,0.0,0,0
858201,58.5,59.0,18.5,0.0,0.0,0.0,40.0,1.0,1.0,1.0,0.0,0.0,0.0,0.0,0.0,0.0,100.0,100.0,100.0,1000.0,1000.0,1000.0,49.27707845808982,0,0,49.27707845808982,0.0,0.0,0,0
858401,58.5,59.0,18.5,0.0,0.0,0.0,40.0,1.0,1.0,1.0,0.0,0.0,0.0,0.0,0.0,0.0,100.0,100.0,100.0,1000.0,1000.0,1000.0,49.27707845808982,0,0,49.27707845808982,0.0,0.0,0,0
858601,58.5,59.0,18.5,0.0,0.0,0.0,40.0,1.0,1.0,1.0,0.0,0.0,0.0,0.0,0.0,0.0,100.0,100.0,100.0,1000.0,1000.0,1000.0,49.27707845808982,0,0,49.27707845808982,0.0,0.0,0,0
858801,58.5,59.0,18.5,0.0,0.0,0.0,40.0,1.0,1.0,1.0,0.0,0.0,0.0,0.0,0.0,0.0,100.0,100.0,100.0,1000.0,1000.0,1000.0,49.27707845808982,0,0,49.27707845808982,0.0,0.0,0,0
859001,58.5,59.0,18.5,0.0,0.0,0.0,40.0,1.0,1.0,1.0,0.0,0.0,0.0,0.0,0.0,0.0,100.0,100.0,100.0,1000.0,1000.0,1000.0,49.27707845808982,0,0,49.27707845808982,0.0,0.0,0,0
859201,58.5,59.0,18.5,0.0,0.0,0.0,40.0,1.0,1.0,1.0,0.0,0.0,0.0,0.0,0.0,0.0,100.0,100.0,100.0,1000.0,1000.0,1000.0,49.27707845808982,0,0,49.27707845808982,0.0,0.0,0,0
859401,58.5,59.0,18.5,0.0,0.0,0.0,40.0,1.0,1.0,1.0,0.0,0.0,0.0,0.0,0.0,0.0,100.0,100.0,100.0,1000.0,1000.0,1000.0,49.27707845808982,0,0,49.27707845808982,0.0,0.0,0,0
859601,58.5,59.0,18.5,0.0,0.0,0.0,40.0,1.0,1.0,1.0,0.0,0.0,0.0,0.0,0.0,0.0,100.0,100.0,100.0,1000.0,1000.0,1000.0,49.27707845808982,0,0,49.27707845808982,0.0,0.0,0,0
859801,58.5,59.0,18.5,0.0,0.0,0.0,40.0,1.0,1.0,1.0,0.0,0.0,0.0,0.0,0.0,0.0,100.0,100.0,100.0,1000.0,1000.0,1000.0,49.27707845808982,0,0,49.27707845808982,0.0,0.0,0,0
860001,58.5,59.0,18.5,0.0,0.0,0.0,40.0,1.0,1.0,1.0,0.0,0.0,0.0,0.0,0.0,0.0,100.0,100.0,100.0,1000.0,1000.0,1000.0,49.27707845808982,0,0,49.27707845808982,0.0,0.0,0,0
860201,58.5,59.0,18.5,0.0,0.0,0.0,40.0,1.0,1.0,1.0,0.0,0.0,0.0,0.0,0.0,0.0,100.0,100.0,100.0,1000.0,1000.0,1000.0,49.27707845808982,0,0,49.27707845808982,0.0,0.0,0,0
860401,58.5,59.0,18.5,0.0,0.0,0.0,40.0,1.0,1.0,1.0,0.0,0.0,0.0,0.0,0.0,0.0,100.0,100.0,100.0,1000.0,1000.0,1000.0,49.27707845808982,0,0,49.27707845808982,0.0,0.0,0,0
860601,58.5,59.0,18.5,0.0,0.0,0.0,40.0,1.0,1.0,1.0,0.0,0.0,0.0,0.0,0.0,0.0,100.0,100.0,100.0,1000.0,1000.0,1000.0,49.27707845808982,0,0,49.27707845808982,0.0,0.0,0,0
860801,58.5,59.0,18.5,0.0,0.0,0.0,40.0,1.0,1.0,1.0,0.0,0.0,0.0,0.0,0.0,0.0,100.0,100.0,100.0,1000.0,1000.0,1000.0,49.27707845808982,0,0,49.27707845808982,0.0,0.0,0,0
861001,58.5,59.0,18.5,0.0,0.0,0.0,40.0,1.0,1.0,1.0,0.0,0.0,0.0,0.0,0.0,0.0,100.0,100.0,100.0,1000.0,1000.0,1000.0,49.27707845808982,0,0,49.27707845808982,0.0,0.0,0,0
861201,58.5,59.0,18.5,0.0,0.0,0.0,40.0,1.0,1.0,1.0,0.0,0.0,0.0,0.0,0.0,0.0,100.0,100.0,100.0,1000.0,1000.0,1000.0,49.27707845808982,0,0,49.27707845808982,0.0,0.0,0,0
861401,58.5,59.0,18.5,0.0,0.0,0.0,40.0,1.0,1.0,1.0,0.0,0.0,0.0,0.0,0.0,0.0,100.0,100.0,100.0,1000.0,1000.0,1000.0,49.27707845808982,0,0,49.27707845808982,0.0,0.0,0,0
861601,58.5,59.0,18.5,0.0,0.0,0.0,40.0,1.0,1.0,1.0,0.0,0.0,0.0,0.0,0.0,0.0,100.0,100.0,100.0,1000.0,1000.0,1000.0,49.27707845808982,0,0,49.27707845808982,0.0,0.0,0,0
861801,58.5,59.0,18.5,0.0,0.0,0.0,40.0,1.0,1.0,1.0,0.0,0.0,0.0,0.0,0.0,0.0,100.0,100.0,100.0,1000.0,1000.0,1000.0,49.27707845808982,0,0,49.27707845808982,0.0,0.0,0,0
862001,58.5,59.0,18.5,0.0,0.0,0.0,40.0,1.0,1.0,1.0,0.0,0.0,0.0,0.0,0.0,0.0,100.0,100.0,100.0,1000.0,1000.0,1000.0,49.27707845808982,0,0,49.27707845808982,0.0,0.0,0,0
862201,58.5,59.0,18.5,0.0,0.0,0.0,40.0,1.0,1.0,1.0,0.0,0.0,0.0,0.0,0.0,0.0,100.0,100.0,100.0,1000.0,1000.0,1000.0,49.27707845808982,0,0,49.27707845808982,0.0,0.0,0,0
862401,58.5,59.0,18.5,0.0,0.0,0.0,40.0,1.0,1.0,1.0,0.0,0.0,0.0,0.0,0.0,0.0,100.0,100.0,100.0,1000.0,1000.0,1000.0,49.27707845808982,0,0,49.27707845808982,0.0,0.0,0,0
862601,58.5,59.0,18.5,0.0,0.0,0.0,40.0,1.0,1.0,1.0,0.0,0.0,0.0,0.0,0.0,0.0,100.0,100.0,100.0,1000.0,1000.0,1000.0,49.27707845808982,0,0,49.27707845808982,0.0,0.0,0,0
862801,58.5,59.0,18.5,0.0,0.0,0.0,40.0,1.0,1.0,1.0,0.0,0.0,0.0,0.0,0.0,0.0,100.0,100.0,100.0,1000.0,1000.0,1000.0,49.27707845808982,0,0,49.27707845808982,0.0,0.0,0,0
863001,58.5,59.0,18.5,0.0,0.0,0.0,40.0,1.0,1.0,1.0,0.0,0.0,0.0,0.0,0.0,0.0,100.0,100.0,100.0,1000.0,1000.0,1000.0,49.27707845808982,0,0,49.27707845808982,0.0,0.0,0,0
863201,58.5,59.0,18.5,0.0,0.0,0.0,40.0,1.0,1.0,1.0,0.0,0.0,0.0,0.0,0.0,0.0,100.0,100.0,100.0,1000.0,1000.0,1000.0,49.27707845808982,0,0,49.27707845808982,0.0,0.0,0,0
863401,58.5,59.0,18.5,0.0,0.0,0.0,40.0,1.0,1.0,1.0,0.0,0.0,0.0,0.0,0.0,0.0,100.0,100.0,100.0,1000.0,1000.0,1000.0,49.27707845808982,0,0,49.27707845808982,0.0,0.0,0,0
863601,58.5,59.0,18.5,0.0,0.0,0.0,40.0,1.0,1.0,1.0,0.0,0.0,0.0,0.0,0.0,0.0,100.0,100.0,100.0,1000.0,1000.0,1000.0,49.27707845808982,0,0,49.27707845808982,0.0,0.0,0,0
863801,58.5,59.0,18.5,0.0,0.0,0.0,40.0,1.0,1.0,1.0,0.0,0.0,0.0,0.0,0.0,0.0,100.0,100.0,100.0,1000.0,1000.0,1000.0,49.27707845808982,0,0,49.27707845808982,0.0,0.0,0,0
864001,58.5,59.0,18.5,0.0,0.0,0.0,40.0,1.0,1.0,1.0,0.0,0.0,0.0,0.0,0.0,0.0,100.0,100.0,100.0,1000.0,1000.0,1000.0,49.27707845808982,0,0,49.27707845808982,0.0,0.0,0,0
864201,58.5,59.0,18.5,0.0,0.0,0.0,40.0,1.0,1.0,1.0,0.0,0.0,0.0,0.0,0.0,0.0,100.0,100.0,100.0,1000.0,1000.0,1000.0,49.27707845808982,0,0,49.27707845808982,0.0,0.0,0,0
864401,58.5,59.0,18.5,0.0,0.0,0.0,40.0,1.0,1.0,1.0,0.0,0.0,0.0,0.0,0.0,0.0,100.0,100.0,100.0,1000.0,1000.0,1000.0,49.27707845808982,0,0,49.27707845808982,0.0,0.0,0,0
864601,58.5,59.0,18.5,0.0,0.0,0.0,40.0,1.0,1.0,1.0,0.0,0.0,0.0,0.0,0.0,0.0,100.0,100.0,100.0,1000.0,1000.0,1000.0,49.27707845808982,0,0,49.27707845808982,0.0,0.0,0,0
864801,58.5,59.0,18.5,0.0,0.0,0.0,40.0,1.0,1.0,1.0,0.0,0.0,0.0,0.0,0.0,0.0,100.0,100.0,100.0,1000.0,1000.0,1000.0,49.27707845808982,0,0,49.27707845808982,0.0,0.0,0,0
865001,58.5,59.0,18.5,0.0,0.0,0.0,40.0,1.0,1.0,1.0,0.0,0.0,0.0,0.0,0.0,0.0,100.0,100.0,100.0,1000.0,1000.0,1000.0,49.27707845808982,0,0,49.27707845808982,0.0,0.0,0,0
865201,58.5,59.0,18.5,0.0,0.0,0.0,40.0,1.0,1.0,1.0,0.0,0.0,0.0,0.0,0.0,0.0,100.0,100.0,100.0,1000.0,1000.0,1000.0,49.27707845808982,0,0,49.27707845808982,0.0,0.0,0,0
865401,58.5,59.0,18.5,0.0,0.0,0.0,40.0,1.0,1.0,1.0,0.0,0.0,0.0,0.0,0.0,0.0,100.0,100.0,100.0,1000.0,1000.0,1000.0,49.27707845808982,0,0,49.27707845808982,0.0,0.0,0,0
865601,58.5,59.0,18.5,0.0,0.0,0.0,40.0,1.0,1.0,1.0,0.0,0.0,0.0,0.0,0.0,0.0,100.0,100.0,100.0,1000.0,1000.0,1000.0,49.27707845808982,0,0,49.27707845808982,0.0,0.0,0,0
865801,58.5,59.0,18.5,0.0,0.0,0.0,40.0,1.0,1.0,1.0,0.0,0.0,0.0,0.0,0.0,0.0,100.0,100.0,100.0,1000.0,1000.0,1000.0,49.27707845808982,0,0,49.27707845808982,0.0,0.0,0,0
866001,58.5,59.0,18.5,0.0,0.0,0.0,40.0,1.0,1.0,1.0,0.0,0.0,0.0,0.0,0.0,0.0,100.0,100.0,100.0,1000.0,1000.0,1000.0,49.27707845808982,0,0,49.27707845808982,0.0,0.0,0,0
866201,58.5,59.0,18.5,0.0,0.0,0.0,40.0,1.0,1.0,1.0,0.0,0.0,0.0,0.0,0.0,0.0,100.0,100.0,100.0,1000.0,1000.0,1000.0,49.27707845808982,0,0,49.27707845808982,0.0,0.0,0,0
866401,58.5,59.0,18.5,0.0,0.0,0.0,40.0,1.0,1.0,1.0,0.0,0.0,0.0,0.0,0.0,0.0,100.0,100.0,100.0,1000.0,1000.0,1000.0,49.27707845808982,0,0,49.27707845808982,0.0,0.0,0,0
866601,58.5,59.0,18.5,0.0,0.0,0.0,40.0,1.0,1.0,1.0,0.0,0.0,0.0,0.0,0.0,0.0,100.0,100.0,100.0,1000.0,1000.0,1000.0,49.27707845808982,0,0,49.27707845808982,0.0,0.0,0,0
866801,58.5,59.0,18.5,0.0,0.0,0.0,40.0,1.0,1.0,1.0,0.0,0.0,0.0,0.0,0.0,0.0,100.0,100.0,100.0,1000.0,1000.0,1000.0,49.27707845808982,0,0,49.27707845808982,0.0,0.0,0,0
867001,58.5,59.0,18.5,0.0,0.0,0.0,40.0,1.0,1.0,1.0,0.0,0.0,0.0,0.0,0.0,0.0,100.0,100.0,100.0,1000.0,1000.0,1000.0,49.27707845808982,0,0,49.27707845808982,0.0,0.0,0,0
867201,58.5,59.0,18.5,0.0,0.0,0.0,40.0,1.0,1.0,1.0,0.0,0.0,0.0,0.0,0.0,0.0,100.0,100.0,100.0,1000.0,1000.0,1000.0,49.27707845808982,0,0,49.27707845808982,0.0,0.0,0,0
867401,58.5,59.0,18.5,0.0,0.0,0.0,40.0,1.0,1.0,1.0,0.0,0.0,0.0,0.0,0.0,0.0,100.0,100.0,100.0,1000.0,1000.0,1000.0,49.27707845808982,0,0,49.27707845808982,0.0,0.0,0,0
867601,58.5,59.0,18.5,0.0,0.0,0.0,40.0,1.0,1.0,1.0,0.0,0.0,0.0,0.0,0.0,0.0,100.0,100.0,100.0,1000.0,1000.0,1000.0,49.27707845808982,0,0,49.27707845808982,0.0,0.0,0,0
867801,58.5,59.0,18.5,0.0,0.0,0.0,40.0,1.0,1.0,1.0,0.0,0.0,0.0,0.0,0.0,0.0,100.0,100.0,100.0,1000.0,1000.0,1000.0,49.27707845808982,0,0,49.27707845808982,0.0,0.0,0,0
868001,58.5,59.0,18.5,0.0,0.0,0.0,40.0,1.0,1.0,1.0,0.0,0.0,0.0,0.0,0.0,0.0,100.0,100.0,100.0,1000.0,1000.0,1000.0,49.27707845808982,0,0,49.27707845808982,0.0,0.0,0,0
868201,58.5,59.0,18.5,0.0,0.0,0.0,40.0,1.0,1.0,1.0,0.0,0.0,0.0,0.0,0.0,0.0,100.0,100.0,100.0,1000.0,1000.0,1000.0,49.27707845808982,0,0,49.27707845808982,0.0,0.0,0,0
868401,58.5,59.0,18.5,0.0,0.0,0.0,40.0,1.0,1.0,1.0,0.0,0.0,0.0,0.0,0.0,0.0,100.0,100.0,100.0,1000.0,1000.0,1000.0,49.27707845808982,0,0,49.27707845808982,0.0,0.0,0,0
868601,58.5,59.0,18.5,0.0,0.0,0.0,40.0,1.0,1.0,1.0,0.0,0.0,0.0,0.0,0.0,0.0,100.0,100.0,100.0,1000.0,1000.0,1000.0,49.27707845808982,0,0,49.27707845808982,0.0,0.0,0,0
868801,58.5,59.0,18.5,0.0,0.0,0.0,40.0,1.0,1.0,1.0,0.0,0.0,0.0,0.0,0.0,0.0,100.0,100.0,100.0,1000.0,1000.0,1000.0,49.27707845808982,0,0,49.27707845808982,0.0,0.0,0,0
869001,58.5,59.0,18.5,0.0,0.0,0.0,40.0,1.0,1.0,1.0,0.0,0.0,0.0,0.0,0.0,0.0,100.0,100.0,100.0,1000.0,1000.0,1000.0,49.27707845808982,0,0,49.27707845808982,0.0,0.0,0,0
869201,58.5,59.0,18.5,0.0,0.0,0.0,40.0,1.0,1.0,1.0,0.0,0.0,0.0,0.0,0.0,0.0,100.0,100.0,100.0,1000.0,1000.0,1000.0,49.27707845808982,0,0,49.27707845808982,0.0,0.0,0,0
869401,58.5,59.0,18.5,0.0,0.0,0.0,40.0,1.0,1.0,1.0,0.0,0.0,0.0,0.0,0.0,0.0,100.0,100.0,100.0,1000.0,1000.0,1000.0,49.27707845808982,0,0,49.27707845808982,0.0,0.0,0,0
869601,58.5,59.0,18.5,0.0,0.0,0.0,40.0,1.0,1.0,1.0,0.0,0.0,0.0,0.0,0.0,0.0,100.0,100.0,100.0,1000.0,1000.0,1000.0,49.27707845808982,0,0,49.27707845808982,0.0,0.0,0,0
869801,58.5,59.0,18.5,0.0,0.0,0.0,40.0,1.0,1.0,1.0,0.0,0.0,0.0,0.0,0.0,0.0,100.0,100.0,100.0,1000.0,1000.0,1000.0,49.27707845808982,0,0,49.27707845808982,0.0,0.0,0,0
870001,58.5,59.0,18.5,0.0,0.0,0.0,40.0,1.0,1.0,1.0,0.0,0.0,0.0,0.0,0.0,0.0,100.0,100.0,100.0,1000.0,1000.0,1000.0,49.27707845808982,0,0,49.27707845808982,0.0,0.0,0,0
870201,58.5,59.0,18.5,0.0,0.0,0.0,40.0,1.0,1.0,1.0,0.0,0.0,0.0,0.0,0.0,0.0,100.0,100.0,100.0,1000.0,1000.0,1000.0,37.69488620404604,0,0,37.69488620404604,0.0,0.0,1,0
870401,58.5,59.0,18.5,0.0,0.0,0.0,40.0,1.0,1.0,1.0,0.0,0.0,0.0,0.0,0.0,0.0,100.0,100.0,100.0,1000.0,1000.0,1000.0,37.69488620404604,0,0,37.69488620404604,0.0,0.0,0,0
870601,58.5,59.0,18.5,0.0,0.0,0.0,40.0,1.0,1.0,1.0,0.0,0.0,0.0,0.0,0.0,0.0,100.0,100.0,100.0,1000.0,1000.0,1000.0,37.69488620404604,0,0,37.69488620404604,0.0,0.0,0,0
870801,58.5,59.0,18.5,0.0,0.0,0.0,40.0,1.0,1.0,1.0,0.0,0.0,0.0,0.0,0.0,0.0,100.0,100.0,100.0,1000.0,1000.0,1000.0,37.69488620404604,0,0,37.69488620404604,0.0,0.0,0,0
871001,58.5,59.0,18.5,0.0,0.0,0.0,40.0,1.0,1.0,1.0,0.0,0.0,0.0,0.0,0.0,0.0,100.0,100.0,100.0,1000.0,1000.0,1000.0,37.69488620404604,0,0,37.69488620404604,0.0,0.0,0,0
871201,58.5,59.0,18.5,0.0,0.0,0.0,40.0,1.0,1.0,1.0,0.0,0.0,0.0,0.0,0.0,0.0,100.0,100.0,100.0,1000.0,1000.0,1000.0,37.69488620404604,0,0,37.69488620404604,0.0,0.0,0,0
871401,58.5,59.0,18.5,0.0,0.0,0.0,40.0,1.0,1.0,1.0,0.0,0.0,0.0,0.0,0.0,0.0,100.0,100.0,100.0,1000.0,1000.0,1000.0,37.69488620404604,0,0,37.69488620404604,0.0,0.0,0,0
871601,58.5,59.0,18.5,0.0,0.0,0.0,40.0,1.0,1.0,1.0,0.0,0.0,0.0,0.0,0.0,0.0,100.0,100.0,100.0,1000.0,1000.0,1000.0,37.69488620404604,0,0,37.69488620404604,0.0,0.0,0,0
871801,58.5,59.0,18.5,0.0,0.0,0.0,40.0,1.0,1.0,1.0,0.0,0.0,0.0,0.0,0.0,0.0,100.0,100.0,100.0,1000.0,1000.0,1000.0,37.69488620404604,0,0,37.69488620404604,0.0,0.0,0,0
872001,58.5,59.0,18.5,0.0,0.0,0.0,40.0,1.0,1.0,1.0,0.0,0.0,0.0,0.0,0.0,0.0,100.0,100.0,100.0,1000.0,1000.0,1000.0,37.69488620404604,0,0,37.69488620404604,0.0,0.0,0,0
872201,58.5,59.0,18.5,0.0,0.0,0.0,40.0,1.0,1.0,1.0,0.0,0.0,0.0,0.0,0.0,0.0,100.0,100.0,100.0,1000.0,1000.0,1000.0,37.69488620404604,0,0,37.69488620404604,0.0,0.0,0,0
872401,58.5,59.0,18.5,0.0,0.0,0.0,40.0,1.0,1.0,1.0,0.0,0.0,0.0,0.0,0.0,0.0,100.0,100.0,100.0,1000.0,1000.0,1000.0,37.69488620404604,0,0,37.69488620404604,0.0,0.0,0,0
872601,58.5,59.0,18.5,0.0,0.0,0.0,40.0,1.0,1.0,1.0,0.0,0.0,0.0,0.0,0.0,0.0,100.0,100.0,100.0,1000.0,1000.0,1000.0,37.69488620404604,0,0,37.69488620404604,0.0,0.0,0,0
872801,58.5,59.0,18.5,0.0,0.0,0.0,40.0,1.0,1.0,1.0,0.0,0.0,0.0,0.0,0.0,0.0,100.0,100.0,100.0,1000.0,1000.0,1000.0,37.69488620404604,0,0,37.69488620404604,0.0,0.0,0,0
873001,58.5,59.0,18.5,0.0,0.0,0.0,40.0,1.0,1.0,1.0,0.0,0.0,0.0,0.0,0.0,0.0,100.0,100.0,100.0,1000.0,1000.0,1000.0,37.69488620404604,0,0,37.69488620404604,0.0,0.0,0,0
873201,58.5,59.0,18.5,0.0,0.0,0.0,40.0,1.0,1.0,1.0,0.0,0.0,0.0,0.0,0.0,0.0,100.0,100.0,100.0,1000.0,1000.0,1000.0,37.69488620404604,0,0,37.69488620404604,0.0,0.0,0,0
873401,58.5,59.0,18.5,0.0,0.0,0.0,40.0,1.0,1.0,1.0,0.0,0.0,0.0,0.0,0.0,0.0,100.0,100.0,100.0,1000.0,1000.0,1000.0,37.69488620404604,0,0,37.69488620404604,0.0,0.0,0,0
873601,58.5,59.0,18.5,0.0,0.0,0.0,40.0,1.0,1.0,1.0,0.0,0.0,0.0,0.0,0.0,0.0,100.0,100.0,100.0,1000.0,1000.0,1000.0,37.69488620404604,0,0,37.69488620404604,0.0,0.0,0,0
873801,58.5,59.0,18.5,0.0,0.0,0.0,40.0,1.0,1.0,1.0,0.0,0.0,0.0,0.0,0.0,0.0,100.0,100.0,100.0,1000.0,1000.0,1000.0,37.69488620404604,0,0,37.69488620404604,0.0,0.0,0,0
874001,58.5,59.0,18.5,0.0,0.0,0.0,40.0,1.0,1.0,1.0,0.0,0.0,0.0,0.0,0.0,0.0,100.0,100.0,100.0,1000.0,1000.0,1000.0,37.69488620404604,0,0,37.69488620404604,0.0,0.0,0,0
874201,58.5,59.0,18.5,0.0,0.0,0.0,40.0,1.0,1.0,1.0,0.0,0.0,0.0,0.0,0.0,0.0,100.0,100.0,100.0,1000.0,1000.0,1000.0,37.69488620404604,0,0,37.69488620404604,0.0,0.0,0,0
874401,58.5,59.0,18.5,0.0,0.0,0.0,40.0,1.0,1.0,1.0,0.0,0.0,0.0,0.0,0.0,0.0,100.0,100.0,100.0,1000.0,1000.0,1000.0,37.69488620404604,0,0,37.69488620404604,0.0,0.0,0,0
874601,58.5,59.0,18.5,0.0,0.0,0.0,40.0,1.0,1.0,1.0,0.0,0.0,0.0,0.0,0.0,0.0,100.0,100.0,100.0,1000.0,1000.0,1000.0,37.69488620404604,0,0,37.69488620404604,0.0,0.0,0,0
874801,58.5,59.0,18.5,0.0,0.0,0.0,40.0,1.0,1.0,1.0,0.0,0.0,0.0,0.0,0.0,0.0,100.0,100.0,100.0,1000.0,1000.0,1000.0,37.69488620404604,0,0,37.69488620404604,0.0,0.0,0,0
875001,58.5,59.0,18.5,0.0,0.0,0.0,40.0,1.0,1.0,1.0,0.0,0.0,0.0,0.0,0.0,0.0,100.0,100.0,100.0,1000.0,1000.0,1000.0,37.69488620404604,0,0,37.69488620404604,0.0,0.0,0,0
875201,58.5,59.0,18.5,0.0,0.0,0.0,40.0,1.0,1.0,1.0,0.0,0.0,0.0,0.0,0.0,0.0,100.0,100.0,100.0,1000.0,1000.0,1000.0,37.69488620404604,0,0,37.69488620404604,0.0,0.0,0,0
875401,58.5,59.0,18.5,0.0,0.0,0.0,40.0,1.0,1.0,1.0,0.0,0.0,0.0,0.0,0.0,0.0,100.0,100.0,100.0,1000.0,1000.0,1000.0,37.69488620404604,0,0,37.69488620404604,0.0,0.0,0,0
875601,58.5,59.0,18.5,0.0,0.0,0.0,40.0,1.0,1.0,1.0,0.0,0.0,0.0,0.0,0.0,0.0,100.0,100.0,100.0,1000.0,1000.0,1000.0,37.69488620404604,0,0,37.69488620404604,0.0,0.0,0,0
875801,58.5,59.0,18.5,0.0,0.0,0.0,40.0,1.0,1.0,1.0,0.0,0.0,0.0,0.0,0.0,0.0,100.0,100.0,100.0,1000.0,1000.0,1000.0,37.69488620404604,0,0,37.69488620404604,0.0,0.0,0,0
876001,58.5,59.0,18.5,0.0,0.0,0.0,40.0,1.0,1.0,1.0,0.0,0.0,0.0,0.0,0.0,0.0,100.0,100.0,100.0,1000.0,1000.0,1000.0,37.69488620404604,0,0,37.69488620404604,0.0,0.0,0,0
876201,58.5,59.0,18.5,0.0,0.0,0.0,40.0,1.0,1.0,1.0,0.0,0.0,0.0,0.0,0.0,0.0,100.0,100.0,100.0,1000.0,1000.0,1000.0,37.69488620404604,0,0,37.69488620404604,0.0,0.0,0,0
876401,58.5,59.0,18.5,0.0,0.0,0.0,40.0,1.0,1.0,1.0,0.0,0.0,0.0,0.0,0.0,0.0,100.0,100.0,100.0,1000.0,1000.0,1000.0,37.69488620404604,0,0,37.69488620404604,0.0,0.0,0,0
876601,58.5,59.0,18.5,0.0,0.0,0.0,40.0,1.0,1.0,1.0,0.0,0.0,0.0,0.0,0.0,0.0,100.0,100.0,100.0,1000.0,1000.0,1000.0,37.69488620404604,0,0,37.69488620404604,0.0,0.0,0,0
876801,58.5,59.0,18.5,0.0,0.0,0.0,40.0,1.0,1.0,1.0,0.0,0.0,0.0,0.0,0.0,0.0,100.0,100.0,100.0,1000.0,1000.0,1000.0,37.69488620404604,0,0,37.69488620404604,0.0,0.0,0,0
877001,58.5,59.0,18.5,0.0,0.0,0.0,40.0,1.0,1.0,1.0,0.0,0.0,0.0,0.0,0.0,0.0,100.0,100.0,100.0,1000.0,1000.0,1000.0,37.69488620404604,0,0,37.69488620404604,0.0,0.0,0,0
877201,58.5,59.0,18.5,0.0,0.0,0.0,40.0,1.0,1.0,1.0,0.0,0.0,0.0,0.0,0.0,0.0,100.0,100.0,100.0,1000.0,1000.0,1000.0,37.69488620404604,0,0,37.69488620404604,0.0,0.0,0,0
877401,58.5,59.0,18.5,0.0,0.0,0.0,40.0,1.0,1.0,1.0,0.0,0.0,0.0,0.0,0.0,0.0,100.0,100.0,100.0,1000.0,1000.0,1000.0,37.69488620404604,0,0,37.69488620404604,0.0,0.0,0,0
877601,58.5,59.0,18.5,0.0,0.0,0.0,40.0,1.0,1.0,1.0,0.0,0.0,0.0,0.0,0.0,0.0,100.0,100.0,100.0,1000.0,1000.0,1000.0,37.69488620404604,0,0,37.69488620404604,0.0,0.0,0,0
877801,58.5,59.0,18.5,0.0,0.0,0.0,40.0,1.0,1.0,1.0,0.0,0.0,0.0,0.0,0.0,0.0,100.0,100.0,100.0,1000.0,1000.0,1000.0,37.69488620404604,0,0,37.69488620404604,0.0,0.0,0,0
878001,58.5,59.0,18.5,0.0,0.0,0.0,40.0,1.0,1.0,1.0,0.0,0.0,0.0,0.0,0.0,0.0,100.0,100.0,100.0,1000.0,1000.0,1000.0,37.69488620404604,0,0,37.69488620404604,0.0,0.0,0,0
878201,58.5,59.0,18.5,0.0,0.0,0.0,40.0,1.0,1.0,1.0,0.0,0.0,0.0,0.0,0.0,0.0,100.0,100.0,100.0,1000.0,1000.0,1000.0,37.69488620404604,0,0,37.69488620404604,0.0,0.0,0,0
878401,58.5,59.0,18.5,0.0,0.0,0.0,40.0,1.0,1.0,1.0,0.0,0.0,0.0,0.0,0.0,0.0,100.0,100.0,100.0,1000.0,1000.0,1000.0,37.69488620404604,0,0,37.69488620404604,0.0,0.0,0,0
878601,58.5,59.0,18.5,0.0,0.0,0.0,40.0,1.0,1.0,1.0,0.0,0.0,0.0,0.0,0.0,0.0,100.0,100.0,100.0,1000.0,1000.0,1000.0,37.69488620404604,0,0,37.69488620404604,0.0,0.0,0,0
878801,58.5,59.0,18.5,0.0,0.0,0.0,40.0,1.0,1.0,1.0,0.0,0.0,0.0,0.0,0.0,0.0,100.0,100.0,100.0,1000.0,1000.0,1000.0,37.69488620404604,0,0,37.69488620404604,0.0,0.0,0,0
879001,58.5,59.0,18.5,0.0,0.0,0.0,40.0,1.0,1.0,1.0,0.0,0.0,0.0,0.0,0.0,0.0,100.0,100.0,100.0,1000.0,1000.0,1000.0,37.69488620404604,0,0,37.69488620404604,0.0,0.0,0,0
879201,58.5,59.0,18.5,0.0,0.0,0.0,40.0,1.0,1.0,1.0,0.0,0.0,0.0,0.0,0.0,0.0,100.0,100.0,100.0,1000.0,1000.0,1000.0,37.69488620404604,0,0,37.69488620404604,0.0,0.0,0,0
879401,58.5,59.0,18.5,0.0,0.0,0.0,40.0,1.0,1.0,1.0,0.0,0.0,0.0,0.0,0.0,0.0,100.0,100.0,100.0,1000.0,1000.0,1000.0,37.69488620404604,0,0,37.69488620404604,0.0,0.0,0,0
879601,58.5,59.0,18.5,0.0,0.0,0.0,40.0,1.0,1.0,1.0,0.0,0.0,0.0,0.0,0.0,0.0,100.0,100.0,100.0,1000.0,1000.0,1000.0,37.69488620404604,0,0,37.69488620404604,0.0,0.0,0,0
879801,58.5,59.0,18.5,0.0,0.0,0.0,40.0,1.0,1.0,1.0,0.0,0.0,0.0,0.0,0.0,0.0,100.0,100.0,100.0,1000.0,1000.0,1000.0,37.69488620404604,0,0,37.69488620404604,0.0,0.0,0,0
880001,58.5,59.0,18.5,0.0,0.0,0.0,40.0,1.0,1.0,1.0,0.0,0.0,0.0,0.0,0.0,0.0,100.0,100.0,100.0,1000.0,1000.0,1000.0,37.69488620404604,0,0,37.69488620404604,0.0,0.0,0,0
880201,58.5,59.0,18.5,0.0,0.0,0.0,40.0,1.0,1.0,1.0,0.0,0.0,0.0,0.0,0.0,0.0,100.0,100.0,100.0,1000.0,1000.0,1000.0,37.69488620404604,0,0,37.69488620404604,0.0,0.0,0,0
880401,58.5,59.0,18.5,0.0,0.0,0.0,40.0,1.0,1.0,1.0,0.0,0.0,0.0,0.0,0.0,0.0,100.0,100.0,100.0,1000.0,1000.0,1000.0,37.69488620404604,0,0,37.69488620404604,0.0,0.0,0,0
880601,58.5,59.0,18.5,0.0,0.0,0.0,40.0,1.0,1.0,1.0,0.0,0.0,0.0,0.0,0.0,0.0,100.0,100.0,100.0,1000.0,1000.0,1000.0,37.69488620404604,0,0,37.69488620404604,0.0,0.0,0,0
880801,58.5,59.0,18.5,0.0,0.0,0.0,40.0,1.0,1.0,1.0,0.0,0.0,0.0,0.0,0.0,0.0,100.0,100.0,100.0,1000.0,1000.0,1000.0,37.69488620404604,0,0,37.69488620404604,0.0,0.0,0,0
881001,58.5,59.0,18.5,0.0,0.0,0.0,40.0,1.0,1.0,1.0,0.0,0.0,0.0,0.0,0.0,0.0,100.0,100.0,100.0,1000.0,1000.0,1000.0,37.69488620404604,0,0,37.69488620404604,0.0,0.0,0,0
881201,58.5,59.0,18.5,0.0,0.0,0.0,40.0,1.0,1.0,1.0,0.0,0.0,0.0,0.0,0.0,0.0,100.0,100.0,100.0,1000.0,1000.0,1000.0,37.69488620404604,0,0,37.69488620404604,0.0,0.0,0,0
881401,58.5,59.0,18.5,0.0,0.0,0.0,40.0,1.0,1.0,1.0,0.0,0.0,0.0,0.0,0.0,0.0,100.0,100.0,100.0,1000.0,1000.0,1000.0,37.69488620404604,0,0,37.69488620404604,0.0,0.0,0,0
881601,58.5,59.0,18.5,0.0,0.0,0.0,40.0,1.0,1.0,1.0,0.0,0.0,0.0,0.0,0.0,0.0,100.0,100.0,100.0,1000.0,1000.0,1000.0,37.69488620404604,0,0,37.69488620404604,0.0,0.0,0,0
881801,58.5,59.0,18.5,0.0,0.0,0.0,40.0,1.0,1.0,1.0,0.0,0.0,0.0,0.0,0.0,0.0,100.0,100.0,100.0,1000.0,1000.0,1000.0,37.69488620404604,0,0,37.69488620404604,0.0,0.0,0,0
882001,58.5,59.0,18.5,0.0,0.0,0.0,40.0,1.0,1.0,1.0,0.0,0.0,0.0,0.0,0.0,0.0,100.0,100.0,100.0,1000.0,1000.0,1000.0,37.69488620404604,0,0,37.69488620404604,0.0,0.0,0,0
882201,58.5,59.0,18.5,0.0,0.0,0.0,40.0,1.0,1.0,1.0,0.0,0.0,0.0,0.0,0.0,0.0,100.0,100.0,100.0,1000.0,1000.0,1000.0,37.69488620404604,0,0,37.69488620404604,0.0,0.0,0,0
882401,58.5,59.0,18.5,0.0,0.0,0.0,40.0,1.0,1.0,1.0,0.0,0.0,0.0,0.0,0.0,0.0,100.0,100.0,100.0,1000.0,1000.0,1000.0,37.69488620404604,0,0,37.69488620404604,0.0,0.0,0,0
882601,58.5,59.0,18.5,0.0,0.0,0.0,40.0,1.0,1.0,1.0,0.0,0.0,0.0,0.0,0.0,0.0,100.0,100.0,100.0,1000.0,1000.0,1000.0,37.69488620404604,0,0,37.69488620404604,0.0,0.0,0,0
882801,58.5,59.0,18.5,0.0,0.0,0.0,40.0,1.0,1.0,1.0,0.0,0.0,0.0,0.0,0.0,0.0,100.0,100.0,100.0,1000.0,1000.0,1000.0,37.69488620404604,0,0,37.69488620404604,0.0,0.0,0,0
883001,58.5,59.0,18.5,0.0,0.0,0.0,40.0,1.0,1.0,1.0,0.0,0.0,0.0,0.0,0.0,0.0,100.0,100.0,100.0,1000.0,1000.0,1000.0,37.69488620404604,0,0,37.69488620404604,0.0,0.0,0,0
883201,58.5,59.0,18.5,0.0,0.0,0.0,40.0,1.0,1.0,1.0,0.0,0.0,0.0,0.0,0.0,0.0,100.0,100.0,100.0,1000.0,1000.0,1000.0,37.69488620404604,0,0,37.69488620404604,0.0,0.0,0,0
883401,58.5,59.0,18.5,0.0,0.0,0.0,40.0,1.0,1.0,1.0,0.0,0.0,0.0,0.0,0.0,0.0,100.0,100.0,100.0,1000.0,1000.0,1000.0,37.69488620404604,0,0,37.69488620404604,0.0,0.0,0,0
883601,58.5,59.0,18.5,0.0,0.0,0.0,40.0,1.0,1.0,1.0,0.0,0.0,0.0,0.0,0.0,0.0,100.0,100.0,100.0,1000.0,1000.0,1000.0,37.69488620404604,0,0,37.69488620404604,0.0,0.0,0,0
883801,58.5,59.0,18.5,0.0,0.0,0.0,40.0,1.0,1.0,1.0,0.0,0.0,0.0,0.0,0.0,0.0,100.0,100.0,100.0,1000.0,1000.0,1000.0,37.69488620404604,0,0,37.69488620404604,0.0,0.0,0,0
884001,58.5,59.0,18.5,0.0,0.0,0.0,40.0,1.0,1.0,1.0,0.0,0.0,0.0,0.0,0.0,0.0,100.0,100.0,100.0,1000.0,1000.0,1000.0,37.69488620404604,0,0,37.69488620404604,0.0,0.0,0,0
884201,58.5,59.0,18.5,0.0,0.0,0.0,40.0,1.0,1.0,1.0,0.0,0.0,0.0,0.0,0.0,0.0,100.0,100.0,100.0,1000.0,1000.0,1000.0,37.69488620404604,0,0,37.69488620404604,0.0,0.0,0,0
884401,58.5,59.0,18.5,0.0,0.0,0.0,40.0,1.0,1.0,1.0,0.0,0.0,0.0,0.0,0.0,0.0,100.0,100.0,100.0,1000.0,1000.0,1000.0,37.69488620404604,0,0,37.69488620404604,0.0,0.0,0,0
884601,58.5,59.0,18.5,0.0,0.0,0.0,40.0,1.0,1.0,1.0,0.0,0.0,0.0,0.0,0.0,0.0,100.0,100.0,100.0,1000.0,1000.0,1000.0,37.69488620404604,0,0,37.69488620404604,0.0,0.0,0,0
884801,58.5,59.0,18.5,0.0,0.0,0.0,40.0,1.0,1.0,1.0,0.0,0.0,0.0,0.0,0.0,0.0,100.0,100.0,100.0,1000.0,1000.0,1000.0,37.69488620404604,0,0,37.69488620404604,0.0,0.0,0,0
885001,58.5,59.0,18.5,0.0,0.0,0.0,40.0,1.0,1.0,1.0,0.0,0.0,0.0,0.0,0.0,0.0,100.0,100.0,100.0,1000.0,1000.0,1000.0,37.69488620404604,0,0,37.69488620404604,0.0,0.0,0,0
885201,58.5,59.0,18.5,0.0,0.0,0.0,40.0,1.0,1.0,1.0,0.0,0.0,0.0,0.0,0.0,0.0,100.0,100.0,100.0,1000.0,1000.0,1000.0,49.24623373837199,0,0,49.24623373837199,0.0,0.0,1,0
885401,58.5,59.0,18.5,0.0,0.0,0.0,40.0,1.0,1.0,1.0,0.0,0.0,0.0,0.0,0.0,0.0,100.0,100.0,100.0,1000.0,1000.0,1000.0,49.24623373837199,0,0,49.24623373837199,0.0,0.0,0,0
885601,58.5,59.0,18.5,0.0,0.0,0.0,40.0,1.0,1.0,1.0,0.0,0.0,0.0,0.0,0.0,0.0,100.0,100.0,100.0,1000.0,1000.0,1000.0,49.24623373837199,0,0,49.24623373837199,0.0,0.0,0,0
885801,58.5,59.0,18.5,0.0,0.0,0.0,40.0,1.0,1.0,1.0,0.0,0.0,0.0,0.0,0.0,0.0,100.0,100.0,100.0,1000.0,1000.0,1000.0,49.24623373837199,0,0,49.24623373837199,0.0,0.0,0,0
886001,58.5,59.0,18.5,0.0,0.0,0.0,40.0,1.0,1.0,1.0,0.0,0.0,0.0,0.0,0.0,0.0,100.0,100.0,100.0,1000.0,1000.0,1000.0,49.24623373837199,0,0,49.24623373837199,0.0,0.0,0,0
886201,58.5,59.0,18.5,0.0,0.0,0.0,40.0,1.0,1.0,1.0,0.0,0.0,0.0,0.0,0.0,0.0,100.0,100.0,100.0,1000.0,1000.0,1000.0,49.24623373837199,0,0,49.24623373837199,0.0,0.0,0,0
886401,58.5,59.0,18.5,0.0,0.0,0.0,40.0,1.0,1.0,1.0,0.0,0.0,0.0,0.0,0.0,0.0,100.0,100.0,100.0,1000.0,1000.0,1000.0,49.24623373837199,0,0,49.24623373837199,0.0,0.0,0,0
886601,58.5,59.0,18.5,0.0,0.0,0.0,40.0,1.0,1.0,1.0,0.0,0.0,0.0,0.0,0.0,0.0,100.0,100.0,100.0,1000.0,1000.0,1000.0,49.24623373837199,0,0,49.24623373837199,0.0,0.0,0,0
886801,58.5,59.0,18.5,0.0,0.0,0.0,40.0,1.0,1.0,1.0,0.0,0.0,0.0,0.0,0.0,0.0,100.0,100.0,100.0,1000.0,1000.0,1000.0,49.24623373837199,0,0,49.24623373837199,0.0,0.0,0,0
887001,58.5,59.0,18.5,0.0,0.0,0.0,40.0,1.0,1.0,1.0,0.0,0.0,0.0,0.0,0.0,0.0,100.0,100.0,100.0,1000.0,1000.0,1000.0,49.24623373837199,0,0,49.24623373837199,0.0,0.0,0,0
887201,58.5,59.0,18.5,0.0,0.0,0.0,40.0,1.0,1.0,1.0,0.0,0.0,0.0,0.0,0.0,0.0,100.0,100.0,100.0,1000.0,1000.0,1000.0,49.24623373837199,0,0,49.24623373837199,0.0,0.0,0,0
887401,58.5,59.0,18.5,0.0,0.0,0.0,40.0,1.0,1.0,1.0,0.0,0.0,0.0,0.0,0.0,0.0,100.0,100.0,100.0,1000.0,1000.0,1000.0,49.24623373837199,0,0,49.24623373837199,0.0,0.0,0,0
887601,58.5,59.0,18.5,0.0,0.0,0.0,40.0,1.0,1.0,1.0,0.0,0.0,0.0,0.0,0.0,0.0,100.0,100.0,100.0,1000.0,1000.0,1000.0,49.24623373837199,0,0,49.24623373837199,0.0,0.0,0,0
887801,58.5,59.0,18.5,0.0,0.0,0.0,40.0,1.0,1.0,1.0,0.0,0.0,0.0,0.0,0.0,0.0,100.0,100.0,100.0,1000.0,1000.0,1000.0,49.24623373837199,0,0,49.24623373837199,0.0,0.0,0,0
888001,58.5,59.0,18.5,0.0,0.0,0.0,40.0,1.0,1.0,1.0,0.0,0.0,0.0,0.0,0.0,0.0,100.0,100.0,100.0,1000.0,1000.0,1000.0,49.24623373837199,0,0,49.24623373837199,0.0,0.0,0,0
888201,58.5,59.0,18.5,0.0,0.0,0.0,40.0,1.0,1.0,1.0,0.0,0.0,0.0,0.0,0.0,0.0,100.0,100.0,100.0,1000.0,1000.0,1000.0,49.24623373837199,0,0,49.24623373837199,0.0,0.0,0,0
888401,58.5,59.0,18.5,0.0,0.0,0.0,40.0,1.0,1.0,1.0,0.0,0.0,0.0,0.0,0.0,0.0,100.0,100.0,100.0,1000.0,1000.0,1000.0,49.24623373837199,0,0,49.24623373837199,0.0,0.0,0,0
888601,58.5,59.0,18.5,0.0,0.0,0.0,40.0,1.0,1.0,1.0,0.0,0.0,0.0,0.0,0.0,0.0,100.0,100.0,100.0,1000.0,1000.0,1000.0,49.24623373837199,0,0,49.24623373837199,0.0,0.0,0,0
888801,58.5,59.0,18.5,0.0,0.0,0.0,40.0,1.0,1.0,1.0,0.0,0.0,0.0,0.0,0.0,0.0,100.0,100.0,100.0,1000.0,1000.0,1000.0,49.24623373837199,0,0,49.24623373837199,0.0,0.0,0,0
889001,58.5,59.0,18.5,0.0,0.0,0.0,40.0,1.0,1.0,1.0,0.0,0.0,0.0,0.0,0.0,0.0,100.0,100.0,100.0,1000.0,1000.0,1000.0,49.24623373837199,0,0,49.24623373837199,0.0,0.0,0,0
889201,58.5,59.0,18.5,0.0,0.0,0.0,40.0,1.0,1.0,1.0,0.0,0.0,0.0,0.0,0.0,0.0,100.0,100.0,100.0,1000.0,1000.0,1000.0,49.24623373837199,0,0,49.24623373837199,0.0,0.0,0,0
889401,58.5,59.0,18.5,0.0,0.0,0.0,40.0,1.0,1.0,1.0,0.0,0.0,0.0,0.0,0.0,0.0,100.0,100.0,100.0,1000.0,1000.0,1000.0,49.24623373837199,0,0,49.24623373837199,0.0,0.0,0,0
889601,58.0,59.0,18.5,0.0,0.0,0.0,40.0,1.0,1.0,1.0,0.0,0.0,0.0,0.0,0.0,0.0,100.0,100.0,100.0,1000.0,1000.0,1000.0,49.24623373837199,0,0,49.24623373837199,0.0,0.0,0,0
889801,58.0,59.0,18.5,0.0,0.0,0.0,40.0,1.0,1.0,1.0,0.0,0.0,0.0,0.0,0.0,0.0,100.0,100.0,100.0,1000.0,1000.0,1000.0,49.24623373837199,0,0,49.24623373837199,0.0,0.0,0,0
890001,58.0,59.0,18.5,0.0,0.0,0.0,40.0,1.0,1.0,1.0,0.0,0.0,0.0,0.0,0.0,0.0,100.0,100.0,100.0,1000.0,1000.0,1000.0,49.24623373837199,0,0,49.24623373837199,0.0,0.0,0,0
890201,58.0,59.0,18.5,0.0,0.0,0.0,40.0,1.0,1.0,1.0,0.0,0.0,0.0,0.0,0.0,0.0,100.0,100.0,100.0,1000.0,1000.0,1000.0,49.24623373837199,0,0,49.24623373837199,0.0,0.0,0,0
890401,58.0,59.0,18.5,0.0,0.0,0.0,40.0,1.0,1.0,1.0,0.0,0.0,0.0,0.0,0.0,0.0,100.0,100.0,100.0,1000.0,1000.0,1000.0,49.24623373837199,0,0,49.24623373837199,0.0,0.0,0,0
890601,58.0,59.0,18.5,0.0,0.0,0.0,40.0,1.0,1.0,1.0,0.0,0.0,0.0,0.0,0.0,0.0,100.0,100.0,100.0,1000.0,1000.0,1000.0,49.24623373837199,0,0,49.24623373837199,0.0,0.0,0,0
890801,58.0,59.0,18.5,0.0,0.0,0.0,40.0,1.0,1.0,1.0,0.0,0.0,0.0,0.0,0.0,0.0,100.0,100.0,100.0,1000.0,1000.0,1000.0,49.24623373837199,0,0,49.24623373837199,0.0,0.0,0,0
891001,58.0,59.0,18.5,0.0,0.0,0.0,40.0,1.0,1.0,1.0,0.0,0.0,0.0,0.0,0.0,0.0,100.0,100.0,100.0,1000.0,1000.0,1000.0,49.24623373837199,0,0,49.24623373837199,0.0,0.0,0,0
891201,58.0,59.0,18.5,0.0,0.0,0.0,40.0,1.0,1.0,1.0,0.0,0.0,0.0,0.0,0.0,0.0,100.0,100.0,100.0,1000.0,1000.0,1000.0,49.24623373837199,0,0,49.24623373837199,0.0,0.0,0,0
891401,58.0,59.0,18.5,0.0,0.0,0.0,40.0,1.0,1.0,1.0,0.0,0.0,0.0,0.0,0.0,0.0,100.0,100.0,100.0,1000.0,1000.0,1000.0,49.24623373837199,0,0,49.24623373837199,0.0,0.0,0,0
891601,58.0,59.0,18.5,0.0,0.0,0.0,40.0,1.0,1.0,1.0,0.0,0.0,0.0,0.0,0.0,0.0,100.0,100.0,100.0,1000.0,1000.0,1000.0,49.24623373837199,0,0,49.24623373837199,0.0,0.0,0,0
891801,58.0,59.0,18.5,0.0,0.0,0.0,40.0,1.0,1.0,1.0,0.0,0.0,0.0,0.0,0.0,0.0,100.0,100.0,100.0,1000.0,1000.0,1000.0,49.24623373837199,0,0,49.24623373837199,0.0,0.0,0,0
892001,58.0,59.0,18.5,0.0,0.0,0.0,40.0,1.0,1.0,1.0,0.0,0.0,0.0,0.0,0.0,0.0,100.0,100.0,100.0,1000.0,1000.0,1000.0,49.24623373837199,0,0,49.24623373837199,0.0,0.0,0,0
892201,58.0,59.0,18.5,0.0,0.0,0.0,40.0,1.0,1.0,1.0,0.0,0.0,0.0,0.0,0.0,0.0,100.0,100.0,100.0,1000.0,1000.0,1000.0,49.24623373837199,0,0,49.24623373837199,0.0,0.0,0,0
892401,58.0,59.0,18.5,0.0,0.0,0.0,40.0,1.0,1.0,1.0,0.0,0.0,0.0,0.0,0.0,0.0,100.0,100.0,100.0,1000.0,1000.0,1000.0,49.24623373837199,0,0,49.24623373837199,0.0,0.0,0,0
892601,58.0,59.0,18.5,0.0,0.0,0.0,40.0,1.0,1.0,1.0,0.0,0.0,0.0,0.0,0.0,0.0,100.0,100.0,100.0,1000.0,1000.0,1000.0,49.24623373837199,0,0,49.24623373837199,0.0,0.0,0,0
892801,58.0,59.0,18.5,0.0,0.0,0.0,40.0,1.0,1.0,1.0,0.0,0.0,0.0,0.0,0.0,0.0,100.0,100.0,100.0,1000.0,1000.0,1000.0,49.24623373837199,0,0,49.24623373837199,0.0,0.0,0,0
893001,58.0,59.0,18.5,0.0,0.0,0.0,40.0,1.0,1.0,1.0,0.0,0.0,0.0,0.0,0.0,0.0,100.0,100.0,100.0,1000.0,1000.0,1000.0,49.24623373837199,0,0,49.24623373837199,0.0,0.0,0,0
893201,58.0,59.0,18.5,0.0,0.0,0.0,40.0,1.0,1.0,1.0,0.0,0.0,0.0,0.0,0.0,0.0,100.0,100.0,100.0,1000.0,1000.0,1000.0,49.24623373837199,0,0,49.24623373837199,0.0,0.0,0,0
893401,58.0,59.0,18.5,0.0,0.0,0.0,40.0,1.0,1.0,1.0,0.0,0.0,0.0,0.0,0.0,0.0,100.0,100.0,100.0,1000.0,1000.0,1000.0,49.24623373837199,0,0,49.24623373837199,0.0,0.0,0,0
893601,58.0,59.0,18.5,0.0,0.0,0.0,40.0,1.0,1.0,1.0,0.0,0.0,0.0,0.0,0.0,0.0,100.0,100.0,100.0,1000.0,1000.0,1000.0,49.24623373837199,0,0,49.24623373837199,0.0,0.0,0,0
893801,58.0,59.0,18.5,0.0,0.0,0.0,40.0,1.0,1.0,1.0,0.0,0.0,0.0,0.0,0.0,0.0,100.0,100.0,100.0,1000.0,1000.0,1000.0,49.24623373837199,0,0,49.24623373837199,0.0,0.0,0,0
894001,58.0,59.0,18.5,0.0,0.0,0.0,40.0,1.0,1.0,1.0,0.0,0.0,0.0,0.0,0.0,0.0,100.0,100.0,100.0,1000.0,1000.0,1000.0,49.24623373837199,0,0,49.24623373837199,0.0,0.0,0,0
894201,58.0,59.0,18.5,0.0,0.0,0.0,40.0,1.0,1.0,1.0,0.0,0.0,0.0,0.0,0.0,0.0,100.0,100.0,100.0,1000.0,1000.0,1000.0,49.24623373837199,0,0,49.24623373837199,0.0,0.0,0,0
894401,58.0,59.0,18.5,0.0,0.0,0.0,40.0,1.0,1.0,1.0,0.0,0.0,0.0,0.0,0.0,0.0,100.0,100.0,100.0,1000.0,1000.0,1000.0,49.24623373837199,0,0,49.24623373837199,0.0,0.0,0,0
894601,58.0,59.0,18.5,0.0,0.0,0.0,40.0,1.0,1.0,1.0,0.0,0.0,0.0,0.0,0.0,0.0,100.0,100.0,100.0,1000.0,1000.0,1000.0,49.24623373837199,0,0,49.24623373837199,0.0,0.0,0,0
894801,58.0,59.0,18.5,0.0,0.0,0.0,40.0,1.0,1.0,1.0,0.0,0.0,0.0,0.0,0.0,0.0,100.0,100.0,100.0,1000.0,1000.0,1000.0,49.24623373837199,0,0,49.24623373837199,0.0,0.0,0,0
895001,58.0,59.0,18.5,0.0,0.0,0.0,40.0,1.0,1.0,1.0,0.0,0.0,0.0,0.0,0.0,0.0,100.0,100.0,100.0,1000.0,1000.0,1000.0,49.24623373837199,0,0,49.24623373837199,0.0,0.0,0,0
