TIME,H1_TEMP,H2_TEMP,AMB_TEMP,SP1_ABS,SP2_ABS,SP1_REL,SP2_REL,H1_MUL_NOISE,H2_MUL_NOISE,F_MUL_NOISE,H1_ADD_NOISE,H2_ADD_NOISE,F_ADD_NOISE,H1_NEG_SAT,H2_NEG_SAT,F_NEG_SAT,H1_POS_SAT,H2_POS_SAT,F_POS_SAT,H1_RATE_SAT,H2_RATE_SAT,F_RATE_SAT,H1_C_PWM,H2_C_PWM,F_C_PWM,H1_D_PWM,H2_D_PWM,F_D_PWM,CTRL_ACTION,CTRL_TIME
200,19.5,20.0,19.5,0.0,0.0,0.0,0.0,1.0,1.0,1.0,0.0,0.0,0.0,0.0,0.0,0.0,100.0,100.0,100.0,1000.0,1000.0,1000.0,0.0,0,0,0.0,0.0,0.0,1,0
400,19.5,20.0,19.5,0.0,0.0,0.0,0.0,1.0,1.0,1.0,0.0,0.0,0.0,0.0,0.0,0.0,100.0,100.0,100.0,1000.0,1000.0,1000.0,0.0,0,0,0.0,0.0,0.0,0,0
600,19.5,20.0,19.5,0.0,0.0,0.0,0.0,1.0,1.0,1.0,0.0,0.0,0.0,0.0,0.0,0.0,100.0,100.0,100.0,1000.0,1000.0,1000.0,0.0,0,0,0.0,0.0,0.0,0,0
800,19.5,20.0,19.5,0.0,0.0,0.0,0.0,1.0,1.0,1.0,0.0,0.0,0.0,0.0,0.0,0.0,100.0,100.0,100.0,1000.0,1000.0,1000.0,0.0,0,0,0.0,0.0,0.0,0,0
1000,19.5,20.0,19.5,0.0,0.0,0.0,0.1,1.0,1.0,1.0,0.0,0.0,0.0,0.0,0.0,0.0,100.0,100.0,100.0,1000.0,1000.0,1000.0,0.0,0,0,0.0,0.0,0.0,0,0
1200,19.5,20.0,19.5,0.0,0.0,0.0,0.1,1.0,1.0,1.0,0.0,0.0,0.0,0.0,0.0,0.0,100.0,100.0,100.0,1000.0,1000.0,1000.0,0.0,0,0,0.0,0.0,0.0,0,0
1400,19.5,20.0,19.5,0.0,0.0,0.0,0.1,1.0,1.0,1.0,0.0,0.0,0.0,0.0,0.0,0.0,100.0,100.0,100.0,1000.0,1000.0,1000.0,0.0,0,0,0.0,0.0,0.0,0,0
1600,19.5,20.0,19.5,0.0,0.0,0.0,0.1,1.0,1.0,1.0,0.0,0.0,0.0,0.0,0.0,0.0,100.0,100.0,100.0,1000.0,1000.0,1000.0,0.0,0,0,0.0,0.0,0.0,0,0
1800,19.5,20.0,19.5,0.0,0.0,0.0,0.1,1.0,1.0,1.0,0.0,0.0,0.0,0.0,0.0,0.0,100.0,100.0,100.0,1000.0,1000.0,1000.0,0.0,0,0,0.0,0.0,0.0,0,0
2000,19.5,20.0,19.5,0.0,0.0,0.0,0.2,1.0,1.0,1.0,0.0,0.0,0.0,0.0,0.0,0.0,100.0,100.0,100.0,1000.0,1000.0,1000.0,0.0,0,0,0.0,0.0,0.0,0,0
2200,19.5,20.0,19.5,0.0,0.0,0.0,0.2,1.0,1.0,1.0,0.0,0.0,0.0,0.0,0.0,0.0,100.0,100.0,100.0,1000.0,1000.0,1000.0,0.0,0,0,0.0,0.0,0.0,0,0
2400,19.5,20.0,19.5,0.0,0.0,0.0,0.2,1.0,1.0,1.0,0.0,0.0,0.0,0.0,0.0,0.0,100.0,100.0,100.0,1000.0,1000.0,1000.0,0.0,0,0,0.0,0.0,0.0,0,0
2600,19.5,20.0,19.5,0.0,0.0,0.0,0.2,1.0,1.0,1.0,0.0,0.0,0.0,0.0,0.0,0.0,100.0,100.0,100.0,1000.0,1000.0,1000.0,0.0,0,0,0.0,0.0,0.0,0,0
2800,19.5,20.0,19.5,0.0,0.0,0.0,0.2,1.0,1.0,1.0,0.0,0.0,0.0,0.0,0.0,0.0,100.0,100.0,100.0,1000.0,1000.0,1000.0,0.0,0,0,0.0,0.0,0.0,0,0
3000,19.5,20.0,19.5,0.0,0.0,0.0,0.3,1.0,1.0,1.0,0.0,0.0,0.0,0.0,0.0,0.0,100.0,100.0,100.0,1000.0,1000.0,1000.0,0.0,0,0,0.0,0.0,0.0,0,0
3200,19.5,20.0,19.5,0.0,0.0,0.0,0.3,1.0,1.0,1.0,0.0,0.0,0.0,0.0,0.0,0.0,100.0,100.0,100.0,1000.0,1000.0,1000.0,0.0,0,0,0.0,0.0,0.0,0,0
3400,19.5,20.0,19.5,0.0,0.0,0.0,0.3,1.0,1.0,1.0,0.0,0.0,0.0,0.0,0.0,0.0,100.0,100.0,100.0,1000.0,1000.0,1000.0,0.0,0,0,0.0,0.0,0.0,0,0
3600,19.5,20.0,19.5,0.0,0.0,0.0,0.3,1.0,1.0,1.0,0.0,0.0,0.0,0.0,0.0,0.0,100.0,100.0,100.0,1000.0,1000.0,1000.0,0.0,0,0,0.0,0.0,0.0,0,0
3800,19.5,20.0,19.5,0.0,0.0,0.0,0.3,1.0,1.0,1.0,0.0,0.0,0.0,0.0,0.0,0.0,100.0,100.0,100.0,1000.0,1000.0,1000.0,0.0,0,0,0.0,0.0,0.0,0,0
4000,19.5,20.0,19.5,0.0,0.0,0.0,0.4,1.0,1.0,1.0,0.0,0.0,0.0,0.0,0.0,0.0,100.0,100.0,100.0,1000.0,1000.0,1000.0,0.0,0,0,0.0,0.0,0.0,0,0
4200,19.5,20.0,19.5,0.0,0.0,0.0,0.4,1.0,1.0,1.0,0.0,0.0,0.0,0.0,0.0,0.0,100.0,100.0,100.0,1000.0,1000.0,1000.0,0.0,0,0,0.0,0.0,0.0,0,0
4400,19.5,20.0,19.5,0.0,0.0,0.0,0.4,1.0,1.0,1.0,0.0,0.0,0.0,0.0,0.0,0.0,100.0,100.0,100.0,1000.0,1000.0,1000.0,0.0,0,0,0.0,0.0,0.0,0,0
4600,19.5,20.0,19.5,0.0,0.0,0.0,0.4,1.0,1.0,1.0,0.0,0.0,0.0,0.0,0.0,0.0,100.0,100.0,100.0,1000.0,1000.0,1000.0,0.0,0,0,0.0,0.0,0.0,0,0
4800,19.5,20.0,19.5,0.0,0.0,0.0,0.4,1.0,1.0,1.0,0.0,0.0,0.0,0.0,0.0,0.0,100.0,100.0,100.0,1000.0,1000.0,1000.0,0.0,0,0,0.0,0.0,0.0,0,0
5000,19.5,20.0,19.5,0.0,0.0,0.0,0.5,1.0,1.0,1.0,0.0,0.0,0.0,0.0,0.0,0.0,100.0,100.0,100.0,1000.0,1000.0,1000.0,0.0,0,0,0.0,0.0,0.0,0,0
5200,19.5,20.0,19.5,0.0,0.0,0.0,0.5,1.0,1.0,1.0,0.0,0.0,0.0,0.0,0.0,0.0,100.0,100.0,100.0,1000.0,1000.0,1000.0,0.0,0,0,0.0,0.0,0.0,0,0
5400,19.5,20.0,19.5,0.0,0.0,0.0,0.5,1.0,1.0,1.0,0.0,0.0,0.0,0.0,0.0,0.0,100.0,100.0,100.0,1000.0,1000.0,1000.0,0.0,0,0,0.0,0.0,0.0,0,0
5600,19.5,20.0,19.5,0.0,0.0,0.0,0.5,1.0,1.0,1.0,0.0,0.0,0.0,0.0,0.0,0.0,100.0,100.0,100.0,1000.0,1000.0,1000.0,0.0,0,0,0.0,0.0,0.0,0,0
5800,19.5,20.0,19.5,0.0,0.0,0.0,0.5,1.0,1.0,1.0,0.0,0.0,0.0,0.0,0.0,0.0,100.0,100.0,100.0,1000.0,1000.0,1000.0,0.0,0,0,0.0,0.0,0.0,0,0
6000,19.5,20.0,19.5,0.0,0.0,0.0,0.6,1.0,1.0,1.0,0.0,0.0,0.0,0.0,0.0,0.0,100.0,100.0,100.0,1000.0,1000.0,1000.0,0.0,0,0,0.0,0.0,0.0,0,0
6200,19.5,20.0,19.5,0.0,0.0,0.0,0.6,1.0,1.0,1.0,0.0,0.0,0.0,0.0,0.0,0.0,100.0,100.0,100.0,1000.0,1000.0,1000.0,0.0,0,0,0.0,0.0,0.0,0,0
6400,19.5,20.0,19.5,0.0,0.0,0.0,0.6,1.0,1.0,1.0,0.0,0.0,0.0,0.0,0.0,0.0,100.0,100.0,100.0,1000.0,1000.0,1000.0,0.0,0,0,0.0,0.0,0.0,0,0
6600,19.5,20.0,19.5,0.0,0.0,0.0,0.6,1.0,1.0,1.0,0.0,0.0,0.0,0.0,0.0,0.0,100.0,100.0,100.0,1000.0,1000.0,1000.0,0.0,0,0,0.0,0.0,0.0,0,0
6800,19.5,20.0,19.5,0.0,0.0,0.0,0.6,1.0,1.0,1.0,0.0,0.0,0.0,0.0,0.0,0.0,100.0,100.0,100.0,1000.0,1000.0,1000.0,0.0,0,0,0.0,0.0,0.0,0,0
7000,19.5,20.0,19.5,0.0,0.0,0.0,0.7,1.0,1.0,1.0,0.0,0.0,0.0,0.0,0.0,0.0,100.0,100.0,100.0,1000.0,1000.0,1000.0,0.0,0,0,0.0,0.0,0.0,0,0
7200,19.5,20.0,19.5,0.0,0.0,0.0,0.7,1.0,1.0,1.0,0.0,0.0,0.0,0.0,0.0,0.0,100.0,100.0,100.0,1000.0,1000.0,1000.0,0.0,0,0,0.0,0.0,0.0,0,0
7400,19.5,20.0,19.5,0.0,0.0,0.0,0.7,1.0,1.0,1.0,0.0,0.0,0.0,0.0,0.0,0.0,100.0,100.0,100.0,1000.0,1000.0,1000.0,0.0,0,0,0.0,0.0,0.0,0,0
7600,19.5,20.0,19.5,0.0,0.0,0.0,0.7,1.0,1.0,1.0,0.0,0.0,0.0,0.0,0.0,0.0,100.0,100.0,100.0,1000.0,1000.0,1000.0,0.0,0,0,0.0,0.0,0.0,0,0
7800,19.5,20.0,19.5,0.0,0.0,0.0,0.7,1.0,1.0,1.0,0.0,0.0,0.0,0.0,0.0,0.0,100.0,100.0,100.0,1000.0,1000.0,1000.0,0.0,0,0,0.0,0.0,0.0,0,0
8000,19.5,20.0,19.5,0.0,0.0,0.0,0.8,1.0,1.0,1.0,0.0,0.0,0.0,0.0,0.0,0.0,100.0,100.0,100.0,1000.0,1000.0,1000.0,0.0,0,0,0.0,0.0,0.0,0,0
8200,19.5,20.0,19.5,0.0,0.0,0.0,0.8,1.0,1.0,1.0,0.0,0.0,0.0,0.0,0.0,0.0,100.0,100.0,100.0,1000.0,1000.0,1000.0,0.0,0,0,0.0,0.0,0.0,0,0
8400,19.5,20.0,19.5,0.0,0.0,0.0,0.8,1.0,1.0,1.0,0.0,0.0,0.0,0.0,0.0,0.0,100.0,100.0,100.0,1000.0,1000.0,1000.0,0.0,0,0,0.0,0.0,0.0,0,0
8600,19.5,20.0,19.5,0.0,0.0,0.0,0.8,1.0,1.0,1.0,0.0,0.0,0.0,0.0,0.0,0.0,100.0,100.0,100.0,1000.0,1000.0,1000.0,0.0,0,0,0.0,0.0,0.0,0,0
8800,19.5,20.0,19.5,0.0,0.0,0.0,0.8,1.0,1.0,1.0,0.0,0.0,0.0,0.0,0.0,0.0,100.0,100.0,100.0,1000.0,1000.0,1000.0,0.0,0,0,0.0,0.0,0.0,0,0
9000,19.5,20.0,19.5,0.0,0.0,0.0,0.9,1.0,1.0,1.0,0.0,0.0,0.0,0.0,0.0,0.0,100.0,100.0,100.0,1000.0,1000.0,1000.0,0.0,0,0,0.0,0.0,0.0,0,0
9200,19.5,20.0,19.5,0.0,0.0,0.0,0.9,1.0,1.0,1.0,0.0,0.0,0.0,0.0,0.0,0.0,100.0,100.0,100.0,1000.0,1000.0,1000.0,0.0,0,0,0.0,0.0,0.0,0,0
9400,19.5,20.0,19.5,0.0,0.0,0.0,0.9,1.0,1.0,1.0,0.0,0.0,0.0,0.0,0.0,0.0,100.0,100.0,100.0,1000.0,1000.0,1000.0,0.0,0,0,0.0,0.0,0.0,0,0
9600,19.5,20.0,19.5,0.0,0.0,0.0,0.9,1.0,1.0,1.0,0.0,0.0,0.0,0.0,0.0,0.0,100.0,100.0,100.0,1000.0,1000.0,1000.0,0.0,0,0,0.0,0.0,0.0,0,0
9800,19.5,20.0,19.5,0.0,0.0,0.0,0.9,1.0,1.0,1.0,0.0,0.0,0.0,0.0,0.0,0.0,100.0,100.0,100.0,1000.0,1000.0,1000.0,0.0,0,0,0.0,0.0,0.0,0,0
10000,19.5,20.0,19.5,0.0,0.0,0.0,1.0,1.0,1.0,1.0,0.0,0.0,0.0,0.0,0.0,0.0,100.0,100.0,100.0,1000.0,1000.0,1000.0,0.0,0,0,0.0,0.0,0.0,0,0
10200,19.5,20.0,19.5,0.0,0.0,0.0,1.0,1.0,1.0,1.0,0.0,0.0,0.0,0.0,0.0,0.0,100.0,100.0,100.0,1000.0,1000.0,1000.0,0.0,0,0,0.0,0.0,0.0,0,0
10400,19.5,20.0,19.5,0.0,0.0,0.0,1.0,1.0,1.0,1.0,0.0,0.0,0.0,0.0,0.0,0.0,100.0,100.0,100.0,1000.0,1000.0,1000.0,0.0,0,0,0.0,0.0,0.0,0,0
10600,19.5,20.0,19.5,0.0,0.0,0.0,1.0,1.0,1.0,1.0,0.0,0.0,0.0,0.0,0.0,0.0,100.0,100.0,100.0,1000.0,1000.0,1000.0,0.0,0,0,0.0,0.0,0.0,0,0
10800,19.5,20.0,19.5,0.0,0.0,0.0,1.0,1.0,1.0,1.0,0.0,0.0,0.0,0.0,0.0,0.0,100.0,100.0,100.0,1000.0,1000.0,1000.0,0.0,0,0,0.0,0.0,0.0,0,0
11000,19.5,20.0,19.5,0.0,0.0,0.0,1.1,1.0,1.0,1.0,0.0,0.0,0.0,0.0,0.0,0.0,100.0,100.0,100.0,1000.0,1000.0,1000.0,0.0,0,0,0.0,0.0,0.0,0,0
11200,19.5,20.0,19.5,0.0,0.0,0.0,1.1,1.0,1.0,1.0,0.0,0.0,0.0,0.0,0.0,0.0,100.0,100.0,100.0,1000.0,1000.0,1000.0,0.0,0,0,0.0,0.0,0.0,0,0
11400,19.5,20.0,19.5,0.0,0.0,0.0,1.1,1.0,1.0,1.0,0.0,0.0,0.0,0.0,0.0,0.0,100.0,100.0,100.0,1000.0,1000.0,1000.0,0.0,0,0,0.0,0.0,0.0,0,0
11600,19.5,20.0,19.5,0.0,0.0,0.0,1.1,1.0,1.0,1.0,0.0,0.0,0.0,0.0,0.0,0.0,100.0,100.0,100.0,1000.0,1000.0,1000.0,0.0,0,0,0.0,0.0,0.0,0,0
11800,19.5,20.0,19.5,0.0,0.0,0.0,1.1,1.0,1.0,1.0,0.0,0.0,0.0,0.0,0.0,0.0,100.0,100.0,100.0,1000.0,1000.0,1000.0,0.0,0,0,0.0,0.0,0.0,0,0
12000,19.5,20.0,19.5,0.0,0.0,0.0,1.2,1.0,1.0,1.0,0.0,0.0,0.0,0.0,0.0,0.0,100.0,100.0,100.0,1000.0,1000.0,1000.0,0.0,0,0,0.0,0.0,0.0,0,0
12200,19.5,20.0,19.5,0.0,0.0,0.0,1.2,1.0,1.0,1.0,0.0,0.0,0.0,0.0,0.0,0.0,100.0,100.0,100.0,1000.0,1000.0,1000.0,0.0,0,0,0.0,0.0,0.0,0,0
12400,19.5,20.0,19.5,0.0,0.0,0.0,1.2,1.0,1.0,1.0,0.0,0.0,0.0,0.0,0.0,0.0,100.0,100.0,100.0,1000.0,1000.0,1000.0,0.0,0,0,0.0,0.0,0.0,0,0
12600,19.5,20.0,19.5,0.0,0.0,0.0,1.2,1.0,1.0,1.0,0.0,0.0,0.0,0.0,0.0,0.0,100.0,100.0,100.0,1000.0,1000.0,1000.0,0.0,0,0,0.0,0.0,0.0,0,0
12800,19.5,20.0,19.5,0.0,0.0,0.0,1.2,1.0,1.0,1.0,0.0,0.0,0.0,0.0,0.0,0.0,100.0,100.0,100.0,1000.0,1000.0,1000.0,0.0,0,0,0.0,0.0,0.0,0,0
13000,19.5,20.0,19.5,0.0,0.0,0.0,1.3,1.0,1.0,1.0,0.0,0.0,0.0,0.0,0.0,0.0,100.0,100.0,100.0,1000.0,1000.0,1000.0,0.0,0,0,0.0,0.0,0.0,0,0
13200,19.5,20.0,19.5,0.0,0.0,0.0,1.3,1.0,1.0,1.0,0.0,0.0,0.0,0.0,0.0,0.0,100.0,100.0,100.0,1000.0,1000.0,1000.0,0.0,0,0,0.0,0.0,0.0,0,0
13400,19.5,20.0,19.5,0.0,0.0,0.0,1.3,1.0,1.0,1.0,0.0,0.0,0.0,0.0,0.0,0.0,100.0,100.0,100.0,1000.0,1000.0,1000.0,0.0,0,0,0.0,0.0,0.0,0,0
13600,19.5,20.0,19.5,0.0,0.0,0.0,1.3,1.0,1.0,1.0,0.0,0.0,0.0,0.0,0.0,0.0,100.0,100.0,100.0,1000.0,1000.0,1000.0,0.0,0,0,0.0,0.0,0.0,0,0
13800,19.5,20.0,19.5,0.0,0.0,0.0,1.3,1.0,1.0,1.0,0.0,0.0,0.0,0.0,0.0,0.0,100.0,100.0,100.0,1000.0,1000.0,1000.0,0.0,0,0,0.0,0.0,0.0,0,0
14000,19.5,20.0,19.5,0.0,0.0,0.0,1.4,1.0,1.0,1.0,0.0,0.0,0.0,0.0,0.0,0.0,100.0,100.0,100.0,1000.0,1000.0,1000.0,0.0,0,0,0.0,0.0,0.0,0,0
14200,19.5,20.0,19.5,0.0,0.0,0.0,1.4,1.0,1.0,1.0,0.0,0.0,0.0,0.0,0.0,0.0,100.0,100.0,100.0,1000.0,1000.0,1000.0,0.0,0,0,0.0,0.0,0.0,0,0
14400,19.5,20.0,19.5,0.0,0.0,0.0,1.4,1.0,1.0,1.0,0.0,0.0,0.0,0.0,0.0,0.0,100.0,100.0,100.0,1000.0,1000.0,1000.0,0.0,0,0,0.0,0.0,0.0,0,0
14600,19.5,20.0,19.5,0.0,0.0,0.0,1.4,1.0,1.0,1.0,0.0,0.0,0.0,0.0,0.0,0.0,100.0,100.0,100.0,1000.0,1000.0,1000.0,0.0,0,0,0.0,0.0,0.0,0,0
14800,19.5,20.0,19.5,0.0,0.0,0.0,1.4,1.0,1.0,1.0,0.0,0.0,0.0,0.0,0.0,0.0,100.0,100.0,100.0,1000.0,1000.0,1000.0,0.0,0,0,0.0,0.0,0.0,0,0
15000,19.5,20.0,19.5,0.0,0.0,0.0,1.5,1.0,1.0,1.0,0.0,0.0,0.0,0.0,0.0,0.0,100.0,100.0,100.0,1000.0,1000.0,1000.0,0.0,0,0,0.0,0.0,0.0,0,0
15200,19.5,20.0,19.5,0.0,0.0,0.0,1.5,1.0,1.0,1.0,0.0,0.0,0.0,0.0,0.0,0.0,100.0,100.0,100.0,1000.0,1000.0,1000.0,29.871827500000002,0,0,29.871827500000002,0.0,0.0,1,0
15400,19.5,20.0,19.5,0.0,0.0,0.0,1.5,1.0,1.0,1.0,0.0,0.0,0.0,0.0,0.0,0.0,100.0,100.0,100.0,1000.0,1000.0,1000.0,29.871827500000002,0,0,29.871827500000002,0.0,0.0,0,0
15600,19.5,20.0,19.5,0.0,0.0,0.0,1.5,1.0,1.0,1.0,0.0,0.0,0.0,0.0,0.0,0.0,100.0,100.0,100.0,1000.0,1000.0,1000.0,29.871827500000002,0,0,29.871827500000002,0.0,0.0,0,0
15800,19.5,20.0,19.5,0.0,0.0,0.0,1.5,1.0,1.0,1.0,0.0,0.0,0.0,0.0,0.0,0.0,100.0,100.0,100.0,1000.0,1000.0,1000.0,29.871827500000002,0,0,29.871827500000002,0.0,0.0,0,0
16000,19.5,20.0,19.5,0.0,0.0,0.0,1.6,1.0,1.0,1.0,0.0,0.0,0.0,0.0,0.0,0.0,100.0,100.0,100.0,1000.0,1000.0,1000.0,29.871827500000002,0,0,29.871827500000002,0.0,0.0,0,0
16200,19.5,20.0,19.5,0.0,0.0,0.0,1.6,1.0,1.0,1.0,0.0,0.0,0.0,0.0,0.0,0.0,100.0,100.0,100.0,1000.0,1000.0,1000.0,29.871827500000002,0,0,29.871827500000002,0.0,0.0,0,0
16400,19.5,20.0,19.5,0.0,0.0,0.0,1.6,1.0,1.0,1.0,0.0,0.0,0.0,0.0,0.0,0.0,100.0,100.0,100.0,1000.0,1000.0,1000.0,29.871827500000002,0,0,29.871827500000002,0.0,0.0,0,0
16600,19.5,20.0,19.5,0.0,0.0,0.0,1.6,1.0,1.0,1.0,0.0,0.0,0.0,0.0,0.0,0.0,100.0,100.0,100.0,1000.0,1000.0,1000.0,29.871827500000002,0,0,29.871827500000002,0.0,0.0,0,0
16800,19.5,20.0,19.5,0.0,0.0,0.0,1.6,1.0,1.0,1.0,0.0,0.0,0.0,0.0,0.0,0.0,100.0,100.0,100.0,1000.0,1000.0,1000.0,29.871827500000002,0,0,29.871827500000002,0.0,0.0,0,0
17000,19.5,20.0,19.5,0.0,0.0,0.0,1.7,1.0,1.0,1.0,0.0,0.0,0.0,0.0,0.0,0.0,100.0,100.0,100.0,1000.0,1000.0,1000.0,29.871827500000002,0,0,29.871827500000002,0.0,0.0,0,0
17200,19.5,20.0,19.5,0.0,0.0,0.0,1.7,1.0,1.0,1.0,0.0,0.0,0.0,0.0,0.0,0.0,100.0,100.0,100.0,1000.0,1000.0,1000.0,29.871827500000002,0,0,29.871827500000002,0.0,0.0,0,0
17400,19.5,20.0,19.5,0.0,0.0,0.0,1.7,1.0,1.0,1.0,0.0,0.0,0.0,0.0,0.0,0.0,100.0,100.0,100.0,1000.0,1000.0,1000.0,29.871827500000002,0,0,29.871827500000002,0.0,0.0,0,0
17600,19.5,20.0,19.5,0.0,0.0,0.0,1.7,1.0,1.0,1.0,0.0,0.0,0.0,0.0,0.0,0.0,100.0,100.0,100.0,1000.0,1000.0,1000.0,29.871827500000002,0,0,29.871827500000002,0.0,0.0,0,0
17800,19.5,20.0,19.5,0.0,0.0,0.0,1.7,1.0,1.0,1.0,0.0,0.0,0.0,0.0,0.0,0.0,100.0,100.0,100.0,1000.0,1000.0,1000.0,29.871827500000002,0,0,29.871827500000002,0.0,0.0,0,0
18000,19.5,20.0,19.5,0.0,0.0,0.0,1.8,1.0,1.0,1.0,0.0,0.0,0.0,0.0,0.0,0.0,100.0,100.0,100.0,1000.0,1000.0,1000.0,29.871827500000002,0,0,29.871827500000002,0.0,0.0,0,0
18200,19.5,20.0,19.5,0.0,0.0,0.0,1.8,1.0,1.0,1.0,0.0,0.0,0.0,0.0,0.0,0.0,100.0,100.0,100.0,1000.0,1000.0,1000.0,29.871827500000002,0,0,29.871827500000002,0.0,0.0,0,0
18400,19.5,20.0,19.5,0.0,0.0,0.0,1.8,1.0,1.0,1.0,0.0,0.0,0.0,0.0,0.0,0.0,100.0,100.0,100.0,1000.0,1000.0,1000.0,29.871827500000002,0,0,29.871827500000002,0.0,0.0,0,0
18600,19.5,20.0,19.5,0.0,0.0,0.0,1.8,1.0,1.0,1.0,0.0,0.0,0.0,0.0,0.0,0.0,100.0,100.0,100.0,1000.0,1000.0,1000.0,29.871827500000002,0,0,29.871827500000002,0.0,0.0,0,0
18800,19.5,20.0,19.5,0.0,0.0,0.0,1.8,1.0,1.0,1.0,0.0,0.0,0.0,0.0,0.0,0.0,100.0,100.0,100.0,1000.0,1000.0,1000.0,29.871827500000002,0,0,29.871827500000002,0.0,0.0,0,0
19000,19.5,20.0,19.5,0.0,0.0,0.0,1.9,1.0,1.0,1.0,0.0,0.0,0.0,0.0,0.0,0.0,100.0,100.0,100.0,1000.0,1000.0,1000.0,29.871827500000002,0,0,29.871827500000002,0.0,0.0,0,0
19200,19.5,20.0,19.5,0.0,0.0,0.0,1.9,1.0,1.0,1.0,0.0,0.0,0.0,0.0,0.0,0.0,100.0,100.0,100.0,1000.0,1000.0,1000.0,29.871827500000002,0,0,29.871827500000002,0.0,0.0,0,0
19400,19.5,20.0,19.5,0.0,0.0,0.0,1.9,1.0,1.0,1.0,0.0,0.0,0.0,0.0,0.0,0.0,100.0,100.0,100.0,1000.0,1000.0,1000.0,29.871827500000002,0,0,29.871827500000002,0.0,0.0,0,0
19600,19.5,20.0,19.5,0.0,0.0,0.0,1.9,1.0,1.0,1.0,0.0,0.0,0.0,0.0,0.0,0.0,100.0,100.0,100.0,1000.0,1000.0,1000.0,29.871827500000002,0,0,29.871827500000002,0.0,0.0,0,0
19800,19.5,20.0,19.5,0.0,0.0,0.0,1.9,1.0,1.0,1.0,0.0,0.0,0.0,0.0,0.0,0.0,100.0,100.0,100.0,1000.0,1000.0,1000.0,29.871827500000002,0,0,29.871827500000002,0.0,0.0,0,0
20000,19.5,20.0,19.5,0.0,0.0,0.0,2.0,1.0,1.0,1.0,0.0,0.0,0.0,0.0,0.0,0.0,100.0,100.0,100.0,1000.0,1000.0,1000.0,29.871827500000002,0,0,29.871827500000002,0.0,0.0,0,0
20200,19.5,20.0,19.5,0.0,0.0,0.0,2.0,1.0,1.0,1.0,0.0,0.0,0.0,0.0,0.0,0.0,100.0,100.0,100.0,1000.0,1000.0,1000.0,29.871827500000002,0,0,29.871827500000002,0.0,0.0,0,0
20400,19.5,20.0,19.5,0.0,0.0,0.0,2.0,1.0,1.0,1.0,0.0,0.0,0.0,0.0,0.0,0.0,100.0,100.0,100.0,1000.0,1000.0,1000.0,29.871827500000002,0,0,29.871827500000002,0.0,0.0,0,0
20600,19.5,20.0,19.5,0.0,0.0,0.0,2.0,1.0,1.0,1.0,0.0,0.0,0.0,0.0,0.0,0.0,100.0,100.0,100.0,1000.0,1000.0,1000.0,29.871827500000002,0,0,29.871827500000002,0.0,0.0,0,0
20800,19.5,20.0,19.5,0.0,0.0,0.0,2.0,1.0,1.0,1.0,0.0,0.0,0.0,0.0,0.0,0.0,100.0,100.0,100.0,1000.0,1000.0,1000.0,29.871827500000002,0,0,29.871827500000002,0.0,0.0,0,0
21000,20.0,20.0,19.5,0.0,0.0,0.0,2.1,1.0,1.0,1.0,0.0,0.0,0.0,0.0,0.0,0.0,100.0,100.0,100.0,1000.0,1000.0,1000.0,29.871827500000002,0,0,29.871827500000002,0.0,0.0,0,0
21200,20.0,20.0,19.5,0.0,0.0,0.0,2.1,1.0,1.0,1.0,0.0,0.0,0.0,0.0,0.0,0.0,100.0,100.0,100.0,1000.0,1000.0,1000.0,29.871827500000002,0,0,29.871827500000002,0.0,0.0,0,0
21400,20.0,20.0,19.5,0.0,0.0,0.0,2.1,1.0,1.0,1.0,0.0,0.0,0.0,0.0,0.0,0.0,100.0,100.0,100.0,1000.0,1000.0,1000.0,29.871827500000002,0,0,29.871827500000002,0.0,0.0,0,0
21600,20.0,20.0,19.5,0.0,0.0,0.0,2.1,1.0,1.0,1.0,0.0,0.0,0.0,0.0,0.0,0.0,100.0,100.0,100.0,1000.0,1000.0,1000.0,29.871827500000002,0,0,29.871827500000002,0.0,0.0,0,0
21800,20.0,20.0,19.5,0.0,0.0,0.0,2.1,1.0,1.0,1.0,0.0,0.0,0.0,0.0,0.0,0.0,100.0,100.0,100.0,1000.0,1000.0,1000.0,29.871827500000002,0,0,29.871827500000002,0.0,0.0,0,0
22000,20.0,20.0,19.5,0.0,0.0,0.0,2.2,1.0,1.0,1.0,0.0,0.0,0.0,0.0,0.0,0.0,100.0,100.0,100.0,1000.0,1000.0,1000.0,29.871827500000002,0,0,29.871827500000002,0.0,0.0,0,0
22200,20.0,20.0,19.5,0.0,0.0,0.0,2.2,1.0,1.0,1.0,0.0,0.0,0.0,0.0,0.0,0.0,100.0,100.0,100.0,1000.0,1000.0,1000.0,29.871827500000002,0,0,29.871827500000002,0.0,0.0,0,0
22400,20.0,20.0,19.5,0.0,0.0,0.0,2.2,1.0,1.0,1.0,0.0,0.0,0.0,0.0,0.0,0.0,100.0,100.0,100.0,1000.0,1000.0,1000.0,29.871827500000002,0,0,29.871827500000002,0.0,0.0,0,0
22600,20.0,20.0,19.5,0.0,0.0,0.0,2.2,1.0,1.0,1.0,0.0,0.0,0.0,0.0,0.0,0.0,100.0,100.0,100.0,1000.0,1000.0,1000.0,29.871827500000002,0,0,29.871827500000002,0.0,0.0,0,0
22800,20.0,20.0,19.5,0.0,0.0,0.0,2.2,1.0,1.0,1.0,0.0,0.0,0.0,0.0,0.0,0.0,100.0,100.0,100.0,1000.0,1000.0,1000.0,29.871827500000002,0,0,29.871827500000002,0.0,0.0,0,0
23000,20.0,20.0,19.5,0.0,0.0,0.0,2.3,1.0,1.0,1.0,0.0,0.0,0.0,0.0,0.0,0.0,100.0,100.0,100.0,1000.0,1000.0,1000.0,29.871827500000002,0,0,29.871827500000002,0.0,0.0,0,0
23200,20.0,20.0,19.5,0.0,0.0,0.0,2.3,1.0,1.0,1.0,0.0,0.0,0.0,0.0,0.0,0.0,100.0,100.0,100.0,1000.0,1000.0,1000.0,29.871827500000002,0,0,29.871827500000002,0.0,0.0,0,0
23400,20.0,20.0,19.5,0.0,0.0,0.0,2.3,1.0,1.0,1.0,0.0,0.0,0.0,0.0,0.0,0.0,100.0,100.0,100.0,1000.0,1000.0,1000.0,29.871827500000002,0,0,29.871827500000002,0.0,0.0,0,0
23600,20.0,20.0,19.5,0.0,0.0,0.0,2.3,1.0,1.0,1.0,0.0,0.0,0.0,0.0,0.0,0.0,100.0,100.0,100.0,1000.0,1000.0,1000.0,29.871827500000002,0,0,29.871827500000002,0.0,0.0,0,0
23800,20.0,20.0,19.5,0.0,0.0,0.0,2.3,1.0,1.0,1.0,0.0,0.0,0.0,0.0,0.0,0.0,100.0,100.0,100.0,1000.0,1000.0,1000.0,29.871827500000002,0,0,29.871827500000002,0.0,0.0,0,0
24000,20.0,20.0,19.5,0.0,0.0,0.0,2.4,1.0,1.0,1.0,0.0,0.0,0.0,0.0,0.0,0.0,100.0,100.0,100.0,1000.0,1000.0,1000.0,29.871827500000002,0,0,29.871827500000002,0.0,0.0,0,0
24200,20.0,20.0,19.5,0.0,0.0,0.0,2.4,1.0,1.0,1.0,0.0,0.0,0.0,0.0,0.0,0.0,100.0,100.0,100.0,1000.0,1000.0,1000.0,29.871827500000002,0,0,29.871827500000002,0.0,0.0,0,0
24400,20.0,20.0,19.5,0.0,0.0,0.0,2.4,1.0,1.0,1.0,0.0,0.0,0.0,0.0,0.0,0.0,100.0,100.0,100.0,1000.0,1000.0,1000.0,29.871827500000002,0,0,29.871827500000002,0.0,0.0,0,0
24600,20.0,20.0,19.5,0.0,0.0,0.0,2.4,1.0,1.0,1.0,0.0,0.0,0.0,0.0,0.0,0.0,100.0,100.0,100.0,1000.0,1000.0,1000.0,29.871827500000002,0,0,29.871827500000002,0.0,0.0,0,0
24800,20.0,20.0,19.5,0.0,0.0,0.0,2.4,1.0,1.0,1.0,0.0,0.0,0.0,0.0,0.0,0.0,100.0,100.0,100.0,1000.0,1000.0,1000.0,29.871827500000002,0,0,29.871827500000002,0.0,0.0,0,0
25000,20.0,20.0,19.5,0.0,0.0,0.0,2.5,1.0,1.0,1.0,0.0,0.0,0.0,0.0,0.0,0.0,100.0,100.0,100.0,1000.0,1000.0,1000.0,29.871827500000002,0,0,29.871827500000002,0.0,0.0,0,0
25200,20.0,20.0,19.5,0.0,0.0,0.0,2.5,1.0,1.0,1.0,0.0,0.0,0.0,0.0,0.0,0.0,100.0,100.0,100.0,1000.0,1000.0,1000.0,29.871827500000002,0,0,29.871827500000002,0.0,0.0,0,0
25400,20.0,20.5,19.5,0.0,0.0,0.0,2.5,1.0,1.0,1.0,0.0,0.0,0.0,0.0,0.0,0.0,100.0,100.0,100.0,1000.0,1000.0,1000.0,29.871827500000002,0,0,29.871827500000002,0.0,0.0,0,0
25600,20.5,20.5,19.5,0.0,0.0,0.0,2.5,1.0,1.0,1.0,0.0,0.0,0.0,0.0,0.0,0.0,100.0,100.0,100.0,1000.0,1000.0,1000.0,29.871827500000002,0,0,29.871827500000002,0.0,0.0,0,0
25800,20.5,20.5,19.5,0.0,0.0,0.0,2.5,1.0,1.0,1.0,0.0,0.0,0.0,0.0,0.0,0.0,100.0,100.0,100.0,1000.0,1000.0,1000.0,29.871827500000002,0,0,29.871827500000002,0.0,0.0,0,0
26000,20.5,20.5,19.5,0.0,0.0,0.0,2.6,1.0,1.0,1.0,0.0,0.0,0.0,0.0,0.0,0.0,100.0,100.0,100.0,1000.0,1000.0,1000.0,29.871827500000002,0,0,29.871827500000002,0.0,0.0,0,0
26200,20.5,20.5,19.5,0.0,0.0,0.0,2.6,1.0,1.0,1.0,0.0,0.0,0.0,0.0,0.0,0.0,100.0,100.0,100.0,1000.0,1000.0,1000.0,29.871827500000002,0,0,29.871827500000002,0.0,0.0,0,0
26400,20.5,20.5,19.5,0.0,0.0,0.0,2.6,1.0,1.0,1.0,0.0,0.0,0.0,0.0,0.0,0.0,100.0,100.0,100.0,1000.0,1000.0,1000.0,29.871827500000002,0,0,29.871827500000002,0.0,0.0,0,0
26600,20.5,20.5,19.5,0.0,0.0,0.0,2.6,1.0,1.0,1.0,0.0,0.0,0.0,0.0,0.0,0.0,100.0,100.0,100.0,1000.0,1000.0,1000.0,29.871827500000002,0,0,29.871827500000002,0.0,0.0,0,0
26800,20.5,20.5,19.5,0.0,0.0,0.0,2.6,1.0,1.0,1.0,0.0,0.0,0.0,0.0,0.0,0.0,100.0,100.0,100.0,1000.0,1000.0,1000.0,29.871827500000002,0,0,29.871827500000002,0.0,0.0,0,0
27000,20.5,20.5,19.5,0.0,0.0,0.0,2.7,1.0,1.0,1.0,0.0,0.0,0.0,0.0,0.0,0.0,100.0,100.0,100.0,1000.0,1000.0,1000.0,29.871827500000002,0,0,29.871827500000002,0.0,0.0,0,0
27200,20.5,20.5,19.5,0.0,0.0,0.0,2.7,1.0,1.0,1.0,0.0,0.0,0.0,0.0,0.0,0.0,100.0,100.0,100.0,1000.0,1000.0,1000.0,29.871827500000002,0,0,29.871827500000002,0.0,0.0,0,0
27400,20.5,20.5,19.5,0.0,0.0,0.0,2.7,1.0,1.0,1.0,0.0,0.0,0.0,0.0,0.0,0.0,100.0,100.0,100.0,1000.0,1000.0,1000.0,29.871827500000002,0,0,29.871827500000002,0.0,0.0,0,0
27600,20.5,20.5,19.5,0.0,0.0,0.0,2.7,1.0,1.0,1.0,0.0,0.0,0.0,0.0,0.0,0.0,100.0,100.0,100.0,1000.0,1000.0,1000.0,29.871827500000002,0,0,29.871827500000002,0.0,0.0,0,0
27800,20.5,20.5,19.5,0.0,0.0,0.0,2.7,1.0,1.0,1.0,0.0,0.0,0.0,0.0,0.0,0.0,100.0,100.0,100.0,1000.0,1000.0,1000.0,29.871827500000002,0,0,29.871827500000002,0.0,0.0,0,0
28000,20.5,20.5,19.5,0.0,0.0,0.0,2.8,1.0,1.0,1.0,0.0,0.0,0.0,0.0,0.0,0.0,100.0,100.0,100.0,1000.0,1000.0,1000.0,29.871827500000002,0,0,29.871827500000002,0.0,0.0,0,0
28200,20.5,20.5,19.5,0.0,0.0,0.0,2.8,1.0,1.0,1.0,0.0,0.0,0.0,0.0,0.0,0.0,100.0,100.0,100.0,1000.0,1000.0,1000.0,29.871827500000002,0,0,29.871827500000002,0.0,0.0,0,0
28400,20.5,20.5,19.5,0.0,0.0,0.0,2.8,1.0,1.0,1.0,0.0,0.0,0.0,0.0,0.0,0.0,100.0,100.0,100.0,1000.0,1000.0,1000.0,29.871827500000002,0,0,29.871827500000002,0.0,0.0,0,0
28600,20.5,20.5,19.5,0.0,0.0,0.0,2.8,1.0,1.0,1.0,0.0,0.0,0.0,0.0,0.0,0.0,100.0,100.0,100.0,1000.0,1000.0,1000.0,29.871827500000002,0,0,29.871827500000002,0.0,0.0,0,0
28800,20.5,20.5,19.5,0.0,0.0,0.0,2.8,1.0,1.0,1.0,0.0,0.0,0.0,0.0,0.0,0.0,100.0,100.0,100.0,1000.0,1000.0,1000.0,29.871827500000002,0,0,29.871827500000002,0.0,0.0,0,0
29000,20.5,20.5,19.5,0.0,0.0,0.0,2.9,1.0,1.0,1.0,0.0,0.0,0.0,0.0,0.0,0.0,100.0,100.0,100.0,1000.0,1000.0,1000.0,29.871827500000002,0,0,29.871827500000002,0.0,0.0,0,0
29200,20.5,20.5,19.5,0.0,0.0,0.0,2.9,1.0,1.0,1.0,0.0,0.0,0.0,0.0,0.0,0.0,100.0,100.0,100.0,1000.0,1000.0,1000.0,29.871827500000002,0,0,29.871827500000002,0.0,0.0,0,0
29400,20.5,20.5,19.5,0.0,0.0,0.0,2.9,1.0,1.0,1.0,0.0,0.0,0.0,0.0,0.0,0.0,100.0,100.0,100.0,1000.0,1000.0,1000.0,29.871827500000002,0,0,29.871827500000002,0.0,0.0,0,0
29600,21.0,20.5,19.5,0.0,0.0,0.0,2.9,1.0,1.0,1.0,0.0,0.0,0.0,0.0,0.0,0.0,100.0,100.0,100.0,1000.0,1000.0,1000.0,29.871827500000002,0,0,29.871827500000002,0.0,0.0,0,0
29800,21.0,20.5,19.5,0.0,0.0,0.0,2.9,1.0,1.0,1.0,0.0,0.0,0.0,0.0,0.0,0.0,100.0,100.0,100.0,1000.0,1000.0,1000.0,29.871827500000002,0,0,29.871827500000002,0.0,0.0,0,0
30000,21.0,20.5,19.5,0.0,0.0,0.0,3.0,1.0,1.0,1.0,0.0,0.0,0.0,0.0,0.0,0.0,100.0,100.0,100.0,1000.0,1000.0,1000.0,29.871827500000002,0,0,29.871827500000002,0.0,0.0,0,0
30200,21.0,20.5,19.5,0.0,0.0,0.0,3.0,1.0,1.0,1.0,0.0,0.0,0.0,0.0,0.0,0.0,100.0,100.0,100.0,1000.0,1000.0,1000.0,36.026757509999996,0,0,36.026757509999996,0.0,0.0,1,0
30400,21.0,21.0,19.5,0.0,0.0,0.0,3.0,1.0,1.0,1.0,0.0,0.0,0.0,0.0,0.0,0.0,100.0,100.0,100.0,1000.0,1000.0,1000.0,36.026757509999996,0,0,36.026757509999996,0.0,0.0,0,0
30600,21.0,21.0,19.5,0.0,0.0,0.0,3.0,1.0,1.0,1.0,0.0,0.0,0.0,0.0,0.0,0.0,100.0,100.0,100.0,1000.0,1000.0,1000.0,36.026757509999996,0,0,36.026757509999996,0.0,0.0,0,0
30800,21.0,21.0,19.5,0.0,0.0,0.0,3.0,1.0,1.0,1.0,0.0,0.0,0.0,0.0,0.0,0.0,100.0,100.0,100.0,1000.0,1000.0,1000.0,36.026757509999996,0,0,36.026757509999996,0.0,0.0,0,0
31000,21.0,21.0,19.5,0.0,0.0,0.0,3.1,1.0,1.0,1.0,0.0,0.0,0.0,0.0,0.0,0.0,100.0,100.0,100.0,1000.0,1000.0,1000.0,36.026757509999996,0,0,36.026757509999996,0.0,0.0,0,0
31200,21.0,21.0,19.5,0.0,0.0,0.0,3.1,1.0,1.0,1.0,0.0,0.0,0.0,0.0,0.0,0.0,100.0,100.0,100.0,1000.0,1000.0,1000.0,36.026757509999996,0,0,36.026757509999996,0.0,0.0,0,0
31400,21.0,21.0,19.5,0.0,0.0,0.0,3.1,1.0,1.0,1.0,0.0,0.0,0.0,0.0,0.0,0.0,100.0,100.0,100.0,1000.0,1000.0,1000.0,36.026757509999996,0,0,36.026757509999996,0.0,0.0,0,0
31600,21.0,21.0,19.5,0.0,0.0,0.0,3.1,1.0,1.0,1.0,0.0,0.0,0.0,0.0,0.0,0.0,100.0,100.0,100.0,1000.0,1000.0,1000.0,36.026757509999996,0,0,36.026757509999996,0.0,0.0,0,0
31800,21.0,21.0,19.5,0.0,0.0,0.0,3.1,1.0,1.0,1.0,0.0,0.0,0.0,0.0,0.0,0.0,100.0,100.0,100.0,1000.0,1000.0,1000.0,36.026757509999996,0,0,36.026757509999996,0.0,0.0,0,0
32000,21.0,21.0,19.5,0.0,0.0,0.0,3.2,1.0,1.0,1.0,0.0,0.0,0.0,0.0,0.0,0.0,100.0,100.0,100.0,1000.0,1000.0,1000.0,36.026757509999996,0,0,36.026757509999996,0.0,0.0,0,0
32200,21.0,21.0,19.5,0.0,0.0,0.0,3.2,1.0,1.0,1.0,0.0,0.0,0.0,0.0,0.0,0.0,100.0,100.0,100.0,1000.0,1000.0,1000.0,36.026757509999996,0,0,36.026757509999996,0.0,0.0,0,0
32400,21.0,21.0,19.5,0.0,0.0,0.0,3.2,1.0,1.0,1.0,0.0,0.0,0.0,0.0,0.0,0.0,100.0,100.0,100.0,1000.0,1000.0,1000.0,36.026757509999996,0,0,36.026757509999996,0.0,0.0,0,0
32600,21.0,21.0,19.5,0.0,0.0,0.0,3.2,1.0,1.0,1.0,0.0,0.0,0.0,0.0,0.0,0.0,100.0,100.0,100.0,1000.0,1000.0,1000.0,36.026757509999996,0,0,36.026757509999996,0.0,0.0,0,0
32800,21.0,21.0,19.5,0.0,0.0,0.0,3.2,1.0,1.0,1.0,0.0,0.0,0.0,0.0,0.0,0.0,100.0,100.0,100.0,1000.0,1000.0,1000.0,36.026757509999996,0,0,36.026757509999996,0.0,0.0,0,0
33000,21.5,21.0,19.5,0.0,0.0,0.0,3.3,1.0,1.0,1.0,0.0,0.0,0.0,0.0,0.0,0.0,100.0,100.0,100.0,1000.0,1000.0,1000.0,36.026757509999996,0,0,36.026757509999996,0.0,0.0,0,0
33200,21.5,21.0,19.5,0.0,0.0,0.0,3.3,1.0,1.0,1.0,0.0,0.0,0.0,0.0,0.0,0.0,100.0,100.0,100.0,1000.0,1000.0,1000.0,36.026757509999996,0,0,36.026757509999996,0.0,0.0,0,0
33400,21.5,21.0,19.5,0.0,0.0,0.0,3.3,1.0,1.0,1.0,0.0,0.0,0.0,0.0,0.0,0.0,100.0,100.0,100.0,1000.0,1000.0,1000.0,36.026757509999996,0,0,36.026757509999996,0.0,0.0,0,0
33600,21.5,21.0,19.5,0.0,0.0,0.0,3.3,1.0,1.0,1.0,0.0,0.0,0.0,0.0,0.0,0.0,100.0,100.0,100.0,1000.0,1000.0,1000.0,36.026757509999996,0,0,36.026757509999996,0.0,0.0,0,0
33800,21.5,21.0,19.5,0.0,0.0,0.0,3.3,1.0,1.0,1.0,0.0,0.0,0.0,0.0,0.0,0.0,100.0,100.0,100.0,1000.0,1000.0,1000.0,36.026757509999996,0,0,36.026757509999996,0.0,0.0,0,0
34000,21.5,21.0,19.5,0.0,0.0,0.0,3.4,1.0,1.0,1.0,0.0,0.0,0.0,0.0,0.0,0.0,100.0,100.0,100.0,1000.0,1000.0,1000.0,36.026757509999996,0,0,36.026757509999996,0.0,0.0,0,0
34200,21.5,21.0,19.5,0.0,0.0,0.0,3.4,1.0,1.0,1.0,0.0,0.0,0.0,0.0,0.0,0.0,100.0,100.0,100.0,1000.0,1000.0,1000.0,36.026757509999996,0,0,36.026757509999996,0.0,0.0,0,0
34400,21.5,21.5,19.5,0.0,0.0,0.0,3.4,1.0,1.0,1.0,0.0,0.0,0.0,0.0,0.0,0.0,100.0,100.0,100.0,1000.0,1000.0,1000.0,36.026757509999996,0,0,36.026757509999996,0.0,0.0,0,0
34600,21.5,21.5,19.5,0.0,0.0,0.0,3.4,1.0,1.0,1.0,0.0,0.0,0.0,0.0,0.0,0.0,100.0,100.0,100.0,1000.0,1000.0,1000.0,36.026757509999996,0,0,36.026757509999996,0.0,0.0,0,0
34800,21.5,21.5,19.5,0.0,0.0,0.0,3.4,1.0,1.0,1.0,0.0,0.0,0.0,0.0,0.0,0.0,100.0,100.0,100.0,1000.0,1000.0,1000.0,36.026757509999996,0,0,36.026757509999996,0.0,0.0,0,0
35000,21.5,21.5,19.5,0.0,0.0,0.0,3.5,1.0,1.0,1.0,0.0,0.0,0.0,0.0,0.0,0.0,100.0,100.0,100.0,1000.0,1000.0,1000.0,36.026757509999996,0,0,36.026757509999996,0.0,0.0,0,0
35200,21.5,21.5,19.5,0.0,0.0,0.0,3.5,1.0,1.0,1.0,0.0,0.0,0.0,0.0,0.0,0.0,100.0,100.0,100.0,1000.0,1000.0,1000.0,36.026757509999996,0,0,36.026757509999996,0.0,0.0,0,0
35400,21.5,21.5,19.5,0.0,0.0,0.0,3.5,1.0,1.0,1.0,0.0,0.0,0.0,0.0,0.0,0.0,100.0,100.0,100.0,1000.0,1000.0,1000.0,36.026757509999996,0,0,36.026757509999996,0.0,0.0,0,0
35600,21.5,21.5,19.5,0.0,0.0,0.0,3.5,1.0,1.0,1.0,0.0,0.0,0.0,0.0,0.0,0.0,100.0,100.0,100.0,1000.0,1000.0,1000.0,36.026757509999996,0,0,36.026757509999996,0.0,0.0,0,0
35800,21.5,21.5,19.5,0.0,0.0,0.0,3.5,1.0,1.0,1.0,0.0,0.0,0.0,0.0,0.0,0.0,100.0,100.0,100.0,1000.0,1000.0,1000.0,36.026757509999996,0,0,36.026757509999996,0.0,0.0,0,0
36000,21.5,21.5,19.5,0.0,0.0,0.0,3.6,1.0,1.0,1.0,0.0,0.0,0.0,0.0,0.0,0.0,100.0,100.0,100.0,1000.0,1000.0,1000.0,36.026757509999996,0,0,36.026757509999996,0.0,0.0,0,0
36200,21.5,21.5,19.5,0.0,0.0,0.0,3.6,1.0,1.0,1.0,0.0,0.0,0.0,0.0,0.0,0.0,100.0,100.0,100.0,1000.0,1000.0,1000.0,36.026757509999996,0,0,36.026757509999996,0.0,0.0,0,0
36400,21.5,21.5,19.5,0.0,0.0,0.0,3.6,1.0,1.0,1.0,0.0,0.0,0.0,0.0,0.0,0.0,100.0,100.0,100.0,1000.0,1000.0,1000.0,36.026757509999996,0,0,36.026757509999996,0.0,0.0,0,0
36600,22.0,21.5,19.5,0.0,0.0,0.0,3.6,1.0,1.0,1.0,0.0,0.0,0.0,0.0,0.0,0.0,100.0,100.0,100.0,1000.0,1000.0,1000.0,36.026757509999996,0,0,36.026757509999996,0.0,0.0,0,0
36800,22.0,21.5,19.5,0.0,0.0,0.0,3.6,1.0,1.0,1.0,0.0,0.0,0.0,0.0,0.0,0.0,100.0,100.0,100.0,1000.0,1000.0,1000.0,36.026757509999996,0,0,36.026757509999996,0.0,0.0,0,0
37000,22.0,21.5,19.5,0.0,0.0,0.0,3.7,1.0,1.0,1.0,0.0,0.0,0.0,0.0,0.0,0.0,100.0,100.0,100.0,1000.0,1000.0,1000.0,36.026757509999996,0,0,36.026757509999996,0.0,0.0,0,0
37200,22.0,21.5,19.5,0.0,0.0,0.0,3.7,1.0,1.0,1.0,0.0,0.0,0.0,0.0,0.0,0.0,100.0,100.0,100.0,1000.0,1000.0,1000.0,36.026757509999996,0,0,36.026757509999996,0.0,0.0,0,0
37400,22.0,21.5,19.5,0.0,0.0,0.0,3.7,1.0,1.0,1.0,0.0,0.0,0.0,0.0,0.0,0.0,100.0,100.0,100.0,1000.0,1000.0,1000.0,36.026757509999996,0,0,36.026757509999996,0.0,0.0,0,0
37600,22.0,21.5,19.5,0.0,0.0,0.0,3.7,1.0,1.0,1.0,0.0,0.0,0.0,0.0,0.0,0.0,100.0,100.0,100.0,1000.0,1000.0,1000.0,36.026757509999996,0,0,36.026757509999996,0.0,0.0,0,0
37800,22.0,21.5,19.5,0.0,0.0,0.0,3.7,1.0,1.0,1.0,0.0,0.0,0.0,0.0,0.0,0.0,100.0,100.0,100.0,1000.0,1000.0,1000.0,36.026757509999996,0,0,36.026757509999996,0.0,0.0,0,0
38000,22.0,22.0,19.5,0.0,0.0,0.0,3.8,1.0,1.0,1.0,0.0,0.0,0.0,0.0,0.0,0.0,100.0,100.0,100.0,1000.0,1000.0,1000.0,36.026757509999996,0,0,36.026757509999996,0.0,0.0,0,0
38200,22.0,22.0,19.5,0.0,0.0,0.0,3.8,1.0,1.0,1.0,0.0,0.0,0.0,0.0,0.0,0.0,100.0,100.0,100.0,1000.0,1000.0,1000.0,36.026757509999996,0,0,36.026757509999996,0.0,0.0,0,0
38400,22.0,22.0,19.5,0.0,0.0,0.0,3.8,1.0,1.0,1.0,0.0,0.0,0.0,0.0,0.0,0.0,100.0,100.0,100.0,1000.0,1000.0,1000.0,36.026757509999996,0,0,36.026757509999996,0.0,0.0,0,0
38600,22.0,22.0,19.5,0.0,0.0,0.0,3.8,1.0,1.0,1.0,0.0,0.0,0.0,0.0,0.0,0.0,100.0,100.0,100.0,1000.0,1000.0,1000.0,36.026757509999996,0,0,36.026757509999996,0.0,0.0,0,0
38800,22.0,22.0,19.5,0.0,0.0,0.0,3.8,1.0,1.0,1.0,0.0,0.0,0.0,0.0,0.0,0.0,100.0,100.0,100.0,1000.0,1000.0,1000.0,36.026757509999996,0,0,36.026757509999996,0.0,0.0,0,0
39000,22.0,22.0,19.5,0.0,0.0,0.0,3.9,1.0,1.0,1.0,0.0,0.0,0.0,0.0,0.0,0.0,100.0,100.0,100.0,1000.0,1000.0,1000.0,36.026757509999996,0,0,36.026757509999996,0.0,0.0,0,0
39200,22.0,22.0,19.5,0.0,0.0,0.0,3.9,1.0,1.0,1.0,0.0,0.0,0.0,0.0,0.0,0.0,100.0,100.0,100.0,1000.0,1000.0,1000.0,36.026757509999996,0,0,36.026757509999996,0.0,0.0,0,0
39400,22.0,22.0,19.5,0.0,0.0,0.0,3.9,1.0,1.0,1.0,0.0,0.0,0.0,0.0,0.0,0.0,100.0,100.0,100.0,1000.0,1000.0,1000.0,36.026757509999996,0,0,36.026757509999996,0.0,0.0,0,0
39600,22.5,22.0,19.5,0.0,0.0,0.0,3.9,1.0,1.0,1.0,0.0,0.0,0.0,0.0,0.0,0.0,100.0,100.0,100.0,1000.0,1000.0,1000.0,36.026757509999996,0,0,36.026757509999996,0.0,0.0,0,0
39800,22.5,22.0,19.5,0.0,0.0,0.0,3.9,1.0,1.0,1.0,0.0,0.0,0.0,0.0,0.0,0.0,100.0,100.0,100.0,1000.0,1000.0,1000.0,36.026757509999996,0,0,36.026757509999996,0.0,0.0,0,0
40000,22.5,22.0,19.5,0.0,0.0,0.0,4.0,1.0,1.0,1.0,0.0,0.0,0.0,0.0,0.0,0.0,100.0,100.0,100.0,1000.0,1000.0,1000.0,36.026757509999996,0,0,36.026757509999996,0.0,0.0,0,0
40200,22.5,22.0,19.5,0.0,0.0,0.0,4.0,1.0,1.0,1.0,0.0,0.0,0.0,0.0,0.0,0.0,100.0,100.0,100.0,1000.0,1000.0,1000.0,36.026757509999996,0,0,36.026757509999996,0.0,0.0,0,0
40400,22.5,22.0,19.5,0.0,0.0,0.0,4.0,1.0,1.0,1.0,0.0,0.0,0.0,0.0,0.0,0.0,100.0,100.0,100.0,1000.0,1000.0,1000.0,36.026757509999996,0,0,36.026757509999996,0.0,0.0,0,0
40600,22.5,22.0,19.5,0.0,0.0,0.0,4.0,1.0,1.0,1.0,0.0,0.0,0.0,0.0,0.0,0.0,100.0,100.0,100.0,1000.0,1000.0,1000.0,36.026757509999996,0,0,36.026757509999996,0.0,0.0,0,0
40800,22.5,22.0,19.5,0.0,0.0,0.0,4.0,1.0,1.0,1.0,0.0,0.0,0.0,0.0,0.0,0.0,100.0,100.0,100.0,1000.0,1000.0,1000.0,36.026757509999996,0,0,36.026757509999996,0.0,0.0,0,0
41000,22.5,22.0,19.5,0.0,0.0,0.0,4.1,1.0,1.0,1.0,0.0,0.0,0.0,0.0,0.0,0.0,100.0,100.0,100.0,1000.0,1000.0,1000.0,36.026757509999996,0,0,36.026757509999996,0.0,0.0,0,0
41200,22.5,22.0,19.5,0.0,0.0,0.0,4.1,1.0,1.0,1.0,0.0,0.0,0.0,0.0,0.0,0.0,100.0,100.0,100.0,1000.0,1000.0,1000.0,36.026757509999996,0,0,36.026757509999996,0.0,0.0,0,0
41400,22.5,22.5,19.5,0.0,0.0,0.0,4.1,1.0,1.0,1.0,0.0,0.0,0.0,0.0,0.0,0.0,100.0,100.0,100.0,1000.0,1000.0,1000.0,36.026757509999996,0,0,36.026757509999996,0.0,0.0,0,0
41600,22.5,22.5,19.5,0.0,0.0,0.0,4.1,1.0,1.0,1.0,0.0,0.0,0.0,0.0,0.0,0.0,100.0,100.0,100.0,1000.0,1000.0,1000.0,36.026757509999996,0,0,36.026757509999996,0.0,0.0,0,0
41800,22.5,22.5,19.5,0.0,0.0,0.0,4.1,1.0,1.0,1.0,0.0,0.0,0.0,0.0,0.0,0.0,100.0,100.0,100.0,1000.0,1000.0,1000.0,36.026757509999996,0,0,36.026757509999996,0.0,0.0,0,0
42000,22.5,22.5,19.5,0.0,0.0,0.0,4.2,1.0,1.0,1.0,0.0,0.0,0.0,0.0,0.0,0.0,100.0,100.0,100.0,1000.0,1000.0,1000.0,36.026757509999996,0,0,36.026757509999996,0.0,0.0,0,0
42200,22.5,22.5,19.5,0.0,0.0,0.0,4.2,1.0,1.0,1.0,0.0,0.0,0.0,0.0,0.0,0.0,100.0,100.0,100.0,1000.0,1000.0,1000.0,36.026757509999996,0,0,36.026757509999996,0.0,0.0,0,0
42400,22.5,22.5,19.5,0.0,0.0,0.0,4.2,1.0,1.0,1.0,0.0,0.0,0.0,0.0,0.0,0.0,100.0,100.0,100.0,1000.0,1000.0,1000.0,36.026757509999996,0,0,36.026757509999996,0.0,0.0,0,0
42600,23.0,22.5,19.5,0.0,0.0,0.0,4.2,1.0,1.0,1.0,0.0,0.0,0.0,0.0,0.0,0.0,100.0,100.0,100.0,1000.0,1000.0,1000.0,36.026757509999996,0,0,36.026757509999996,0.0,0.0,0,0
42800,23.0,22.5,19.5,0.0,0.0,0.0,4.2,1.0,1.0,1.0,0.0,0.0,0.0,0.0,0.0,0.0,100.0,100.0,100.0,1000.0,1000.0,1000.0,36.026757509999996,0,0,36.026757509999996,0.0,0.0,0,0
43000,23.0,22.5,19.5,0.0,0.0,0.0,4.3,1.0,1.0,1.0,0.0,0.0,0.0,0.0,0.0,0.0,100.0,100.0,100.0,1000.0,1000.0,1000.0,36.026757509999996,0,0,36.026757509999996,0.0,0.0,0,0
43200,23.0,22.5,19.5,0.0,0.0,0.0,4.3,1.0,1.0,1.0,0.0,0.0,0.0,0.0,0.0,0.0,100.0,100.0,100.0,1000.0,1000.0,1000.0,36.026757509999996,0,0,36.026757509999996,0.0,0.0,0,0
43400,23.0,22.5,19.5,0.0,0.0,0.0,4.3,1.0,1.0,1.0,0.0,0.0,0.0,0.0,0.0,0.0,100.0,100.0,100.0,1000.0,1000.0,1000.0,36.026757509999996,0,0,36.026757509999996,0.0,0.0,0,0
43600,23.0,22.5,19.5,0.0,0.0,0.0,4.3,1.0,1.0,1.0,0.0,0.0,0.0,0.0,0.0,0.0,100.0,100.0,100.0,1000.0,1000.0,1000.0,36.026757509999996,0,0,36.026757509999996,0.0,0.0,0,0
43800,23.0,22.5,19.5,0.0,0.0,0.0,4.3,1.0,1.0,1.0,0.0,0.0,0.0,0.0,0.0,0.0,100.0,100.0,100.0,1000.0,1000.0,1000.0,36.026757509999996,0,0,36.026757509999996,0.0,0.0,0,0
44000,23.0,22.5,19.5,0.0,0.0,0.0,4.4,1.0,1.0,1.0,0.0,0.0,0.0,0.0,0.0,0.0,100.0,100.0,100.0,1000.0,1000.0,1000.0,36.026757509999996,0,0,36.026757509999996,0.0,0.0,0,0
44200,23.0,22.5,19.5,0.0,0.0,0.0,4.4,1.0,1.0,1.0,0.0,0.0,0.0,0.0,0.0,0.0,100.0,100.0,100.0,1000.0,1000.0,1000.0,36.026757509999996,0,0,36.026757509999996,0.0,0.0,0,0
44400,23.0,23.0,19.5,0.0,0.0,0.0,4.4,1.0,1.0,1.0,0.0,0.0,0.0,0.0,0.0,0.0,100.0,100.0,100.0,1000.0,1000.0,1000.0,36.026757509999996,0,0,36.026757509999996,0.0,0.0,0,0
44600,23.0,23.0,19.5,0.0,0.0,0.0,4.4,1.0,1.0,1.0,0.0,0.0,0.0,0.0,0.0,0.0,100.0,100.0,100.0,1000.0,1000.0,1000.0,36.026757509999996,0,0,36.026757509999996,0.0,0.0,0,0
44800,23.0,23.0,19.5,0.0,0.0,0.0,4.4,1.0,1.0,1.0,0.0,0.0,0.0,0.0,0.0,0.0,100.0,100.0,100.0,1000.0,1000.0,1000.0,36.026757509999996,0,0,36.026757509999996,0.0,0.0,0,0
45000,23.0,23.0,19.5,0.0,0.0,0.0,4.5,1.0,1.0,1.0,0.0,0.0,0.0,0.0,0.0,0.0,100.0,100.0,100.0,1000.0,1000.0,1000.0,36.026757509999996,0,0,36.026757509999996,0.0,0.0,0,0
45200,23.0,23.0,19.5,0.0,0.0,0.0,4.5,1.0,1.0,1.0,0.0,0.0,0.0,0.0,0.0,0.0,100.0,100.0,100.0,1000.0,1000.0,1000.0,34.732220902249665,0,0,34.732220902249665,0.0,0.0,1,0
45400,23.0,23.0,19.5,0.0,0.0,0.0,4.5,1.0,1.0,1.0,0.0,0.0,0.0,0.0,0.0,0.0,100.0,100.0,100.0,1000.0,1000.0,1000.0,34.732220902249665,0,0,34.732220902249665,0.0,0.0,0,0
45600,23.5,23.0,19.5,0.0,0.0,0.0,4.5,1.0,1.0,1.0,0.0,0.0,0.0,0.0,0.0,0.0,100.0,100.0,100.0,1000.0,1000.0,1000.0,34.732220902249665,0,0,34.732220902249665,0.0,0.0,0,0
45800,23.5,23.0,19.5,0.0,0.0,0.0,4.5,1.0,1.0,1.0,0.0,0.0,0.0,0.0,0.0,0.0,100.0,100.0,100.0,1000.0,1000.0,1000.0,34.732220902249665,0,0,34.732220902249665,0.0,0.0,0,0
46000,23.5,23.0,19.5,0.0,0.0,0.0,4.6,1.0,1.0,1.0,0.0,0.0,0.0,0.0,0.0,0.0,100.0,100.0,100.0,1000.0,1000.0,1000.0,34.732220902249665,0,0,34.732220902249665,0.0,0.0,0,0
46200,23.5,23.0,19.5,0.0,0.0,0.0,4.6,1.0,1.0,1.0,0.0,0.0,0.0,0.0,0.0,0.0,100.0,100.0,100.0,1000.0,1000.0,1000.0,34.732220902249665,0,0,34.732220902249665,0.0,0.0,0,0
46400,23.5,23.0,19.5,0.0,0.0,0.0,4.6,1.0,1.0,1.0,0.0,0.0,0.0,0.0,0.0,0.0,100.0,100.0,100.0,1000.0,1000.0,1000.0,34.732220902249665,0,0,34.732220902249665,0.0,0.0,0,0
46600,23.5,23.0,19.5,0.0,0.0,0.0,4.6,1.0,1.0,1.0,0.0,0.0,0.0,0.0,0.0,0.0,100.0,100.0,100.0,1000.0,1000.0,1000.0,34.732220902249665,0,0,34.732220902249665,0.0,0.0,0,0
46800,23.5,23.0,19.5,0.0,0.0,0.0,4.6,1.0,1.0,1.0,0.0,0.0,0.0,0.0,0.0,0.0,100.0,100.0,100.0,1000.0,1000.0,1000.0,34.732220902249665,0,0,34.732220902249665,0.0,0.0,0,0
47000,23.5,23.0,19.5,0.0,0.0,0.0,4.7,1.0,1.0,1.0,0.0,0.0,0.0,0.0,0.0,0.0,100.0,100.0,100.0,1000.0,1000.0,1000.0,34.732220902249665,0,0,34.732220902249665,0.0,0.0,0,0
47200,23.5,23.0,19.5,0.0,0.0,0.0,4.7,1.0,1.0,1.0,0.0,0.0,0.0,0.0,0.0,0.0,100.0,100.0,100.0,1000.0,1000.0,1000.0,34.732220902249665,0,0,34.732220902249665,0.0,0.0,0,0
47400,23.5,23.5,19.5,0.0,0.0,0.0,4.7,1.0,1.0,1.0,0.0,0.0,0.0,0.0,0.0,0.0,100.0,100.0,100.0,1000.0,1000.0,1000.0,34.732220902249665,0,0,34.732220902249665,0.0,0.0,0,0
47600,23.5,23.5,19.5,0.0,0.0,0.0,4.7,1.0,1.0,1.0,0.0,0.0,0.0,0.0,0.0,0.0,100.0,100.0,100.0,1000.0,1000.0,1000.0,34.732220902249665,0,0,34.732220902249665,0.0,0.0,0,0
47800,23.5,23.5,19.5,0.0,0.0,0.0,4.7,1.0,1.0,1.0,0.0,0.0,0.0,0.0,0.0,0.0,100.0,100.0,100.0,1000.0,1000.0,1000.0,34.732220902249665,0,0,34.732220902249665,0.0,0.0,0,0
48000,23.5,23.5,19.5,0.0,0.0,0.0,4.8,1.0,1.0,1.0,0.0,0.0,0.0,0.0,0.0,0.0,100.0,100.0,100.0,1000.0,1000.0,1000.0,34.732220902249665,0,0,34.732220902249665,0.0,0.0,0,0
48200,23.5,23.5,19.5,0.0,0.0,0.0,4.8,1.0,1.0,1.0,0.0,0.0,0.0,0.0,0.0,0.0,100.0,100.0,100.0,1000.0,1000.0,1000.0,34.732220902249665,0,0,34.732220902249665,0.0,0.0,0,0
48400,23.5,23.5,19.5,0.0,0.0,0.0,4.8,1.0,1.0,1.0,0.0,0.0,0.0,0.0,0.0,0.0,100.0,100.0,100.0,1000.0,1000.0,1000.0,34.732220902249665,0,0,34.732220902249665,0.0,0.0,0,0
48600,24.0,23.5,19.5,0.0,0.0,0.0,4.8,1.0,1.0,1.0,0.0,0.0,0.0,0.0,0.0,0.0,100.0,100.0,100.0,1000.0,1000.0,1000.0,34.732220902249665,0,0,34.732220902249665,0.0,0.0,0,0
48800,24.0,23.5,19.5,0.0,0.0,0.0,4.8,1.0,1.0,1.0,0.0,0.0,0.0,0.0,0.0,0.0,100.0,100.0,100.0,1000.0,1000.0,1000.0,34.732220902249665,0,0,34.732220902249665,0.0,0.0,0,0
49000,24.0,23.5,19.5,0.0,0.0,0.0,4.9,1.0,1.0,1.0,0.0,0.0,0.0,0.0,0.0,0.0,100.0,100.0,100.0,1000.0,1000.0,1000.0,34.732220902249665,0,0,34.732220902249665,0.0,0.0,0,0
49200,24.0,23.5,19.5,0.0,0.0,0.0,4.9,1.0,1.0,1.0,0.0,0.0,0.0,0.0,0.0,0.0,100.0,100.0,100.0,1000.0,1000.0,1000.0,34.732220902249665,0,0,34.732220902249665,0.0,0.0,0,0
49400,24.0,23.5,19.5,0.0,0.0,0.0,4.9,1.0,1.0,1.0,0.0,0.0,0.0,0.0,0.0,0.0,100.0,100.0,100.0,1000.0,1000.0,1000.0,34.732220902249665,0,0,34.732220902249665,0.0,0.0,0,0
49600,24.0,23.5,19.5,0.0,0.0,0.0,4.9,1.0,1.0,1.0,0.0,0.0,0.0,0.0,0.0,0.0,100.0,100.0,100.0,1000.0,1000.0,1000.0,34.732220902249665,0,0,34.732220902249665,0.0,0.0,0,0
49800,24.0,23.5,19.5,0.0,0.0,0.0,4.9,1.0,1.0,1.0,0.0,0.0,0.0,0.0,0.0,0.0,100.0,100.0,100.0,1000.0,1000.0,1000.0,34.732220902249665,0,0,34.732220902249665,0.0,0.0,0,0
50000,24.0,23.5,19.5,0.0,0.0,0.0,5.0,1.0,1.0,1.0,0.0,0.0,0.0,0.0,0.0,0.0,100.0,100.0,100.0,1000.0,1000.0,1000.0,34.732220902249665,0,0,34.732220902249665,0.0,0.0,0,0
50200,24.0,23.5,19.5,0.0,0.0,0.0,5.0,1.0,1.0,1.0,0.0,0.0,0.0,0.0,0.0,0.0,100.0,100.0,100.0,1000.0,1000.0,1000.0,34.732220902249665,0,0,34.732220902249665,0.0,0.0,0,0
50400,24.0,23.5,19.5,0.0,0.0,0.0,5.0,1.0,1.0,1.0,0.0,0.0,0.0,0.0,0.0,0.0,100.0,100.0,100.0,1000.0,1000.0,1000.0,34.732220902249665,0,0,34.732220902249665,0.0,0.0,0,0
50600,24.0,23.5,19.5,0.0,0.0,0.0,5.0,1.0,1.0,1.0,0.0,0.0,0.0,0.0,0.0,0.0,100.0,100.0,100.0,1000.0,1000.0,1000.0,34.732220902249665,0,0,34.732220902249665,0.0,0.0,0,0
50800,24.0,23.5,19.5,0.0,0.0,0.0,5.0,1.0,1.0,1.0,0.0,0.0,0.0,0.0,0.0,0.0,100.0,100.0,100.0,1000.0,1000.0,1000.0,34.732220902249665,0,0,34.732220902249665,0.0,0.0,0,0
51000,24.0,24.0,19.5,0.0,0.0,0.0,5.1,1.0,1.0,1.0,0.0,0.0,0.0,0.0,0.0,0.0,100.0,100.0,100.0,1000.0,1000.0,1000.0,34.732220902249665,0,0,34.732220902249665,0.0,0.0,0,0
51200,24.0,24.0,19.5,0.0,0.0,0.0,5.1,1.0,1.0,1.0,0.0,0.0,0.0,0.0,0.0,0.0,100.0,100.0,100.0,1000.0,1000.0,1000.0,34.732220902249665,0,0,34.732220902249665,0.0,0.0,0,0
51400,24.0,24.0,19.5,0.0,0.0,0.0,5.1,1.0,1.0,1.0,0.0,0.0,0.0,0.0,0.0,0.0,100.0,100.0,100.0,1000.0,1000.0,1000.0,34.732220902249665,0,0,34.732220902249665,0.0,0.0,0,0
51600,24.5,24.0,19.5,0.0,0.0,0.0,5.1,1.0,1.0,1.0,0.0,0.0,0.0,0.0,0.0,0.0,100.0,100.0,100.0,1000.0,1000.0,1000.0,34.732220902249665,0,0,34.732220902249665,0.0,0.0,0,0
51800,24.5,24.0,19.5,0.0,0.0,0.0,5.1,1.0,1.0,1.0,0.0,0.0,0.0,0.0,0.0,0.0,100.0,100.0,100.0,1000.0,1000.0,1000.0,34.732220902249665,0,0,34.732220902249665,0.0,0.0,0,0
52000,24.5,24.0,19.5,0.0,0.0,0.0,5.2,1.0,1.0,1.0,0.0,0.0,0.0,0.0,0.0,0.0,100.0,100.0,100.0,1000.0,1000.0,1000.0,34.732220902249665,0,0,34.732220902249665,0.0,0.0,0,0
52200,24.5,24.0,19.5,0.0,0.0,0.0,5.2,1.0,1.0,1.0,0.0,0.0,0.0,0.0,0.0,0.0,100.0,100.0,100.0,1000.0,1000.0,1000.0,34.732220902249665,0,0,34.732220902249665,0.0,0.0,0,0
52400,24.5,24.0,19.5,0.0,0.0,0.0,5.2,1.0,1.0,1.0,0.0,0.0,0.0,0.0,0.0,0.0,100.0,100.0,100.0,1000.0,1000.0,1000.0,34.732220902249665,0,0,34.732220902249665,0.0,0.0,0,0
52600,24.5,24.0,19.5,0.0,0.0,0.0,5.2,1.0,1.0,1.0,0.0,0.0,0.0,0.0,0.0,0.0,100.0,100.0,100.0,1000.0,1000.0,1000.0,34.732220902249665,0,0,34.732220902249665,0.0,0.0,0,0
52800,24.5,24.0,19.5,0.0,0.0,0.0,5.2,1.0,1.0,1.0,0.0,0.0,0.0,0.0,0.0,0.0,100.0,100.0,100.0,1000.0,1000.0,1000.0,34.732220902249665,0,0,34.732220902249665,0.0,0.0,0,0
53000,24.5,24.0,19.5,0.0,0.0,0.0,5.3,1.0,1.0,1.0,0.0,0.0,0.0,0.0,0.0,0.0,100.0,100.0,100.0,1000.0,1000.0,1000.0,34.732220902249665,0,0,34.732220902249665,0.0,0.0,0,0
53200,24.5,24.0,19.5,0.0,0.0,0.0,5.3,1.0,1.0,1.0,0.0,0.0,0.0,0.0,0.0,0.0,100.0,100.0,100.0,1000.0,1000.0,1000.0,34.732220902249665,0,0,34.732220902249665,0.0,0.0,0,0
53400,24.5,24.0,19.5,0.0,0.0,0.0,5.3,1.0,1.0,1.0,0.0,0.0,0.0,0.0,0.0,0.0,100.0,100.0,100.0,1000.0,1000.0,1000.0,34.732220902249665,0,0,34.732220902249665,0.0,0.0,0,0
53600,24.5,24.0,19.5,0.0,0.0,0.0,5.3,1.0,1.0,1.0,0.0,0.0,0.0,0.0,0.0,0.0,100.0,100.0,100.0,1000.0,1000.0,1000.0,34.732220902249665,0,0,34.732220902249665,0.0,0.0,0,0
53800,24.5,24.0,19.5,0.0,0.0,0.0,5.3,1.0,1.0,1.0,0.0,0.0,0.0,0.0,0.0,0.0,100.0,100.0,100.0,1000.0,1000.0,1000.0,34.732220902249665,0,0,34.732220902249665,0.0,0.0,0,0
54000,24.5,24.5,19.5,0.0,0.0,0.0,5.4,1.0,1.0,1.0,0.0,0.0,0.0,0.0,0.0,0.0,100.0,100.0,100.0,1000.0,1000.0,1000.0,34.732220902249665,0,0,34.732220902249665,0.0,0.0,0,0
54200,24.5,24.5,19.5,0.0,0.0,0.0,5.4,1.0,1.0,1.0,0.0,0.0,0.0,0.0,0.0,0.0,100.0,100.0,100.0,1000.0,1000.0,1000.0,34.732220902249665,0,0,34.732220902249665,0.0,0.0,0,0
54400,24.5,24.5,19.5,0.0,0.0,0.0,5.4,1.0,1.0,1.0,0.0,0.0,0.0,0.0,0.0,0.0,100.0,100.0,100.0,1000.0,1000.0,1000.0,34.732220902249665,0,0,34.732220902249665,0.0,0.0,0,0
54600,25.0,24.5,19.5,0.0,0.0,0.0,5.4,1.0,1.0,1.0,0.0,0.0,0.0,0.0,0.0,0.0,100.0,100.0,100.0,1000.0,1000.0,1000.0,34.732220902249665,0,0,34.732220902249665,0.0,0.0,0,0
54800,25.0,24.5,19.5,0.0,0.0,0.0,5.4,1.0,1.0,1.0,0.0,0.0,0.0,0.0,0.0,0.0,100.0,100.0,100.0,1000.0,1000.0,1000.0,34.732220902249665,0,0,34.732220902249665,0.0,0.0,0,0
55000,25.0,24.5,19.5,0.0,0.0,0.0,5.5,1.0,1.0,1.0,0.0,0.0,0.0,0.0,0.0,0.0,100.0,100.0,100.0,1000.0,1000.0,1000.0,34.732220902249665,0,0,34.732220902249665,0.0,0.0,0,0
55200,25.0,24.5,19.5,0.0,0.0,0.0,5.5,1.0,1.0,1.0,0.0,0.0,0.0,0.0,0.0,0.0,100.0,100.0,100.0,1000.0,1000.0,1000.0,34.732220902249665,0,0,34.732220902249665,0.0,0.0,0,0
55400,25.0,24.5,19.5,0.0,0.0,0.0,5.5,1.0,1.0,1.0,0.0,0.0,0.0,0.0,0.0,0.0,100.0,100.0,100.0,1000.0,1000.0,1000.0,34.732220902249665,0,0,34.732220902249665,0.0,0.0,0,0
55600,25.0,24.5,19.5,0.0,0.0,0.0,5.5,1.0,1.0,1.0,0.0,0.0,0.0,0.0,0.0,0.0,100.0,100.0,100.0,1000.0,1000.0,1000.0,34.732220902249665,0,0,34.732220902249665,0.0,0.0,0,0
55800,25.0,24.5,19.5,0.0,0.0,0.0,5.5,1.0,1.0,1.0,0.0,0.0,0.0,0.0,0.0,0.0,100.0,100.0,100.0,1000.0,1000.0,1000.0,34.732220902249665,0,0,34.732220902249665,0.0,0.0,0,0
56000,25.0,24.5,19.5,0.0,0.0,0.0,5.6,1.0,1.0,1.0,0.0,0.0,0.0,0.0,0.0,0.0,100.0,100.0,100.0,1000.0,1000.0,1000.0,34.732220902249665,0,0,34.732220902249665,0.0,0.0,0,0
56200,25.0,24.5,19.5,0.0,0.0,0.0,5.6,1.0,1.0,1.0,0.0,0.0,0.0,0.0,0.0,0.0,100.0,100.0,100.0,1000.0,1000.0,1000.0,34.732220902249665,0,0,34.732220902249665,0.0,0.0,0,0
56400,25.0,24.5,19.5,0.0,0.0,0.0,5.6,1.0,1.0,1.0,0.0,0.0,0.0,0.0,0.0,0.0,100.0,100.0,100.0,1000.0,1000.0,1000.0,34.732220902249665,0,0,34.732220902249665,0.0,0.0,0,0
56600,25.0,24.5,19.5,0.0,0.0,0.0,5.6,1.0,1.0,1.0,0.0,0.0,0.0,0.0,0.0,0.0,100.0,100.0,100.0,1000.0,1000.0,1000.0,34.732220902249665,0,0,34.732220902249665,0.0,0.0,0,0
56800,25.0,24.5,19.5,0.0,0.0,0.0,5.6,1.0,1.0,1.0,0.0,0.0,0.0,0.0,0.0,0.0,100.0,100.0,100.0,1000.0,1000.0,1000.0,34.732220902249665,0,0,34.732220902249665,0.0,0.0,0,0
57000,25.0,25.0,19.5,0.0,0.0,0.0,5.7,1.0,1.0,1.0,0.0,0.0,0.0,0.0,0.0,0.0,100.0,100.0,100.0,1000.0,1000.0,1000.0,34.732220902249665,0,0,34.732220902249665,0.0,0.0,0,0
57200,25.0,25.0,19.5,0.0,0.0,0.0,5.7,1.0,1.0,1.0,0.0,0.0,0.0,0.0,0.0,0.0,100.0,100.0,100.0,1000.0,1000.0,1000.0,34.732220902249665,0,0,34.732220902249665,0.0,0.0,0,0
57400,25.0,25.0,19.5,0.0,0.0,0.0,5.7,1.0,1.0,1.0,0.0,0.0,0.0,0.0,0.0,0.0,100.0,100.0,100.0,1000.0,1000.0,1000.0,34.732220902249665,0,0,34.732220902249665,0.0,0.0,0,0
57600,25.5,25.0,19.5,0.0,0.0,0.0,5.7,1.0,1.0,1.0,0.0,0.0,0.0,0.0,0.0,0.0,100.0,100.0,100.0,1000.0,1000.0,1000.0,34.732220902249665,0,0,34.732220902249665,0.0,0.0,0,0
57800,25.5,25.0,19.5,0.0,0.0,0.0,5.7,1.0,1.0,1.0,0.0,0.0,0.0,0.0,0.0,0.0,100.0,100.0,100.0,1000.0,1000.0,1000.0,34.732220902249665,0,0,34.732220902249665,0.0,0.0,0,0
58000,25.5,25.0,19.5,0.0,0.0,0.0,5.8,1.0,1.0,1.0,0.0,0.0,0.0,0.0,0.0,0.0,100.0,100.0,100.0,1000.0,1000.0,1000.0,34.732220902249665,0,0,34.732220902249665,0.0,0.0,0,0
58200,25.5,25.0,19.5,0.0,0.0,0.0,5.8,1.0,1.0,1.0,0.0,0.0,0.0,0.0,0.0,0.0,100.0,100.0,100.0,1000.0,1000.0,1000.0,34.732220902249665,0,0,34.732220902249665,0.0,0.0,0,0
58400,25.5,25.0,19.5,0.0,0.0,0.0,5.8,1.0,1.0,1.0,0.0,0.0,0.0,0.0,0.0,0.0,100.0,100.0,100.0,1000.0,1000.0,1000.0,34.732220902249665,0,0,34.732220902249665,0.0,0.0,0,0
58600,25.5,25.0,19.5,0.0,0.0,0.0,5.8,1.0,1.0,1.0,0.0,0.0,0.0,0.0,0.0,0.0,100.0,100.0,100.0,1000.0,1000.0,1000.0,34.732220902249665,0,0,34.732220902249665,0.0,0.0,0,0
58800,25.5,25.0,19.5,0.0,0.0,0.0,5.8,1.0,1.0,1.0,0.0,0.0,0.0,0.0,0.0,0.0,100.0,100.0,100.0,1000.0,1000.0,1000.0,34.732220902249665,0,0,34.732220902249665,0.0,0.0,0,0
59000,25.5,25.0,19.5,0.0,0.0,0.0,5.9,1.0,1.0,1.0,0.0,0.0,0.0,0.0,0.0,0.0,100.0,100.0,100.0,1000.0,1000.0,1000.0,34.732220902249665,0,0,34.732220902249665,0.0,0.0,0,0
59200,25.5,25.0,19.5,0.0,0.0,0.0,5.9,1.0,1.0,1.0,0.0,0.0,0.0,0.0,0.0,0.0,100.0,100.0,100.0,1000.0,1000.0,1000.0,34.732220902249665,0,0,34.732220902249665,0.0,0.0,0,0
59400,25.5,25.0,19.5,0.0,0.0,0.0,5.9,1.0,1.0,1.0,0.0,0.0,0.0,0.0,0.0,0.0,100.0,100.0,100.0,1000.0,1000.0,1000.0,34.732220902249665,0,0,34.732220902249665,0.0,0.0,0,0
59600,25.5,25.0,19.5,0.0,0.0,0.0,5.9,1.0,1.0,1.0,0.0,0.0,0.0,0.0,0.0,0.0,100.0,100.0,100.0,1000.0,1000.0,1000.0,34.732220902249665,0,0,34.732220902249665,0.0,0.0,0,0
59800,25.5,25.0,19.5,0.0,0.0,0.0,5.9,1.0,1.0,1.0,0.0,0.0,0.0,0.0,0.0,0.0,100.0,100.0,100.0,1000.0,1000.0,1000.0,34.732220902249665,0,0,34.732220902249665,0.0,0.0,0,0
60000,25.5,25.5,19.5,0.0,0.0,0.0,6.0,1.0,1.0,1.0,0.0,0.0,0.0,0.0,0.0,0.0,100.0,100.0,100.0,1000.0,1000.0,1000.0,34.732220902249665,0,0,34.732220902249665,0.0,0.0,0,0
60200,25.5,25.5,19.5,0.0,0.0,0.0,6.0,1.0,1.0,1.0,0.0,0.0,0.0,0.0,0.0,0.0,100.0,100.0,100.0,1000.0,1000.0,1000.0,27.111474039053142,0,0,27.111474039053142,0.0,0.0,1,0
60400,25.5,25.5,19.5,0.0,0.0,0.0,6.0,1.0,1.0,1.0,0.0,0.0,0.0,0.0,0.0,0.0,100.0,100.0,100.0,1000.0,1000.0,1000.0,27.111474039053142,0,0,27.111474039053142,0.0,0.0,0,0
60600,25.5,25.5,19.5,0.0,0.0,0.0,6.0,1.0,1.0,1.0,0.0,0.0,0.0,0.0,0.0,0.0,100.0,100.0,100.0,1000.0,1000.0,1000.0,27.111474039053142,0,0,27.111474039053142,0.0,0.0,0,0
60800,25.5,25.5,19.5,0.0,0.0,0.0,6.0,1.0,1.0,1.0,0.0,0.0,0.0,0.0,0.0,0.0,100.0,100.0,100.0,1000.0,1000.0,1000.0,27.111474039053142,0,0,27.111474039053142,0.0,0.0,0,0
61000,26.0,25.5,19.5,0.0,0.0,0.0,6.1,1.0,1.0,1.0,0.0,0.0,0.0,0.0,0.0,0.0,100.0,100.0,100.0,1000.0,1000.0,1000.0,27.111474039053142,0,0,27.111474039053142,0.0,0.0,0,0
61200,26.0,25.5,19.5,0.0,0.0,0.0,6.1,1.0,1.0,1.0,0.0,0.0,0.0,0.0,0.0,0.0,100.0,100.0,100.0,1000.0,1000.0,1000.0,27.111474039053142,0,0,27.111474039053142,0.0,0.0,0,0
61400,26.0,25.5,19.5,0.0,0.0,0.0,6.1,1.0,1.0,1.0,0.0,0.0,0.0,0.0,0.0,0.0,100.0,100.0,100.0,1000.0,1000.0,1000.0,27.111474039053142,0,0,27.111474039053142,0.0,0.0,0,0
61600,26.0,25.5,19.5,0.0,0.0,0.0,6.1,1.0,1.0,1.0,0.0,0.0,0.0,0.0,0.0,0.0,100.0,100.0,100.0,1000.0,1000.0,1000.0,27.111474039053142,0,0,27.111474039053142,0.0,0.0,0,0
61800,26.0,25.5,19.5,0.0,0.0,0.0,6.1,1.0,1.0,1.0,0.0,0.0,0.0,0.0,0.0,0.0,100.0,100.0,100.0,1000.0,1000.0,1000.0,27.111474039053142,0,0,27.111474039053142,0.0,0.0,0,0
62000,26.0,25.5,19.5,0.0,0.0,0.0,6.2,1.0,1.0,1.0,0.0,0.0,0.0,0.0,0.0,0.0,100.0,100.0,100.0,1000.0,1000.0,1000.0,27.111474039053142,0,0,27.111474039053142,0.0,0.0,0,0
62200,26.0,25.5,19.5,0.0,0.0,0.0,6.2,1.0,1.0,1.0,0.0,0.0,0.0,0.0,0.0,0.0,100.0,100.0,100.0,1000.0,1000.0,1000.0,27.111474039053142,0,0,27.111474039053142,0.0,0.0,0,0
62400,26.0,25.5,19.5,0.0,0.0,0.0,6.2,1.0,1.0,1.0,0.0,0.0,0.0,0.0,0.0,0.0,100.0,100.0,100.0,1000.0,1000.0,1000.0,27.111474039053142,0,0,27.111474039053142,0.0,0.0,0,0
62600,26.0,25.5,19.5,0.0,0.0,0.0,6.2,1.0,1.0,1.0,0.0,0.0,0.0,0.0,0.0,0.0,100.0,100.0,100.0,1000.0,1000.0,1000.0,27.111474039053142,0,0,27.111474039053142,0.0,0.0,0,0
62800,26.0,25.5,19.5,0.0,0.0,0.0,6.2,1.0,1.0,1.0,0.0,0.0,0.0,0.0,0.0,0.0,100.0,100.0,100.0,1000.0,1000.0,1000.0,27.111474039053142,0,0,27.111474039053142,0.0,0.0,0,0
63000,26.0,25.5,19.5,0.0,0.0,0.0,6.3,1.0,1.0,1.0,0.0,0.0,0.0,0.0,0.0,0.0,100.0,100.0,100.0,1000.0,1000.0,1000.0,27.111474039053142,0,0,27.111474039053142,0.0,0.0,0,0
63200,26.0,25.5,19.5,0.0,0.0,0.0,6.3,1.0,1.0,1.0,0.0,0.0,0.0,0.0,0.0,0.0,100.0,100.0,100.0,1000.0,1000.0,1000.0,27.111474039053142,0,0,27.111474039053142,0.0,0.0,0,0
63400,26.0,26.0,19.5,0.0,0.0,0.0,6.3,1.0,1.0,1.0,0.0,0.0,0.0,0.0,0.0,0.0,100.0,100.0,100.0,1000.0,1000.0,1000.0,27.111474039053142,0,0,27.111474039053142,0.0,0.0,0,0
63600,26.0,26.0,19.5,0.0,0.0,0.0,6.3,1.0,1.0,1.0,0.0,0.0,0.0,0.0,0.0,0.0,100.0,100.0,100.0,1000.0,1000.0,1000.0,27.111474039053142,0,0,27.111474039053142,0.0,0.0,0,0
63800,26.0,26.0,19.5,0.0,0.0,0.0,6.3,1.0,1.0,1.0,0.0,0.0,0.0,0.0,0.0,0.0,100.0,100.0,100.0,1000.0,1000.0,1000.0,27.111474039053142,0,0,27.111474039053142,0.0,0.0,0,0
64000,26.5,26.0,19.5,0.0,0.0,0.0,6.4,1.0,1.0,1.0,0.0,0.0,0.0,0.0,0.0,0.0,100.0,100.0,100.0,1000.0,1000.0,1000.0,27.111474039053142,0,0,27.111474039053142,0.0,0.0,0,0
64200,26.5,26.0,19.5,0.0,0.0,0.0,6.4,1.0,1.0,1.0,0.0,0.0,0.0,0.0,0.0,0.0,100.0,100.0,100.0,1000.0,1000.0,1000.0,27.111474039053142,0,0,27.111474039053142,0.0,0.0,0,0
64400,26.5,26.0,19.5,0.0,0.0,0.0,6.4,1.0,1.0,1.0,0.0,0.0,0.0,0.0,0.0,0.0,100.0,100.0,100.0,1000.0,1000.0,1000.0,27.111474039053142,0,0,27.111474039053142,0.0,0.0,0,0
64600,26.5,26.0,19.5,0.0,0.0,0.0,6.4,1.0,1.0,1.0,0.0,0.0,0.0,0.0,0.0,0.0,100.0,100.0,100.0,1000.0,1000.0,1000.0,27.111474039053142,0,0,27.111474039053142,0.0,0.0,0,0
64800,26.5,26.0,19.5,0.0,0.0,0.0,6.4,1.0,1.0,1.0,0.0,0.0,0.0,0.0,0.0,0.0,100.0,100.0,100.0,1000.0,1000.0,1000.0,27.111474039053142,0,0,27.111474039053142,0.0,0.0,0,0
65000,26.5,26.0,19.5,0.0,0.0,0.0,6.5,1.0,1.0,1.0,0.0,0.0,0.0,0.0,0.0,0.0,100.0,100.0,100.0,1000.0,1000.0,1000.0,27.111474039053142,0,0,27.111474039053142,0.0,0.0,0,0
65200,26.5,26.0,19.5,0.0,0.0,0.0,6.5,1.0,1.0,1.0,0.0,0.0,0.0,0.0,0.0,0.0,100.0,100.0,100.0,1000.0,1000.0,1000.0,27.111474039053142,0,0,27.111474039053142,0.0,0.0,0,0
65400,26.5,26.0,19.5,0.0,0.0,0.0,6.5,1.0,1.0,1.0,0.0,0.0,0.0,0.0,0.0,0.0,100.0,100.0,100.0,1000.0,1000.0,1000.0,27.111474039053142,0,0,27.111474039053142,0.0,0.0,0,0
65600,26.5,26.0,19.5,0.0,0.0,0.0,6.5,1.0,1.0,1.0,0.0,0.0,0.0,0.0,0.0,0.0,100.0,100.0,100.0,1000.0,1000.0,1000.0,27.111474039053142,0,0,27.111474039053142,0.0,0.0,0,0
65800,26.5,26.0,19.5,0.0,0.0,0.0,6.5,1.0,1.0,1.0,0.0,0.0,0.0,0.0,0.0,0.0,100.0,100.0,100.0,1000.0,1000.0,1000.0,27.111474039053142,0,0,27.111474039053142,0.0,0.0,0,0
66000,26.5,26.0,19.5,0.0,0.0,0.0,6.6,1.0,1.0,1.0,0.0,0.0,0.0,0.0,0.0,0.0,100.0,100.0,100.0,1000.0,1000.0,1000.0,27.111474039053142,0,0,27.111474039053142,0.0,0.0,0,0
66200,26.5,26.0,19.5,0.0,0.0,0.0,6.6,1.0,1.0,1.0,0.0,0.0,0.0,0.0,0.0,0.0,100.0,100.0,100.0,1000.0,1000.0,1000.0,27.111474039053142,0,0,27.111474039053142,0.0,0.0,0,0
66400,26.5,26.0,19.5,0.0,0.0,0.0,6.6,1.0,1.0,1.0,0.0,0.0,0.0,0.0,0.0,0.0,100.0,100.0,100.0,1000.0,1000.0,1000.0,27.111474039053142,0,0,27.111474039053142,0.0,0.0,0,0
66600,26.5,26.0,19.5,0.0,0.0,0.0,6.6,1.0,1.0,1.0,0.0,0.0,0.0,0.0,0.0,0.0,100.0,100.0,100.0,1000.0,1000.0,1000.0,27.111474039053142,0,0,27.111474039053142,0.0,0.0,0,0
66800,26.5,26.0,19.5,0.0,0.0,0.0,6.6,1.0,1.0,1.0,0.0,0.0,0.0,0.0,0.0,0.0,100.0,100.0,100.0,1000.0,1000.0,1000.0,27.111474039053142,0,0,27.111474039053142,0.0,0.0,0,0
67000,26.5,26.5,19.5,0.0,0.0,0.0,6.7,1.0,1.0,1.0,0.0,0.0,0.0,0.0,0.0,0.0,100.0,100.0,100.0,1000.0,1000.0,1000.0,27.111474039053142,0,0,27.111474039053142,0.0,0.0,0,0
67200,26.5,26.5,19.5,0.0,0.0,0.0,6.7,1.0,1.0,1.0,0.0,0.0,0.0,0.0,0.0,0.0,100.0,100.0,100.0,1000.0,1000.0,1000.0,27.111474039053142,0,0,27.111474039053142,0.0,0.0,0,0
67400,26.5,26.5,19.5,0.0,0.0,0.0,6.7,1.0,1.0,1.0,0.0,0.0,0.0,0.0,0.0,0.0,100.0,100.0,100.0,1000.0,1000.0,1000.0,27.111474039053142,0,0,27.111474039053142,0.0,0.0,0,0
67600,26.5,26.5,19.5,0.0,0.0,0.0,6.7,1.0,1.0,1.0,0.0,0.0,0.0,0.0,0.0,0.0,100.0,100.0,100.0,1000.0,1000.0,1000.0,27.111474039053142,0,0,27.111474039053142,0.0,0.0,0,0
67800,26.5,26.5,19.5,0.0,0.0,0.0,6.7,1.0,1.0,1.0,0.0,0.0,0.0,0.0,0.0,0.0,100.0,100.0,100.0,1000.0,1000.0,1000.0,27.111474039053142,0,0,27.111474039053142,0.0,0.0,0,0
68000,27.0,26.5,19.5,0.0,0.0,0.0,6.8,1.0,1.0,1.0,0.0,0.0,0.0,0.0,0.0,0.0,100.0,100.0,100.0,1000.0,1000.0,1000.0,27.111474039053142,0,0,27.111474039053142,0.0,0.0,0,0
68200,27.0,26.5,19.5,0.0,0.0,0.0,6.8,1.0,1.0,1.0,0.0,0.0,0.0,0.0,0.0,0.0,100.0,100.0,100.0,1000.0,1000.0,1000.0,27.111474039053142,0,0,27.111474039053142,0.0,0.0,0,0
68400,27.0,26.5,19.5,0.0,0.0,0.0,6.8,1.0,1.0,1.0,0.0,0.0,0.0,0.0,0.0,0.0,100.0,100.0,100.0,1000.0,1000.0,1000.0,27.111474039053142,0,0,27.111474039053142,0.0,0.0,0,0
68600,27.0,26.5,19.5,0.0,0.0,0.0,6.8,1.0,1.0,1.0,0.0,0.0,0.0,0.0,0.0,0.0,100.0,100.0,100.0,1000.0,1000.0,1000.0,27.111474039053142,0,0,27.111474039053142,0.0,0.0,0,0
68800,27.0,26.5,19.5,0.0,0.0,0.0,6.8,1.0,1.0,1.0,0.0,0.0,0.0,0.0,0.0,0.0,100.0,100.0,100.0,1000.0,1000.0,1000.0,27.111474039053142,0,0,27.111474039053142,0.0,0.0,0,0
69000,27.0,26.5,19.5,0.0,0.0,0.0,6.9,1.0,1.0,1.0,0.0,0.0,0.0,0.0,0.0,0.0,100.0,100.0,100.0,1000.0,1000.0,1000.0,27.111474039053142,0,0,27.111474039053142,0.0,0.0,0,0
69200,27.0,26.5,19.5,0.0,0.0,0.0,6.9,1.0,1.0,1.0,0.0,0.0,0.0,0.0,0.0,0.0,100.0,100.0,100.0,1000.0,1000.0,1000.0,27.111474039053142,0,0,27.111474039053142,0.0,0.0,0,0
69400,27.0,26.5,19.5,0.0,0.0,0.0,6.9,1.0,1.0,1.0,0.0,0.0,0.0,0.0,0.0,0.0,100.0,100.0,100.0,1000.0,1000.0,1000.0,27.111474039053142,0,0,27.111474039053142,0.0,0.0,0,0
69600,27.0,26.5,19.5,0.0,0.0,0.0,6.9,1.0,1.0,1.0,0.0,0.0,0.0,0.0,0.0,0.0,100.0,100.0,100.0,1000.0,1000.0,1000.0,27.111474039053142,0,0,27.111474039053142,0.0,0.0,0,0
69800,27.0,26.5,19.5,0.0,0.0,0.0,6.9,1.0,1.0,1.0,0.0,0.0,0.0,0.0,0.0,0.0,100.0,100.0,100.0,1000.0,1000.0,1000.0,27.111474039053142,0,0,27.111474039053142,0.0,0.0,0,0
70000,27.0,26.5,19.5,0.0,0.0,0.0,7.0,1.0,1.0,1.0,0.0,0.0,0.0,0.0,0.0,0.0,100.0,100.0,100.0,1000.0,1000.0,1000.0,27.111474039053142,0,0,27.111474039053142,0.0,0.0,0,0
70200,27.0,26.5,19.5,0.0,0.0,0.0,7.0,1.0,1.0,1.0,0.0,0.0,0.0,0.0,0.0,0.0,100.0,100.0,100.0,1000.0,1000.0,1000.0,27.111474039053142,0,0,27.111474039053142,0.0,0.0,0,0
70400,27.0,26.5,19.5,0.0,0.0,0.0,7.0,1.0,1.0,1.0,0.0,0.0,0.0,0.0,0.0,0.0,100.0,100.0,100.0,1000.0,1000.0,1000.0,27.111474039053142,0,0,27.111474039053142,0.0,0.0,0,0
70600,27.0,26.5,19.5,0.0,0.0,0.0,7.0,1.0,1.0,1.0,0.0,0.0,0.0,0.0,0.0,0.0,100.0,100.0,100.0,1000.0,1000.0,1000.0,27.111474039053142,0,0,27.111474039053142,0.0,0.0,0,0
70800,27.0,26.5,19.5,0.0,0.0,0.0,7.0,1.0,1.0,1.0,0.0,0.0,0.0,0.0,0.0,0.0,100.0,100.0,100.0,1000.0,1000.0,1000.0,27.111474039053142,0,0,27.111474039053142,0.0,0.0,0,0
71000,27.0,27.0,19.5,0.0,0.0,0.0,7.1,1.0,1.0,1.0,0.0,0.0,0.0,0.0,0.0,0.0,100.0,100.0,100.0,1000.0,1000.0,1000.0,27.111474039053142,0,0,27.111474039053142,0.0,0.0,0,0
71200,27.0,27.0,19.5,0.0,0.0,0.0,7.1,1.0,1.0,1.0,0.0,0.0,0.0,0.0,0.0,0.0,100.0,100.0,100.0,1000.0,1000.0,1000.0,27.111474039053142,0,0,27.111474039053142,0.0,0.0,0,0
71400,27.0,27.0,19.5,0.0,0.0,0.0,7.1,1.0,1.0,1.0,0.0,0.0,0.0,0.0,0.0,0.0,100.0,100.0,100.0,1000.0,1000.0,1000.0,27.111474039053142,0,0,27.111474039053142,0.0,0.0,0,0
71600,27.0,27.0,19.5,0.0,0.0,0.0,7.1,1.0,1.0,1.0,0.0,0.0,0.0,0.0,0.0,0.0,100.0,100.0,100.0,1000.0,1000.0,1000.0,27.111474039053142,0,0,27.111474039053142,0.0,0.0,0,0
71800,27.0,27.0,19.5,0.0,0.0,0.0,7.1,1.0,1.0,1.0,0.0,0.0,0.0,0.0,0.0,0.0,100.0,100.0,100.0,1000.0,1000.0,1000.0,27.111474039053142,0,0,27.111474039053142,0.0,0.0,0,0
72000,27.5,27.0,19.5,0.0,0.0,0.0,7.2,1.0,1.0,1.0,0.0,0.0,0.0,0.0,0.0,0.0,100.0,100.0,100.0,1000.0,1000.0,1000.0,27.111474039053142,0,0,27.111474039053142,0.0,0.0,0,0
72200,27.5,27.0,19.5,0.0,0.0,0.0,7.2,1.0,1.0,1.0,0.0,0.0,0.0,0.0,0.0,0.0,100.0,100.0,100.0,1000.0,1000.0,1000.0,27.111474039053142,0,0,27.111474039053142,0.0,0.0,0,0
72400,27.5,27.0,19.5,0.0,0.0,0.0,7.2,1.0,1.0,1.0,0.0,0.0,0.0,0.0,0.0,0.0,100.0,100.0,100.0,1000.0,1000.0,1000.0,27.111474039053142,0,0,27.111474039053142,0.0,0.0,0,0
72600,27.5,27.0,19.5,0.0,0.0,0.0,7.2,1.0,1.0,1.0,0.0,0.0,0.0,0.0,0.0,0.0,100.0,100.0,100.0,1000.0,1000.0,1000.0,27.111474039053142,0,0,27.111474039053142,0.0,0.0,0,0
72800,27.5,27.0,19.5,0.0,0.0,0.0,7.2,1.0,1.0,1.0,0.0,0.0,0.0,0.0,0.0,0.0,100.0,100.0,100.0,1000.0,1000.0,1000.0,27.111474039053142,0,0,27.111474039053142,0.0,0.0,0,0
73000,27.5,27.0,19.5,0.0,0.0,0.0,7.3,1.0,1.0,1.0,0.0,0.0,0.0,0.0,0.0,0.0,100.0,100.0,100.0,1000.0,1000.0,1000.0,27.111474039053142,0,0,27.111474039053142,0.0,0.0,0,0
73200,27.5,27.0,19.5,0.0,0.0,0.0,7.3,1.0,1.0,1.0,0.0,0.0,0.0,0.0,0.0,0.0,100.0,100.0,100.0,1000.0,1000.0,1000.0,27.111474039053142,0,0,27.111474039053142,0.0,0.0,0,0
73400,27.5,27.0,19.5,0.0,0.0,0.0,7.3,1.0,1.0,1.0,0.0,0.0,0.0,0.0,0.0,0.0,100.0,100.0,100.0,1000.0,1000.0,1000.0,27.111474039053142,0,0,27.111474039053142,0.0,0.0,0,0
73600,27.5,27.0,19.5,0.0,0.0,0.0,7.3,1.0,1.0,1.0,0.0,0.0,0.0,0.0,0.0,0.0,100.0,100.0,100.0,1000.0,1000.0,1000.0,27.111474039053142,0,0,27.111474039053142,0.0,0.0,0,0
73800,27.5,27.0,19.5,0.0,0.0,0.0,7.3,1.0,1.0,1.0,0.0,0.0,0.0,0.0,0.0,0.0,100.0,100.0,100.0,1000.0,1000.0,1000.0,27.111474039053142,0,0,27.111474039053142,0.0,0.0,0,0
74000,27.5,27.0,19.5,0.0,0.0,0.0,7.4,1.0,1.0,1.0,0.0,0.0,0.0,0.0,0.0,0.0,100.0,100.0,100.0,1000.0,1000.0,1000.0,27.111474039053142,0,0,27.111474039053142,0.0,0.0,0,0
74200,27.5,27.0,19.5,0.0,0.0,0.0,7.4,1.0,1.0,1.0,0.0,0.0,0.0,0.0,0.0,0.0,100.0,100.0,100.0,1000.0,1000.0,1000.0,27.111474039053142,0,0,27.111474039053142,0.0,0.0,0,0
74400,27.5,27.0,19.5,0.0,0.0,0.0,7.4,1.0,1.0,1.0,0.0,0.0,0.0,0.0,0.0,0.0,100.0,100.0,100.0,1000.0,1000.0,1000.0,27.111474039053142,0,0,27.111474039053142,0.0,0.0,0,0
74600,27.5,27.0,19.5,0.0,0.0,0.0,7.4,1.0,1.0,1.0,0.0,0.0,0.0,0.0,0.0,0.0,100.0,100.0,100.0,1000.0,1000.0,1000.0,27.111474039053142,0,0,27.111474039053142,0.0,0.0,0,0
74800,27.5,27.0,19.5,0.0,0.0,0.0,7.4,1.0,1.0,1.0,0.0,0.0,0.0,0.0,0.0,0.0,100.0,100.0,100.0,1000.0,1000.0,1000.0,27.111474039053142,0,0,27.111474039053142,0.0,0.0,0,0
75000,27.5,27.5,19.5,0.0,0.0,0.0,7.5,1.0,1.0,1.0,0.0,0.0,0.0,0.0,0.0,0.0,100.0,100.0,100.0,1000.0,1000.0,1000.0,27.111474039053142,0,0,27.111474039053142,0.0,0.0,0,0
75200,27.5,27.5,19.5,0.0,0.0,0.0,7.5,1.0,1.0,1.0,0.0,0.0,0.0,0.0,0.0,0.0,100.0,100.0,100.0,1000.0,1000.0,1000.0,24.01882681188308,0,0,24.01882681188308,0.0,0.0,1,0
75400,27.5,27.5,19.5,0.0,0.0,0.0,7.5,1.0,1.0,1.0,0.0,0.0,0.0,0.0,0.0,0.0,100.0,100.0,100.0,1000.0,1000.0,1000.0,24.01882681188308,0,0,24.01882681188308,0.0,0.0,0,0
75600,27.5,27.5,19.5,0.0,0.0,0.0,7.5,1.0,1.0,1.0,0.0,0.0,0.0,0.0,0.0,0.0,100.0,100.0,100.0,1000.0,1000.0,1000.0,24.01882681188308,0,0,24.01882681188308,0.0,0.0,0,0
75800,27.5,27.5,19.5,0.0,0.0,0.0,7.5,1.0,1.0,1.0,0.0,0.0,0.0,0.0,0.0,0.0,100.0,100.0,100.0,1000.0,1000.0,1000.0,24.01882681188308,0,0,24.01882681188308,0.0,0.0,0,0
76000,27.5,27.5,19.5,0.0,0.0,0.0,7.6,1.0,1.0,1.0,0.0,0.0,0.0,0.0,0.0,0.0,100.0,100.0,100.0,1000.0,1000.0,1000.0,24.01882681188308,0,0,24.01882681188308,0.0,0.0,0,0
76200,27.5,27.5,19.5,0.0,0.0,0.0,7.6,1.0,1.0,1.0,0.0,0.0,0.0,0.0,0.0,0.0,100.0,100.0,100.0,1000.0,1000.0,1000.0,24.01882681188308,0,0,24.01882681188308,0.0,0.0,0,0
76400,27.5,27.5,19.5,0.0,0.0,0.0,7.6,1.0,1.0,1.0,0.0,0.0,0.0,0.0,0.0,0.0,100.0,100.0,100.0,1000.0,1000.0,1000.0,24.01882681188308,0,0,24.01882681188308,0.0,0.0,0,0
76600,27.5,27.5,19.5,0.0,0.0,0.0,7.6,1.0,1.0,1.0,0.0,0.0,0.0,0.0,0.0,0.0,100.0,100.0,100.0,1000.0,1000.0,1000.0,24.01882681188308,0,0,24.01882681188308,0.0,0.0,0,0
76800,27.5,27.5,19.5,0.0,0.0,0.0,7.6,1.0,1.0,1.0,0.0,0.0,0.0,0.0,0.0,0.0,100.0,100.0,100.0,1000.0,1000.0,1000.0,24.01882681188308,0,0,24.01882681188308,0.0,0.0,0,0
77000,27.5,27.5,19.5,0.0,0.0,0.0,7.7,1.0,1.0,1.0,0.0,0.0,0.0,0.0,0.0,0.0,100.0,100.0,100.0,1000.0,1000.0,1000.0,24.01882681188308,0,0,24.01882681188308,0.0,0.0,0,0
77200,27.5,27.5,19.5,0.0,0.0,0.0,7.7,1.0,1.0,1.0,0.0,0.0,0.0,0.0,0.0,0.0,100.0,100.0,100.0,1000.0,1000.0,1000.0,24.01882681188308,0,0,24.01882681188308,0.0,0.0,0,0
77400,27.5,27.5,19.5,0.0,0.0,0.0,7.7,1.0,1.0,1.0,0.0,0.0,0.0,0.0,0.0,0.0,100.0,100.0,100.0,1000.0,1000.0,1000.0,24.01882681188308,0,0,24.01882681188308,0.0,0.0,0,0
77600,28.0,27.5,19.5,0.0,0.0,0.0,7.7,1.0,1.0,1.0,0.0,0.0,0.0,0.0,0.0,0.0,100.0,100.0,100.0,1000.0,1000.0,1000.0,24.01882681188308,0,0,24.01882681188308,0.0,0.0,0,0
77800,28.0,27.5,19.5,0.0,0.0,0.0,7.7,1.0,1.0,1.0,0.0,0.0,0.0,0.0,0.0,0.0,100.0,100.0,100.0,1000.0,1000.0,1000.0,24.01882681188308,0,0,24.01882681188308,0.0,0.0,0,0
78000,28.0,27.5,19.5,0.0,0.0,0.0,7.8,1.0,1.0,1.0,0.0,0.0,0.0,0.0,0.0,0.0,100.0,100.0,100.0,1000.0,1000.0,1000.0,24.01882681188308,0,0,24.01882681188308,0.0,0.0,0,0
78200,28.0,27.5,19.5,0.0,0.0,0.0,7.8,1.0,1.0,1.0,0.0,0.0,0.0,0.0,0.0,0.0,100.0,100.0,100.0,1000.0,1000.0,1000.0,24.01882681188308,0,0,24.01882681188308,0.0,0.0,0,0
78400,28.0,27.5,19.5,0.0,0.0,0.0,7.8,1.0,1.0,1.0,0.0,0.0,0.0,0.0,0.0,0.0,100.0,100.0,100.0,1000.0,1000.0,1000.0,24.01882681188308,0,0,24.01882681188308,0.0,0.0,0,0
78600,28.0,27.5,19.5,0.0,0.0,0.0,7.8,1.0,1.0,1.0,0.0,0.0,0.0,0.0,0.0,0.0,100.0,100.0,100.0,1000.0,1000.0,1000.0,24.01882681188308,0,0,24.01882681188308,0.0,0.0,0,0
78800,28.0,27.5,19.5,0.0,0.0,0.0,7.8,1.0,1.0,1.0,0.0,0.0,0.0,0.0,0.0,0.0,100.0,100.0,100.0,1000.0,1000.0,1000.0,24.01882681188308,0,0,24.01882681188308,0.0,0.0,0,0
79000,28.0,28.0,19.5,0.0,0.0,0.0,7.9,1.0,1.0,1.0,0.0,0.0,0.0,0.0,0.0,0.0,100.0,100.0,100.0,1000.0,1000.0,1000.0,24.01882681188308,0,0,24.01882681188308,0.0,0.0,0,0
79200,28.0,28.0,19.5,0.0,0.0,0.0,7.9,1.0,1.0,1.0,0.0,0.0,0.0,0.0,0.0,0.0,100.0,100.0,100.0,1000.0,1000.0,1000.0,24.01882681188308,0,0,24.01882681188308,0.0,0.0,0,0
79400,28.0,28.0,19.5,0.0,0.0,0.0,7.9,1.0,1.0,1.0,0.0,0.0,0.0,0.0,0.0,0.0,100.0,100.0,100.0,1000.0,1000.0,1000.0,24.01882681188308,0,0,24.01882681188308,0.0,0.0,0,0
79600,28.0,28.0,19.5,0.0,0.0,0.0,7.9,1.0,1.0,1.0,0.0,0.0,0.0,0.0,0.0,0.0,100.0,100.0,100.0,1000.0,1000.0,1000.0,24.01882681188308,0,0,24.01882681188308,0.0,0.0,0,0
79800,28.0,28.0,19.5,0.0,0.0,0.0,7.9,1.0,1.0,1.0,0.0,0.0,0.0,0.0,0.0,0.0,100.0,100.0,100.0,1000.0,1000.0,1000.0,24.01882681188308,0,0,24.01882681188308,0.0,0.0,0,0
80000,28.0,28.0,19.5,0.0,0.0,0.0,8.0,1.0,1.0,1.0,0.0,0.0,0.0,0.0,0.0,0.0,100.0,100.0,100.0,1000.0,1000.0,1000.0,24.01882681188308,0,0,24.01882681188308,0.0,0.0,0,0
80200,28.0,28.0,19.5,0.0,0.0,0.0,8.0,1.0,1.0,1.0,0.0,0.0,0.0,0.0,0.0,0.0,100.0,100.0,100.0,1000.0,1000.0,1000.0,24.01882681188308,0,0,24.01882681188308,0.0,0.0,0,0
80400,28.0,28.0,19.5,0.0,0.0,0.0,8.0,1.0,1.0,1.0,0.0,0.0,0.0,0.0,0.0,0.0,100.0,100.0,100.0,1000.0,1000.0,1000.0,24.01882681188308,0,0,24.01882681188308,0.0,0.0,0,0
80600,28.0,28.0,19.5,0.0,0.0,0.0,8.0,1.0,1.0,1.0,0.0,0.0,0.0,0.0,0.0,0.0,100.0,100.0,100.0,1000.0,1000.0,1000.0,24.01882681188308,0,0,24.01882681188308,0.0,0.0,0,0
80800,28.0,28.0,19.5,0.0,0.0,0.0,8.0,1.0,1.0,1.0,0.0,0.0,0.0,0.0,0.0,0.0,100.0,100.0,100.0,1000.0,1000.0,1000.0,24.01882681188308,0,0,24.01882681188308,0.0,0.0,0,0
81000,28.0,28.0,19.5,0.0,0.0,0.0,8.1,1.0,1.0,1.0,0.0,0.0,0.0,0.0,0.0,0.0,100.0,100.0,100.0,1000.0,1000.0,1000.0,24.01882681188308,0,0,24.01882681188308,0.0,0.0,0,0
81200,28.0,28.0,19.5,0.0,0.0,0.0,8.1,1.0,1.0,1.0,0.0,0.0,0.0,0.0,0.0,0.0,100.0,100.0,100.0,1000.0,1000.0,1000.0,24.01882681188308,0,0,24.01882681188308,0.0,0.0,0,0
81400,28.0,28.0,19.5,0.0,0.0,0.0,8.1,1.0,1.0,1.0,0.0,0.0,0.0,0.0,0.0,0.0,100.0,100.0,100.0,1000.0,1000.0,1000.0,24.01882681188308,0,0,24.01882681188308,0.0,0.0,0,0
81600,28.0,28.0,19.5,0.0,0.0,0.0,8.1,1.0,1.0,1.0,0.0,0.0,0.0,0.0,0.0,0.0,100.0,100.0,100.0,1000.0,1000.0,1000.0,24.01882681188308,0,0,24.01882681188308,0.0,0.0,0,0
81800,28.0,28.0,19.5,0.0,0.0,0.0,8.1,1.0,1.0,1.0,0.0,0.0,0.0,0.0,0.0,0.0,100.0,100.0,100.0,1000.0,1000.0,1000.0,24.01882681188308,0,0,24.01882681188308,0.0,0.0,0,0
82000,28.0,28.0,19.5,0.0,0.0,0.0,8.2,1.0,1.0,1.0,0.0,0.0,0.0,0.0,0.0,0.0,100.0,100.0,100.0,1000.0,1000.0,1000.0,24.01882681188308,0,0,24.01882681188308,0.0,0.0,0,0
82200,28.0,28.0,19.5,0.0,0.0,0.0,8.2,1.0,1.0,1.0,0.0,0.0,0.0,0.0,0.0,0.0,100.0,100.0,100.0,1000.0,1000.0,1000.0,24.01882681188308,0,0,24.01882681188308,0.0,0.0,0,0
82400,28.0,28.0,19.5,0.0,0.0,0.0,8.2,1.0,1.0,1.0,0.0,0.0,0.0,0.0,0.0,0.0,100.0,100.0,100.0,1000.0,1000.0,1000.0,24.01882681188308,0,0,24.01882681188308,0.0,0.0,0,0
82600,28.5,28.0,19.5,0.0,0.0,0.0,8.2,1.0,1.0,1.0,0.0,0.0,0.0,0.0,0.0,0.0,100.0,100.0,100.0,1000.0,1000.0,1000.0,24.01882681188308,0,0,24.01882681188308,0.0,0.0,0,0
82800,28.5,28.0,19.5,0.0,0.0,0.0,8.2,1.0,1.0,1.0,0.0,0.0,0.0,0.0,0.0,0.0,100.0,100.0,100.0,1000.0,1000.0,1000.0,24.01882681188308,0,0,24.01882681188308,0.0,0.0,0,0
83000,28.5,28.0,19.5,0.0,0.0,0.0,8.3,1.0,1.0,1.0,0.0,0.0,0.0,0.0,0.0,0.0,100.0,100.0,100.0,1000.0,1000.0,1000.0,24.01882681188308,0,0,24.01882681188308,0.0,0.0,0,0
83200,28.5,28.0,19.5,0.0,0.0,0.0,8.3,1.0,1.0,1.0,0.0,0.0,0.0,0.0,0.0,0.0,100.0,100.0,100.0,1000.0,1000.0,1000.0,24.01882681188308,0,0,24.01882681188308,0.0,0.0,0,0
83400,28.5,28.0,19.5,0.0,0.0,0.0,8.3,1.0,1.0,1.0,0.0,0.0,0.0,0.0,0.0,0.0,100.0,100.0,100.0,1000.0,1000.0,1000.0,24.01882681188308,0,0,24.01882681188308,0.0,0.0,0,0
83600,28.5,28.0,19.5,0.0,0.0,0.0,8.3,1.0,1.0,1.0,0.0,0.0,0.0,0.0,0.0,0.0,100.0,100.0,100.0,1000.0,1000.0,1000.0,24.01882681188308,0,0,24.01882681188308,0.0,0.0,0,0
83800,28.5,28.0,19.5,0.0,0.0,0.0,8.3,1.0,1.0,1.0,0.0,0.0,0.0,0.0,0.0,0.0,100.0,100.0,100.0,1000.0,1000.0,1000.0,24.01882681188308,0,0,24.01882681188308,0.0,0.0,0,0
84000,28.5,28.5,19.5,0.0,0.0,0.0,8.4,1.0,1.0,1.0,0.0,0.0,0.0,0.0,0.0,0.0,100.0,100.0,100.0,1000.0,1000.0,1000.0,24.01882681188308,0,0,24.01882681188308,0.0,0.0,0,0
84200,28.5,28.5,19.5,0.0,0.0,0.0,8.4,1.0,1.0,1.0,0.0,0.0,0.0,0.0,0.0,0.0,100.0,100.0,100.0,1000.0,1000.0,1000.0,24.01882681188308,0,0,24.01882681188308,0.0,0.0,0,0
84400,28.5,28.5,19.5,0.0,0.0,0.0,8.4,1.0,1.0,1.0,0.0,0.0,0.0,0.0,0.0,0.0,100.0,100.0,100.0,1000.0,1000.0,1000.0,24.01882681188308,0,0,24.01882681188308,0.0,0.0,0,0
84600,28.5,28.5,19.5,0.0,0.0,0.0,8.4,1.0,1.0,1.0,0.0,0.0,0.0,0.0,0.0,0.0,100.0,100.0,100.0,1000.0,1000.0,1000.0,24.01882681188308,0,0,24.01882681188308,0.0,0.0,0,0
84800,28.5,28.5,19.5,0.0,0.0,0.0,8.4,1.0,1.0,1.0,0.0,0.0,0.0,0.0,0.0,0.0,100.0,100.0,100.0,1000.0,1000.0,1000.0,24.01882681188308,0,0,24.01882681188308,0.0,0.0,0,0
85000,28.5,28.5,19.5,0.0,0.0,0.0,8.5,1.0,1.0,1.0,0.0,0.0,0.0,0.0,0.0,0.0,100.0,100.0,100.0,1000.0,1000.0,1000.0,24.01882681188308,0,0,24.01882681188308,0.0,0.0,0,0
85200,28.5,28.5,19.5,0.0,0.0,0.0,8.5,1.0,1.0,1.0,0.0,0.0,0.0,0.0,0.0,0.0,100.0,100.0,100.0,1000.0,1000.0,1000.0,24.01882681188308,0,0,24.01882681188308,0.0,0.0,0,0
85400,28.5,28.5,19.5,0.0,0.0,0.0,8.5,1.0,1.0,1.0,0.0,0.0,0.0,0.0,0.0,0.0,100.0,100.0,100.0,1000.0,1000.0,1000.0,24.01882681188308,0,0,24.01882681188308,0.0,0.0,0,0
85600,28.5,28.5,19.5,0.0,0.0,0.0,8.5,1.0,1.0,1.0,0.0,0.0,0.0,0.0,0.0,0.0,100.0,100.0,100.0,1000.0,1000.0,1000.0,24.01882681188308,0,0,24.01882681188308,0.0,0.0,0,0
85800,28.5,28.5,19.5,0.0,0.0,0.0,8.5,1.0,1.0,1.0,0.0,0.0,0.0,0.0,0.0,0.0,100.0,100.0,100.0,1000.0,1000.0,1000.0,24.01882681188308,0,0,24.01882681188308,0.0,0.0,0,0
86000,28.5,28.5,19.5,0.0,0.0,0.0,8.6,1.0,1.0,1.0,0.0,0.0,0.0,0.0,0.0,0.0,100.0,100.0,100.0,1000.0,1000.0,1000.0,24.01882681188308,0,0,24.01882681188308,0.0,0.0,0,0
86200,28.5,28.5,19.5,0.0,0.0,0.0,8.6,1.0,1.0,1.0,0.0,0.0,0.0,0.0,0.0,0.0,100.0,100.0,100.0,1000.0,1000.0,1000.0,24.01882681188308,0,0,24.01882681188308,0.0,0.0,0,0
86400,28.5,28.5,19.5,0.0,0.0,0.0,8.6,1.0,1.0,1.0,0.0,0.0,0.0,0.0,0.0,0.0,100.0,100.0,100.0,1000.0,1000.0,1000.0,24.01882681188308,0,0,24.01882681188308,0.0,0.0,0,0
86600,28.5,28.5,19.5,0.0,0.0,0.0,8.6,1.0,1.0,1.0,0.0,0.0,0.0,0.0,0.0,0.0,100.0,100.0,100.0,1000.0,1000.0,1000.0,24.01882681188308,0,0,24.01882681188308,0.0,0.0,0,0
86800,28.5,28.5,19.5,0.0,0.0,0.0,8.6,1.0,1.0,1.0,0.0,0.0,0.0,0.0,0.0,0.0,100.0,100.0,100.0,1000.0,1000.0,1000.0,24.01882681188308,0,0,24.01882681188308,0.0,0.0,0,0
87000,28.5,28.5,19.5,0.0,0.0,0.0,8.7,1.0,1.0,1.0,0.0,0.0,0.0,0.0,0.0,0.0,100.0,100.0,100.0,1000.0,1000.0,1000.0,24.01882681188308,0,0,24.01882681188308,0.0,0.0,0,0
87200,28.5,28.5,19.5,0.0,0.0,0.0,8.7,1.0,1.0,1.0,0.0,0.0,0.0,0.0,0.0,0.0,100.0,100.0,100.0,1000.0,1000.0,1000.0,24.01882681188308,0,0,24.01882681188308,0.0,0.0,0,0
87400,28.5,28.5,19.5,0.0,0.0,0.0,8.7,1.0,1.0,1.0,0.0,0.0,0.0,0.0,0.0,0.0,100.0,100.0,100.0,1000.0,1000.0,1000.0,24.01882681188308,0,0,24.01882681188308,0.0,0.0,0,0
87600,28.5,28.5,19.5,0.0,0.0,0.0,8.7,1.0,1.0,1.0,0.0,0.0,0.0,0.0,0.0,0.0,100.0,100.0,100.0,1000.0,1000.0,1000.0,24.01882681188308,0,0,24.01882681188308,0.0,0.0,0,0
87800,28.5,28.5,19.5,0.0,0.0,0.0,8.7,1.0,1.0,1.0,0.0,0.0,0.0,0.0,0.0,0.0,100.0,100.0,100.0,1000.0,1000.0,1000.0,24.01882681188308,0,0,24.01882681188308,0.0,0.0,0,0
88000,29.0,28.5,19.5,0.0,0.0,0.0,8.8,1.0,1.0,1.0,0.0,0.0,0.0,0.0,0.0,0.0,100.0,100.0,100.0,1000.0,1000.0,1000.0,24.01882681188308,0,0,24.01882681188308,0.0,0.0,0,0
88200,29.0,28.5,19.5,0.0,0.0,0.0,8.8,1.0,1.0,1.0,0.0,0.0,0.0,0.0,0.0,0.0,100.0,100.0,100.0,1000.0,1000.0,1000.0,24.01882681188308,0,0,24.01882681188308,0.0,0.0,0,0
88400,29.0,28.5,19.5,0.0,0.0,0.0,8.8,1.0,1.0,1.0,0.0,0.0,0.0,0.0,0.0,0.0,100.0,100.0,100.0,1000.0,1000.0,1000.0,24.01882681188308,0,0,24.01882681188308,0.0,0.0,0,0
88600,29.0,28.5,19.5,0.0,0.0,0.0,8.8,1.0,1.0,1.0,0.0,0.0,0.0,0.0,0.0,0.0,100.0,100.0,100.0,1000.0,1000.0,1000.0,24.01882681188308,0,0,24.01882681188308,0.0,0.0,0,0
88800,29.0,28.5,19.5,0.0,0.0,0.0,8.8,1.0,1.0,1.0,0.0,0.0,0.0,0.0,0.0,0.0,100.0,100.0,100.0,1000.0,1000.0,1000.0,24.01882681188308,0,0,24.01882681188308,0.0,0.0,0,0
89000,29.0,28.5,19.5,0.0,0.0,0.0,8.9,1.0,1.0,1.0,0.0,0.0,0.0,0.0,0.0,0.0,100.0,100.0,100.0,1000.0,1000.0,1000.0,24.01882681188308,0,0,24.01882681188308,0.0,0.0,0,0
89200,29.0,28.5,19.5,0.0,0.0,0.0,8.9,1.0,1.0,1.0,0.0,0.0,0.0,0.0,0.0,0.0,100.0,100.0,100.0,1000.0,1000.0,1000.0,24.01882681188308,0,0,24.01882681188308,0.0,0.0,0,0
89400,29.0,28.5,19.5,0.0,0.0,0.0,8.9,1.0,1.0,1.0,0.0,0.0,0.0,0.0,0.0,0.0,100.0,100.0,100.0,1000.0,1000.0,1000.0,24.01882681188308,0,0,24.01882681188308,0.0,0.0,0,0
89600,29.0,28.5,19.5,0.0,0.0,0.0,8.9,1.0,1.0,1.0,0.0,0.0,0.0,0.0,0.0,0.0,100.0,100.0,100.0,1000.0,1000.0,1000.0,24.01882681188308,0,0,24.01882681188308,0.0,0.0,0,0
89800,29.0,28.5,19.5,0.0,0.0,0.0,8.9,1.0,1.0,1.0,0.0,0.0,0.0,0.0,0.0,0.0,100.0,100.0,100.0,1000.0,1000.0,1000.0,24.01882681188308,0,0,24.01882681188308,0.0,0.0,0,0
90000,29.0,29.0,19.5,0.0,0.0,0.0,9.0,1.0,1.0,1.0,0.0,0.0,0.0,0.0,0.0,0.0,100.0,100.0,100.0,1000.0,1000.0,1000.0,24.01882681188308,0,0,24.01882681188308,0.0,0.0,0,0
90200,29.0,29.0,19.5,0.0,0.0,0.0,9.0,1.0,1.0,1.0,0.0,0.0,0.0,0.0,0.0,0.0,100.0,100.0,100.0,1000.0,1000.0,1000.0,25.59080159165063,0,0,25.59080159165063,0.0,0.0,1,0
90400,29.0,29.0,19.5,0.0,0.0,0.0,9.0,1.0,1.0,1.0,0.0,0.0,0.0,0.0,0.0,0.0,100.0,100.0,100.0,1000.0,1000.0,1000.0,25.59080159165063,0,0,25.59080159165063,0.0,0.0,0,0
90600,29.0,29.0,19.5,0.0,0.0,0.0,9.0,1.0,1.0,1.0,0.0,0.0,0.0,0.0,0.0,0.0,100.0,100.0,100.0,1000.0,1000.0,1000.0,25.59080159165063,0,0,25.59080159165063,0.0,0.0,0,0
90800,29.0,29.0,19.5,0.0,0.0,0.0,9.0,1.0,1.0,1.0,0.0,0.0,0.0,0.0,0.0,0.0,100.0,100.0,100.0,1000.0,1000.0,1000.0,25.59080159165063,0,0,25.59080159165063,0.0,0.0,0,0
91000,29.0,29.0,19.5,0.0,0.0,0.0,9.1,1.0,1.0,1.0,0.0,0.0,0.0,0.0,0.0,0.0,100.0,100.0,100.0,1000.0,1000.0,1000.0,25.59080159165063,0,0,25.59080159165063,0.0,0.0,0,0
91200,29.0,29.0,19.5,0.0,0.0,0.0,9.1,1.0,1.0,1.0,0.0,0.0,0.0,0.0,0.0,0.0,100.0,100.0,100.0,1000.0,1000.0,1000.0,25.59080159165063,0,0,25.59080159165063,0.0,0.0,0,0
91400,29.0,29.0,19.5,0.0,0.0,0.0,9.1,1.0,1.0,1.0,0.0,0.0,0.0,0.0,0.0,0.0,100.0,100.0,100.0,1000.0,1000.0,1000.0,25.59080159165063,0,0,25.59080159165063,0.0,0.0,0,0
91600,29.0,29.0,19.5,0.0,0.0,0.0,9.1,1.0,1.0,1.0,0.0,0.0,0.0,0.0,0.0,0.0,100.0,100.0,100.0,1000.0,1000.0,1000.0,25.59080159165063,0,0,25.59080159165063,0.0,0.0,0,0
91800,29.0,29.0,19.5,0.0,0.0,0.0,9.1,1.0,1.0,1.0,0.0,0.0,0.0,0.0,0.0,0.0,100.0,100.0,100.0,1000.0,1000.0,1000.0,25.59080159165063,0,0,25.59080159165063,0.0,0.0,0,0
92000,29.0,29.0,19.5,0.0,0.0,0.0,9.2,1.0,1.0,1.0,0.0,0.0,0.0,0.0,0.0,0.0,100.0,100.0,100.0,1000.0,1000.0,1000.0,25.59080159165063,0,0,25.59080159165063,0.0,0.0,0,0
92200,29.0,29.0,19.5,0.0,0.0,0.0,9.2,1.0,1.0,1.0,0.0,0.0,0.0,0.0,0.0,0.0,100.0,100.0,100.0,1000.0,1000.0,1000.0,25.59080159165063,0,0,25.59080159165063,0.0,0.0,0,0
92400,29.0,29.0,19.5,0.0,0.0,0.0,9.2,1.0,1.0,1.0,0.0,0.0,0.0,0.0,0.0,0.0,100.0,100.0,100.0,1000.0,1000.0,1000.0,25.59080159165063,0,0,25.59080159165063,0.0,0.0,0,0
92600,29.0,29.0,19.5,0.0,0.0,0.0,9.2,1.0,1.0,1.0,0.0,0.0,0.0,0.0,0.0,0.0,100.0,100.0,100.0,1000.0,1000.0,1000.0,25.59080159165063,0,0,25.59080159165063,0.0,0.0,0,0
92800,29.0,29.0,19.5,0.0,0.0,0.0,9.2,1.0,1.0,1.0,0.0,0.0,0.0,0.0,0.0,0.0,100.0,100.0,100.0,1000.0,1000.0,1000.0,25.59080159165063,0,0,25.59080159165063,0.0,0.0,0,0
93000,29.0,29.0,19.5,0.0,0.0,0.0,9.3,1.0,1.0,1.0,0.0,0.0,0.0,0.0,0.0,0.0,100.0,100.0,100.0,1000.0,1000.0,1000.0,25.59080159165063,0,0,25.59080159165063,0.0,0.0,0,0
93200,29.0,29.0,19.5,0.0,0.0,0.0,9.3,1.0,1.0,1.0,0.0,0.0,0.0,0.0,0.0,0.0,100.0,100.0,100.0,1000.0,1000.0,1000.0,25.59080159165063,0,0,25.59080159165063,0.0,0.0,0,0
93400,29.0,29.0,19.5,0.0,0.0,0.0,9.3,1.0,1.0,1.0,0.0,0.0,0.0,0.0,0.0,0.0,100.0,100.0,100.0,1000.0,1000.0,1000.0,25.59080159165063,0,0,25.59080159165063,0.0,0.0,0,0
93600,29.0,29.0,19.5,0.0,0.0,0.0,9.3,1.0,1.0,1.0,0.0,0.0,0.0,0.0,0.0,0.0,100.0,100.0,100.0,1000.0,1000.0,1000.0,25.59080159165063,0,0,25.59080159165063,0.0,0.0,0,0
93800,29.0,29.0,19.5,0.0,0.0,0.0,9.3,1.0,1.0,1.0,0.0,0.0,0.0,0.0,0.0,0.0,100.0,100.0,100.0,1000.0,1000.0,1000.0,25.59080159165063,0,0,25.59080159165063,0.0,0.0,0,0
94000,29.5,29.0,19.5,0.0,0.0,0.0,9.4,1.0,1.0,1.0,0.0,0.0,0.0,0.0,0.0,0.0,100.0,100.0,100.0,1000.0,1000.0,1000.0,25.59080159165063,0,0,25.59080159165063,0.0,0.0,0,0
94200,29.5,29.0,19.5,0.0,0.0,0.0,9.4,1.0,1.0,1.0,0.0,0.0,0.0,0.0,0.0,0.0,100.0,100.0,100.0,1000.0,1000.0,1000.0,25.59080159165063,0,0,25.59080159165063,0.0,0.0,0,0
94400,29.5,29.0,19.5,0.0,0.0,0.0,9.4,1.0,1.0,1.0,0.0,0.0,0.0,0.0,0.0,0.0,100.0,100.0,100.0,1000.0,1000.0,1000.0,25.59080159165063,0,0,25.59080159165063,0.0,0.0,0,0
94600,29.5,29.0,19.5,0.0,0.0,0.0,9.4,1.0,1.0,1.0,0.0,0.0,0.0,0.0,0.0,0.0,100.0,100.0,100.0,1000.0,1000.0,1000.0,25.59080159165063,0,0,25.59080159165063,0.0,0.0,0,0
94800,29.5,29.0,19.5,0.0,0.0,0.0,9.4,1.0,1.0,1.0,0.0,0.0,0.0,0.0,0.0,0.0,100.0,100.0,100.0,1000.0,1000.0,1000.0,25.59080159165063,0,0,25.59080159165063,0.0,0.0,0,0
95000,29.5,29.0,19.5,0.0,0.0,0.0,9.5,1.0,1.0,1.0,0.0,0.0,0.0,0.0,0.0,0.0,100.0,100.0,100.0,1000.0,1000.0,1000.0,25.59080159165063,0,0,25.59080159165063,0.0,0.0,0,0
95200,29.5,29.0,19.5,0.0,0.0,0.0,9.5,1.0,1.0,1.0,0.0,0.0,0.0,0.0,0.0,0.0,100.0,100.0,100.0,1000.0,1000.0,1000.0,25.59080159165063,0,0,25.59080159165063,0.0,0.0,0,0
95400,29.5,29.0,19.5,0.0,0.0,0.0,9.5,1.0,1.0,1.0,0.0,0.0,0.0,0.0,0.0,0.0,100.0,100.0,100.0,1000.0,1000.0,1000.0,25.59080159165063,0,0,25.59080159165063,0.0,0.0,0,0
95600,29.5,29.0,19.5,0.0,0.0,0.0,9.5,1.0,1.0,1.0,0.0,0.0,0.0,0.0,0.0,0.0,100.0,100.0,100.0,1000.0,1000.0,1000.0,25.59080159165063,0,0,25.59080159165063,0.0,0.0,0,0
95800,29.5,29.0,19.5,0.0,0.0,0.0,9.5,1.0,1.0,1.0,0.0,0.0,0.0,0.0,0.0,0.0,100.0,100.0,100.0,1000.0,1000.0,1000.0,25.59080159165063,0,0,25.59080159165063,0.0,0.0,0,0
96000,29.5,29.5,19.5,0.0,0.0,0.0,9.6,1.0,1.0,1.0,0.0,0.0,0.0,0.0,0.0,0.0,100.0,100.0,100.0,1000.0,1000.0,1000.0,25.59080159165063,0,0,25.59080159165063,0.0,0.0,0,0
96200,29.5,29.5,19.5,0.0,0.0,0.0,9.6,1.0,1.0,1.0,0.0,0.0,0.0,0.0,0.0,0.0,100.0,100.0,100.0,1000.0,1000.0,1000.0,25.59080159165063,0,0,25.59080159165063,0.0,0.0,0,0
96400,29.5,29.5,19.5,0.0,0.0,0.0,9.6,1.0,1.0,1.0,0.0,0.0,0.0,0.0,0.0,0.0,100.0,100.0,100.0,1000.0,1000.0,1000.0,25.59080159165063,0,0,25.59080159165063,0.0,0.0,0,0
96600,29.5,29.5,19.5,0.0,0.0,0.0,9.6,1.0,1.0,1.0,0.0,0.0,0.0,0.0,0.0,0.0,100.0,100.0,100.0,1000.0,1000.0,1000.0,25.59080159165063,0,0,25.59080159165063,0.0,0.0,0,0
96800,29.5,29.5,19.5,0.0,0.0,0.0,9.6,1.0,1.0,1.0,0.0,0.0,0.0,0.0,0.0,0.0,100.0,100.0,100.0,1000.0,1000.0,1000.0,25.59080159165063,0,0,25.59080159165063,0.0,0.0,0,0
97000,29.5,29.5,19.5,0.0,0.0,0.0,9.7,1.0,1.0,1.0,0.0,0.0,0.0,0.0,0.0,0.0,100.0,100.0,100.0,1000.0,1000.0,1000.0,25.59080159165063,0,0,25.59080159165063,0.0,0.0,0,0
97200,29.5,29.5,19.5,0.0,0.0,0.0,9.7,1.0,1.0,1.0,0.0,0.0,0.0,0.0,0.0,0.0,100.0,100.0,100.0,1000.0,1000.0,1000.0,25.59080159165063,0,0,25.59080159165063,0.0,0.0,0,0
97400,29.5,29.5,19.5,0.0,0.0,0.0,9.7,1.0,1.0,1.0,0.0,0.0,0.0,0.0,0.0,0.0,100.0,100.0,100.0,1000.0,1000.0,1000.0,25.59080159165063,0,0,25.59080159165063,0.0,0.0,0,0
97600,29.5,29.5,19.5,0.0,0.0,0.0,9.7,1.0,1.0,1.0,0.0,0.0,0.0,0.0,0.0,0.0,100.0,100.0,100.0,1000.0,1000.0,1000.0,25.59080159165063,0,0,25.59080159165063,0.0,0.0,0,0
97800,29.5,29.5,19.5,0.0,0.0,0.0,9.7,1.0,1.0,1.0,0.0,0.0,0.0,0.0,0.0,0.0,100.0,100.0,100.0,1000.0,1000.0,1000.0,25.59080159165063,0,0,25.59080159165063,0.0,0.0,0,0
98000,29.5,29.5,19.5,0.0,0.0,0.0,9.8,1.0,1.0,1.0,0.0,0.0,0.0,0.0,0.0,0.0,100.0,100.0,100.0,1000.0,1000.0,1000.0,25.59080159165063,0,0,25.59080159165063,0.0,0.0,0,0
98200,29.5,29.5,19.5,0.0,0.0,0.0,9.8,1.0,1.0,1.0,0.0,0.0,0.0,0.0,0.0,0.0,100.0,100.0,100.0,1000.0,1000.0,1000.0,25.59080159165063,0,0,25.59080159165063,0.0,0.0,0,0
98400,29.5,29.5,19.5,0.0,0.0,0.0,9.8,1.0,1.0,1.0,0.0,0.0,0.0,0.0,0.0,0.0,100.0,100.0,100.0,1000.0,1000.0,1000.0,25.59080159165063,0,0,25.59080159165063,0.0,0.0,0,0
98600,29.5,29.5,19.5,0.0,0.0,0.0,9.8,1.0,1.0,1.0,0.0,0.0,0.0,0.0,0.0,0.0,100.0,100.0,100.0,1000.0,1000.0,1000.0,25.59080159165063,0,0,25.59080159165063,0.0,0.0,0,0
98800,29.5,29.5,19.5,0.0,0.0,0.0,9.8,1.0,1.0,1.0,0.0,0.0,0.0,0.0,0.0,0.0,100.0,100.0,100.0,1000.0,1000.0,1000.0,25.59080159165063,0,0,25.59080159165063,0.0,0.0,0,0
99000,29.5,29.5,19.5,0.0,0.0,0.0,9.9,1.0,1.0,1.0,0.0,0.0,0.0,0.0,0.0,0.0,100.0,100.0,100.0,1000.0,1000.0,1000.0,25.59080159165063,0,0,25.59080159165063,0.0,0.0,0,0
99200,29.5,29.5,19.5,0.0,0.0,0.0,9.9,1.0,1.0,1.0,0.0,0.0,0.0,0.0,0.0,0.0,100.0,100.0,100.0,1000.0,1000.0,1000.0,25.59080159165063,0,0,25.59080159165063,0.0,0.0,0,0
99400,29.5,29.5,19.5,0.0,0.0,0.0,9.9,1.0,1.0,1.0,0.0,0.0,0.0,0.0,0.0,0.0,100.0,100.0,100.0,1000.0,1000.0,1000.0,25.59080159165063,0,0,25.59080159165063,0.0,0.0,0,0
99600,29.5,29.5,19.5,0.0,0.0,0.0,9.9,1.0,1.0,1.0,0.0,0.0,0.0,0.0,0.0,0.0,100.0,100.0,100.0,1000.0,1000.0,1000.0,25.59080159165063,0,0,25.59080159165063,0.0,0.0,0,0
99800,29.5,29.5,19.5,0.0,0.0,0.0,9.9,1.0,1.0,1.0,0.0,0.0,0.0,0.0,0.0,0.0,100.0,100.0,100.0,1000.0,1000.0,1000.0,25.59080159165063,0,0,25.59080159165063,0.0,0.0,0,0
100000,29.5,29.5,19.5,0.0,0.0,0.0,10.0,1.0,1.0,1.0,0.0,0.0,0.0,0.0,0.0,0.0,100.0,100.0,100.0,1000.0,1000.0,1000.0,25.59080159165063,0,0,25.59080159165063,0.0,0.0,0,0
100200,29.5,29.5,19.5,0.0,0.0,0.0,10.0,1.0,1.0,1.0,0.0,0.0,0.0,0.0,0.0,0.0,100.0,100.0,100.0,1000.0,1000.0,1000.0,25.59080159165063,0,0,25.59080159165063,0.0,0.0,0,0
100400,29.5,29.5,19.5,0.0,0.0,0.0,10.0,1.0,1.0,1.0,0.0,0.0,0.0,0.0,0.0,0.0,100.0,100.0,100.0,1000.0,1000.0,1000.0,25.59080159165063,0,0,25.59080159165063,0.0,0.0,0,0
100600,30.0,29.5,19.5,0.0,0.0,0.0,10.0,1.0,1.0,1.0,0.0,0.0,0.0,0.0,0.0,0.0,100.0,100.0,100.0,1000.0,1000.0,1000.0,25.59080159165063,0,0,25.59080159165063,0.0,0.0,0,0
100800,30.0,29.5,19.5,0.0,0.0,0.0,10.0,1.0,1.0,1.0,0.0,0.0,0.0,0.0,0.0,0.0,100.0,100.0,100.0,1000.0,1000.0,1000.0,25.59080159165063,0,0,25.59080159165063,0.0,0.0,0,0
101000,30.0,29.5,19.5,0.0,0.0,0.0,10.1,1.0,1.0,1.0,0.0,0.0,0.0,0.0,0.0,0.0,100.0,100.0,100.0,1000.0,1000.0,1000.0,25.59080159165063,0,0,25.59080159165063,0.0,0.0,0,0
101200,30.0,29.5,19.5,0.0,0.0,0.0,10.1,1.0,1.0,1.0,0.0,0.0,0.0,0.0,0.0,0.0,100.0,100.0,100.0,1000.0,1000.0,1000.0,25.59080159165063,0,0,25.59080159165063,0.0,0.0,0,0
101400,30.0,30.0,19.5,0.0,0.0,0.0,10.1,1.0,1.0,1.0,0.0,0.0,0.0,0.0,0.0,0.0,100.0,100.0,100.0,1000.0,1000.0,1000.0,25.59080159165063,0,0,25.59080159165063,0.0,0.0,0,0
101600,30.0,30.0,19.5,0.0,0.0,0.0,10.1,1.0,1.0,1.0,0.0,0.0,0.0,0.0,0.0,0.0,100.0,100.0,100.0,1000.0,1000.0,1000.0,25.59080159165063,0,0,25.59080159165063,0.0,0.0,0,0
101800,30.0,30.0,19.5,0.0,0.0,0.0,10.1,1.0,1.0,1.0,0.0,0.0,0.0,0.0,0.0,0.0,100.0,100.0,100.0,1000.0,1000.0,1000.0,25.59080159165063,0,0,25.59080159165063,0.0,0.0,0,0
102000,30.0,30.0,19.5,0.0,0.0,0.0,10.2,1.0,1.0,1.0,0.0,0.0,0.0,0.0,0.0,0.0,100.0,100.0,100.0,1000.0,1000.0,1000.0,25.59080159165063,0,0,25.59080159165063,0.0,0.0,0,0
102200,30.0,30.0,19.5,0.0,0.0,0.0,10.2,1.0,1.0,1.0,0.0,0.0,0.0,0.0,0.0,0.0,100.0,100.0,100.0,1000.0,1000.0,1000.0,25.59080159165063,0,0,25.59080159165063,0.0,0.0,0,0
102400,30.0,30.0,19.5,0.0,0.0,0.0,10.2,1.0,1.0,1.0,0.0,0.0,0.0,0.0,0.0,0.0,100.0,100.0,100.0,1000.0,1000.0,1000.0,25.59080159165063,0,0,25.59080159165063,0.0,0.0,0,0
102600,30.0,30.0,19.5,0.0,0.0,0.0,10.2,1.0,1.0,1.0,0.0,0.0,0.0,0.0,0.0,0.0,100.0,100.0,100.0,1000.0,1000.0,1000.0,25.59080159165063,0,0,25.59080159165063,0.0,0.0,0,0
102800,30.0,30.0,19.5,0.0,0.0,0.0,10.2,1.0,1.0,1.0,0.0,0.0,0.0,0.0,0.0,0.0,100.0,100.0,100.0,1000.0,1000.0,1000.0,25.59080159165063,0,0,25.59080159165063,0.0,0.0,0,0
103000,30.0,30.0,19.5,0.0,0.0,0.0,10.3,1.0,1.0,1.0,0.0,0.0,0.0,0.0,0.0,0.0,100.0,100.0,100.0,1000.0,1000.0,1000.0,25.59080159165063,0,0,25.59080159165063,0.0,0.0,0,0
103200,30.0,30.0,19.5,0.0,0.0,0.0,10.3,1.0,1.0,1.0,0.0,0.0,0.0,0.0,0.0,0.0,100.0,100.0,100.0,1000.0,1000.0,1000.0,25.59080159165063,0,0,25.59080159165063,0.0,0.0,0,0
103400,30.0,30.0,19.5,0.0,0.0,0.0,10.3,1.0,1.0,1.0,0.0,0.0,0.0,0.0,0.0,0.0,100.0,100.0,100.0,1000.0,1000.0,1000.0,25.59080159165063,0,0,25.59080159165063,0.0,0.0,0,0
103600,30.0,30.0,19.5,0.0,0.0,0.0,10.3,1.0,1.0,1.0,0.0,0.0,0.0,0.0,0.0,0.0,100.0,100.0,100.0,1000.0,1000.0,1000.0,25.59080159165063,0,0,25.59080159165063,0.0,0.0,0,0
103812,30.0,30.0,19.5,0.0,0.0,0.0,10.3,1.0,1.0,1.0,0.0,0.0,0.0,0.0,0.0,0.0,100.0,100.0,100.0,1000.0,1000.0,1000.0,25.59080159165063,0,0,25.59080159165063,0.0,0.0,0,0
104012,30.0,30.0,19.5,0.0,0.0,0.0,10.4,1.0,1.0,1.0,0.0,0.0,0.0,0.0,0.0,0.0,100.0,100.0,100.0,1000.0,1000.0,1000.0,25.59080159165063,0,0,25.59080159165063,0.0,0.0,0,0
104212,30.0,30.0,19.5,0.0,0.0,0.0,10.4,1.0,1.0,1.0,0.0,0.0,0.0,0.0,0.0,0.0,100.0,100.0,100.0,1000.0,1000.0,1000.0,25.59080159165063,0,0,25.59080159165063,0.0,0.0,0,0
104412,30.0,30.0,19.5,0.0,0.0,0.0,10.4,1.0,1.0,1.0,0.0,0.0,0.0,0.0,0.0,0.0,100.0,100.0,100.0,1000.0,1000.0,1000.0,25.59080159165063,0,0,25.59080159165063,0.0,0.0,0,0
104612,30.0,30.0,19.5,0.0,0.0,0.0,10.4,1.0,1.0,1.0,0.0,0.0,0.0,0.0,0.0,0.0,100.0,100.0,100.0,1000.0,1000.0,1000.0,25.59080159165063,0,0,25.59080159165063,0.0,0.0,0,0
104812,30.0,30.0,19.5,0.0,0.0,0.0,10.4,1.0,1.0,1.0,0.0,0.0,0.0,0.0,0.0,0.0,100.0,100.0,100.0,1000.0,1000.0,1000.0,25.59080159165063,0,0,25.59080159165063,0.0,0.0,0,0
105012,30.0,30.0,19.5,0.0,0.0,0.0,10.5,1.0,1.0,1.0,0.0,0.0,0.0,0.0,0.0,0.0,100.0,100.0,100.0,1000.0,1000.0,1000.0,25.59080159165063,0,0,25.59080159165063,0.0,0.0,0,0
105212,30.0,30.0,19.5,0.0,0.0,0.0,10.5,1.0,1.0,1.0,0.0,0.0,0.0,0.0,0.0,0.0,100.0,100.0,100.0,1000.0,1000.0,1000.0,32.21684960133049,0,0,32.21684960133049,0.0,0.0,1,0
105412,30.0,30.0,19.5,0.0,0.0,0.0,10.5,1.0,1.0,1.0,0.0,0.0,0.0,0.0,0.0,0.0,100.0,100.0,100.0,1000.0,1000.0,1000.0,32.21684960133049,0,0,32.21684960133049,0.0,0.0,0,0
105612,30.0,30.0,19.5,0.0,0.0,0.0,10.5,1.0,1.0,1.0,0.0,0.0,0.0,0.0,0.0,0.0,100.0,100.0,100.0,1000.0,1000.0,1000.0,32.21684960133049,0,0,32.21684960133049,0.0,0.0,0,0
105812,30.0,30.0,19.5,0.0,0.0,0.0,10.5,1.0,1.0,1.0,0.0,0.0,0.0,0.0,0.0,0.0,100.0,100.0,100.0,1000.0,1000.0,1000.0,32.21684960133049,0,0,32.21684960133049,0.0,0.0,0,0
106012,30.0,30.0,19.5,0.0,0.0,0.0,10.6,1.0,1.0,1.0,0.0,0.0,0.0,0.0,0.0,0.0,100.0,100.0,100.0,1000.0,1000.0,1000.0,32.21684960133049,0,0,32.21684960133049,0.0,0.0,0,0
106212,30.0,30.0,19.5,0.0,0.0,0.0,10.6,1.0,1.0,1.0,0.0,0.0,0.0,0.0,0.0,0.0,100.0,100.0,100.0,1000.0,1000.0,1000.0,32.21684960133049,0,0,32.21684960133049,0.0,0.0,0,0
106412,30.0,30.0,19.5,0.0,0.0,0.0,10.6,1.0,1.0,1.0,0.0,0.0,0.0,0.0,0.0,0.0,100.0,100.0,100.0,1000.0,1000.0,1000.0,32.21684960133049,0,0,32.21684960133049,0.0,0.0,0,0
106612,30.5,30.0,20.0,0.0,0.0,0.0,10.6,1.0,1.0,1.0,0.0,0.0,0.0,0.0,0.0,0.0,100.0,100.0,100.0,1000.0,1000.0,1000.0,32.21684960133049,0,0,32.21684960133049,0.0,0.0,0,0
106812,30.5,30.0,20.0,0.0,0.0,0.0,10.6,1.0,1.0,1.0,0.0,0.0,0.0,0.0,0.0,0.0,100.0,100.0,100.0,1000.0,1000.0,1000.0,32.21684960133049,0,0,32.21684960133049,0.0,0.0,0,0
107012,30.5,30.0,19.5,0.0,0.0,0.0,10.7,1.0,1.0,1.0,0.0,0.0,0.0,0.0,0.0,0.0,100.0,100.0,100.0,1000.0,1000.0,1000.0,32.21684960133049,0,0,32.21684960133049,0.0,0.0,0,0
107212,30.5,30.0,19.5,0.0,0.0,0.0,10.7,1.0,1.0,1.0,0.0,0.0,0.0,0.0,0.0,0.0,100.0,100.0,100.0,1000.0,1000.0,1000.0,32.21684960133049,0,0,32.21684960133049,0.0,0.0,0,0
107412,30.5,30.5,19.5,0.0,0.0,0.0,10.7,1.0,1.0,1.0,0.0,0.0,0.0,0.0,0.0,0.0,100.0,100.0,100.0,1000.0,1000.0,1000.0,32.21684960133049,0,0,32.21684960133049,0.0,0.0,0,0
107612,30.5,30.5,19.5,0.0,0.0,0.0,10.7,1.0,1.0,1.0,0.0,0.0,0.0,0.0,0.0,0.0,100.0,100.0,100.0,1000.0,1000.0,1000.0,32.21684960133049,0,0,32.21684960133049,0.0,0.0,0,0
107812,30.5,30.5,19.5,0.0,0.0,0.0,10.7,1.0,1.0,1.0,0.0,0.0,0.0,0.0,0.0,0.0,100.0,100.0,100.0,1000.0,1000.0,1000.0,32.21684960133049,0,0,32.21684960133049,0.0,0.0,0,0
108012,30.5,30.5,19.5,0.0,0.0,0.0,10.8,1.0,1.0,1.0,0.0,0.0,0.0,0.0,0.0,0.0,100.0,100.0,100.0,1000.0,1000.0,1000.0,32.21684960133049,0,0,32.21684960133049,0.0,0.0,0,0
108212,30.5,30.5,19.5,0.0,0.0,0.0,10.8,1.0,1.0,1.0,0.0,0.0,0.0,0.0,0.0,0.0,100.0,100.0,100.0,1000.0,1000.0,1000.0,32.21684960133049,0,0,32.21684960133049,0.0,0.0,0,0
108412,30.5,30.5,19.5,0.0,0.0,0.0,10.8,1.0,1.0,1.0,0.0,0.0,0.0,0.0,0.0,0.0,100.0,100.0,100.0,1000.0,1000.0,1000.0,32.21684960133049,0,0,32.21684960133049,0.0,0.0,0,0
108612,30.5,30.5,19.5,0.0,0.0,0.0,10.8,1.0,1.0,1.0,0.0,0.0,0.0,0.0,0.0,0.0,100.0,100.0,100.0,1000.0,1000.0,1000.0,32.21684960133049,0,0,32.21684960133049,0.0,0.0,0,0
108812,30.5,30.5,19.5,0.0,0.0,0.0,10.8,1.0,1.0,1.0,0.0,0.0,0.0,0.0,0.0,0.0,100.0,100.0,100.0,1000.0,1000.0,1000.0,32.21684960133049,0,0,32.21684960133049,0.0,0.0,0,0
109012,30.5,30.5,19.5,0.0,0.0,0.0,10.9,1.0,1.0,1.0,0.0,0.0,0.0,0.0,0.0,0.0,100.0,100.0,100.0,1000.0,1000.0,1000.0,32.21684960133049,0,0,32.21684960133049,0.0,0.0,0,0
109212,30.5,30.5,19.5,0.0,0.0,0.0,10.9,1.0,1.0,1.0,0.0,0.0,0.0,0.0,0.0,0.0,100.0,100.0,100.0,1000.0,1000.0,1000.0,32.21684960133049,0,0,32.21684960133049,0.0,0.0,0,0
109412,30.5,30.5,19.5,0.0,0.0,0.0,10.9,1.0,1.0,1.0,0.0,0.0,0.0,0.0,0.0,0.0,100.0,100.0,100.0,1000.0,1000.0,1000.0,32.21684960133049,0,0,32.21684960133049,0.0,0.0,0,0
109612,30.5,30.5,20.0,0.0,0.0,0.0,10.9,1.0,1.0,1.0,0.0,0.0,0.0,0.0,0.0,0.0,100.0,100.0,100.0,1000.0,1000.0,1000.0,32.21684960133049,0,0,32.21684960133049,0.0,0.0,0,0
109812,30.5,30.5,20.0,0.0,0.0,0.0,10.9,1.0,1.0,1.0,0.0,0.0,0.0,0.0,0.0,0.0,100.0,100.0,100.0,1000.0,1000.0,1000.0,32.21684960133049,0,0,32.21684960133049,0.0,0.0,0,0
110012,30.5,30.5,20.0,0.0,0.0,0.0,11.0,1.0,1.0,1.0,0.0,0.0,0.0,0.0,0.0,0.0,100.0,100.0,100.0,1000.0,1000.0,1000.0,32.21684960133049,0,0,32.21684960133049,0.0,0.0,0,0
110212,30.5,30.5,20.0,0.0,0.0,0.0,11.0,1.0,1.0,1.0,0.0,0.0,0.0,0.0,0.0,0.0,100.0,100.0,100.0,1000.0,1000.0,1000.0,32.21684960133049,0,0,32.21684960133049,0.0,0.0,0,0
110412,30.5,30.5,20.0,0.0,0.0,0.0,11.0,1.0,1.0,1.0,0.0,0.0,0.0,0.0,0.0,0.0,100.0,100.0,100.0,1000.0,1000.0,1000.0,32.21684960133049,0,0,32.21684960133049,0.0,0.0,0,0
110612,30.5,30.5,20.0,0.0,0.0,0.0,11.0,1.0,1.0,1.0,0.0,0.0,0.0,0.0,0.0,0.0,100.0,100.0,100.0,1000.0,1000.0,1000.0,32.21684960133049,0,0,32.21684960133049,0.0,0.0,0,0
110812,30.5,30.5,20.0,0.0,0.0,0.0,11.0,1.0,1.0,1.0,0.0,0.0,0.0,0.0,0.0,0.0,100.0,100.0,100.0,1000.0,1000.0,1000.0,32.21684960133049,0,0,32.21684960133049,0.0,0.0,0,0
111012,30.5,30.5,19.5,0.0,0.0,0.0,11.1,1.0,1.0,1.0,0.0,0.0,0.0,0.0,0.0,0.0,100.0,100.0,100.0,1000.0,1000.0,1000.0,32.21684960133049,0,0,32.21684960133049,0.0,0.0,0,0
111212,30.5,30.5,19.5,0.0,0.0,0.0,11.1,1.0,1.0,1.0,0.0,0.0,0.0,0.0,0.0,0.0,100.0,100.0,100.0,1000.0,1000.0,1000.0,32.21684960133049,0,0,32.21684960133049,0.0,0.0,0,0
111412,30.5,30.5,19.5,0.0,0.0,0.0,11.1,1.0,1.0,1.0,0.0,0.0,0.0,0.0,0.0,0.0,100.0,100.0,100.0,1000.0,1000.0,1000.0,32.21684960133049,0,0,32.21684960133049,0.0,0.0,0,0
111612,30.5,30.5,19.5,0.0,0.0,0.0,11.1,1.0,1.0,1.0,0.0,0.0,0.0,0.0,0.0,0.0,100.0,100.0,100.0,1000.0,1000.0,1000.0,32.21684960133049,0,0,32.21684960133049,0.0,0.0,0,0
111812,30.5,30.5,19.5,0.0,0.0,0.0,11.1,1.0,1.0,1.0,0.0,0.0,0.0,0.0,0.0,0.0,100.0,100.0,100.0,1000.0,1000.0,1000.0,32.21684960133049,0,0,32.21684960133049,0.0,0.0,0,0
112012,31.0,30.5,19.5,0.0,0.0,0.0,11.2,1.0,1.0,1.0,0.0,0.0,0.0,0.0,0.0,0.0,100.0,100.0,100.0,1000.0,1000.0,1000.0,32.21684960133049,0,0,32.21684960133049,0.0,0.0,0,0
112212,31.0,30.5,19.5,0.0,0.0,0.0,11.2,1.0,1.0,1.0,0.0,0.0,0.0,0.0,0.0,0.0,100.0,100.0,100.0,1000.0,1000.0,1000.0,32.21684960133049,0,0,32.21684960133049,0.0,0.0,0,0
112412,31.0,30.5,19.5,0.0,0.0,0.0,11.2,1.0,1.0,1.0,0.0,0.0,0.0,0.0,0.0,0.0,100.0,100.0,100.0,1000.0,1000.0,1000.0,32.21684960133049,0,0,32.21684960133049,0.0,0.0,0,0
112612,31.0,30.5,19.5,0.0,0.0,0.0,11.2,1.0,1.0,1.0,0.0,0.0,0.0,0.0,0.0,0.0,100.0,100.0,100.0,1000.0,1000.0,1000.0,32.21684960133049,0,0,32.21684960133049,0.0,0.0,0,0
112812,31.0,30.5,19.5,0.0,0.0,0.0,11.2,1.0,1.0,1.0,0.0,0.0,0.0,0.0,0.0,0.0,100.0,100.0,100.0,1000.0,1000.0,1000.0,32.21684960133049,0,0,32.21684960133049,0.0,0.0,0,0
113012,31.0,30.5,19.5,0.0,0.0,0.0,11.3,1.0,1.0,1.0,0.0,0.0,0.0,0.0,0.0,0.0,100.0,100.0,100.0,1000.0,1000.0,1000.0,32.21684960133049,0,0,32.21684960133049,0.0,0.0,0,0
113212,31.0,30.5,19.5,0.0,0.0,0.0,11.3,1.0,1.0,1.0,0.0,0.0,0.0,0.0,0.0,0.0,100.0,100.0,100.0,1000.0,1000.0,1000.0,32.21684960133049,0,0,32.21684960133049,0.0,0.0,0,0
113412,31.0,30.5,19.5,0.0,0.0,0.0,11.3,1.0,1.0,1.0,0.0,0.0,0.0,0.0,0.0,0.0,100.0,100.0,100.0,1000.0,1000.0,1000.0,32.21684960133049,0,0,32.21684960133049,0.0,0.0,0,0
113612,31.0,30.5,19.5,0.0,0.0,0.0,11.3,1.0,1.0,1.0,0.0,0.0,0.0,0.0,0.0,0.0,100.0,100.0,100.0,1000.0,1000.0,1000.0,32.21684960133049,0,0,32.21684960133049,0.0,0.0,0,0
113812,31.0,30.5,19.5,0.0,0.0,0.0,11.3,1.0,1.0,1.0,0.0,0.0,0.0,0.0,0.0,0.0,100.0,100.0,100.0,1000.0,1000.0,1000.0,32.21684960133049,0,0,32.21684960133049,0.0,0.0,0,0
114012,31.0,31.0,19.5,0.0,0.0,0.0,11.4,1.0,1.0,1.0,0.0,0.0,0.0,0.0,0.0,0.0,100.0,100.0,100.0,1000.0,1000.0,1000.0,32.21684960133049,0,0,32.21684960133049,0.0,0.0,0,0
114212,31.0,31.0,19.5,0.0,0.0,0.0,11.4,1.0,1.0,1.0,0.0,0.0,0.0,0.0,0.0,0.0,100.0,100.0,100.0,1000.0,1000.0,1000.0,32.21684960133049,0,0,32.21684960133049,0.0,0.0,0,0
114412,31.0,31.0,19.5,0.0,0.0,0.0,11.4,1.0,1.0,1.0,0.0,0.0,0.0,0.0,0.0,0.0,100.0,100.0,100.0,1000.0,1000.0,1000.0,32.21684960133049,0,0,32.21684960133049,0.0,0.0,0,0
114612,31.0,31.0,19.5,0.0,0.0,0.0,11.4,1.0,1.0,1.0,0.0,0.0,0.0,0.0,0.0,0.0,100.0,100.0,100.0,1000.0,1000.0,1000.0,32.21684960133049,0,0,32.21684960133049,0.0,0.0,0,0
114812,31.0,31.0,19.5,0.0,0.0,0.0,11.4,1.0,1.0,1.0,0.0,0.0,0.0,0.0,0.0,0.0,100.0,100.0,100.0,1000.0,1000.0,1000.0,32.21684960133049,0,0,32.21684960133049,0.0,0.0,0,0
115012,31.0,31.0,20.0,0.0,0.0,0.0,11.5,1.0,1.0,1.0,0.0,0.0,0.0,0.0,0.0,0.0,100.0,100.0,100.0,1000.0,1000.0,1000.0,32.21684960133049,0,0,32.21684960133049,0.0,0.0,0,0
115212,31.0,31.0,20.0,0.0,0.0,0.0,11.5,1.0,1.0,1.0,0.0,0.0,0.0,0.0,0.0,0.0,100.0,100.0,100.0,1000.0,1000.0,1000.0,32.21684960133049,0,0,32.21684960133049,0.0,0.0,0,0
115412,31.0,31.0,20.0,0.0,0.0,0.0,11.5,1.0,1.0,1.0,0.0,0.0,0.0,0.0,0.0,0.0,100.0,100.0,100.0,1000.0,1000.0,1000.0,32.21684960133049,0,0,32.21684960133049,0.0,0.0,0,0
115612,31.0,31.0,20.0,0.0,0.0,0.0,11.5,1.0,1.0,1.0,0.0,0.0,0.0,0.0,0.0,0.0,100.0,100.0,100.0,1000.0,1000.0,1000.0,32.21684960133049,0,0,32.21684960133049,0.0,0.0,0,0
115812,31.0,31.0,20.0,0.0,0.0,0.0,11.5,1.0,1.0,1.0,0.0,0.0,0.0,0.0,0.0,0.0,100.0,100.0,100.0,1000.0,1000.0,1000.0,32.21684960133049,0,0,32.21684960133049,0.0,0.0,0,0
116012,31.0,31.0,19.5,0.0,0.0,0.0,11.6,1.0,1.0,1.0,0.0,0.0,0.0,0.0,0.0,0.0,100.0,100.0,100.0,1000.0,1000.0,1000.0,32.21684960133049,0,0,32.21684960133049,0.0,0.0,0,0
116212,31.0,31.0,19.5,0.0,0.0,0.0,11.6,1.0,1.0,1.0,0.0,0.0,0.0,0.0,0.0,0.0,100.0,100.0,100.0,1000.0,1000.0,1000.0,32.21684960133049,0,0,32.21684960133049,0.0,0.0,0,0
116412,31.0,31.0,19.5,0.0,0.0,0.0,11.6,1.0,1.0,1.0,0.0,0.0,0.0,0.0,0.0,0.0,100.0,100.0,100.0,1000.0,1000.0,1000.0,32.21684960133049,0,0,32.21684960133049,0.0,0.0,0,0
116612,31.0,31.0,20.0,0.0,0.0,0.0,11.6,1.0,1.0,1.0,0.0,0.0,0.0,0.0,0.0,0.0,100.0,100.0,100.0,1000.0,1000.0,1000.0,32.21684960133049,0,0,32.21684960133049,0.0,0.0,0,0
116812,31.0,31.0,20.0,0.0,0.0,0.0,11.6,1.0,1.0,1.0,0.0,0.0,0.0,0.0,0.0,0.0,100.0,100.0,100.0,1000.0,1000.0,1000.0,32.21684960133049,0,0,32.21684960133049,0.0,0.0,0,0
117012,31.0,31.0,19.5,0.0,0.0,0.0,11.7,1.0,1.0,1.0,0.0,0.0,0.0,0.0,0.0,0.0,100.0,100.0,100.0,1000.0,1000.0,1000.0,32.21684960133049,0,0,32.21684960133049,0.0,0.0,0,0
117212,31.0,31.0,19.5,0.0,0.0,0.0,11.7,1.0,1.0,1.0,0.0,0.0,0.0,0.0,0.0,0.0,100.0,100.0,100.0,1000.0,1000.0,1000.0,32.21684960133049,0,0,32.21684960133049,0.0,0.0,0,0
117412,31.0,31.0,19.5,0.0,0.0,0.0,11.7,1.0,1.0,1.0,0.0,0.0,0.0,0.0,0.0,0.0,100.0,100.0,100.0,1000.0,1000.0,1000.0,32.21684960133049,0,0,32.21684960133049,0.0,0.0,0,0
117612,31.0,31.0,19.5,0.0,0.0,0.0,11.7,1.0,1.0,1.0,0.0,0.0,0.0,0.0,0.0,0.0,100.0,100.0,100.0,1000.0,1000.0,1000.0,32.21684960133049,0,0,32.21684960133049,0.0,0.0,0,0
117812,31.0,31.0,19.5,0.0,0.0,0.0,11.7,1.0,1.0,1.0,0.0,0.0,0.0,0.0,0.0,0.0,100.0,100.0,100.0,1000.0,1000.0,1000.0,32.21684960133049,0,0,32.21684960133049,0.0,0.0,0,0
118012,31.0,31.0,19.5,0.0,0.0,0.0,11.8,1.0,1.0,1.0,0.0,0.0,0.0,0.0,0.0,0.0,100.0,100.0,100.0,1000.0,1000.0,1000.0,32.21684960133049,0,0,32.21684960133049,0.0,0.0,0,0
118212,31.0,31.0,19.5,0.0,0.0,0.0,11.8,1.0,1.0,1.0,0.0,0.0,0.0,0.0,0.0,0.0,100.0,100.0,100.0,1000.0,1000.0,1000.0,32.21684960133049,0,0,32.21684960133049,0.0,0.0,0,0
118412,31.0,31.0,19.5,0.0,0.0,0.0,11.8,1.0,1.0,1.0,0.0,0.0,0.0,0.0,0.0,0.0,100.0,100.0,100.0,1000.0,1000.0,1000.0,32.21684960133049,0,0,32.21684960133049,0.0,0.0,0,0
118612,31.5,31.0,19.5,0.0,0.0,0.0,11.8,1.0,1.0,1.0,0.0,0.0,0.0,0.0,0.0,0.0,100.0,100.0,100.0,1000.0,1000.0,1000.0,32.21684960133049,0,0,32.21684960133049,0.0,0.0,0,0
118812,31.5,31.0,19.5,0.0,0.0,0.0,11.8,1.0,1.0,1.0,0.0,0.0,0.0,0.0,0.0,0.0,100.0,100.0,100.0,1000.0,1000.0,1000.0,32.21684960133049,0,0,32.21684960133049,0.0,0.0,0,0
119012,31.5,31.5,19.5,0.0,0.0,0.0,11.9,1.0,1.0,1.0,0.0,0.0,0.0,0.0,0.0,0.0,100.0,100.0,100.0,1000.0,1000.0,1000.0,32.21684960133049,0,0,32.21684960133049,0.0,0.0,0,0
119212,31.5,31.5,19.5,0.0,0.0,0.0,11.9,1.0,1.0,1.0,0.0,0.0,0.0,0.0,0.0,0.0,100.0,100.0,100.0,1000.0,1000.0,1000.0,32.21684960133049,0,0,32.21684960133049,0.0,0.0,0,0
119412,31.5,31.5,19.5,0.0,0.0,0.0,11.9,1.0,1.0,1.0,0.0,0.0,0.0,0.0,0.0,0.0,100.0,100.0,100.0,1000.0,1000.0,1000.0,32.21684960133049,0,0,32.21684960133049,0.0,0.0,0,0
119612,31.5,31.5,19.5,0.0,0.0,0.0,11.9,1.0,1.0,1.0,0.0,0.0,0.0,0.0,0.0,0.0,100.0,100.0,100.0,1000.0,1000.0,1000.0,32.21684960133049,0,0,32.21684960133049,0.0,0.0,0,0
119812,31.5,31.5,19.5,0.0,0.0,0.0,11.9,1.0,1.0,1.0,0.0,0.0,0.0,0.0,0.0,0.0,100.0,100.0,100.0,1000.0,1000.0,1000.0,32.21684960133049,0,0,32.21684960133049,0.0,0.0,0,0
120012,31.5,31.5,19.5,0.0,0.0,0.0,12.0,1.0,1.0,1.0,0.0,0.0,0.0,0.0,0.0,0.0,100.0,100.0,100.0,1000.0,1000.0,1000.0,32.21684960133049,0,0,32.21684960133049,0.0,0.0,0,0
120212,31.5,31.5,19.5,0.0,0.0,0.0,12.0,1.0,1.0,1.0,0.0,0.0,0.0,0.0,0.0,0.0,100.0,100.0,100.0,1000.0,1000.0,1000.0,33.67640898562343,0,0,33.67640898562343,0.0,0.0,1,0
120412,31.5,31.5,19.5,0.0,0.0,0.0,12.0,1.0,1.0,1.0,0.0,0.0,0.0,0.0,0.0,0.0,100.0,100.0,100.0,1000.0,1000.0,1000.0,33.67640898562343,0,0,33.67640898562343,0.0,0.0,0,0
120612,31.5,31.5,19.5,0.0,0.0,0.0,12.0,1.0,1.0,1.0,0.0,0.0,0.0,0.0,0.0,0.0,100.0,100.0,100.0,1000.0,1000.0,1000.0,33.67640898562343,0,0,33.67640898562343,0.0,0.0,0,0
120812,31.5,31.5,19.5,0.0,0.0,0.0,12.0,1.0,1.0,1.0,0.0,0.0,0.0,0.0,0.0,0.0,100.0,100.0,100.0,1000.0,1000.0,1000.0,33.67640898562343,0,0,33.67640898562343,0.0,0.0,0,0
121012,31.5,31.5,19.5,0.0,0.0,0.0,12.1,1.0,1.0,1.0,0.0,0.0,0.0,0.0,0.0,0.0,100.0,100.0,100.0,1000.0,1000.0,1000.0,33.67640898562343,0,0,33.67640898562343,0.0,0.0,0,0
121212,31.5,31.5,19.5,0.0,0.0,0.0,12.1,1.0,1.0,1.0,0.0,0.0,0.0,0.0,0.0,0.0,100.0,100.0,100.0,1000.0,1000.0,1000.0,33.67640898562343,0,0,33.67640898562343,0.0,0.0,0,0
121412,31.5,31.5,19.5,0.0,0.0,0.0,12.1,1.0,1.0,1.0,0.0,0.0,0.0,0.0,0.0,0.0,100.0,100.0,100.0,1000.0,1000.0,1000.0,33.67640898562343,0,0,33.67640898562343,0.0,0.0,0,0
121612,31.5,31.5,20.0,0.0,0.0,0.0,12.1,1.0,1.0,1.0,0.0,0.0,0.0,0.0,0.0,0.0,100.0,100.0,100.0,1000.0,1000.0,1000.0,33.67640898562343,0,0,33.67640898562343,0.0,0.0,0,0
121812,31.5,31.5,20.0,0.0,0.0,0.0,12.1,1.0,1.0,1.0,0.0,0.0,0.0,0.0,0.0,0.0,100.0,100.0,100.0,1000.0,1000.0,1000.0,33.67640898562343,0,0,33.67640898562343,0.0,0.0,0,0
122012,31.5,31.5,20.0,0.0,0.0,0.0,12.2,1.0,1.0,1.0,0.0,0.0,0.0,0.0,0.0,0.0,100.0,100.0,100.0,1000.0,1000.0,1000.0,33.67640898562343,0,0,33.67640898562343,0.0,0.0,0,0
122212,31.5,31.5,20.0,0.0,0.0,0.0,12.2,1.0,1.0,1.0,0.0,0.0,0.0,0.0,0.0,0.0,100.0,100.0,100.0,1000.0,1000.0,1000.0,33.67640898562343,0,0,33.67640898562343,0.0,0.0,0,0
122412,31.5,31.5,20.0,0.0,0.0,0.0,12.2,1.0,1.0,1.0,0.0,0.0,0.0,0.0,0.0,0.0,100.0,100.0,100.0,1000.0,1000.0,1000.0,33.67640898562343,0,0,33.67640898562343,0.0,0.0,0,0
122612,31.5,31.5,20.0,0.0,0.0,0.0,12.2,1.0,1.0,1.0,0.0,0.0,0.0,0.0,0.0,0.0,100.0,100.0,100.0,1000.0,1000.0,1000.0,33.67640898562343,0,0,33.67640898562343,0.0,0.0,0,0
122812,31.5,31.5,20.0,0.0,0.0,0.0,12.2,1.0,1.0,1.0,0.0,0.0,0.0,0.0,0.0,0.0,100.0,100.0,100.0,1000.0,1000.0,1000.0,33.67640898562343,0,0,33.67640898562343,0.0,0.0,0,0
123012,31.5,31.5,19.5,0.0,0.0,0.0,12.3,1.0,1.0,1.0,0.0,0.0,0.0,0.0,0.0,0.0,100.0,100.0,100.0,1000.0,1000.0,1000.0,33.67640898562343,0,0,33.67640898562343,0.0,0.0,0,0
123212,31.5,31.5,19.5,0.0,0.0,0.0,12.3,1.0,1.0,1.0,0.0,0.0,0.0,0.0,0.0,0.0,100.0,100.0,100.0,1000.0,1000.0,1000.0,33.67640898562343,0,0,33.67640898562343,0.0,0.0,0,0
123412,31.5,31.5,19.5,0.0,0.0,0.0,12.3,1.0,1.0,1.0,0.0,0.0,0.0,0.0,0.0,0.0,100.0,100.0,100.0,1000.0,1000.0,1000.0,33.67640898562343,0,0,33.67640898562343,0.0,0.0,0,0
123612,32.0,31.5,20.0,0.0,0.0,0.0,12.3,1.0,1.0,1.0,0.0,0.0,0.0,0.0,0.0,0.0,100.0,100.0,100.0,1000.0,1000.0,1000.0,33.67640898562343,0,0,33.67640898562343,0.0,0.0,0,0
123812,32.0,31.5,20.0,0.0,0.0,0.0,12.3,1.0,1.0,1.0,0.0,0.0,0.0,0.0,0.0,0.0,100.0,100.0,100.0,1000.0,1000.0,1000.0,33.67640898562343,0,0,33.67640898562343,0.0,0.0,0,0
124012,32.0,32.0,19.5,0.0,0.0,0.0,12.4,1.0,1.0,1.0,0.0,0.0,0.0,0.0,0.0,0.0,100.0,100.0,100.0,1000.0,1000.0,1000.0,33.67640898562343,0,0,33.67640898562343,0.0,0.0,0,0
124212,32.0,32.0,19.5,0.0,0.0,0.0,12.4,1.0,1.0,1.0,0.0,0.0,0.0,0.0,0.0,0.0,100.0,100.0,100.0,1000.0,1000.0,1000.0,33.67640898562343,0,0,33.67640898562343,0.0,0.0,0,0
124412,32.0,32.0,19.5,0.0,0.0,0.0,12.4,1.0,1.0,1.0,0.0,0.0,0.0,0.0,0.0,0.0,100.0,100.0,100.0,1000.0,1000.0,1000.0,33.67640898562343,0,0,33.67640898562343,0.0,0.0,0,0
124612,32.0,32.0,19.5,0.0,0.0,0.0,12.4,1.0,1.0,1.0,0.0,0.0,0.0,0.0,0.0,0.0,100.0,100.0,100.0,1000.0,1000.0,1000.0,33.67640898562343,0,0,33.67640898562343,0.0,0.0,0,0
124812,32.0,32.0,19.5,0.0,0.0,0.0,12.4,1.0,1.0,1.0,0.0,0.0,0.0,0.0,0.0,0.0,100.0,100.0,100.0,1000.0,1000.0,1000.0,33.67640898562343,0,0,33.67640898562343,0.0,0.0,0,0
125012,32.0,32.0,20.0,0.0,0.0,0.0,12.5,1.0,1.0,1.0,0.0,0.0,0.0,0.0,0.0,0.0,100.0,100.0,100.0,1000.0,1000.0,1000.0,33.67640898562343,0,0,33.67640898562343,0.0,0.0,0,0
125212,32.0,32.0,20.0,0.0,0.0,0.0,12.5,1.0,1.0,1.0,0.0,0.0,0.0,0.0,0.0,0.0,100.0,100.0,100.0,1000.0,1000.0,1000.0,33.67640898562343,0,0,33.67640898562343,0.0,0.0,0,0
125412,32.0,32.0,20.0,0.0,0.0,0.0,12.5,1.0,1.0,1.0,0.0,0.0,0.0,0.0,0.0,0.0,100.0,100.0,100.0,1000.0,1000.0,1000.0,33.67640898562343,0,0,33.67640898562343,0.0,0.0,0,0
125612,32.0,32.0,20.0,0.0,0.0,0.0,12.5,1.0,1.0,1.0,0.0,0.0,0.0,0.0,0.0,0.0,100.0,100.0,100.0,1000.0,1000.0,1000.0,33.67640898562343,0,0,33.67640898562343,0.0,0.0,0,0
125812,32.0,32.0,20.0,0.0,0.0,0.0,12.5,1.0,1.0,1.0,0.0,0.0,0.0,0.0,0.0,0.0,100.0,100.0,100.0,1000.0,1000.0,1000.0,33.67640898562343,0,0,33.67640898562343,0.0,0.0,0,0
126012,32.0,32.0,20.0,0.0,0.0,0.0,12.6,1.0,1.0,1.0,0.0,0.0,0.0,0.0,0.0,0.0,100.0,100.0,100.0,1000.0,1000.0,1000.0,33.67640898562343,0,0,33.67640898562343,0.0,0.0,0,0
126212,32.0,32.0,20.0,0.0,0.0,0.0,12.6,1.0,1.0,1.0,0.0,0.0,0.0,0.0,0.0,0.0,100.0,100.0,100.0,1000.0,1000.0,1000.0,33.67640898562343,0,0,33.67640898562343,0.0,0.0,0,0
126412,32.0,32.0,20.0,0.0,0.0,0.0,12.6,1.0,1.0,1.0,0.0,0.0,0.0,0.0,0.0,0.0,100.0,100.0,100.0,1000.0,1000.0,1000.0,33.67640898562343,0,0,33.67640898562343,0.0,0.0,0,0
126612,32.0,32.0,20.0,0.0,0.0,0.0,12.6,1.0,1.0,1.0,0.0,0.0,0.0,0.0,0.0,0.0,100.0,100.0,100.0,1000.0,1000.0,1000.0,33.67640898562343,0,0,33.67640898562343,0.0,0.0,0,0
126812,32.0,32.0,20.0,0.0,0.0,0.0,12.6,1.0,1.0,1.0,0.0,0.0,0.0,0.0,0.0,0.0,100.0,100.0,100.0,1000.0,1000.0,1000.0,33.67640898562343,0,0,33.67640898562343,0.0,0.0,0,0
127012,32.0,32.0,20.0,0.0,0.0,0.0,12.7,1.0,1.0,1.0,0.0,0.0,0.0,0.0,0.0,0.0,100.0,100.0,100.0,1000.0,1000.0,1000.0,33.67640898562343,0,0,33.67640898562343,0.0,0.0,0,0
127212,32.0,32.0,20.0,0.0,0.0,0.0,12.7,1.0,1.0,1.0,0.0,0.0,0.0,0.0,0.0,0.0,100.0,100.0,100.0,1000.0,1000.0,1000.0,33.67640898562343,0,0,33.67640898562343,0.0,0.0,0,0
127412,32.0,32.0,20.0,0.0,0.0,0.0,12.7,1.0,1.0,1.0,0.0,0.0,0.0,0.0,0.0,0.0,100.0,100.0,100.0,1000.0,1000.0,1000.0,33.67640898562343,0,0,33.67640898562343,0.0,0.0,0,0
127612,32.0,32.0,20.0,0.0,0.0,0.0,12.7,1.0,1.0,1.0,0.0,0.0,0.0,0.0,0.0,0.0,100.0,100.0,100.0,1000.0,1000.0,1000.0,33.67640898562343,0,0,33.67640898562343,0.0,0.0,0,0
127812,32.0,32.0,20.0,0.0,0.0,0.0,12.7,1.0,1.0,1.0,0.0,0.0,0.0,0.0,0.0,0.0,100.0,100.0,100.0,1000.0,1000.0,1000.0,33.67640898562343,0,0,33.67640898562343,0.0,0.0,0,0
128012,32.0,32.0,20.0,0.0,0.0,0.0,12.8,1.0,1.0,1.0,0.0,0.0,0.0,0.0,0.0,0.0,100.0,100.0,100.0,1000.0,1000.0,1000.0,33.67640898562343,0,0,33.67640898562343,0.0,0.0,0,0
128212,32.0,32.0,20.0,0.0,0.0,0.0,12.8,1.0,1.0,1.0,0.0,0.0,0.0,0.0,0.0,0.0,100.0,100.0,100.0,1000.0,1000.0,1000.0,33.67640898562343,0,0,33.67640898562343,0.0,0.0,0,0
128412,32.0,32.0,20.0,0.0,0.0,0.0,12.8,1.0,1.0,1.0,0.0,0.0,0.0,0.0,0.0,0.0,100.0,100.0,100.0,1000.0,1000.0,1000.0,33.67640898562343,0,0,33.67640898562343,0.0,0.0,0,0
128612,32.5,32.0,20.0,0.0,0.0,0.0,12.8,1.0,1.0,1.0,0.0,0.0,0.0,0.0,0.0,0.0,100.0,100.0,100.0,1000.0,1000.0,1000.0,33.67640898562343,0,0,33.67640898562343,0.0,0.0,0,0
128812,32.5,32.0,20.0,0.0,0.0,0.0,12.8,1.0,1.0,1.0,0.0,0.0,0.0,0.0,0.0,0.0,100.0,100.0,100.0,1000.0,1000.0,1000.0,33.67640898562343,0,0,33.67640898562343,0.0,0.0,0,0
129012,32.5,32.5,20.0,0.0,0.0,0.0,12.9,1.0,1.0,1.0,0.0,0.0,0.0,0.0,0.0,0.0,100.0,100.0,100.0,1000.0,1000.0,1000.0,33.67640898562343,0,0,33.67640898562343,0.0,0.0,0,0
129212,32.5,32.5,20.0,0.0,0.0,0.0,12.9,1.0,1.0,1.0,0.0,0.0,0.0,0.0,0.0,0.0,100.0,100.0,100.0,1000.0,1000.0,1000.0,33.67640898562343,0,0,33.67640898562343,0.0,0.0,0,0
129412,32.5,32.5,20.0,0.0,0.0,0.0,12.9,1.0,1.0,1.0,0.0,0.0,0.0,0.0,0.0,0.0,100.0,100.0,100.0,1000.0,1000.0,1000.0,33.67640898562343,0,0,33.67640898562343,0.0,0.0,0,0
129612,32.5,32.5,20.0,0.0,0.0,0.0,12.9,1.0,1.0,1.0,0.0,0.0,0.0,0.0,0.0,0.0,100.0,100.0,100.0,1000.0,1000.0,1000.0,33.67640898562343,0,0,33.67640898562343,0.0,0.0,0,0
129812,32.5,32.5,20.0,0.0,0.0,0.0,12.9,1.0,1.0,1.0,0.0,0.0,0.0,0.0,0.0,0.0,100.0,100.0,100.0,1000.0,1000.0,1000.0,33.67640898562343,0,0,33.67640898562343,0.0,0.0,0,0
130012,32.5,32.5,20.0,0.0,0.0,0.0,13.0,1.0,1.0,1.0,0.0,0.0,0.0,0.0,0.0,0.0,100.0,100.0,100.0,1000.0,1000.0,1000.0,33.67640898562343,0,0,33.67640898562343,0.0,0.0,0,0
130212,32.5,32.5,20.0,0.0,0.0,0.0,13.0,1.0,1.0,1.0,0.0,0.0,0.0,0.0,0.0,0.0,100.0,100.0,100.0,1000.0,1000.0,1000.0,33.67640898562343,0,0,33.67640898562343,0.0,0.0,0,0
130412,32.5,32.5,20.0,0.0,0.0,0.0,13.0,1.0,1.0,1.0,0.0,0.0,0.0,0.0,0.0,0.0,100.0,100.0,100.0,1000.0,1000.0,1000.0,33.67640898562343,0,0,33.67640898562343,0.0,0.0,0,0
130612,32.5,32.5,20.0,0.0,0.0,0.0,13.0,1.0,1.0,1.0,0.0,0.0,0.0,0.0,0.0,0.0,100.0,100.0,100.0,1000.0,1000.0,1000.0,33.67640898562343,0,0,33.67640898562343,0.0,0.0,0,0
130812,32.5,32.5,20.0,0.0,0.0,0.0,13.0,1.0,1.0,1.0,0.0,0.0,0.0,0.0,0.0,0.0,100.0,100.0,100.0,1000.0,1000.0,1000.0,33.67640898562343,0,0,33.67640898562343,0.0,0.0,0,0
131012,32.5,32.5,20.0,0.0,0.0,0.0,13.1,1.0,1.0,1.0,0.0,0.0,0.0,0.0,0.0,0.0,100.0,100.0,100.0,1000.0,1000.0,1000.0,33.67640898562343,0,0,33.67640898562343,0.0,0.0,0,0
131212,32.5,32.5,20.0,0.0,0.0,0.0,13.1,1.0,1.0,1.0,0.0,0.0,0.0,0.0,0.0,0.0,100.0,100.0,100.0,1000.0,1000.0,1000.0,33.67640898562343,0,0,33.67640898562343,0.0,0.0,0,0
131412,32.5,32.5,20.0,0.0,0.0,0.0,13.1,1.0,1.0,1.0,0.0,0.0,0.0,0.0,0.0,0.0,100.0,100.0,100.0,1000.0,1000.0,1000.0,33.67640898562343,0,0,33.67640898562343,0.0,0.0,0,0
131612,32.5,32.5,20.0,0.0,0.0,0.0,13.1,1.0,1.0,1.0,0.0,0.0,0.0,0.0,0.0,0.0,100.0,100.0,100.0,1000.0,1000.0,1000.0,33.67640898562343,0,0,33.67640898562343,0.0,0.0,0,0
131812,32.5,32.5,20.0,0.0,0.0,0.0,13.1,1.0,1.0,1.0,0.0,0.0,0.0,0.0,0.0,0.0,100.0,100.0,100.0,1000.0,1000.0,1000.0,33.67640898562343,0,0,33.67640898562343,0.0,0.0,0,0
132012,32.5,32.5,20.0,0.0,0.0,0.0,13.2,1.0,1.0,1.0,0.0,0.0,0.0,0.0,0.0,0.0,100.0,100.0,100.0,1000.0,1000.0,1000.0,33.67640898562343,0,0,33.67640898562343,0.0,0.0,0,0
132212,32.5,32.5,20.0,0.0,0.0,0.0,13.2,1.0,1.0,1.0,0.0,0.0,0.0,0.0,0.0,0.0,100.0,100.0,100.0,1000.0,1000.0,1000.0,33.67640898562343,0,0,33.67640898562343,0.0,0.0,0,0
132412,32.5,32.5,20.0,0.0,0.0,0.0,13.2,1.0,1.0,1.0,0.0,0.0,0.0,0.0,0.0,0.0,100.0,100.0,100.0,1000.0,1000.0,1000.0,33.67640898562343,0,0,33.67640898562343,0.0,0.0,0,0
132612,32.5,32.5,20.0,0.0,0.0,0.0,13.2,1.0,1.0,1.0,0.0,0.0,0.0,0.0,0.0,0.0,100.0,100.0,100.0,1000.0,1000.0,1000.0,33.67640898562343,0,0,33.67640898562343,0.0,0.0,0,0
132812,32.5,32.5,20.0,0.0,0.0,0.0,13.2,1.0,1.0,1.0,0.0,0.0,0.0,0.0,0.0,0.0,100.0,100.0,100.0,1000.0,1000.0,1000.0,33.67640898562343,0,0,33.67640898562343,0.0,0.0,0,0
133012,33.0,32.5,20.0,0.0,0.0,0.0,13.3,1.0,1.0,1.0,0.0,0.0,0.0,0.0,0.0,0.0,100.0,100.0,100.0,1000.0,1000.0,1000.0,33.67640898562343,0,0,33.67640898562343,0.0,0.0,0,0
133212,33.0,32.5,20.0,0.0,0.0,0.0,13.3,1.0,1.0,1.0,0.0,0.0,0.0,0.0,0.0,0.0,100.0,100.0,100.0,1000.0,1000.0,1000.0,33.67640898562343,0,0,33.67640898562343,0.0,0.0,0,0
133412,33.0,33.0,20.0,0.0,0.0,0.0,13.3,1.0,1.0,1.0,0.0,0.0,0.0,0.0,0.0,0.0,100.0,100.0,100.0,1000.0,1000.0,1000.0,33.67640898562343,0,0,33.67640898562343,0.0,0.0,0,0
133612,33.0,33.0,20.0,0.0,0.0,0.0,13.3,1.0,1.0,1.0,0.0,0.0,0.0,0.0,0.0,0.0,100.0,100.0,100.0,1000.0,1000.0,1000.0,33.67640898562343,0,0,33.67640898562343,0.0,0.0,0,0
133812,33.0,33.0,20.0,0.0,0.0,0.0,13.3,1.0,1.0,1.0,0.0,0.0,0.0,0.0,0.0,0.0,100.0,100.0,100.0,1000.0,1000.0,1000.0,33.67640898562343,0,0,33.67640898562343,0.0,0.0,0,0
134012,33.0,33.0,20.0,0.0,0.0,0.0,13.4,1.0,1.0,1.0,0.0,0.0,0.0,0.0,0.0,0.0,100.0,100.0,100.0,1000.0,1000.0,1000.0,33.67640898562343,0,0,33.67640898562343,0.0,0.0,0,0
134212,33.0,33.0,20.0,0.0,0.0,0.0,13.4,1.0,1.0,1.0,0.0,0.0,0.0,0.0,0.0,0.0,100.0,100.0,100.0,1000.0,1000.0,1000.0,33.67640898562343,0,0,33.67640898562343,0.0,0.0,0,0
134412,33.0,33.0,20.0,0.0,0.0,0.0,13.4,1.0,1.0,1.0,0.0,0.0,0.0,0.0,0.0,0.0,100.0,100.0,100.0,1000.0,1000.0,1000.0,33.67640898562343,0,0,33.67640898562343,0.0,0.0,0,0
134612,33.0,33.0,20.0,0.0,0.0,0.0,13.4,1.0,1.0,1.0,0.0,0.0,0.0,0.0,0.0,0.0,100.0,100.0,100.0,1000.0,1000.0,1000.0,33.67640898562343,0,0,33.67640898562343,0.0,0.0,0,0
134812,33.0,33.0,20.0,0.0,0.0,0.0,13.4,1.0,1.0,1.0,0.0,0.0,0.0,0.0,0.0,0.0,100.0,100.0,100.0,1000.0,1000.0,1000.0,33.67640898562343,0,0,33.67640898562343,0.0,0.0,0,0
135012,33.0,33.0,20.0,0.0,0.0,0.0,13.5,1.0,1.0,1.0,0.0,0.0,0.0,0.0,0.0,0.0,100.0,100.0,100.0,1000.0,1000.0,1000.0,33.67640898562343,0,0,33.67640898562343,0.0,0.0,0,0
135212,33.0,33.0,20.0,0.0,0.0,0.0,13.5,1.0,1.0,1.0,0.0,0.0,0.0,0.0,0.0,0.0,100.0,100.0,100.0,1000.0,1000.0,1000.0,40.60893726074162,0,0,40.60893726074162,0.0,0.0,1,0
135412,33.0,33.0,20.0,0.0,0.0,0.0,13.5,1.0,1.0,1.0,0.0,0.0,0.0,0.0,0.0,0.0,100.0,100.0,100.0,1000.0,1000.0,1000.0,40.60893726074162,0,0,40.60893726074162,0.0,0.0,0,0
135612,33.0,33.0,20.0,0.0,0.0,0.0,13.5,1.0,1.0,1.0,0.0,0.0,0.0,0.0,0.0,0.0,100.0,100.0,100.0,1000.0,1000.0,1000.0,40.60893726074162,0,0,40.60893726074162,0.0,0.0,0,0
135812,33.0,33.0,20.0,0.0,0.0,0.0,13.5,1.0,1.0,1.0,0.0,0.0,0.0,0.0,0.0,0.0,100.0,100.0,100.0,1000.0,1000.0,1000.0,40.60893726074162,0,0,40.60893726074162,0.0,0.0,0,0
136012,33.0,33.0,20.0,0.0,0.0,0.0,13.6,1.0,1.0,1.0,0.0,0.0,0.0,0.0,0.0,0.0,100.0,100.0,100.0,1000.0,1000.0,1000.0,40.60893726074162,0,0,40.60893726074162,0.0,0.0,0,0
136212,33.0,33.0,20.0,0.0,0.0,0.0,13.6,1.0,1.0,1.0,0.0,0.0,0.0,0.0,0.0,0.0,100.0,100.0,100.0,1000.0,1000.0,1000.0,40.60893726074162,0,0,40.60893726074162,0.0,0.0,0,0
136412,33.0,33.0,20.0,0.0,0.0,0.0,13.6,1.0,1.0,1.0,0.0,0.0,0.0,0.0,0.0,0.0,100.0,100.0,100.0,1000.0,1000.0,1000.0,40.60893726074162,0,0,40.60893726074162,0.0,0.0,0,0
136612,33.0,33.0,20.0,0.0,0.0,0.0,13.6,1.0,1.0,1.0,0.0,0.0,0.0,0.0,0.0,0.0,100.0,100.0,100.0,1000.0,1000.0,1000.0,40.60893726074162,0,0,40.60893726074162,0.0,0.0,0,0
136812,33.0,33.0,20.0,0.0,0.0,0.0,13.6,1.0,1.0,1.0,0.0,0.0,0.0,0.0,0.0,0.0,100.0,100.0,100.0,1000.0,1000.0,1000.0,40.60893726074162,0,0,40.60893726074162,0.0,0.0,0,0
137012,33.0,33.0,20.0,0.0,0.0,0.0,13.7,1.0,1.0,1.0,0.0,0.0,0.0,0.0,0.0,0.0,100.0,100.0,100.0,1000.0,1000.0,1000.0,40.60893726074162,0,0,40.60893726074162,0.0,0.0,0,0
137212,33.0,33.0,20.0,0.0,0.0,0.0,13.7,1.0,1.0,1.0,0.0,0.0,0.0,0.0,0.0,0.0,100.0,100.0,100.0,1000.0,1000.0,1000.0,40.60893726074162,0,0,40.60893726074162,0.0,0.0,0,0
137412,33.0,33.0,20.0,0.0,0.0,0.0,13.7,1.0,1.0,1.0,0.0,0.0,0.0,0.0,0.0,0.0,100.0,100.0,100.0,1000.0,1000.0,1000.0,40.60893726074162,0,0,40.60893726074162,0.0,0.0,0,0
137612,33.0,33.0,20.0,0.0,0.0,0.0,13.7,1.0,1.0,1.0,0.0,0.0,0.0,0.0,0.0,0.0,100.0,100.0,100.0,1000.0,1000.0,1000.0,40.60893726074162,0,0,40.60893726074162,0.0,0.0,0,0
137812,33.0,33.0,20.0,0.0,0.0,0.0,13.7,1.0,1.0,1.0,0.0,0.0,0.0,0.0,0.0,0.0,100.0,100.0,100.0,1000.0,1000.0,1000.0,40.60893726074162,0,0,40.60893726074162,0.0,0.0,0,0
138012,33.0,33.0,20.0,0.0,0.0,0.0,13.8,1.0,1.0,1.0,0.0,0.0,0.0,0.0,0.0,0.0,100.0,100.0,100.0,1000.0,1000.0,1000.0,40.60893726074162,0,0,40.60893726074162,0.0,0.0,0,0
138212,33.0,33.0,20.0,0.0,0.0,0.0,13.8,1.0,1.0,1.0,0.0,0.0,0.0,0.0,0.0,0.0,100.0,100.0,100.0,1000.0,1000.0,1000.0,40.60893726074162,0,0,40.60893726074162,0.0,0.0,0,0
138412,33.0,33.0,20.0,0.0,0.0,0.0,13.8,1.0,1.0,1.0,0.0,0.0,0.0,0.0,0.0,0.0,100.0,100.0,100.0,1000.0,1000.0,1000.0,40.60893726074162,0,0,40.60893726074162,0.0,0.0,0,0
138612,33.5,33.0,20.0,0.0,0.0,0.0,13.8,1.0,1.0,1.0,0.0,0.0,0.0,0.0,0.0,0.0,100.0,100.0,100.0,1000.0,1000.0,1000.0,40.60893726074162,0,0,40.60893726074162,0.0,0.0,0,0
138812,33.5,33.0,20.0,0.0,0.0,0.0,13.8,1.0,1.0,1.0,0.0,0.0,0.0,0.0,0.0,0.0,100.0,100.0,100.0,1000.0,1000.0,1000.0,40.60893726074162,0,0,40.60893726074162,0.0,0.0,0,0
139012,33.5,33.5,20.0,0.0,0.0,0.0,13.9,1.0,1.0,1.0,0.0,0.0,0.0,0.0,0.0,0.0,100.0,100.0,100.0,1000.0,1000.0,1000.0,40.60893726074162,0,0,40.60893726074162,0.0,0.0,0,0
139212,33.5,33.5,20.0,0.0,0.0,0.0,13.9,1.0,1.0,1.0,0.0,0.0,0.0,0.0,0.0,0.0,100.0,100.0,100.0,1000.0,1000.0,1000.0,40.60893726074162,0,0,40.60893726074162,0.0,0.0,0,0
139412,33.5,33.5,20.0,0.0,0.0,0.0,13.9,1.0,1.0,1.0,0.0,0.0,0.0,0.0,0.0,0.0,100.0,100.0,100.0,1000.0,1000.0,1000.0,40.60893726074162,0,0,40.60893726074162,0.0,0.0,0,0
139612,33.5,33.5,20.0,0.0,0.0,0.0,13.9,1.0,1.0,1.0,0.0,0.0,0.0,0.0,0.0,0.0,100.0,100.0,100.0,1000.0,1000.0,1000.0,40.60893726074162,0,0,40.60893726074162,0.0,0.0,0,0
139812,33.5,33.5,20.0,0.0,0.0,0.0,13.9,1.0,1.0,1.0,0.0,0.0,0.0,0.0,0.0,0.0,100.0,100.0,100.0,1000.0,1000.0,1000.0,40.60893726074162,0,0,40.60893726074162,0.0,0.0,0,0
140012,33.5,33.5,20.0,0.0,0.0,0.0,14.0,1.0,1.0,1.0,0.0,0.0,0.0,0.0,0.0,0.0,100.0,100.0,100.0,1000.0,1000.0,1000.0,40.60893726074162,0,0,40.60893726074162,0.0,0.0,0,0
140212,33.5,33.5,20.0,0.0,0.0,0.0,14.0,1.0,1.0,1.0,0.0,0.0,0.0,0.0,0.0,0.0,100.0,100.0,100.0,1000.0,1000.0,1000.0,40.60893726074162,0,0,40.60893726074162,0.0,0.0,0,0
140412,33.5,33.5,20.0,0.0,0.0,0.0,14.0,1.0,1.0,1.0,0.0,0.0,0.0,0.0,0.0,0.0,100.0,100.0,100.0,1000.0,1000.0,1000.0,40.60893726074162,0,0,40.60893726074162,0.0,0.0,0,0
140612,33.5,33.5,20.0,0.0,0.0,0.0,14.0,1.0,1.0,1.0,0.0,0.0,0.0,0.0,0.0,0.0,100.0,100.0,100.0,1000.0,1000.0,1000.0,40.60893726074162,0,0,40.60893726074162,0.0,0.0,0,0
140812,33.5,33.5,20.0,0.0,0.0,0.0,14.0,1.0,1.0,1.0,0.0,0.0,0.0,0.0,0.0,0.0,100.0,100.0,100.0,1000.0,1000.0,1000.0,40.60893726074162,0,0,40.60893726074162,0.0,0.0,0,0
141012,33.5,33.5,20.0,0.0,0.0,0.0,14.1,1.0,1.0,1.0,0.0,0.0,0.0,0.0,0.0,0.0,100.0,100.0,100.0,1000.0,1000.0,1000.0,40.60893726074162,0,0,40.60893726074162,0.0,0.0,0,0
141212,33.5,33.5,20.0,0.0,0.0,0.0,14.1,1.0,1.0,1.0,0.0,0.0,0.0,0.0,0.0,0.0,100.0,100.0,100.0,1000.0,1000.0,1000.0,40.60893726074162,0,0,40.60893726074162,0.0,0.0,0,0
141412,33.5,33.5,20.0,0.0,0.0,0.0,14.1,1.0,1.0,1.0,0.0,0.0,0.0,0.0,0.0,0.0,100.0,100.0,100.0,1000.0,1000.0,1000.0,40.60893726074162,0,0,40.60893726074162,0.0,0.0,0,0
141612,33.5,33.5,20.0,0.0,0.0,0.0,14.1,1.0,1.0,1.0,0.0,0.0,0.0,0.0,0.0,0.0,100.0,100.0,100.0,1000.0,1000.0,1000.0,40.60893726074162,0,0,40.60893726074162,0.0,0.0,0,0
141812,33.5,33.5,20.0,0.0,0.0,0.0,14.1,1.0,1.0,1.0,0.0,0.0,0.0,0.0,0.0,0.0,100.0,100.0,100.0,1000.0,1000.0,1000.0,40.60893726074162,0,0,40.60893726074162,0.0,0.0,0,0
142012,33.5,33.5,20.0,0.0,0.0,0.0,14.2,1.0,1.0,1.0,0.0,0.0,0.0,0.0,0.0,0.0,100.0,100.0,100.0,1000.0,1000.0,1000.0,40.60893726074162,0,0,40.60893726074162,0.0,0.0,0,0
142212,33.5,33.5,20.0,0.0,0.0,0.0,14.2,1.0,1.0,1.0,0.0,0.0,0.0,0.0,0.0,0.0,100.0,100.0,100.0,1000.0,1000.0,1000.0,40.60893726074162,0,0,40.60893726074162,0.0,0.0,0,0
142412,33.5,33.5,20.0,0.0,0.0,0.0,14.2,1.0,1.0,1.0,0.0,0.0,0.0,0.0,0.0,0.0,100.0,100.0,100.0,1000.0,1000.0,1000.0,40.60893726074162,0,0,40.60893726074162,0.0,0.0,0,0
142612,34.0,33.5,20.0,0.0,0.0,0.0,14.2,1.0,1.0,1.0,0.0,0.0,0.0,0.0,0.0,0.0,100.0,100.0,100.0,1000.0,1000.0,1000.0,40.60893726074162,0,0,40.60893726074162,0.0,0.0,0,0
142812,34.0,33.5,20.0,0.0,0.0,0.0,14.2,1.0,1.0,1.0,0.0,0.0,0.0,0.0,0.0,0.0,100.0,100.0,100.0,1000.0,1000.0,1000.0,40.60893726074162,0,0,40.60893726074162,0.0,0.0,0,0
143012,34.0,33.5,20.0,0.0,0.0,0.0,14.3,1.0,1.0,1.0,0.0,0.0,0.0,0.0,0.0,0.0,100.0,100.0,100.0,1000.0,1000.0,1000.0,40.60893726074162,0,0,40.60893726074162,0.0,0.0,0,0
143212,34.0,33.5,20.0,0.0,0.0,0.0,14.3,1.0,1.0,1.0,0.0,0.0,0.0,0.0,0.0,0.0,100.0,100.0,100.0,1000.0,1000.0,1000.0,40.60893726074162,0,0,40.60893726074162,0.0,0.0,0,0
143412,34.0,34.0,20.0,0.0,0.0,0.0,14.3,1.0,1.0,1.0,0.0,0.0,0.0,0.0,0.0,0.0,100.0,100.0,100.0,1000.0,1000.0,1000.0,40.60893726074162,0,0,40.60893726074162,0.0,0.0,0,0
143612,34.0,34.0,20.0,0.0,0.0,0.0,14.3,1.0,1.0,1.0,0.0,0.0,0.0,0.0,0.0,0.0,100.0,100.0,100.0,1000.0,1000.0,1000.0,40.60893726074162,0,0,40.60893726074162,0.0,0.0,0,0
143812,34.0,34.0,20.0,0.0,0.0,0.0,14.3,1.0,1.0,1.0,0.0,0.0,0.0,0.0,0.0,0.0,100.0,100.0,100.0,1000.0,1000.0,1000.0,40.60893726074162,0,0,40.60893726074162,0.0,0.0,0,0
144012,34.0,34.0,20.0,0.0,0.0,0.0,14.4,1.0,1.0,1.0,0.0,0.0,0.0,0.0,0.0,0.0,100.0,100.0,100.0,1000.0,1000.0,1000.0,40.60893726074162,0,0,40.60893726074162,0.0,0.0,0,0
144212,34.0,34.0,20.0,0.0,0.0,0.0,14.4,1.0,1.0,1.0,0.0,0.0,0.0,0.0,0.0,0.0,100.0,100.0,100.0,1000.0,1000.0,1000.0,40.60893726074162,0,0,40.60893726074162,0.0,0.0,0,0
144412,34.0,34.0,20.0,0.0,0.0,0.0,14.4,1.0,1.0,1.0,0.0,0.0,0.0,0.0,0.0,0.0,100.0,100.0,100.0,1000.0,1000.0,1000.0,40.60893726074162,0,0,40.60893726074162,0.0,0.0,0,0
144612,34.0,34.0,20.0,0.0,0.0,0.0,14.4,1.0,1.0,1.0,0.0,0.0,0.0,0.0,0.0,0.0,100.0,100.0,100.0,1000.0,1000.0,1000.0,40.60893726074162,0,0,40.60893726074162,0.0,0.0,0,0
144812,34.0,34.0,20.0,0.0,0.0,0.0,14.4,1.0,1.0,1.0,0.0,0.0,0.0,0.0,0.0,0.0,100.0,100.0,100.0,1000.0,1000.0,1000.0,40.60893726074162,0,0,40.60893726074162,0.0,0.0,0,0
145012,34.0,34.0,20.0,0.0,0.0,0.0,14.5,1.0,1.0,1.0,0.0,0.0,0.0,0.0,0.0,0.0,100.0,100.0,100.0,1000.0,1000.0,1000.0,40.60893726074162,0,0,40.60893726074162,0.0,0.0,0,0
145212,34.0,34.0,20.0,0.0,0.0,0.0,14.5,1.0,1.0,1.0,0.0,0.0,0.0,0.0,0.0,0.0,100.0,100.0,100.0,1000.0,1000.0,1000.0,40.60893726074162,0,0,40.60893726074162,0.0,0.0,0,0
145412,34.0,34.0,20.0,0.0,0.0,0.0,14.5,1.0,1.0,1.0,0.0,0.0,0.0,0.0,0.0,0.0,100.0,100.0,100.0,1000.0,1000.0,1000.0,40.60893726074162,0,0,40.60893726074162,0.0,0.0,0,0
145612,34.0,34.0,20.0,0.0,0.0,0.0,14.5,1.0,1.0,1.0,0.0,0.0,0.0,0.0,0.0,0.0,100.0,100.0,100.0,1000.0,1000.0,1000.0,40.60893726074162,0,0,40.60893726074162,0.0,0.0,0,0
145812,34.0,34.0,20.0,0.0,0.0,0.0,14.5,1.0,1.0,1.0,0.0,0.0,0.0,0.0,0.0,0.0,100.0,100.0,100.0,1000.0,1000.0,1000.0,40.60893726074162,0,0,40.60893726074162,0.0,0.0,0,0
146012,34.0,34.0,20.0,0.0,0.0,0.0,14.6,1.0,1.0,1.0,0.0,0.0,0.0,0.0,0.0,0.0,100.0,100.0,100.0,1000.0,1000.0,1000.0,40.60893726074162,0,0,40.60893726074162,0.0,0.0,0,0
146212,34.0,34.0,20.0,0.0,0.0,0.0,14.6,1.0,1.0,1.0,0.0,0.0,0.0,0.0,0.0,0.0,100.0,100.0,100.0,1000.0,1000.0,1000.0,40.60893726074162,0,0,40.60893726074162,0.0,0.0,0,0
146412,34.0,34.0,20.0,0.0,0.0,0.0,14.6,1.0,1.0,1.0,0.0,0.0,0.0,0.0,0.0,0.0,100.0,100.0,100.0,1000.0,1000.0,1000.0,40.60893726074162,0,0,40.60893726074162,0.0,0.0,0,0
146612,34.5,34.0,20.0,0.0,0.0,0.0,14.6,1.0,1.0,1.0,0.0,0.0,0.0,0.0,0.0,0.0,100.0,100.0,100.0,1000.0,1000.0,1000.0,40.60893726074162,0,0,40.60893726074162,0.0,0.0,0,0
146812,34.5,34.0,20.0,0.0,0.0,0.0,14.6,1.0,1.0,1.0,0.0,0.0,0.0,0.0,0.0,0.0,100.0,100.0,100.0,1000.0,1000.0,1000.0,40.60893726074162,0,0,40.60893726074162,0.0,0.0,0,0
147012,34.5,34.0,20.0,0.0,0.0,0.0,14.7,1.0,1.0,1.0,0.0,0.0,0.0,0.0,0.0,0.0,100.0,100.0,100.0,1000.0,1000.0,1000.0,40.60893726074162,0,0,40.60893726074162,0.0,0.0,0,0
147212,34.5,34.0,20.0,0.0,0.0,0.0,14.7,1.0,1.0,1.0,0.0,0.0,0.0,0.0,0.0,0.0,100.0,100.0,100.0,1000.0,1000.0,1000.0,40.60893726074162,0,0,40.60893726074162,0.0,0.0,0,0
147412,34.5,34.0,20.0,0.0,0.0,0.0,14.7,1.0,1.0,1.0,0.0,0.0,0.0,0.0,0.0,0.0,100.0,100.0,100.0,1000.0,1000.0,1000.0,40.60893726074162,0,0,40.60893726074162,0.0,0.0,0,0
147612,34.5,34.0,20.0,0.0,0.0,0.0,14.7,1.0,1.0,1.0,0.0,0.0,0.0,0.0,0.0,0.0,100.0,100.0,100.0,1000.0,1000.0,1000.0,40.60893726074162,0,0,40.60893726074162,0.0,0.0,0,0
147812,34.5,34.0,20.0,0.0,0.0,0.0,14.7,1.0,1.0,1.0,0.0,0.0,0.0,0.0,0.0,0.0,100.0,100.0,100.0,1000.0,1000.0,1000.0,40.60893726074162,0,0,40.60893726074162,0.0,0.0,0,0
148012,34.5,34.5,20.0,0.0,0.0,0.0,14.8,1.0,1.0,1.0,0.0,0.0,0.0,0.0,0.0,0.0,100.0,100.0,100.0,1000.0,1000.0,1000.0,40.60893726074162,0,0,40.60893726074162,0.0,0.0,0,0
148212,34.5,34.5,20.0,0.0,0.0,0.0,14.8,1.0,1.0,1.0,0.0,0.0,0.0,0.0,0.0,0.0,100.0,100.0,100.0,1000.0,1000.0,1000.0,40.60893726074162,0,0,40.60893726074162,0.0,0.0,0,0
148412,34.5,34.5,20.0,0.0,0.0,0.0,14.8,1.0,1.0,1.0,0.0,0.0,0.0,0.0,0.0,0.0,100.0,100.0,100.0,1000.0,1000.0,1000.0,40.60893726074162,0,0,40.60893726074162,0.0,0.0,0,0
148612,34.5,34.5,20.0,0.0,0.0,0.0,14.8,1.0,1.0,1.0,0.0,0.0,0.0,0.0,0.0,0.0,100.0,100.0,100.0,1000.0,1000.0,1000.0,40.60893726074162,0,0,40.60893726074162,0.0,0.0,0,0
148812,34.5,34.5,20.0,0.0,0.0,0.0,14.8,1.0,1.0,1.0,0.0,0.0,0.0,0.0,0.0,0.0,100.0,100.0,100.0,1000.0,1000.0,1000.0,40.60893726074162,0,0,40.60893726074162,0.0,0.0,0,0
149012,34.5,34.5,20.0,0.0,0.0,0.0,14.9,1.0,1.0,1.0,0.0,0.0,0.0,0.0,0.0,0.0,100.0,100.0,100.0,1000.0,1000.0,1000.0,40.60893726074162,0,0,40.60893726074162,0.0,0.0,0,0
149212,34.5,34.5,20.0,0.0,0.0,0.0,14.9,1.0,1.0,1.0,0.0,0.0,0.0,0.0,0.0,0.0,100.0,100.0,100.0,1000.0,1000.0,1000.0,40.60893726074162,0,0,40.60893726074162,0.0,0.0,0,0
149412,34.5,34.5,20.0,0.0,0.0,0.0,14.9,1.0,1.0,1.0,0.0,0.0,0.0,0.0,0.0,0.0,100.0,100.0,100.0,1000.0,1000.0,1000.0,40.60893726074162,0,0,40.60893726074162,0.0,0.0,0,0
149612,34.5,34.5,20.0,0.0,0.0,0.0,14.9,1.0,1.0,1.0,0.0,0.0,0.0,0.0,0.0,0.0,100.0,100.0,100.0,1000.0,1000.0,1000.0,40.60893726074162,0,0,40.60893726074162,0.0,0.0,0,0
149812,34.5,34.5,20.0,0.0,0.0,0.0,14.9,1.0,1.0,1.0,0.0,0.0,0.0,0.0,0.0,0.0,100.0,100.0,100.0,1000.0,1000.0,1000.0,40.60893726074162,0,0,40.60893726074162,0.0,0.0,0,0
150012,34.5,34.5,20.0,0.0,0.0,0.0,15.0,1.0,1.0,1.0,0.0,0.0,0.0,0.0,0.0,0.0,100.0,100.0,100.0,1000.0,1000.0,1000.0,40.60893726074162,0,0,40.60893726074162,0.0,0.0,0,0
150212,34.5,34.5,20.0,0.0,0.0,0.0,15.0,1.0,1.0,1.0,0.0,0.0,0.0,0.0,0.0,0.0,100.0,100.0,100.0,1000.0,1000.0,1000.0,42.3850322362552,0,0,42.3850322362552,0.0,0.0,1,0
150412,34.5,34.5,20.0,0.0,0.0,0.0,15.0,1.0,1.0,1.0,0.0,0.0,0.0,0.0,0.0,0.0,100.0,100.0,100.0,1000.0,1000.0,1000.0,42.3850322362552,0,0,42.3850322362552,0.0,0.0,0,0
150612,35.0,34.5,20.0,0.0,0.0,0.0,15.0,1.0,1.0,1.0,0.0,0.0,0.0,0.0,0.0,0.0,100.0,100.0,100.0,1000.0,1000.0,1000.0,42.3850322362552,0,0,42.3850322362552,0.0,0.0,0,0
150812,35.0,34.5,20.0,0.0,0.0,0.0,15.0,1.0,1.0,1.0,0.0,0.0,0.0,0.0,0.0,0.0,100.0,100.0,100.0,1000.0,1000.0,1000.0,42.3850322362552,0,0,42.3850322362552,0.0,0.0,0,0
151012,35.0,34.5,20.0,0.0,0.0,0.0,15.1,1.0,1.0,1.0,0.0,0.0,0.0,0.0,0.0,0.0,100.0,100.0,100.0,1000.0,1000.0,1000.0,42.3850322362552,0,0,42.3850322362552,0.0,0.0,0,0
151212,35.0,34.5,20.0,0.0,0.0,0.0,15.1,1.0,1.0,1.0,0.0,0.0,0.0,0.0,0.0,0.0,100.0,100.0,100.0,1000.0,1000.0,1000.0,42.3850322362552,0,0,42.3850322362552,0.0,0.0,0,0
151412,35.0,34.5,20.0,0.0,0.0,0.0,15.1,1.0,1.0,1.0,0.0,0.0,0.0,0.0,0.0,0.0,100.0,100.0,100.0,1000.0,1000.0,1000.0,42.3850322362552,0,0,42.3850322362552,0.0,0.0,0,0
151612,35.0,34.5,20.0,0.0,0.0,0.0,15.1,1.0,1.0,1.0,0.0,0.0,0.0,0.0,0.0,0.0,100.0,100.0,100.0,1000.0,1000.0,1000.0,42.3850322362552,0,0,42.3850322362552,0.0,0.0,0,0
151812,35.0,34.5,20.0,0.0,0.0,0.0,15.1,1.0,1.0,1.0,0.0,0.0,0.0,0.0,0.0,0.0,100.0,100.0,100.0,1000.0,1000.0,1000.0,42.3850322362552,0,0,42.3850322362552,0.0,0.0,0,0
152012,35.0,35.0,20.0,0.0,0.0,0.0,15.2,1.0,1.0,1.0,0.0,0.0,0.0,0.0,0.0,0.0,100.0,100.0,100.0,1000.0,1000.0,1000.0,42.3850322362552,0,0,42.3850322362552,0.0,0.0,0,0
152212,35.0,35.0,20.0,0.0,0.0,0.0,15.2,1.0,1.0,1.0,0.0,0.0,0.0,0.0,0.0,0.0,100.0,100.0,100.0,1000.0,1000.0,1000.0,42.3850322362552,0,0,42.3850322362552,0.0,0.0,0,0
152412,35.0,35.0,20.0,0.0,0.0,0.0,15.2,1.0,1.0,1.0,0.0,0.0,0.0,0.0,0.0,0.0,100.0,100.0,100.0,1000.0,1000.0,1000.0,42.3850322362552,0,0,42.3850322362552,0.0,0.0,0,0
152612,35.0,35.0,20.0,0.0,0.0,0.0,15.2,1.0,1.0,1.0,0.0,0.0,0.0,0.0,0.0,0.0,100.0,100.0,100.0,1000.0,1000.0,1000.0,42.3850322362552,0,0,42.3850322362552,0.0,0.0,0,0
152812,35.0,35.0,20.0,0.0,0.0,0.0,15.2,1.0,1.0,1.0,0.0,0.0,0.0,0.0,0.0,0.0,100.0,100.0,100.0,1000.0,1000.0,1000.0,42.3850322362552,0,0,42.3850322362552,0.0,0.0,0,0
153012,35.0,35.0,20.0,0.0,0.0,0.0,15.3,1.0,1.0,1.0,0.0,0.0,0.0,0.0,0.0,0.0,100.0,100.0,100.0,1000.0,1000.0,1000.0,42.3850322362552,0,0,42.3850322362552,0.0,0.0,0,0
153212,35.0,35.0,20.0,0.0,0.0,0.0,15.3,1.0,1.0,1.0,0.0,0.0,0.0,0.0,0.0,0.0,100.0,100.0,100.0,1000.0,1000.0,1000.0,42.3850322362552,0,0,42.3850322362552,0.0,0.0,0,0
153412,35.0,35.0,20.0,0.0,0.0,0.0,15.3,1.0,1.0,1.0,0.0,0.0,0.0,0.0,0.0,0.0,100.0,100.0,100.0,1000.0,1000.0,1000.0,42.3850322362552,0,0,42.3850322362552,0.0,0.0,0,0
153612,35.0,35.0,20.0,0.0,0.0,0.0,15.3,1.0,1.0,1.0,0.0,0.0,0.0,0.0,0.0,0.0,100.0,100.0,100.0,1000.0,1000.0,1000.0,42.3850322362552,0,0,42.3850322362552,0.0,0.0,0,0
153812,35.0,35.0,20.0,0.0,0.0,0.0,15.3,1.0,1.0,1.0,0.0,0.0,0.0,0.0,0.0,0.0,100.0,100.0,100.0,1000.0,1000.0,1000.0,42.3850322362552,0,0,42.3850322362552,0.0,0.0,0,0
154012,35.0,35.0,20.0,0.0,0.0,0.0,15.4,1.0,1.0,1.0,0.0,0.0,0.0,0.0,0.0,0.0,100.0,100.0,100.0,1000.0,1000.0,1000.0,42.3850322362552,0,0,42.3850322362552,0.0,0.0,0,0
154212,35.0,35.0,20.0,0.0,0.0,0.0,15.4,1.0,1.0,1.0,0.0,0.0,0.0,0.0,0.0,0.0,100.0,100.0,100.0,1000.0,1000.0,1000.0,42.3850322362552,0,0,42.3850322362552,0.0,0.0,0,0
154412,35.0,35.0,20.0,0.0,0.0,0.0,15.4,1.0,1.0,1.0,0.0,0.0,0.0,0.0,0.0,0.0,100.0,100.0,100.0,1000.0,1000.0,1000.0,42.3850322362552,0,0,42.3850322362552,0.0,0.0,0,0
154612,35.5,35.0,20.0,0.0,0.0,0.0,15.4,1.0,1.0,1.0,0.0,0.0,0.0,0.0,0.0,0.0,100.0,100.0,100.0,1000.0,1000.0,1000.0,42.3850322362552,0,0,42.3850322362552,0.0,0.0,0,0
154812,35.5,35.0,20.0,0.0,0.0,0.0,15.4,1.0,1.0,1.0,0.0,0.0,0.0,0.0,0.0,0.0,100.0,100.0,100.0,1000.0,1000.0,1000.0,42.3850322362552,0,0,42.3850322362552,0.0,0.0,0,0
155012,35.5,35.0,20.0,0.0,0.0,0.0,15.5,1.0,1.0,1.0,0.0,0.0,0.0,0.0,0.0,0.0,100.0,100.0,100.0,1000.0,1000.0,1000.0,42.3850322362552,0,0,42.3850322362552,0.0,0.0,0,0
155212,35.5,35.0,20.0,0.0,0.0,0.0,15.5,1.0,1.0,1.0,0.0,0.0,0.0,0.0,0.0,0.0,100.0,100.0,100.0,1000.0,1000.0,1000.0,42.3850322362552,0,0,42.3850322362552,0.0,0.0,0,0
155412,35.5,35.0,20.0,0.0,0.0,0.0,15.5,1.0,1.0,1.0,0.0,0.0,0.0,0.0,0.0,0.0,100.0,100.0,100.0,1000.0,1000.0,1000.0,42.3850322362552,0,0,42.3850322362552,0.0,0.0,0,0
155612,35.5,35.0,20.0,0.0,0.0,0.0,15.5,1.0,1.0,1.0,0.0,0.0,0.0,0.0,0.0,0.0,100.0,100.0,100.0,1000.0,1000.0,1000.0,42.3850322362552,0,0,42.3850322362552,0.0,0.0,0,0
155812,35.5,35.0,20.0,0.0,0.0,0.0,15.5,1.0,1.0,1.0,0.0,0.0,0.0,0.0,0.0,0.0,100.0,100.0,100.0,1000.0,1000.0,1000.0,42.3850322362552,0,0,42.3850322362552,0.0,0.0,0,0
156012,35.5,35.5,20.0,0.0,0.0,0.0,15.6,1.0,1.0,1.0,0.0,0.0,0.0,0.0,0.0,0.0,100.0,100.0,100.0,1000.0,1000.0,1000.0,42.3850322362552,0,0,42.3850322362552,0.0,0.0,0,0
156212,35.5,35.5,20.0,0.0,0.0,0.0,15.6,1.0,1.0,1.0,0.0,0.0,0.0,0.0,0.0,0.0,100.0,100.0,100.0,1000.0,1000.0,1000.0,42.3850322362552,0,0,42.3850322362552,0.0,0.0,0,0
156412,35.5,35.5,20.0,0.0,0.0,0.0,15.6,1.0,1.0,1.0,0.0,0.0,0.0,0.0,0.0,0.0,100.0,100.0,100.0,1000.0,1000.0,1000.0,42.3850322362552,0,0,42.3850322362552,0.0,0.0,0,0
156612,35.5,35.5,20.0,0.0,0.0,0.0,15.6,1.0,1.0,1.0,0.0,0.0,0.0,0.0,0.0,0.0,100.0,100.0,100.0,1000.0,1000.0,1000.0,42.3850322362552,0,0,42.3850322362552,0.0,0.0,0,0
156812,35.5,35.5,20.0,0.0,0.0,0.0,15.6,1.0,1.0,1.0,0.0,0.0,0.0,0.0,0.0,0.0,100.0,100.0,100.0,1000.0,1000.0,1000.0,42.3850322362552,0,0,42.3850322362552,0.0,0.0,0,0
157012,35.5,35.5,20.0,0.0,0.0,0.0,15.7,1.0,1.0,1.0,0.0,0.0,0.0,0.0,0.0,0.0,100.0,100.0,100.0,1000.0,1000.0,1000.0,42.3850322362552,0,0,42.3850322362552,0.0,0.0,0,0
157212,35.5,35.5,20.0,0.0,0.0,0.0,15.7,1.0,1.0,1.0,0.0,0.0,0.0,0.0,0.0,0.0,100.0,100.0,100.0,1000.0,1000.0,1000.0,42.3850322362552,0,0,42.3850322362552,0.0,0.0,0,0
157412,35.5,35.5,20.0,0.0,0.0,0.0,15.7,1.0,1.0,1.0,0.0,0.0,0.0,0.0,0.0,0.0,100.0,100.0,100.0,1000.0,1000.0,1000.0,42.3850322362552,0,0,42.3850322362552,0.0,0.0,0,0
157612,35.5,35.5,20.0,0.0,0.0,0.0,15.7,1.0,1.0,1.0,0.0,0.0,0.0,0.0,0.0,0.0,100.0,100.0,100.0,1000.0,1000.0,1000.0,42.3850322362552,0,0,42.3850322362552,0.0,0.0,0,0
157812,35.5,35.5,20.0,0.0,0.0,0.0,15.7,1.0,1.0,1.0,0.0,0.0,0.0,0.0,0.0,0.0,100.0,100.0,100.0,1000.0,1000.0,1000.0,42.3850322362552,0,0,42.3850322362552,0.0,0.0,0,0
158012,35.5,35.5,20.0,0.0,0.0,0.0,15.8,1.0,1.0,1.0,0.0,0.0,0.0,0.0,0.0,0.0,100.0,100.0,100.0,1000.0,1000.0,1000.0,42.3850322362552,0,0,42.3850322362552,0.0,0.0,0,0
158212,35.5,35.5,20.0,0.0,0.0,0.0,15.8,1.0,1.0,1.0,0.0,0.0,0.0,0.0,0.0,0.0,100.0,100.0,100.0,1000.0,1000.0,1000.0,42.3850322362552,0,0,42.3850322362552,0.0,0.0,0,0
158412,35.5,35.5,20.0,0.0,0.0,0.0,15.8,1.0,1.0,1.0,0.0,0.0,0.0,0.0,0.0,0.0,100.0,100.0,100.0,1000.0,1000.0,1000.0,42.3850322362552,0,0,42.3850322362552,0.0,0.0,0,0
158612,35.5,35.5,20.0,0.0,0.0,0.0,15.8,1.0,1.0,1.0,0.0,0.0,0.0,0.0,0.0,0.0,100.0,100.0,100.0,1000.0,1000.0,1000.0,42.3850322362552,0,0,42.3850322362552,0.0,0.0,0,0
158812,35.5,35.5,20.0,0.0,0.0,0.0,15.8,1.0,1.0,1.0,0.0,0.0,0.0,0.0,0.0,0.0,100.0,100.0,100.0,1000.0,1000.0,1000.0,42.3850322362552,0,0,42.3850322362552,0.0,0.0,0,0
159012,36.0,35.5,20.0,0.0,0.0,0.0,15.9,1.0,1.0,1.0,0.0,0.0,0.0,0.0,0.0,0.0,100.0,100.0,100.0,1000.0,1000.0,1000.0,42.3850322362552,0,0,42.3850322362552,0.0,0.0,0,0
159212,36.0,35.5,20.0,0.0,0.0,0.0,15.9,1.0,1.0,1.0,0.0,0.0,0.0,0.0,0.0,0.0,100.0,100.0,100.0,1000.0,1000.0,1000.0,42.3850322362552,0,0,42.3850322362552,0.0,0.0,0,0
159412,36.0,35.5,20.0,0.0,0.0,0.0,15.9,1.0,1.0,1.0,0.0,0.0,0.0,0.0,0.0,0.0,100.0,100.0,100.0,1000.0,1000.0,1000.0,42.3850322362552,0,0,42.3850322362552,0.0,0.0,0,0
159612,36.0,35.5,20.0,0.0,0.0,0.0,15.9,1.0,1.0,1.0,0.0,0.0,0.0,0.0,0.0,0.0,100.0,100.0,100.0,1000.0,1000.0,1000.0,42.3850322362552,0,0,42.3850322362552,0.0,0.0,0,0
159812,36.0,35.5,20.0,0.0,0.0,0.0,15.9,1.0,1.0,1.0,0.0,0.0,0.0,0.0,0.0,0.0,100.0,100.0,100.0,1000.0,1000.0,1000.0,42.3850322362552,0,0,42.3850322362552,0.0,0.0,0,0
160012,36.0,36.0,20.0,0.0,0.0,0.0,16.0,1.0,1.0,1.0,0.0,0.0,0.0,0.0,0.0,0.0,100.0,100.0,100.0,1000.0,1000.0,1000.0,42.3850322362552,0,0,42.3850322362552,0.0,0.0,0,0
160212,36.0,36.0,20.0,0.0,0.0,0.0,16.0,1.0,1.0,1.0,0.0,0.0,0.0,0.0,0.0,0.0,100.0,100.0,100.0,1000.0,1000.0,1000.0,42.3850322362552,0,0,42.3850322362552,0.0,0.0,0,0
160412,36.0,36.0,20.0,0.0,0.0,0.0,16.0,1.0,1.0,1.0,0.0,0.0,0.0,0.0,0.0,0.0,100.0,100.0,100.0,1000.0,1000.0,1000.0,42.3850322362552,0,0,42.3850322362552,0.0,0.0,0,0
160612,36.0,36.0,20.0,0.0,0.0,0.0,16.0,1.0,1.0,1.0,0.0,0.0,0.0,0.0,0.0,0.0,100.0,100.0,100.0,1000.0,1000.0,1000.0,42.3850322362552,0,0,42.3850322362552,0.0,0.0,0,0
160812,36.0,36.0,20.0,0.0,0.0,0.0,16.0,1.0,1.0,1.0,0.0,0.0,0.0,0.0,0.0,0.0,100.0,100.0,100.0,1000.0,1000.0,1000.0,42.3850322362552,0,0,42.3850322362552,0.0,0.0,0,0
161012,36.0,36.0,20.0,0.0,0.0,0.0,16.1,1.0,1.0,1.0,0.0,0.0,0.0,0.0,0.0,0.0,100.0,100.0,100.0,1000.0,1000.0,1000.0,42.3850322362552,0,0,42.3850322362552,0.0,0.0,0,0
161212,36.0,36.0,20.0,0.0,0.0,0.0,16.1,1.0,1.0,1.0,0.0,0.0,0.0,0.0,0.0,0.0,100.0,100.0,100.0,1000.0,1000.0,1000.0,42.3850322362552,0,0,42.3850322362552,0.0,0.0,0,0
161412,36.0,36.0,20.0,0.0,0.0,0.0,16.1,1.0,1.0,1.0,0.0,0.0,0.0,0.0,0.0,0.0,100.0,100.0,100.0,1000.0,1000.0,1000.0,42.3850322362552,0,0,42.3850322362552,0.0,0.0,0,0
161612,36.0,36.0,20.0,0.0,0.0,0.0,16.1,1.0,1.0,1.0,0.0,0.0,0.0,0.0,0.0,0.0,100.0,100.0,100.0,1000.0,1000.0,1000.0,42.3850322362552,0,0,42.3850322362552,0.0,0.0,0,0
161812,36.0,36.0,20.0,0.0,0.0,0.0,16.1,1.0,1.0,1.0,0.0,0.0,0.0,0.0,0.0,0.0,100.0,100.0,100.0,1000.0,1000.0,1000.0,42.3850322362552,0,0,42.3850322362552,0.0,0.0,0,0
162012,36.0,36.0,20.0,0.0,0.0,0.0,16.2,1.0,1.0,1.0,0.0,0.0,0.0,0.0,0.0,0.0,100.0,100.0,100.0,1000.0,1000.0,1000.0,42.3850322362552,0,0,42.3850322362552,0.0,0.0,0,0
162212,36.0,36.0,20.0,0.0,0.0,0.0,16.2,1.0,1.0,1.0,0.0,0.0,0.0,0.0,0.0,0.0,100.0,100.0,100.0,1000.0,1000.0,1000.0,42.3850322362552,0,0,42.3850322362552,0.0,0.0,0,0
162412,36.0,36.0,20.0,0.0,0.0,0.0,16.2,1.0,1.0,1.0,0.0,0.0,0.0,0.0,0.0,0.0,100.0,100.0,100.0,1000.0,1000.0,1000.0,42.3850322362552,0,0,42.3850322362552,0.0,0.0,0,0
162612,36.0,36.0,20.0,0.0,0.0,0.0,16.2,1.0,1.0,1.0,0.0,0.0,0.0,0.0,0.0,0.0,100.0,100.0,100.0,1000.0,1000.0,1000.0,42.3850322362552,0,0,42.3850322362552,0.0,0.0,0,0
162812,36.0,36.0,20.0,0.0,0.0,0.0,16.2,1.0,1.0,1.0,0.0,0.0,0.0,0.0,0.0,0.0,100.0,100.0,100.0,1000.0,1000.0,1000.0,42.3850322362552,0,0,42.3850322362552,0.0,0.0,0,0
163012,36.5,36.0,20.0,0.0,0.0,0.0,16.3,1.0,1.0,1.0,0.0,0.0,0.0,0.0,0.0,0.0,100.0,100.0,100.0,1000.0,1000.0,1000.0,42.3850322362552,0,0,42.3850322362552,0.0,0.0,0,0
163212,36.5,36.0,20.0,0.0,0.0,0.0,16.3,1.0,1.0,1.0,0.0,0.0,0.0,0.0,0.0,0.0,100.0,100.0,100.0,1000.0,1000.0,1000.0,42.3850322362552,0,0,42.3850322362552,0.0,0.0,0,0
163412,36.5,36.0,20.0,0.0,0.0,0.0,16.3,1.0,1.0,1.0,0.0,0.0,0.0,0.0,0.0,0.0,100.0,100.0,100.0,1000.0,1000.0,1000.0,42.3850322362552,0,0,42.3850322362552,0.0,0.0,0,0
163612,36.5,36.0,20.0,0.0,0.0,0.0,16.3,1.0,1.0,1.0,0.0,0.0,0.0,0.0,0.0,0.0,100.0,100.0,100.0,1000.0,1000.0,1000.0,42.3850322362552,0,0,42.3850322362552,0.0,0.0,0,0
163812,36.5,36.0,20.0,0.0,0.0,0.0,16.3,1.0,1.0,1.0,0.0,0.0,0.0,0.0,0.0,0.0,100.0,100.0,100.0,1000.0,1000.0,1000.0,42.3850322362552,0,0,42.3850322362552,0.0,0.0,0,0
164012,36.5,36.0,20.0,0.0,0.0,0.0,16.4,1.0,1.0,1.0,0.0,0.0,0.0,0.0,0.0,0.0,100.0,100.0,100.0,1000.0,1000.0,1000.0,42.3850322362552,0,0,42.3850322362552,0.0,0.0,0,0
164212,36.5,36.0,20.0,0.0,0.0,0.0,16.4,1.0,1.0,1.0,0.0,0.0,0.0,0.0,0.0,0.0,100.0,100.0,100.0,1000.0,1000.0,1000.0,42.3850322362552,0,0,42.3850322362552,0.0,0.0,0,0
164412,36.5,36.0,20.0,0.0,0.0,0.0,16.4,1.0,1.0,1.0,0.0,0.0,0.0,0.0,0.0,0.0,100.0,100.0,100.0,1000.0,1000.0,1000.0,42.3850322362552,0,0,42.3850322362552,0.0,0.0,0,0
164612,36.5,36.5,20.0,0.0,0.0,0.0,16.4,1.0,1.0,1.0,0.0,0.0,0.0,0.0,0.0,0.0,100.0,100.0,100.0,1000.0,1000.0,1000.0,42.3850322362552,0,0,42.3850322362552,0.0,0.0,0,0
164812,36.5,36.5,20.0,0.0,0.0,0.0,16.4,1.0,1.0,1.0,0.0,0.0,0.0,0.0,0.0,0.0,100.0,100.0,100.0,1000.0,1000.0,1000.0,42.3850322362552,0,0,42.3850322362552,0.0,0.0,0,0
165012,36.5,36.5,20.0,0.0,0.0,0.0,16.5,1.0,1.0,1.0,0.0,0.0,0.0,0.0,0.0,0.0,100.0,100.0,100.0,1000.0,1000.0,1000.0,42.3850322362552,0,0,42.3850322362552,0.0,0.0,0,0
165212,36.5,36.5,20.0,0.0,0.0,0.0,16.5,1.0,1.0,1.0,0.0,0.0,0.0,0.0,0.0,0.0,100.0,100.0,100.0,1000.0,1000.0,1000.0,39.07269587601053,0,0,39.07269587601053,0.0,0.0,1,0
165412,36.5,36.5,20.0,0.0,0.0,0.0,16.5,1.0,1.0,1.0,0.0,0.0,0.0,0.0,0.0,0.0,100.0,100.0,100.0,1000.0,1000.0,1000.0,39.07269587601053,0,0,39.07269587601053,0.0,0.0,0,0
165612,36.5,36.5,20.0,0.0,0.0,0.0,16.5,1.0,1.0,1.0,0.0,0.0,0.0,0.0,0.0,0.0,100.0,100.0,100.0,1000.0,1000.0,1000.0,39.07269587601053,0,0,39.07269587601053,0.0,0.0,0,0
165812,36.5,36.5,20.0,0.0,0.0,0.0,16.5,1.0,1.0,1.0,0.0,0.0,0.0,0.0,0.0,0.0,100.0,100.0,100.0,1000.0,1000.0,1000.0,39.07269587601053,0,0,39.07269587601053,0.0,0.0,0,0
166012,36.5,36.5,20.0,0.0,0.0,0.0,16.6,1.0,1.0,1.0,0.0,0.0,0.0,0.0,0.0,0.0,100.0,100.0,100.0,1000.0,1000.0,1000.0,39.07269587601053,0,0,39.07269587601053,0.0,0.0,0,0
166212,36.5,36.5,20.0,0.0,0.0,0.0,16.6,1.0,1.0,1.0,0.0,0.0,0.0,0.0,0.0,0.0,100.0,100.0,100.0,1000.0,1000.0,1000.0,39.07269587601053,0,0,39.07269587601053,0.0,0.0,0,0
166412,36.5,36.5,20.0,0.0,0.0,0.0,16.6,1.0,1.0,1.0,0.0,0.0,0.0,0.0,0.0,0.0,100.0,100.0,100.0,1000.0,1000.0,1000.0,39.07269587601053,0,0,39.07269587601053,0.0,0.0,0,0
166612,36.5,36.5,20.0,0.0,0.0,0.0,16.6,1.0,1.0,1.0,0.0,0.0,0.0,0.0,0.0,0.0,100.0,100.0,100.0,1000.0,1000.0,1000.0,39.07269587601053,0,0,39.07269587601053,0.0,0.0,0,0
166812,36.5,36.5,20.0,0.0,0.0,0.0,16.6,1.0,1.0,1.0,0.0,0.0,0.0,0.0,0.0,0.0,100.0,100.0,100.0,1000.0,1000.0,1000.0,39.07269587601053,0,0,39.07269587601053,0.0,0.0,0,0
167012,37.0,36.5,20.0,0.0,0.0,0.0,16.7,1.0,1.0,1.0,0.0,0.0,0.0,0.0,0.0,0.0,100.0,100.0,100.0,1000.0,1000.0,1000.0,39.07269587601053,0,0,39.07269587601053,0.0,0.0,0,0
167212,37.0,36.5,20.0,0.0,0.0,0.0,16.7,1.0,1.0,1.0,0.0,0.0,0.0,0.0,0.0,0.0,100.0,100.0,100.0,1000.0,1000.0,1000.0,39.07269587601053,0,0,39.07269587601053,0.0,0.0,0,0
167412,37.0,36.5,20.0,0.0,0.0,0.0,16.7,1.0,1.0,1.0,0.0,0.0,0.0,0.0,0.0,0.0,100.0,100.0,100.0,1000.0,1000.0,1000.0,39.07269587601053,0,0,39.07269587601053,0.0,0.0,0,0
167612,37.0,36.5,20.0,0.0,0.0,0.0,16.7,1.0,1.0,1.0,0.0,0.0,0.0,0.0,0.0,0.0,100.0,100.0,100.0,1000.0,1000.0,1000.0,39.07269587601053,0,0,39.07269587601053,0.0,0.0,0,0
167812,37.0,36.5,20.0,0.0,0.0,0.0,16.7,1.0,1.0,1.0,0.0,0.0,0.0,0.0,0.0,0.0,100.0,100.0,100.0,1000.0,1000.0,1000.0,39.07269587601053,0,0,39.07269587601053,0.0,0.0,0,0
168012,37.0,36.5,20.0,0.0,0.0,0.0,16.8,1.0,1.0,1.0,0.0,0.0,0.0,0.0,0.0,0.0,100.0,100.0,100.0,1000.0,1000.0,1000.0,39.07269587601053,0,0,39.07269587601053,0.0,0.0,0,0
168212,37.0,36.5,20.0,0.0,0.0,0.0,16.8,1.0,1.0,1.0,0.0,0.0,0.0,0.0,0.0,0.0,100.0,100.0,100.0,1000.0,1000.0,1000.0,39.07269587601053,0,0,39.07269587601053,0.0,0.0,0,0
168412,37.0,36.5,20.0,0.0,0.0,0.0,16.8,1.0,1.0,1.0,0.0,0.0,0.0,0.0,0.0,0.0,100.0,100.0,100.0,1000.0,1000.0,1000.0,39.07269587601053,0,0,39.07269587601053,0.0,0.0,0,0
168612,37.0,37.0,20.0,0.0,0.0,0.0,16.8,1.0,1.0,1.0,0.0,0.0,0.0,0.0,0.0,0.0,100.0,100.0,100.0,1000.0,1000.0,1000.0,39.07269587601053,0,0,39.07269587601053,0.0,0.0,0,0
168812,37.0,37.0,20.0,0.0,0.0,0.0,16.8,1.0,1.0,1.0,0.0,0.0,0.0,0.0,0.0,0.0,100.0,100.0,100.0,1000.0,1000.0,1000.0,39.07269587601053,0,0,39.07269587601053,0.0,0.0,0,0
169012,37.0,37.0,20.0,0.0,0.0,0.0,16.9,1.0,1.0,1.0,0.0,0.0,0.0,0.0,0.0,0.0,100.0,100.0,100.0,1000.0,1000.0,1000.0,39.07269587601053,0,0,39.07269587601053,0.0,0.0,0,0
169212,37.0,37.0,20.0,0.0,0.0,0.0,16.9,1.0,1.0,1.0,0.0,0.0,0.0,0.0,0.0,0.0,100.0,100.0,100.0,1000.0,1000.0,1000.0,39.07269587601053,0,0,39.07269587601053,0.0,0.0,0,0
169412,37.0,37.0,20.0,0.0,0.0,0.0,16.9,1.0,1.0,1.0,0.0,0.0,0.0,0.0,0.0,0.0,100.0,100.0,100.0,1000.0,1000.0,1000.0,39.07269587601053,0,0,39.07269587601053,0.0,0.0,0,0
169612,37.0,37.0,20.0,0.0,0.0,0.0,16.9,1.0,1.0,1.0,0.0,0.0,0.0,0.0,0.0,0.0,100.0,100.0,100.0,1000.0,1000.0,1000.0,39.07269587601053,0,0,39.07269587601053,0.0,0.0,0,0
169812,37.0,37.0,20.0,0.0,0.0,0.0,16.9,1.0,1.0,1.0,0.0,0.0,0.0,0.0,0.0,0.0,100.0,100.0,100.0,1000.0,1000.0,1000.0,39.07269587601053,0,0,39.07269587601053,0.0,0.0,0,0
170012,37.0,37.0,20.0,0.0,0.0,0.0,17.0,1.0,1.0,1.0,0.0,0.0,0.0,0.0,0.0,0.0,100.0,100.0,100.0,1000.0,1000.0,1000.0,39.07269587601053,0,0,39.07269587601053,0.0,0.0,0,0
170212,37.0,37.0,20.0,0.0,0.0,0.0,17.0,1.0,1.0,1.0,0.0,0.0,0.0,0.0,0.0,0.0,100.0,100.0,100.0,1000.0,1000.0,1000.0,39.07269587601053,0,0,39.07269587601053,0.0,0.0,0,0
170412,37.0,37.0,20.0,0.0,0.0,0.0,17.0,1.0,1.0,1.0,0.0,0.0,0.0,0.0,0.0,0.0,100.0,100.0,100.0,1000.0,1000.0,1000.0,39.07269587601053,0,0,39.07269587601053,0.0,0.0,0,0
170612,37.0,37.0,20.0,0.0,0.0,0.0,17.0,1.0,1.0,1.0,0.0,0.0,0.0,0.0,0.0,0.0,100.0,100.0,100.0,1000.0,1000.0,1000.0,39.07269587601053,0,0,39.07269587601053,0.0,0.0,0,0
170812,37.0,37.0,20.0,0.0,0.0,0.0,17.0,1.0,1.0,1.0,0.0,0.0,0.0,0.0,0.0,0.0,100.0,100.0,100.0,1000.0,1000.0,1000.0,39.07269587601053,0,0,39.07269587601053,0.0,0.0,0,0
171012,37.0,37.0,20.0,0.0,0.0,0.0,17.1,1.0,1.0,1.0,0.0,0.0,0.0,0.0,0.0,0.0,100.0,100.0,100.0,1000.0,1000.0,1000.0,39.07269587601053,0,0,39.07269587601053,0.0,0.0,0,0
171212,37.0,37.0,20.0,0.0,0.0,0.0,17.1,1.0,1.0,1.0,0.0,0.0,0.0,0.0,0.0,0.0,100.0,100.0,100.0,1000.0,1000.0,1000.0,39.07269587601053,0,0,39.07269587601053,0.0,0.0,0,0
171412,37.0,37.0,20.0,0.0,0.0,0.0,17.1,1.0,1.0,1.0,0.0,0.0,0.0,0.0,0.0,0.0,100.0,100.0,100.0,1000.0,1000.0,1000.0,39.07269587601053,0,0,39.07269587601053,0.0,0.0,0,0
171612,37.5,37.0,20.0,0.0,0.0,0.0,17.1,1.0,1.0,1.0,0.0,0.0,0.0,0.0,0.0,0.0,100.0,100.0,100.0,1000.0,1000.0,1000.0,39.07269587601053,0,0,39.07269587601053,0.0,0.0,0,0
171812,37.5,37.0,20.0,0.0,0.0,0.0,17.1,1.0,1.0,1.0,0.0,0.0,0.0,0.0,0.0,0.0,100.0,100.0,100.0,1000.0,1000.0,1000.0,39.07269587601053,0,0,39.07269587601053,0.0,0.0,0,0
172012,37.5,37.0,20.0,0.0,0.0,0.0,17.2,1.0,1.0,1.0,0.0,0.0,0.0,0.0,0.0,0.0,100.0,100.0,100.0,1000.0,1000.0,1000.0,39.07269587601053,0,0,39.07269587601053,0.0,0.0,0,0
172212,37.5,37.0,20.0,0.0,0.0,0.0,17.2,1.0,1.0,1.0,0.0,0.0,0.0,0.0,0.0,0.0,100.0,100.0,100.0,1000.0,1000.0,1000.0,39.07269587601053,0,0,39.07269587601053,0.0,0.0,0,0
172412,37.5,37.0,20.0,0.0,0.0,0.0,17.2,1.0,1.0,1.0,0.0,0.0,0.0,0.0,0.0,0.0,100.0,100.0,100.0,1000.0,1000.0,1000.0,39.07269587601053,0,0,39.07269587601053,0.0,0.0,0,0
172612,37.5,37.0,20.0,0.0,0.0,0.0,17.2,1.0,1.0,1.0,0.0,0.0,0.0,0.0,0.0,0.0,100.0,100.0,100.0,1000.0,1000.0,1000.0,39.07269587601053,0,0,39.07269587601053,0.0,0.0,0,0
172812,37.5,37.0,20.0,0.0,0.0,0.0,17.2,1.0,1.0,1.0,0.0,0.0,0.0,0.0,0.0,0.0,100.0,100.0,100.0,1000.0,1000.0,1000.0,39.07269587601053,0,0,39.07269587601053,0.0,0.0,0,0
173012,37.5,37.0,20.0,0.0,0.0,0.0,17.3,1.0,1.0,1.0,0.0,0.0,0.0,0.0,0.0,0.0,100.0,100.0,100.0,1000.0,1000.0,1000.0,39.07269587601053,0,0,39.07269587601053,0.0,0.0,0,0
173212,37.5,37.0,20.0,0.0,0.0,0.0,17.3,1.0,1.0,1.0,0.0,0.0,0.0,0.0,0.0,0.0,100.0,100.0,100.0,1000.0,1000.0,1000.0,39.07269587601053,0,0,39.07269587601053,0.0,0.0,0,0
173412,37.5,37.0,20.0,0.0,0.0,0.0,17.3,1.0,1.0,1.0,0.0,0.0,0.0,0.0,0.0,0.0,100.0,100.0,100.0,1000.0,1000.0,1000.0,39.07269587601053,0,0,39.07269587601053,0.0,0.0,0,0
173612,37.5,37.5,20.0,0.0,0.0,0.0,17.3,1.0,1.0,1.0,0.0,0.0,0.0,0.0,0.0,0.0,100.0,100.0,100.0,1000.0,1000.0,1000.0,39.07269587601053,0,0,39.07269587601053,0.0,0.0,0,0
173812,37.5,37.5,20.0,0.0,0.0,0.0,17.3,1.0,1.0,1.0,0.0,0.0,0.0,0.0,0.0,0.0,100.0,100.0,100.0,1000.0,1000.0,1000.0,39.07269587601053,0,0,39.07269587601053,0.0,0.0,0,0
174012,37.5,37.5,20.0,0.0,0.0,0.0,17.4,1.0,1.0,1.0,0.0,0.0,0.0,0.0,0.0,0.0,100.0,100.0,100.0,1000.0,1000.0,1000.0,39.07269587601053,0,0,39.07269587601053,0.0,0.0,0,0
174212,37.5,37.5,20.0,0.0,0.0,0.0,17.4,1.0,1.0,1.0,0.0,0.0,0.0,0.0,0.0,0.0,100.0,100.0,100.0,1000.0,1000.0,1000.0,39.07269587601053,0,0,39.07269587601053,0.0,0.0,0,0
174412,37.5,37.5,20.0,0.0,0.0,0.0,17.4,1.0,1.0,1.0,0.0,0.0,0.0,0.0,0.0,0.0,100.0,100.0,100.0,1000.0,1000.0,1000.0,39.07269587601053,0,0,39.07269587601053,0.0,0.0,0,0
174612,37.5,37.5,20.0,0.0,0.0,0.0,17.4,1.0,1.0,1.0,0.0,0.0,0.0,0.0,0.0,0.0,100.0,100.0,100.0,1000.0,1000.0,1000.0,39.07269587601053,0,0,39.07269587601053,0.0,0.0,0,0
174812,37.5,37.5,20.0,0.0,0.0,0.0,17.4,1.0,1.0,1.0,0.0,0.0,0.0,0.0,0.0,0.0,100.0,100.0,100.0,1000.0,1000.0,1000.0,39.07269587601053,0,0,39.07269587601053,0.0,0.0,0,0
175012,37.5,37.5,20.0,0.0,0.0,0.0,17.5,1.0,1.0,1.0,0.0,0.0,0.0,0.0,0.0,0.0,100.0,100.0,100.0,1000.0,1000.0,1000.0,39.07269587601053,0,0,39.07269587601053,0.0,0.0,0,0
175212,37.5,37.5,20.0,0.0,0.0,0.0,17.5,1.0,1.0,1.0,0.0,0.0,0.0,0.0,0.0,0.0,100.0,100.0,100.0,1000.0,1000.0,1000.0,39.07269587601053,0,0,39.07269587601053,0.0,0.0,0,0
175412,37.5,37.5,20.0,0.0,0.0,0.0,17.5,1.0,1.0,1.0,0.0,0.0,0.0,0.0,0.0,0.0,100.0,100.0,100.0,1000.0,1000.0,1000.0,39.07269587601053,0,0,39.07269587601053,0.0,0.0,0,0
175612,37.5,37.5,20.0,0.0,0.0,0.0,17.5,1.0,1.0,1.0,0.0,0.0,0.0,0.0,0.0,0.0,100.0,100.0,100.0,1000.0,1000.0,1000.0,39.07269587601053,0,0,39.07269587601053,0.0,0.0,0,0
175812,37.5,37.5,20.0,0.0,0.0,0.0,17.5,1.0,1.0,1.0,0.0,0.0,0.0,0.0,0.0,0.0,100.0,100.0,100.0,1000.0,1000.0,1000.0,39.07269587601053,0,0,39.07269587601053,0.0,0.0,0,0
176012,38.0,37.5,20.0,0.0,0.0,0.0,17.6,1.0,1.0,1.0,0.0,0.0,0.0,0.0,0.0,0.0,100.0,100.0,100.0,1000.0,1000.0,1000.0,39.07269587601053,0,0,39.07269587601053,0.0,0.0,0,0
176212,38.0,37.5,20.0,0.0,0.0,0.0,17.6,1.0,1.0,1.0,0.0,0.0,0.0,0.0,0.0,0.0,100.0,100.0,100.0,1000.0,1000.0,1000.0,39.07269587601053,0,0,39.07269587601053,0.0,0.0,0,0
176412,38.0,37.5,20.0,0.0,0.0,0.0,17.6,1.0,1.0,1.0,0.0,0.0,0.0,0.0,0.0,0.0,100.0,100.0,100.0,1000.0,1000.0,1000.0,39.07269587601053,0,0,39.07269587601053,0.0,0.0,0,0
176612,38.0,37.5,20.0,0.0,0.0,0.0,17.6,1.0,1.0,1.0,0.0,0.0,0.0,0.0,0.0,0.0,100.0,100.0,100.0,1000.0,1000.0,1000.0,39.07269587601053,0,0,39.07269587601053,0.0,0.0,0,0
176812,38.0,37.5,20.0,0.0,0.0,0.0,17.6,1.0,1.0,1.0,0.0,0.0,0.0,0.0,0.0,0.0,100.0,100.0,100.0,1000.0,1000.0,1000.0,39.07269587601053,0,0,39.07269587601053,0.0,0.0,0,0
177012,38.0,37.5,20.0,0.0,0.0,0.0,17.7,1.0,1.0,1.0,0.0,0.0,0.0,0.0,0.0,0.0,100.0,100.0,100.0,1000.0,1000.0,1000.0,39.07269587601053,0,0,39.07269587601053,0.0,0.0,0,0
177212,38.0,37.5,20.0,0.0,0.0,0.0,17.7,1.0,1.0,1.0,0.0,0.0,0.0,0.0,0.0,0.0,100.0,100.0,100.0,1000.0,1000.0,1000.0,39.07269587601053,0,0,39.07269587601053,0.0,0.0,0,0
177412,38.0,37.5,20.0,0.0,0.0,0.0,17.7,1.0,1.0,1.0,0.0,0.0,0.0,0.0,0.0,0.0,100.0,100.0,100.0,1000.0,1000.0,1000.0,39.07269587601053,0,0,39.07269587601053,0.0,0.0,0,0
177612,38.0,37.5,20.0,0.0,0.0,0.0,17.7,1.0,1.0,1.0,0.0,0.0,0.0,0.0,0.0,0.0,100.0,100.0,100.0,1000.0,1000.0,1000.0,39.07269587601053,0,0,39.07269587601053,0.0,0.0,0,0
177812,38.0,37.5,20.0,0.0,0.0,0.0,17.7,1.0,1.0,1.0,0.0,0.0,0.0,0.0,0.0,0.0,100.0,100.0,100.0,1000.0,1000.0,1000.0,39.07269587601053,0,0,39.07269587601053,0.0,0.0,0,0
178012,38.0,37.5,20.0,0.0,0.0,0.0,17.8,1.0,1.0,1.0,0.0,0.0,0.0,0.0,0.0,0.0,100.0,100.0,100.0,1000.0,1000.0,1000.0,39.07269587601053,0,0,39.07269587601053,0.0,0.0,0,0
178212,38.0,37.5,20.0,0.0,0.0,0.0,17.8,1.0,1.0,1.0,0.0,0.0,0.0,0.0,0.0,0.0,100.0,100.0,100.0,1000.0,1000.0,1000.0,39.07269587601053,0,0,39.07269587601053,0.0,0.0,0,0
178412,38.0,38.0,20.0,0.0,0.0,0.0,17.8,1.0,1.0,1.0,0.0,0.0,0.0,0.0,0.0,0.0,100.0,100.0,100.0,1000.0,1000.0,1000.0,39.07269587601053,0,0,39.07269587601053,0.0,0.0,0,0
178612,38.0,38.0,20.0,0.0,0.0,0.0,17.8,1.0,1.0,1.0,0.0,0.0,0.0,0.0,0.0,0.0,100.0,100.0,100.0,1000.0,1000.0,1000.0,39.07269587601053,0,0,39.07269587601053,0.0,0.0,0,0
178812,38.0,38.0,20.0,0.0,0.0,0.0,17.8,1.0,1.0,1.0,0.0,0.0,0.0,0.0,0.0,0.0,100.0,100.0,100.0,1000.0,1000.0,1000.0,39.07269587601053,0,0,39.07269587601053,0.0,0.0,0,0
179012,38.0,38.0,20.0,0.0,0.0,0.0,17.9,1.0,1.0,1.0,0.0,0.0,0.0,0.0,0.0,0.0,100.0,100.0,100.0,1000.0,1000.0,1000.0,39.07269587601053,0,0,39.07269587601053,0.0,0.0,0,0
179212,38.0,38.0,20.0,0.0,0.0,0.0,17.9,1.0,1.0,1.0,0.0,0.0,0.0,0.0,0.0,0.0,100.0,100.0,100.0,1000.0,1000.0,1000.0,39.07269587601053,0,0,39.07269587601053,0.0,0.0,0,0
179412,38.0,38.0,20.0,0.0,0.0,0.0,17.9,1.0,1.0,1.0,0.0,0.0,0.0,0.0,0.0,0.0,100.0,100.0,100.0,1000.0,1000.0,1000.0,39.07269587601053,0,0,39.07269587601053,0.0,0.0,0,0
179612,38.0,38.0,20.0,0.0,0.0,0.0,17.9,1.0,1.0,1.0,0.0,0.0,0.0,0.0,0.0,0.0,100.0,100.0,100.0,1000.0,1000.0,1000.0,39.07269587601053,0,0,39.07269587601053,0.0,0.0,0,0
179812,38.0,38.0,20.0,0.0,0.0,0.0,17.9,1.0,1.0,1.0,0.0,0.0,0.0,0.0,0.0,0.0,100.0,100.0,100.0,1000.0,1000.0,1000.0,39.07269587601053,0,0,39.07269587601053,0.0,0.0,0,0
180012,38.0,38.0,20.0,0.0,0.0,0.0,18.0,1.0,1.0,1.0,0.0,0.0,0.0,0.0,0.0,0.0,100.0,100.0,100.0,1000.0,1000.0,1000.0,39.07269587601053,0,0,39.07269587601053,0.0,0.0,0,0
180212,38.0,38.0,20.0,0.0,0.0,0.0,18.0,1.0,1.0,1.0,0.0,0.0,0.0,0.0,0.0,0.0,100.0,100.0,100.0,1000.0,1000.0,1000.0,40.915396584474294,0,0,40.915396584474294,0.0,0.0,1,0
180412,38.0,38.0,20.0,0.0,0.0,0.0,18.0,1.0,1.0,1.0,0.0,0.0,0.0,0.0,0.0,0.0,100.0,100.0,100.0,1000.0,1000.0,1000.0,40.915396584474294,0,0,40.915396584474294,0.0,0.0,0,0
180612,38.0,38.0,20.0,0.0,0.0,0.0,18.0,1.0,1.0,1.0,0.0,0.0,0.0,0.0,0.0,0.0,100.0,100.0,100.0,1000.0,1000.0,1000.0,40.915396584474294,0,0,40.915396584474294,0.0,0.0,0,0
180812,38.0,38.0,20.0,0.0,0.0,0.0,18.0,1.0,1.0,1.0,0.0,0.0,0.0,0.0,0.0,0.0,100.0,100.0,100.0,1000.0,1000.0,1000.0,40.915396584474294,0,0,40.915396584474294,0.0,0.0,0,0
181012,38.5,38.0,20.0,0.0,0.0,0.0,18.1,1.0,1.0,1.0,0.0,0.0,0.0,0.0,0.0,0.0,100.0,100.0,100.0,1000.0,1000.0,1000.0,40.915396584474294,0,0,40.915396584474294,0.0,0.0,0,0
181212,38.5,38.0,20.0,0.0,0.0,0.0,18.1,1.0,1.0,1.0,0.0,0.0,0.0,0.0,0.0,0.0,100.0,100.0,100.0,1000.0,1000.0,1000.0,40.915396584474294,0,0,40.915396584474294,0.0,0.0,0,0
181412,38.5,38.0,20.0,0.0,0.0,0.0,18.1,1.0,1.0,1.0,0.0,0.0,0.0,0.0,0.0,0.0,100.0,100.0,100.0,1000.0,1000.0,1000.0,40.915396584474294,0,0,40.915396584474294,0.0,0.0,0,0
181612,38.5,38.0,20.0,0.0,0.0,0.0,18.1,1.0,1.0,1.0,0.0,0.0,0.0,0.0,0.0,0.0,100.0,100.0,100.0,1000.0,1000.0,1000.0,40.915396584474294,0,0,40.915396584474294,0.0,0.0,0,0
181812,38.5,38.0,20.0,0.0,0.0,0.0,18.1,1.0,1.0,1.0,0.0,0.0,0.0,0.0,0.0,0.0,100.0,100.0,100.0,1000.0,1000.0,1000.0,40.915396584474294,0,0,40.915396584474294,0.0,0.0,0,0
182012,38.5,38.0,20.0,0.0,0.0,0.0,18.2,1.0,1.0,1.0,0.0,0.0,0.0,0.0,0.0,0.0,100.0,100.0,100.0,1000.0,1000.0,1000.0,40.915396584474294,0,0,40.915396584474294,0.0,0.0,0,0
182212,38.5,38.0,20.0,0.0,0.0,0.0,18.2,1.0,1.0,1.0,0.0,0.0,0.0,0.0,0.0,0.0,100.0,100.0,100.0,1000.0,1000.0,1000.0,40.915396584474294,0,0,40.915396584474294,0.0,0.0,0,0
182412,38.5,38.0,20.0,0.0,0.0,0.0,18.2,1.0,1.0,1.0,0.0,0.0,0.0,0.0,0.0,0.0,100.0,100.0,100.0,1000.0,1000.0,1000.0,40.915396584474294,0,0,40.915396584474294,0.0,0.0,0,0
182612,38.5,38.0,20.0,0.0,0.0,0.0,18.2,1.0,1.0,1.0,0.0,0.0,0.0,0.0,0.0,0.0,100.0,100.0,100.0,1000.0,1000.0,1000.0,40.915396584474294,0,0,40.915396584474294,0.0,0.0,0,0
182812,38.5,38.0,20.0,0.0,0.0,0.0,18.2,1.0,1.0,1.0,0.0,0.0,0.0,0.0,0.0,0.0,100.0,100.0,100.0,1000.0,1000.0,1000.0,40.915396584474294,0,0,40.915396584474294,0.0,0.0,0,0
183012,38.5,38.5,20.0,0.0,0.0,0.0,18.3,1.0,1.0,1.0,0.0,0.0,0.0,0.0,0.0,0.0,100.0,100.0,100.0,1000.0,1000.0,1000.0,40.915396584474294,0,0,40.915396584474294,0.0,0.0,0,0
183212,38.5,38.5,20.0,0.0,0.0,0.0,18.3,1.0,1.0,1.0,0.0,0.0,0.0,0.0,0.0,0.0,100.0,100.0,100.0,1000.0,1000.0,1000.0,40.915396584474294,0,0,40.915396584474294,0.0,0.0,0,0
183412,38.5,38.5,20.0,0.0,0.0,0.0,18.3,1.0,1.0,1.0,0.0,0.0,0.0,0.0,0.0,0.0,100.0,100.0,100.0,1000.0,1000.0,1000.0,40.915396584474294,0,0,40.915396584474294,0.0,0.0,0,0
183612,38.5,38.5,20.0,0.0,0.0,0.0,18.3,1.0,1.0,1.0,0.0,0.0,0.0,0.0,0.0,0.0,100.0,100.0,100.0,1000.0,1000.0,1000.0,40.915396584474294,0,0,40.915396584474294,0.0,0.0,0,0
183812,38.5,38.5,20.0,0.0,0.0,0.0,18.3,1.0,1.0,1.0,0.0,0.0,0.0,0.0,0.0,0.0,100.0,100.0,100.0,1000.0,1000.0,1000.0,40.915396584474294,0,0,40.915396584474294,0.0,0.0,0,0
184012,38.5,38.5,20.0,0.0,0.0,0.0,18.4,1.0,1.0,1.0,0.0,0.0,0.0,0.0,0.0,0.0,100.0,100.0,100.0,1000.0,1000.0,1000.0,40.915396584474294,0,0,40.915396584474294,0.0,0.0,0,0
184212,38.5,38.5,20.0,0.0,0.0,0.0,18.4,1.0,1.0,1.0,0.0,0.0,0.0,0.0,0.0,0.0,100.0,100.0,100.0,1000.0,1000.0,1000.0,40.915396584474294,0,0,40.915396584474294,0.0,0.0,0,0
184412,38.5,38.5,20.0,0.0,0.0,0.0,18.4,1.0,1.0,1.0,0.0,0.0,0.0,0.0,0.0,0.0,100.0,100.0,100.0,1000.0,1000.0,1000.0,40.915396584474294,0,0,40.915396584474294,0.0,0.0,0,0
184612,38.5,38.5,20.0,0.0,0.0,0.0,18.4,1.0,1.0,1.0,0.0,0.0,0.0,0.0,0.0,0.0,100.0,100.0,100.0,1000.0,1000.0,1000.0,40.915396584474294,0,0,40.915396584474294,0.0,0.0,0,0
184812,38.5,38.5,20.0,0.0,0.0,0.0,18.4,1.0,1.0,1.0,0.0,0.0,0.0,0.0,0.0,0.0,100.0,100.0,100.0,1000.0,1000.0,1000.0,40.915396584474294,0,0,40.915396584474294,0.0,0.0,0,0
185012,38.5,38.5,20.0,0.0,0.0,0.0,18.5,1.0,1.0,1.0,0.0,0.0,0.0,0.0,0.0,0.0,100.0,100.0,100.0,1000.0,1000.0,1000.0,40.915396584474294,0,0,40.915396584474294,0.0,0.0,0,0
185212,38.5,38.5,20.0,0.0,0.0,0.0,18.5,1.0,1.0,1.0,0.0,0.0,0.0,0.0,0.0,0.0,100.0,100.0,100.0,1000.0,1000.0,1000.0,40.915396584474294,0,0,40.915396584474294,0.0,0.0,0,0
185412,38.5,38.5,20.0,0.0,0.0,0.0,18.5,1.0,1.0,1.0,0.0,0.0,0.0,0.0,0.0,0.0,100.0,100.0,100.0,1000.0,1000.0,1000.0,40.915396584474294,0,0,40.915396584474294,0.0,0.0,0,0
185612,38.5,38.5,20.0,0.0,0.0,0.0,18.5,1.0,1.0,1.0,0.0,0.0,0.0,0.0,0.0,0.0,100.0,100.0,100.0,1000.0,1000.0,1000.0,40.915396584474294,0,0,40.915396584474294,0.0,0.0,0,0
185812,38.5,38.5,20.0,0.0,0.0,0.0,18.5,1.0,1.0,1.0,0.0,0.0,0.0,0.0,0.0,0.0,100.0,100.0,100.0,1000.0,1000.0,1000.0,40.915396584474294,0,0,40.915396584474294,0.0,0.0,0,0
186012,38.5,38.5,20.0,0.0,0.0,0.0,18.6,1.0,1.0,1.0,0.0,0.0,0.0,0.0,0.0,0.0,100.0,100.0,100.0,1000.0,1000.0,1000.0,40.915396584474294,0,0,40.915396584474294,0.0,0.0,0,0
186212,38.5,38.5,20.0,0.0,0.0,0.0,18.6,1.0,1.0,1.0,0.0,0.0,0.0,0.0,0.0,0.0,100.0,100.0,100.0,1000.0,1000.0,1000.0,40.915396584474294,0,0,40.915396584474294,0.0,0.0,0,0
186412,38.5,38.5,20.0,0.0,0.0,0.0,18.6,1.0,1.0,1.0,0.0,0.0,0.0,0.0,0.0,0.0,100.0,100.0,100.0,1000.0,1000.0,1000.0,40.915396584474294,0,0,40.915396584474294,0.0,0.0,0,0
186612,39.0,38.5,20.0,0.0,0.0,0.0,18.6,1.0,1.0,1.0,0.0,0.0,0.0,0.0,0.0,0.0,100.0,100.0,100.0,1000.0,1000.0,1000.0,40.915396584474294,0,0,40.915396584474294,0.0,0.0,0,0
186812,39.0,38.5,20.0,0.0,0.0,0.0,18.6,1.0,1.0,1.0,0.0,0.0,0.0,0.0,0.0,0.0,100.0,100.0,100.0,1000.0,1000.0,1000.0,40.915396584474294,0,0,40.915396584474294,0.0,0.0,0,0
187012,39.0,38.5,20.0,0.0,0.0,0.0,18.7,1.0,1.0,1.0,0.0,0.0,0.0,0.0,0.0,0.0,100.0,100.0,100.0,1000.0,1000.0,1000.0,40.915396584474294,0,0,40.915396584474294,0.0,0.0,0,0
187212,39.0,38.5,20.0,0.0,0.0,0.0,18.7,1.0,1.0,1.0,0.0,0.0,0.0,0.0,0.0,0.0,100.0,100.0,100.0,1000.0,1000.0,1000.0,40.915396584474294,0,0,40.915396584474294,0.0,0.0,0,0
187412,39.0,38.5,20.0,0.0,0.0,0.0,18.7,1.0,1.0,1.0,0.0,0.0,0.0,0.0,0.0,0.0,100.0,100.0,100.0,1000.0,1000.0,1000.0,40.915396584474294,0,0,40.915396584474294,0.0,0.0,0,0
187612,39.0,38.5,20.0,0.0,0.0,0.0,18.7,1.0,1.0,1.0,0.0,0.0,0.0,0.0,0.0,0.0,100.0,100.0,100.0,1000.0,1000.0,1000.0,40.915396584474294,0,0,40.915396584474294,0.0,0.0,0,0
187812,39.0,38.5,20.0,0.0,0.0,0.0,18.7,1.0,1.0,1.0,0.0,0.0,0.0,0.0,0.0,0.0,100.0,100.0,100.0,1000.0,1000.0,1000.0,40.915396584474294,0,0,40.915396584474294,0.0,0.0,0,0
188012,39.0,39.0,20.0,0.0,0.0,0.0,18.8,1.0,1.0,1.0,0.0,0.0,0.0,0.0,0.0,0.0,100.0,100.0,100.0,1000.0,1000.0,1000.0,40.915396584474294,0,0,40.915396584474294,0.0,0.0,0,0
188212,39.0,39.0,20.0,0.0,0.0,0.0,18.8,1.0,1.0,1.0,0.0,0.0,0.0,0.0,0.0,0.0,100.0,100.0,100.0,1000.0,1000.0,1000.0,40.915396584474294,0,0,40.915396584474294,0.0,0.0,0,0
188412,39.0,39.0,20.0,0.0,0.0,0.0,18.8,1.0,1.0,1.0,0.0,0.0,0.0,0.0,0.0,0.0,100.0,100.0,100.0,1000.0,1000.0,1000.0,40.915396584474294,0,0,40.915396584474294,0.0,0.0,0,0
188612,39.0,39.0,20.0,0.0,0.0,0.0,18.8,1.0,1.0,1.0,0.0,0.0,0.0,0.0,0.0,0.0,100.0,100.0,100.0,1000.0,1000.0,1000.0,40.915396584474294,0,0,40.915396584474294,0.0,0.0,0,0
188812,39.0,39.0,20.0,0.0,0.0,0.0,18.8,1.0,1.0,1.0,0.0,0.0,0.0,0.0,0.0,0.0,100.0,100.0,100.0,1000.0,1000.0,1000.0,40.915396584474294,0,0,40.915396584474294,0.0,0.0,0,0
189012,39.0,39.0,20.0,0.0,0.0,0.0,18.9,1.0,1.0,1.0,0.0,0.0,0.0,0.0,0.0,0.0,100.0,100.0,100.0,1000.0,1000.0,1000.0,40.915396584474294,0,0,40.915396584474294,0.0,0.0,0,0
189212,39.0,39.0,20.0,0.0,0.0,0.0,18.9,1.0,1.0,1.0,0.0,0.0,0.0,0.0,0.0,0.0,100.0,100.0,100.0,1000.0,1000.0,1000.0,40.915396584474294,0,0,40.915396584474294,0.0,0.0,0,0
189412,39.0,39.0,20.0,0.0,0.0,0.0,18.9,1.0,1.0,1.0,0.0,0.0,0.0,0.0,0.0,0.0,100.0,100.0,100.0,1000.0,1000.0,1000.0,40.915396584474294,0,0,40.915396584474294,0.0,0.0,0,0
189612,39.0,39.0,20.0,0.0,0.0,0.0,18.9,1.0,1.0,1.0,0.0,0.0,0.0,0.0,0.0,0.0,100.0,100.0,100.0,1000.0,1000.0,1000.0,40.915396584474294,0,0,40.915396584474294,0.0,0.0,0,0
189812,39.0,39.0,20.0,0.0,0.0,0.0,18.9,1.0,1.0,1.0,0.0,0.0,0.0,0.0,0.0,0.0,100.0,100.0,100.0,1000.0,1000.0,1000.0,40.915396584474294,0,0,40.915396584474294,0.0,0.0,0,0
190012,39.0,39.0,20.0,0.0,0.0,0.0,19.0,1.0,1.0,1.0,0.0,0.0,0.0,0.0,0.0,0.0,100.0,100.0,100.0,1000.0,1000.0,1000.0,40.915396584474294,0,0,40.915396584474294,0.0,0.0,0,0
190212,39.0,39.0,20.0,0.0,0.0,0.0,19.0,1.0,1.0,1.0,0.0,0.0,0.0,0.0,0.0,0.0,100.0,100.0,100.0,1000.0,1000.0,1000.0,40.915396584474294,0,0,40.915396584474294,0.0,0.0,0,0
190412,39.0,39.0,20.0,0.0,0.0,0.0,19.0,1.0,1.0,1.0,0.0,0.0,0.0,0.0,0.0,0.0,100.0,100.0,100.0,1000.0,1000.0,1000.0,40.915396584474294,0,0,40.915396584474294,0.0,0.0,0,0
190612,39.0,39.0,20.0,0.0,0.0,0.0,19.0,1.0,1.0,1.0,0.0,0.0,0.0,0.0,0.0,0.0,100.0,100.0,100.0,1000.0,1000.0,1000.0,40.915396584474294,0,0,40.915396584474294,0.0,0.0,0,0
190812,39.0,39.0,20.0,0.0,0.0,0.0,19.0,1.0,1.0,1.0,0.0,0.0,0.0,0.0,0.0,0.0,100.0,100.0,100.0,1000.0,1000.0,1000.0,40.915396584474294,0,0,40.915396584474294,0.0,0.0,0,0
191012,39.0,39.0,20.0,0.0,0.0,0.0,19.1,1.0,1.0,1.0,0.0,0.0,0.0,0.0,0.0,0.0,100.0,100.0,100.0,1000.0,1000.0,1000.0,40.915396584474294,0,0,40.915396584474294,0.0,0.0,0,0
191212,39.0,39.0,20.0,0.0,0.0,0.0,19.1,1.0,1.0,1.0,0.0,0.0,0.0,0.0,0.0,0.0,100.0,100.0,100.0,1000.0,1000.0,1000.0,40.915396584474294,0,0,40.915396584474294,0.0,0.0,0,0
191412,39.0,39.0,20.0,0.0,0.0,0.0,19.1,1.0,1.0,1.0,0.0,0.0,0.0,0.0,0.0,0.0,100.0,100.0,100.0,1000.0,1000.0,1000.0,40.915396584474294,0,0,40.915396584474294,0.0,0.0,0,0
191612,39.5,39.0,20.0,0.0,0.0,0.0,19.1,1.0,1.0,1.0,0.0,0.0,0.0,0.0,0.0,0.0,100.0,100.0,100.0,1000.0,1000.0,1000.0,40.915396584474294,0,0,40.915396584474294,0.0,0.0,0,0
191812,39.5,39.0,20.0,0.0,0.0,0.0,19.1,1.0,1.0,1.0,0.0,0.0,0.0,0.0,0.0,0.0,100.0,100.0,100.0,1000.0,1000.0,1000.0,40.915396584474294,0,0,40.915396584474294,0.0,0.0,0,0
192012,39.5,39.0,20.0,0.0,0.0,0.0,19.2,1.0,1.0,1.0,0.0,0.0,0.0,0.0,0.0,0.0,100.0,100.0,100.0,1000.0,1000.0,1000.0,40.915396584474294,0,0,40.915396584474294,0.0,0.0,0,0
192212,39.5,39.0,20.0,0.0,0.0,0.0,19.2,1.0,1.0,1.0,0.0,0.0,0.0,0.0,0.0,0.0,100.0,100.0,100.0,1000.0,1000.0,1000.0,40.915396584474294,0,0,40.915396584474294,0.0,0.0,0,0
192412,39.5,39.0,20.0,0.0,0.0,0.0,19.2,1.0,1.0,1.0,0.0,0.0,0.0,0.0,0.0,0.0,100.0,100.0,100.0,1000.0,1000.0,1000.0,40.915396584474294,0,0,40.915396584474294,0.0,0.0,0,0
192612,39.5,39.0,20.0,0.0,0.0,0.0,19.2,1.0,1.0,1.0,0.0,0.0,0.0,0.0,0.0,0.0,100.0,100.0,100.0,1000.0,1000.0,1000.0,40.915396584474294,0,0,40.915396584474294,0.0,0.0,0,0
192812,39.5,39.0,20.0,0.0,0.0,0.0,19.2,1.0,1.0,1.0,0.0,0.0,0.0,0.0,0.0,0.0,100.0,100.0,100.0,1000.0,1000.0,1000.0,40.915396584474294,0,0,40.915396584474294,0.0,0.0,0,0
193012,39.5,39.5,20.0,0.0,0.0,0.0,19.3,1.0,1.0,1.0,0.0,0.0,0.0,0.0,0.0,0.0,100.0,100.0,100.0,1000.0,1000.0,1000.0,40.915396584474294,0,0,40.915396584474294,0.0,0.0,0,0
193212,39.5,39.5,20.0,0.0,0.0,0.0,19.3,1.0,1.0,1.0,0.0,0.0,0.0,0.0,0.0,0.0,100.0,100.0,100.0,1000.0,1000.0,1000.0,40.915396584474294,0,0,40.915396584474294,0.0,0.0,0,0
193412,39.5,39.5,20.0,0.0,0.0,0.0,19.3,1.0,1.0,1.0,0.0,0.0,0.0,0.0,0.0,0.0,100.0,100.0,100.0,1000.0,1000.0,1000.0,40.915396584474294,0,0,40.915396584474294,0.0,0.0,0,0
193612,39.5,39.5,20.0,0.0,0.0,0.0,19.3,1.0,1.0,1.0,0.0,0.0,0.0,0.0,0.0,0.0,100.0,100.0,100.0,1000.0,1000.0,1000.0,40.915396584474294,0,0,40.915396584474294,0.0,0.0,0,0
193812,39.5,39.5,20.0,0.0,0.0,0.0,19.3,1.0,1.0,1.0,0.0,0.0,0.0,0.0,0.0,0.0,100.0,100.0,100.0,1000.0,1000.0,1000.0,40.915396584474294,0,0,40.915396584474294,0.0,0.0,0,0
194012,39.5,39.5,20.0,0.0,0.0,0.0,19.4,1.0,1.0,1.0,0.0,0.0,0.0,0.0,0.0,0.0,100.0,100.0,100.0,1000.0,1000.0,1000.0,40.915396584474294,0,0,40.915396584474294,0.0,0.0,0,0
194212,39.5,39.5,20.0,0.0,0.0,0.0,19.4,1.0,1.0,1.0,0.0,0.0,0.0,0.0,0.0,0.0,100.0,100.0,100.0,1000.0,1000.0,1000.0,40.915396584474294,0,0,40.915396584474294,0.0,0.0,0,0
194412,39.5,39.5,20.0,0.0,0.0,0.0,19.4,1.0,1.0,1.0,0.0,0.0,0.0,0.0,0.0,0.0,100.0,100.0,100.0,1000.0,1000.0,1000.0,40.915396584474294,0,0,40.915396584474294,0.0,0.0,0,0
194612,39.5,39.5,20.0,0.0,0.0,0.0,19.4,1.0,1.0,1.0,0.0,0.0,0.0,0.0,0.0,0.0,100.0,100.0,100.0,1000.0,1000.0,1000.0,40.915396584474294,0,0,40.915396584474294,0.0,0.0,0,0
194812,39.5,39.5,20.0,0.0,0.0,0.0,19.4,1.0,1.0,1.0,0.0,0.0,0.0,0.0,0.0,0.0,100.0,100.0,100.0,1000.0,1000.0,1000.0,40.915396584474294,0,0,40.915396584474294,0.0,0.0,0,0
195012,39.5,39.5,20.0,0.0,0.0,0.0,19.5,1.0,1.0,1.0,0.0,0.0,0.0,0.0,0.0,0.0,100.0,100.0,100.0,1000.0,1000.0,1000.0,40.915396584474294,0,0,40.915396584474294,0.0,0.0,0,0
195212,39.5,39.5,20.0,0.0,0.0,0.0,19.5,1.0,1.0,1.0,0.0,0.0,0.0,0.0,0.0,0.0,100.0,100.0,100.0,1000.0,1000.0,1000.0,42.56368743160528,0,0,42.56368743160528,0.0,0.0,1,0
195412,39.5,39.5,20.0,0.0,0.0,0.0,19.5,1.0,1.0,1.0,0.0,0.0,0.0,0.0,0.0,0.0,100.0,100.0,100.0,1000.0,1000.0,1000.0,42.56368743160528,0,0,42.56368743160528,0.0,0.0,0,0
195612,39.5,39.5,20.0,0.0,0.0,0.0,19.5,1.0,1.0,1.0,0.0,0.0,0.0,0.0,0.0,0.0,100.0,100.0,100.0,1000.0,1000.0,1000.0,42.56368743160528,0,0,42.56368743160528,0.0,0.0,0,0
195812,39.5,39.5,20.0,0.0,0.0,0.0,19.5,1.0,1.0,1.0,0.0,0.0,0.0,0.0,0.0,0.0,100.0,100.0,100.0,1000.0,1000.0,1000.0,42.56368743160528,0,0,42.56368743160528,0.0,0.0,0,0
196012,39.5,39.5,20.0,0.0,0.0,0.0,19.6,1.0,1.0,1.0,0.0,0.0,0.0,0.0,0.0,0.0,100.0,100.0,100.0,1000.0,1000.0,1000.0,42.56368743160528,0,0,42.56368743160528,0.0,0.0,0,0
196212,39.5,39.5,20.0,0.0,0.0,0.0,19.6,1.0,1.0,1.0,0.0,0.0,0.0,0.0,0.0,0.0,100.0,100.0,100.0,1000.0,1000.0,1000.0,42.56368743160528,0,0,42.56368743160528,0.0,0.0,0,0
196412,39.5,39.5,20.0,0.0,0.0,0.0,19.6,1.0,1.0,1.0,0.0,0.0,0.0,0.0,0.0,0.0,100.0,100.0,100.0,1000.0,1000.0,1000.0,42.56368743160528,0,0,42.56368743160528,0.0,0.0,0,0
196612,39.5,39.5,20.0,0.0,0.0,0.0,19.6,1.0,1.0,1.0,0.0,0.0,0.0,0.0,0.0,0.0,100.0,100.0,100.0,1000.0,1000.0,1000.0,42.56368743160528,0,0,42.56368743160528,0.0,0.0,0,0
196812,39.5,39.5,20.0,0.0,0.0,0.0,19.6,1.0,1.0,1.0,0.0,0.0,0.0,0.0,0.0,0.0,100.0,100.0,100.0,1000.0,1000.0,1000.0,42.56368743160528,0,0,42.56368743160528,0.0,0.0,0,0
197012,40.0,39.5,20.0,0.0,0.0,0.0,19.7,1.0,1.0,1.0,0.0,0.0,0.0,0.0,0.0,0.0,100.0,100.0,100.0,1000.0,1000.0,1000.0,42.56368743160528,0,0,42.56368743160528,0.0,0.0,0,0
197212,40.0,39.5,20.0,0.0,0.0,0.0,19.7,1.0,1.0,1.0,0.0,0.0,0.0,0.0,0.0,0.0,100.0,100.0,100.0,1000.0,1000.0,1000.0,42.56368743160528,0,0,42.56368743160528,0.0,0.0,0,0
197412,40.0,39.5,20.0,0.0,0.0,0.0,19.7,1.0,1.0,1.0,0.0,0.0,0.0,0.0,0.0,0.0,100.0,100.0,100.0,1000.0,1000.0,1000.0,42.56368743160528,0,0,42.56368743160528,0.0,0.0,0,0
197612,40.0,39.5,20.0,0.0,0.0,0.0,19.7,1.0,1.0,1.0,0.0,0.0,0.0,0.0,0.0,0.0,100.0,100.0,100.0,1000.0,1000.0,1000.0,42.56368743160528,0,0,42.56368743160528,0.0,0.0,0,0
197812,40.0,39.5,20.0,0.0,0.0,0.0,19.7,1.0,1.0,1.0,0.0,0.0,0.0,0.0,0.0,0.0,100.0,100.0,100.0,1000.0,1000.0,1000.0,42.56368743160528,0,0,42.56368743160528,0.0,0.0,0,0
198012,40.0,40.0,20.0,0.0,0.0,0.0,19.8,1.0,1.0,1.0,0.0,0.0,0.0,0.0,0.0,0.0,100.0,100.0,100.0,1000.0,1000.0,1000.0,42.56368743160528,0,0,42.56368743160528,0.0,0.0,0,0
198212,40.0,40.0,20.0,0.0,0.0,0.0,19.8,1.0,1.0,1.0,0.0,0.0,0.0,0.0,0.0,0.0,100.0,100.0,100.0,1000.0,1000.0,1000.0,42.56368743160528,0,0,42.56368743160528,0.0,0.0,0,0
198412,40.0,40.0,20.0,0.0,0.0,0.0,19.8,1.0,1.0,1.0,0.0,0.0,0.0,0.0,0.0,0.0,100.0,100.0,100.0,1000.0,1000.0,1000.0,42.56368743160528,0,0,42.56368743160528,0.0,0.0,0,0
198612,40.0,40.0,20.0,0.0,0.0,0.0,19.8,1.0,1.0,1.0,0.0,0.0,0.0,0.0,0.0,0.0,100.0,100.0,100.0,1000.0,1000.0,1000.0,42.56368743160528,0,0,42.56368743160528,0.0,0.0,0,0
198812,40.0,40.0,20.0,0.0,0.0,0.0,19.8,1.0,1.0,1.0,0.0,0.0,0.0,0.0,0.0,0.0,100.0,100.0,100.0,1000.0,1000.0,1000.0,42.56368743160528,0,0,42.56368743160528,0.0,0.0,0,0
199012,40.0,40.0,20.0,0.0,0.0,0.0,19.9,1.0,1.0,1.0,0.0,0.0,0.0,0.0,0.0,0.0,100.0,100.0,100.0,1000.0,1000.0,1000.0,42.56368743160528,0,0,42.56368743160528,0.0,0.0,0,0
199212,40.0,40.0,20.0,0.0,0.0,0.0,19.9,1.0,1.0,1.0,0.0,0.0,0.0,0.0,0.0,0.0,100.0,100.0,100.0,1000.0,1000.0,1000.0,42.56368743160528,0,0,42.56368743160528,0.0,0.0,0,0
199412,40.0,40.0,20.0,0.0,0.0,0.0,19.9,1.0,1.0,1.0,0.0,0.0,0.0,0.0,0.0,0.0,100.0,100.0,100.0,1000.0,1000.0,1000.0,42.56368743160528,0,0,42.56368743160528,0.0,0.0,0,0
199612,40.0,40.0,20.0,0.0,0.0,0.0,19.9,1.0,1.0,1.0,0.0,0.0,0.0,0.0,0.0,0.0,100.0,100.0,100.0,1000.0,1000.0,1000.0,42.56368743160528,0,0,42.56368743160528,0.0,0.0,0,0
199812,40.0,40.0,20.0,0.0,0.0,0.0,19.9,1.0,1.0,1.0,0.0,0.0,0.0,0.0,0.0,0.0,100.0,100.0,100.0,1000.0,1000.0,1000.0,42.56368743160528,0,0,42.56368743160528,0.0,0.0,0,0
200012,40.0,40.0,20.0,0.0,0.0,0.0,20.0,1.0,1.0,1.0,0.0,0.0,0.0,0.0,0.0,0.0,100.0,100.0,100.0,1000.0,1000.0,1000.0,42.56368743160528,0,0,42.56368743160528,0.0,0.0,0,0
200212,40.0,40.0,20.0,0.0,0.0,0.0,20.0,1.0,1.0,1.0,0.0,0.0,0.0,0.0,0.0,0.0,100.0,100.0,100.0,1000.0,1000.0,1000.0,42.56368743160528,0,0,42.56368743160528,0.0,0.0,0,0
200412,40.0,40.0,20.0,0.0,0.0,0.0,20.0,1.0,1.0,1.0,0.0,0.0,0.0,0.0,0.0,0.0,100.0,100.0,100.0,1000.0,1000.0,1000.0,42.56368743160528,0,0,42.56368743160528,0.0,0.0,0,0
200612,40.0,40.0,20.0,0.0,0.0,0.0,20.0,1.0,1.0,1.0,0.0,0.0,0.0,0.0,0.0,0.0,100.0,100.0,100.0,1000.0,1000.0,1000.0,42.56368743160528,0,0,42.56368743160528,0.0,0.0,0,0
200812,40.0,40.0,20.0,0.0,0.0,0.0,20.0,1.0,1.0,1.0,0.0,0.0,0.0,0.0,0.0,0.0,100.0,100.0,100.0,1000.0,1000.0,1000.0,42.56368743160528,0,0,42.56368743160528,0.0,0.0,0,0
201012,40.0,40.0,20.0,0.0,0.0,0.0,20.1,1.0,1.0,1.0,0.0,0.0,0.0,0.0,0.0,0.0,100.0,100.0,100.0,1000.0,1000.0,1000.0,42.56368743160528,0,0,42.56368743160528,0.0,0.0,0,0
201212,40.0,40.0,20.0,0.0,0.0,0.0,20.1,1.0,1.0,1.0,0.0,0.0,0.0,0.0,0.0,0.0,100.0,100.0,100.0,1000.0,1000.0,1000.0,42.56368743160528,0,0,42.56368743160528,0.0,0.0,0,0
201412,40.0,40.0,20.0,0.0,0.0,0.0,20.1,1.0,1.0,1.0,0.0,0.0,0.0,0.0,0.0,0.0,100.0,100.0,100.0,1000.0,1000.0,1000.0,42.56368743160528,0,0,42.56368743160528,0.0,0.0,0,0
201612,40.5,40.0,20.0,0.0,0.0,0.0,20.1,1.0,1.0,1.0,0.0,0.0,0.0,0.0,0.0,0.0,100.0,100.0,100.0,1000.0,1000.0,1000.0,42.56368743160528,0,0,42.56368743160528,0.0,0.0,0,0
201812,40.5,40.0,20.0,0.0,0.0,0.0,20.1,1.0,1.0,1.0,0.0,0.0,0.0,0.0,0.0,0.0,100.0,100.0,100.0,1000.0,1000.0,1000.0,42.56368743160528,0,0,42.56368743160528,0.0,0.0,0,0
202012,40.5,40.0,20.0,0.0,0.0,0.0,20.2,1.0,1.0,1.0,0.0,0.0,0.0,0.0,0.0,0.0,100.0,100.0,100.0,1000.0,1000.0,1000.0,42.56368743160528,0,0,42.56368743160528,0.0,0.0,0,0
202212,40.5,40.0,20.0,0.0,0.0,0.0,20.2,1.0,1.0,1.0,0.0,0.0,0.0,0.0,0.0,0.0,100.0,100.0,100.0,1000.0,1000.0,1000.0,42.56368743160528,0,0,42.56368743160528,0.0,0.0,0,0
202412,40.5,40.0,20.0,0.0,0.0,0.0,20.2,1.0,1.0,1.0,0.0,0.0,0.0,0.0,0.0,0.0,100.0,100.0,100.0,1000.0,1000.0,1000.0,42.56368743160528,0,0,42.56368743160528,0.0,0.0,0,0
202612,40.5,40.0,20.0,0.0,0.0,0.0,20.2,1.0,1.0,1.0,0.0,0.0,0.0,0.0,0.0,0.0,100.0,100.0,100.0,1000.0,1000.0,1000.0,42.56368743160528,0,0,42.56368743160528,0.0,0.0,0,0
202812,40.5,40.0,20.0,0.0,0.0,0.0,20.2,1.0,1.0,1.0,0.0,0.0,0.0,0.0,0.0,0.0,100.0,100.0,100.0,1000.0,1000.0,1000.0,42.56368743160528,0,0,42.56368743160528,0.0,0.0,0,0
203012,40.5,40.0,20.0,0.0,0.0,0.0,20.3,1.0,1.0,1.0,0.0,0.0,0.0,0.0,0.0,0.0,100.0,100.0,100.0,1000.0,1000.0,1000.0,42.56368743160528,0,0,42.56368743160528,0.0,0.0,0,0
203212,40.5,40.0,20.0,0.0,0.0,0.0,20.3,1.0,1.0,1.0,0.0,0.0,0.0,0.0,0.0,0.0,100.0,100.0,100.0,1000.0,1000.0,1000.0,42.56368743160528,0,0,42.56368743160528,0.0,0.0,0,0
203412,40.5,40.5,20.0,0.0,0.0,0.0,20.3,1.0,1.0,1.0,0.0,0.0,0.0,0.0,0.0,0.0,100.0,100.0,100.0,1000.0,1000.0,1000.0,42.56368743160528,0,0,42.56368743160528,0.0,0.0,0,0
203612,40.5,40.5,20.0,0.0,0.0,0.0,20.3,1.0,1.0,1.0,0.0,0.0,0.0,0.0,0.0,0.0,100.0,100.0,100.0,1000.0,1000.0,1000.0,42.56368743160528,0,0,42.56368743160528,0.0,0.0,0,0
203812,40.5,40.5,20.0,0.0,0.0,0.0,20.3,1.0,1.0,1.0,0.0,0.0,0.0,0.0,0.0,0.0,100.0,100.0,100.0,1000.0,1000.0,1000.0,42.56368743160528,0,0,42.56368743160528,0.0,0.0,0,0
204012,40.5,40.5,20.0,0.0,0.0,0.0,20.4,1.0,1.0,1.0,0.0,0.0,0.0,0.0,0.0,0.0,100.0,100.0,100.0,1000.0,1000.0,1000.0,42.56368743160528,0,0,42.56368743160528,0.0,0.0,0,0
204212,40.5,40.5,20.0,0.0,0.0,0.0,20.4,1.0,1.0,1.0,0.0,0.0,0.0,0.0,0.0,0.0,100.0,100.0,100.0,1000.0,1000.0,1000.0,42.56368743160528,0,0,42.56368743160528,0.0,0.0,0,0
204412,40.5,40.5,20.0,0.0,0.0,0.0,20.4,1.0,1.0,1.0,0.0,0.0,0.0,0.0,0.0,0.0,100.0,100.0,100.0,1000.0,1000.0,1000.0,42.56368743160528,0,0,42.56368743160528,0.0,0.0,0,0
204612,40.5,40.5,20.0,0.0,0.0,0.0,20.4,1.0,1.0,1.0,0.0,0.0,0.0,0.0,0.0,0.0,100.0,100.0,100.0,1000.0,1000.0,1000.0,42.56368743160528,0,0,42.56368743160528,0.0,0.0,0,0
204812,40.5,40.5,20.0,0.0,0.0,0.0,20.4,1.0,1.0,1.0,0.0,0.0,0.0,0.0,0.0,0.0,100.0,100.0,100.0,1000.0,1000.0,1000.0,42.56368743160528,0,0,42.56368743160528,0.0,0.0,0,0
205012,40.5,40.5,20.0,0.0,0.0,0.0,20.5,1.0,1.0,1.0,0.0,0.0,0.0,0.0,0.0,0.0,100.0,100.0,100.0,1000.0,1000.0,1000.0,42.56368743160528,0,0,42.56368743160528,0.0,0.0,0,0
205212,40.5,40.5,20.0,0.0,0.0,0.0,20.5,1.0,1.0,1.0,0.0,0.0,0.0,0.0,0.0,0.0,100.0,100.0,100.0,1000.0,1000.0,1000.0,42.56368743160528,0,0,42.56368743160528,0.0,0.0,0,0
205412,40.5,40.5,20.0,0.0,0.0,0.0,20.5,1.0,1.0,1.0,0.0,0.0,0.0,0.0,0.0,0.0,100.0,100.0,100.0,1000.0,1000.0,1000.0,42.56368743160528,0,0,42.56368743160528,0.0,0.0,0,0
205612,40.5,40.5,20.0,0.0,0.0,0.0,20.5,1.0,1.0,1.0,0.0,0.0,0.0,0.0,0.0,0.0,100.0,100.0,100.0,1000.0,1000.0,1000.0,42.56368743160528,0,0,42.56368743160528,0.0,0.0,0,0
205812,40.5,40.5,20.0,0.0,0.0,0.0,20.5,1.0,1.0,1.0,0.0,0.0,0.0,0.0,0.0,0.0,100.0,100.0,100.0,1000.0,1000.0,1000.0,42.56368743160528,0,0,42.56368743160528,0.0,0.0,0,0
206012,40.5,40.5,20.0,0.0,0.0,0.0,20.6,1.0,1.0,1.0,0.0,0.0,0.0,0.0,0.0,0.0,100.0,100.0,100.0,1000.0,1000.0,1000.0,42.56368743160528,0,0,42.56368743160528,0.0,0.0,0,0
206212,40.5,40.5,20.0,0.0,0.0,0.0,20.6,1.0,1.0,1.0,0.0,0.0,0.0,0.0,0.0,0.0,100.0,100.0,100.0,1000.0,1000.0,1000.0,42.56368743160528,0,0,42.56368743160528,0.0,0.0,0,0
206412,40.5,40.5,20.0,0.0,0.0,0.0,20.6,1.0,1.0,1.0,0.0,0.0,0.0,0.0,0.0,0.0,100.0,100.0,100.0,1000.0,1000.0,1000.0,42.56368743160528,0,0,42.56368743160528,0.0,0.0,0,0
206612,41.0,40.5,20.0,0.0,0.0,0.0,20.6,1.0,1.0,1.0,0.0,0.0,0.0,0.0,0.0,0.0,100.0,100.0,100.0,1000.0,1000.0,1000.0,42.56368743160528,0,0,42.56368743160528,0.0,0.0,0,0
206812,41.0,40.5,20.0,0.0,0.0,0.0,20.6,1.0,1.0,1.0,0.0,0.0,0.0,0.0,0.0,0.0,100.0,100.0,100.0,1000.0,1000.0,1000.0,42.56368743160528,0,0,42.56368743160528,0.0,0.0,0,0
207012,41.0,40.5,20.0,0.0,0.0,0.0,20.7,1.0,1.0,1.0,0.0,0.0,0.0,0.0,0.0,0.0,100.0,100.0,100.0,1000.0,1000.0,1000.0,42.56368743160528,0,0,42.56368743160528,0.0,0.0,0,0
207212,41.0,40.5,20.0,0.0,0.0,0.0,20.7,1.0,1.0,1.0,0.0,0.0,0.0,0.0,0.0,0.0,100.0,100.0,100.0,1000.0,1000.0,1000.0,42.56368743160528,0,0,42.56368743160528,0.0,0.0,0,0
207412,41.0,40.5,20.0,0.0,0.0,0.0,20.7,1.0,1.0,1.0,0.0,0.0,0.0,0.0,0.0,0.0,100.0,100.0,100.0,1000.0,1000.0,1000.0,42.56368743160528,0,0,42.56368743160528,0.0,0.0,0,0
207612,41.0,40.5,20.0,0.0,0.0,0.0,20.7,1.0,1.0,1.0,0.0,0.0,0.0,0.0,0.0,0.0,100.0,100.0,100.0,1000.0,1000.0,1000.0,42.56368743160528,0,0,42.56368743160528,0.0,0.0,0,0
207812,41.0,40.5,20.0,0.0,0.0,0.0,20.7,1.0,1.0,1.0,0.0,0.0,0.0,0.0,0.0,0.0,100.0,100.0,100.0,1000.0,1000.0,1000.0,42.56368743160528,0,0,42.56368743160528,0.0,0.0,0,0
208012,41.0,40.5,20.0,0.0,0.0,0.0,20.8,1.0,1.0,1.0,0.0,0.0,0.0,0.0,0.0,0.0,100.0,100.0,100.0,1000.0,1000.0,1000.0,42.56368743160528,0,0,42.56368743160528,0.0,0.0,0,0
208212,41.0,40.5,20.0,0.0,0.0,0.0,20.8,1.0,1.0,1.0,0.0,0.0,0.0,0.0,0.0,0.0,100.0,100.0,100.0,1000.0,1000.0,1000.0,42.56368743160528,0,0,42.56368743160528,0.0,0.0,0,0
208412,41.0,40.5,20.0,0.0,0.0,0.0,20.8,1.0,1.0,1.0,0.0,0.0,0.0,0.0,0.0,0.0,100.0,100.0,100.0,1000.0,1000.0,1000.0,42.56368743160528,0,0,42.56368743160528,0.0,0.0,0,0
208612,41.0,40.5,20.0,0.0,0.0,0.0,20.8,1.0,1.0,1.0,0.0,0.0,0.0,0.0,0.0,0.0,100.0,100.0,100.0,1000.0,1000.0,1000.0,42.56368743160528,0,0,42.56368743160528,0.0,0.0,0,0
208812,41.0,40.5,20.0,0.0,0.0,0.0,20.8,1.0,1.0,1.0,0.0,0.0,0.0,0.0,0.0,0.0,100.0,100.0,100.0,1000.0,1000.0,1000.0,42.56368743160528,0,0,42.56368743160528,0.0,0.0,0,0
209012,41.0,41.0,20.0,0.0,0.0,0.0,20.9,1.0,1.0,1.0,0.0,0.0,0.0,0.0,0.0,0.0,100.0,100.0,100.0,1000.0,1000.0,1000.0,42.56368743160528,0,0,42.56368743160528,0.0,0.0,0,0
209212,41.0,41.0,20.0,0.0,0.0,0.0,20.9,1.0,1.0,1.0,0.0,0.0,0.0,0.0,0.0,0.0,100.0,100.0,100.0,1000.0,1000.0,1000.0,42.56368743160528,0,0,42.56368743160528,0.0,0.0,0,0
209412,41.0,41.0,20.0,0.0,0.0,0.0,20.9,1.0,1.0,1.0,0.0,0.0,0.0,0.0,0.0,0.0,100.0,100.0,100.0,1000.0,1000.0,1000.0,42.56368743160528,0,0,42.56368743160528,0.0,0.0,0,0
209612,41.0,41.0,20.0,0.0,0.0,0.0,20.9,1.0,1.0,1.0,0.0,0.0,0.0,0.0,0.0,0.0,100.0,100.0,100.0,1000.0,1000.0,1000.0,42.56368743160528,0,0,42.56368743160528,0.0,0.0,0,0
209812,41.0,41.0,20.0,0.0,0.0,0.0,20.9,1.0,1.0,1.0,0.0,0.0,0.0,0.0,0.0,0.0,100.0,100.0,100.0,1000.0,1000.0,1000.0,42.56368743160528,0,0,42.56368743160528,0.0,0.0,0,0
210012,41.0,41.0,20.0,0.0,0.0,0.0,21.0,1.0,1.0,1.0,0.0,0.0,0.0,0.0,0.0,0.0,100.0,100.0,100.0,1000.0,1000.0,1000.0,42.56368743160528,0,0,42.56368743160528,0.0,0.0,0,0
210212,41.0,41.0,20.0,0.0,0.0,0.0,21.0,1.0,1.0,1.0,0.0,0.0,0.0,0.0,0.0,0.0,100.0,100.0,100.0,1000.0,1000.0,1000.0,44.211962770954024,0,0,44.211962770954024,0.0,0.0,1,0
210412,41.0,41.0,20.0,0.0,0.0,0.0,21.0,1.0,1.0,1.0,0.0,0.0,0.0,0.0,0.0,0.0,100.0,100.0,100.0,1000.0,1000.0,1000.0,44.211962770954024,0,0,44.211962770954024,0.0,0.0,0,0
210612,41.0,41.0,20.0,0.0,0.0,0.0,21.0,1.0,1.0,1.0,0.0,0.0,0.0,0.0,0.0,0.0,100.0,100.0,100.0,1000.0,1000.0,1000.0,44.211962770954024,0,0,44.211962770954024,0.0,0.0,0,0
210812,41.0,41.0,20.0,0.0,0.0,0.0,21.0,1.0,1.0,1.0,0.0,0.0,0.0,0.0,0.0,0.0,100.0,100.0,100.0,1000.0,1000.0,1000.0,44.211962770954024,0,0,44.211962770954024,0.0,0.0,0,0
211012,41.0,41.0,20.0,0.0,0.0,0.0,21.1,1.0,1.0,1.0,0.0,0.0,0.0,0.0,0.0,0.0,100.0,100.0,100.0,1000.0,1000.0,1000.0,44.211962770954024,0,0,44.211962770954024,0.0,0.0,0,0
211212,41.0,41.0,20.0,0.0,0.0,0.0,21.1,1.0,1.0,1.0,0.0,0.0,0.0,0.0,0.0,0.0,100.0,100.0,100.0,1000.0,1000.0,1000.0,44.211962770954024,0,0,44.211962770954024,0.0,0.0,0,0
211412,41.0,41.0,20.0,0.0,0.0,0.0,21.1,1.0,1.0,1.0,0.0,0.0,0.0,0.0,0.0,0.0,100.0,100.0,100.0,1000.0,1000.0,1000.0,44.211962770954024,0,0,44.211962770954024,0.0,0.0,0,0
211612,41.5,41.0,20.0,0.0,0.0,0.0,21.1,1.0,1.0,1.0,0.0,0.0,0.0,0.0,0.0,0.0,100.0,100.0,100.0,1000.0,1000.0,1000.0,44.211962770954024,0,0,44.211962770954024,0.0,0.0,0,0
211812,41.5,41.0,20.0,0.0,0.0,0.0,21.1,1.0,1.0,1.0,0.0,0.0,0.0,0.0,0.0,0.0,100.0,100.0,100.0,1000.0,1000.0,1000.0,44.211962770954024,0,0,44.211962770954024,0.0,0.0,0,0
212012,41.5,41.0,20.0,0.0,0.0,0.0,21.2,1.0,1.0,1.0,0.0,0.0,0.0,0.0,0.0,0.0,100.0,100.0,100.0,1000.0,1000.0,1000.0,44.211962770954024,0,0,44.211962770954024,0.0,0.0,0,0
212212,41.5,41.0,20.0,0.0,0.0,0.0,21.2,1.0,1.0,1.0,0.0,0.0,0.0,0.0,0.0,0.0,100.0,100.0,100.0,1000.0,1000.0,1000.0,44.211962770954024,0,0,44.211962770954024,0.0,0.0,0,0
212412,41.5,41.0,20.0,0.0,0.0,0.0,21.2,1.0,1.0,1.0,0.0,0.0,0.0,0.0,0.0,0.0,100.0,100.0,100.0,1000.0,1000.0,1000.0,44.211962770954024,0,0,44.211962770954024,0.0,0.0,0,0
212612,41.5,41.0,20.0,0.0,0.0,0.0,21.2,1.0,1.0,1.0,0.0,0.0,0.0,0.0,0.0,0.0,100.0,100.0,100.0,1000.0,1000.0,1000.0,44.211962770954024,0,0,44.211962770954024,0.0,0.0,0,0
212812,41.5,41.0,20.0,0.0,0.0,0.0,21.2,1.0,1.0,1.0,0.0,0.0,0.0,0.0,0.0,0.0,100.0,100.0,100.0,1000.0,1000.0,1000.0,44.211962770954024,0,0,44.211962770954024,0.0,0.0,0,0
213012,41.5,41.0,20.0,0.0,0.0,0.0,21.3,1.0,1.0,1.0,0.0,0.0,0.0,0.0,0.0,0.0,100.0,100.0,100.0,1000.0,1000.0,1000.0,44.211962770954024,0,0,44.211962770954024,0.0,0.0,0,0
213212,41.5,41.0,20.0,0.0,0.0,0.0,21.3,1.0,1.0,1.0,0.0,0.0,0.0,0.0,0.0,0.0,100.0,100.0,100.0,1000.0,1000.0,1000.0,44.211962770954024,0,0,44.211962770954024,0.0,0.0,0,0
213412,41.5,41.0,20.0,0.0,0.0,0.0,21.3,1.0,1.0,1.0,0.0,0.0,0.0,0.0,0.0,0.0,100.0,100.0,100.0,1000.0,1000.0,1000.0,44.211962770954024,0,0,44.211962770954024,0.0,0.0,0,0
213612,41.5,41.0,20.0,0.0,0.0,0.0,21.3,1.0,1.0,1.0,0.0,0.0,0.0,0.0,0.0,0.0,100.0,100.0,100.0,1000.0,1000.0,1000.0,44.211962770954024,0,0,44.211962770954024,0.0,0.0,0,0
213812,41.5,41.0,20.0,0.0,0.0,0.0,21.3,1.0,1.0,1.0,0.0,0.0,0.0,0.0,0.0,0.0,100.0,100.0,100.0,1000.0,1000.0,1000.0,44.211962770954024,0,0,44.211962770954024,0.0,0.0,0,0
214012,41.5,41.5,20.0,0.0,0.0,0.0,21.4,1.0,1.0,1.0,0.0,0.0,0.0,0.0,0.0,0.0,100.0,100.0,100.0,1000.0,1000.0,1000.0,44.211962770954024,0,0,44.211962770954024,0.0,0.0,0,0
214212,41.5,41.5,20.0,0.0,0.0,0.0,21.4,1.0,1.0,1.0,0.0,0.0,0.0,0.0,0.0,0.0,100.0,100.0,100.0,1000.0,1000.0,1000.0,44.211962770954024,0,0,44.211962770954024,0.0,0.0,0,0
214412,41.5,41.5,20.0,0.0,0.0,0.0,21.4,1.0,1.0,1.0,0.0,0.0,0.0,0.0,0.0,0.0,100.0,100.0,100.0,1000.0,1000.0,1000.0,44.211962770954024,0,0,44.211962770954024,0.0,0.0,0,1
214612,41.5,41.5,20.0,0.0,0.0,0.0,21.4,1.0,1.0,1.0,0.0,0.0,0.0,0.0,0.0,0.0,100.0,100.0,100.0,1000.0,1000.0,1000.0,44.211962770954024,0,0,44.211962770954024,0.0,0.0,0,0
214812,41.5,41.5,20.0,0.0,0.0,0.0,21.4,1.0,1.0,1.0,0.0,0.0,0.0,0.0,0.0,0.0,100.0,100.0,100.0,1000.0,1000.0,1000.0,44.211962770954024,0,0,44.211962770954024,0.0,0.0,0,0
215012,41.5,41.5,20.0,0.0,0.0,0.0,21.5,1.0,1.0,1.0,0.0,0.0,0.0,0.0,0.0,0.0,100.0,100.0,100.0,1000.0,1000.0,1000.0,44.211962770954024,0,0,44.211962770954024,0.0,0.0,0,1
215212,41.5,41.5,20.0,0.0,0.0,0.0,21.5,1.0,1.0,1.0,0.0,0.0,0.0,0.0,0.0,0.0,100.0,100.0,100.0,1000.0,1000.0,1000.0,44.211962770954024,0,0,44.211962770954024,0.0,0.0,0,0
215412,41.5,41.5,20.0,0.0,0.0,0.0,21.5,1.0,1.0,1.0,0.0,0.0,0.0,0.0,0.0,0.0,100.0,100.0,100.0,1000.0,1000.0,1000.0,44.211962770954024,0,0,44.211962770954024,0.0,0.0,0,0
215612,41.5,41.5,20.0,0.0,0.0,0.0,21.5,1.0,1.0,1.0,0.0,0.0,0.0,0.0,0.0,0.0,100.0,100.0,100.0,1000.0,1000.0,1000.0,44.211962770954024,0,0,44.211962770954024,0.0,0.0,0,0
215812,41.5,41.5,20.0,0.0,0.0,0.0,21.5,1.0,1.0,1.0,0.0,0.0,0.0,0.0,0.0,0.0,100.0,100.0,100.0,1000.0,1000.0,1000.0,44.211962770954024,0,0,44.211962770954024,0.0,0.0,0,0
216012,41.5,41.5,20.0,0.0,0.0,0.0,21.6,1.0,1.0,1.0,0.0,0.0,0.0,0.0,0.0,0.0,100.0,100.0,100.0,1000.0,1000.0,1000.0,44.211962770954024,0,0,44.211962770954024,0.0,0.0,0,0
216212,41.5,41.5,20.0,0.0,0.0,0.0,21.6,1.0,1.0,1.0,0.0,0.0,0.0,0.0,0.0,0.0,100.0,100.0,100.0,1000.0,1000.0,1000.0,44.211962770954024,0,0,44.211962770954024,0.0,0.0,0,0
216412,41.5,41.5,20.0,0.0,0.0,0.0,21.6,1.0,1.0,1.0,0.0,0.0,0.0,0.0,0.0,0.0,100.0,100.0,100.0,1000.0,1000.0,1000.0,44.211962770954024,0,0,44.211962770954024,0.0,0.0,0,0
216612,42.0,41.5,20.0,0.0,0.0,0.0,21.6,1.0,1.0,1.0,0.0,0.0,0.0,0.0,0.0,0.0,100.0,100.0,100.0,1000.0,1000.0,1000.0,44.211962770954024,0,0,44.211962770954024,0.0,0.0,0,0
216812,42.0,41.5,20.0,0.0,0.0,0.0,21.6,1.0,1.0,1.0,0.0,0.0,0.0,0.0,0.0,0.0,100.0,100.0,100.0,1000.0,1000.0,1000.0,44.211962770954024,0,0,44.211962770954024,0.0,0.0,0,0
217012,42.0,41.5,20.0,0.0,0.0,0.0,21.7,1.0,1.0,1.0,0.0,0.0,0.0,0.0,0.0,0.0,100.0,100.0,100.0,1000.0,1000.0,1000.0,44.211962770954024,0,0,44.211962770954024,0.0,0.0,0,0
217212,42.0,41.5,20.0,0.0,0.0,0.0,21.7,1.0,1.0,1.0,0.0,0.0,0.0,0.0,0.0,0.0,100.0,100.0,100.0,1000.0,1000.0,1000.0,44.211962770954024,0,0,44.211962770954024,0.0,0.0,0,0
217412,42.0,41.5,20.0,0.0,0.0,0.0,21.7,1.0,1.0,1.0,0.0,0.0,0.0,0.0,0.0,0.0,100.0,100.0,100.0,1000.0,1000.0,1000.0,44.211962770954024,0,0,44.211962770954024,0.0,0.0,0,0
217612,42.0,41.5,20.0,0.0,0.0,0.0,21.7,1.0,1.0,1.0,0.0,0.0,0.0,0.0,0.0,0.0,100.0,100.0,100.0,1000.0,1000.0,1000.0,44.211962770954024,0,0,44.211962770954024,0.0,0.0,0,0
217812,42.0,41.5,20.0,0.0,0.0,0.0,21.7,1.0,1.0,1.0,0.0,0.0,0.0,0.0,0.0,0.0,100.0,100.0,100.0,1000.0,1000.0,1000.0,44.211962770954024,0,0,44.211962770954024,0.0,0.0,0,0
218012,42.0,41.5,20.0,0.0,0.0,0.0,21.8,1.0,1.0,1.0,0.0,0.0,0.0,0.0,0.0,0.0,100.0,100.0,100.0,1000.0,1000.0,1000.0,44.211962770954024,0,0,44.211962770954024,0.0,0.0,0,0
218212,42.0,41.5,20.0,0.0,0.0,0.0,21.8,1.0,1.0,1.0,0.0,0.0,0.0,0.0,0.0,0.0,100.0,100.0,100.0,1000.0,1000.0,1000.0,44.211962770954024,0,0,44.211962770954024,0.0,0.0,0,0
218412,42.0,41.5,20.0,0.0,0.0,0.0,21.8,1.0,1.0,1.0,0.0,0.0,0.0,0.0,0.0,0.0,100.0,100.0,100.0,1000.0,1000.0,1000.0,44.211962770954024,0,0,44.211962770954024,0.0,0.0,0,0
218612,42.0,41.5,20.0,0.0,0.0,0.0,21.8,1.0,1.0,1.0,0.0,0.0,0.0,0.0,0.0,0.0,100.0,100.0,100.0,1000.0,1000.0,1000.0,44.211962770954024,0,0,44.211962770954024,0.0,0.0,0,0
218812,42.0,41.5,20.0,0.0,0.0,0.0,21.8,1.0,1.0,1.0,0.0,0.0,0.0,0.0,0.0,0.0,100.0,100.0,100.0,1000.0,1000.0,1000.0,44.211962770954024,0,0,44.211962770954024,0.0,0.0,0,0
219012,42.0,41.5,20.0,0.0,0.0,0.0,21.9,1.0,1.0,1.0,0.0,0.0,0.0,0.0,0.0,0.0,100.0,100.0,100.0,1000.0,1000.0,1000.0,44.211962770954024,0,0,44.211962770954024,0.0,0.0,0,0
219212,42.0,41.5,20.0,0.0,0.0,0.0,21.9,1.0,1.0,1.0,0.0,0.0,0.0,0.0,0.0,0.0,100.0,100.0,100.0,1000.0,1000.0,1000.0,44.211962770954024,0,0,44.211962770954024,0.0,0.0,0,0
219412,42.0,42.0,20.0,0.0,0.0,0.0,21.9,1.0,1.0,1.0,0.0,0.0,0.0,0.0,0.0,0.0,100.0,100.0,100.0,1000.0,1000.0,1000.0,44.211962770954024,0,0,44.211962770954024,0.0,0.0,0,0
219612,42.0,42.0,20.0,0.0,0.0,0.0,21.9,1.0,1.0,1.0,0.0,0.0,0.0,0.0,0.0,0.0,100.0,100.0,100.0,1000.0,1000.0,1000.0,44.211962770954024,0,0,44.211962770954024,0.0,0.0,0,0
219812,42.0,42.0,20.0,0.0,0.0,0.0,21.9,1.0,1.0,1.0,0.0,0.0,0.0,0.0,0.0,0.0,100.0,100.0,100.0,1000.0,1000.0,1000.0,44.211962770954024,0,0,44.211962770954024,0.0,0.0,0,0
220012,42.0,42.0,20.0,0.0,0.0,0.0,22.0,1.0,1.0,1.0,0.0,0.0,0.0,0.0,0.0,0.0,100.0,100.0,100.0,1000.0,1000.0,1000.0,44.211962770954024,0,0,44.211962770954024,0.0,0.0,0,0
220212,42.0,42.0,20.0,0.0,0.0,0.0,22.0,1.0,1.0,1.0,0.0,0.0,0.0,0.0,0.0,0.0,100.0,100.0,100.0,1000.0,1000.0,1000.0,44.211962770954024,0,0,44.211962770954024,0.0,0.0,0,0
220412,42.0,42.0,20.0,0.0,0.0,0.0,22.0,1.0,1.0,1.0,0.0,0.0,0.0,0.0,0.0,0.0,100.0,100.0,100.0,1000.0,1000.0,1000.0,44.211962770954024,0,0,44.211962770954024,0.0,0.0,0,0
220612,42.0,42.0,20.0,0.0,0.0,0.0,22.0,1.0,1.0,1.0,0.0,0.0,0.0,0.0,0.0,0.0,100.0,100.0,100.0,1000.0,1000.0,1000.0,44.211962770954024,0,0,44.211962770954024,0.0,0.0,0,0
220812,42.0,42.0,20.0,0.0,0.0,0.0,22.0,1.0,1.0,1.0,0.0,0.0,0.0,0.0,0.0,0.0,100.0,100.0,100.0,1000.0,1000.0,1000.0,44.211962770954024,0,0,44.211962770954024,0.0,0.0,0,0
221012,42.0,42.0,20.0,0.0,0.0,0.0,22.1,1.0,1.0,1.0,0.0,0.0,0.0,0.0,0.0,0.0,100.0,100.0,100.0,1000.0,1000.0,1000.0,44.211962770954024,0,0,44.211962770954024,0.0,0.0,0,0
221212,42.0,42.0,20.0,0.0,0.0,0.0,22.1,1.0,1.0,1.0,0.0,0.0,0.0,0.0,0.0,0.0,100.0,100.0,100.0,1000.0,1000.0,1000.0,44.211962770954024,0,0,44.211962770954024,0.0,0.0,0,0
221412,42.0,42.0,20.0,0.0,0.0,0.0,22.1,1.0,1.0,1.0,0.0,0.0,0.0,0.0,0.0,0.0,100.0,100.0,100.0,1000.0,1000.0,1000.0,44.211962770954024,0,0,44.211962770954024,0.0,0.0,0,0
221612,42.0,42.0,20.0,0.0,0.0,0.0,22.1,1.0,1.0,1.0,0.0,0.0,0.0,0.0,0.0,0.0,100.0,100.0,100.0,1000.0,1000.0,1000.0,44.211962770954024,0,0,44.211962770954024,0.0,0.0,0,0
221812,42.0,42.0,20.0,0.0,0.0,0.0,22.1,1.0,1.0,1.0,0.0,0.0,0.0,0.0,0.0,0.0,100.0,100.0,100.0,1000.0,1000.0,1000.0,44.211962770954024,0,0,44.211962770954024,0.0,0.0,0,0
222012,42.0,42.0,20.0,0.0,0.0,0.0,22.2,1.0,1.0,1.0,0.0,0.0,0.0,0.0,0.0,0.0,100.0,100.0,100.0,1000.0,1000.0,1000.0,44.211962770954024,0,0,44.211962770954024,0.0,0.0,0,0
222212,42.0,42.0,20.0,0.0,0.0,0.0,22.2,1.0,1.0,1.0,0.0,0.0,0.0,0.0,0.0,0.0,100.0,100.0,100.0,1000.0,1000.0,1000.0,44.211962770954024,0,0,44.211962770954024,0.0,0.0,0,0
222412,42.0,42.0,20.0,0.0,0.0,0.0,22.2,1.0,1.0,1.0,0.0,0.0,0.0,0.0,0.0,0.0,100.0,100.0,100.0,1000.0,1000.0,1000.0,44.211962770954024,0,0,44.211962770954024,0.0,0.0,0,0
222612,42.5,42.0,20.0,0.0,0.0,0.0,22.2,1.0,1.0,1.0,0.0,0.0,0.0,0.0,0.0,0.0,100.0,100.0,100.0,1000.0,1000.0,1000.0,44.211962770954024,0,0,44.211962770954024,0.0,0.0,0,0
222812,42.5,42.0,20.0,0.0,0.0,0.0,22.2,1.0,1.0,1.0,0.0,0.0,0.0,0.0,0.0,0.0,100.0,100.0,100.0,1000.0,1000.0,1000.0,44.211962770954024,0,0,44.211962770954024,0.0,0.0,0,0
223012,42.5,42.0,20.0,0.0,0.0,0.0,22.3,1.0,1.0,1.0,0.0,0.0,0.0,0.0,0.0,0.0,100.0,100.0,100.0,1000.0,1000.0,1000.0,44.211962770954024,0,0,44.211962770954024,0.0,0.0,0,0
223212,42.5,42.0,20.0,0.0,0.0,0.0,22.3,1.0,1.0,1.0,0.0,0.0,0.0,0.0,0.0,0.0,100.0,100.0,100.0,1000.0,1000.0,1000.0,44.211962770954024,0,0,44.211962770954024,0.0,0.0,0,0
223412,42.5,42.0,20.0,0.0,0.0,0.0,22.3,1.0,1.0,1.0,0.0,0.0,0.0,0.0,0.0,0.0,100.0,100.0,100.0,1000.0,1000.0,1000.0,44.211962770954024,0,0,44.211962770954024,0.0,0.0,0,0
223612,42.5,42.0,20.0,0.0,0.0,0.0,22.3,1.0,1.0,1.0,0.0,0.0,0.0,0.0,0.0,0.0,100.0,100.0,100.0,1000.0,1000.0,1000.0,44.211962770954024,0,0,44.211962770954024,0.0,0.0,0,0
223812,42.5,42.0,20.0,0.0,0.0,0.0,22.3,1.0,1.0,1.0,0.0,0.0,0.0,0.0,0.0,0.0,100.0,100.0,100.0,1000.0,1000.0,1000.0,44.211962770954024,0,0,44.211962770954024,0.0,0.0,0,0
224012,42.5,42.5,20.0,0.0,0.0,0.0,22.4,1.0,1.0,1.0,0.0,0.0,0.0,0.0,0.0,0.0,100.0,100.0,100.0,1000.0,1000.0,1000.0,44.211962770954024,0,0,44.211962770954024,0.0,0.0,0,0
224212,42.5,42.5,20.0,0.0,0.0,0.0,22.4,1.0,1.0,1.0,0.0,0.0,0.0,0.0,0.0,0.0,100.0,100.0,100.0,1000.0,1000.0,1000.0,44.211962770954024,0,0,44.211962770954024,0.0,0.0,0,0
224412,42.5,42.5,20.0,0.0,0.0,0.0,22.4,1.0,1.0,1.0,0.0,0.0,0.0,0.0,0.0,0.0,100.0,100.0,100.0,1000.0,1000.0,1000.0,44.211962770954024,0,0,44.211962770954024,0.0,0.0,0,0
224612,42.5,42.5,20.0,0.0,0.0,0.0,22.4,1.0,1.0,1.0,0.0,0.0,0.0,0.0,0.0,0.0,100.0,100.0,100.0,1000.0,1000.0,1000.0,44.211962770954024,0,0,44.211962770954024,0.0,0.0,0,0
224812,42.5,42.5,20.0,0.0,0.0,0.0,22.4,1.0,1.0,1.0,0.0,0.0,0.0,0.0,0.0,0.0,100.0,100.0,100.0,1000.0,1000.0,1000.0,44.211962770954024,0,0,44.211962770954024,0.0,0.0,0,0
225012,42.5,42.5,20.0,0.0,0.0,0.0,22.5,1.0,1.0,1.0,0.0,0.0,0.0,0.0,0.0,0.0,100.0,100.0,100.0,1000.0,1000.0,1000.0,44.211962770954024,0,0,44.211962770954024,0.0,0.0,0,0
225212,42.5,42.5,20.0,0.0,0.0,0.0,22.5,1.0,1.0,1.0,0.0,0.0,0.0,0.0,0.0,0.0,100.0,100.0,100.0,1000.0,1000.0,1000.0,45.86023294155895,0,0,45.86023294155895,0.0,0.0,1,0
225412,42.5,42.5,20.0,0.0,0.0,0.0,22.5,1.0,1.0,1.0,0.0,0.0,0.0,0.0,0.0,0.0,100.0,100.0,100.0,1000.0,1000.0,1000.0,45.86023294155895,0,0,45.86023294155895,0.0,0.0,0,0
225612,42.5,42.5,20.0,0.0,0.0,0.0,22.5,1.0,1.0,1.0,0.0,0.0,0.0,0.0,0.0,0.0,100.0,100.0,100.0,1000.0,1000.0,1000.0,45.86023294155895,0,0,45.86023294155895,0.0,0.0,0,0
225812,42.5,42.5,20.0,0.0,0.0,0.0,22.5,1.0,1.0,1.0,0.0,0.0,0.0,0.0,0.0,0.0,100.0,100.0,100.0,1000.0,1000.0,1000.0,45.86023294155895,0,0,45.86023294155895,0.0,0.0,0,0
226012,42.5,42.5,20.0,0.0,0.0,0.0,22.6,1.0,1.0,1.0,0.0,0.0,0.0,0.0,0.0,0.0,100.0,100.0,100.0,1000.0,1000.0,1000.0,45.86023294155895,0,0,45.86023294155895,0.0,0.0,0,0
226212,42.5,42.5,20.0,0.0,0.0,0.0,22.6,1.0,1.0,1.0,0.0,0.0,0.0,0.0,0.0,0.0,100.0,100.0,100.0,1000.0,1000.0,1000.0,45.86023294155895,0,0,45.86023294155895,0.0,0.0,0,0
226412,42.5,42.5,20.0,0.0,0.0,0.0,22.6,1.0,1.0,1.0,0.0,0.0,0.0,0.0,0.0,0.0,100.0,100.0,100.0,1000.0,1000.0,1000.0,45.86023294155895,0,0,45.86023294155895,0.0,0.0,0,0
226612,42.5,42.5,20.0,0.0,0.0,0.0,22.6,1.0,1.0,1.0,0.0,0.0,0.0,0.0,0.0,0.0,100.0,100.0,100.0,1000.0,1000.0,1000.0,45.86023294155895,0,0,45.86023294155895,0.0,0.0,0,0
226812,42.5,42.5,20.0,0.0,0.0,0.0,22.6,1.0,1.0,1.0,0.0,0.0,0.0,0.0,0.0,0.0,100.0,100.0,100.0,1000.0,1000.0,1000.0,45.86023294155895,0,0,45.86023294155895,0.0,0.0,0,0
227012,42.5,42.5,20.0,0.0,0.0,0.0,22.7,1.0,1.0,1.0,0.0,0.0,0.0,0.0,0.0,0.0,100.0,100.0,100.0,1000.0,1000.0,1000.0,45.86023294155895,0,0,45.86023294155895,0.0,0.0,0,0
227212,42.5,42.5,20.0,0.0,0.0,0.0,22.7,1.0,1.0,1.0,0.0,0.0,0.0,0.0,0.0,0.0,100.0,100.0,100.0,1000.0,1000.0,1000.0,45.86023294155895,0,0,45.86023294155895,0.0,0.0,0,0
227412,42.5,42.5,20.0,0.0,0.0,0.0,22.7,1.0,1.0,1.0,0.0,0.0,0.0,0.0,0.0,0.0,100.0,100.0,100.0,1000.0,1000.0,1000.0,45.86023294155895,0,0,45.86023294155895,0.0,0.0,0,0
227612,42.5,42.5,20.0,0.0,0.0,0.0,22.7,1.0,1.0,1.0,0.0,0.0,0.0,0.0,0.0,0.0,100.0,100.0,100.0,1000.0,1000.0,1000.0,45.86023294155895,0,0,45.86023294155895,0.0,0.0,0,0
227812,42.5,42.5,20.0,0.0,0.0,0.0,22.7,1.0,1.0,1.0,0.0,0.0,0.0,0.0,0.0,0.0,100.0,100.0,100.0,1000.0,1000.0,1000.0,45.86023294155895,0,0,45.86023294155895,0.0,0.0,0,0
228012,43.0,42.5,20.0,0.0,0.0,0.0,22.8,1.0,1.0,1.0,0.0,0.0,0.0,0.0,0.0,0.0,100.0,100.0,100.0,1000.0,1000.0,1000.0,45.86023294155895,0,0,45.86023294155895,0.0,0.0,0,0
228212,43.0,42.5,20.0,0.0,0.0,0.0,22.8,1.0,1.0,1.0,0.0,0.0,0.0,0.0,0.0,0.0,100.0,100.0,100.0,1000.0,1000.0,1000.0,45.86023294155895,0,0,45.86023294155895,0.0,0.0,0,0
228412,43.0,42.5,20.0,0.0,0.0,0.0,22.8,1.0,1.0,1.0,0.0,0.0,0.0,0.0,0.0,0.0,100.0,100.0,100.0,1000.0,1000.0,1000.0,45.86023294155895,0,0,45.86023294155895,0.0,0.0,0,0
228612,43.0,42.5,20.0,0.0,0.0,0.0,22.8,1.0,1.0,1.0,0.0,0.0,0.0,0.0,0.0,0.0,100.0,100.0,100.0,1000.0,1000.0,1000.0,45.86023294155895,0,0,45.86023294155895,0.0,0.0,0,0
228812,43.0,42.5,20.0,0.0,0.0,0.0,22.8,1.0,1.0,1.0,0.0,0.0,0.0,0.0,0.0,0.0,100.0,100.0,100.0,1000.0,1000.0,1000.0,45.86023294155895,0,0,45.86023294155895,0.0,0.0,0,0
229012,43.0,42.5,20.0,0.0,0.0,0.0,22.9,1.0,1.0,1.0,0.0,0.0,0.0,0.0,0.0,0.0,100.0,100.0,100.0,1000.0,1000.0,1000.0,45.86023294155895,0,0,45.86023294155895,0.0,0.0,0,0
229212,43.0,42.5,20.0,0.0,0.0,0.0,22.9,1.0,1.0,1.0,0.0,0.0,0.0,0.0,0.0,0.0,100.0,100.0,100.0,1000.0,1000.0,1000.0,45.86023294155895,0,0,45.86023294155895,0.0,0.0,0,0
229412,43.0,42.5,20.0,0.0,0.0,0.0,22.9,1.0,1.0,1.0,0.0,0.0,0.0,0.0,0.0,0.0,100.0,100.0,100.0,1000.0,1000.0,1000.0,45.86023294155895,0,0,45.86023294155895,0.0,0.0,0,0
229612,43.0,43.0,20.0,0.0,0.0,0.0,22.9,1.0,1.0,1.0,0.0,0.0,0.0,0.0,0.0,0.0,100.0,100.0,100.0,1000.0,1000.0,1000.0,45.86023294155895,0,0,45.86023294155895,0.0,0.0,0,0
229812,43.0,43.0,20.0,0.0,0.0,0.0,22.9,1.0,1.0,1.0,0.0,0.0,0.0,0.0,0.0,0.0,100.0,100.0,100.0,1000.0,1000.0,1000.0,45.86023294155895,0,0,45.86023294155895,0.0,0.0,0,0
230012,43.0,43.0,20.0,0.0,0.0,0.0,23.0,1.0,1.0,1.0,0.0,0.0,0.0,0.0,0.0,0.0,100.0,100.0,100.0,1000.0,1000.0,1000.0,45.86023294155895,0,0,45.86023294155895,0.0,0.0,0,0
230212,43.0,43.0,20.0,0.0,0.0,0.0,23.0,1.0,1.0,1.0,0.0,0.0,0.0,0.0,0.0,0.0,100.0,100.0,100.0,1000.0,1000.0,1000.0,45.86023294155895,0,0,45.86023294155895,0.0,0.0,0,0
230412,43.0,43.0,20.0,0.0,0.0,0.0,23.0,1.0,1.0,1.0,0.0,0.0,0.0,0.0,0.0,0.0,100.0,100.0,100.0,1000.0,1000.0,1000.0,45.86023294155895,0,0,45.86023294155895,0.0,0.0,0,0
230612,43.0,43.0,20.0,0.0,0.0,0.0,23.0,1.0,1.0,1.0,0.0,0.0,0.0,0.0,0.0,0.0,100.0,100.0,100.0,1000.0,1000.0,1000.0,45.86023294155895,0,0,45.86023294155895,0.0,0.0,0,0
230812,43.0,43.0,20.0,0.0,0.0,0.0,23.0,1.0,1.0,1.0,0.0,0.0,0.0,0.0,0.0,0.0,100.0,100.0,100.0,1000.0,1000.0,1000.0,45.86023294155895,0,0,45.86023294155895,0.0,0.0,0,0
231012,43.0,43.0,20.0,0.0,0.0,0.0,23.1,1.0,1.0,1.0,0.0,0.0,0.0,0.0,0.0,0.0,100.0,100.0,100.0,1000.0,1000.0,1000.0,45.86023294155895,0,0,45.86023294155895,0.0,0.0,0,0
231212,43.0,43.0,20.0,0.0,0.0,0.0,23.1,1.0,1.0,1.0,0.0,0.0,0.0,0.0,0.0,0.0,100.0,100.0,100.0,1000.0,1000.0,1000.0,45.86023294155895,0,0,45.86023294155895,0.0,0.0,0,0
231412,43.0,43.0,20.0,0.0,0.0,0.0,23.1,1.0,1.0,1.0,0.0,0.0,0.0,0.0,0.0,0.0,100.0,100.0,100.0,1000.0,1000.0,1000.0,45.86023294155895,0,0,45.86023294155895,0.0,0.0,0,0
231612,43.0,43.0,20.0,0.0,0.0,0.0,23.1,1.0,1.0,1.0,0.0,0.0,0.0,0.0,0.0,0.0,100.0,100.0,100.0,1000.0,1000.0,1000.0,45.86023294155895,0,0,45.86023294155895,0.0,0.0,0,0
231812,43.0,43.0,20.0,0.0,0.0,0.0,23.1,1.0,1.0,1.0,0.0,0.0,0.0,0.0,0.0,0.0,100.0,100.0,100.0,1000.0,1000.0,1000.0,45.86023294155895,0,0,45.86023294155895,0.0,0.0,0,0
232012,43.0,43.0,20.0,0.0,0.0,0.0,23.2,1.0,1.0,1.0,0.0,0.0,0.0,0.0,0.0,0.0,100.0,100.0,100.0,1000.0,1000.0,1000.0,45.86023294155895,0,0,45.86023294155895,0.0,0.0,0,0
232212,43.0,43.0,20.0,0.0,0.0,0.0,23.2,1.0,1.0,1.0,0.0,0.0,0.0,0.0,0.0,0.0,100.0,100.0,100.0,1000.0,1000.0,1000.0,45.86023294155895,0,0,45.86023294155895,0.0,0.0,0,0
232412,43.0,43.0,20.0,0.0,0.0,0.0,23.2,1.0,1.0,1.0,0.0,0.0,0.0,0.0,0.0,0.0,100.0,100.0,100.0,1000.0,1000.0,1000.0,45.86023294155895,0,0,45.86023294155895,0.0,0.0,0,0
232612,43.0,43.0,20.0,0.0,0.0,0.0,23.2,1.0,1.0,1.0,0.0,0.0,0.0,0.0,0.0,0.0,100.0,100.0,100.0,1000.0,1000.0,1000.0,45.86023294155895,0,0,45.86023294155895,0.0,0.0,0,0
232812,43.0,43.0,20.0,0.0,0.0,0.0,23.2,1.0,1.0,1.0,0.0,0.0,0.0,0.0,0.0,0.0,100.0,100.0,100.0,1000.0,1000.0,1000.0,45.86023294155895,0,0,45.86023294155895,0.0,0.0,0,0
233012,43.0,43.0,20.0,0.0,0.0,0.0,23.3,1.0,1.0,1.0,0.0,0.0,0.0,0.0,0.0,0.0,100.0,100.0,100.0,1000.0,1000.0,1000.0,45.86023294155895,0,0,45.86023294155895,0.0,0.0,0,0
233212,43.0,43.0,20.0,0.0,0.0,0.0,23.3,1.0,1.0,1.0,0.0,0.0,0.0,0.0,0.0,0.0,100.0,100.0,100.0,1000.0,1000.0,1000.0,45.86023294155895,0,0,45.86023294155895,0.0,0.0,0,0
233412,43.0,43.0,20.0,0.0,0.0,0.0,23.3,1.0,1.0,1.0,0.0,0.0,0.0,0.0,0.0,0.0,100.0,100.0,100.0,1000.0,1000.0,1000.0,45.86023294155895,0,0,45.86023294155895,0.0,0.0,0,0
233612,43.5,43.0,20.0,0.0,0.0,0.0,23.3,1.0,1.0,1.0,0.0,0.0,0.0,0.0,0.0,0.0,100.0,100.0,100.0,1000.0,1000.0,1000.0,45.86023294155895,0,0,45.86023294155895,0.0,0.0,0,0
233812,43.5,43.0,20.0,0.0,0.0,0.0,23.3,1.0,1.0,1.0,0.0,0.0,0.0,0.0,0.0,0.0,100.0,100.0,100.0,1000.0,1000.0,1000.0,45.86023294155895,0,0,45.86023294155895,0.0,0.0,0,0
234012,43.5,43.0,20.0,0.0,0.0,0.0,23.4,1.0,1.0,1.0,0.0,0.0,0.0,0.0,0.0,0.0,100.0,100.0,100.0,1000.0,1000.0,1000.0,45.86023294155895,0,0,45.86023294155895,0.0,0.0,0,0
234212,43.5,43.0,20.0,0.0,0.0,0.0,23.4,1.0,1.0,1.0,0.0,0.0,0.0,0.0,0.0,0.0,100.0,100.0,100.0,1000.0,1000.0,1000.0,45.86023294155895,0,0,45.86023294155895,0.0,0.0,0,0
234412,43.5,43.0,20.0,0.0,0.0,0.0,23.4,1.0,1.0,1.0,0.0,0.0,0.0,0.0,0.0,0.0,100.0,100.0,100.0,1000.0,1000.0,1000.0,45.86023294155895,0,0,45.86023294155895,0.0,0.0,0,0
234612,43.5,43.5,20.0,0.0,0.0,0.0,23.4,1.0,1.0,1.0,0.0,0.0,0.0,0.0,0.0,0.0,100.0,100.0,100.0,1000.0,1000.0,1000.0,45.86023294155895,0,0,45.86023294155895,0.0,0.0,0,0
234812,43.5,43.5,20.0,0.0,0.0,0.0,23.4,1.0,1.0,1.0,0.0,0.0,0.0,0.0,0.0,0.0,100.0,100.0,100.0,1000.0,1000.0,1000.0,45.86023294155895,0,0,45.86023294155895,0.0,0.0,0,0
235012,43.5,43.5,20.0,0.0,0.0,0.0,23.5,1.0,1.0,1.0,0.0,0.0,0.0,0.0,0.0,0.0,100.0,100.0,100.0,1000.0,1000.0,1000.0,45.86023294155895,0,0,45.86023294155895,0.0,0.0,0,0
235212,43.5,43.5,20.0,0.0,0.0,0.0,23.5,1.0,1.0,1.0,0.0,0.0,0.0,0.0,0.0,0.0,100.0,100.0,100.0,1000.0,1000.0,1000.0,45.86023294155895,0,0,45.86023294155895,0.0,0.0,0,0
235412,43.5,43.5,20.0,0.0,0.0,0.0,23.5,1.0,1.0,1.0,0.0,0.0,0.0,0.0,0.0,0.0,100.0,100.0,100.0,1000.0,1000.0,1000.0,45.86023294155895,0,0,45.86023294155895,0.0,0.0,0,0
235612,43.5,43.5,20.0,0.0,0.0,0.0,23.5,1.0,1.0,1.0,0.0,0.0,0.0,0.0,0.0,0.0,100.0,100.0,100.0,1000.0,1000.0,1000.0,45.86023294155895,0,0,45.86023294155895,0.0,0.0,0,0
235812,43.5,43.5,20.0,0.0,0.0,0.0,23.5,1.0,1.0,1.0,0.0,0.0,0.0,0.0,0.0,0.0,100.0,100.0,100.0,1000.0,1000.0,1000.0,45.86023294155895,0,0,45.86023294155895,0.0,0.0,0,0
236012,43.5,43.5,20.0,0.0,0.0,0.0,23.6,1.0,1.0,1.0,0.0,0.0,0.0,0.0,0.0,0.0,100.0,100.0,100.0,1000.0,1000.0,1000.0,45.86023294155895,0,0,45.86023294155895,0.0,0.0,0,0
236212,43.5,43.5,20.0,0.0,0.0,0.0,23.6,1.0,1.0,1.0,0.0,0.0,0.0,0.0,0.0,0.0,100.0,100.0,100.0,1000.0,1000.0,1000.0,45.86023294155895,0,0,45.86023294155895,0.0,0.0,0,0
236412,43.5,43.5,20.0,0.0,0.0,0.0,23.6,1.0,1.0,1.0,0.0,0.0,0.0,0.0,0.0,0.0,100.0,100.0,100.0,1000.0,1000.0,1000.0,45.86023294155895,0,0,45.86023294155895,0.0,0.0,0,0
236612,43.5,43.5,20.0,0.0,0.0,0.0,23.6,1.0,1.0,1.0,0.0,0.0,0.0,0.0,0.0,0.0,100.0,100.0,100.0,1000.0,1000.0,1000.0,45.86023294155895,0,0,45.86023294155895,0.0,0.0,0,0
236812,43.5,43.5,20.0,0.0,0.0,0.0,23.6,1.0,1.0,1.0,0.0,0.0,0.0,0.0,0.0,0.0,100.0,100.0,100.0,1000.0,1000.0,1000.0,45.86023294155895,0,0,45.86023294155895,0.0,0.0,0,0
237012,43.5,43.5,20.0,0.0,0.0,0.0,23.7,1.0,1.0,1.0,0.0,0.0,0.0,0.0,0.0,0.0,100.0,100.0,100.0,1000.0,1000.0,1000.0,45.86023294155895,0,0,45.86023294155895,0.0,0.0,0,0
237212,43.5,43.5,20.0,0.0,0.0,0.0,23.7,1.0,1.0,1.0,0.0,0.0,0.0,0.0,0.0,0.0,100.0,100.0,100.0,1000.0,1000.0,1000.0,45.86023294155895,0,0,45.86023294155895,0.0,0.0,0,0
237412,43.5,43.5,20.0,0.0,0.0,0.0,23.7,1.0,1.0,1.0,0.0,0.0,0.0,0.0,0.0,0.0,100.0,100.0,100.0,1000.0,1000.0,1000.0,45.86023294155895,0,0,45.86023294155895,0.0,0.0,0,0
237612,43.5,43.5,20.0,0.0,0.0,0.0,23.7,1.0,1.0,1.0,0.0,0.0,0.0,0.0,0.0,0.0,100.0,100.0,100.0,1000.0,1000.0,1000.0,45.86023294155895,0,0,45.86023294155895,0.0,0.0,0,0
237812,43.5,43.5,20.0,0.0,0.0,0.0,23.7,1.0,1.0,1.0,0.0,0.0,0.0,0.0,0.0,0.0,100.0,100.0,100.0,1000.0,1000.0,1000.0,45.86023294155895,0,0,45.86023294155895,0.0,0.0,0,0
238012,43.5,43.5,20.0,0.0,0.0,0.0,23.8,1.0,1.0,1.0,0.0,0.0,0.0,0.0,0.0,0.0,100.0,100.0,100.0,1000.0,1000.0,1000.0,45.86023294155895,0,0,45.86023294155895,0.0,0.0,0,0
238212,43.5,43.5,20.0,0.0,0.0,0.0,23.8,1.0,1.0,1.0,0.0,0.0,0.0,0.0,0.0,0.0,100.0,100.0,100.0,1000.0,1000.0,1000.0,45.86023294155895,0,0,45.86023294155895,0.0,0.0,0,0
238412,43.5,43.5,20.0,0.0,0.0,0.0,23.8,1.0,1.0,1.0,0.0,0.0,0.0,0.0,0.0,0.0,100.0,100.0,100.0,1000.0,1000.0,1000.0,45.86023294155895,0,0,45.86023294155895,0.0,0.0,0,0
238612,44.0,43.5,20.0,0.0,0.0,0.0,23.8,1.0,1.0,1.0,0.0,0.0,0.0,0.0,0.0,0.0,100.0,100.0,100.0,1000.0,1000.0,1000.0,45.86023294155895,0,0,45.86023294155895,0.0,0.0,0,0
238812,44.0,43.5,20.0,0.0,0.0,0.0,23.8,1.0,1.0,1.0,0.0,0.0,0.0,0.0,0.0,0.0,100.0,100.0,100.0,1000.0,1000.0,1000.0,45.86023294155895,0,0,45.86023294155895,0.0,0.0,0,0
239012,44.0,43.5,20.0,0.0,0.0,0.0,23.9,1.0,1.0,1.0,0.0,0.0,0.0,0.0,0.0,0.0,100.0,100.0,100.0,1000.0,1000.0,1000.0,45.86023294155895,0,0,45.86023294155895,0.0,0.0,0,0
239212,44.0,43.5,20.0,0.0,0.0,0.0,23.9,1.0,1.0,1.0,0.0,0.0,0.0,0.0,0.0,0.0,100.0,100.0,100.0,1000.0,1000.0,1000.0,45.86023294155895,0,0,45.86023294155895,0.0,0.0,0,0
239412,44.0,43.5,20.0,0.0,0.0,0.0,23.9,1.0,1.0,1.0,0.0,0.0,0.0,0.0,0.0,0.0,100.0,100.0,100.0,1000.0,1000.0,1000.0,45.86023294155895,0,0,45.86023294155895,0.0,0.0,0,0
239612,44.0,44.0,20.0,0.0,0.0,0.0,23.9,1.0,1.0,1.0,0.0,0.0,0.0,0.0,0.0,0.0,100.0,100.0,100.0,1000.0,1000.0,1000.0,45.86023294155895,0,0,45.86023294155895,0.0,0.0,0,0
239812,44.0,44.0,20.0,0.0,0.0,0.0,23.9,1.0,1.0,1.0,0.0,0.0,0.0,0.0,0.0,0.0,100.0,100.0,100.0,1000.0,1000.0,1000.0,45.86023294155895,0,0,45.86023294155895,0.0,0.0,0,0
240012,44.0,44.0,20.0,0.0,0.0,0.0,24.0,1.0,1.0,1.0,0.0,0.0,0.0,0.0,0.0,0.0,100.0,100.0,100.0,1000.0,1000.0,1000.0,45.86023294155895,0,0,45.86023294155895,0.0,0.0,0,0
240212,44.0,44.0,20.0,0.0,0.0,0.0,24.0,1.0,1.0,1.0,0.0,0.0,0.0,0.0,0.0,0.0,100.0,100.0,100.0,1000.0,1000.0,1000.0,47.50850138942158,0,0,47.50850138942158,0.0,0.0,1,0
240412,44.0,44.0,20.0,0.0,0.0,0.0,24.0,1.0,1.0,1.0,0.0,0.0,0.0,0.0,0.0,0.0,100.0,100.0,100.0,1000.0,1000.0,1000.0,47.50850138942158,0,0,47.50850138942158,0.0,0.0,0,0
240612,44.0,44.0,20.0,0.0,0.0,0.0,24.0,1.0,1.0,1.0,0.0,0.0,0.0,0.0,0.0,0.0,100.0,100.0,100.0,1000.0,1000.0,1000.0,47.50850138942158,0,0,47.50850138942158,0.0,0.0,0,0
240812,44.0,44.0,20.0,0.0,0.0,0.0,24.0,1.0,1.0,1.0,0.0,0.0,0.0,0.0,0.0,0.0,100.0,100.0,100.0,1000.0,1000.0,1000.0,47.50850138942158,0,0,47.50850138942158,0.0,0.0,0,0
241012,44.0,44.0,20.0,0.0,0.0,0.0,24.1,1.0,1.0,1.0,0.0,0.0,0.0,0.0,0.0,0.0,100.0,100.0,100.0,1000.0,1000.0,1000.0,47.50850138942158,0,0,47.50850138942158,0.0,0.0,0,0
241212,44.0,44.0,20.0,0.0,0.0,0.0,24.1,1.0,1.0,1.0,0.0,0.0,0.0,0.0,0.0,0.0,100.0,100.0,100.0,1000.0,1000.0,1000.0,47.50850138942158,0,0,47.50850138942158,0.0,0.0,0,0
241412,44.0,44.0,20.0,0.0,0.0,0.0,24.1,1.0,1.0,1.0,0.0,0.0,0.0,0.0,0.0,0.0,100.0,100.0,100.0,1000.0,1000.0,1000.0,47.50850138942158,0,0,47.50850138942158,0.0,0.0,0,0
241612,44.0,44.0,20.0,0.0,0.0,0.0,24.1,1.0,1.0,1.0,0.0,0.0,0.0,0.0,0.0,0.0,100.0,100.0,100.0,1000.0,1000.0,1000.0,47.50850138942158,0,0,47.50850138942158,0.0,0.0,0,0
241812,44.0,44.0,20.0,0.0,0.0,0.0,24.1,1.0,1.0,1.0,0.0,0.0,0.0,0.0,0.0,0.0,100.0,100.0,100.0,1000.0,1000.0,1000.0,47.50850138942158,0,0,47.50850138942158,0.0,0.0,0,0
242012,44.0,44.0,20.0,0.0,0.0,0.0,24.2,1.0,1.0,1.0,0.0,0.0,0.0,0.0,0.0,0.0,100.0,100.0,100.0,1000.0,1000.0,1000.0,47.50850138942158,0,0,47.50850138942158,0.0,0.0,0,0
242212,44.0,44.0,20.0,0.0,0.0,0.0,24.2,1.0,1.0,1.0,0.0,0.0,0.0,0.0,0.0,0.0,100.0,100.0,100.0,1000.0,1000.0,1000.0,47.50850138942158,0,0,47.50850138942158,0.0,0.0,0,0
242412,44.0,44.0,20.0,0.0,0.0,0.0,24.2,1.0,1.0,1.0,0.0,0.0,0.0,0.0,0.0,0.0,100.0,100.0,100.0,1000.0,1000.0,1000.0,47.50850138942158,0,0,47.50850138942158,0.0,0.0,0,0
242612,44.0,44.0,20.0,0.0,0.0,0.0,24.2,1.0,1.0,1.0,0.0,0.0,0.0,0.0,0.0,0.0,100.0,100.0,100.0,1000.0,1000.0,1000.0,47.50850138942158,0,0,47.50850138942158,0.0,0.0,0,0
242812,44.0,44.0,20.0,0.0,0.0,0.0,24.2,1.0,1.0,1.0,0.0,0.0,0.0,0.0,0.0,0.0,100.0,100.0,100.0,1000.0,1000.0,1000.0,47.50850138942158,0,0,47.50850138942158,0.0,0.0,0,0
243012,44.0,44.0,20.0,0.0,0.0,0.0,24.3,1.0,1.0,1.0,0.0,0.0,0.0,0.0,0.0,0.0,100.0,100.0,100.0,1000.0,1000.0,1000.0,47.50850138942158,0,0,47.50850138942158,0.0,0.0,0,0
243212,44.0,44.0,20.0,0.0,0.0,0.0,24.3,1.0,1.0,1.0,0.0,0.0,0.0,0.0,0.0,0.0,100.0,100.0,100.0,1000.0,1000.0,1000.0,47.50850138942158,0,0,47.50850138942158,0.0,0.0,0,0
243412,44.0,44.0,20.0,0.0,0.0,0.0,24.3,1.0,1.0,1.0,0.0,0.0,0.0,0.0,0.0,0.0,100.0,100.0,100.0,1000.0,1000.0,1000.0,47.50850138942158,0,0,47.50850138942158,0.0,0.0,0,0
243612,44.0,44.0,20.0,0.0,0.0,0.0,24.3,1.0,1.0,1.0,0.0,0.0,0.0,0.0,0.0,0.0,100.0,100.0,100.0,1000.0,1000.0,1000.0,47.50850138942158,0,0,47.50850138942158,0.0,0.0,0,0
243812,44.0,44.0,20.0,0.0,0.0,0.0,24.3,1.0,1.0,1.0,0.0,0.0,0.0,0.0,0.0,0.0,100.0,100.0,100.0,1000.0,1000.0,1000.0,47.50850138942158,0,0,47.50850138942158,0.0,0.0,0,0
244012,44.5,44.5,20.0,0.0,0.0,0.0,24.4,1.0,1.0,1.0,0.0,0.0,0.0,0.0,0.0,0.0,100.0,100.0,100.0,1000.0,1000.0,1000.0,47.50850138942158,0,0,47.50850138942158,0.0,0.0,0,0
244212,44.5,44.5,20.0,0.0,0.0,0.0,24.4,1.0,1.0,1.0,0.0,0.0,0.0,0.0,0.0,0.0,100.0,100.0,100.0,1000.0,1000.0,1000.0,47.50850138942158,0,0,47.50850138942158,0.0,0.0,0,0
244412,44.5,44.5,20.0,0.0,0.0,0.0,24.4,1.0,1.0,1.0,0.0,0.0,0.0,0.0,0.0,0.0,100.0,100.0,100.0,1000.0,1000.0,1000.0,47.50850138942158,0,0,47.50850138942158,0.0,0.0,0,0
244612,44.5,44.5,20.0,0.0,0.0,0.0,24.4,1.0,1.0,1.0,0.0,0.0,0.0,0.0,0.0,0.0,100.0,100.0,100.0,1000.0,1000.0,1000.0,47.50850138942158,0,0,47.50850138942158,0.0,0.0,0,0
244812,44.5,44.5,20.0,0.0,0.0,0.0,24.4,1.0,1.0,1.0,0.0,0.0,0.0,0.0,0.0,0.0,100.0,100.0,100.0,1000.0,1000.0,1000.0,47.50850138942158,0,0,47.50850138942158,0.0,0.0,0,0
245012,44.5,44.5,20.0,0.0,0.0,0.0,24.5,1.0,1.0,1.0,0.0,0.0,0.0,0.0,0.0,0.0,100.0,100.0,100.0,1000.0,1000.0,1000.0,47.50850138942158,0,0,47.50850138942158,0.0,0.0,0,0
245212,44.5,44.5,20.0,0.0,0.0,0.0,24.5,1.0,1.0,1.0,0.0,0.0,0.0,0.0,0.0,0.0,100.0,100.0,100.0,1000.0,1000.0,1000.0,47.50850138942158,0,0,47.50850138942158,0.0,0.0,0,0
245412,44.5,44.5,20.0,0.0,0.0,0.0,24.5,1.0,1.0,1.0,0.0,0.0,0.0,0.0,0.0,0.0,100.0,100.0,100.0,1000.0,1000.0,1000.0,47.50850138942158,0,0,47.50850138942158,0.0,0.0,0,0
245612,44.5,44.5,20.0,0.0,0.0,0.0,24.5,1.0,1.0,1.0,0.0,0.0,0.0,0.0,0.0,0.0,100.0,100.0,100.0,1000.0,1000.0,1000.0,47.50850138942158,0,0,47.50850138942158,0.0,0.0,0,0
245812,44.5,44.5,20.0,0.0,0.0,0.0,24.5,1.0,1.0,1.0,0.0,0.0,0.0,0.0,0.0,0.0,100.0,100.0,100.0,1000.0,1000.0,1000.0,47.50850138942158,0,0,47.50850138942158,0.0,0.0,0,0
246012,44.5,44.5,20.0,0.0,0.0,0.0,24.6,1.0,1.0,1.0,0.0,0.0,0.0,0.0,0.0,0.0,100.0,100.0,100.0,1000.0,1000.0,1000.0,47.50850138942158,0,0,47.50850138942158,0.0,0.0,0,0
246212,44.5,44.5,20.0,0.0,0.0,0.0,24.6,1.0,1.0,1.0,0.0,0.0,0.0,0.0,0.0,0.0,100.0,100.0,100.0,1000.0,1000.0,1000.0,47.50850138942158,0,0,47.50850138942158,0.0,0.0,0,0
246412,44.5,44.5,20.0,0.0,0.0,0.0,24.6,1.0,1.0,1.0,0.0,0.0,0.0,0.0,0.0,0.0,100.0,100.0,100.0,1000.0,1000.0,1000.0,47.50850138942158,0,0,47.50850138942158,0.0,0.0,0,0
246612,44.5,44.5,20.0,0.0,0.0,0.0,24.6,1.0,1.0,1.0,0.0,0.0,0.0,0.0,0.0,0.0,100.0,100.0,100.0,1000.0,1000.0,1000.0,47.50850138942158,0,0,47.50850138942158,0.0,0.0,0,0
246812,44.5,44.5,20.0,0.0,0.0,0.0,24.6,1.0,1.0,1.0,0.0,0.0,0.0,0.0,0.0,0.0,100.0,100.0,100.0,1000.0,1000.0,1000.0,47.50850138942158,0,0,47.50850138942158,0.0,0.0,0,0
247012,44.5,44.5,20.0,0.0,0.0,0.0,24.7,1.0,1.0,1.0,0.0,0.0,0.0,0.0,0.0,0.0,100.0,100.0,100.0,1000.0,1000.0,1000.0,47.50850138942158,0,0,47.50850138942158,0.0,0.0,0,0
247212,44.5,44.5,20.0,0.0,0.0,0.0,24.7,1.0,1.0,1.0,0.0,0.0,0.0,0.0,0.0,0.0,100.0,100.0,100.0,1000.0,1000.0,1000.0,47.50850138942158,0,0,47.50850138942158,0.0,0.0,0,0
247412,44.5,44.5,20.0,0.0,0.0,0.0,24.7,1.0,1.0,1.0,0.0,0.0,0.0,0.0,0.0,0.0,100.0,100.0,100.0,1000.0,1000.0,1000.0,47.50850138942158,0,0,47.50850138942158,0.0,0.0,0,0
247612,44.5,44.5,20.0,0.0,0.0,0.0,24.7,1.0,1.0,1.0,0.0,0.0,0.0,0.0,0.0,0.0,100.0,100.0,100.0,1000.0,1000.0,1000.0,47.50850138942158,0,0,47.50850138942158,0.0,0.0,0,0
247812,44.5,44.5,20.0,0.0,0.0,0.0,24.7,1.0,1.0,1.0,0.0,0.0,0.0,0.0,0.0,0.0,100.0,100.0,100.0,1000.0,1000.0,1000.0,47.50850138942158,0,0,47.50850138942158,0.0,0.0,0,0
248012,44.5,44.5,20.0,0.0,0.0,0.0,24.8,1.0,1.0,1.0,0.0,0.0,0.0,0.0,0.0,0.0,100.0,100.0,100.0,1000.0,1000.0,1000.0,47.50850138942158,0,0,47.50850138942158,0.0,0.0,0,0
248212,44.5,44.5,20.0,0.0,0.0,0.0,24.8,1.0,1.0,1.0,0.0,0.0,0.0,0.0,0.0,0.0,100.0,100.0,100.0,1000.0,1000.0,1000.0,47.50850138942158,0,0,47.50850138942158,0.0,0.0,0,0
248412,44.5,44.5,20.0,0.0,0.0,0.0,24.8,1.0,1.0,1.0,0.0,0.0,0.0,0.0,0.0,0.0,100.0,100.0,100.0,1000.0,1000.0,1000.0,47.50850138942158,0,0,47.50850138942158,0.0,0.0,0,0
248612,44.5,44.5,20.0,0.0,0.0,0.0,24.8,1.0,1.0,1.0,0.0,0.0,0.0,0.0,0.0,0.0,100.0,100.0,100.0,1000.0,1000.0,1000.0,47.50850138942158,0,0,47.50850138942158,0.0,0.0,0,0
248812,44.5,44.5,20.0,0.0,0.0,0.0,24.8,1.0,1.0,1.0,0.0,0.0,0.0,0.0,0.0,0.0,100.0,100.0,100.0,1000.0,1000.0,1000.0,47.50850138942158,0,0,47.50850138942158,0.0,0.0,0,0
249012,44.5,44.5,20.0,0.0,0.0,0.0,24.9,1.0,1.0,1.0,0.0,0.0,0.0,0.0,0.0,0.0,100.0,100.0,100.0,1000.0,1000.0,1000.0,47.50850138942158,0,0,47.50850138942158,0.0,0.0,0,0
249212,44.5,44.5,20.0,0.0,0.0,0.0,24.9,1.0,1.0,1.0,0.0,0.0,0.0,0.0,0.0,0.0,100.0,100.0,100.0,1000.0,1000.0,1000.0,47.50850138942158,0,0,47.50850138942158,0.0,0.0,0,0
249412,44.5,44.5,20.0,0.0,0.0,0.0,24.9,1.0,1.0,1.0,0.0,0.0,0.0,0.0,0.0,0.0,100.0,100.0,100.0,1000.0,1000.0,1000.0,47.50850138942158,0,0,47.50850138942158,0.0,0.0,0,0
249612,45.0,45.0,20.0,0.0,0.0,0.0,24.9,1.0,1.0,1.0,0.0,0.0,0.0,0.0,0.0,0.0,100.0,100.0,100.0,1000.0,1000.0,1000.0,47.50850138942158,0,0,47.50850138942158,0.0,0.0,0,0
249812,45.0,45.0,20.0,0.0,0.0,0.0,24.9,1.0,1.0,1.0,0.0,0.0,0.0,0.0,0.0,0.0,100.0,100.0,100.0,1000.0,1000.0,1000.0,47.50850138942158,0,0,47.50850138942158,0.0,0.0,0,0
250012,45.0,45.0,20.0,0.0,0.0,0.0,25.0,1.0,1.0,1.0,0.0,0.0,0.0,0.0,0.0,0.0,100.0,100.0,100.0,1000.0,1000.0,1000.0,47.50850138942158,0,0,47.50850138942158,0.0,0.0,0,0
250212,45.0,45.0,20.0,0.0,0.0,0.0,25.0,1.0,1.0,1.0,0.0,0.0,0.0,0.0,0.0,0.0,100.0,100.0,100.0,1000.0,1000.0,1000.0,47.50850138942158,0,0,47.50850138942158,0.0,0.0,0,0
250412,45.0,45.0,20.0,0.0,0.0,0.0,25.0,1.0,1.0,1.0,0.0,0.0,0.0,0.0,0.0,0.0,100.0,100.0,100.0,1000.0,1000.0,1000.0,47.50850138942158,0,0,47.50850138942158,0.0,0.0,0,0
250612,45.0,45.0,20.0,0.0,0.0,0.0,25.0,1.0,1.0,1.0,0.0,0.0,0.0,0.0,0.0,0.0,100.0,100.0,100.0,1000.0,1000.0,1000.0,47.50850138942158,0,0,47.50850138942158,0.0,0.0,0,0
250812,45.0,45.0,20.0,0.0,0.0,0.0,25.0,1.0,1.0,1.0,0.0,0.0,0.0,0.0,0.0,0.0,100.0,100.0,100.0,1000.0,1000.0,1000.0,47.50850138942158,0,0,47.50850138942158,0.0,0.0,0,0
251012,45.0,45.0,20.0,0.0,0.0,0.0,25.1,1.0,1.0,1.0,0.0,0.0,0.0,0.0,0.0,0.0,100.0,100.0,100.0,1000.0,1000.0,1000.0,47.50850138942158,0,0,47.50850138942158,0.0,0.0,0,0
251212,45.0,45.0,20.0,0.0,0.0,0.0,25.1,1.0,1.0,1.0,0.0,0.0,0.0,0.0,0.0,0.0,100.0,100.0,100.0,1000.0,1000.0,1000.0,47.50850138942158,0,0,47.50850138942158,0.0,0.0,0,0
251412,45.0,45.0,20.0,0.0,0.0,0.0,25.1,1.0,1.0,1.0,0.0,0.0,0.0,0.0,0.0,0.0,100.0,100.0,100.0,1000.0,1000.0,1000.0,47.50850138942158,0,0,47.50850138942158,0.0,0.0,0,0
251612,45.0,45.0,20.0,0.0,0.0,0.0,25.1,1.0,1.0,1.0,0.0,0.0,0.0,0.0,0.0,0.0,100.0,100.0,100.0,1000.0,1000.0,1000.0,47.50850138942158,0,0,47.50850138942158,0.0,0.0,0,0
251812,45.0,45.0,20.0,0.0,0.0,0.0,25.1,1.0,1.0,1.0,0.0,0.0,0.0,0.0,0.0,0.0,100.0,100.0,100.0,1000.0,1000.0,1000.0,47.50850138942158,0,0,47.50850138942158,0.0,0.0,0,0
252012,45.0,45.0,20.0,0.0,0.0,0.0,25.2,1.0,1.0,1.0,0.0,0.0,0.0,0.0,0.0,0.0,100.0,100.0,100.0,1000.0,1000.0,1000.0,47.50850138942158,0,0,47.50850138942158,0.0,0.0,0,0
252212,45.0,45.0,20.0,0.0,0.0,0.0,25.2,1.0,1.0,1.0,0.0,0.0,0.0,0.0,0.0,0.0,100.0,100.0,100.0,1000.0,1000.0,1000.0,47.50850138942158,0,0,47.50850138942158,0.0,0.0,0,0
252412,45.0,45.0,20.0,0.0,0.0,0.0,25.2,1.0,1.0,1.0,0.0,0.0,0.0,0.0,0.0,0.0,100.0,100.0,100.0,1000.0,1000.0,1000.0,47.50850138942158,0,0,47.50850138942158,0.0,0.0,0,0
252612,45.0,45.0,20.0,0.0,0.0,0.0,25.2,1.0,1.0,1.0,0.0,0.0,0.0,0.0,0.0,0.0,100.0,100.0,100.0,1000.0,1000.0,1000.0,47.50850138942158,0,0,47.50850138942158,0.0,0.0,0,0
252812,45.0,45.0,20.0,0.0,0.0,0.0,25.2,1.0,1.0,1.0,0.0,0.0,0.0,0.0,0.0,0.0,100.0,100.0,100.0,1000.0,1000.0,1000.0,47.50850138942158,0,0,47.50850138942158,0.0,0.0,0,0
253012,45.0,45.0,20.0,0.0,0.0,0.0,25.3,1.0,1.0,1.0,0.0,0.0,0.0,0.0,0.0,0.0,100.0,100.0,100.0,1000.0,1000.0,1000.0,47.50850138942158,0,0,47.50850138942158,0.0,0.0,0,0
253212,45.0,45.0,20.0,0.0,0.0,0.0,25.3,1.0,1.0,1.0,0.0,0.0,0.0,0.0,0.0,0.0,100.0,100.0,100.0,1000.0,1000.0,1000.0,47.50850138942158,0,0,47.50850138942158,0.0,0.0,0,0
253412,45.0,45.0,20.0,0.0,0.0,0.0,25.3,1.0,1.0,1.0,0.0,0.0,0.0,0.0,0.0,0.0,100.0,100.0,100.0,1000.0,1000.0,1000.0,47.50850138942158,0,0,47.50850138942158,0.0,0.0,0,0
253612,45.0,45.0,20.0,0.0,0.0,0.0,25.3,1.0,1.0,1.0,0.0,0.0,0.0,0.0,0.0,0.0,100.0,100.0,100.0,1000.0,1000.0,1000.0,47.50850138942158,0,0,47.50850138942158,0.0,0.0,0,0
253812,45.0,45.0,20.0,0.0,0.0,0.0,25.3,1.0,1.0,1.0,0.0,0.0,0.0,0.0,0.0,0.0,100.0,100.0,100.0,1000.0,1000.0,1000.0,47.50850138942158,0,0,47.50850138942158,0.0,0.0,0,0
254012,45.0,45.0,20.0,0.0,0.0,0.0,25.4,1.0,1.0,1.0,0.0,0.0,0.0,0.0,0.0,0.0,100.0,100.0,100.0,1000.0,1000.0,1000.0,47.50850138942158,0,0,47.50850138942158,0.0,0.0,0,0
254212,45.0,45.0,20.0,0.0,0.0,0.0,25.4,1.0,1.0,1.0,0.0,0.0,0.0,0.0,0.0,0.0,100.0,100.0,100.0,1000.0,1000.0,1000.0,47.50850138942158,0,0,47.50850138942158,0.0,0.0,0,0
254412,45.0,45.0,20.0,0.0,0.0,0.0,25.4,1.0,1.0,1.0,0.0,0.0,0.0,0.0,0.0,0.0,100.0,100.0,100.0,1000.0,1000.0,1000.0,47.50850138942158,0,0,47.50850138942158,0.0,0.0,0,0
254612,45.0,45.0,20.0,0.0,0.0,0.0,25.4,1.0,1.0,1.0,0.0,0.0,0.0,0.0,0.0,0.0,100.0,100.0,100.0,1000.0,1000.0,1000.0,47.50850138942158,0,0,47.50850138942158,0.0,0.0,0,0
254812,45.0,45.0,20.0,0.0,0.0,0.0,25.4,1.0,1.0,1.0,0.0,0.0,0.0,0.0,0.0,0.0,100.0,100.0,100.0,1000.0,1000.0,1000.0,47.50850138942158,0,0,47.50850138942158,0.0,0.0,0,0
255012,45.5,45.5,20.0,0.0,0.0,0.0,25.5,1.0,1.0,1.0,0.0,0.0,0.0,0.0,0.0,0.0,100.0,100.0,100.0,1000.0,1000.0,1000.0,47.50850138942158,0,0,47.50850138942158,0.0,0.0,0,0
255212,45.5,45.5,20.0,0.0,0.0,0.0,25.5,1.0,1.0,1.0,0.0,0.0,0.0,0.0,0.0,0.0,100.0,100.0,100.0,1000.0,1000.0,1000.0,49.15676926309421,0,0,49.15676926309421,0.0,0.0,1,0
255412,45.5,45.5,20.0,0.0,0.0,0.0,25.5,1.0,1.0,1.0,0.0,0.0,0.0,0.0,0.0,0.0,100.0,100.0,100.0,1000.0,1000.0,1000.0,49.15676926309421,0,0,49.15676926309421,0.0,0.0,0,0
255612,45.5,45.5,20.0,0.0,0.0,0.0,25.5,1.0,1.0,1.0,0.0,0.0,0.0,0.0,0.0,0.0,100.0,100.0,100.0,1000.0,1000.0,1000.0,49.15676926309421,0,0,49.15676926309421,0.0,0.0,0,0
255812,45.5,45.5,20.0,0.0,0.0,0.0,25.5,1.0,1.0,1.0,0.0,0.0,0.0,0.0,0.0,0.0,100.0,100.0,100.0,1000.0,1000.0,1000.0,49.15676926309421,0,0,49.15676926309421,0.0,0.0,0,0
256012,45.5,45.5,20.0,0.0,0.0,0.0,25.6,1.0,1.0,1.0,0.0,0.0,0.0,0.0,0.0,0.0,100.0,100.0,100.0,1000.0,1000.0,1000.0,49.15676926309421,0,0,49.15676926309421,0.0,0.0,0,0
256212,45.5,45.5,20.0,0.0,0.0,0.0,25.6,1.0,1.0,1.0,0.0,0.0,0.0,0.0,0.0,0.0,100.0,100.0,100.0,1000.0,1000.0,1000.0,49.15676926309421,0,0,49.15676926309421,0.0,0.0,0,0
256412,45.5,45.5,20.0,0.0,0.0,0.0,25.6,1.0,1.0,1.0,0.0,0.0,0.0,0.0,0.0,0.0,100.0,100.0,100.0,1000.0,1000.0,1000.0,49.15676926309421,0,0,49.15676926309421,0.0,0.0,0,0
256612,45.5,45.5,20.0,0.0,0.0,0.0,25.6,1.0,1.0,1.0,0.0,0.0,0.0,0.0,0.0,0.0,100.0,100.0,100.0,1000.0,1000.0,1000.0,49.15676926309421,0,0,49.15676926309421,0.0,0.0,0,0
256812,45.5,45.5,20.0,0.0,0.0,0.0,25.6,1.0,1.0,1.0,0.0,0.0,0.0,0.0,0.0,0.0,100.0,100.0,100.0,1000.0,1000.0,1000.0,49.15676926309421,0,0,49.15676926309421,0.0,0.0,0,0
257012,45.5,45.5,20.0,0.0,0.0,0.0,25.7,1.0,1.0,1.0,0.0,0.0,0.0,0.0,0.0,0.0,100.0,100.0,100.0,1000.0,1000.0,1000.0,49.15676926309421,0,0,49.15676926309421,0.0,0.0,0,0
257212,45.5,45.5,20.0,0.0,0.0,0.0,25.7,1.0,1.0,1.0,0.0,0.0,0.0,0.0,0.0,0.0,100.0,100.0,100.0,1000.0,1000.0,1000.0,49.15676926309421,0,0,49.15676926309421,0.0,0.0,0,0
257412,45.5,45.5,20.0,0.0,0.0,0.0,25.7,1.0,1.0,1.0,0.0,0.0,0.0,0.0,0.0,0.0,100.0,100.0,100.0,1000.0,1000.0,1000.0,49.15676926309421,0,0,49.15676926309421,0.0,0.0,0,0
257612,45.5,45.5,20.0,0.0,0.0,0.0,25.7,1.0,1.0,1.0,0.0,0.0,0.0,0.0,0.0,0.0,100.0,100.0,100.0,1000.0,1000.0,1000.0,49.15676926309421,0,0,49.15676926309421,0.0,0.0,0,0
257812,45.5,45.5,20.0,0.0,0.0,0.0,25.7,1.0,1.0,1.0,0.0,0.0,0.0,0.0,0.0,0.0,100.0,100.0,100.0,1000.0,1000.0,1000.0,49.15676926309421,0,0,49.15676926309421,0.0,0.0,0,0
258012,45.5,45.5,20.0,0.0,0.0,0.0,25.8,1.0,1.0,1.0,0.0,0.0,0.0,0.0,0.0,0.0,100.0,100.0,100.0,1000.0,1000.0,1000.0,49.15676926309421,0,0,49.15676926309421,0.0,0.0,0,0
258212,45.5,45.5,20.0,0.0,0.0,0.0,25.8,1.0,1.0,1.0,0.0,0.0,0.0,0.0,0.0,0.0,100.0,100.0,100.0,1000.0,1000.0,1000.0,49.15676926309421,0,0,49.15676926309421,0.0,0.0,0,0
258412,45.5,45.5,20.0,0.0,0.0,0.0,25.8,1.0,1.0,1.0,0.0,0.0,0.0,0.0,0.0,0.0,100.0,100.0,100.0,1000.0,1000.0,1000.0,49.15676926309421,0,0,49.15676926309421,0.0,0.0,0,0
258612,45.5,45.5,20.0,0.0,0.0,0.0,25.8,1.0,1.0,1.0,0.0,0.0,0.0,0.0,0.0,0.0,100.0,100.0,100.0,1000.0,1000.0,1000.0,49.15676926309421,0,0,49.15676926309421,0.0,0.0,0,0
258812,45.5,45.5,20.0,0.0,0.0,0.0,25.8,1.0,1.0,1.0,0.0,0.0,0.0,0.0,0.0,0.0,100.0,100.0,100.0,1000.0,1000.0,1000.0,49.15676926309421,0,0,49.15676926309421,0.0,0.0,0,0
259012,45.5,45.5,20.0,0.0,0.0,0.0,25.9,1.0,1.0,1.0,0.0,0.0,0.0,0.0,0.0,0.0,100.0,100.0,100.0,1000.0,1000.0,1000.0,49.15676926309421,0,0,49.15676926309421,0.0,0.0,0,0
259212,45.5,45.5,20.0,0.0,0.0,0.0,25.9,1.0,1.0,1.0,0.0,0.0,0.0,0.0,0.0,0.0,100.0,100.0,100.0,1000.0,1000.0,1000.0,49.15676926309421,0,0,49.15676926309421,0.0,0.0,0,0
259412,45.5,45.5,20.0,0.0,0.0,0.0,25.9,1.0,1.0,1.0,0.0,0.0,0.0,0.0,0.0,0.0,100.0,100.0,100.0,1000.0,1000.0,1000.0,49.15676926309421,0,0,49.15676926309421,0.0,0.0,0,0
259612,45.5,45.5,20.0,0.0,0.0,0.0,25.9,1.0,1.0,1.0,0.0,0.0,0.0,0.0,0.0,0.0,100.0,100.0,100.0,1000.0,1000.0,1000.0,49.15676926309421,0,0,49.15676926309421,0.0,0.0,0,0
259812,45.5,45.5,20.0,0.0,0.0,0.0,25.9,1.0,1.0,1.0,0.0,0.0,0.0,0.0,0.0,0.0,100.0,100.0,100.0,1000.0,1000.0,1000.0,49.15676926309421,0,0,49.15676926309421,0.0,0.0,0,0
260012,45.5,46.0,20.0,0.0,0.0,0.0,26.0,1.0,1.0,1.0,0.0,0.0,0.0,0.0,0.0,0.0,100.0,100.0,100.0,1000.0,1000.0,1000.0,49.15676926309421,0,0,49.15676926309421,0.0,0.0,0,0
260212,45.5,46.0,20.0,0.0,0.0,0.0,26.0,1.0,1.0,1.0,0.0,0.0,0.0,0.0,0.0,0.0,100.0,100.0,100.0,1000.0,1000.0,1000.0,49.15676926309421,0,0,49.15676926309421,0.0,0.0,0,0
260412,45.5,46.0,20.0,0.0,0.0,0.0,26.0,1.0,1.0,1.0,0.0,0.0,0.0,0.0,0.0,0.0,100.0,100.0,100.0,1000.0,1000.0,1000.0,49.15676926309421,0,0,49.15676926309421,0.0,0.0,0,0
260612,45.5,46.0,20.0,0.0,0.0,0.0,26.0,1.0,1.0,1.0,0.0,0.0,0.0,0.0,0.0,0.0,100.0,100.0,100.0,1000.0,1000.0,1000.0,49.15676926309421,0,0,49.15676926309421,0.0,0.0,0,0
260812,45.5,46.0,20.0,0.0,0.0,0.0,26.0,1.0,1.0,1.0,0.0,0.0,0.0,0.0,0.0,0.0,100.0,100.0,100.0,1000.0,1000.0,1000.0,49.15676926309421,0,0,49.15676926309421,0.0,0.0,0,0
261012,46.0,46.0,20.0,0.0,0.0,0.0,26.1,1.0,1.0,1.0,0.0,0.0,0.0,0.0,0.0,0.0,100.0,100.0,100.0,1000.0,1000.0,1000.0,49.15676926309421,0,0,49.15676926309421,0.0,0.0,0,0
261212,46.0,46.0,20.0,0.0,0.0,0.0,26.1,1.0,1.0,1.0,0.0,0.0,0.0,0.0,0.0,0.0,100.0,100.0,100.0,1000.0,1000.0,1000.0,49.15676926309421,0,0,49.15676926309421,0.0,0.0,0,0
261412,46.0,46.0,20.0,0.0,0.0,0.0,26.1,1.0,1.0,1.0,0.0,0.0,0.0,0.0,0.0,0.0,100.0,100.0,100.0,1000.0,1000.0,1000.0,49.15676926309421,0,0,49.15676926309421,0.0,0.0,0,0
261612,46.0,46.0,20.0,0.0,0.0,0.0,26.1,1.0,1.0,1.0,0.0,0.0,0.0,0.0,0.0,0.0,100.0,100.0,100.0,1000.0,1000.0,1000.0,49.15676926309421,0,0,49.15676926309421,0.0,0.0,0,0
261812,46.0,46.0,20.0,0.0,0.0,0.0,26.1,1.0,1.0,1.0,0.0,0.0,0.0,0.0,0.0,0.0,100.0,100.0,100.0,1000.0,1000.0,1000.0,49.15676926309421,0,0,49.15676926309421,0.0,0.0,0,0
262012,46.0,46.0,20.0,0.0,0.0,0.0,26.2,1.0,1.0,1.0,0.0,0.0,0.0,0.0,0.0,0.0,100.0,100.0,100.0,1000.0,1000.0,1000.0,49.15676926309421,0,0,49.15676926309421,0.0,0.0,0,0
262212,46.0,46.0,20.0,0.0,0.0,0.0,26.2,1.0,1.0,1.0,0.0,0.0,0.0,0.0,0.0,0.0,100.0,100.0,100.0,1000.0,1000.0,1000.0,49.15676926309421,0,0,49.15676926309421,0.0,0.0,0,0
262412,46.0,46.0,20.0,0.0,0.0,0.0,26.2,1.0,1.0,1.0,0.0,0.0,0.0,0.0,0.0,0.0,100.0,100.0,100.0,1000.0,1000.0,1000.0,49.15676926309421,0,0,49.15676926309421,0.0,0.0,0,0
262612,46.0,46.0,20.0,0.0,0.0,0.0,26.2,1.0,1.0,1.0,0.0,0.0,0.0,0.0,0.0,0.0,100.0,100.0,100.0,1000.0,1000.0,1000.0,49.15676926309421,0,0,49.15676926309421,0.0,0.0,0,0
262812,46.0,46.0,20.0,0.0,0.0,0.0,26.2,1.0,1.0,1.0,0.0,0.0,0.0,0.0,0.0,0.0,100.0,100.0,100.0,1000.0,1000.0,1000.0,49.15676926309421,0,0,49.15676926309421,0.0,0.0,0,0
263012,46.0,46.0,20.0,0.0,0.0,0.0,26.3,1.0,1.0,1.0,0.0,0.0,0.0,0.0,0.0,0.0,100.0,100.0,100.0,1000.0,1000.0,1000.0,49.15676926309421,0,0,49.15676926309421,0.0,0.0,0,0
263212,46.0,46.0,20.0,0.0,0.0,0.0,26.3,1.0,1.0,1.0,0.0,0.0,0.0,0.0,0.0,0.0,100.0,100.0,100.0,1000.0,1000.0,1000.0,49.15676926309421,0,0,49.15676926309421,0.0,0.0,0,0
263412,46.0,46.0,20.0,0.0,0.0,0.0,26.3,1.0,1.0,1.0,0.0,0.0,0.0,0.0,0.0,0.0,100.0,100.0,100.0,1000.0,1000.0,1000.0,49.15676926309421,0,0,49.15676926309421,0.0,0.0,0,0
263612,46.0,46.0,20.0,0.0,0.0,0.0,26.3,1.0,1.0,1.0,0.0,0.0,0.0,0.0,0.0,0.0,100.0,100.0,100.0,1000.0,1000.0,1000.0,49.15676926309421,0,0,49.15676926309421,0.0,0.0,0,0
263812,46.0,46.0,20.0,0.0,0.0,0.0,26.3,1.0,1.0,1.0,0.0,0.0,0.0,0.0,0.0,0.0,100.0,100.0,100.0,1000.0,1000.0,1000.0,49.15676926309421,0,0,49.15676926309421,0.0,0.0,0,0
264012,46.0,46.0,20.0,0.0,0.0,0.0,26.4,1.0,1.0,1.0,0.0,0.0,0.0,0.0,0.0,0.0,100.0,100.0,100.0,1000.0,1000.0,1000.0,49.15676926309421,0,0,49.15676926309421,0.0,0.0,0,0
264212,46.0,46.0,20.0,0.0,0.0,0.0,26.4,1.0,1.0,1.0,0.0,0.0,0.0,0.0,0.0,0.0,100.0,100.0,100.0,1000.0,1000.0,1000.0,49.15676926309421,0,0,49.15676926309421,0.0,0.0,0,0
264412,46.0,46.0,20.0,0.0,0.0,0.0,26.4,1.0,1.0,1.0,0.0,0.0,0.0,0.0,0.0,0.0,100.0,100.0,100.0,1000.0,1000.0,1000.0,49.15676926309421,0,0,49.15676926309421,0.0,0.0,0,0
264612,46.0,46.0,20.0,0.0,0.0,0.0,26.4,1.0,1.0,1.0,0.0,0.0,0.0,0.0,0.0,0.0,100.0,100.0,100.0,1000.0,1000.0,1000.0,49.15676926309421,0,0,49.15676926309421,0.0,0.0,0,0
264812,46.0,46.0,20.0,0.0,0.0,0.0,26.4,1.0,1.0,1.0,0.0,0.0,0.0,0.0,0.0,0.0,100.0,100.0,100.0,1000.0,1000.0,1000.0,49.15676926309421,0,0,49.15676926309421,0.0,0.0,0,0
265012,46.0,46.0,20.0,0.0,0.0,0.0,26.5,1.0,1.0,1.0,0.0,0.0,0.0,0.0,0.0,0.0,100.0,100.0,100.0,1000.0,1000.0,1000.0,49.15676926309421,0,0,49.15676926309421,0.0,0.0,0,0
265212,46.0,46.0,20.0,0.0,0.0,0.0,26.5,1.0,1.0,1.0,0.0,0.0,0.0,0.0,0.0,0.0,100.0,100.0,100.0,1000.0,1000.0,1000.0,49.15676926309421,0,0,49.15676926309421,0.0,0.0,0,0
265412,46.0,46.0,20.0,0.0,0.0,0.0,26.5,1.0,1.0,1.0,0.0,0.0,0.0,0.0,0.0,0.0,100.0,100.0,100.0,1000.0,1000.0,1000.0,49.15676926309421,0,0,49.15676926309421,0.0,0.0,0,0
265612,46.0,46.0,20.0,0.0,0.0,0.0,26.5,1.0,1.0,1.0,0.0,0.0,0.0,0.0,0.0,0.0,100.0,100.0,100.0,1000.0,1000.0,1000.0,49.15676926309421,0,0,49.15676926309421,0.0,0.0,0,0
265812,46.0,46.0,20.0,0.0,0.0,0.0,26.5,1.0,1.0,1.0,0.0,0.0,0.0,0.0,0.0,0.0,100.0,100.0,100.0,1000.0,1000.0,1000.0,49.15676926309421,0,0,49.15676926309421,0.0,0.0,0,0
266012,46.0,46.5,20.0,0.0,0.0,0.0,26.6,1.0,1.0,1.0,0.0,0.0,0.0,0.0,0.0,0.0,100.0,100.0,100.0,1000.0,1000.0,1000.0,49.15676926309421,0,0,49.15676926309421,0.0,0.0,0,0
266212,46.0,46.5,20.0,0.0,0.0,0.0,26.6,1.0,1.0,1.0,0.0,0.0,0.0,0.0,0.0,0.0,100.0,100.0,100.0,1000.0,1000.0,1000.0,49.15676926309421,0,0,49.15676926309421,0.0,0.0,0,0
266412,46.0,46.5,20.0,0.0,0.0,0.0,26.6,1.0,1.0,1.0,0.0,0.0,0.0,0.0,0.0,0.0,100.0,100.0,100.0,1000.0,1000.0,1000.0,49.15676926309421,0,0,49.15676926309421,0.0,0.0,0,0
266612,46.0,46.5,20.0,0.0,0.0,0.0,26.6,1.0,1.0,1.0,0.0,0.0,0.0,0.0,0.0,0.0,100.0,100.0,100.0,1000.0,1000.0,1000.0,49.15676926309421,0,0,49.15676926309421,0.0,0.0,0,0
266812,46.0,46.5,20.0,0.0,0.0,0.0,26.6,1.0,1.0,1.0,0.0,0.0,0.0,0.0,0.0,0.0,100.0,100.0,100.0,1000.0,1000.0,1000.0,49.15676926309421,0,0,49.15676926309421,0.0,0.0,0,0
267012,46.5,46.5,20.0,0.0,0.0,0.0,26.7,1.0,1.0,1.0,0.0,0.0,0.0,0.0,0.0,0.0,100.0,100.0,100.0,1000.0,1000.0,1000.0,49.15676926309421,0,0,49.15676926309421,0.0,0.0,0,0
267212,46.5,46.5,20.0,0.0,0.0,0.0,26.7,1.0,1.0,1.0,0.0,0.0,0.0,0.0,0.0,0.0,100.0,100.0,100.0,1000.0,1000.0,1000.0,49.15676926309421,0,0,49.15676926309421,0.0,0.0,0,0
267412,46.5,46.5,20.0,0.0,0.0,0.0,26.7,1.0,1.0,1.0,0.0,0.0,0.0,0.0,0.0,0.0,100.0,100.0,100.0,1000.0,1000.0,1000.0,49.15676926309421,0,0,49.15676926309421,0.0,0.0,0,0
267612,46.5,46.5,20.0,0.0,0.0,0.0,26.7,1.0,1.0,1.0,0.0,0.0,0.0,0.0,0.0,0.0,100.0,100.0,100.0,1000.0,1000.0,1000.0,49.15676926309421,0,0,49.15676926309421,0.0,0.0,0,0
267812,46.5,46.5,20.0,0.0,0.0,0.0,26.7,1.0,1.0,1.0,0.0,0.0,0.0,0.0,0.0,0.0,100.0,100.0,100.0,1000.0,1000.0,1000.0,49.15676926309421,0,0,49.15676926309421,0.0,0.0,0,0
268012,46.5,46.5,20.0,0.0,0.0,0.0,26.8,1.0,1.0,1.0,0.0,0.0,0.0,0.0,0.0,0.0,100.0,100.0,100.0,1000.0,1000.0,1000.0,49.15676926309421,0,0,49.15676926309421,0.0,0.0,0,0
268212,46.5,46.5,20.0,0.0,0.0,0.0,26.8,1.0,1.0,1.0,0.0,0.0,0.0,0.0,0.0,0.0,100.0,100.0,100.0,1000.0,1000.0,1000.0,49.15676926309421,0,0,49.15676926309421,0.0,0.0,0,0
268412,46.5,46.5,20.0,0.0,0.0,0.0,26.8,1.0,1.0,1.0,0.0,0.0,0.0,0.0,0.0,0.0,100.0,100.0,100.0,1000.0,1000.0,1000.0,49.15676926309421,0,0,49.15676926309421,0.0,0.0,0,0
268612,46.5,46.5,20.0,0.0,0.0,0.0,26.8,1.0,1.0,1.0,0.0,0.0,0.0,0.0,0.0,0.0,100.0,100.0,100.0,1000.0,1000.0,1000.0,49.15676926309421,0,0,49.15676926309421,0.0,0.0,0,0
268812,46.5,46.5,20.0,0.0,0.0,0.0,26.8,1.0,1.0,1.0,0.0,0.0,0.0,0.0,0.0,0.0,100.0,100.0,100.0,1000.0,1000.0,1000.0,49.15676926309421,0,0,49.15676926309421,0.0,0.0,0,0
269012,46.5,46.5,20.0,0.0,0.0,0.0,26.9,1.0,1.0,1.0,0.0,0.0,0.0,0.0,0.0,0.0,100.0,100.0,100.0,1000.0,1000.0,1000.0,49.15676926309421,0,0,49.15676926309421,0.0,0.0,0,0
269212,46.5,46.5,20.0,0.0,0.0,0.0,26.9,1.0,1.0,1.0,0.0,0.0,0.0,0.0,0.0,0.0,100.0,100.0,100.0,1000.0,1000.0,1000.0,49.15676926309421,0,0,49.15676926309421,0.0,0.0,0,0
269412,46.5,46.5,20.0,0.0,0.0,0.0,26.9,1.0,1.0,1.0,0.0,0.0,0.0,0.0,0.0,0.0,100.0,100.0,100.0,1000.0,1000.0,1000.0,49.15676926309421,0,0,49.15676926309421,0.0,0.0,0,0
269612,46.5,46.5,20.0,0.0,0.0,0.0,26.9,1.0,1.0,1.0,0.0,0.0,0.0,0.0,0.0,0.0,100.0,100.0,100.0,1000.0,1000.0,1000.0,49.15676926309421,0,0,49.15676926309421,0.0,0.0,0,0
269812,46.5,46.5,20.0,0.0,0.0,0.0,26.9,1.0,1.0,1.0,0.0,0.0,0.0,0.0,0.0,0.0,100.0,100.0,100.0,1000.0,1000.0,1000.0,49.15676926309421,0,0,49.15676926309421,0.0,0.0,0,0
270012,46.5,46.5,20.0,0.0,0.0,0.0,27.0,1.0,1.0,1.0,0.0,0.0,0.0,0.0,0.0,0.0,100.0,100.0,100.0,1000.0,1000.0,1000.0,49.15676926309421,0,0,49.15676926309421,0.0,0.0,0,0
270212,46.5,46.5,20.0,0.0,0.0,0.0,27.0,1.0,1.0,1.0,0.0,0.0,0.0,0.0,0.0,0.0,100.0,100.0,100.0,1000.0,1000.0,1000.0,56.08741277872262,0,0,56.08741277872262,0.0,0.0,1,0
270412,46.5,46.5,20.0,0.0,0.0,0.0,27.0,1.0,1.0,1.0,0.0,0.0,0.0,0.0,0.0,0.0,100.0,100.0,100.0,1000.0,1000.0,1000.0,56.08741277872262,0,0,56.08741277872262,0.0,0.0,0,0
270612,46.5,46.5,20.0,0.0,0.0,0.0,27.0,1.0,1.0,1.0,0.0,0.0,0.0,0.0,0.0,0.0,100.0,100.0,100.0,1000.0,1000.0,1000.0,56.08741277872262,0,0,56.08741277872262,0.0,0.0,0,0
270812,46.5,46.5,20.0,0.0,0.0,0.0,27.0,1.0,1.0,1.0,0.0,0.0,0.0,0.0,0.0,0.0,100.0,100.0,100.0,1000.0,1000.0,1000.0,56.08741277872262,0,0,56.08741277872262,0.0,0.0,0,0
271012,46.5,46.5,20.0,0.0,0.0,0.0,27.1,1.0,1.0,1.0,0.0,0.0,0.0,0.0,0.0,0.0,100.0,100.0,100.0,1000.0,1000.0,1000.0,56.08741277872262,0,0,56.08741277872262,0.0,0.0,0,0
271212,46.5,46.5,20.0,0.0,0.0,0.0,27.1,1.0,1.0,1.0,0.0,0.0,0.0,0.0,0.0,0.0,100.0,100.0,100.0,1000.0,1000.0,1000.0,56.08741277872262,0,0,56.08741277872262,0.0,0.0,0,0
271412,46.5,46.5,20.0,0.0,0.0,0.0,27.1,1.0,1.0,1.0,0.0,0.0,0.0,0.0,0.0,0.0,100.0,100.0,100.0,1000.0,1000.0,1000.0,56.08741277872262,0,0,56.08741277872262,0.0,0.0,0,0
271612,47.0,46.5,20.0,0.0,0.0,0.0,27.1,1.0,1.0,1.0,0.0,0.0,0.0,0.0,0.0,0.0,100.0,100.0,100.0,1000.0,1000.0,1000.0,56.08741277872262,0,0,56.08741277872262,0.0,0.0,0,0
271812,47.0,46.5,20.0,0.0,0.0,0.0,27.1,1.0,1.0,1.0,0.0,0.0,0.0,0.0,0.0,0.0,100.0,100.0,100.0,1000.0,1000.0,1000.0,56.08741277872262,0,0,56.08741277872262,0.0,0.0,0,0
272012,47.0,47.0,20.0,0.0,0.0,0.0,27.2,1.0,1.0,1.0,0.0,0.0,0.0,0.0,0.0,0.0,100.0,100.0,100.0,1000.0,1000.0,1000.0,56.08741277872262,0,0,56.08741277872262,0.0,0.0,0,0
272212,47.0,47.0,20.0,0.0,0.0,0.0,27.2,1.0,1.0,1.0,0.0,0.0,0.0,0.0,0.0,0.0,100.0,100.0,100.0,1000.0,1000.0,1000.0,56.08741277872262,0,0,56.08741277872262,0.0,0.0,0,0
272412,47.0,47.0,20.0,0.0,0.0,0.0,27.2,1.0,1.0,1.0,0.0,0.0,0.0,0.0,0.0,0.0,100.0,100.0,100.0,1000.0,1000.0,1000.0,56.08741277872262,0,0,56.08741277872262,0.0,0.0,0,0
272612,47.0,47.0,20.0,0.0,0.0,0.0,27.2,1.0,1.0,1.0,0.0,0.0,0.0,0.0,0.0,0.0,100.0,100.0,100.0,1000.0,1000.0,1000.0,56.08741277872262,0,0,56.08741277872262,0.0,0.0,0,0
272812,47.0,47.0,20.0,0.0,0.0,0.0,27.2,1.0,1.0,1.0,0.0,0.0,0.0,0.0,0.0,0.0,100.0,100.0,100.0,1000.0,1000.0,1000.0,56.08741277872262,0,0,56.08741277872262,0.0,0.0,0,0
273012,47.0,47.0,20.0,0.0,0.0,0.0,27.3,1.0,1.0,1.0,0.0,0.0,0.0,0.0,0.0,0.0,100.0,100.0,100.0,1000.0,1000.0,1000.0,56.08741277872262,0,0,56.08741277872262,0.0,0.0,0,0
273212,47.0,47.0,20.0,0.0,0.0,0.0,27.3,1.0,1.0,1.0,0.0,0.0,0.0,0.0,0.0,0.0,100.0,100.0,100.0,1000.0,1000.0,1000.0,56.08741277872262,0,0,56.08741277872262,0.0,0.0,0,0
273412,47.0,47.0,20.0,0.0,0.0,0.0,27.3,1.0,1.0,1.0,0.0,0.0,0.0,0.0,0.0,0.0,100.0,100.0,100.0,1000.0,1000.0,1000.0,56.08741277872262,0,0,56.08741277872262,0.0,0.0,0,0
273612,47.0,47.0,20.0,0.0,0.0,0.0,27.3,1.0,1.0,1.0,0.0,0.0,0.0,0.0,0.0,0.0,100.0,100.0,100.0,1000.0,1000.0,1000.0,56.08741277872262,0,0,56.08741277872262,0.0,0.0,0,0
273812,47.0,47.0,20.0,0.0,0.0,0.0,27.3,1.0,1.0,1.0,0.0,0.0,0.0,0.0,0.0,0.0,100.0,100.0,100.0,1000.0,1000.0,1000.0,56.08741277872262,0,0,56.08741277872262,0.0,0.0,0,0
274012,47.0,47.0,20.0,0.0,0.0,0.0,27.4,1.0,1.0,1.0,0.0,0.0,0.0,0.0,0.0,0.0,100.0,100.0,100.0,1000.0,1000.0,1000.0,56.08741277872262,0,0,56.08741277872262,0.0,0.0,0,0
274212,47.0,47.0,20.0,0.0,0.0,0.0,27.4,1.0,1.0,1.0,0.0,0.0,0.0,0.0,0.0,0.0,100.0,100.0,100.0,1000.0,1000.0,1000.0,56.08741277872262,0,0,56.08741277872262,0.0,0.0,0,0
274412,47.0,47.0,20.0,0.0,0.0,0.0,27.4,1.0,1.0,1.0,0.0,0.0,0.0,0.0,0.0,0.0,100.0,100.0,100.0,1000.0,1000.0,1000.0,56.08741277872262,0,0,56.08741277872262,0.0,0.0,0,0
274612,47.0,47.0,20.0,0.0,0.0,0.0,27.4,1.0,1.0,1.0,0.0,0.0,0.0,0.0,0.0,0.0,100.0,100.0,100.0,1000.0,1000.0,1000.0,56.08741277872262,0,0,56.08741277872262,0.0,0.0,0,0
274812,47.0,47.0,20.0,0.0,0.0,0.0,27.4,1.0,1.0,1.0,0.0,0.0,0.0,0.0,0.0,0.0,100.0,100.0,100.0,1000.0,1000.0,1000.0,56.08741277872262,0,0,56.08741277872262,0.0,0.0,0,0
275012,47.0,47.0,20.0,0.0,0.0,0.0,27.5,1.0,1.0,1.0,0.0,0.0,0.0,0.0,0.0,0.0,100.0,100.0,100.0,1000.0,1000.0,1000.0,56.08741277872262,0,0,56.08741277872262,0.0,0.0,0,0
275212,47.0,47.0,20.0,0.0,0.0,0.0,27.5,1.0,1.0,1.0,0.0,0.0,0.0,0.0,0.0,0.0,100.0,100.0,100.0,1000.0,1000.0,1000.0,56.08741277872262,0,0,56.08741277872262,0.0,0.0,0,0
275412,47.0,47.0,20.0,0.0,0.0,0.0,27.5,1.0,1.0,1.0,0.0,0.0,0.0,0.0,0.0,0.0,100.0,100.0,100.0,1000.0,1000.0,1000.0,56.08741277872262,0,0,56.08741277872262,0.0,0.0,0,0
275612,47.0,47.0,20.0,0.0,0.0,0.0,27.5,1.0,1.0,1.0,0.0,0.0,0.0,0.0,0.0,0.0,100.0,100.0,100.0,1000.0,1000.0,1000.0,56.08741277872262,0,0,56.08741277872262,0.0,0.0,0,0
275812,47.0,47.0,20.0,0.0,0.0,0.0,27.5,1.0,1.0,1.0,0.0,0.0,0.0,0.0,0.0,0.0,100.0,100.0,100.0,1000.0,1000.0,1000.0,56.08741277872262,0,0,56.08741277872262,0.0,0.0,0,0
276012,47.0,47.0,20.0,0.0,0.0,0.0,27.6,1.0,1.0,1.0,0.0,0.0,0.0,0.0,0.0,0.0,100.0,100.0,100.0,1000.0,1000.0,1000.0,56.08741277872262,0,0,56.08741277872262,0.0,0.0,0,0
276212,47.0,47.0,20.0,0.0,0.0,0.0,27.6,1.0,1.0,1.0,0.0,0.0,0.0,0.0,0.0,0.0,100.0,100.0,100.0,1000.0,1000.0,1000.0,56.08741277872262,0,0,56.08741277872262,0.0,0.0,0,0
276412,47.0,47.0,20.0,0.0,0.0,0.0,27.6,1.0,1.0,1.0,0.0,0.0,0.0,0.0,0.0,0.0,100.0,100.0,100.0,1000.0,1000.0,1000.0,56.08741277872262,0,0,56.08741277872262,0.0,0.0,0,0
276612,47.5,47.0,20.0,0.0,0.0,0.0,27.6,1.0,1.0,1.0,0.0,0.0,0.0,0.0,0.0,0.0,100.0,100.0,100.0,1000.0,1000.0,1000.0,56.08741277872262,0,0,56.08741277872262,0.0,0.0,0,0
276812,47.5,47.0,20.0,0.0,0.0,0.0,27.6,1.0,1.0,1.0,0.0,0.0,0.0,0.0,0.0,0.0,100.0,100.0,100.0,1000.0,1000.0,1000.0,56.08741277872262,0,0,56.08741277872262,0.0,0.0,0,0
277012,47.5,47.5,20.0,0.0,0.0,0.0,27.7,1.0,1.0,1.0,0.0,0.0,0.0,0.0,0.0,0.0,100.0,100.0,100.0,1000.0,1000.0,1000.0,56.08741277872262,0,0,56.08741277872262,0.0,0.0,0,0
277212,47.5,47.5,20.0,0.0,0.0,0.0,27.7,1.0,1.0,1.0,0.0,0.0,0.0,0.0,0.0,0.0,100.0,100.0,100.0,1000.0,1000.0,1000.0,56.08741277872262,0,0,56.08741277872262,0.0,0.0,0,0
277412,47.5,47.5,20.0,0.0,0.0,0.0,27.7,1.0,1.0,1.0,0.0,0.0,0.0,0.0,0.0,0.0,100.0,100.0,100.0,1000.0,1000.0,1000.0,56.08741277872262,0,0,56.08741277872262,0.0,0.0,0,0
277612,47.5,47.5,20.0,0.0,0.0,0.0,27.7,1.0,1.0,1.0,0.0,0.0,0.0,0.0,0.0,0.0,100.0,100.0,100.0,1000.0,1000.0,1000.0,56.08741277872262,0,0,56.08741277872262,0.0,0.0,0,0
277812,47.5,47.5,20.0,0.0,0.0,0.0,27.7,1.0,1.0,1.0,0.0,0.0,0.0,0.0,0.0,0.0,100.0,100.0,100.0,1000.0,1000.0,1000.0,56.08741277872262,0,0,56.08741277872262,0.0,0.0,0,0
278012,47.5,47.5,20.0,0.0,0.0,0.0,27.8,1.0,1.0,1.0,0.0,0.0,0.0,0.0,0.0,0.0,100.0,100.0,100.0,1000.0,1000.0,1000.0,56.08741277872262,0,0,56.08741277872262,0.0,0.0,0,0
278212,47.5,47.5,20.0,0.0,0.0,0.0,27.8,1.0,1.0,1.0,0.0,0.0,0.0,0.0,0.0,0.0,100.0,100.0,100.0,1000.0,1000.0,1000.0,56.08741277872262,0,0,56.08741277872262,0.0,0.0,0,0
278412,47.5,47.5,20.0,0.0,0.0,0.0,27.8,1.0,1.0,1.0,0.0,0.0,0.0,0.0,0.0,0.0,100.0,100.0,100.0,1000.0,1000.0,1000.0,56.08741277872262,0,0,56.08741277872262,0.0,0.0,0,0
278612,47.5,47.5,20.0,0.0,0.0,0.0,27.8,1.0,1.0,1.0,0.0,0.0,0.0,0.0,0.0,0.0,100.0,100.0,100.0,1000.0,1000.0,1000.0,56.08741277872262,0,0,56.08741277872262,0.0,0.0,0,0
278812,47.5,47.5,20.0,0.0,0.0,0.0,27.8,1.0,1.0,1.0,0.0,0.0,0.0,0.0,0.0,0.0,100.0,100.0,100.0,1000.0,1000.0,1000.0,56.08741277872262,0,0,56.08741277872262,0.0,0.0,0,0
279012,47.5,47.5,20.0,0.0,0.0,0.0,27.9,1.0,1.0,1.0,0.0,0.0,0.0,0.0,0.0,0.0,100.0,100.0,100.0,1000.0,1000.0,1000.0,56.08741277872262,0,0,56.08741277872262,0.0,0.0,0,0
279212,47.5,47.5,20.0,0.0,0.0,0.0,27.9,1.0,1.0,1.0,0.0,0.0,0.0,0.0,0.0,0.0,100.0,100.0,100.0,1000.0,1000.0,1000.0,56.08741277872262,0,0,56.08741277872262,0.0,0.0,0,0
279412,47.5,47.5,20.0,0.0,0.0,0.0,27.9,1.0,1.0,1.0,0.0,0.0,0.0,0.0,0.0,0.0,100.0,100.0,100.0,1000.0,1000.0,1000.0,56.08741277872262,0,0,56.08741277872262,0.0,0.0,0,0
279612,47.5,47.5,20.0,0.0,0.0,0.0,27.9,1.0,1.0,1.0,0.0,0.0,0.0,0.0,0.0,0.0,100.0,100.0,100.0,1000.0,1000.0,1000.0,56.08741277872262,0,0,56.08741277872262,0.0,0.0,0,0
279812,47.5,47.5,20.0,0.0,0.0,0.0,27.9,1.0,1.0,1.0,0.0,0.0,0.0,0.0,0.0,0.0,100.0,100.0,100.0,1000.0,1000.0,1000.0,56.08741277872262,0,0,56.08741277872262,0.0,0.0,0,0
280012,47.5,47.5,20.0,0.0,0.0,0.0,28.0,1.0,1.0,1.0,0.0,0.0,0.0,0.0,0.0,0.0,100.0,100.0,100.0,1000.0,1000.0,1000.0,56.08741277872262,0,0,56.08741277872262,0.0,0.0,0,0
280212,47.5,47.5,20.0,0.0,0.0,0.0,28.0,1.0,1.0,1.0,0.0,0.0,0.0,0.0,0.0,0.0,100.0,100.0,100.0,1000.0,1000.0,1000.0,56.08741277872262,0,0,56.08741277872262,0.0,0.0,0,0
280412,47.5,47.5,20.0,0.0,0.0,0.0,28.0,1.0,1.0,1.0,0.0,0.0,0.0,0.0,0.0,0.0,100.0,100.0,100.0,1000.0,1000.0,1000.0,56.08741277872262,0,0,56.08741277872262,0.0,0.0,0,0
280612,47.5,47.5,20.0,0.0,0.0,0.0,28.0,1.0,1.0,1.0,0.0,0.0,0.0,0.0,0.0,0.0,100.0,100.0,100.0,1000.0,1000.0,1000.0,56.08741277872262,0,0,56.08741277872262,0.0,0.0,0,0
280812,47.5,47.5,20.0,0.0,0.0,0.0,28.0,1.0,1.0,1.0,0.0,0.0,0.0,0.0,0.0,0.0,100.0,100.0,100.0,1000.0,1000.0,1000.0,56.08741277872262,0,0,56.08741277872262,0.0,0.0,0,0
281012,47.5,47.5,20.0,0.0,0.0,0.0,28.1,1.0,1.0,1.0,0.0,0.0,0.0,0.0,0.0,0.0,100.0,100.0,100.0,1000.0,1000.0,1000.0,56.08741277872262,0,0,56.08741277872262,0.0,0.0,0,0
281212,47.5,47.5,20.0,0.0,0.0,0.0,28.1,1.0,1.0,1.0,0.0,0.0,0.0,0.0,0.0,0.0,100.0,100.0,100.0,1000.0,1000.0,1000.0,56.08741277872262,0,0,56.08741277872262,0.0,0.0,0,0
281412,47.5,47.5,20.0,0.0,0.0,0.0,28.1,1.0,1.0,1.0,0.0,0.0,0.0,0.0,0.0,0.0,100.0,100.0,100.0,1000.0,1000.0,1000.0,56.08741277872262,0,0,56.08741277872262,0.0,0.0,0,0
281612,48.0,48.0,20.0,0.0,0.0,0.0,28.1,1.0,1.0,1.0,0.0,0.0,0.0,0.0,0.0,0.0,100.0,100.0,100.0,1000.0,1000.0,1000.0,56.08741277872262,0,0,56.08741277872262,0.0,0.0,0,0
281812,48.0,48.0,20.0,0.0,0.0,0.0,28.1,1.0,1.0,1.0,0.0,0.0,0.0,0.0,0.0,0.0,100.0,100.0,100.0,1000.0,1000.0,1000.0,56.08741277872262,0,0,56.08741277872262,0.0,0.0,0,0
282012,48.0,48.0,20.0,0.0,0.0,0.0,28.2,1.0,1.0,1.0,0.0,0.0,0.0,0.0,0.0,0.0,100.0,100.0,100.0,1000.0,1000.0,1000.0,56.08741277872262,0,0,56.08741277872262,0.0,0.0,0,0
282212,48.0,48.0,20.0,0.0,0.0,0.0,28.2,1.0,1.0,1.0,0.0,0.0,0.0,0.0,0.0,0.0,100.0,100.0,100.0,1000.0,1000.0,1000.0,56.08741277872262,0,0,56.08741277872262,0.0,0.0,0,0
282412,48.0,48.0,20.0,0.0,0.0,0.0,28.2,1.0,1.0,1.0,0.0,0.0,0.0,0.0,0.0,0.0,100.0,100.0,100.0,1000.0,1000.0,1000.0,56.08741277872262,0,0,56.08741277872262,0.0,0.0,0,0
282612,48.0,48.0,20.0,0.0,0.0,0.0,28.2,1.0,1.0,1.0,0.0,0.0,0.0,0.0,0.0,0.0,100.0,100.0,100.0,1000.0,1000.0,1000.0,56.08741277872262,0,0,56.08741277872262,0.0,0.0,0,0
282812,48.0,48.0,20.0,0.0,0.0,0.0,28.2,1.0,1.0,1.0,0.0,0.0,0.0,0.0,0.0,0.0,100.0,100.0,100.0,1000.0,1000.0,1000.0,56.08741277872262,0,0,56.08741277872262,0.0,0.0,0,0
283012,48.0,48.0,20.0,0.0,0.0,0.0,28.3,1.0,1.0,1.0,0.0,0.0,0.0,0.0,0.0,0.0,100.0,100.0,100.0,1000.0,1000.0,1000.0,56.08741277872262,0,0,56.08741277872262,0.0,0.0,0,0
283212,48.0,48.0,20.0,0.0,0.0,0.0,28.3,1.0,1.0,1.0,0.0,0.0,0.0,0.0,0.0,0.0,100.0,100.0,100.0,1000.0,1000.0,1000.0,56.08741277872262,0,0,56.08741277872262,0.0,0.0,0,0
283412,48.0,48.0,20.0,0.0,0.0,0.0,28.3,1.0,1.0,1.0,0.0,0.0,0.0,0.0,0.0,0.0,100.0,100.0,100.0,1000.0,1000.0,1000.0,56.08741277872262,0,0,56.08741277872262,0.0,0.0,0,0
283612,48.0,48.0,20.0,0.0,0.0,0.0,28.3,1.0,1.0,1.0,0.0,0.0,0.0,0.0,0.0,0.0,100.0,100.0,100.0,1000.0,1000.0,1000.0,56.08741277872262,0,0,56.08741277872262,0.0,0.0,0,0
283812,48.0,48.0,20.0,0.0,0.0,0.0,28.3,1.0,1.0,1.0,0.0,0.0,0.0,0.0,0.0,0.0,100.0,100.0,100.0,1000.0,1000.0,1000.0,56.08741277872262,0,0,56.08741277872262,0.0,0.0,0,0
284012,48.0,48.0,20.0,0.0,0.0,0.0,28.4,1.0,1.0,1.0,0.0,0.0,0.0,0.0,0.0,0.0,100.0,100.0,100.0,1000.0,1000.0,1000.0,56.08741277872262,0,0,56.08741277872262,0.0,0.0,0,0
284212,48.0,48.0,20.0,0.0,0.0,0.0,28.4,1.0,1.0,1.0,0.0,0.0,0.0,0.0,0.0,0.0,100.0,100.0,100.0,1000.0,1000.0,1000.0,56.08741277872262,0,0,56.08741277872262,0.0,0.0,0,0
284412,48.0,48.0,20.0,0.0,0.0,0.0,28.4,1.0,1.0,1.0,0.0,0.0,0.0,0.0,0.0,0.0,100.0,100.0,100.0,1000.0,1000.0,1000.0,56.08741277872262,0,0,56.08741277872262,0.0,0.0,0,0
284612,48.0,48.0,20.0,0.0,0.0,0.0,28.4,1.0,1.0,1.0,0.0,0.0,0.0,0.0,0.0,0.0,100.0,100.0,100.0,1000.0,1000.0,1000.0,56.08741277872262,0,0,56.08741277872262,0.0,0.0,0,0
284812,48.0,48.0,20.0,0.0,0.0,0.0,28.4,1.0,1.0,1.0,0.0,0.0,0.0,0.0,0.0,0.0,100.0,100.0,100.0,1000.0,1000.0,1000.0,56.08741277872262,0,0,56.08741277872262,0.0,0.0,0,0
285012,48.0,48.0,20.0,0.0,0.0,0.0,28.5,1.0,1.0,1.0,0.0,0.0,0.0,0.0,0.0,0.0,100.0,100.0,100.0,1000.0,1000.0,1000.0,56.08741277872262,0,0,56.08741277872262,0.0,0.0,0,0
285212,48.0,48.0,20.0,0.0,0.0,0.0,28.5,1.0,1.0,1.0,0.0,0.0,0.0,0.0,0.0,0.0,100.0,100.0,100.0,1000.0,1000.0,1000.0,57.862879563898225,0,0,57.862879563898225,0.0,0.0,1,0
285412,48.0,48.0,20.0,0.0,0.0,0.0,28.5,1.0,1.0,1.0,0.0,0.0,0.0,0.0,0.0,0.0,100.0,100.0,100.0,1000.0,1000.0,1000.0,57.862879563898225,0,0,57.862879563898225,0.0,0.0,0,0
285612,48.0,48.0,20.0,0.0,0.0,0.0,28.5,1.0,1.0,1.0,0.0,0.0,0.0,0.0,0.0,0.0,100.0,100.0,100.0,1000.0,1000.0,1000.0,57.862879563898225,0,0,57.862879563898225,0.0,0.0,0,0
285812,48.0,48.0,20.0,0.0,0.0,0.0,28.5,1.0,1.0,1.0,0.0,0.0,0.0,0.0,0.0,0.0,100.0,100.0,100.0,1000.0,1000.0,1000.0,57.862879563898225,0,0,57.862879563898225,0.0,0.0,0,0
286012,48.0,48.5,20.0,0.0,0.0,0.0,28.6,1.0,1.0,1.0,0.0,0.0,0.0,0.0,0.0,0.0,100.0,100.0,100.0,1000.0,1000.0,1000.0,57.862879563898225,0,0,57.862879563898225,0.0,0.0,0,0
286212,48.0,48.5,20.0,0.0,0.0,0.0,28.6,1.0,1.0,1.0,0.0,0.0,0.0,0.0,0.0,0.0,100.0,100.0,100.0,1000.0,1000.0,1000.0,57.862879563898225,0,0,57.862879563898225,0.0,0.0,0,0
286412,48.0,48.5,20.0,0.0,0.0,0.0,28.6,1.0,1.0,1.0,0.0,0.0,0.0,0.0,0.0,0.0,100.0,100.0,100.0,1000.0,1000.0,1000.0,57.862879563898225,0,0,57.862879563898225,0.0,0.0,0,0
286612,48.5,48.5,20.0,0.0,0.0,0.0,28.6,1.0,1.0,1.0,0.0,0.0,0.0,0.0,0.0,0.0,100.0,100.0,100.0,1000.0,1000.0,1000.0,57.862879563898225,0,0,57.862879563898225,0.0,0.0,0,0
286812,48.5,48.5,20.0,0.0,0.0,0.0,28.6,1.0,1.0,1.0,0.0,0.0,0.0,0.0,0.0,0.0,100.0,100.0,100.0,1000.0,1000.0,1000.0,57.862879563898225,0,0,57.862879563898225,0.0,0.0,0,0
287012,48.5,48.5,20.0,0.0,0.0,0.0,28.7,1.0,1.0,1.0,0.0,0.0,0.0,0.0,0.0,0.0,100.0,100.0,100.0,1000.0,1000.0,1000.0,57.862879563898225,0,0,57.862879563898225,0.0,0.0,0,0
287212,48.5,48.5,20.0,0.0,0.0,0.0,28.7,1.0,1.0,1.0,0.0,0.0,0.0,0.0,0.0,0.0,100.0,100.0,100.0,1000.0,1000.0,1000.0,57.862879563898225,0,0,57.862879563898225,0.0,0.0,0,0
287412,48.5,48.5,20.0,0.0,0.0,0.0,28.7,1.0,1.0,1.0,0.0,0.0,0.0,0.0,0.0,0.0,100.0,100.0,100.0,1000.0,1000.0,1000.0,57.862879563898225,0,0,57.862879563898225,0.0,0.0,0,0
287612,48.5,48.5,20.0,0.0,0.0,0.0,28.7,1.0,1.0,1.0,0.0,0.0,0.0,0.0,0.0,0.0,100.0,100.0,100.0,1000.0,1000.0,1000.0,57.862879563898225,0,0,57.862879563898225,0.0,0.0,0,0
287812,48.5,48.5,20.0,0.0,0.0,0.0,28.7,1.0,1.0,1.0,0.0,0.0,0.0,0.0,0.0,0.0,100.0,100.0,100.0,1000.0,1000.0,1000.0,57.862879563898225,0,0,57.862879563898225,0.0,0.0,0,0
288012,48.5,48.5,20.0,0.0,0.0,0.0,28.8,1.0,1.0,1.0,0.0,0.0,0.0,0.0,0.0,0.0,100.0,100.0,100.0,1000.0,1000.0,1000.0,57.862879563898225,0,0,57.862879563898225,0.0,0.0,0,0
288212,48.5,48.5,20.0,0.0,0.0,0.0,28.8,1.0,1.0,1.0,0.0,0.0,0.0,0.0,0.0,0.0,100.0,100.0,100.0,1000.0,1000.0,1000.0,57.862879563898225,0,0,57.862879563898225,0.0,0.0,0,0
288412,48.5,48.5,20.0,0.0,0.0,0.0,28.8,1.0,1.0,1.0,0.0,0.0,0.0,0.0,0.0,0.0,100.0,100.0,100.0,1000.0,1000.0,1000.0,57.862879563898225,0,0,57.862879563898225,0.0,0.0,0,0
288612,48.5,48.5,20.0,0.0,0.0,0.0,28.8,1.0,1.0,1.0,0.0,0.0,0.0,0.0,0.0,0.0,100.0,100.0,100.0,1000.0,1000.0,1000.0,57.862879563898225,0,0,57.862879563898225,0.0,0.0,0,0
288812,48.5,48.5,20.0,0.0,0.0,0.0,28.8,1.0,1.0,1.0,0.0,0.0,0.0,0.0,0.0,0.0,100.0,100.0,100.0,1000.0,1000.0,1000.0,57.862879563898225,0,0,57.862879563898225,0.0,0.0,0,0
289012,48.5,48.5,20.0,0.0,0.0,0.0,28.9,1.0,1.0,1.0,0.0,0.0,0.0,0.0,0.0,0.0,100.0,100.0,100.0,1000.0,1000.0,1000.0,57.862879563898225,0,0,57.862879563898225,0.0,0.0,0,0
289212,48.5,48.5,20.0,0.0,0.0,0.0,28.9,1.0,1.0,1.0,0.0,0.0,0.0,0.0,0.0,0.0,100.0,100.0,100.0,1000.0,1000.0,1000.0,57.862879563898225,0,0,57.862879563898225,0.0,0.0,0,0
289412,48.5,48.5,20.0,0.0,0.0,0.0,28.9,1.0,1.0,1.0,0.0,0.0,0.0,0.0,0.0,0.0,100.0,100.0,100.0,1000.0,1000.0,1000.0,57.862879563898225,0,0,57.862879563898225,0.0,0.0,0,0
289612,48.5,48.5,20.0,0.0,0.0,0.0,28.9,1.0,1.0,1.0,0.0,0.0,0.0,0.0,0.0,0.0,100.0,100.0,100.0,1000.0,1000.0,1000.0,57.862879563898225,0,0,57.862879563898225,0.0,0.0,0,0
289812,48.5,48.5,20.0,0.0,0.0,0.0,28.9,1.0,1.0,1.0,0.0,0.0,0.0,0.0,0.0,0.0,100.0,100.0,100.0,1000.0,1000.0,1000.0,57.862879563898225,0,0,57.862879563898225,0.0,0.0,0,0
290012,48.5,48.5,20.5,0.0,0.0,0.0,29.0,1.0,1.0,1.0,0.0,0.0,0.0,0.0,0.0,0.0,100.0,100.0,100.0,1000.0,1000.0,1000.0,57.862879563898225,0,0,57.862879563898225,0.0,0.0,0,0
290212,48.5,48.5,20.5,0.0,0.0,0.0,29.0,1.0,1.0,1.0,0.0,0.0,0.0,0.0,0.0,0.0,100.0,100.0,100.0,1000.0,1000.0,1000.0,57.862879563898225,0,0,57.862879563898225,0.0,0.0,0,0
290412,48.5,48.5,20.5,0.0,0.0,0.0,29.0,1.0,1.0,1.0,0.0,0.0,0.0,0.0,0.0,0.0,100.0,100.0,100.0,1000.0,1000.0,1000.0,57.862879563898225,0,0,57.862879563898225,0.0,0.0,0,0
290612,48.5,48.5,20.0,0.0,0.0,0.0,29.0,1.0,1.0,1.0,0.0,0.0,0.0,0.0,0.0,0.0,100.0,100.0,100.0,1000.0,1000.0,1000.0,57.862879563898225,0,0,57.862879563898225,0.0,0.0,0,0
290812,48.5,48.5,20.0,0.0,0.0,0.0,29.0,1.0,1.0,1.0,0.0,0.0,0.0,0.0,0.0,0.0,100.0,100.0,100.0,1000.0,1000.0,1000.0,57.862879563898225,0,0,57.862879563898225,0.0,0.0,0,0
291012,49.0,49.0,20.0,0.0,0.0,0.0,29.1,1.0,1.0,1.0,0.0,0.0,0.0,0.0,0.0,0.0,100.0,100.0,100.0,1000.0,1000.0,1000.0,57.862879563898225,0,0,57.862879563898225,0.0,0.0,0,0
291212,49.0,49.0,20.0,0.0,0.0,0.0,29.1,1.0,1.0,1.0,0.0,0.0,0.0,0.0,0.0,0.0,100.0,100.0,100.0,1000.0,1000.0,1000.0,57.862879563898225,0,0,57.862879563898225,0.0,0.0,0,0
291412,49.0,49.0,20.0,0.0,0.0,0.0,29.1,1.0,1.0,1.0,0.0,0.0,0.0,0.0,0.0,0.0,100.0,100.0,100.0,1000.0,1000.0,1000.0,57.862879563898225,0,0,57.862879563898225,0.0,0.0,0,0
291612,49.0,49.0,20.0,0.0,0.0,0.0,29.1,1.0,1.0,1.0,0.0,0.0,0.0,0.0,0.0,0.0,100.0,100.0,100.0,1000.0,1000.0,1000.0,57.862879563898225,0,0,57.862879563898225,0.0,0.0,0,0
291812,49.0,49.0,20.0,0.0,0.0,0.0,29.1,1.0,1.0,1.0,0.0,0.0,0.0,0.0,0.0,0.0,100.0,100.0,100.0,1000.0,1000.0,1000.0,57.862879563898225,0,0,57.862879563898225,0.0,0.0,0,0
292012,49.0,49.0,20.5,0.0,0.0,0.0,29.2,1.0,1.0,1.0,0.0,0.0,0.0,0.0,0.0,0.0,100.0,100.0,100.0,1000.0,1000.0,1000.0,57.862879563898225,0,0,57.862879563898225,0.0,0.0,0,0
292212,49.0,49.0,20.5,0.0,0.0,0.0,29.2,1.0,1.0,1.0,0.0,0.0,0.0,0.0,0.0,0.0,100.0,100.0,100.0,1000.0,1000.0,1000.0,57.862879563898225,0,0,57.862879563898225,0.0,0.0,0,0
292412,49.0,49.0,20.5,0.0,0.0,0.0,29.2,1.0,1.0,1.0,0.0,0.0,0.0,0.0,0.0,0.0,100.0,100.0,100.0,1000.0,1000.0,1000.0,57.862879563898225,0,0,57.862879563898225,0.0,0.0,0,0
292612,49.0,49.0,20.5,0.0,0.0,0.0,29.2,1.0,1.0,1.0,0.0,0.0,0.0,0.0,0.0,0.0,100.0,100.0,100.0,1000.0,1000.0,1000.0,57.862879563898225,0,0,57.862879563898225,0.0,0.0,0,0
292812,49.0,49.0,20.5,0.0,0.0,0.0,29.2,1.0,1.0,1.0,0.0,0.0,0.0,0.0,0.0,0.0,100.0,100.0,100.0,1000.0,1000.0,1000.0,57.862879563898225,0,0,57.862879563898225,0.0,0.0,0,0
293012,49.0,49.0,20.5,0.0,0.0,0.0,29.3,1.0,1.0,1.0,0.0,0.0,0.0,0.0,0.0,0.0,100.0,100.0,100.0,1000.0,1000.0,1000.0,57.862879563898225,0,0,57.862879563898225,0.0,0.0,0,0
293212,49.0,49.0,20.5,0.0,0.0,0.0,29.3,1.0,1.0,1.0,0.0,0.0,0.0,0.0,0.0,0.0,100.0,100.0,100.0,1000.0,1000.0,1000.0,57.862879563898225,0,0,57.862879563898225,0.0,0.0,0,0
293412,49.0,49.0,20.5,0.0,0.0,0.0,29.3,1.0,1.0,1.0,0.0,0.0,0.0,0.0,0.0,0.0,100.0,100.0,100.0,1000.0,1000.0,1000.0,57.862879563898225,0,0,57.862879563898225,0.0,0.0,0,0
293612,49.0,49.0,20.0,0.0,0.0,0.0,29.3,1.0,1.0,1.0,0.0,0.0,0.0,0.0,0.0,0.0,100.0,100.0,100.0,1000.0,1000.0,1000.0,57.862879563898225,0,0,57.862879563898225,0.0,0.0,0,0
293812,49.0,49.0,20.0,0.0,0.0,0.0,29.3,1.0,1.0,1.0,0.0,0.0,0.0,0.0,0.0,0.0,100.0,100.0,100.0,1000.0,1000.0,1000.0,57.862879563898225,0,0,57.862879563898225,0.0,0.0,0,0
294012,49.0,49.0,20.0,0.0,0.0,0.0,29.4,1.0,1.0,1.0,0.0,0.0,0.0,0.0,0.0,0.0,100.0,100.0,100.0,1000.0,1000.0,1000.0,57.862879563898225,0,0,57.862879563898225,0.0,0.0,0,0
294212,49.0,49.0,20.0,0.0,0.0,0.0,29.4,1.0,1.0,1.0,0.0,0.0,0.0,0.0,0.0,0.0,100.0,100.0,100.0,1000.0,1000.0,1000.0,57.862879563898225,0,0,57.862879563898225,0.0,0.0,0,0
294412,49.0,49.0,20.0,0.0,0.0,0.0,29.4,1.0,1.0,1.0,0.0,0.0,0.0,0.0,0.0,0.0,100.0,100.0,100.0,1000.0,1000.0,1000.0,57.862879563898225,0,0,57.862879563898225,0.0,0.0,0,0
294612,49.5,49.0,20.0,0.0,0.0,0.0,29.4,1.0,1.0,1.0,0.0,0.0,0.0,0.0,0.0,0.0,100.0,100.0,100.0,1000.0,1000.0,1000.0,57.862879563898225,0,0,57.862879563898225,0.0,0.0,0,0
294812,49.5,49.0,20.0,0.0,0.0,0.0,29.4,1.0,1.0,1.0,0.0,0.0,0.0,0.0,0.0,0.0,100.0,100.0,100.0,1000.0,1000.0,1000.0,57.862879563898225,0,0,57.862879563898225,0.0,0.0,0,0
295012,49.5,49.0,20.5,0.0,0.0,0.0,29.5,1.0,1.0,1.0,0.0,0.0,0.0,0.0,0.0,0.0,100.0,100.0,100.0,1000.0,1000.0,1000.0,57.862879563898225,0,0,57.862879563898225,0.0,0.0,0,0
295212,49.5,49.0,20.5,0.0,0.0,0.0,29.5,1.0,1.0,1.0,0.0,0.0,0.0,0.0,0.0,0.0,100.0,100.0,100.0,1000.0,1000.0,1000.0,57.862879563898225,0,0,57.862879563898225,0.0,0.0,0,0
295412,49.5,49.0,20.5,0.0,0.0,0.0,29.5,1.0,1.0,1.0,0.0,0.0,0.0,0.0,0.0,0.0,100.0,100.0,100.0,1000.0,1000.0,1000.0,57.862879563898225,0,0,57.862879563898225,0.0,0.0,0,0
295612,49.5,49.0,20.5,0.0,0.0,0.0,29.5,1.0,1.0,1.0,0.0,0.0,0.0,0.0,0.0,0.0,100.0,100.0,100.0,1000.0,1000.0,1000.0,57.862879563898225,0,0,57.862879563898225,0.0,0.0,0,0
295812,49.5,49.0,20.5,0.0,0.0,0.0,29.5,1.0,1.0,1.0,0.0,0.0,0.0,0.0,0.0,0.0,100.0,100.0,100.0,1000.0,1000.0,1000.0,57.862879563898225,0,0,57.862879563898225,0.0,0.0,0,0
296012,49.5,49.0,20.0,0.0,0.0,0.0,29.6,1.0,1.0,1.0,0.0,0.0,0.0,0.0,0.0,0.0,100.0,100.0,100.0,1000.0,1000.0,1000.0,57.862879563898225,0,0,57.862879563898225,0.0,0.0,0,0
296212,49.5,49.0,20.0,0.0,0.0,0.0,29.6,1.0,1.0,1.0,0.0,0.0,0.0,0.0,0.0,0.0,100.0,100.0,100.0,1000.0,1000.0,1000.0,57.862879563898225,0,0,57.862879563898225,0.0,0.0,0,0
296412,49.5,49.0,20.0,0.0,0.0,0.0,29.6,1.0,1.0,1.0,0.0,0.0,0.0,0.0,0.0,0.0,100.0,100.0,100.0,1000.0,1000.0,1000.0,57.862879563898225,0,0,57.862879563898225,0.0,0.0,0,0
296612,49.5,49.5,20.0,0.0,0.0,0.0,29.6,1.0,1.0,1.0,0.0,0.0,0.0,0.0,0.0,0.0,100.0,100.0,100.0,1000.0,1000.0,1000.0,57.862879563898225,0,0,57.862879563898225,0.0,0.0,0,0
296812,49.5,49.5,20.0,0.0,0.0,0.0,29.6,1.0,1.0,1.0,0.0,0.0,0.0,0.0,0.0,0.0,100.0,100.0,100.0,1000.0,1000.0,1000.0,57.862879563898225,0,0,57.862879563898225,0.0,0.0,0,0
297012,49.5,49.5,20.0,0.0,0.0,0.0,29.7,1.0,1.0,1.0,0.0,0.0,0.0,0.0,0.0,0.0,100.0,100.0,100.0,1000.0,1000.0,1000.0,57.862879563898225,0,0,57.862879563898225,0.0,0.0,0,0
297212,49.5,49.5,20.0,0.0,0.0,0.0,29.7,1.0,1.0,1.0,0.0,0.0,0.0,0.0,0.0,0.0,100.0,100.0,100.0,1000.0,1000.0,1000.0,57.862879563898225,0,0,57.862879563898225,0.0,0.0,0,0
297412,49.5,49.5,20.0,0.0,0.0,0.0,29.7,1.0,1.0,1.0,0.0,0.0,0.0,0.0,0.0,0.0,100.0,100.0,100.0,1000.0,1000.0,1000.0,57.862879563898225,0,0,57.862879563898225,0.0,0.0,0,0
297612,49.5,49.5,20.0,0.0,0.0,0.0,29.7,1.0,1.0,1.0,0.0,0.0,0.0,0.0,0.0,0.0,100.0,100.0,100.0,1000.0,1000.0,1000.0,57.862879563898225,0,0,57.862879563898225,0.0,0.0,0,0
297812,49.5,49.5,20.0,0.0,0.0,0.0,29.7,1.0,1.0,1.0,0.0,0.0,0.0,0.0,0.0,0.0,100.0,100.0,100.0,1000.0,1000.0,1000.0,57.862879563898225,0,0,57.862879563898225,0.0,0.0,0,0
298012,49.5,49.5,20.0,0.0,0.0,0.0,29.8,1.0,1.0,1.0,0.0,0.0,0.0,0.0,0.0,0.0,100.0,100.0,100.0,1000.0,1000.0,1000.0,57.862879563898225,0,0,57.862879563898225,0.0,0.0,0,0
298212,49.5,49.5,20.0,0.0,0.0,0.0,29.8,1.0,1.0,1.0,0.0,0.0,0.0,0.0,0.0,0.0,100.0,100.0,100.0,1000.0,1000.0,1000.0,57.862879563898225,0,0,57.862879563898225,0.0,0.0,0,0
298412,49.5,49.5,20.0,0.0,0.0,0.0,29.8,1.0,1.0,1.0,0.0,0.0,0.0,0.0,0.0,0.0,100.0,100.0,100.0,1000.0,1000.0,1000.0,57.862879563898225,0,0,57.862879563898225,0.0,0.0,0,0
298612,49.5,49.5,20.5,0.0,0.0,0.0,29.8,1.0,1.0,1.0,0.0,0.0,0.0,0.0,0.0,0.0,100.0,100.0,100.0,1000.0,1000.0,1000.0,57.862879563898225,0,0,57.862879563898225,0.0,0.0,0,0
298812,49.5,49.5,20.5,0.0,0.0,0.0,29.8,1.0,1.0,1.0,0.0,0.0,0.0,0.0,0.0,0.0,100.0,100.0,100.0,1000.0,1000.0,1000.0,57.862879563898225,0,0,57.862879563898225,0.0,0.0,0,0
299012,50.0,49.5,20.0,0.0,0.0,0.0,29.9,1.0,1.0,1.0,0.0,0.0,0.0,0.0,0.0,0.0,100.0,100.0,100.0,1000.0,1000.0,1000.0,57.862879563898225,0,0,57.862879563898225,0.0,0.0,0,0
299212,50.0,49.5,20.0,0.0,0.0,0.0,29.9,1.0,1.0,1.0,0.0,0.0,0.0,0.0,0.0,0.0,100.0,100.0,100.0,1000.0,1000.0,1000.0,57.862879563898225,0,0,57.862879563898225,0.0,0.0,0,0
299412,50.0,49.5,20.0,0.0,0.0,0.0,29.9,1.0,1.0,1.0,0.0,0.0,0.0,0.0,0.0,0.0,100.0,100.0,100.0,1000.0,1000.0,1000.0,57.862879563898225,0,0,57.862879563898225,0.0,0.0,0,0
299612,50.0,49.5,20.0,0.0,0.0,0.0,29.9,1.0,1.0,1.0,0.0,0.0,0.0,0.0,0.0,0.0,100.0,100.0,100.0,1000.0,1000.0,1000.0,57.862879563898225,0,0,57.862879563898225,0.0,0.0,0,0
299812,50.0,49.5,20.0,0.0,0.0,0.0,29.9,1.0,1.0,1.0,0.0,0.0,0.0,0.0,0.0,0.0,100.0,100.0,100.0,1000.0,1000.0,1000.0,57.862879563898225,0,0,57.862879563898225,0.0,0.0,0,0
300012,50.0,49.5,20.5,0.0,0.0,0.0,40.0,1.0,1.0,1.0,0.0,0.0,0.0,0.0,0.0,0.0,100.0,100.0,100.0,1000.0,1000.0,1000.0,57.862879563898225,0,0,57.862879563898225,0.0,0.0,0,0
300212,50.0,49.5,20.5,0.0,0.0,0.0,40.0,1.0,1.0,1.0,0.0,0.0,0.0,0.0,0.0,0.0,100.0,100.0,100.0,1000.0,1000.0,1000.0,258.97822632781396,0,0,100.0,0.0,0.0,1,0
300412,50.0,49.5,20.5,0.0,0.0,0.0,40.0,1.0,1.0,1.0,0.0,0.0,0.0,0.0,0.0,0.0,100.0,100.0,100.0,1000.0,1000.0,1000.0,258.97822632781396,0,0,100.0,0.0,0.0,0,0
300612,50.0,49.5,20.5,0.0,0.0,0.0,40.0,1.0,1.0,1.0,0.0,0.0,0.0,0.0,0.0,0.0,100.0,100.0,100.0,1000.0,1000.0,1000.0,258.97822632781396,0,0,100.0,0.0,0.0,0,0
300812,50.0,49.5,20.5,0.0,0.0,0.0,40.0,1.0,1.0,1.0,0.0,0.0,0.0,0.0,0.0,0.0,100.0,100.0,100.0,1000.0,1000.0,1000.0,258.97822632781396,0,0,100.0,0.0,0.0,0,0
301012,50.0,50.0,20.0,0.0,0.0,0.0,40.0,1.0,1.0,1.0,0.0,0.0,0.0,0.0,0.0,0.0,100.0,100.0,100.0,1000.0,1000.0,1000.0,258.97822632781396,0,0,100.0,0.0,0.0,0,0
301212,50.0,50.0,20.0,0.0,0.0,0.0,40.0,1.0,1.0,1.0,0.0,0.0,0.0,0.0,0.0,0.0,100.0,100.0,100.0,1000.0,1000.0,1000.0,258.97822632781396,0,0,100.0,0.0,0.0,0,0
301412,50.0,50.0,20.0,0.0,0.0,0.0,40.0,1.0,1.0,1.0,0.0,0.0,0.0,0.0,0.0,0.0,100.0,100.0,100.0,1000.0,1000.0,1000.0,258.97822632781396,0,0,100.0,0.0,0.0,0,0
301612,50.0,50.0,20.0,0.0,0.0,0.0,40.0,1.0,1.0,1.0,0.0,0.0,0.0,0.0,0.0,0.0,100.0,100.0,100.0,1000.0,1000.0,1000.0,258.97822632781396,0,0,100.0,0.0,0.0,0,0
301812,50.0,50.0,20.0,0.0,0.0,0.0,40.0,1.0,1.0,1.0,0.0,0.0,0.0,0.0,0.0,0.0,100.0,100.0,100.0,1000.0,1000.0,1000.0,258.97822632781396,0,0,100.0,0.0,0.0,0,0
302012,50.0,50.0,20.5,0.0,0.0,0.0,40.0,1.0,1.0,1.0,0.0,0.0,0.0,0.0,0.0,0.0,100.0,100.0,100.0,1000.0,1000.0,1000.0,258.97822632781396,0,0,100.0,0.0,0.0,0,0
302212,50.0,50.0,20.5,0.0,0.0,0.0,40.0,1.0,1.0,1.0,0.0,0.0,0.0,0.0,0.0,0.0,100.0,100.0,100.0,1000.0,1000.0,1000.0,258.97822632781396,0,0,100.0,0.0,0.0,0,0
302412,50.0,50.0,20.5,0.0,0.0,0.0,40.0,1.0,1.0,1.0,0.0,0.0,0.0,0.0,0.0,0.0,100.0,100.0,100.0,1000.0,1000.0,1000.0,258.97822632781396,0,0,100.0,0.0,0.0,0,0
302612,50.0,50.0,20.5,0.0,0.0,0.0,40.0,1.0,1.0,1.0,0.0,0.0,0.0,0.0,0.0,0.0,100.0,100.0,100.0,1000.0,1000.0,1000.0,258.97822632781396,0,0,100.0,0.0,0.0,0,0
302812,50.0,50.0,20.5,0.0,0.0,0.0,40.0,1.0,1.0,1.0,0.0,0.0,0.0,0.0,0.0,0.0,100.0,100.0,100.0,1000.0,1000.0,1000.0,258.97822632781396,0,0,100.0,0.0,0.0,0,0
303012,50.0,50.0,20.5,0.0,0.0,0.0,40.0,1.0,1.0,1.0,0.0,0.0,0.0,0.0,0.0,0.0,100.0,100.0,100.0,1000.0,1000.0,1000.0,258.97822632781396,0,0,100.0,0.0,0.0,0,0
303212,50.0,50.0,20.5,0.0,0.0,0.0,40.0,1.0,1.0,1.0,0.0,0.0,0.0,0.0,0.0,0.0,100.0,100.0,100.0,1000.0,1000.0,1000.0,258.97822632781396,0,0,100.0,0.0,0.0,0,0
303412,50.0,50.0,20.5,0.0,0.0,0.0,40.0,1.0,1.0,1.0,0.0,0.0,0.0,0.0,0.0,0.0,100.0,100.0,100.0,1000.0,1000.0,1000.0,258.97822632781396,0,0,100.0,0.0,0.0,0,0
303612,50.0,50.0,20.5,0.0,0.0,0.0,40.0,1.0,1.0,1.0,0.0,0.0,0.0,0.0,0.0,0.0,100.0,100.0,100.0,1000.0,1000.0,1000.0,258.97822632781396,0,0,100.0,0.0,0.0,0,0
303812,50.0,50.0,20.5,0.0,0.0,0.0,40.0,1.0,1.0,1.0,0.0,0.0,0.0,0.0,0.0,0.0,100.0,100.0,100.0,1000.0,1000.0,1000.0,258.97822632781396,0,0,100.0,0.0,0.0,0,0
304012,50.5,50.0,20.0,0.0,0.0,0.0,40.0,1.0,1.0,1.0,0.0,0.0,0.0,0.0,0.0,0.0,100.0,100.0,100.0,1000.0,1000.0,1000.0,258.97822632781396,0,0,100.0,0.0,0.0,0,0
304212,50.5,50.0,20.0,0.0,0.0,0.0,40.0,1.0,1.0,1.0,0.0,0.0,0.0,0.0,0.0,0.0,100.0,100.0,100.0,1000.0,1000.0,1000.0,258.97822632781396,0,0,100.0,0.0,0.0,0,0
304412,50.5,50.0,20.0,0.0,0.0,0.0,40.0,1.0,1.0,1.0,0.0,0.0,0.0,0.0,0.0,0.0,100.0,100.0,100.0,1000.0,1000.0,1000.0,258.97822632781396,0,0,100.0,0.0,0.0,0,0
304612,50.5,50.0,20.5,0.0,0.0,0.0,40.0,1.0,1.0,1.0,0.0,0.0,0.0,0.0,0.0,0.0,100.0,100.0,100.0,1000.0,1000.0,1000.0,258.97822632781396,0,0,100.0,0.0,0.0,0,0
304812,50.5,50.0,20.5,0.0,0.0,0.0,40.0,1.0,1.0,1.0,0.0,0.0,0.0,0.0,0.0,0.0,100.0,100.0,100.0,1000.0,1000.0,1000.0,258.97822632781396,0,0,100.0,0.0,0.0,0,0
305012,50.5,50.5,20.5,0.0,0.0,0.0,40.0,1.0,1.0,1.0,0.0,0.0,0.0,0.0,0.0,0.0,100.0,100.0,100.0,1000.0,1000.0,1000.0,258.97822632781396,0,0,100.0,0.0,0.0,0,0
305212,50.5,50.5,20.5,0.0,0.0,0.0,40.0,1.0,1.0,1.0,0.0,0.0,0.0,0.0,0.0,0.0,100.0,100.0,100.0,1000.0,1000.0,1000.0,258.97822632781396,0,0,100.0,0.0,0.0,0,0
305412,50.5,50.5,20.5,0.0,0.0,0.0,40.0,1.0,1.0,1.0,0.0,0.0,0.0,0.0,0.0,0.0,100.0,100.0,100.0,1000.0,1000.0,1000.0,258.97822632781396,0,0,100.0,0.0,0.0,0,0
305612,50.5,50.5,20.5,0.0,0.0,0.0,40.0,1.0,1.0,1.0,0.0,0.0,0.0,0.0,0.0,0.0,100.0,100.0,100.0,1000.0,1000.0,1000.0,258.97822632781396,0,0,100.0,0.0,0.0,0,0
305812,50.5,50.5,20.5,0.0,0.0,0.0,40.0,1.0,1.0,1.0,0.0,0.0,0.0,0.0,0.0,0.0,100.0,100.0,100.0,1000.0,1000.0,1000.0,258.97822632781396,0,0,100.0,0.0,0.0,0,0
306012,50.5,50.5,20.5,0.0,0.0,0.0,40.0,1.0,1.0,1.0,0.0,0.0,0.0,0.0,0.0,0.0,100.0,100.0,100.0,1000.0,1000.0,1000.0,258.97822632781396,0,0,100.0,0.0,0.0,0,0
306212,50.5,50.5,20.5,0.0,0.0,0.0,40.0,1.0,1.0,1.0,0.0,0.0,0.0,0.0,0.0,0.0,100.0,100.0,100.0,1000.0,1000.0,1000.0,258.97822632781396,0,0,100.0,0.0,0.0,0,0
306412,50.5,50.5,20.5,0.0,0.0,0.0,40.0,1.0,1.0,1.0,0.0,0.0,0.0,0.0,0.0,0.0,100.0,100.0,100.0,1000.0,1000.0,1000.0,258.97822632781396,0,0,100.0,0.0,0.0,0,0
306612,51.0,50.5,20.5,0.0,0.0,0.0,40.0,1.0,1.0,1.0,0.0,0.0,0.0,0.0,0.0,0.0,100.0,100.0,100.0,1000.0,1000.0,1000.0,258.97822632781396,0,0,100.0,0.0,0.0,0,0
306812,51.0,50.5,20.5,0.0,0.0,0.0,40.0,1.0,1.0,1.0,0.0,0.0,0.0,0.0,0.0,0.0,100.0,100.0,100.0,1000.0,1000.0,1000.0,258.97822632781396,0,0,100.0,0.0,0.0,0,0
307012,51.0,50.5,20.5,0.0,0.0,0.0,40.0,1.0,1.0,1.0,0.0,0.0,0.0,0.0,0.0,0.0,100.0,100.0,100.0,1000.0,1000.0,1000.0,258.97822632781396,0,0,100.0,0.0,0.0,0,0
307212,51.0,50.5,20.5,0.0,0.0,0.0,40.0,1.0,1.0,1.0,0.0,0.0,0.0,0.0,0.0,0.0,100.0,100.0,100.0,1000.0,1000.0,1000.0,258.97822632781396,0,0,100.0,0.0,0.0,0,0
307412,51.0,50.5,20.5,0.0,0.0,0.0,40.0,1.0,1.0,1.0,0.0,0.0,0.0,0.0,0.0,0.0,100.0,100.0,100.0,1000.0,1000.0,1000.0,258.97822632781396,0,0,100.0,0.0,0.0,0,0
307612,51.0,51.0,20.5,0.0,0.0,0.0,40.0,1.0,1.0,1.0,0.0,0.0,0.0,0.0,0.0,0.0,100.0,100.0,100.0,1000.0,1000.0,1000.0,258.97822632781396,0,0,100.0,0.0,0.0,0,0
307812,51.0,51.0,20.5,0.0,0.0,0.0,40.0,1.0,1.0,1.0,0.0,0.0,0.0,0.0,0.0,0.0,100.0,100.0,100.0,1000.0,1000.0,1000.0,258.97822632781396,0,0,100.0,0.0,0.0,0,0
308012,51.0,51.0,20.5,0.0,0.0,0.0,40.0,1.0,1.0,1.0,0.0,0.0,0.0,0.0,0.0,0.0,100.0,100.0,100.0,1000.0,1000.0,1000.0,258.97822632781396,0,0,100.0,0.0,0.0,0,0
308212,51.0,51.0,20.5,0.0,0.0,0.0,40.0,1.0,1.0,1.0,0.0,0.0,0.0,0.0,0.0,0.0,100.0,100.0,100.0,1000.0,1000.0,1000.0,258.97822632781396,0,0,100.0,0.0,0.0,0,0
308412,51.0,51.0,20.5,0.0,0.0,0.0,40.0,1.0,1.0,1.0,0.0,0.0,0.0,0.0,0.0,0.0,100.0,100.0,100.0,1000.0,1000.0,1000.0,258.97822632781396,0,0,100.0,0.0,0.0,0,1
308612,51.0,51.0,20.5,0.0,0.0,0.0,40.0,1.0,1.0,1.0,0.0,0.0,0.0,0.0,0.0,0.0,100.0,100.0,100.0,1000.0,1000.0,1000.0,258.97822632781396,0,0,100.0,0.0,0.0,0,0
308812,51.0,51.0,20.5,0.0,0.0,0.0,40.0,1.0,1.0,1.0,0.0,0.0,0.0,0.0,0.0,0.0,100.0,100.0,100.0,1000.0,1000.0,1000.0,258.97822632781396,0,0,100.0,0.0,0.0,0,0
309012,51.5,51.0,20.5,0.0,0.0,0.0,40.0,1.0,1.0,1.0,0.0,0.0,0.0,0.0,0.0,0.0,100.0,100.0,100.0,1000.0,1000.0,1000.0,258.97822632781396,0,0,100.0,0.0,0.0,0,0
309212,51.5,51.0,20.5,0.0,0.0,0.0,40.0,1.0,1.0,1.0,0.0,0.0,0.0,0.0,0.0,0.0,100.0,100.0,100.0,1000.0,1000.0,1000.0,258.97822632781396,0,0,100.0,0.0,0.0,0,0
309412,51.5,51.0,20.5,0.0,0.0,0.0,40.0,1.0,1.0,1.0,0.0,0.0,0.0,0.0,0.0,0.0,100.0,100.0,100.0,1000.0,1000.0,1000.0,258.97822632781396,0,0,100.0,0.0,0.0,0,0
309612,51.5,51.0,20.5,0.0,0.0,0.0,40.0,1.0,1.0,1.0,0.0,0.0,0.0,0.0,0.0,0.0,100.0,100.0,100.0,1000.0,1000.0,1000.0,258.97822632781396,0,0,100.0,0.0,0.0,0,0
309812,51.5,51.0,20.5,0.0,0.0,0.0,40.0,1.0,1.0,1.0,0.0,0.0,0.0,0.0,0.0,0.0,100.0,100.0,100.0,1000.0,1000.0,1000.0,258.97822632781396,0,0,100.0,0.0,0.0,0,0
310012,51.5,51.0,20.5,0.0,0.0,0.0,40.0,1.0,1.0,1.0,0.0,0.0,0.0,0.0,0.0,0.0,100.0,100.0,100.0,1000.0,1000.0,1000.0,258.97822632781396,0,0,100.0,0.0,0.0,0,0
310212,51.5,51.0,20.5,0.0,0.0,0.0,40.0,1.0,1.0,1.0,0.0,0.0,0.0,0.0,0.0,0.0,100.0,100.0,100.0,1000.0,1000.0,1000.0,258.97822632781396,0,0,100.0,0.0,0.0,0,0
310412,51.5,51.0,20.5,0.0,0.0,0.0,40.0,1.0,1.0,1.0,0.0,0.0,0.0,0.0,0.0,0.0,100.0,100.0,100.0,1000.0,1000.0,1000.0,258.97822632781396,0,0,100.0,0.0,0.0,0,0
310612,51.5,51.5,20.5,0.0,0.0,0.0,40.0,1.0,1.0,1.0,0.0,0.0,0.0,0.0,0.0,0.0,100.0,100.0,100.0,1000.0,1000.0,1000.0,258.97822632781396,0,0,100.0,0.0,0.0,0,0
310812,51.5,51.5,20.5,0.0,0.0,0.0,40.0,1.0,1.0,1.0,0.0,0.0,0.0,0.0,0.0,0.0,100.0,100.0,100.0,1000.0,1000.0,1000.0,258.97822632781396,0,0,100.0,0.0,0.0,0,0
311012,52.0,51.5,20.5,0.0,0.0,0.0,40.0,1.0,1.0,1.0,0.0,0.0,0.0,0.0,0.0,0.0,100.0,100.0,100.0,1000.0,1000.0,1000.0,258.97822632781396,0,0,100.0,0.0,0.0,0,0
311212,52.0,51.5,20.5,0.0,0.0,0.0,40.0,1.0,1.0,1.0,0.0,0.0,0.0,0.0,0.0,0.0,100.0,100.0,100.0,1000.0,1000.0,1000.0,258.97822632781396,0,0,100.0,0.0,0.0,0,0
311412,52.0,51.5,20.5,0.0,0.0,0.0,40.0,1.0,1.0,1.0,0.0,0.0,0.0,0.0,0.0,0.0,100.0,100.0,100.0,1000.0,1000.0,1000.0,258.97822632781396,0,0,100.0,0.0,0.0,0,0
311612,52.0,51.5,20.5,0.0,0.0,0.0,40.0,1.0,1.0,1.0,0.0,0.0,0.0,0.0,0.0,0.0,100.0,100.0,100.0,1000.0,1000.0,1000.0,258.97822632781396,0,0,100.0,0.0,0.0,0,0
311812,52.0,51.5,20.5,0.0,0.0,0.0,40.0,1.0,1.0,1.0,0.0,0.0,0.0,0.0,0.0,0.0,100.0,100.0,100.0,1000.0,1000.0,1000.0,258.97822632781396,0,0,100.0,0.0,0.0,0,0
312012,52.0,51.5,20.5,0.0,0.0,0.0,40.0,1.0,1.0,1.0,0.0,0.0,0.0,0.0,0.0,0.0,100.0,100.0,100.0,1000.0,1000.0,1000.0,258.97822632781396,0,0,100.0,0.0,0.0,0,0
312212,52.0,51.5,20.5,0.0,0.0,0.0,40.0,1.0,1.0,1.0,0.0,0.0,0.0,0.0,0.0,0.0,100.0,100.0,100.0,1000.0,1000.0,1000.0,258.97822632781396,0,0,100.0,0.0,0.0,0,0
312412,52.0,51.5,20.5,0.0,0.0,0.0,40.0,1.0,1.0,1.0,0.0,0.0,0.0,0.0,0.0,0.0,100.0,100.0,100.0,1000.0,1000.0,1000.0,258.97822632781396,0,0,100.0,0.0,0.0,0,0
312612,52.0,51.5,20.5,0.0,0.0,0.0,40.0,1.0,1.0,1.0,0.0,0.0,0.0,0.0,0.0,0.0,100.0,100.0,100.0,1000.0,1000.0,1000.0,258.97822632781396,0,0,100.0,0.0,0.0,0,0
312812,52.0,51.5,20.5,0.0,0.0,0.0,40.0,1.0,1.0,1.0,0.0,0.0,0.0,0.0,0.0,0.0,100.0,100.0,100.0,1000.0,1000.0,1000.0,258.97822632781396,0,0,100.0,0.0,0.0,0,0
313012,52.5,52.0,20.5,0.0,0.0,0.0,40.0,1.0,1.0,1.0,0.0,0.0,0.0,0.0,0.0,0.0,100.0,100.0,100.0,1000.0,1000.0,1000.0,258.97822632781396,0,0,100.0,0.0,0.0,0,0
313212,52.5,52.0,20.5,0.0,0.0,0.0,40.0,1.0,1.0,1.0,0.0,0.0,0.0,0.0,0.0,0.0,100.0,100.0,100.0,1000.0,1000.0,1000.0,258.97822632781396,0,0,100.0,0.0,0.0,0,0
313412,52.5,52.0,20.5,0.0,0.0,0.0,40.0,1.0,1.0,1.0,0.0,0.0,0.0,0.0,0.0,0.0,100.0,100.0,100.0,1000.0,1000.0,1000.0,258.97822632781396,0,0,100.0,0.0,0.0,0,0
313612,52.5,52.0,20.5,0.0,0.0,0.0,40.0,1.0,1.0,1.0,0.0,0.0,0.0,0.0,0.0,0.0,100.0,100.0,100.0,1000.0,1000.0,1000.0,258.97822632781396,0,0,100.0,0.0,0.0,0,0
313812,52.5,52.0,20.5,0.0,0.0,0.0,40.0,1.0,1.0,1.0,0.0,0.0,0.0,0.0,0.0,0.0,100.0,100.0,100.0,1000.0,1000.0,1000.0,258.97822632781396,0,0,100.0,0.0,0.0,0,0
314012,52.5,52.0,20.5,0.0,0.0,0.0,40.0,1.0,1.0,1.0,0.0,0.0,0.0,0.0,0.0,0.0,100.0,100.0,100.0,1000.0,1000.0,1000.0,258.97822632781396,0,0,100.0,0.0,0.0,0,0
314212,52.5,52.0,20.5,0.0,0.0,0.0,40.0,1.0,1.0,1.0,0.0,0.0,0.0,0.0,0.0,0.0,100.0,100.0,100.0,1000.0,1000.0,1000.0,258.97822632781396,0,0,100.0,0.0,0.0,0,0
314412,52.5,52.0,20.5,0.0,0.0,0.0,40.0,1.0,1.0,1.0,0.0,0.0,0.0,0.0,0.0,0.0,100.0,100.0,100.0,1000.0,1000.0,1000.0,258.97822632781396,0,0,100.0,0.0,0.0,0,0
314612,52.5,52.0,20.5,0.0,0.0,0.0,40.0,1.0,1.0,1.0,0.0,0.0,0.0,0.0,0.0,0.0,100.0,100.0,100.0,1000.0,1000.0,1000.0,258.97822632781396,0,0,100.0,0.0,0.0,0,0
314812,52.5,52.0,20.5,0.0,0.0,0.0,40.0,1.0,1.0,1.0,0.0,0.0,0.0,0.0,0.0,0.0,100.0,100.0,100.0,1000.0,1000.0,1000.0,258.97822632781396,0,0,100.0,0.0,0.0,0,0
315012,53.0,52.0,20.5,0.0,0.0,0.0,40.0,1.0,1.0,1.0,0.0,0.0,0.0,0.0,0.0,0.0,100.0,100.0,100.0,1000.0,1000.0,1000.0,258.97822632781396,0,0,100.0,0.0,0.0,0,0
315212,53.0,52.0,20.5,0.0,0.0,0.0,40.0,1.0,1.0,1.0,0.0,0.0,0.0,0.0,0.0,0.0,100.0,100.0,100.0,1000.0,1000.0,1000.0,162.76396815131042,0,0,100.0,0.0,0.0,1,0
315412,53.0,52.0,20.5,0.0,0.0,0.0,40.0,1.0,1.0,1.0,0.0,0.0,0.0,0.0,0.0,0.0,100.0,100.0,100.0,1000.0,1000.0,1000.0,162.76396815131042,0,0,100.0,0.0,0.0,0,0
315612,53.0,52.5,20.5,0.0,0.0,0.0,40.0,1.0,1.0,1.0,0.0,0.0,0.0,0.0,0.0,0.0,100.0,100.0,100.0,1000.0,1000.0,1000.0,162.76396815131042,0,0,100.0,0.0,0.0,0,0
315812,53.0,52.5,20.5,0.0,0.0,0.0,40.0,1.0,1.0,1.0,0.0,0.0,0.0,0.0,0.0,0.0,100.0,100.0,100.0,1000.0,1000.0,1000.0,162.76396815131042,0,0,100.0,0.0,0.0,0,0
316012,53.0,52.5,20.5,0.0,0.0,0.0,40.0,1.0,1.0,1.0,0.0,0.0,0.0,0.0,0.0,0.0,100.0,100.0,100.0,1000.0,1000.0,1000.0,162.76396815131042,0,0,100.0,0.0,0.0,0,0
316212,53.0,52.5,20.5,0.0,0.0,0.0,40.0,1.0,1.0,1.0,0.0,0.0,0.0,0.0,0.0,0.0,100.0,100.0,100.0,1000.0,1000.0,1000.0,162.76396815131042,0,0,100.0,0.0,0.0,0,0
316412,53.0,52.5,20.5,0.0,0.0,0.0,40.0,1.0,1.0,1.0,0.0,0.0,0.0,0.0,0.0,0.0,100.0,100.0,100.0,1000.0,1000.0,1000.0,162.76396815131042,0,0,100.0,0.0,0.0,0,0
316612,53.0,52.5,20.5,0.0,0.0,0.0,40.0,1.0,1.0,1.0,0.0,0.0,0.0,0.0,0.0,0.0,100.0,100.0,100.0,1000.0,1000.0,1000.0,162.76396815131042,0,0,100.0,0.0,0.0,0,0
316812,53.0,52.5,20.5,0.0,0.0,0.0,40.0,1.0,1.0,1.0,0.0,0.0,0.0,0.0,0.0,0.0,100.0,100.0,100.0,1000.0,1000.0,1000.0,162.76396815131042,0,0,100.0,0.0,0.0,0,0
317012,53.5,52.5,20.5,0.0,0.0,0.0,40.0,1.0,1.0,1.0,0.0,0.0,0.0,0.0,0.0,0.0,100.0,100.0,100.0,1000.0,1000.0,1000.0,162.76396815131042,0,0,100.0,0.0,0.0,0,0
317212,53.5,52.5,20.5,0.0,0.0,0.0,40.0,1.0,1.0,1.0,0.0,0.0,0.0,0.0,0.0,0.0,100.0,100.0,100.0,1000.0,1000.0,1000.0,162.76396815131042,0,0,100.0,0.0,0.0,0,0
317412,53.5,52.5,20.5,0.0,0.0,0.0,40.0,1.0,1.0,1.0,0.0,0.0,0.0,0.0,0.0,0.0,100.0,100.0,100.0,1000.0,1000.0,1000.0,162.76396815131042,0,0,100.0,0.0,0.0,0,0
317612,53.5,53.0,20.5,0.0,0.0,0.0,40.0,1.0,1.0,1.0,0.0,0.0,0.0,0.0,0.0,0.0,100.0,100.0,100.0,1000.0,1000.0,1000.0,162.76396815131042,0,0,100.0,0.0,0.0,0,0
317812,53.5,53.0,20.5,0.0,0.0,0.0,40.0,1.0,1.0,1.0,0.0,0.0,0.0,0.0,0.0,0.0,100.0,100.0,100.0,1000.0,1000.0,1000.0,162.76396815131042,0,0,100.0,0.0,0.0,0,0
318012,53.5,53.0,20.5,0.0,0.0,0.0,40.0,1.0,1.0,1.0,0.0,0.0,0.0,0.0,0.0,0.0,100.0,100.0,100.0,1000.0,1000.0,1000.0,162.76396815131042,0,0,100.0,0.0,0.0,0,0
318212,53.5,53.0,20.5,0.0,0.0,0.0,40.0,1.0,1.0,1.0,0.0,0.0,0.0,0.0,0.0,0.0,100.0,100.0,100.0,1000.0,1000.0,1000.0,162.76396815131042,0,0,100.0,0.0,0.0,0,0
318412,53.5,53.0,20.5,0.0,0.0,0.0,40.0,1.0,1.0,1.0,0.0,0.0,0.0,0.0,0.0,0.0,100.0,100.0,100.0,1000.0,1000.0,1000.0,162.76396815131042,0,0,100.0,0.0,0.0,0,0
318612,53.5,53.0,20.5,0.0,0.0,0.0,40.0,1.0,1.0,1.0,0.0,0.0,0.0,0.0,0.0,0.0,100.0,100.0,100.0,1000.0,1000.0,1000.0,162.76396815131042,0,0,100.0,0.0,0.0,0,0
318812,53.5,53.0,20.5,0.0,0.0,0.0,40.0,1.0,1.0,1.0,0.0,0.0,0.0,0.0,0.0,0.0,100.0,100.0,100.0,1000.0,1000.0,1000.0,162.76396815131042,0,0,100.0,0.0,0.0,0,0
319012,54.0,53.0,20.5,0.0,0.0,0.0,40.0,1.0,1.0,1.0,0.0,0.0,0.0,0.0,0.0,0.0,100.0,100.0,100.0,1000.0,1000.0,1000.0,162.76396815131042,0,0,100.0,0.0,0.0,0,0
319212,54.0,53.0,20.5,0.0,0.0,0.0,40.0,1.0,1.0,1.0,0.0,0.0,0.0,0.0,0.0,0.0,100.0,100.0,100.0,1000.0,1000.0,1000.0,162.76396815131042,0,0,100.0,0.0,0.0,0,0
319412,54.0,53.0,20.5,0.0,0.0,0.0,40.0,1.0,1.0,1.0,0.0,0.0,0.0,0.0,0.0,0.0,100.0,100.0,100.0,1000.0,1000.0,1000.0,162.76396815131042,0,0,100.0,0.0,0.0,0,0
319612,54.0,53.5,20.5,0.0,0.0,0.0,40.0,1.0,1.0,1.0,0.0,0.0,0.0,0.0,0.0,0.0,100.0,100.0,100.0,1000.0,1000.0,1000.0,162.76396815131042,0,0,100.0,0.0,0.0,0,0
319812,54.0,53.5,20.5,0.0,0.0,0.0,40.0,1.0,1.0,1.0,0.0,0.0,0.0,0.0,0.0,0.0,100.0,100.0,100.0,1000.0,1000.0,1000.0,162.76396815131042,0,0,100.0,0.0,0.0,0,0
320012,54.0,53.5,20.5,0.0,0.0,0.0,40.0,1.0,1.0,1.0,0.0,0.0,0.0,0.0,0.0,0.0,100.0,100.0,100.0,1000.0,1000.0,1000.0,162.76396815131042,0,0,100.0,0.0,0.0,0,0
320212,54.0,53.5,20.5,0.0,0.0,0.0,40.0,1.0,1.0,1.0,0.0,0.0,0.0,0.0,0.0,0.0,100.0,100.0,100.0,1000.0,1000.0,1000.0,162.76396815131042,0,0,100.0,0.0,0.0,0,0
320412,54.0,53.5,20.5,0.0,0.0,0.0,40.0,1.0,1.0,1.0,0.0,0.0,0.0,0.0,0.0,0.0,100.0,100.0,100.0,1000.0,1000.0,1000.0,162.76396815131042,0,0,100.0,0.0,0.0,0,0
320612,54.0,53.5,20.5,0.0,0.0,0.0,40.0,1.0,1.0,1.0,0.0,0.0,0.0,0.0,0.0,0.0,100.0,100.0,100.0,1000.0,1000.0,1000.0,162.76396815131042,0,0,100.0,0.0,0.0,0,0
320812,54.0,53.5,20.5,0.0,0.0,0.0,40.0,1.0,1.0,1.0,0.0,0.0,0.0,0.0,0.0,0.0,100.0,100.0,100.0,1000.0,1000.0,1000.0,162.76396815131042,0,0,100.0,0.0,0.0,0,0
321012,54.5,53.5,20.5,0.0,0.0,0.0,40.0,1.0,1.0,1.0,0.0,0.0,0.0,0.0,0.0,0.0,100.0,100.0,100.0,1000.0,1000.0,1000.0,162.76396815131042,0,0,100.0,0.0,0.0,0,0
321212,54.5,53.5,20.5,0.0,0.0,0.0,40.0,1.0,1.0,1.0,0.0,0.0,0.0,0.0,0.0,0.0,100.0,100.0,100.0,1000.0,1000.0,1000.0,162.76396815131042,0,0,100.0,0.0,0.0,0,0
321412,54.5,53.5,20.5,0.0,0.0,0.0,40.0,1.0,1.0,1.0,0.0,0.0,0.0,0.0,0.0,0.0,100.0,100.0,100.0,1000.0,1000.0,1000.0,162.76396815131042,0,0,100.0,0.0,0.0,0,0
321612,54.5,54.0,20.5,0.0,0.0,0.0,40.0,1.0,1.0,1.0,0.0,0.0,0.0,0.0,0.0,0.0,100.0,100.0,100.0,1000.0,1000.0,1000.0,162.76396815131042,0,0,100.0,0.0,0.0,0,0
321812,54.5,54.0,20.5,0.0,0.0,0.0,40.0,1.0,1.0,1.0,0.0,0.0,0.0,0.0,0.0,0.0,100.0,100.0,100.0,1000.0,1000.0,1000.0,162.76396815131042,0,0,100.0,0.0,0.0,0,0
322012,54.5,54.0,20.5,0.0,0.0,0.0,40.0,1.0,1.0,1.0,0.0,0.0,0.0,0.0,0.0,0.0,100.0,100.0,100.0,1000.0,1000.0,1000.0,162.76396815131042,0,0,100.0,0.0,0.0,0,0
322212,54.5,54.0,20.5,0.0,0.0,0.0,40.0,1.0,1.0,1.0,0.0,0.0,0.0,0.0,0.0,0.0,100.0,100.0,100.0,1000.0,1000.0,1000.0,162.76396815131042,0,0,100.0,0.0,0.0,0,0
322412,54.5,54.0,20.5,0.0,0.0,0.0,40.0,1.0,1.0,1.0,0.0,0.0,0.0,0.0,0.0,0.0,100.0,100.0,100.0,1000.0,1000.0,1000.0,162.76396815131042,0,0,100.0,0.0,0.0,0,0
322612,54.5,54.0,20.5,0.0,0.0,0.0,40.0,1.0,1.0,1.0,0.0,0.0,0.0,0.0,0.0,0.0,100.0,100.0,100.0,1000.0,1000.0,1000.0,162.76396815131042,0,0,100.0,0.0,0.0,0,0
322812,54.5,54.0,20.5,0.0,0.0,0.0,40.0,1.0,1.0,1.0,0.0,0.0,0.0,0.0,0.0,0.0,100.0,100.0,100.0,1000.0,1000.0,1000.0,162.76396815131042,0,0,100.0,0.0,0.0,0,0
323012,55.0,54.0,20.5,0.0,0.0,0.0,40.0,1.0,1.0,1.0,0.0,0.0,0.0,0.0,0.0,0.0,100.0,100.0,100.0,1000.0,1000.0,1000.0,162.76396815131042,0,0,100.0,0.0,0.0,0,0
323212,55.0,54.0,20.5,0.0,0.0,0.0,40.0,1.0,1.0,1.0,0.0,0.0,0.0,0.0,0.0,0.0,100.0,100.0,100.0,1000.0,1000.0,1000.0,162.76396815131042,0,0,100.0,0.0,0.0,0,0
323412,55.0,54.0,20.5,0.0,0.0,0.0,40.0,1.0,1.0,1.0,0.0,0.0,0.0,0.0,0.0,0.0,100.0,100.0,100.0,1000.0,1000.0,1000.0,162.76396815131042,0,0,100.0,0.0,0.0,0,0
323612,55.0,54.5,20.5,0.0,0.0,0.0,40.0,1.0,1.0,1.0,0.0,0.0,0.0,0.0,0.0,0.0,100.0,100.0,100.0,1000.0,1000.0,1000.0,162.76396815131042,0,0,100.0,0.0,0.0,0,0
323812,55.0,54.5,20.5,0.0,0.0,0.0,40.0,1.0,1.0,1.0,0.0,0.0,0.0,0.0,0.0,0.0,100.0,100.0,100.0,1000.0,1000.0,1000.0,162.76396815131042,0,0,100.0,0.0,0.0,0,0
324012,55.0,54.5,20.5,0.0,0.0,0.0,40.0,1.0,1.0,1.0,0.0,0.0,0.0,0.0,0.0,0.0,100.0,100.0,100.0,1000.0,1000.0,1000.0,162.76396815131042,0,0,100.0,0.0,0.0,0,0
324212,55.0,54.5,20.5,0.0,0.0,0.0,40.0,1.0,1.0,1.0,0.0,0.0,0.0,0.0,0.0,0.0,100.0,100.0,100.0,1000.0,1000.0,1000.0,162.76396815131042,0,0,100.0,0.0,0.0,0,0
324412,55.0,54.5,20.5,0.0,0.0,0.0,40.0,1.0,1.0,1.0,0.0,0.0,0.0,0.0,0.0,0.0,100.0,100.0,100.0,1000.0,1000.0,1000.0,162.76396815131042,0,0,100.0,0.0,0.0,0,0
324612,55.0,54.5,20.5,0.0,0.0,0.0,40.0,1.0,1.0,1.0,0.0,0.0,0.0,0.0,0.0,0.0,100.0,100.0,100.0,1000.0,1000.0,1000.0,162.76396815131042,0,0,100.0,0.0,0.0,0,0
324812,55.0,54.5,20.5,0.0,0.0,0.0,40.0,1.0,1.0,1.0,0.0,0.0,0.0,0.0,0.0,0.0,100.0,100.0,100.0,1000.0,1000.0,1000.0,162.76396815131042,0,0,100.0,0.0,0.0,0,0
325012,55.5,54.5,20.5,0.0,0.0,0.0,40.0,1.0,1.0,1.0,0.0,0.0,0.0,0.0,0.0,0.0,100.0,100.0,100.0,1000.0,1000.0,1000.0,162.76396815131042,0,0,100.0,0.0,0.0,0,0
325212,55.5,54.5,20.5,0.0,0.0,0.0,40.0,1.0,1.0,1.0,0.0,0.0,0.0,0.0,0.0,0.0,100.0,100.0,100.0,1000.0,1000.0,1000.0,162.76396815131042,0,0,100.0,0.0,0.0,0,0
325412,55.5,54.5,20.5,0.0,0.0,0.0,40.0,1.0,1.0,1.0,0.0,0.0,0.0,0.0,0.0,0.0,100.0,100.0,100.0,1000.0,1000.0,1000.0,162.76396815131042,0,0,100.0,0.0,0.0,0,0
325612,55.5,54.5,20.5,0.0,0.0,0.0,40.0,1.0,1.0,1.0,0.0,0.0,0.0,0.0,0.0,0.0,100.0,100.0,100.0,1000.0,1000.0,1000.0,162.76396815131042,0,0,100.0,0.0,0.0,0,0
325812,55.5,54.5,20.5,0.0,0.0,0.0,40.0,1.0,1.0,1.0,0.0,0.0,0.0,0.0,0.0,0.0,100.0,100.0,100.0,1000.0,1000.0,1000.0,162.76396815131042,0,0,100.0,0.0,0.0,0,0
326012,55.5,55.0,20.5,0.0,0.0,0.0,40.0,1.0,1.0,1.0,0.0,0.0,0.0,0.0,0.0,0.0,100.0,100.0,100.0,1000.0,1000.0,1000.0,162.76396815131042,0,0,100.0,0.0,0.0,0,0
326212,55.5,55.0,20.5,0.0,0.0,0.0,40.0,1.0,1.0,1.0,0.0,0.0,0.0,0.0,0.0,0.0,100.0,100.0,100.0,1000.0,1000.0,1000.0,162.76396815131042,0,0,100.0,0.0,0.0,0,0
326412,55.5,55.0,20.5,0.0,0.0,0.0,40.0,1.0,1.0,1.0,0.0,0.0,0.0,0.0,0.0,0.0,100.0,100.0,100.0,1000.0,1000.0,1000.0,162.76396815131042,0,0,100.0,0.0,0.0,0,0
326612,55.5,55.0,20.5,0.0,0.0,0.0,40.0,1.0,1.0,1.0,0.0,0.0,0.0,0.0,0.0,0.0,100.0,100.0,100.0,1000.0,1000.0,1000.0,162.76396815131042,0,0,100.0,0.0,0.0,0,0
326812,55.5,55.0,20.5,0.0,0.0,0.0,40.0,1.0,1.0,1.0,0.0,0.0,0.0,0.0,0.0,0.0,100.0,100.0,100.0,1000.0,1000.0,1000.0,162.76396815131042,0,0,100.0,0.0,0.0,0,0
327012,56.0,55.0,20.5,0.0,0.0,0.0,40.0,1.0,1.0,1.0,0.0,0.0,0.0,0.0,0.0,0.0,100.0,100.0,100.0,1000.0,1000.0,1000.0,162.76396815131042,0,0,100.0,0.0,0.0,0,0
327212,56.0,55.0,20.5,0.0,0.0,0.0,40.0,1.0,1.0,1.0,0.0,0.0,0.0,0.0,0.0,0.0,100.0,100.0,100.0,1000.0,1000.0,1000.0,162.76396815131042,0,0,100.0,0.0,0.0,0,0
327412,56.0,55.0,20.5,0.0,0.0,0.0,40.0,1.0,1.0,1.0,0.0,0.0,0.0,0.0,0.0,0.0,100.0,100.0,100.0,1000.0,1000.0,1000.0,162.76396815131042,0,0,100.0,0.0,0.0,0,0
327612,56.0,55.0,20.5,0.0,0.0,0.0,40.0,1.0,1.0,1.0,0.0,0.0,0.0,0.0,0.0,0.0,100.0,100.0,100.0,1000.0,1000.0,1000.0,162.76396815131042,0,0,100.0,0.0,0.0,0,0
327812,56.0,55.0,20.5,0.0,0.0,0.0,40.0,1.0,1.0,1.0,0.0,0.0,0.0,0.0,0.0,0.0,100.0,100.0,100.0,1000.0,1000.0,1000.0,162.76396815131042,0,0,100.0,0.0,0.0,0,0
328012,56.0,55.5,20.5,0.0,0.0,0.0,40.0,1.0,1.0,1.0,0.0,0.0,0.0,0.0,0.0,0.0,100.0,100.0,100.0,1000.0,1000.0,1000.0,162.76396815131042,0,0,100.0,0.0,0.0,0,0
328212,56.0,55.5,20.5,0.0,0.0,0.0,40.0,1.0,1.0,1.0,0.0,0.0,0.0,0.0,0.0,0.0,100.0,100.0,100.0,1000.0,1000.0,1000.0,162.76396815131042,0,0,100.0,0.0,0.0,0,0
328412,56.0,55.5,20.5,0.0,0.0,0.0,40.0,1.0,1.0,1.0,0.0,0.0,0.0,0.0,0.0,0.0,100.0,100.0,100.0,1000.0,1000.0,1000.0,162.76396815131042,0,0,100.0,0.0,0.0,0,0
328612,56.0,55.5,20.5,0.0,0.0,0.0,40.0,1.0,1.0,1.0,0.0,0.0,0.0,0.0,0.0,0.0,100.0,100.0,100.0,1000.0,1000.0,1000.0,162.76396815131042,0,0,100.0,0.0,0.0,0,0
328812,56.0,55.5,20.5,0.0,0.0,0.0,40.0,1.0,1.0,1.0,0.0,0.0,0.0,0.0,0.0,0.0,100.0,100.0,100.0,1000.0,1000.0,1000.0,162.76396815131042,0,0,100.0,0.0,0.0,0,0
329012,56.5,55.5,20.5,0.0,0.0,0.0,40.0,1.0,1.0,1.0,0.0,0.0,0.0,0.0,0.0,0.0,100.0,100.0,100.0,1000.0,1000.0,1000.0,162.76396815131042,0,0,100.0,0.0,0.0,0,0
329212,56.5,55.5,20.5,0.0,0.0,0.0,40.0,1.0,1.0,1.0,0.0,0.0,0.0,0.0,0.0,0.0,100.0,100.0,100.0,1000.0,1000.0,1000.0,162.76396815131042,0,0,100.0,0.0,0.0,0,0
329412,56.5,55.5,20.5,0.0,0.0,0.0,40.0,1.0,1.0,1.0,0.0,0.0,0.0,0.0,0.0,0.0,100.0,100.0,100.0,1000.0,1000.0,1000.0,162.76396815131042,0,0,100.0,0.0,0.0,0,0
329612,56.5,55.5,20.5,0.0,0.0,0.0,40.0,1.0,1.0,1.0,0.0,0.0,0.0,0.0,0.0,0.0,100.0,100.0,100.0,1000.0,1000.0,1000.0,162.76396815131042,0,0,100.0,0.0,0.0,0,0
329812,56.5,55.5,20.5,0.0,0.0,0.0,40.0,1.0,1.0,1.0,0.0,0.0,0.0,0.0,0.0,0.0,100.0,100.0,100.0,1000.0,1000.0,1000.0,162.76396815131042,0,0,100.0,0.0,0.0,0,0
330012,56.5,55.5,20.5,0.0,0.0,0.0,40.0,1.0,1.0,1.0,0.0,0.0,0.0,0.0,0.0,0.0,100.0,100.0,100.0,1000.0,1000.0,1000.0,162.76396815131042,0,0,100.0,0.0,0.0,0,0
330212,56.5,55.5,20.5,0.0,0.0,0.0,40.0,1.0,1.0,1.0,0.0,0.0,0.0,0.0,0.0,0.0,100.0,100.0,100.0,1000.0,1000.0,1000.0,109.31735133299847,0,0,100.0,0.0,0.0,1,0
330412,56.5,55.5,20.5,0.0,0.0,0.0,40.0,1.0,1.0,1.0,0.0,0.0,0.0,0.0,0.0,0.0,100.0,100.0,100.0,1000.0,1000.0,1000.0,109.31735133299847,0,0,100.0,0.0,0.0,0,0
330612,57.0,56.0,20.5,0.0,0.0,0.0,40.0,1.0,1.0,1.0,0.0,0.0,0.0,0.0,0.0,0.0,100.0,100.0,100.0,1000.0,1000.0,1000.0,109.31735133299847,0,0,100.0,0.0,0.0,0,0
330812,57.0,56.0,20.5,0.0,0.0,0.0,40.0,1.0,1.0,1.0,0.0,0.0,0.0,0.0,0.0,0.0,100.0,100.0,100.0,1000.0,1000.0,1000.0,109.31735133299847,0,0,100.0,0.0,0.0,0,0
331012,57.0,56.0,20.5,0.0,0.0,0.0,40.0,1.0,1.0,1.0,0.0,0.0,0.0,0.0,0.0,0.0,100.0,100.0,100.0,1000.0,1000.0,1000.0,109.31735133299847,0,0,100.0,0.0,0.0,0,0
331212,57.0,56.0,20.5,0.0,0.0,0.0,40.0,1.0,1.0,1.0,0.0,0.0,0.0,0.0,0.0,0.0,100.0,100.0,100.0,1000.0,1000.0,1000.0,109.31735133299847,0,0,100.0,0.0,0.0,0,0
331412,57.0,56.0,20.5,0.0,0.0,0.0,40.0,1.0,1.0,1.0,0.0,0.0,0.0,0.0,0.0,0.0,100.0,100.0,100.0,1000.0,1000.0,1000.0,109.31735133299847,0,0,100.0,0.0,0.0,0,0
331612,57.0,56.0,20.5,0.0,0.0,0.0,40.0,1.0,1.0,1.0,0.0,0.0,0.0,0.0,0.0,0.0,100.0,100.0,100.0,1000.0,1000.0,1000.0,109.31735133299847,0,0,100.0,0.0,0.0,0,0
331812,57.0,56.0,20.5,0.0,0.0,0.0,40.0,1.0,1.0,1.0,0.0,0.0,0.0,0.0,0.0,0.0,100.0,100.0,100.0,1000.0,1000.0,1000.0,109.31735133299847,0,0,100.0,0.0,0.0,0,0
332012,57.0,56.0,20.5,0.0,0.0,0.0,40.0,1.0,1.0,1.0,0.0,0.0,0.0,0.0,0.0,0.0,100.0,100.0,100.0,1000.0,1000.0,1000.0,109.31735133299847,0,0,100.0,0.0,0.0,0,0
332212,57.0,56.0,20.5,0.0,0.0,0.0,40.0,1.0,1.0,1.0,0.0,0.0,0.0,0.0,0.0,0.0,100.0,100.0,100.0,1000.0,1000.0,1000.0,109.31735133299847,0,0,100.0,0.0,0.0,0,0
332412,57.0,56.0,20.5,0.0,0.0,0.0,40.0,1.0,1.0,1.0,0.0,0.0,0.0,0.0,0.0,0.0,100.0,100.0,100.0,1000.0,1000.0,1000.0,109.31735133299847,0,0,100.0,0.0,0.0,0,0
332612,57.5,56.5,20.5,0.0,0.0,0.0,40.0,1.0,1.0,1.0,0.0,0.0,0.0,0.0,0.0,0.0,100.0,100.0,100.0,1000.0,1000.0,1000.0,109.31735133299847,0,0,100.0,0.0,0.0,0,0
332812,57.5,56.5,20.5,0.0,0.0,0.0,40.0,1.0,1.0,1.0,0.0,0.0,0.0,0.0,0.0,0.0,100.0,100.0,100.0,1000.0,1000.0,1000.0,109.31735133299847,0,0,100.0,0.0,0.0,0,0
333012,57.5,56.5,20.5,0.0,0.0,0.0,40.0,1.0,1.0,1.0,0.0,0.0,0.0,0.0,0.0,0.0,100.0,100.0,100.0,1000.0,1000.0,1000.0,109.31735133299847,0,0,100.0,0.0,0.0,0,0
333212,57.5,56.5,20.5,0.0,0.0,0.0,40.0,1.0,1.0,1.0,0.0,0.0,0.0,0.0,0.0,0.0,100.0,100.0,100.0,1000.0,1000.0,1000.0,109.31735133299847,0,0,100.0,0.0,0.0,0,0
333412,57.5,56.5,20.5,0.0,0.0,0.0,40.0,1.0,1.0,1.0,0.0,0.0,0.0,0.0,0.0,0.0,100.0,100.0,100.0,1000.0,1000.0,1000.0,109.31735133299847,0,0,100.0,0.0,0.0,0,0
333612,57.5,56.5,20.5,0.0,0.0,0.0,40.0,1.0,1.0,1.0,0.0,0.0,0.0,0.0,0.0,0.0,100.0,100.0,100.0,1000.0,1000.0,1000.0,109.31735133299847,0,0,100.0,0.0,0.0,0,0
333812,57.5,56.5,20.5,0.0,0.0,0.0,40.0,1.0,1.0,1.0,0.0,0.0,0.0,0.0,0.0,0.0,100.0,100.0,100.0,1000.0,1000.0,1000.0,109.31735133299847,0,0,100.0,0.0,0.0,0,0
334012,57.5,56.5,20.5,0.0,0.0,0.0,40.0,1.0,1.0,1.0,0.0,0.0,0.0,0.0,0.0,0.0,100.0,100.0,100.0,1000.0,1000.0,1000.0,109.31735133299847,0,0,100.0,0.0,0.0,0,0
334212,57.5,56.5,20.5,0.0,0.0,0.0,40.0,1.0,1.0,1.0,0.0,0.0,0.0,0.0,0.0,0.0,100.0,100.0,100.0,1000.0,1000.0,1000.0,109.31735133299847,0,0,100.0,0.0,0.0,0,0
334412,57.5,56.5,20.5,0.0,0.0,0.0,40.0,1.0,1.0,1.0,0.0,0.0,0.0,0.0,0.0,0.0,100.0,100.0,100.0,1000.0,1000.0,1000.0,109.31735133299847,0,0,100.0,0.0,0.0,0,0
334612,58.0,56.5,20.5,0.0,0.0,0.0,40.0,1.0,1.0,1.0,0.0,0.0,0.0,0.0,0.0,0.0,100.0,100.0,100.0,1000.0,1000.0,1000.0,109.31735133299847,0,0,100.0,0.0,0.0,0,0
334812,58.0,56.5,20.5,0.0,0.0,0.0,40.0,1.0,1.0,1.0,0.0,0.0,0.0,0.0,0.0,0.0,100.0,100.0,100.0,1000.0,1000.0,1000.0,109.31735133299847,0,0,100.0,0.0,0.0,0,0
335012,58.0,57.0,20.5,0.0,0.0,0.0,40.0,1.0,1.0,1.0,0.0,0.0,0.0,0.0,0.0,0.0,100.0,100.0,100.0,1000.0,1000.0,1000.0,109.31735133299847,0,0,100.0,0.0,0.0,0,0
335212,58.0,57.0,20.5,0.0,0.0,0.0,40.0,1.0,1.0,1.0,0.0,0.0,0.0,0.0,0.0,0.0,100.0,100.0,100.0,1000.0,1000.0,1000.0,109.31735133299847,0,0,100.0,0.0,0.0,0,0
335412,58.0,57.0,20.5,0.0,0.0,0.0,40.0,1.0,1.0,1.0,0.0,0.0,0.0,0.0,0.0,0.0,100.0,100.0,100.0,1000.0,1000.0,1000.0,109.31735133299847,0,0,100.0,0.0,0.0,0,0
335612,58.0,57.0,20.5,0.0,0.0,0.0,40.0,1.0,1.0,1.0,0.0,0.0,0.0,0.0,0.0,0.0,100.0,100.0,100.0,1000.0,1000.0,1000.0,109.31735133299847,0,0,100.0,0.0,0.0,0,0
335812,58.0,57.0,20.5,0.0,0.0,0.0,40.0,1.0,1.0,1.0,0.0,0.0,0.0,0.0,0.0,0.0,100.0,100.0,100.0,1000.0,1000.0,1000.0,109.31735133299847,0,0,100.0,0.0,0.0,0,0
336012,58.0,57.0,20.5,0.0,0.0,0.0,40.0,1.0,1.0,1.0,0.0,0.0,0.0,0.0,0.0,0.0,100.0,100.0,100.0,1000.0,1000.0,1000.0,109.31735133299847,0,0,100.0,0.0,0.0,0,0
336212,58.0,57.0,20.5,0.0,0.0,0.0,40.0,1.0,1.0,1.0,0.0,0.0,0.0,0.0,0.0,0.0,100.0,100.0,100.0,1000.0,1000.0,1000.0,109.31735133299847,0,0,100.0,0.0,0.0,0,0
336412,58.0,57.0,20.5,0.0,0.0,0.0,40.0,1.0,1.0,1.0,0.0,0.0,0.0,0.0,0.0,0.0,100.0,100.0,100.0,1000.0,1000.0,1000.0,109.31735133299847,0,0,100.0,0.0,0.0,0,0
336612,58.0,57.0,20.5,0.0,0.0,0.0,40.0,1.0,1.0,1.0,0.0,0.0,0.0,0.0,0.0,0.0,100.0,100.0,100.0,1000.0,1000.0,1000.0,109.31735133299847,0,0,100.0,0.0,0.0,0,0
336812,58.0,57.0,20.5,0.0,0.0,0.0,40.0,1.0,1.0,1.0,0.0,0.0,0.0,0.0,0.0,0.0,100.0,100.0,100.0,1000.0,1000.0,1000.0,109.31735133299847,0,0,100.0,0.0,0.0,0,0
337012,58.5,57.5,20.5,0.0,0.0,0.0,40.0,1.0,1.0,1.0,0.0,0.0,0.0,0.0,0.0,0.0,100.0,100.0,100.0,1000.0,1000.0,1000.0,109.31735133299847,0,0,100.0,0.0,0.0,0,0
337212,58.5,57.5,20.5,0.0,0.0,0.0,40.0,1.0,1.0,1.0,0.0,0.0,0.0,0.0,0.0,0.0,100.0,100.0,100.0,1000.0,1000.0,1000.0,109.31735133299847,0,0,100.0,0.0,0.0,0,0
337412,58.5,57.5,20.5,0.0,0.0,0.0,40.0,1.0,1.0,1.0,0.0,0.0,0.0,0.0,0.0,0.0,100.0,100.0,100.0,1000.0,1000.0,1000.0,109.31735133299847,0,0,100.0,0.0,0.0,0,0
337612,58.5,57.5,20.5,0.0,0.0,0.0,40.0,1.0,1.0,1.0,0.0,0.0,0.0,0.0,0.0,0.0,100.0,100.0,100.0,1000.0,1000.0,1000.0,109.31735133299847,0,0,100.0,0.0,0.0,0,0
337812,58.5,57.5,20.5,0.0,0.0,0.0,40.0,1.0,1.0,1.0,0.0,0.0,0.0,0.0,0.0,0.0,100.0,100.0,100.0,1000.0,1000.0,1000.0,109.31735133299847,0,0,100.0,0.0,0.0,0,0
338012,58.5,57.5,20.5,0.0,0.0,0.0,40.0,1.0,1.0,1.0,0.0,0.0,0.0,0.0,0.0,0.0,100.0,100.0,100.0,1000.0,1000.0,1000.0,109.31735133299847,0,0,100.0,0.0,0.0,0,0
338212,58.5,57.5,20.5,0.0,0.0,0.0,40.0,1.0,1.0,1.0,0.0,0.0,0.0,0.0,0.0,0.0,100.0,100.0,100.0,1000.0,1000.0,1000.0,109.31735133299847,0,0,100.0,0.0,0.0,0,0
338412,58.5,57.5,20.5,0.0,0.0,0.0,40.0,1.0,1.0,1.0,0.0,0.0,0.0,0.0,0.0,0.0,100.0,100.0,100.0,1000.0,1000.0,1000.0,109.31735133299847,0,0,100.0,0.0,0.0,0,0
338612,58.5,57.5,20.5,0.0,0.0,0.0,40.0,1.0,1.0,1.0,0.0,0.0,0.0,0.0,0.0,0.0,100.0,100.0,100.0,1000.0,1000.0,1000.0,109.31735133299847,0,0,100.0,0.0,0.0,0,0
338812,58.5,57.5,20.5,0.0,0.0,0.0,40.0,1.0,1.0,1.0,0.0,0.0,0.0,0.0,0.0,0.0,100.0,100.0,100.0,1000.0,1000.0,1000.0,109.31735133299847,0,0,100.0,0.0,0.0,0,0
339012,58.5,58.0,20.5,0.0,0.0,0.0,40.0,1.0,1.0,1.0,0.0,0.0,0.0,0.0,0.0,0.0,100.0,100.0,100.0,1000.0,1000.0,1000.0,109.31735133299847,0,0,100.0,0.0,0.0,0,0
339212,58.5,58.0,20.5,0.0,0.0,0.0,40.0,1.0,1.0,1.0,0.0,0.0,0.0,0.0,0.0,0.0,100.0,100.0,100.0,1000.0,1000.0,1000.0,109.31735133299847,0,0,100.0,0.0,0.0,0,0
339412,58.5,58.0,20.5,0.0,0.0,0.0,40.0,1.0,1.0,1.0,0.0,0.0,0.0,0.0,0.0,0.0,100.0,100.0,100.0,1000.0,1000.0,1000.0,109.31735133299847,0,0,100.0,0.0,0.0,0,0
339612,59.0,58.0,20.5,0.0,0.0,0.0,40.0,1.0,1.0,1.0,0.0,0.0,0.0,0.0,0.0,0.0,100.0,100.0,100.0,1000.0,1000.0,1000.0,109.31735133299847,0,0,100.0,0.0,0.0,0,0
339812,59.0,58.0,20.5,0.0,0.0,0.0,40.0,1.0,1.0,1.0,0.0,0.0,0.0,0.0,0.0,0.0,100.0,100.0,100.0,1000.0,1000.0,1000.0,109.31735133299847,0,0,100.0,0.0,0.0,0,0
340012,59.0,58.0,20.5,0.0,0.0,0.0,40.0,1.0,1.0,1.0,0.0,0.0,0.0,0.0,0.0,0.0,100.0,100.0,100.0,1000.0,1000.0,1000.0,109.31735133299847,0,0,100.0,0.0,0.0,0,0
340212,59.0,58.0,20.5,0.0,0.0,0.0,40.0,1.0,1.0,1.0,0.0,0.0,0.0,0.0,0.0,0.0,100.0,100.0,100.0,1000.0,1000.0,1000.0,109.31735133299847,0,0,100.0,0.0,0.0,0,0
340412,59.0,58.0,20.5,0.0,0.0,0.0,40.0,1.0,1.0,1.0,0.0,0.0,0.0,0.0,0.0,0.0,100.0,100.0,100.0,1000.0,1000.0,1000.0,109.31735133299847,0,0,100.0,0.0,0.0,0,0
340612,59.0,58.0,20.5,0.0,0.0,0.0,40.0,1.0,1.0,1.0,0.0,0.0,0.0,0.0,0.0,0.0,100.0,100.0,100.0,1000.0,1000.0,1000.0,109.31735133299847,0,0,100.0,0.0,0.0,0,0
340812,59.0,58.0,20.5,0.0,0.0,0.0,40.0,1.0,1.0,1.0,0.0,0.0,0.0,0.0,0.0,0.0,100.0,100.0,100.0,1000.0,1000.0,1000.0,109.31735133299847,0,0,100.0,0.0,0.0,0,0
341012,59.0,58.5,20.5,0.0,0.0,0.0,40.0,1.0,1.0,1.0,0.0,0.0,0.0,0.0,0.0,0.0,100.0,100.0,100.0,1000.0,1000.0,1000.0,109.31735133299847,0,0,100.0,0.0,0.0,0,0
341212,59.0,58.5,20.5,0.0,0.0,0.0,40.0,1.0,1.0,1.0,0.0,0.0,0.0,0.0,0.0,0.0,100.0,100.0,100.0,1000.0,1000.0,1000.0,109.31735133299847,0,0,100.0,0.0,0.0,0,0
341412,59.0,58.5,20.5,0.0,0.0,0.0,40.0,1.0,1.0,1.0,0.0,0.0,0.0,0.0,0.0,0.0,100.0,100.0,100.0,1000.0,1000.0,1000.0,109.31735133299847,0,0,100.0,0.0,0.0,0,0
341612,59.5,58.5,20.5,0.0,0.0,0.0,40.0,1.0,1.0,1.0,0.0,0.0,0.0,0.0,0.0,0.0,100.0,100.0,100.0,1000.0,1000.0,1000.0,109.31735133299847,0,0,100.0,0.0,0.0,0,0
341812,59.5,58.5,20.5,0.0,0.0,0.0,40.0,1.0,1.0,1.0,0.0,0.0,0.0,0.0,0.0,0.0,100.0,100.0,100.0,1000.0,1000.0,1000.0,109.31735133299847,0,0,100.0,0.0,0.0,0,0
342012,59.5,58.5,20.5,0.0,0.0,0.0,40.0,1.0,1.0,1.0,0.0,0.0,0.0,0.0,0.0,0.0,100.0,100.0,100.0,1000.0,1000.0,1000.0,109.31735133299847,0,0,100.0,0.0,0.0,0,0
342212,59.5,58.5,20.5,0.0,0.0,0.0,40.0,1.0,1.0,1.0,0.0,0.0,0.0,0.0,0.0,0.0,100.0,100.0,100.0,1000.0,1000.0,1000.0,109.31735133299847,0,0,100.0,0.0,0.0,0,0
342412,59.5,58.5,20.5,0.0,0.0,0.0,40.0,1.0,1.0,1.0,0.0,0.0,0.0,0.0,0.0,0.0,100.0,100.0,100.0,1000.0,1000.0,1000.0,109.31735133299847,0,0,100.0,0.0,0.0,0,0
342612,59.5,58.5,20.5,0.0,0.0,0.0,40.0,1.0,1.0,1.0,0.0,0.0,0.0,0.0,0.0,0.0,100.0,100.0,100.0,1000.0,1000.0,1000.0,109.31735133299847,0,0,100.0,0.0,0.0,0,0
342812,59.5,58.5,20.5,0.0,0.0,0.0,40.0,1.0,1.0,1.0,0.0,0.0,0.0,0.0,0.0,0.0,100.0,100.0,100.0,1000.0,1000.0,1000.0,109.31735133299847,0,0,100.0,0.0,0.0,0,0
343012,59.5,58.5,20.5,0.0,0.0,0.0,40.0,1.0,1.0,1.0,0.0,0.0,0.0,0.0,0.0,0.0,100.0,100.0,100.0,1000.0,1000.0,1000.0,109.31735133299847,0,0,100.0,0.0,0.0,0,0
343212,59.5,58.5,20.5,0.0,0.0,0.0,40.0,1.0,1.0,1.0,0.0,0.0,0.0,0.0,0.0,0.0,100.0,100.0,100.0,1000.0,1000.0,1000.0,109.31735133299847,0,0,100.0,0.0,0.0,0,0
343412,59.5,58.5,20.5,0.0,0.0,0.0,40.0,1.0,1.0,1.0,0.0,0.0,0.0,0.0,0.0,0.0,100.0,100.0,100.0,1000.0,1000.0,1000.0,109.31735133299847,0,0,100.0,0.0,0.0,0,0
343612,60.0,59.0,20.5,0.0,0.0,0.0,40.0,1.0,1.0,1.0,0.0,0.0,0.0,0.0,0.0,0.0,100.0,100.0,100.0,1000.0,1000.0,1000.0,109.31735133299847,0,0,100.0,0.0,0.0,0,0
343812,60.0,59.0,20.5,0.0,0.0,0.0,40.0,1.0,1.0,1.0,0.0,0.0,0.0,0.0,0.0,0.0,100.0,100.0,100.0,1000.0,1000.0,1000.0,109.31735133299847,0,0,100.0,0.0,0.0,0,0
344012,60.0,59.0,20.5,0.0,0.0,0.0,40.0,1.0,1.0,1.0,0.0,0.0,0.0,0.0,0.0,0.0,100.0,100.0,100.0,1000.0,1000.0,1000.0,109.31735133299847,0,0,100.0,0.0,0.0,0,0
344212,60.0,59.0,20.5,0.0,0.0,0.0,40.0,1.0,1.0,1.0,0.0,0.0,0.0,0.0,0.0,0.0,100.0,100.0,100.0,1000.0,1000.0,1000.0,109.31735133299847,0,0,100.0,0.0,0.0,0,0
344412,60.0,59.0,20.5,0.0,0.0,0.0,40.0,1.0,1.0,1.0,0.0,0.0,0.0,0.0,0.0,0.0,100.0,100.0,100.0,1000.0,1000.0,1000.0,109.31735133299847,0,0,100.0,0.0,0.0,0,0
344612,60.0,59.0,20.5,0.0,0.0,0.0,40.0,1.0,1.0,1.0,0.0,0.0,0.0,0.0,0.0,0.0,100.0,100.0,100.0,1000.0,1000.0,1000.0,109.31735133299847,0,0,100.0,0.0,0.0,0,0
344812,60.0,59.0,20.5,0.0,0.0,0.0,40.0,1.0,1.0,1.0,0.0,0.0,0.0,0.0,0.0,0.0,100.0,100.0,100.0,1000.0,1000.0,1000.0,109.31735133299847,0,0,100.0,0.0,0.0,0,0
345012,60.0,59.0,20.5,0.0,0.0,0.0,40.0,1.0,1.0,1.0,0.0,0.0,0.0,0.0,0.0,0.0,100.0,100.0,100.0,1000.0,1000.0,1000.0,109.31735133299847,0,0,100.0,0.0,0.0,0,0
345212,60.0,59.0,20.5,0.0,0.0,0.0,40.0,1.0,1.0,1.0,0.0,0.0,0.0,0.0,0.0,0.0,100.0,100.0,100.0,1000.0,1000.0,1000.0,68.78797799145508,0,0,68.78797799145508,0.0,0.0,1,0
345412,60.0,59.0,20.5,0.0,0.0,0.0,40.0,1.0,1.0,1.0,0.0,0.0,0.0,0.0,0.0,0.0,100.0,100.0,100.0,1000.0,1000.0,1000.0,68.78797799145508,0,0,68.78797799145508,0.0,0.0,0,0
345612,60.0,59.5,20.5,0.0,0.0,0.0,40.0,1.0,1.0,1.0,0.0,0.0,0.0,0.0,0.0,0.0,100.0,100.0,100.0,1000.0,1000.0,1000.0,68.78797799145508,0,0,68.78797799145508,0.0,0.0,0,0
345812,60.0,59.5,20.5,0.0,0.0,0.0,40.0,1.0,1.0,1.0,0.0,0.0,0.0,0.0,0.0,0.0,100.0,100.0,100.0,1000.0,1000.0,1000.0,68.78797799145508,0,0,68.78797799145508,0.0,0.0,0,0
346012,60.5,59.5,20.5,0.0,0.0,0.0,40.0,1.0,1.0,1.0,0.0,0.0,0.0,0.0,0.0,0.0,100.0,100.0,100.0,1000.0,1000.0,1000.0,68.78797799145508,0,0,68.78797799145508,0.0,0.0,0,0
346212,60.5,59.5,20.5,0.0,0.0,0.0,40.0,1.0,1.0,1.0,0.0,0.0,0.0,0.0,0.0,0.0,100.0,100.0,100.0,1000.0,1000.0,1000.0,68.78797799145508,0,0,68.78797799145508,0.0,0.0,0,0
346412,60.5,59.5,20.5,0.0,0.0,0.0,40.0,1.0,1.0,1.0,0.0,0.0,0.0,0.0,0.0,0.0,100.0,100.0,100.0,1000.0,1000.0,1000.0,68.78797799145508,0,0,68.78797799145508,0.0,0.0,0,0
346612,60.5,59.5,20.5,0.0,0.0,0.0,40.0,1.0,1.0,1.0,0.0,0.0,0.0,0.0,0.0,0.0,100.0,100.0,100.0,1000.0,1000.0,1000.0,68.78797799145508,0,0,68.78797799145508,0.0,0.0,0,0
346812,60.5,59.5,20.5,0.0,0.0,0.0,40.0,1.0,1.0,1.0,0.0,0.0,0.0,0.0,0.0,0.0,100.0,100.0,100.0,1000.0,1000.0,1000.0,68.78797799145508,0,0,68.78797799145508,0.0,0.0,0,0
347012,60.5,59.5,20.5,0.0,0.0,0.0,40.0,1.0,1.0,1.0,0.0,0.0,0.0,0.0,0.0,0.0,100.0,100.0,100.0,1000.0,1000.0,1000.0,68.78797799145508,0,0,68.78797799145508,0.0,0.0,0,0
347212,60.5,59.5,20.5,0.0,0.0,0.0,40.0,1.0,1.0,1.0,0.0,0.0,0.0,0.0,0.0,0.0,100.0,100.0,100.0,1000.0,1000.0,1000.0,68.78797799145508,0,0,68.78797799145508,0.0,0.0,0,0
347412,60.5,59.5,20.5,0.0,0.0,0.0,40.0,1.0,1.0,1.0,0.0,0.0,0.0,0.0,0.0,0.0,100.0,100.0,100.0,1000.0,1000.0,1000.0,68.78797799145508,0,0,68.78797799145508,0.0,0.0,0,0
347612,60.5,60.0,20.5,0.0,0.0,0.0,40.0,1.0,1.0,1.0,0.0,0.0,0.0,0.0,0.0,0.0,100.0,100.0,100.0,1000.0,1000.0,1000.0,68.78797799145508,0,0,68.78797799145508,0.0,0.0,0,0
347812,60.5,60.0,20.5,0.0,0.0,0.0,40.0,1.0,1.0,1.0,0.0,0.0,0.0,0.0,0.0,0.0,100.0,100.0,100.0,1000.0,1000.0,1000.0,68.78797799145508,0,0,68.78797799145508,0.0,0.0,0,0
348012,60.5,60.0,20.5,0.0,0.0,0.0,40.0,1.0,1.0,1.0,0.0,0.0,0.0,0.0,0.0,0.0,100.0,100.0,100.0,1000.0,1000.0,1000.0,68.78797799145508,0,0,68.78797799145508,0.0,0.0,0,0
348212,60.5,60.0,20.5,0.0,0.0,0.0,40.0,1.0,1.0,1.0,0.0,0.0,0.0,0.0,0.0,0.0,100.0,100.0,100.0,1000.0,1000.0,1000.0,68.78797799145508,0,0,68.78797799145508,0.0,0.0,0,0
348412,60.5,60.0,20.5,0.0,0.0,0.0,40.0,1.0,1.0,1.0,0.0,0.0,0.0,0.0,0.0,0.0,100.0,100.0,100.0,1000.0,1000.0,1000.0,68.78797799145508,0,0,68.78797799145508,0.0,0.0,0,0
348612,61.0,60.0,20.5,0.0,0.0,0.0,40.0,1.0,1.0,1.0,0.0,0.0,0.0,0.0,0.0,0.0,100.0,100.0,100.0,1000.0,1000.0,1000.0,68.78797799145508,0,0,68.78797799145508,0.0,0.0,0,0
348812,61.0,60.0,20.5,0.0,0.0,0.0,40.0,1.0,1.0,1.0,0.0,0.0,0.0,0.0,0.0,0.0,100.0,100.0,100.0,1000.0,1000.0,1000.0,68.78797799145508,0,0,68.78797799145508,0.0,0.0,0,0
349012,61.0,60.0,20.5,0.0,0.0,0.0,40.0,1.0,1.0,1.0,0.0,0.0,0.0,0.0,0.0,0.0,100.0,100.0,100.0,1000.0,1000.0,1000.0,68.78797799145508,0,0,68.78797799145508,0.0,0.0,0,0
349212,61.0,60.0,20.5,0.0,0.0,0.0,40.0,1.0,1.0,1.0,0.0,0.0,0.0,0.0,0.0,0.0,100.0,100.0,100.0,1000.0,1000.0,1000.0,68.78797799145508,0,0,68.78797799145508,0.0,0.0,0,0
349412,61.0,60.0,20.5,0.0,0.0,0.0,40.0,1.0,1.0,1.0,0.0,0.0,0.0,0.0,0.0,0.0,100.0,100.0,100.0,1000.0,1000.0,1000.0,68.78797799145508,0,0,68.78797799145508,0.0,0.0,0,0
349612,61.0,60.0,20.5,0.0,0.0,0.0,40.0,1.0,1.0,1.0,0.0,0.0,0.0,0.0,0.0,0.0,100.0,100.0,100.0,1000.0,1000.0,1000.0,68.78797799145508,0,0,68.78797799145508,0.0,0.0,0,0
349812,61.0,60.0,20.5,0.0,0.0,0.0,40.0,1.0,1.0,1.0,0.0,0.0,0.0,0.0,0.0,0.0,100.0,100.0,100.0,1000.0,1000.0,1000.0,68.78797799145508,0,0,68.78797799145508,0.0,0.0,0,0
350012,61.0,60.5,20.5,0.0,0.0,0.0,40.0,1.0,1.0,1.0,0.0,0.0,0.0,0.0,0.0,0.0,100.0,100.0,100.0,1000.0,1000.0,1000.0,68.78797799145508,0,0,68.78797799145508,0.0,0.0,0,0
350212,61.0,60.5,20.5,0.0,0.0,0.0,40.0,1.0,1.0,1.0,0.0,0.0,0.0,0.0,0.0,0.0,100.0,100.0,100.0,1000.0,1000.0,1000.0,68.78797799145508,0,0,68.78797799145508,0.0,0.0,0,0
350412,61.0,60.5,20.5,0.0,0.0,0.0,40.0,1.0,1.0,1.0,0.0,0.0,0.0,0.0,0.0,0.0,100.0,100.0,100.0,1000.0,1000.0,1000.0,68.78797799145508,0,0,68.78797799145508,0.0,0.0,0,0
350612,61.0,60.5,20.5,0.0,0.0,0.0,40.0,1.0,1.0,1.0,0.0,0.0,0.0,0.0,0.0,0.0,100.0,100.0,100.0,1000.0,1000.0,1000.0,68.78797799145508,0,0,68.78797799145508,0.0,0.0,0,0
350812,61.0,60.5,20.5,0.0,0.0,0.0,40.0,1.0,1.0,1.0,0.0,0.0,0.0,0.0,0.0,0.0,100.0,100.0,100.0,1000.0,1000.0,1000.0,68.78797799145508,0,0,68.78797799145508,0.0,0.0,0,0
351012,61.0,60.5,20.5,0.0,0.0,0.0,40.0,1.0,1.0,1.0,0.0,0.0,0.0,0.0,0.0,0.0,100.0,100.0,100.0,1000.0,1000.0,1000.0,68.78797799145508,0,0,68.78797799145508,0.0,0.0,0,0
351212,61.0,60.5,20.5,0.0,0.0,0.0,40.0,1.0,1.0,1.0,0.0,0.0,0.0,0.0,0.0,0.0,100.0,100.0,100.0,1000.0,1000.0,1000.0,68.78797799145508,0,0,68.78797799145508,0.0,0.0,0,0
351412,61.0,60.5,20.5,0.0,0.0,0.0,40.0,1.0,1.0,1.0,0.0,0.0,0.0,0.0,0.0,0.0,100.0,100.0,100.0,1000.0,1000.0,1000.0,68.78797799145508,0,0,68.78797799145508,0.0,0.0,0,0
351612,61.0,60.5,20.5,0.0,0.0,0.0,40.0,1.0,1.0,1.0,0.0,0.0,0.0,0.0,0.0,0.0,100.0,100.0,100.0,1000.0,1000.0,1000.0,68.78797799145508,0,0,68.78797799145508,0.0,0.0,0,0
351812,61.0,60.5,20.5,0.0,0.0,0.0,40.0,1.0,1.0,1.0,0.0,0.0,0.0,0.0,0.0,0.0,100.0,100.0,100.0,1000.0,1000.0,1000.0,68.78797799145508,0,0,68.78797799145508,0.0,0.0,0,0
352012,61.0,61.0,20.5,0.0,0.0,0.0,40.0,1.0,1.0,1.0,0.0,0.0,0.0,0.0,0.0,0.0,100.0,100.0,100.0,1000.0,1000.0,1000.0,68.78797799145508,0,0,68.78797799145508,0.0,0.0,0,0
352212,61.0,61.0,20.5,0.0,0.0,0.0,40.0,1.0,1.0,1.0,0.0,0.0,0.0,0.0,0.0,0.0,100.0,100.0,100.0,1000.0,1000.0,1000.0,68.78797799145508,0,0,68.78797799145508,0.0,0.0,0,0
352412,61.0,61.0,20.5,0.0,0.0,0.0,40.0,1.0,1.0,1.0,0.0,0.0,0.0,0.0,0.0,0.0,100.0,100.0,100.0,1000.0,1000.0,1000.0,68.78797799145508,0,0,68.78797799145508,0.0,0.0,0,0
352612,61.5,61.0,20.5,0.0,0.0,0.0,40.0,1.0,1.0,1.0,0.0,0.0,0.0,0.0,0.0,0.0,100.0,100.0,100.0,1000.0,1000.0,1000.0,68.78797799145508,0,0,68.78797799145508,0.0,0.0,0,0
352812,61.5,61.0,20.5,0.0,0.0,0.0,40.0,1.0,1.0,1.0,0.0,0.0,0.0,0.0,0.0,0.0,100.0,100.0,100.0,1000.0,1000.0,1000.0,68.78797799145508,0,0,68.78797799145508,0.0,0.0,0,0
353012,61.5,61.0,20.5,0.0,0.0,0.0,40.0,1.0,1.0,1.0,0.0,0.0,0.0,0.0,0.0,0.0,100.0,100.0,100.0,1000.0,1000.0,1000.0,68.78797799145508,0,0,68.78797799145508,0.0,0.0,0,0
353212,61.5,61.0,20.5,0.0,0.0,0.0,40.0,1.0,1.0,1.0,0.0,0.0,0.0,0.0,0.0,0.0,100.0,100.0,100.0,1000.0,1000.0,1000.0,68.78797799145508,0,0,68.78797799145508,0.0,0.0,0,0
353412,61.5,61.0,20.5,0.0,0.0,0.0,40.0,1.0,1.0,1.0,0.0,0.0,0.0,0.0,0.0,0.0,100.0,100.0,100.0,1000.0,1000.0,1000.0,68.78797799145508,0,0,68.78797799145508,0.0,0.0,0,0
353612,61.5,61.0,20.5,0.0,0.0,0.0,40.0,1.0,1.0,1.0,0.0,0.0,0.0,0.0,0.0,0.0,100.0,100.0,100.0,1000.0,1000.0,1000.0,68.78797799145508,0,0,68.78797799145508,0.0,0.0,0,0
353812,61.5,61.0,20.5,0.0,0.0,0.0,40.0,1.0,1.0,1.0,0.0,0.0,0.0,0.0,0.0,0.0,100.0,100.0,100.0,1000.0,1000.0,1000.0,68.78797799145508,0,0,68.78797799145508,0.0,0.0,0,0
354012,61.5,61.0,20.5,0.0,0.0,0.0,40.0,1.0,1.0,1.0,0.0,0.0,0.0,0.0,0.0,0.0,100.0,100.0,100.0,1000.0,1000.0,1000.0,68.78797799145508,0,0,68.78797799145508,0.0,0.0,0,0
354212,61.5,61.0,20.5,0.0,0.0,0.0,40.0,1.0,1.0,1.0,0.0,0.0,0.0,0.0,0.0,0.0,100.0,100.0,100.0,1000.0,1000.0,1000.0,68.78797799145508,0,0,68.78797799145508,0.0,0.0,0,0
354412,61.5,61.0,20.5,0.0,0.0,0.0,40.0,1.0,1.0,1.0,0.0,0.0,0.0,0.0,0.0,0.0,100.0,100.0,100.0,1000.0,1000.0,1000.0,68.78797799145508,0,0,68.78797799145508,0.0,0.0,0,0
354612,61.5,61.0,20.5,0.0,0.0,0.0,40.0,1.0,1.0,1.0,0.0,0.0,0.0,0.0,0.0,0.0,100.0,100.0,100.0,1000.0,1000.0,1000.0,68.78797799145508,0,0,68.78797799145508,0.0,0.0,0,0
354812,61.5,61.0,20.5,0.0,0.0,0.0,40.0,1.0,1.0,1.0,0.0,0.0,0.0,0.0,0.0,0.0,100.0,100.0,100.0,1000.0,1000.0,1000.0,68.78797799145508,0,0,68.78797799145508,0.0,0.0,0,0
355012,61.5,61.0,20.5,0.0,0.0,0.0,40.0,1.0,1.0,1.0,0.0,0.0,0.0,0.0,0.0,0.0,100.0,100.0,100.0,1000.0,1000.0,1000.0,68.78797799145508,0,0,68.78797799145508,0.0,0.0,0,0
355212,61.5,61.0,20.5,0.0,0.0,0.0,40.0,1.0,1.0,1.0,0.0,0.0,0.0,0.0,0.0,0.0,100.0,100.0,100.0,1000.0,1000.0,1000.0,68.78797799145508,0,0,68.78797799145508,0.0,0.0,0,0
355412,61.5,61.0,20.5,0.0,0.0,0.0,40.0,1.0,1.0,1.0,0.0,0.0,0.0,0.0,0.0,0.0,100.0,100.0,100.0,1000.0,1000.0,1000.0,68.78797799145508,0,0,68.78797799145508,0.0,0.0,0,0
355612,61.5,61.5,20.5,0.0,0.0,0.0,40.0,1.0,1.0,1.0,0.0,0.0,0.0,0.0,0.0,0.0,100.0,100.0,100.0,1000.0,1000.0,1000.0,68.78797799145508,0,0,68.78797799145508,0.0,0.0,0,0
355812,61.5,61.5,20.5,0.0,0.0,0.0,40.0,1.0,1.0,1.0,0.0,0.0,0.0,0.0,0.0,0.0,100.0,100.0,100.0,1000.0,1000.0,1000.0,68.78797799145508,0,0,68.78797799145508,0.0,0.0,0,0
356012,61.5,61.5,20.5,0.0,0.0,0.0,40.0,1.0,1.0,1.0,0.0,0.0,0.0,0.0,0.0,0.0,100.0,100.0,100.0,1000.0,1000.0,1000.0,68.78797799145508,0,0,68.78797799145508,0.0,0.0,0,0
356212,61.5,61.5,20.5,0.0,0.0,0.0,40.0,1.0,1.0,1.0,0.0,0.0,0.0,0.0,0.0,0.0,100.0,100.0,100.0,1000.0,1000.0,1000.0,68.78797799145508,0,0,68.78797799145508,0.0,0.0,0,0
356412,61.5,61.5,20.5,0.0,0.0,0.0,40.0,1.0,1.0,1.0,0.0,0.0,0.0,0.0,0.0,0.0,100.0,100.0,100.0,1000.0,1000.0,1000.0,68.78797799145508,0,0,68.78797799145508,0.0,0.0,0,0
356612,62.0,61.5,20.5,0.0,0.0,0.0,40.0,1.0,1.0,1.0,0.0,0.0,0.0,0.0,0.0,0.0,100.0,100.0,100.0,1000.0,1000.0,1000.0,68.78797799145508,0,0,68.78797799145508,0.0,0.0,0,0
356812,62.0,61.5,20.5,0.0,0.0,0.0,40.0,1.0,1.0,1.0,0.0,0.0,0.0,0.0,0.0,0.0,100.0,100.0,100.0,1000.0,1000.0,1000.0,68.78797799145508,0,0,68.78797799145508,0.0,0.0,0,0
357012,62.0,61.5,20.5,0.0,0.0,0.0,40.0,1.0,1.0,1.0,0.0,0.0,0.0,0.0,0.0,0.0,100.0,100.0,100.0,1000.0,1000.0,1000.0,68.78797799145508,0,0,68.78797799145508,0.0,0.0,0,0
357212,62.0,61.5,20.5,0.0,0.0,0.0,40.0,1.0,1.0,1.0,0.0,0.0,0.0,0.0,0.0,0.0,100.0,100.0,100.0,1000.0,1000.0,1000.0,68.78797799145508,0,0,68.78797799145508,0.0,0.0,0,0
357412,62.0,61.5,20.5,0.0,0.0,0.0,40.0,1.0,1.0,1.0,0.0,0.0,0.0,0.0,0.0,0.0,100.0,100.0,100.0,1000.0,1000.0,1000.0,68.78797799145508,0,0,68.78797799145508,0.0,0.0,0,0
357612,62.0,61.5,20.5,0.0,0.0,0.0,40.0,1.0,1.0,1.0,0.0,0.0,0.0,0.0,0.0,0.0,100.0,100.0,100.0,1000.0,1000.0,1000.0,68.78797799145508,0,0,68.78797799145508,0.0,0.0,0,0
357812,62.0,61.5,20.5,0.0,0.0,0.0,40.0,1.0,1.0,1.0,0.0,0.0,0.0,0.0,0.0,0.0,100.0,100.0,100.0,1000.0,1000.0,1000.0,68.78797799145508,0,0,68.78797799145508,0.0,0.0,0,0
358012,62.0,61.5,20.5,0.0,0.0,0.0,40.0,1.0,1.0,1.0,0.0,0.0,0.0,0.0,0.0,0.0,100.0,100.0,100.0,1000.0,1000.0,1000.0,68.78797799145508,0,0,68.78797799145508,0.0,0.0,0,0
358212,62.0,61.5,20.5,0.0,0.0,0.0,40.0,1.0,1.0,1.0,0.0,0.0,0.0,0.0,0.0,0.0,100.0,100.0,100.0,1000.0,1000.0,1000.0,68.78797799145508,0,0,68.78797799145508,0.0,0.0,0,0
358412,62.0,61.5,20.5,0.0,0.0,0.0,40.0,1.0,1.0,1.0,0.0,0.0,0.0,0.0,0.0,0.0,100.0,100.0,100.0,1000.0,1000.0,1000.0,68.78797799145508,0,0,68.78797799145508,0.0,0.0,0,0
358612,62.0,61.5,20.5,0.0,0.0,0.0,40.0,1.0,1.0,1.0,0.0,0.0,0.0,0.0,0.0,0.0,100.0,100.0,100.0,1000.0,1000.0,1000.0,68.78797799145508,0,0,68.78797799145508,0.0,0.0,0,0
358812,62.0,61.5,20.5,0.0,0.0,0.0,40.0,1.0,1.0,1.0,0.0,0.0,0.0,0.0,0.0,0.0,100.0,100.0,100.0,1000.0,1000.0,1000.0,68.78797799145508,0,0,68.78797799145508,0.0,0.0,0,0
359012,62.0,62.0,20.5,0.0,0.0,0.0,40.0,1.0,1.0,1.0,0.0,0.0,0.0,0.0,0.0,0.0,100.0,100.0,100.0,1000.0,1000.0,1000.0,68.78797799145508,0,0,68.78797799145508,0.0,0.0,0,0
359212,62.0,62.0,20.5,0.0,0.0,0.0,40.0,1.0,1.0,1.0,0.0,0.0,0.0,0.0,0.0,0.0,100.0,100.0,100.0,1000.0,1000.0,1000.0,68.78797799145508,0,0,68.78797799145508,0.0,0.0,0,0
359412,62.0,62.0,20.5,0.0,0.0,0.0,40.0,1.0,1.0,1.0,0.0,0.0,0.0,0.0,0.0,0.0,100.0,100.0,100.0,1000.0,1000.0,1000.0,68.78797799145508,0,0,68.78797799145508,0.0,0.0,0,0
359612,62.0,62.0,20.5,0.0,0.0,0.0,40.0,1.0,1.0,1.0,0.0,0.0,0.0,0.0,0.0,0.0,100.0,100.0,100.0,1000.0,1000.0,1000.0,68.78797799145508,0,0,68.78797799145508,0.0,0.0,0,0
359812,62.0,62.0,20.5,0.0,0.0,0.0,40.0,1.0,1.0,1.0,0.0,0.0,0.0,0.0,0.0,0.0,100.0,100.0,100.0,1000.0,1000.0,1000.0,68.78797799145508,0,0,68.78797799145508,0.0,0.0,0,0
360012,62.0,62.0,20.5,0.0,0.0,0.0,40.0,1.0,1.0,1.0,0.0,0.0,0.0,0.0,0.0,0.0,100.0,100.0,100.0,1000.0,1000.0,1000.0,68.78797799145508,0,0,68.78797799145508,0.0,0.0,0,0
360212,62.0,62.0,20.5,0.0,0.0,0.0,40.0,1.0,1.0,1.0,0.0,0.0,0.0,0.0,0.0,0.0,100.0,100.0,100.0,1000.0,1000.0,1000.0,46.84556807046867,0,0,46.84556807046867,0.0,0.0,1,0
360412,62.0,62.0,20.5,0.0,0.0,0.0,40.0,1.0,1.0,1.0,0.0,0.0,0.0,0.0,0.0,0.0,100.0,100.0,100.0,1000.0,1000.0,1000.0,46.84556807046867,0,0,46.84556807046867,0.0,0.0,0,0
360612,62.0,62.0,20.5,0.0,0.0,0.0,40.0,1.0,1.0,1.0,0.0,0.0,0.0,0.0,0.0,0.0,100.0,100.0,100.0,1000.0,1000.0,1000.0,46.84556807046867,0,0,46.84556807046867,0.0,0.0,0,0
360812,62.0,62.0,20.5,0.0,0.0,0.0,40.0,1.0,1.0,1.0,0.0,0.0,0.0,0.0,0.0,0.0,100.0,100.0,100.0,1000.0,1000.0,1000.0,46.84556807046867,0,0,46.84556807046867,0.0,0.0,0,0
361012,62.0,62.0,20.5,0.0,0.0,0.0,40.0,1.0,1.0,1.0,0.0,0.0,0.0,0.0,0.0,0.0,100.0,100.0,100.0,1000.0,1000.0,1000.0,46.84556807046867,0,0,46.84556807046867,0.0,0.0,0,0
361212,62.0,62.0,20.5,0.0,0.0,0.0,40.0,1.0,1.0,1.0,0.0,0.0,0.0,0.0,0.0,0.0,100.0,100.0,100.0,1000.0,1000.0,1000.0,46.84556807046867,0,0,46.84556807046867,0.0,0.0,0,0
361412,62.0,62.0,20.5,0.0,0.0,0.0,40.0,1.0,1.0,1.0,0.0,0.0,0.0,0.0,0.0,0.0,100.0,100.0,100.0,1000.0,1000.0,1000.0,46.84556807046867,0,0,46.84556807046867,0.0,0.0,0,0
361612,62.0,62.0,20.5,0.0,0.0,0.0,40.0,1.0,1.0,1.0,0.0,0.0,0.0,0.0,0.0,0.0,100.0,100.0,100.0,1000.0,1000.0,1000.0,46.84556807046867,0,0,46.84556807046867,0.0,0.0,0,0
361812,62.5,62.0,20.5,0.0,0.0,0.0,40.0,1.0,1.0,1.0,0.0,0.0,0.0,0.0,0.0,0.0,100.0,100.0,100.0,1000.0,1000.0,1000.0,46.84556807046867,0,0,46.84556807046867,0.0,0.0,0,0
362012,62.5,62.0,20.5,0.0,0.0,0.0,40.0,1.0,1.0,1.0,0.0,0.0,0.0,0.0,0.0,0.0,100.0,100.0,100.0,1000.0,1000.0,1000.0,46.84556807046867,0,0,46.84556807046867,0.0,0.0,0,0
362212,62.5,62.0,20.5,0.0,0.0,0.0,40.0,1.0,1.0,1.0,0.0,0.0,0.0,0.0,0.0,0.0,100.0,100.0,100.0,1000.0,1000.0,1000.0,46.84556807046867,0,0,46.84556807046867,0.0,0.0,0,0
362412,62.5,62.0,20.5,0.0,0.0,0.0,40.0,1.0,1.0,1.0,0.0,0.0,0.0,0.0,0.0,0.0,100.0,100.0,100.0,1000.0,1000.0,1000.0,46.84556807046867,0,0,46.84556807046867,0.0,0.0,0,0
362612,62.5,62.0,20.5,0.0,0.0,0.0,40.0,1.0,1.0,1.0,0.0,0.0,0.0,0.0,0.0,0.0,100.0,100.0,100.0,1000.0,1000.0,1000.0,46.84556807046867,0,0,46.84556807046867,0.0,0.0,0,0
362812,62.5,62.0,20.5,0.0,0.0,0.0,40.0,1.0,1.0,1.0,0.0,0.0,0.0,0.0,0.0,0.0,100.0,100.0,100.0,1000.0,1000.0,1000.0,46.84556807046867,0,0,46.84556807046867,0.0,0.0,0,0
363012,62.5,62.0,20.5,0.0,0.0,0.0,40.0,1.0,1.0,1.0,0.0,0.0,0.0,0.0,0.0,0.0,100.0,100.0,100.0,1000.0,1000.0,1000.0,46.84556807046867,0,0,46.84556807046867,0.0,0.0,0,0
363212,62.5,62.0,20.5,0.0,0.0,0.0,40.0,1.0,1.0,1.0,0.0,0.0,0.0,0.0,0.0,0.0,100.0,100.0,100.0,1000.0,1000.0,1000.0,46.84556807046867,0,0,46.84556807046867,0.0,0.0,0,0
363412,62.5,62.0,20.5,0.0,0.0,0.0,40.0,1.0,1.0,1.0,0.0,0.0,0.0,0.0,0.0,0.0,100.0,100.0,100.0,1000.0,1000.0,1000.0,46.84556807046867,0,0,46.84556807046867,0.0,0.0,0,0
363612,62.5,62.5,20.5,0.0,0.0,0.0,40.0,1.0,1.0,1.0,0.0,0.0,0.0,0.0,0.0,0.0,100.0,100.0,100.0,1000.0,1000.0,1000.0,46.84556807046867,0,0,46.84556807046867,0.0,0.0,0,0
363812,62.5,62.5,20.5,0.0,0.0,0.0,40.0,1.0,1.0,1.0,0.0,0.0,0.0,0.0,0.0,0.0,100.0,100.0,100.0,1000.0,1000.0,1000.0,46.84556807046867,0,0,46.84556807046867,0.0,0.0,0,0
364012,62.5,62.5,20.5,0.0,0.0,0.0,40.0,1.0,1.0,1.0,0.0,0.0,0.0,0.0,0.0,0.0,100.0,100.0,100.0,1000.0,1000.0,1000.0,46.84556807046867,0,0,46.84556807046867,0.0,0.0,0,0
364212,62.5,62.5,20.5,0.0,0.0,0.0,40.0,1.0,1.0,1.0,0.0,0.0,0.0,0.0,0.0,0.0,100.0,100.0,100.0,1000.0,1000.0,1000.0,46.84556807046867,0,0,46.84556807046867,0.0,0.0,0,0
364412,62.5,62.5,20.5,0.0,0.0,0.0,40.0,1.0,1.0,1.0,0.0,0.0,0.0,0.0,0.0,0.0,100.0,100.0,100.0,1000.0,1000.0,1000.0,46.84556807046867,0,0,46.84556807046867,0.0,0.0,0,0
364612,62.5,62.5,20.5,0.0,0.0,0.0,40.0,1.0,1.0,1.0,0.0,0.0,0.0,0.0,0.0,0.0,100.0,100.0,100.0,1000.0,1000.0,1000.0,46.84556807046867,0,0,46.84556807046867,0.0,0.0,0,0
364812,62.5,62.5,20.5,0.0,0.0,0.0,40.0,1.0,1.0,1.0,0.0,0.0,0.0,0.0,0.0,0.0,100.0,100.0,100.0,1000.0,1000.0,1000.0,46.84556807046867,0,0,46.84556807046867,0.0,0.0,0,0
365012,62.5,62.5,20.5,0.0,0.0,0.0,40.0,1.0,1.0,1.0,0.0,0.0,0.0,0.0,0.0,0.0,100.0,100.0,100.0,1000.0,1000.0,1000.0,46.84556807046867,0,0,46.84556807046867,0.0,0.0,0,0
365212,62.5,62.5,20.5,0.0,0.0,0.0,40.0,1.0,1.0,1.0,0.0,0.0,0.0,0.0,0.0,0.0,100.0,100.0,100.0,1000.0,1000.0,1000.0,46.84556807046867,0,0,46.84556807046867,0.0,0.0,0,0
365412,62.5,62.5,20.5,0.0,0.0,0.0,40.0,1.0,1.0,1.0,0.0,0.0,0.0,0.0,0.0,0.0,100.0,100.0,100.0,1000.0,1000.0,1000.0,46.84556807046867,0,0,46.84556807046867,0.0,0.0,0,0
365612,62.5,62.5,20.5,0.0,0.0,0.0,40.0,1.0,1.0,1.0,0.0,0.0,0.0,0.0,0.0,0.0,100.0,100.0,100.0,1000.0,1000.0,1000.0,46.84556807046867,0,0,46.84556807046867,0.0,0.0,0,0
365812,62.5,62.5,20.5,0.0,0.0,0.0,40.0,1.0,1.0,1.0,0.0,0.0,0.0,0.0,0.0,0.0,100.0,100.0,100.0,1000.0,1000.0,1000.0,46.84556807046867,0,0,46.84556807046867,0.0,0.0,0,0
366012,62.5,62.5,20.5,0.0,0.0,0.0,40.0,1.0,1.0,1.0,0.0,0.0,0.0,0.0,0.0,0.0,100.0,100.0,100.0,1000.0,1000.0,1000.0,46.84556807046867,0,0,46.84556807046867,0.0,0.0,0,0
366212,62.5,62.5,20.5,0.0,0.0,0.0,40.0,1.0,1.0,1.0,0.0,0.0,0.0,0.0,0.0,0.0,100.0,100.0,100.0,1000.0,1000.0,1000.0,46.84556807046867,0,0,46.84556807046867,0.0,0.0,0,0
366412,62.5,62.5,20.5,0.0,0.0,0.0,40.0,1.0,1.0,1.0,0.0,0.0,0.0,0.0,0.0,0.0,100.0,100.0,100.0,1000.0,1000.0,1000.0,46.84556807046867,0,0,46.84556807046867,0.0,0.0,0,0
366612,62.5,62.5,20.5,0.0,0.0,0.0,40.0,1.0,1.0,1.0,0.0,0.0,0.0,0.0,0.0,0.0,100.0,100.0,100.0,1000.0,1000.0,1000.0,46.84556807046867,0,0,46.84556807046867,0.0,0.0,0,0
366812,62.5,62.5,20.5,0.0,0.0,0.0,40.0,1.0,1.0,1.0,0.0,0.0,0.0,0.0,0.0,0.0,100.0,100.0,100.0,1000.0,1000.0,1000.0,46.84556807046867,0,0,46.84556807046867,0.0,0.0,0,0
367012,62.5,62.5,20.5,0.0,0.0,0.0,40.0,1.0,1.0,1.0,0.0,0.0,0.0,0.0,0.0,0.0,100.0,100.0,100.0,1000.0,1000.0,1000.0,46.84556807046867,0,0,46.84556807046867,0.0,0.0,0,0
367212,62.5,62.5,20.5,0.0,0.0,0.0,40.0,1.0,1.0,1.0,0.0,0.0,0.0,0.0,0.0,0.0,100.0,100.0,100.0,1000.0,1000.0,1000.0,46.84556807046867,0,0,46.84556807046867,0.0,0.0,0,0
367412,62.5,62.5,20.5,0.0,0.0,0.0,40.0,1.0,1.0,1.0,0.0,0.0,0.0,0.0,0.0,0.0,100.0,100.0,100.0,1000.0,1000.0,1000.0,46.84556807046867,0,0,46.84556807046867,0.0,0.0,0,0
367612,62.5,62.5,20.5,0.0,0.0,0.0,40.0,1.0,1.0,1.0,0.0,0.0,0.0,0.0,0.0,0.0,100.0,100.0,100.0,1000.0,1000.0,1000.0,46.84556807046867,0,0,46.84556807046867,0.0,0.0,0,0
367812,62.5,62.5,20.5,0.0,0.0,0.0,40.0,1.0,1.0,1.0,0.0,0.0,0.0,0.0,0.0,0.0,100.0,100.0,100.0,1000.0,1000.0,1000.0,46.84556807046867,0,0,46.84556807046867,0.0,0.0,0,0
368012,62.5,62.5,20.5,0.0,0.0,0.0,40.0,1.0,1.0,1.0,0.0,0.0,0.0,0.0,0.0,0.0,100.0,100.0,100.0,1000.0,1000.0,1000.0,46.84556807046867,0,0,46.84556807046867,0.0,0.0,0,0
368212,62.5,62.5,20.5,0.0,0.0,0.0,40.0,1.0,1.0,1.0,0.0,0.0,0.0,0.0,0.0,0.0,100.0,100.0,100.0,1000.0,1000.0,1000.0,46.84556807046867,0,0,46.84556807046867,0.0,0.0,0,0
368412,62.5,62.5,20.5,0.0,0.0,0.0,40.0,1.0,1.0,1.0,0.0,0.0,0.0,0.0,0.0,0.0,100.0,100.0,100.0,1000.0,1000.0,1000.0,46.84556807046867,0,0,46.84556807046867,0.0,0.0,0,0
368612,62.5,62.5,20.5,0.0,0.0,0.0,40.0,1.0,1.0,1.0,0.0,0.0,0.0,0.0,0.0,0.0,100.0,100.0,100.0,1000.0,1000.0,1000.0,46.84556807046867,0,0,46.84556807046867,0.0,0.0,0,0
368812,62.5,62.5,20.5,0.0,0.0,0.0,40.0,1.0,1.0,1.0,0.0,0.0,0.0,0.0,0.0,0.0,100.0,100.0,100.0,1000.0,1000.0,1000.0,46.84556807046867,0,0,46.84556807046867,0.0,0.0,0,0
369012,62.5,63.0,20.5,0.0,0.0,0.0,40.0,1.0,1.0,1.0,0.0,0.0,0.0,0.0,0.0,0.0,100.0,100.0,100.0,1000.0,1000.0,1000.0,46.84556807046867,0,0,46.84556807046867,0.0,0.0,0,0
369212,62.5,63.0,20.5,0.0,0.0,0.0,40.0,1.0,1.0,1.0,0.0,0.0,0.0,0.0,0.0,0.0,100.0,100.0,100.0,1000.0,1000.0,1000.0,46.84556807046867,0,0,46.84556807046867,0.0,0.0,0,0
369412,62.5,63.0,20.5,0.0,0.0,0.0,40.0,1.0,1.0,1.0,0.0,0.0,0.0,0.0,0.0,0.0,100.0,100.0,100.0,1000.0,1000.0,1000.0,46.84556807046867,0,0,46.84556807046867,0.0,0.0,0,0
369612,62.5,63.0,20.5,0.0,0.0,0.0,40.0,1.0,1.0,1.0,0.0,0.0,0.0,0.0,0.0,0.0,100.0,100.0,100.0,1000.0,1000.0,1000.0,46.84556807046867,0,0,46.84556807046867,0.0,0.0,0,0
369812,62.5,63.0,20.5,0.0,0.0,0.0,40.0,1.0,1.0,1.0,0.0,0.0,0.0,0.0,0.0,0.0,100.0,100.0,100.0,1000.0,1000.0,1000.0,46.84556807046867,0,0,46.84556807046867,0.0,0.0,0,0
370012,62.5,63.0,20.5,0.0,0.0,0.0,40.0,1.0,1.0,1.0,0.0,0.0,0.0,0.0,0.0,0.0,100.0,100.0,100.0,1000.0,1000.0,1000.0,46.84556807046867,0,0,46.84556807046867,0.0,0.0,0,0
370212,62.5,63.0,20.5,0.0,0.0,0.0,40.0,1.0,1.0,1.0,0.0,0.0,0.0,0.0,0.0,0.0,100.0,100.0,100.0,1000.0,1000.0,1000.0,46.84556807046867,0,0,46.84556807046867,0.0,0.0,0,0
370412,62.5,63.0,20.5,0.0,0.0,0.0,40.0,1.0,1.0,1.0,0.0,0.0,0.0,0.0,0.0,0.0,100.0,100.0,100.0,1000.0,1000.0,1000.0,46.84556807046867,0,0,46.84556807046867,0.0,0.0,0,0
370612,62.5,63.0,20.5,0.0,0.0,0.0,40.0,1.0,1.0,1.0,0.0,0.0,0.0,0.0,0.0,0.0,100.0,100.0,100.0,1000.0,1000.0,1000.0,46.84556807046867,0,0,46.84556807046867,0.0,0.0,0,0
370812,62.5,63.0,20.5,0.0,0.0,0.0,40.0,1.0,1.0,1.0,0.0,0.0,0.0,0.0,0.0,0.0,100.0,100.0,100.0,1000.0,1000.0,1000.0,46.84556807046867,0,0,46.84556807046867,0.0,0.0,0,0
371012,62.5,63.0,20.5,0.0,0.0,0.0,40.0,1.0,1.0,1.0,0.0,0.0,0.0,0.0,0.0,0.0,100.0,100.0,100.0,1000.0,1000.0,1000.0,46.84556807046867,0,0,46.84556807046867,0.0,0.0,0,0
371212,62.5,63.0,20.5,0.0,0.0,0.0,40.0,1.0,1.0,1.0,0.0,0.0,0.0,0.0,0.0,0.0,100.0,100.0,100.0,1000.0,1000.0,1000.0,46.84556807046867,0,0,46.84556807046867,0.0,0.0,0,0
371412,62.5,63.0,20.5,0.0,0.0,0.0,40.0,1.0,1.0,1.0,0.0,0.0,0.0,0.0,0.0,0.0,100.0,100.0,100.0,1000.0,1000.0,1000.0,46.84556807046867,0,0,46.84556807046867,0.0,0.0,0,0
371612,62.5,63.0,20.5,0.0,0.0,0.0,40.0,1.0,1.0,1.0,0.0,0.0,0.0,0.0,0.0,0.0,100.0,100.0,100.0,1000.0,1000.0,1000.0,46.84556807046867,0,0,46.84556807046867,0.0,0.0,0,0
371812,62.5,63.0,20.5,0.0,0.0,0.0,40.0,1.0,1.0,1.0,0.0,0.0,0.0,0.0,0.0,0.0,100.0,100.0,100.0,1000.0,1000.0,1000.0,46.84556807046867,0,0,46.84556807046867,0.0,0.0,0,0
372012,62.5,63.0,20.5,0.0,0.0,0.0,40.0,1.0,1.0,1.0,0.0,0.0,0.0,0.0,0.0,0.0,100.0,100.0,100.0,1000.0,1000.0,1000.0,46.84556807046867,0,0,46.84556807046867,0.0,0.0,0,0
372212,62.5,63.0,20.5,0.0,0.0,0.0,40.0,1.0,1.0,1.0,0.0,0.0,0.0,0.0,0.0,0.0,100.0,100.0,100.0,1000.0,1000.0,1000.0,46.84556807046867,0,0,46.84556807046867,0.0,0.0,0,0
372412,62.5,63.0,20.5,0.0,0.0,0.0,40.0,1.0,1.0,1.0,0.0,0.0,0.0,0.0,0.0,0.0,100.0,100.0,100.0,1000.0,1000.0,1000.0,46.84556807046867,0,0,46.84556807046867,0.0,0.0,0,0
372612,62.5,63.0,20.5,0.0,0.0,0.0,40.0,1.0,1.0,1.0,0.0,0.0,0.0,0.0,0.0,0.0,100.0,100.0,100.0,1000.0,1000.0,1000.0,46.84556807046867,0,0,46.84556807046867,0.0,0.0,0,0
372812,62.5,63.0,20.5,0.0,0.0,0.0,40.0,1.0,1.0,1.0,0.0,0.0,0.0,0.0,0.0,0.0,100.0,100.0,100.0,1000.0,1000.0,1000.0,46.84556807046867,0,0,46.84556807046867,0.0,0.0,0,0
373012,62.5,63.0,20.5,0.0,0.0,0.0,40.0,1.0,1.0,1.0,0.0,0.0,0.0,0.0,0.0,0.0,100.0,100.0,100.0,1000.0,1000.0,1000.0,46.84556807046867,0,0,46.84556807046867,0.0,0.0,0,0
373212,62.5,63.0,20.5,0.0,0.0,0.0,40.0,1.0,1.0,1.0,0.0,0.0,0.0,0.0,0.0,0.0,100.0,100.0,100.0,1000.0,1000.0,1000.0,46.84556807046867,0,0,46.84556807046867,0.0,0.0,0,0
373412,62.5,63.0,20.5,0.0,0.0,0.0,40.0,1.0,1.0,1.0,0.0,0.0,0.0,0.0,0.0,0.0,100.0,100.0,100.0,1000.0,1000.0,1000.0,46.84556807046867,0,0,46.84556807046867,0.0,0.0,0,0
373612,62.5,63.0,20.5,0.0,0.0,0.0,40.0,1.0,1.0,1.0,0.0,0.0,0.0,0.0,0.0,0.0,100.0,100.0,100.0,1000.0,1000.0,1000.0,46.84556807046867,0,0,46.84556807046867,0.0,0.0,0,0
373812,62.5,63.0,20.5,0.0,0.0,0.0,40.0,1.0,1.0,1.0,0.0,0.0,0.0,0.0,0.0,0.0,100.0,100.0,100.0,1000.0,1000.0,1000.0,46.84556807046867,0,0,46.84556807046867,0.0,0.0,0,0
374012,62.5,63.0,20.5,0.0,0.0,0.0,40.0,1.0,1.0,1.0,0.0,0.0,0.0,0.0,0.0,0.0,100.0,100.0,100.0,1000.0,1000.0,1000.0,46.84556807046867,0,0,46.84556807046867,0.0,0.0,0,0
374212,62.5,63.0,20.5,0.0,0.0,0.0,40.0,1.0,1.0,1.0,0.0,0.0,0.0,0.0,0.0,0.0,100.0,100.0,100.0,1000.0,1000.0,1000.0,46.84556807046867,0,0,46.84556807046867,0.0,0.0,0,0
374412,62.5,63.0,20.5,0.0,0.0,0.0,40.0,1.0,1.0,1.0,0.0,0.0,0.0,0.0,0.0,0.0,100.0,100.0,100.0,1000.0,1000.0,1000.0,46.84556807046867,0,0,46.84556807046867,0.0,0.0,0,0
374612,62.5,63.0,20.5,0.0,0.0,0.0,40.0,1.0,1.0,1.0,0.0,0.0,0.0,0.0,0.0,0.0,100.0,100.0,100.0,1000.0,1000.0,1000.0,46.84556807046867,0,0,46.84556807046867,0.0,0.0,0,0
374812,62.5,63.0,20.5,0.0,0.0,0.0,40.0,1.0,1.0,1.0,0.0,0.0,0.0,0.0,0.0,0.0,100.0,100.0,100.0,1000.0,1000.0,1000.0,46.84556807046867,0,0,46.84556807046867,0.0,0.0,0,0
375012,62.5,63.0,20.5,0.0,0.0,0.0,40.0,1.0,1.0,1.0,0.0,0.0,0.0,0.0,0.0,0.0,100.0,100.0,100.0,1000.0,1000.0,1000.0,46.84556807046867,0,0,46.84556807046867,0.0,0.0,0,0
375212,62.5,63.0,20.5,0.0,0.0,0.0,40.0,1.0,1.0,1.0,0.0,0.0,0.0,0.0,0.0,0.0,100.0,100.0,100.0,1000.0,1000.0,1000.0,40.54437043055391,0,0,40.54437043055391,0.0,0.0,1,0
375412,62.5,63.0,20.5,0.0,0.0,0.0,40.0,1.0,1.0,1.0,0.0,0.0,0.0,0.0,0.0,0.0,100.0,100.0,100.0,1000.0,1000.0,1000.0,40.54437043055391,0,0,40.54437043055391,0.0,0.0,0,0
375612,62.5,63.0,20.5,0.0,0.0,0.0,40.0,1.0,1.0,1.0,0.0,0.0,0.0,0.0,0.0,0.0,100.0,100.0,100.0,1000.0,1000.0,1000.0,40.54437043055391,0,0,40.54437043055391,0.0,0.0,0,0
375812,62.5,63.0,20.5,0.0,0.0,0.0,40.0,1.0,1.0,1.0,0.0,0.0,0.0,0.0,0.0,0.0,100.0,100.0,100.0,1000.0,1000.0,1000.0,40.54437043055391,0,0,40.54437043055391,0.0,0.0,0,0
376012,62.5,63.0,20.5,0.0,0.0,0.0,40.0,1.0,1.0,1.0,0.0,0.0,0.0,0.0,0.0,0.0,100.0,100.0,100.0,1000.0,1000.0,1000.0,40.54437043055391,0,0,40.54437043055391,0.0,0.0,0,0
376212,62.5,63.0,20.5,0.0,0.0,0.0,40.0,1.0,1.0,1.0,0.0,0.0,0.0,0.0,0.0,0.0,100.0,100.0,100.0,1000.0,1000.0,1000.0,40.54437043055391,0,0,40.54437043055391,0.0,0.0,0,0
376412,62.5,63.0,20.5,0.0,0.0,0.0,40.0,1.0,1.0,1.0,0.0,0.0,0.0,0.0,0.0,0.0,100.0,100.0,100.0,1000.0,1000.0,1000.0,40.54437043055391,0,0,40.54437043055391,0.0,0.0,0,0
376612,62.5,63.0,20.5,0.0,0.0,0.0,40.0,1.0,1.0,1.0,0.0,0.0,0.0,0.0,0.0,0.0,100.0,100.0,100.0,1000.0,1000.0,1000.0,40.54437043055391,0,0,40.54437043055391,0.0,0.0,0,0
376812,62.5,63.0,20.5,0.0,0.0,0.0,40.0,1.0,1.0,1.0,0.0,0.0,0.0,0.0,0.0,0.0,100.0,100.0,100.0,1000.0,1000.0,1000.0,40.54437043055391,0,0,40.54437043055391,0.0,0.0,0,0
377012,62.5,63.0,20.5,0.0,0.0,0.0,40.0,1.0,1.0,1.0,0.0,0.0,0.0,0.0,0.0,0.0,100.0,100.0,100.0,1000.0,1000.0,1000.0,40.54437043055391,0,0,40.54437043055391,0.0,0.0,0,0
377212,62.5,63.0,20.5,0.0,0.0,0.0,40.0,1.0,1.0,1.0,0.0,0.0,0.0,0.0,0.0,0.0,100.0,100.0,100.0,1000.0,1000.0,1000.0,40.54437043055391,0,0,40.54437043055391,0.0,0.0,0,0
377412,62.5,63.0,20.5,0.0,0.0,0.0,40.0,1.0,1.0,1.0,0.0,0.0,0.0,0.0,0.0,0.0,100.0,100.0,100.0,1000.0,1000.0,1000.0,40.54437043055391,0,0,40.54437043055391,0.0,0.0,0,0
377612,62.5,63.0,20.5,0.0,0.0,0.0,40.0,1.0,1.0,1.0,0.0,0.0,0.0,0.0,0.0,0.0,100.0,100.0,100.0,1000.0,1000.0,1000.0,40.54437043055391,0,0,40.54437043055391,0.0,0.0,0,0
377812,62.5,63.0,20.5,0.0,0.0,0.0,40.0,1.0,1.0,1.0,0.0,0.0,0.0,0.0,0.0,0.0,100.0,100.0,100.0,1000.0,1000.0,1000.0,40.54437043055391,0,0,40.54437043055391,0.0,0.0,0,0
378012,62.5,63.0,20.5,0.0,0.0,0.0,40.0,1.0,1.0,1.0,0.0,0.0,0.0,0.0,0.0,0.0,100.0,100.0,100.0,1000.0,1000.0,1000.0,40.54437043055391,0,0,40.54437043055391,0.0,0.0,0,0
378212,62.5,63.0,20.5,0.0,0.0,0.0,40.0,1.0,1.0,1.0,0.0,0.0,0.0,0.0,0.0,0.0,100.0,100.0,100.0,1000.0,1000.0,1000.0,40.54437043055391,0,0,40.54437043055391,0.0,0.0,0,0
378412,62.5,63.0,20.5,0.0,0.0,0.0,40.0,1.0,1.0,1.0,0.0,0.0,0.0,0.0,0.0,0.0,100.0,100.0,100.0,1000.0,1000.0,1000.0,40.54437043055391,0,0,40.54437043055391,0.0,0.0,0,0
378612,62.5,63.0,20.5,0.0,0.0,0.0,40.0,1.0,1.0,1.0,0.0,0.0,0.0,0.0,0.0,0.0,100.0,100.0,100.0,1000.0,1000.0,1000.0,40.54437043055391,0,0,40.54437043055391,0.0,0.0,0,0
378812,62.5,63.0,20.5,0.0,0.0,0.0,40.0,1.0,1.0,1.0,0.0,0.0,0.0,0.0,0.0,0.0,100.0,100.0,100.0,1000.0,1000.0,1000.0,40.54437043055391,0,0,40.54437043055391,0.0,0.0,0,0
379012,62.5,63.0,20.5,0.0,0.0,0.0,40.0,1.0,1.0,1.0,0.0,0.0,0.0,0.0,0.0,0.0,100.0,100.0,100.0,1000.0,1000.0,1000.0,40.54437043055391,0,0,40.54437043055391,0.0,0.0,0,0
379212,62.5,63.0,20.5,0.0,0.0,0.0,40.0,1.0,1.0,1.0,0.0,0.0,0.0,0.0,0.0,0.0,100.0,100.0,100.0,1000.0,1000.0,1000.0,40.54437043055391,0,0,40.54437043055391,0.0,0.0,0,0
379412,62.5,63.0,20.5,0.0,0.0,0.0,40.0,1.0,1.0,1.0,0.0,0.0,0.0,0.0,0.0,0.0,100.0,100.0,100.0,1000.0,1000.0,1000.0,40.54437043055391,0,0,40.54437043055391,0.0,0.0,0,0
379612,62.5,63.0,20.5,0.0,0.0,0.0,40.0,1.0,1.0,1.0,0.0,0.0,0.0,0.0,0.0,0.0,100.0,100.0,100.0,1000.0,1000.0,1000.0,40.54437043055391,0,0,40.54437043055391,0.0,0.0,0,0
379812,62.5,63.0,20.5,0.0,0.0,0.0,40.0,1.0,1.0,1.0,0.0,0.0,0.0,0.0,0.0,0.0,100.0,100.0,100.0,1000.0,1000.0,1000.0,40.54437043055391,0,0,40.54437043055391,0.0,0.0,0,0
380012,62.5,63.0,20.5,0.0,0.0,0.0,40.0,1.0,1.0,1.0,0.0,0.0,0.0,0.0,0.0,0.0,100.0,100.0,100.0,1000.0,1000.0,1000.0,40.54437043055391,0,0,40.54437043055391,0.0,0.0,0,0
380212,62.5,63.0,20.5,0.0,0.0,0.0,40.0,1.0,1.0,1.0,0.0,0.0,0.0,0.0,0.0,0.0,100.0,100.0,100.0,1000.0,1000.0,1000.0,40.54437043055391,0,0,40.54437043055391,0.0,0.0,0,0
380412,62.5,63.0,20.5,0.0,0.0,0.0,40.0,1.0,1.0,1.0,0.0,0.0,0.0,0.0,0.0,0.0,100.0,100.0,100.0,1000.0,1000.0,1000.0,40.54437043055391,0,0,40.54437043055391,0.0,0.0,0,0
380612,62.5,63.0,20.5,0.0,0.0,0.0,40.0,1.0,1.0,1.0,0.0,0.0,0.0,0.0,0.0,0.0,100.0,100.0,100.0,1000.0,1000.0,1000.0,40.54437043055391,0,0,40.54437043055391,0.0,0.0,0,0
380812,62.5,63.0,20.5,0.0,0.0,0.0,40.0,1.0,1.0,1.0,0.0,0.0,0.0,0.0,0.0,0.0,100.0,100.0,100.0,1000.0,1000.0,1000.0,40.54437043055391,0,0,40.54437043055391,0.0,0.0,0,0
381012,62.5,63.0,20.5,0.0,0.0,0.0,40.0,1.0,1.0,1.0,0.0,0.0,0.0,0.0,0.0,0.0,100.0,100.0,100.0,1000.0,1000.0,1000.0,40.54437043055391,0,0,40.54437043055391,0.0,0.0,0,0
381212,62.5,63.0,20.5,0.0,0.0,0.0,40.0,1.0,1.0,1.0,0.0,0.0,0.0,0.0,0.0,0.0,100.0,100.0,100.0,1000.0,1000.0,1000.0,40.54437043055391,0,0,40.54437043055391,0.0,0.0,0,0
381412,62.5,63.0,20.5,0.0,0.0,0.0,40.0,1.0,1.0,1.0,0.0,0.0,0.0,0.0,0.0,0.0,100.0,100.0,100.0,1000.0,1000.0,1000.0,40.54437043055391,0,0,40.54437043055391,0.0,0.0,0,0
381612,62.5,63.0,20.5,0.0,0.0,0.0,40.0,1.0,1.0,1.0,0.0,0.0,0.0,0.0,0.0,0.0,100.0,100.0,100.0,1000.0,1000.0,1000.0,40.54437043055391,0,0,40.54437043055391,0.0,0.0,0,0
381812,62.5,63.0,20.5,0.0,0.0,0.0,40.0,1.0,1.0,1.0,0.0,0.0,0.0,0.0,0.0,0.0,100.0,100.0,100.0,1000.0,1000.0,1000.0,40.54437043055391,0,0,40.54437043055391,0.0,0.0,0,0
382012,62.5,63.0,20.5,0.0,0.0,0.0,40.0,1.0,1.0,1.0,0.0,0.0,0.0,0.0,0.0,0.0,100.0,100.0,100.0,1000.0,1000.0,1000.0,40.54437043055391,0,0,40.54437043055391,0.0,0.0,0,0
382212,62.5,63.0,20.5,0.0,0.0,0.0,40.0,1.0,1.0,1.0,0.0,0.0,0.0,0.0,0.0,0.0,100.0,100.0,100.0,1000.0,1000.0,1000.0,40.54437043055391,0,0,40.54437043055391,0.0,0.0,0,0
382412,62.5,63.0,20.5,0.0,0.0,0.0,40.0,1.0,1.0,1.0,0.0,0.0,0.0,0.0,0.0,0.0,100.0,100.0,100.0,1000.0,1000.0,1000.0,40.54437043055391,0,0,40.54437043055391,0.0,0.0,0,0
382612,62.5,63.0,20.5,0.0,0.0,0.0,40.0,1.0,1.0,1.0,0.0,0.0,0.0,0.0,0.0,0.0,100.0,100.0,100.0,1000.0,1000.0,1000.0,40.54437043055391,0,0,40.54437043055391,0.0,0.0,0,0
382812,62.5,63.0,20.5,0.0,0.0,0.0,40.0,1.0,1.0,1.0,0.0,0.0,0.0,0.0,0.0,0.0,100.0,100.0,100.0,1000.0,1000.0,1000.0,40.54437043055391,0,0,40.54437043055391,0.0,0.0,0,0
383012,62.5,63.0,20.5,0.0,0.0,0.0,40.0,1.0,1.0,1.0,0.0,0.0,0.0,0.0,0.0,0.0,100.0,100.0,100.0,1000.0,1000.0,1000.0,40.54437043055391,0,0,40.54437043055391,0.0,0.0,0,0
383212,62.5,63.0,20.5,0.0,0.0,0.0,40.0,1.0,1.0,1.0,0.0,0.0,0.0,0.0,0.0,0.0,100.0,100.0,100.0,1000.0,1000.0,1000.0,40.54437043055391,0,0,40.54437043055391,0.0,0.0,0,0
383412,62.5,63.0,20.5,0.0,0.0,0.0,40.0,1.0,1.0,1.0,0.0,0.0,0.0,0.0,0.0,0.0,100.0,100.0,100.0,1000.0,1000.0,1000.0,40.54437043055391,0,0,40.54437043055391,0.0,0.0,0,0
383612,62.5,63.0,20.5,0.0,0.0,0.0,40.0,1.0,1.0,1.0,0.0,0.0,0.0,0.0,0.0,0.0,100.0,100.0,100.0,1000.0,1000.0,1000.0,40.54437043055391,0,0,40.54437043055391,0.0,0.0,0,0
383812,62.5,63.0,20.5,0.0,0.0,0.0,40.0,1.0,1.0,1.0,0.0,0.0,0.0,0.0,0.0,0.0,100.0,100.0,100.0,1000.0,1000.0,1000.0,40.54437043055391,0,0,40.54437043055391,0.0,0.0,0,0
384012,62.5,63.0,20.5,0.0,0.0,0.0,40.0,1.0,1.0,1.0,0.0,0.0,0.0,0.0,0.0,0.0,100.0,100.0,100.0,1000.0,1000.0,1000.0,40.54437043055391,0,0,40.54437043055391,0.0,0.0,0,0
384212,62.5,63.0,20.5,0.0,0.0,0.0,40.0,1.0,1.0,1.0,0.0,0.0,0.0,0.0,0.0,0.0,100.0,100.0,100.0,1000.0,1000.0,1000.0,40.54437043055391,0,0,40.54437043055391,0.0,0.0,0,0
384412,62.5,63.0,20.5,0.0,0.0,0.0,40.0,1.0,1.0,1.0,0.0,0.0,0.0,0.0,0.0,0.0,100.0,100.0,100.0,1000.0,1000.0,1000.0,40.54437043055391,0,0,40.54437043055391,0.0,0.0,0,0
384612,62.5,63.0,20.5,0.0,0.0,0.0,40.0,1.0,1.0,1.0,0.0,0.0,0.0,0.0,0.0,0.0,100.0,100.0,100.0,1000.0,1000.0,1000.0,40.54437043055391,0,0,40.54437043055391,0.0,0.0,0,0
384812,62.5,63.0,20.5,0.0,0.0,0.0,40.0,1.0,1.0,1.0,0.0,0.0,0.0,0.0,0.0,0.0,100.0,100.0,100.0,1000.0,1000.0,1000.0,40.54437043055391,0,0,40.54437043055391,0.0,0.0,0,0
385012,62.5,63.0,20.5,0.0,0.0,0.0,40.0,1.0,1.0,1.0,0.0,0.0,0.0,0.0,0.0,0.0,100.0,100.0,100.0,1000.0,1000.0,1000.0,40.54437043055391,0,0,40.54437043055391,0.0,0.0,0,0
385212,62.5,63.0,20.5,0.0,0.0,0.0,40.0,1.0,1.0,1.0,0.0,0.0,0.0,0.0,0.0,0.0,100.0,100.0,100.0,1000.0,1000.0,1000.0,40.54437043055391,0,0,40.54437043055391,0.0,0.0,0,0
385412,62.5,63.0,20.5,0.0,0.0,0.0,40.0,1.0,1.0,1.0,0.0,0.0,0.0,0.0,0.0,0.0,100.0,100.0,100.0,1000.0,1000.0,1000.0,40.54437043055391,0,0,40.54437043055391,0.0,0.0,0,0
385612,62.5,63.0,20.5,0.0,0.0,0.0,40.0,1.0,1.0,1.0,0.0,0.0,0.0,0.0,0.0,0.0,100.0,100.0,100.0,1000.0,1000.0,1000.0,40.54437043055391,0,0,40.54437043055391,0.0,0.0,0,0
385812,62.5,63.0,20.5,0.0,0.0,0.0,40.0,1.0,1.0,1.0,0.0,0.0,0.0,0.0,0.0,0.0,100.0,100.0,100.0,1000.0,1000.0,1000.0,40.54437043055391,0,0,40.54437043055391,0.0,0.0,0,0
386012,62.5,63.0,20.5,0.0,0.0,0.0,40.0,1.0,1.0,1.0,0.0,0.0,0.0,0.0,0.0,0.0,100.0,100.0,100.0,1000.0,1000.0,1000.0,40.54437043055391,0,0,40.54437043055391,0.0,0.0,0,0
386212,62.5,63.0,20.5,0.0,0.0,0.0,40.0,1.0,1.0,1.0,0.0,0.0,0.0,0.0,0.0,0.0,100.0,100.0,100.0,1000.0,1000.0,1000.0,40.54437043055391,0,0,40.54437043055391,0.0,0.0,0,0
386412,62.5,63.0,20.5,0.0,0.0,0.0,40.0,1.0,1.0,1.0,0.0,0.0,0.0,0.0,0.0,0.0,100.0,100.0,100.0,1000.0,1000.0,1000.0,40.54437043055391,0,0,40.54437043055391,0.0,0.0,0,0
386612,62.5,63.0,20.5,0.0,0.0,0.0,40.0,1.0,1.0,1.0,0.0,0.0,0.0,0.0,0.0,0.0,100.0,100.0,100.0,1000.0,1000.0,1000.0,40.54437043055391,0,0,40.54437043055391,0.0,0.0,0,0
386812,62.5,63.0,20.5,0.0,0.0,0.0,40.0,1.0,1.0,1.0,0.0,0.0,0.0,0.0,0.0,0.0,100.0,100.0,100.0,1000.0,1000.0,1000.0,40.54437043055391,0,0,40.54437043055391,0.0,0.0,0,0
387012,62.5,63.0,20.5,0.0,0.0,0.0,40.0,1.0,1.0,1.0,0.0,0.0,0.0,0.0,0.0,0.0,100.0,100.0,100.0,1000.0,1000.0,1000.0,40.54437043055391,0,0,40.54437043055391,0.0,0.0,0,0
387212,62.5,63.0,20.5,0.0,0.0,0.0,40.0,1.0,1.0,1.0,0.0,0.0,0.0,0.0,0.0,0.0,100.0,100.0,100.0,1000.0,1000.0,1000.0,40.54437043055391,0,0,40.54437043055391,0.0,0.0,0,0
387412,62.5,63.0,20.5,0.0,0.0,0.0,40.0,1.0,1.0,1.0,0.0,0.0,0.0,0.0,0.0,0.0,100.0,100.0,100.0,1000.0,1000.0,1000.0,40.54437043055391,0,0,40.54437043055391,0.0,0.0,0,0
387612,62.5,63.0,20.5,0.0,0.0,0.0,40.0,1.0,1.0,1.0,0.0,0.0,0.0,0.0,0.0,0.0,100.0,100.0,100.0,1000.0,1000.0,1000.0,40.54437043055391,0,0,40.54437043055391,0.0,0.0,0,0
387812,62.5,63.0,20.5,0.0,0.0,0.0,40.0,1.0,1.0,1.0,0.0,0.0,0.0,0.0,0.0,0.0,100.0,100.0,100.0,1000.0,1000.0,1000.0,40.54437043055391,0,0,40.54437043055391,0.0,0.0,0,0
388012,62.5,63.0,20.5,0.0,0.0,0.0,40.0,1.0,1.0,1.0,0.0,0.0,0.0,0.0,0.0,0.0,100.0,100.0,100.0,1000.0,1000.0,1000.0,40.54437043055391,0,0,40.54437043055391,0.0,0.0,0,0
388212,62.5,63.0,20.5,0.0,0.0,0.0,40.0,1.0,1.0,1.0,0.0,0.0,0.0,0.0,0.0,0.0,100.0,100.0,100.0,1000.0,1000.0,1000.0,40.54437043055391,0,0,40.54437043055391,0.0,0.0,0,0
388412,62.5,63.0,20.5,0.0,0.0,0.0,40.0,1.0,1.0,1.0,0.0,0.0,0.0,0.0,0.0,0.0,100.0,100.0,100.0,1000.0,1000.0,1000.0,40.54437043055391,0,0,40.54437043055391,0.0,0.0,0,0
388612,62.0,63.0,20.5,0.0,0.0,0.0,40.0,1.0,1.0,1.0,0.0,0.0,0.0,0.0,0.0,0.0,100.0,100.0,100.0,1000.0,1000.0,1000.0,40.54437043055391,0,0,40.54437043055391,0.0,0.0,0,0
388812,62.0,63.0,20.5,0.0,0.0,0.0,40.0,1.0,1.0,1.0,0.0,0.0,0.0,0.0,0.0,0.0,100.0,100.0,100.0,1000.0,1000.0,1000.0,40.54437043055391,0,0,40.54437043055391,0.0,0.0,0,0
389012,62.0,63.0,20.5,0.0,0.0,0.0,40.0,1.0,1.0,1.0,0.0,0.0,0.0,0.0,0.0,0.0,100.0,100.0,100.0,1000.0,1000.0,1000.0,40.54437043055391,0,0,40.54437043055391,0.0,0.0,0,0
389212,62.0,63.0,20.5,0.0,0.0,0.0,40.0,1.0,1.0,1.0,0.0,0.0,0.0,0.0,0.0,0.0,100.0,100.0,100.0,1000.0,1000.0,1000.0,40.54437043055391,0,0,40.54437043055391,0.0,0.0,0,0
389412,62.0,63.0,20.5,0.0,0.0,0.0,40.0,1.0,1.0,1.0,0.0,0.0,0.0,0.0,0.0,0.0,100.0,100.0,100.0,1000.0,1000.0,1000.0,40.54437043055391,0,0,40.54437043055391,0.0,0.0,0,0
389612,62.0,63.0,20.5,0.0,0.0,0.0,40.0,1.0,1.0,1.0,0.0,0.0,0.0,0.0,0.0,0.0,100.0,100.0,100.0,1000.0,1000.0,1000.0,40.54437043055391,0,0,40.54437043055391,0.0,0.0,0,0
389812,62.0,63.0,20.5,0.0,0.0,0.0,40.0,1.0,1.0,1.0,0.0,0.0,0.0,0.0,0.0,0.0,100.0,100.0,100.0,1000.0,1000.0,1000.0,40.54437043055391,0,0,40.54437043055391,0.0,0.0,0,0
390012,62.0,63.0,20.5,0.0,0.0,0.0,40.0,1.0,1.0,1.0,0.0,0.0,0.0,0.0,0.0,0.0,100.0,100.0,100.0,1000.0,1000.0,1000.0,40.54437043055391,0,0,40.54437043055391,0.0,0.0,0,0
390212,62.0,63.0,20.5,0.0,0.0,0.0,40.0,1.0,1.0,1.0,0.0,0.0,0.0,0.0,0.0,0.0,100.0,100.0,100.0,1000.0,1000.0,1000.0,44.457691436836974,0,0,44.457691436836974,0.0,0.0,1,0
390412,62.0,63.0,20.5,0.0,0.0,0.0,40.0,1.0,1.0,1.0,0.0,0.0,0.0,0.0,0.0,0.0,100.0,100.0,100.0,1000.0,1000.0,1000.0,44.457691436836974,0,0,44.457691436836974,0.0,0.0,0,0
390612,62.0,63.0,20.5,0.0,0.0,0.0,40.0,1.0,1.0,1.0,0.0,0.0,0.0,0.0,0.0,0.0,100.0,100.0,100.0,1000.0,1000.0,1000.0,44.457691436836974,0,0,44.457691436836974,0.0,0.0,0,0
390812,62.0,63.0,20.5,0.0,0.0,0.0,40.0,1.0,1.0,1.0,0.0,0.0,0.0,0.0,0.0,0.0,100.0,100.0,100.0,1000.0,1000.0,1000.0,44.457691436836974,0,0,44.457691436836974,0.0,0.0,0,0
391012,62.0,63.0,20.5,0.0,0.0,0.0,40.0,1.0,1.0,1.0,0.0,0.0,0.0,0.0,0.0,0.0,100.0,100.0,100.0,1000.0,1000.0,1000.0,44.457691436836974,0,0,44.457691436836974,0.0,0.0,0,0
391212,62.0,63.0,20.5,0.0,0.0,0.0,40.0,1.0,1.0,1.0,0.0,0.0,0.0,0.0,0.0,0.0,100.0,100.0,100.0,1000.0,1000.0,1000.0,44.457691436836974,0,0,44.457691436836974,0.0,0.0,0,0
391412,62.0,63.0,20.5,0.0,0.0,0.0,40.0,1.0,1.0,1.0,0.0,0.0,0.0,0.0,0.0,0.0,100.0,100.0,100.0,1000.0,1000.0,1000.0,44.457691436836974,0,0,44.457691436836974,0.0,0.0,0,0
391612,62.0,63.0,20.5,0.0,0.0,0.0,40.0,1.0,1.0,1.0,0.0,0.0,0.0,0.0,0.0,0.0,100.0,100.0,100.0,1000.0,1000.0,1000.0,44.457691436836974,0,0,44.457691436836974,0.0,0.0,0,0
391812,62.0,63.0,20.5,0.0,0.0,0.0,40.0,1.0,1.0,1.0,0.0,0.0,0.0,0.0,0.0,0.0,100.0,100.0,100.0,1000.0,1000.0,1000.0,44.457691436836974,0,0,44.457691436836974,0.0,0.0,0,0
392012,62.0,63.0,20.5,0.0,0.0,0.0,40.0,1.0,1.0,1.0,0.0,0.0,0.0,0.0,0.0,0.0,100.0,100.0,100.0,1000.0,1000.0,1000.0,44.457691436836974,0,0,44.457691436836974,0.0,0.0,0,0
392212,62.0,63.0,20.5,0.0,0.0,0.0,40.0,1.0,1.0,1.0,0.0,0.0,0.0,0.0,0.0,0.0,100.0,100.0,100.0,1000.0,1000.0,1000.0,44.457691436836974,0,0,44.457691436836974,0.0,0.0,0,0
392412,62.0,63.0,20.5,0.0,0.0,0.0,40.0,1.0,1.0,1.0,0.0,0.0,0.0,0.0,0.0,0.0,100.0,100.0,100.0,1000.0,1000.0,1000.0,44.457691436836974,0,0,44.457691436836974,0.0,0.0,0,0
392612,62.0,63.0,20.5,0.0,0.0,0.0,40.0,1.0,1.0,1.0,0.0,0.0,0.0,0.0,0.0,0.0,100.0,100.0,100.0,1000.0,1000.0,1000.0,44.457691436836974,0,0,44.457691436836974,0.0,0.0,0,0
392812,62.0,63.0,20.5,0.0,0.0,0.0,40.0,1.0,1.0,1.0,0.0,0.0,0.0,0.0,0.0,0.0,100.0,100.0,100.0,1000.0,1000.0,1000.0,44.457691436836974,0,0,44.457691436836974,0.0,0.0,0,0
393012,62.0,62.5,20.5,0.0,0.0,0.0,40.0,1.0,1.0,1.0,0.0,0.0,0.0,0.0,0.0,0.0,100.0,100.0,100.0,1000.0,1000.0,1000.0,44.457691436836974,0,0,44.457691436836974,0.0,0.0,0,0
393212,62.0,62.5,20.5,0.0,0.0,0.0,40.0,1.0,1.0,1.0,0.0,0.0,0.0,0.0,0.0,0.0,100.0,100.0,100.0,1000.0,1000.0,1000.0,44.457691436836974,0,0,44.457691436836974,0.0,0.0,0,0
393412,62.0,62.5,20.5,0.0,0.0,0.0,40.0,1.0,1.0,1.0,0.0,0.0,0.0,0.0,0.0,0.0,100.0,100.0,100.0,1000.0,1000.0,1000.0,44.457691436836974,0,0,44.457691436836974,0.0,0.0,0,0
393612,62.0,62.5,20.5,0.0,0.0,0.0,40.0,1.0,1.0,1.0,0.0,0.0,0.0,0.0,0.0,0.0,100.0,100.0,100.0,1000.0,1000.0,1000.0,44.457691436836974,0,0,44.457691436836974,0.0,0.0,0,0
393812,62.0,62.5,20.5,0.0,0.0,0.0,40.0,1.0,1.0,1.0,0.0,0.0,0.0,0.0,0.0,0.0,100.0,100.0,100.0,1000.0,1000.0,1000.0,44.457691436836974,0,0,44.457691436836974,0.0,0.0,0,0
394012,62.0,62.5,20.5,0.0,0.0,0.0,40.0,1.0,1.0,1.0,0.0,0.0,0.0,0.0,0.0,0.0,100.0,100.0,100.0,1000.0,1000.0,1000.0,44.457691436836974,0,0,44.457691436836974,0.0,0.0,0,0
394212,62.0,62.5,20.5,0.0,0.0,0.0,40.0,1.0,1.0,1.0,0.0,0.0,0.0,0.0,0.0,0.0,100.0,100.0,100.0,1000.0,1000.0,1000.0,44.457691436836974,0,0,44.457691436836974,0.0,0.0,0,0
394412,62.0,62.5,20.5,0.0,0.0,0.0,40.0,1.0,1.0,1.0,0.0,0.0,0.0,0.0,0.0,0.0,100.0,100.0,100.0,1000.0,1000.0,1000.0,44.457691436836974,0,0,44.457691436836974,0.0,0.0,0,0
394612,62.0,62.5,20.5,0.0,0.0,0.0,40.0,1.0,1.0,1.0,0.0,0.0,0.0,0.0,0.0,0.0,100.0,100.0,100.0,1000.0,1000.0,1000.0,44.457691436836974,0,0,44.457691436836974,0.0,0.0,0,0
394812,62.0,62.5,20.5,0.0,0.0,0.0,40.0,1.0,1.0,1.0,0.0,0.0,0.0,0.0,0.0,0.0,100.0,100.0,100.0,1000.0,1000.0,1000.0,44.457691436836974,0,0,44.457691436836974,0.0,0.0,0,0
395012,62.0,62.5,20.5,0.0,0.0,0.0,40.0,1.0,1.0,1.0,0.0,0.0,0.0,0.0,0.0,0.0,100.0,100.0,100.0,1000.0,1000.0,1000.0,44.457691436836974,0,0,44.457691436836974,0.0,0.0,0,0
395212,62.0,62.5,20.5,0.0,0.0,0.0,40.0,1.0,1.0,1.0,0.0,0.0,0.0,0.0,0.0,0.0,100.0,100.0,100.0,1000.0,1000.0,1000.0,44.457691436836974,0,0,44.457691436836974,0.0,0.0,0,0
395412,62.0,62.5,20.5,0.0,0.0,0.0,40.0,1.0,1.0,1.0,0.0,0.0,0.0,0.0,0.0,0.0,100.0,100.0,100.0,1000.0,1000.0,1000.0,44.457691436836974,0,0,44.457691436836974,0.0,0.0,0,0
395612,62.0,62.5,20.5,0.0,0.0,0.0,40.0,1.0,1.0,1.0,0.0,0.0,0.0,0.0,0.0,0.0,100.0,100.0,100.0,1000.0,1000.0,1000.0,44.457691436836974,0,0,44.457691436836974,0.0,0.0,0,0
395812,62.0,62.5,20.5,0.0,0.0,0.0,40.0,1.0,1.0,1.0,0.0,0.0,0.0,0.0,0.0,0.0,100.0,100.0,100.0,1000.0,1000.0,1000.0,44.457691436836974,0,0,44.457691436836974,0.0,0.0,0,0
396012,62.0,62.5,20.5,0.0,0.0,0.0,40.0,1.0,1.0,1.0,0.0,0.0,0.0,0.0,0.0,0.0,100.0,100.0,100.0,1000.0,1000.0,1000.0,44.457691436836974,0,0,44.457691436836974,0.0,0.0,0,0
396212,62.0,62.5,20.5,0.0,0.0,0.0,40.0,1.0,1.0,1.0,0.0,0.0,0.0,0.0,0.0,0.0,100.0,100.0,100.0,1000.0,1000.0,1000.0,44.457691436836974,0,0,44.457691436836974,0.0,0.0,0,0
396412,62.0,62.5,20.5,0.0,0.0,0.0,40.0,1.0,1.0,1.0,0.0,0.0,0.0,0.0,0.0,0.0,100.0,100.0,100.0,1000.0,1000.0,1000.0,44.457691436836974,0,0,44.457691436836974,0.0,0.0,0,0
396612,62.0,62.5,20.5,0.0,0.0,0.0,40.0,1.0,1.0,1.0,0.0,0.0,0.0,0.0,0.0,0.0,100.0,100.0,100.0,1000.0,1000.0,1000.0,44.457691436836974,0,0,44.457691436836974,0.0,0.0,0,0
396812,62.0,62.5,20.5,0.0,0.0,0.0,40.0,1.0,1.0,1.0,0.0,0.0,0.0,0.0,0.0,0.0,100.0,100.0,100.0,1000.0,1000.0,1000.0,44.457691436836974,0,0,44.457691436836974,0.0,0.0,0,0
397012,62.0,62.5,20.5,0.0,0.0,0.0,40.0,1.0,1.0,1.0,0.0,0.0,0.0,0.0,0.0,0.0,100.0,100.0,100.0,1000.0,1000.0,1000.0,44.457691436836974,0,0,44.457691436836974,0.0,0.0,0,0
397212,62.0,62.5,20.5,0.0,0.0,0.0,40.0,1.0,1.0,1.0,0.0,0.0,0.0,0.0,0.0,0.0,100.0,100.0,100.0,1000.0,1000.0,1000.0,44.457691436836974,0,0,44.457691436836974,0.0,0.0,0,0
397412,62.0,62.5,20.5,0.0,0.0,0.0,40.0,1.0,1.0,1.0,0.0,0.0,0.0,0.0,0.0,0.0,100.0,100.0,100.0,1000.0,1000.0,1000.0,44.457691436836974,0,0,44.457691436836974,0.0,0.0,0,0
397612,62.0,62.5,20.5,0.0,0.0,0.0,40.0,1.0,1.0,1.0,0.0,0.0,0.0,0.0,0.0,0.0,100.0,100.0,100.0,1000.0,1000.0,1000.0,44.457691436836974,0,0,44.457691436836974,0.0,0.0,0,0
397812,62.0,62.5,20.5,0.0,0.0,0.0,40.0,1.0,1.0,1.0,0.0,0.0,0.0,0.0,0.0,0.0,100.0,100.0,100.0,1000.0,1000.0,1000.0,44.457691436836974,0,0,44.457691436836974,0.0,0.0,0,0
398012,62.0,62.5,20.5,0.0,0.0,0.0,40.0,1.0,1.0,1.0,0.0,0.0,0.0,0.0,0.0,0.0,100.0,100.0,100.0,1000.0,1000.0,1000.0,44.457691436836974,0,0,44.457691436836974,0.0,0.0,0,0
398212,62.0,62.5,20.5,0.0,0.0,0.0,40.0,1.0,1.0,1.0,0.0,0.0,0.0,0.0,0.0,0.0,100.0,100.0,100.0,1000.0,1000.0,1000.0,44.457691436836974,0,0,44.457691436836974,0.0,0.0,0,0
398412,62.0,62.5,20.5,0.0,0.0,0.0,40.0,1.0,1.0,1.0,0.0,0.0,0.0,0.0,0.0,0.0,100.0,100.0,100.0,1000.0,1000.0,1000.0,44.457691436836974,0,0,44.457691436836974,0.0,0.0,0,0
398612,62.0,62.5,20.5,0.0,0.0,0.0,40.0,1.0,1.0,1.0,0.0,0.0,0.0,0.0,0.0,0.0,100.0,100.0,100.0,1000.0,1000.0,1000.0,44.457691436836974,0,0,44.457691436836974,0.0,0.0,0,0
398812,62.0,62.5,20.5,0.0,0.0,0.0,40.0,1.0,1.0,1.0,0.0,0.0,0.0,0.0,0.0,0.0,100.0,100.0,100.0,1000.0,1000.0,1000.0,44.457691436836974,0,0,44.457691436836974,0.0,0.0,0,0
399012,62.0,62.5,20.5,0.0,0.0,0.0,40.0,1.0,1.0,1.0,0.0,0.0,0.0,0.0,0.0,0.0,100.0,100.0,100.0,1000.0,1000.0,1000.0,44.457691436836974,0,0,44.457691436836974,0.0,0.0,0,0
399212,62.0,62.5,20.5,0.0,0.0,0.0,40.0,1.0,1.0,1.0,0.0,0.0,0.0,0.0,0.0,0.0,100.0,100.0,100.0,1000.0,1000.0,1000.0,44.457691436836974,0,0,44.457691436836974,0.0,0.0,0,0
399412,62.0,62.5,20.5,0.0,0.0,0.0,40.0,1.0,1.0,1.0,0.0,0.0,0.0,0.0,0.0,0.0,100.0,100.0,100.0,1000.0,1000.0,1000.0,44.457691436836974,0,0,44.457691436836974,0.0,0.0,0,0
399612,62.0,62.5,20.5,0.0,0.0,0.0,40.0,1.0,1.0,1.0,0.0,0.0,0.0,0.0,0.0,0.0,100.0,100.0,100.0,1000.0,1000.0,1000.0,44.457691436836974,0,0,44.457691436836974,0.0,0.0,0,0
399812,62.0,62.5,20.5,0.0,0.0,0.0,40.0,1.0,1.0,1.0,0.0,0.0,0.0,0.0,0.0,0.0,100.0,100.0,100.0,1000.0,1000.0,1000.0,44.457691436836974,0,0,44.457691436836974,0.0,0.0,0,0
400012,62.0,62.5,20.5,0.0,0.0,0.0,40.0,1.0,1.0,1.0,0.0,0.0,0.0,0.0,0.0,0.0,100.0,100.0,100.0,1000.0,1000.0,1000.0,44.457691436836974,0,0,44.457691436836974,0.0,0.0,0,0
400212,62.0,62.5,20.5,0.0,0.0,0.0,40.0,1.0,1.0,1.0,0.0,0.0,0.0,0.0,0.0,0.0,100.0,100.0,100.0,1000.0,1000.0,1000.0,44.457691436836974,0,0,44.457691436836974,0.0,0.0,0,0
400412,62.0,62.5,20.5,0.0,0.0,0.0,40.0,1.0,1.0,1.0,0.0,0.0,0.0,0.0,0.0,0.0,100.0,100.0,100.0,1000.0,1000.0,1000.0,44.457691436836974,0,0,44.457691436836974,0.0,0.0,0,0
400612,62.0,62.5,20.5,0.0,0.0,0.0,40.0,1.0,1.0,1.0,0.0,0.0,0.0,0.0,0.0,0.0,100.0,100.0,100.0,1000.0,1000.0,1000.0,44.457691436836974,0,0,44.457691436836974,0.0,0.0,0,0
400812,62.0,62.5,20.5,0.0,0.0,0.0,40.0,1.0,1.0,1.0,0.0,0.0,0.0,0.0,0.0,0.0,100.0,100.0,100.0,1000.0,1000.0,1000.0,44.457691436836974,0,0,44.457691436836974,0.0,0.0,0,0
401012,62.0,62.5,20.5,0.0,0.0,0.0,40.0,1.0,1.0,1.0,0.0,0.0,0.0,0.0,0.0,0.0,100.0,100.0,100.0,1000.0,1000.0,1000.0,44.457691436836974,0,0,44.457691436836974,0.0,0.0,0,0
401212,62.0,62.5,20.5,0.0,0.0,0.0,40.0,1.0,1.0,1.0,0.0,0.0,0.0,0.0,0.0,0.0,100.0,100.0,100.0,1000.0,1000.0,1000.0,44.457691436836974,0,0,44.457691436836974,0.0,0.0,0,0
401412,62.0,62.5,20.5,0.0,0.0,0.0,40.0,1.0,1.0,1.0,0.0,0.0,0.0,0.0,0.0,0.0,100.0,100.0,100.0,1000.0,1000.0,1000.0,44.457691436836974,0,0,44.457691436836974,0.0,0.0,0,0
401612,62.0,62.5,20.5,0.0,0.0,0.0,40.0,1.0,1.0,1.0,0.0,0.0,0.0,0.0,0.0,0.0,100.0,100.0,100.0,1000.0,1000.0,1000.0,44.457691436836974,0,0,44.457691436836974,0.0,0.0,0,0
401812,62.0,62.5,20.5,0.0,0.0,0.0,40.0,1.0,1.0,1.0,0.0,0.0,0.0,0.0,0.0,0.0,100.0,100.0,100.0,1000.0,1000.0,1000.0,44.457691436836974,0,0,44.457691436836974,0.0,0.0,0,0
402012,62.0,62.5,20.5,0.0,0.0,0.0,40.0,1.0,1.0,1.0,0.0,0.0,0.0,0.0,0.0,0.0,100.0,100.0,100.0,1000.0,1000.0,1000.0,44.457691436836974,0,0,44.457691436836974,0.0,0.0,0,0
402212,62.0,62.5,20.5,0.0,0.0,0.0,40.0,1.0,1.0,1.0,0.0,0.0,0.0,0.0,0.0,0.0,100.0,100.0,100.0,1000.0,1000.0,1000.0,44.457691436836974,0,0,44.457691436836974,0.0,0.0,0,0
402412,62.0,62.5,20.5,0.0,0.0,0.0,40.0,1.0,1.0,1.0,0.0,0.0,0.0,0.0,0.0,0.0,100.0,100.0,100.0,1000.0,1000.0,1000.0,44.457691436836974,0,0,44.457691436836974,0.0,0.0,0,0
402612,62.0,62.5,20.5,0.0,0.0,0.0,40.0,1.0,1.0,1.0,0.0,0.0,0.0,0.0,0.0,0.0,100.0,100.0,100.0,1000.0,1000.0,1000.0,44.457691436836974,0,0,44.457691436836974,0.0,0.0,0,0
402812,62.0,62.5,20.5,0.0,0.0,0.0,40.0,1.0,1.0,1.0,0.0,0.0,0.0,0.0,0.0,0.0,100.0,100.0,100.0,1000.0,1000.0,1000.0,44.457691436836974,0,0,44.457691436836974,0.0,0.0,0,0
403012,62.0,62.5,20.5,0.0,0.0,0.0,40.0,1.0,1.0,1.0,0.0,0.0,0.0,0.0,0.0,0.0,100.0,100.0,100.0,1000.0,1000.0,1000.0,44.457691436836974,0,0,44.457691436836974,0.0,0.0,0,0
403212,62.0,62.5,20.5,0.0,0.0,0.0,40.0,1.0,1.0,1.0,0.0,0.0,0.0,0.0,0.0,0.0,100.0,100.0,100.0,1000.0,1000.0,1000.0,44.457691436836974,0,0,44.457691436836974,0.0,0.0,0,0
403412,62.0,62.5,20.5,0.0,0.0,0.0,40.0,1.0,1.0,1.0,0.0,0.0,0.0,0.0,0.0,0.0,100.0,100.0,100.0,1000.0,1000.0,1000.0,44.457691436836974,0,0,44.457691436836974,0.0,0.0,0,0
403612,62.0,62.5,20.5,0.0,0.0,0.0,40.0,1.0,1.0,1.0,0.0,0.0,0.0,0.0,0.0,0.0,100.0,100.0,100.0,1000.0,1000.0,1000.0,44.457691436836974,0,0,44.457691436836974,0.0,0.0,0,0
403812,62.0,62.5,20.5,0.0,0.0,0.0,40.0,1.0,1.0,1.0,0.0,0.0,0.0,0.0,0.0,0.0,100.0,100.0,100.0,1000.0,1000.0,1000.0,44.457691436836974,0,0,44.457691436836974,0.0,0.0,0,0
404012,62.0,62.5,20.5,0.0,0.0,0.0,40.0,1.0,1.0,1.0,0.0,0.0,0.0,0.0,0.0,0.0,100.0,100.0,100.0,1000.0,1000.0,1000.0,44.457691436836974,0,0,44.457691436836974,0.0,0.0,0,0
404212,62.0,62.5,20.5,0.0,0.0,0.0,40.0,1.0,1.0,1.0,0.0,0.0,0.0,0.0,0.0,0.0,100.0,100.0,100.0,1000.0,1000.0,1000.0,44.457691436836974,0,0,44.457691436836974,0.0,0.0,0,0
404412,62.0,62.5,20.5,0.0,0.0,0.0,40.0,1.0,1.0,1.0,0.0,0.0,0.0,0.0,0.0,0.0,100.0,100.0,100.0,1000.0,1000.0,1000.0,44.457691436836974,0,0,44.457691436836974,0.0,0.0,0,0
404612,62.0,62.5,20.5,0.0,0.0,0.0,40.0,1.0,1.0,1.0,0.0,0.0,0.0,0.0,0.0,0.0,100.0,100.0,100.0,1000.0,1000.0,1000.0,44.457691436836974,0,0,44.457691436836974,0.0,0.0,0,0
404812,62.0,62.5,20.5,0.0,0.0,0.0,40.0,1.0,1.0,1.0,0.0,0.0,0.0,0.0,0.0,0.0,100.0,100.0,100.0,1000.0,1000.0,1000.0,44.457691436836974,0,0,44.457691436836974,0.0,0.0,0,0
405012,62.0,62.5,20.5,0.0,0.0,0.0,40.0,1.0,1.0,1.0,0.0,0.0,0.0,0.0,0.0,0.0,100.0,100.0,100.0,1000.0,1000.0,1000.0,44.457691436836974,0,0,44.457691436836974,0.0,0.0,0,0
405212,62.0,62.5,20.5,0.0,0.0,0.0,40.0,1.0,1.0,1.0,0.0,0.0,0.0,0.0,0.0,0.0,100.0,100.0,100.0,1000.0,1000.0,1000.0,43.206260455647794,0,0,43.206260455647794,0.0,0.0,1,0
405412,62.0,62.5,20.5,0.0,0.0,0.0,40.0,1.0,1.0,1.0,0.0,0.0,0.0,0.0,0.0,0.0,100.0,100.0,100.0,1000.0,1000.0,1000.0,43.206260455647794,0,0,43.206260455647794,0.0,0.0,0,0
405612,62.0,62.5,20.5,0.0,0.0,0.0,40.0,1.0,1.0,1.0,0.0,0.0,0.0,0.0,0.0,0.0,100.0,100.0,100.0,1000.0,1000.0,1000.0,43.206260455647794,0,0,43.206260455647794,0.0,0.0,0,0
405812,62.0,62.5,20.5,0.0,0.0,0.0,40.0,1.0,1.0,1.0,0.0,0.0,0.0,0.0,0.0,0.0,100.0,100.0,100.0,1000.0,1000.0,1000.0,43.206260455647794,0,0,43.206260455647794,0.0,0.0,0,0
406012,62.0,62.5,20.5,0.0,0.0,0.0,40.0,1.0,1.0,1.0,0.0,0.0,0.0,0.0,0.0,0.0,100.0,100.0,100.0,1000.0,1000.0,1000.0,43.206260455647794,0,0,43.206260455647794,0.0,0.0,0,0
406212,62.0,62.5,20.5,0.0,0.0,0.0,40.0,1.0,1.0,1.0,0.0,0.0,0.0,0.0,0.0,0.0,100.0,100.0,100.0,1000.0,1000.0,1000.0,43.206260455647794,0,0,43.206260455647794,0.0,0.0,0,0
406412,62.0,62.5,20.5,0.0,0.0,0.0,40.0,1.0,1.0,1.0,0.0,0.0,0.0,0.0,0.0,0.0,100.0,100.0,100.0,1000.0,1000.0,1000.0,43.206260455647794,0,0,43.206260455647794,0.0,0.0,0,0
406612,62.0,62.5,20.5,0.0,0.0,0.0,40.0,1.0,1.0,1.0,0.0,0.0,0.0,0.0,0.0,0.0,100.0,100.0,100.0,1000.0,1000.0,1000.0,43.206260455647794,0,0,43.206260455647794,0.0,0.0,0,0
406812,62.0,62.5,20.5,0.0,0.0,0.0,40.0,1.0,1.0,1.0,0.0,0.0,0.0,0.0,0.0,0.0,100.0,100.0,100.0,1000.0,1000.0,1000.0,43.206260455647794,0,0,43.206260455647794,0.0,0.0,0,0
407012,62.0,62.5,20.5,0.0,0.0,0.0,40.0,1.0,1.0,1.0,0.0,0.0,0.0,0.0,0.0,0.0,100.0,100.0,100.0,1000.0,1000.0,1000.0,43.206260455647794,0,0,43.206260455647794,0.0,0.0,0,0
407212,62.0,62.5,20.5,0.0,0.0,0.0,40.0,1.0,1.0,1.0,0.0,0.0,0.0,0.0,0.0,0.0,100.0,100.0,100.0,1000.0,1000.0,1000.0,43.206260455647794,0,0,43.206260455647794,0.0,0.0,0,0
407412,62.0,62.5,20.5,0.0,0.0,0.0,40.0,1.0,1.0,1.0,0.0,0.0,0.0,0.0,0.0,0.0,100.0,100.0,100.0,1000.0,1000.0,1000.0,43.206260455647794,0,0,43.206260455647794,0.0,0.0,0,0
407612,62.0,62.5,20.5,0.0,0.0,0.0,40.0,1.0,1.0,1.0,0.0,0.0,0.0,0.0,0.0,0.0,100.0,100.0,100.0,1000.0,1000.0,1000.0,43.206260455647794,0,0,43.206260455647794,0.0,0.0,0,0
407812,62.0,62.5,20.5,0.0,0.0,0.0,40.0,1.0,1.0,1.0,0.0,0.0,0.0,0.0,0.0,0.0,100.0,100.0,100.0,1000.0,1000.0,1000.0,43.206260455647794,0,0,43.206260455647794,0.0,0.0,0,0
408012,62.0,62.5,20.5,0.0,0.0,0.0,40.0,1.0,1.0,1.0,0.0,0.0,0.0,0.0,0.0,0.0,100.0,100.0,100.0,1000.0,1000.0,1000.0,43.206260455647794,0,0,43.206260455647794,0.0,0.0,0,0
408212,62.0,62.5,20.5,0.0,0.0,0.0,40.0,1.0,1.0,1.0,0.0,0.0,0.0,0.0,0.0,0.0,100.0,100.0,100.0,1000.0,1000.0,1000.0,43.206260455647794,0,0,43.206260455647794,0.0,0.0,0,0
408412,61.5,62.5,20.5,0.0,0.0,0.0,40.0,1.0,1.0,1.0,0.0,0.0,0.0,0.0,0.0,0.0,100.0,100.0,100.0,1000.0,1000.0,1000.0,43.206260455647794,0,0,43.206260455647794,0.0,0.0,0,0
408612,61.5,62.5,20.5,0.0,0.0,0.0,40.0,1.0,1.0,1.0,0.0,0.0,0.0,0.0,0.0,0.0,100.0,100.0,100.0,1000.0,1000.0,1000.0,43.206260455647794,0,0,43.206260455647794,0.0,0.0,0,0
408812,61.5,62.5,20.5,0.0,0.0,0.0,40.0,1.0,1.0,1.0,0.0,0.0,0.0,0.0,0.0,0.0,100.0,100.0,100.0,1000.0,1000.0,1000.0,43.206260455647794,0,0,43.206260455647794,0.0,0.0,0,0
409012,61.5,62.5,20.5,0.0,0.0,0.0,40.0,1.0,1.0,1.0,0.0,0.0,0.0,0.0,0.0,0.0,100.0,100.0,100.0,1000.0,1000.0,1000.0,43.206260455647794,0,0,43.206260455647794,0.0,0.0,0,0
409212,61.5,62.5,20.5,0.0,0.0,0.0,40.0,1.0,1.0,1.0,0.0,0.0,0.0,0.0,0.0,0.0,100.0,100.0,100.0,1000.0,1000.0,1000.0,43.206260455647794,0,0,43.206260455647794,0.0,0.0,0,0
409412,61.5,62.5,20.5,0.0,0.0,0.0,40.0,1.0,1.0,1.0,0.0,0.0,0.0,0.0,0.0,0.0,100.0,100.0,100.0,1000.0,1000.0,1000.0,43.206260455647794,0,0,43.206260455647794,0.0,0.0,0,0
409612,61.5,62.5,20.5,0.0,0.0,0.0,40.0,1.0,1.0,1.0,0.0,0.0,0.0,0.0,0.0,0.0,100.0,100.0,100.0,1000.0,1000.0,1000.0,43.206260455647794,0,0,43.206260455647794,0.0,0.0,0,0
409812,61.5,62.5,20.5,0.0,0.0,0.0,40.0,1.0,1.0,1.0,0.0,0.0,0.0,0.0,0.0,0.0,100.0,100.0,100.0,1000.0,1000.0,1000.0,43.206260455647794,0,0,43.206260455647794,0.0,0.0,0,0
410012,61.5,62.5,20.5,0.0,0.0,0.0,40.0,1.0,1.0,1.0,0.0,0.0,0.0,0.0,0.0,0.0,100.0,100.0,100.0,1000.0,1000.0,1000.0,43.206260455647794,0,0,43.206260455647794,0.0,0.0,0,0
410212,61.5,62.5,20.5,0.0,0.0,0.0,40.0,1.0,1.0,1.0,0.0,0.0,0.0,0.0,0.0,0.0,100.0,100.0,100.0,1000.0,1000.0,1000.0,43.206260455647794,0,0,43.206260455647794,0.0,0.0,0,0
410412,61.5,62.5,20.5,0.0,0.0,0.0,40.0,1.0,1.0,1.0,0.0,0.0,0.0,0.0,0.0,0.0,100.0,100.0,100.0,1000.0,1000.0,1000.0,43.206260455647794,0,0,43.206260455647794,0.0,0.0,0,0
410612,61.5,62.5,20.5,0.0,0.0,0.0,40.0,1.0,1.0,1.0,0.0,0.0,0.0,0.0,0.0,0.0,100.0,100.0,100.0,1000.0,1000.0,1000.0,43.206260455647794,0,0,43.206260455647794,0.0,0.0,0,0
410812,61.5,62.5,20.5,0.0,0.0,0.0,40.0,1.0,1.0,1.0,0.0,0.0,0.0,0.0,0.0,0.0,100.0,100.0,100.0,1000.0,1000.0,1000.0,43.206260455647794,0,0,43.206260455647794,0.0,0.0,0,0
411012,61.5,62.5,20.5,0.0,0.0,0.0,40.0,1.0,1.0,1.0,0.0,0.0,0.0,0.0,0.0,0.0,100.0,100.0,100.0,1000.0,1000.0,1000.0,43.206260455647794,0,0,43.206260455647794,0.0,0.0,0,0
411212,61.5,62.5,20.5,0.0,0.0,0.0,40.0,1.0,1.0,1.0,0.0,0.0,0.0,0.0,0.0,0.0,100.0,100.0,100.0,1000.0,1000.0,1000.0,43.206260455647794,0,0,43.206260455647794,0.0,0.0,0,0
411412,61.5,62.5,20.5,0.0,0.0,0.0,40.0,1.0,1.0,1.0,0.0,0.0,0.0,0.0,0.0,0.0,100.0,100.0,100.0,1000.0,1000.0,1000.0,43.206260455647794,0,0,43.206260455647794,0.0,0.0,0,0
411612,61.5,62.5,20.5,0.0,0.0,0.0,40.0,1.0,1.0,1.0,0.0,0.0,0.0,0.0,0.0,0.0,100.0,100.0,100.0,1000.0,1000.0,1000.0,43.206260455647794,0,0,43.206260455647794,0.0,0.0,0,0
411812,61.5,62.5,20.5,0.0,0.0,0.0,40.0,1.0,1.0,1.0,0.0,0.0,0.0,0.0,0.0,0.0,100.0,100.0,100.0,1000.0,1000.0,1000.0,43.206260455647794,0,0,43.206260455647794,0.0,0.0,0,0
412012,61.5,62.5,20.5,0.0,0.0,0.0,40.0,1.0,1.0,1.0,0.0,0.0,0.0,0.0,0.0,0.0,100.0,100.0,100.0,1000.0,1000.0,1000.0,43.206260455647794,0,0,43.206260455647794,0.0,0.0,0,0
412212,61.5,62.5,20.5,0.0,0.0,0.0,40.0,1.0,1.0,1.0,0.0,0.0,0.0,0.0,0.0,0.0,100.0,100.0,100.0,1000.0,1000.0,1000.0,43.206260455647794,0,0,43.206260455647794,0.0,0.0,0,0
412412,61.5,62.5,20.5,0.0,0.0,0.0,40.0,1.0,1.0,1.0,0.0,0.0,0.0,0.0,0.0,0.0,100.0,100.0,100.0,1000.0,1000.0,1000.0,43.206260455647794,0,0,43.206260455647794,0.0,0.0,0,0
412612,61.5,62.5,20.5,0.0,0.0,0.0,40.0,1.0,1.0,1.0,0.0,0.0,0.0,0.0,0.0,0.0,100.0,100.0,100.0,1000.0,1000.0,1000.0,43.206260455647794,0,0,43.206260455647794,0.0,0.0,0,0
412812,61.5,62.5,20.5,0.0,0.0,0.0,40.0,1.0,1.0,1.0,0.0,0.0,0.0,0.0,0.0,0.0,100.0,100.0,100.0,1000.0,1000.0,1000.0,43.206260455647794,0,0,43.206260455647794,0.0,0.0,0,0
413012,61.5,62.5,20.5,0.0,0.0,0.0,40.0,1.0,1.0,1.0,0.0,0.0,0.0,0.0,0.0,0.0,100.0,100.0,100.0,1000.0,1000.0,1000.0,43.206260455647794,0,0,43.206260455647794,0.0,0.0,0,0
413212,61.5,62.5,20.5,0.0,0.0,0.0,40.0,1.0,1.0,1.0,0.0,0.0,0.0,0.0,0.0,0.0,100.0,100.0,100.0,1000.0,1000.0,1000.0,43.206260455647794,0,0,43.206260455647794,0.0,0.0,0,0
413412,61.5,62.5,20.5,0.0,0.0,0.0,40.0,1.0,1.0,1.0,0.0,0.0,0.0,0.0,0.0,0.0,100.0,100.0,100.0,1000.0,1000.0,1000.0,43.206260455647794,0,0,43.206260455647794,0.0,0.0,0,0
413612,61.5,62.5,20.5,0.0,0.0,0.0,40.0,1.0,1.0,1.0,0.0,0.0,0.0,0.0,0.0,0.0,100.0,100.0,100.0,1000.0,1000.0,1000.0,43.206260455647794,0,0,43.206260455647794,0.0,0.0,0,0
413812,61.5,62.5,20.5,0.0,0.0,0.0,40.0,1.0,1.0,1.0,0.0,0.0,0.0,0.0,0.0,0.0,100.0,100.0,100.0,1000.0,1000.0,1000.0,43.206260455647794,0,0,43.206260455647794,0.0,0.0,0,0
414012,61.5,62.5,20.5,0.0,0.0,0.0,40.0,1.0,1.0,1.0,0.0,0.0,0.0,0.0,0.0,0.0,100.0,100.0,100.0,1000.0,1000.0,1000.0,43.206260455647794,0,0,43.206260455647794,0.0,0.0,0,0
414212,61.5,62.5,20.5,0.0,0.0,0.0,40.0,1.0,1.0,1.0,0.0,0.0,0.0,0.0,0.0,0.0,100.0,100.0,100.0,1000.0,1000.0,1000.0,43.206260455647794,0,0,43.206260455647794,0.0,0.0,0,0
414412,61.5,62.5,20.5,0.0,0.0,0.0,40.0,1.0,1.0,1.0,0.0,0.0,0.0,0.0,0.0,0.0,100.0,100.0,100.0,1000.0,1000.0,1000.0,43.206260455647794,0,0,43.206260455647794,0.0,0.0,0,0
414612,61.5,62.5,20.5,0.0,0.0,0.0,40.0,1.0,1.0,1.0,0.0,0.0,0.0,0.0,0.0,0.0,100.0,100.0,100.0,1000.0,1000.0,1000.0,43.206260455647794,0,0,43.206260455647794,0.0,0.0,0,0
414812,61.5,62.5,20.5,0.0,0.0,0.0,40.0,1.0,1.0,1.0,0.0,0.0,0.0,0.0,0.0,0.0,100.0,100.0,100.0,1000.0,1000.0,1000.0,43.206260455647794,0,0,43.206260455647794,0.0,0.0,0,0
415012,61.5,62.5,20.5,0.0,0.0,0.0,40.0,1.0,1.0,1.0,0.0,0.0,0.0,0.0,0.0,0.0,100.0,100.0,100.0,1000.0,1000.0,1000.0,43.206260455647794,0,0,43.206260455647794,0.0,0.0,0,0
415212,61.5,62.5,20.5,0.0,0.0,0.0,40.0,1.0,1.0,1.0,0.0,0.0,0.0,0.0,0.0,0.0,100.0,100.0,100.0,1000.0,1000.0,1000.0,43.206260455647794,0,0,43.206260455647794,0.0,0.0,0,0
415412,61.5,62.5,20.5,0.0,0.0,0.0,40.0,1.0,1.0,1.0,0.0,0.0,0.0,0.0,0.0,0.0,100.0,100.0,100.0,1000.0,1000.0,1000.0,43.206260455647794,0,0,43.206260455647794,0.0,0.0,0,0
415612,61.5,62.0,20.5,0.0,0.0,0.0,40.0,1.0,1.0,1.0,0.0,0.0,0.0,0.0,0.0,0.0,100.0,100.0,100.0,1000.0,1000.0,1000.0,43.206260455647794,0,0,43.206260455647794,0.0,0.0,0,0
415812,61.5,62.0,20.5,0.0,0.0,0.0,40.0,1.0,1.0,1.0,0.0,0.0,0.0,0.0,0.0,0.0,100.0,100.0,100.0,1000.0,1000.0,1000.0,43.206260455647794,0,0,43.206260455647794,0.0,0.0,0,0
416012,61.5,62.0,20.5,0.0,0.0,0.0,40.0,1.0,1.0,1.0,0.0,0.0,0.0,0.0,0.0,0.0,100.0,100.0,100.0,1000.0,1000.0,1000.0,43.206260455647794,0,0,43.206260455647794,0.0,0.0,0,0
416212,61.5,62.0,20.5,0.0,0.0,0.0,40.0,1.0,1.0,1.0,0.0,0.0,0.0,0.0,0.0,0.0,100.0,100.0,100.0,1000.0,1000.0,1000.0,43.206260455647794,0,0,43.206260455647794,0.0,0.0,0,0
416412,61.5,62.0,20.5,0.0,0.0,0.0,40.0,1.0,1.0,1.0,0.0,0.0,0.0,0.0,0.0,0.0,100.0,100.0,100.0,1000.0,1000.0,1000.0,43.206260455647794,0,0,43.206260455647794,0.0,0.0,0,0
416612,61.5,62.0,20.5,0.0,0.0,0.0,40.0,1.0,1.0,1.0,0.0,0.0,0.0,0.0,0.0,0.0,100.0,100.0,100.0,1000.0,1000.0,1000.0,43.206260455647794,0,0,43.206260455647794,0.0,0.0,0,0
416812,61.5,62.0,20.5,0.0,0.0,0.0,40.0,1.0,1.0,1.0,0.0,0.0,0.0,0.0,0.0,0.0,100.0,100.0,100.0,1000.0,1000.0,1000.0,43.206260455647794,0,0,43.206260455647794,0.0,0.0,0,0
417012,61.5,62.0,20.5,0.0,0.0,0.0,40.0,1.0,1.0,1.0,0.0,0.0,0.0,0.0,0.0,0.0,100.0,100.0,100.0,1000.0,1000.0,1000.0,43.206260455647794,0,0,43.206260455647794,0.0,0.0,0,0
417212,61.5,62.0,20.5,0.0,0.0,0.0,40.0,1.0,1.0,1.0,0.0,0.0,0.0,0.0,0.0,0.0,100.0,100.0,100.0,1000.0,1000.0,1000.0,43.206260455647794,0,0,43.206260455647794,0.0,0.0,0,0
417412,61.5,62.0,20.5,0.0,0.0,0.0,40.0,1.0,1.0,1.0,0.0,0.0,0.0,0.0,0.0,0.0,100.0,100.0,100.0,1000.0,1000.0,1000.0,43.206260455647794,0,0,43.206260455647794,0.0,0.0,0,0
417612,61.5,62.0,20.5,0.0,0.0,0.0,40.0,1.0,1.0,1.0,0.0,0.0,0.0,0.0,0.0,0.0,100.0,100.0,100.0,1000.0,1000.0,1000.0,43.206260455647794,0,0,43.206260455647794,0.0,0.0,0,0
417812,61.5,62.0,20.5,0.0,0.0,0.0,40.0,1.0,1.0,1.0,0.0,0.0,0.0,0.0,0.0,0.0,100.0,100.0,100.0,1000.0,1000.0,1000.0,43.206260455647794,0,0,43.206260455647794,0.0,0.0,0,0
418012,61.5,62.0,20.5,0.0,0.0,0.0,40.0,1.0,1.0,1.0,0.0,0.0,0.0,0.0,0.0,0.0,100.0,100.0,100.0,1000.0,1000.0,1000.0,43.206260455647794,0,0,43.206260455647794,0.0,0.0,0,0
418212,61.5,62.0,20.5,0.0,0.0,0.0,40.0,1.0,1.0,1.0,0.0,0.0,0.0,0.0,0.0,0.0,100.0,100.0,100.0,1000.0,1000.0,1000.0,43.206260455647794,0,0,43.206260455647794,0.0,0.0,0,0
418412,61.5,62.0,20.5,0.0,0.0,0.0,40.0,1.0,1.0,1.0,0.0,0.0,0.0,0.0,0.0,0.0,100.0,100.0,100.0,1000.0,1000.0,1000.0,43.206260455647794,0,0,43.206260455647794,0.0,0.0,0,0
418612,61.5,62.0,20.5,0.0,0.0,0.0,40.0,1.0,1.0,1.0,0.0,0.0,0.0,0.0,0.0,0.0,100.0,100.0,100.0,1000.0,1000.0,1000.0,43.206260455647794,0,0,43.206260455647794,0.0,0.0,0,0
418812,61.0,62.0,20.5,0.0,0.0,0.0,40.0,1.0,1.0,1.0,0.0,0.0,0.0,0.0,0.0,0.0,100.0,100.0,100.0,1000.0,1000.0,1000.0,43.206260455647794,0,0,43.206260455647794,0.0,0.0,0,0
419012,61.0,62.0,20.5,0.0,0.0,0.0,40.0,1.0,1.0,1.0,0.0,0.0,0.0,0.0,0.0,0.0,100.0,100.0,100.0,1000.0,1000.0,1000.0,43.206260455647794,0,0,43.206260455647794,0.0,0.0,0,0
419212,61.0,62.0,20.5,0.0,0.0,0.0,40.0,1.0,1.0,1.0,0.0,0.0,0.0,0.0,0.0,0.0,100.0,100.0,100.0,1000.0,1000.0,1000.0,43.206260455647794,0,0,43.206260455647794,0.0,0.0,0,0
419412,61.0,62.0,20.5,0.0,0.0,0.0,40.0,1.0,1.0,1.0,0.0,0.0,0.0,0.0,0.0,0.0,100.0,100.0,100.0,1000.0,1000.0,1000.0,43.206260455647794,0,0,43.206260455647794,0.0,0.0,0,0
419612,61.0,62.0,20.5,0.0,0.0,0.0,40.0,1.0,1.0,1.0,0.0,0.0,0.0,0.0,0.0,0.0,100.0,100.0,100.0,1000.0,1000.0,1000.0,43.206260455647794,0,0,43.206260455647794,0.0,0.0,0,0
419812,61.0,62.0,20.5,0.0,0.0,0.0,40.0,1.0,1.0,1.0,0.0,0.0,0.0,0.0,0.0,0.0,100.0,100.0,100.0,1000.0,1000.0,1000.0,43.206260455647794,0,0,43.206260455647794,0.0,0.0,0,0
420012,61.0,62.0,20.5,0.0,0.0,0.0,40.0,1.0,1.0,1.0,0.0,0.0,0.0,0.0,0.0,0.0,100.0,100.0,100.0,1000.0,1000.0,1000.0,43.206260455647794,0,0,43.206260455647794,0.0,0.0,0,0
420212,61.0,62.0,20.5,0.0,0.0,0.0,40.0,1.0,1.0,1.0,0.0,0.0,0.0,0.0,0.0,0.0,100.0,100.0,100.0,1000.0,1000.0,1000.0,52.77553431903411,0,0,52.77553431903411,0.0,0.0,1,0
420412,61.0,62.0,20.5,0.0,0.0,0.0,40.0,1.0,1.0,1.0,0.0,0.0,0.0,0.0,0.0,0.0,100.0,100.0,100.0,1000.0,1000.0,1000.0,52.77553431903411,0,0,52.77553431903411,0.0,0.0,0,0
420612,61.0,62.0,20.5,0.0,0.0,0.0,40.0,1.0,1.0,1.0,0.0,0.0,0.0,0.0,0.0,0.0,100.0,100.0,100.0,1000.0,1000.0,1000.0,52.77553431903411,0,0,52.77553431903411,0.0,0.0,0,0
420812,61.0,62.0,20.5,0.0,0.0,0.0,40.0,1.0,1.0,1.0,0.0,0.0,0.0,0.0,0.0,0.0,100.0,100.0,100.0,1000.0,1000.0,1000.0,52.77553431903411,0,0,52.77553431903411,0.0,0.0,0,0
421012,61.0,62.0,20.5,0.0,0.0,0.0,40.0,1.0,1.0,1.0,0.0,0.0,0.0,0.0,0.0,0.0,100.0,100.0,100.0,1000.0,1000.0,1000.0,52.77553431903411,0,0,52.77553431903411,0.0,0.0,0,0
421212,61.0,62.0,20.5,0.0,0.0,0.0,40.0,1.0,1.0,1.0,0.0,0.0,0.0,0.0,0.0,0.0,100.0,100.0,100.0,1000.0,1000.0,1000.0,52.77553431903411,0,0,52.77553431903411,0.0,0.0,0,0
421412,61.0,62.0,20.5,0.0,0.0,0.0,40.0,1.0,1.0,1.0,0.0,0.0,0.0,0.0,0.0,0.0,100.0,100.0,100.0,1000.0,1000.0,1000.0,52.77553431903411,0,0,52.77553431903411,0.0,0.0,0,0
421612,61.0,62.0,20.5,0.0,0.0,0.0,40.0,1.0,1.0,1.0,0.0,0.0,0.0,0.0,0.0,0.0,100.0,100.0,100.0,1000.0,1000.0,1000.0,52.77553431903411,0,0,52.77553431903411,0.0,0.0,0,0
421812,61.0,62.0,20.5,0.0,0.0,0.0,40.0,1.0,1.0,1.0,0.0,0.0,0.0,0.0,0.0,0.0,100.0,100.0,100.0,1000.0,1000.0,1000.0,52.77553431903411,0,0,52.77553431903411,0.0,0.0,0,0
422012,61.0,62.0,20.5,0.0,0.0,0.0,40.0,1.0,1.0,1.0,0.0,0.0,0.0,0.0,0.0,0.0,100.0,100.0,100.0,1000.0,1000.0,1000.0,52.77553431903411,0,0,52.77553431903411,0.0,0.0,0,0
422212,61.0,62.0,20.5,0.0,0.0,0.0,40.0,1.0,1.0,1.0,0.0,0.0,0.0,0.0,0.0,0.0,100.0,100.0,100.0,1000.0,1000.0,1000.0,52.77553431903411,0,0,52.77553431903411,0.0,0.0,0,0
422412,61.0,62.0,20.5,0.0,0.0,0.0,40.0,1.0,1.0,1.0,0.0,0.0,0.0,0.0,0.0,0.0,100.0,100.0,100.0,1000.0,1000.0,1000.0,52.77553431903411,0,0,52.77553431903411,0.0,0.0,0,0
422612,61.0,62.0,20.5,0.0,0.0,0.0,40.0,1.0,1.0,1.0,0.0,0.0,0.0,0.0,0.0,0.0,100.0,100.0,100.0,1000.0,1000.0,1000.0,52.77553431903411,0,0,52.77553431903411,0.0,0.0,0,0
422812,61.0,62.0,20.5,0.0,0.0,0.0,40.0,1.0,1.0,1.0,0.0,0.0,0.0,0.0,0.0,0.0,100.0,100.0,100.0,1000.0,1000.0,1000.0,52.77553431903411,0,0,52.77553431903411,0.0,0.0,0,0
423012,61.0,62.0,20.5,0.0,0.0,0.0,40.0,1.0,1.0,1.0,0.0,0.0,0.0,0.0,0.0,0.0,100.0,100.0,100.0,1000.0,1000.0,1000.0,52.77553431903411,0,0,52.77553431903411,0.0,0.0,0,0
423212,61.0,62.0,20.5,0.0,0.0,0.0,40.0,1.0,1.0,1.0,0.0,0.0,0.0,0.0,0.0,0.0,100.0,100.0,100.0,1000.0,1000.0,1000.0,52.77553431903411,0,0,52.77553431903411,0.0,0.0,0,0
423412,61.0,62.0,20.5,0.0,0.0,0.0,40.0,1.0,1.0,1.0,0.0,0.0,0.0,0.0,0.0,0.0,100.0,100.0,100.0,1000.0,1000.0,1000.0,52.77553431903411,0,0,52.77553431903411,0.0,0.0,0,0
423612,61.0,62.0,20.5,0.0,0.0,0.0,40.0,1.0,1.0,1.0,0.0,0.0,0.0,0.0,0.0,0.0,100.0,100.0,100.0,1000.0,1000.0,1000.0,52.77553431903411,0,0,52.77553431903411,0.0,0.0,0,0
423812,61.0,62.0,20.5,0.0,0.0,0.0,40.0,1.0,1.0,1.0,0.0,0.0,0.0,0.0,0.0,0.0,100.0,100.0,100.0,1000.0,1000.0,1000.0,52.77553431903411,0,0,52.77553431903411,0.0,0.0,0,0
424012,61.0,62.0,20.5,0.0,0.0,0.0,40.0,1.0,1.0,1.0,0.0,0.0,0.0,0.0,0.0,0.0,100.0,100.0,100.0,1000.0,1000.0,1000.0,52.77553431903411,0,0,52.77553431903411,0.0,0.0,0,0
424212,61.0,62.0,20.5,0.0,0.0,0.0,40.0,1.0,1.0,1.0,0.0,0.0,0.0,0.0,0.0,0.0,100.0,100.0,100.0,1000.0,1000.0,1000.0,52.77553431903411,0,0,52.77553431903411,0.0,0.0,0,0
424412,61.0,62.0,20.5,0.0,0.0,0.0,40.0,1.0,1.0,1.0,0.0,0.0,0.0,0.0,0.0,0.0,100.0,100.0,100.0,1000.0,1000.0,1000.0,52.77553431903411,0,0,52.77553431903411,0.0,0.0,0,0
424612,61.0,62.0,20.5,0.0,0.0,0.0,40.0,1.0,1.0,1.0,0.0,0.0,0.0,0.0,0.0,0.0,100.0,100.0,100.0,1000.0,1000.0,1000.0,52.77553431903411,0,0,52.77553431903411,0.0,0.0,0,0
424812,61.0,62.0,20.5,0.0,0.0,0.0,40.0,1.0,1.0,1.0,0.0,0.0,0.0,0.0,0.0,0.0,100.0,100.0,100.0,1000.0,1000.0,1000.0,52.77553431903411,0,0,52.77553431903411,0.0,0.0,0,0
425012,61.0,62.0,20.5,0.0,0.0,0.0,40.0,1.0,1.0,1.0,0.0,0.0,0.0,0.0,0.0,0.0,100.0,100.0,100.0,1000.0,1000.0,1000.0,52.77553431903411,0,0,52.77553431903411,0.0,0.0,0,0
425212,61.0,62.0,20.5,0.0,0.0,0.0,40.0,1.0,1.0,1.0,0.0,0.0,0.0,0.0,0.0,0.0,100.0,100.0,100.0,1000.0,1000.0,1000.0,52.77553431903411,0,0,52.77553431903411,0.0,0.0,0,0
425412,61.0,62.0,20.5,0.0,0.0,0.0,40.0,1.0,1.0,1.0,0.0,0.0,0.0,0.0,0.0,0.0,100.0,100.0,100.0,1000.0,1000.0,1000.0,52.77553431903411,0,0,52.77553431903411,0.0,0.0,0,0
425612,61.0,62.0,20.5,0.0,0.0,0.0,40.0,1.0,1.0,1.0,0.0,0.0,0.0,0.0,0.0,0.0,100.0,100.0,100.0,1000.0,1000.0,1000.0,52.77553431903411,0,0,52.77553431903411,0.0,0.0,0,0
425812,61.0,62.0,20.5,0.0,0.0,0.0,40.0,1.0,1.0,1.0,0.0,0.0,0.0,0.0,0.0,0.0,100.0,100.0,100.0,1000.0,1000.0,1000.0,52.77553431903411,0,0,52.77553431903411,0.0,0.0,0,0
426012,61.0,62.0,20.5,0.0,0.0,0.0,40.0,1.0,1.0,1.0,0.0,0.0,0.0,0.0,0.0,0.0,100.0,100.0,100.0,1000.0,1000.0,1000.0,52.77553431903411,0,0,52.77553431903411,0.0,0.0,0,0
426212,61.0,62.0,20.5,0.0,0.0,0.0,40.0,1.0,1.0,1.0,0.0,0.0,0.0,0.0,0.0,0.0,100.0,100.0,100.0,1000.0,1000.0,1000.0,52.77553431903411,0,0,52.77553431903411,0.0,0.0,0,0
426412,61.0,62.0,20.5,0.0,0.0,0.0,40.0,1.0,1.0,1.0,0.0,0.0,0.0,0.0,0.0,0.0,100.0,100.0,100.0,1000.0,1000.0,1000.0,52.77553431903411,0,0,52.77553431903411,0.0,0.0,0,0
426612,61.0,62.0,20.5,0.0,0.0,0.0,40.0,1.0,1.0,1.0,0.0,0.0,0.0,0.0,0.0,0.0,100.0,100.0,100.0,1000.0,1000.0,1000.0,52.77553431903411,0,0,52.77553431903411,0.0,0.0,0,0
426812,61.0,62.0,20.5,0.0,0.0,0.0,40.0,1.0,1.0,1.0,0.0,0.0,0.0,0.0,0.0,0.0,100.0,100.0,100.0,1000.0,1000.0,1000.0,52.77553431903411,0,0,52.77553431903411,0.0,0.0,0,0
427012,61.0,62.0,20.5,0.0,0.0,0.0,40.0,1.0,1.0,1.0,0.0,0.0,0.0,0.0,0.0,0.0,100.0,100.0,100.0,1000.0,1000.0,1000.0,52.77553431903411,0,0,52.77553431903411,0.0,0.0,0,0
427212,61.0,62.0,20.5,0.0,0.0,0.0,40.0,1.0,1.0,1.0,0.0,0.0,0.0,0.0,0.0,0.0,100.0,100.0,100.0,1000.0,1000.0,1000.0,52.77553431903411,0,0,52.77553431903411,0.0,0.0,0,0
427412,61.0,62.0,20.5,0.0,0.0,0.0,40.0,1.0,1.0,1.0,0.0,0.0,0.0,0.0,0.0,0.0,100.0,100.0,100.0,1000.0,1000.0,1000.0,52.77553431903411,0,0,52.77553431903411,0.0,0.0,0,0
427612,61.0,62.0,20.5,0.0,0.0,0.0,40.0,1.0,1.0,1.0,0.0,0.0,0.0,0.0,0.0,0.0,100.0,100.0,100.0,1000.0,1000.0,1000.0,52.77553431903411,0,0,52.77553431903411,0.0,0.0,0,0
427812,61.0,62.0,20.5,0.0,0.0,0.0,40.0,1.0,1.0,1.0,0.0,0.0,0.0,0.0,0.0,0.0,100.0,100.0,100.0,1000.0,1000.0,1000.0,52.77553431903411,0,0,52.77553431903411,0.0,0.0,0,0
428012,61.0,62.0,20.5,0.0,0.0,0.0,40.0,1.0,1.0,1.0,0.0,0.0,0.0,0.0,0.0,0.0,100.0,100.0,100.0,1000.0,1000.0,1000.0,52.77553431903411,0,0,52.77553431903411,0.0,0.0,0,0
428212,61.0,62.0,20.5,0.0,0.0,0.0,40.0,1.0,1.0,1.0,0.0,0.0,0.0,0.0,0.0,0.0,100.0,100.0,100.0,1000.0,1000.0,1000.0,52.77553431903411,0,0,52.77553431903411,0.0,0.0,0,0
428412,61.0,62.0,20.5,0.0,0.0,0.0,40.0,1.0,1.0,1.0,0.0,0.0,0.0,0.0,0.0,0.0,100.0,100.0,100.0,1000.0,1000.0,1000.0,52.77553431903411,0,0,52.77553431903411,0.0,0.0,0,0
428612,61.0,62.0,20.5,0.0,0.0,0.0,40.0,1.0,1.0,1.0,0.0,0.0,0.0,0.0,0.0,0.0,100.0,100.0,100.0,1000.0,1000.0,1000.0,52.77553431903411,0,0,52.77553431903411,0.0,0.0,0,0
428812,61.0,62.0,20.5,0.0,0.0,0.0,40.0,1.0,1.0,1.0,0.0,0.0,0.0,0.0,0.0,0.0,100.0,100.0,100.0,1000.0,1000.0,1000.0,52.77553431903411,0,0,52.77553431903411,0.0,0.0,0,0
429012,61.0,62.0,20.5,0.0,0.0,0.0,40.0,1.0,1.0,1.0,0.0,0.0,0.0,0.0,0.0,0.0,100.0,100.0,100.0,1000.0,1000.0,1000.0,52.77553431903411,0,0,52.77553431903411,0.0,0.0,0,0
429212,61.0,62.0,20.5,0.0,0.0,0.0,40.0,1.0,1.0,1.0,0.0,0.0,0.0,0.0,0.0,0.0,100.0,100.0,100.0,1000.0,1000.0,1000.0,52.77553431903411,0,0,52.77553431903411,0.0,0.0,0,0
429412,61.0,62.0,20.5,0.0,0.0,0.0,40.0,1.0,1.0,1.0,0.0,0.0,0.0,0.0,0.0,0.0,100.0,100.0,100.0,1000.0,1000.0,1000.0,52.77553431903411,0,0,52.77553431903411,0.0,0.0,0,0
429612,61.0,62.0,20.5,0.0,0.0,0.0,40.0,1.0,1.0,1.0,0.0,0.0,0.0,0.0,0.0,0.0,100.0,100.0,100.0,1000.0,1000.0,1000.0,52.77553431903411,0,0,52.77553431903411,0.0,0.0,0,0
429812,61.0,62.0,20.5,0.0,0.0,0.0,40.0,1.0,1.0,1.0,0.0,0.0,0.0,0.0,0.0,0.0,100.0,100.0,100.0,1000.0,1000.0,1000.0,52.77553431903411,0,0,52.77553431903411,0.0,0.0,0,0
430012,61.0,62.0,20.5,0.0,0.0,0.0,40.0,1.0,1.0,1.0,0.0,0.0,0.0,0.0,0.0,0.0,100.0,100.0,100.0,1000.0,1000.0,1000.0,52.77553431903411,0,0,52.77553431903411,0.0,0.0,0,0
430212,61.0,62.0,20.5,0.0,0.0,0.0,40.0,1.0,1.0,1.0,0.0,0.0,0.0,0.0,0.0,0.0,100.0,100.0,100.0,1000.0,1000.0,1000.0,52.77553431903411,0,0,52.77553431903411,0.0,0.0,0,0
430412,61.0,62.0,20.5,0.0,0.0,0.0,40.0,1.0,1.0,1.0,0.0,0.0,0.0,0.0,0.0,0.0,100.0,100.0,100.0,1000.0,1000.0,1000.0,52.77553431903411,0,0,52.77553431903411,0.0,0.0,0,0
430612,61.0,62.0,20.5,0.0,0.0,0.0,40.0,1.0,1.0,1.0,0.0,0.0,0.0,0.0,0.0,0.0,100.0,100.0,100.0,1000.0,1000.0,1000.0,52.77553431903411,0,0,52.77553431903411,0.0,0.0,0,0
430812,61.0,62.0,20.5,0.0,0.0,0.0,40.0,1.0,1.0,1.0,0.0,0.0,0.0,0.0,0.0,0.0,100.0,100.0,100.0,1000.0,1000.0,1000.0,52.77553431903411,0,0,52.77553431903411,0.0,0.0,0,0
431012,61.0,62.0,20.5,0.0,0.0,0.0,40.0,1.0,1.0,1.0,0.0,0.0,0.0,0.0,0.0,0.0,100.0,100.0,100.0,1000.0,1000.0,1000.0,52.77553431903411,0,0,52.77553431903411,0.0,0.0,0,0
431212,61.0,62.0,20.5,0.0,0.0,0.0,40.0,1.0,1.0,1.0,0.0,0.0,0.0,0.0,0.0,0.0,100.0,100.0,100.0,1000.0,1000.0,1000.0,52.77553431903411,0,0,52.77553431903411,0.0,0.0,0,0
431412,61.0,62.0,20.5,0.0,0.0,0.0,40.0,1.0,1.0,1.0,0.0,0.0,0.0,0.0,0.0,0.0,100.0,100.0,100.0,1000.0,1000.0,1000.0,52.77553431903411,0,0,52.77553431903411,0.0,0.0,0,0
431612,61.0,62.0,20.5,0.0,0.0,0.0,40.0,1.0,1.0,1.0,0.0,0.0,0.0,0.0,0.0,0.0,100.0,100.0,100.0,1000.0,1000.0,1000.0,52.77553431903411,0,0,52.77553431903411,0.0,0.0,0,0
431812,61.0,62.0,20.5,0.0,0.0,0.0,40.0,1.0,1.0,1.0,0.0,0.0,0.0,0.0,0.0,0.0,100.0,100.0,100.0,1000.0,1000.0,1000.0,52.77553431903411,0,0,52.77553431903411,0.0,0.0,0,0
432012,61.0,62.0,20.5,0.0,0.0,0.0,40.0,1.0,1.0,1.0,0.0,0.0,0.0,0.0,0.0,0.0,100.0,100.0,100.0,1000.0,1000.0,1000.0,52.77553431903411,0,0,52.77553431903411,0.0,0.0,0,0
432212,61.0,62.0,20.5,0.0,0.0,0.0,40.0,1.0,1.0,1.0,0.0,0.0,0.0,0.0,0.0,0.0,100.0,100.0,100.0,1000.0,1000.0,1000.0,52.77553431903411,0,0,52.77553431903411,0.0,0.0,0,0
432412,61.0,62.0,20.5,0.0,0.0,0.0,40.0,1.0,1.0,1.0,0.0,0.0,0.0,0.0,0.0,0.0,100.0,100.0,100.0,1000.0,1000.0,1000.0,52.77553431903411,0,0,52.77553431903411,0.0,0.0,0,0
432612,61.0,62.0,20.5,0.0,0.0,0.0,40.0,1.0,1.0,1.0,0.0,0.0,0.0,0.0,0.0,0.0,100.0,100.0,100.0,1000.0,1000.0,1000.0,52.77553431903411,0,0,52.77553431903411,0.0,0.0,0,0
432812,61.0,62.0,20.5,0.0,0.0,0.0,40.0,1.0,1.0,1.0,0.0,0.0,0.0,0.0,0.0,0.0,100.0,100.0,100.0,1000.0,1000.0,1000.0,52.77553431903411,0,0,52.77553431903411,0.0,0.0,0,0
433012,61.0,62.0,20.5,0.0,0.0,0.0,40.0,1.0,1.0,1.0,0.0,0.0,0.0,0.0,0.0,0.0,100.0,100.0,100.0,1000.0,1000.0,1000.0,52.77553431903411,0,0,52.77553431903411,0.0,0.0,0,0
433212,61.0,62.0,20.5,0.0,0.0,0.0,40.0,1.0,1.0,1.0,0.0,0.0,0.0,0.0,0.0,0.0,100.0,100.0,100.0,1000.0,1000.0,1000.0,52.77553431903411,0,0,52.77553431903411,0.0,0.0,0,0
433412,61.0,62.0,20.5,0.0,0.0,0.0,40.0,1.0,1.0,1.0,0.0,0.0,0.0,0.0,0.0,0.0,100.0,100.0,100.0,1000.0,1000.0,1000.0,52.77553431903411,0,0,52.77553431903411,0.0,0.0,0,0
433612,61.0,62.0,20.5,0.0,0.0,0.0,40.0,1.0,1.0,1.0,0.0,0.0,0.0,0.0,0.0,0.0,100.0,100.0,100.0,1000.0,1000.0,1000.0,52.77553431903411,0,0,52.77553431903411,0.0,0.0,0,0
433812,61.0,62.0,20.5,0.0,0.0,0.0,40.0,1.0,1.0,1.0,0.0,0.0,0.0,0.0,0.0,0.0,100.0,100.0,100.0,1000.0,1000.0,1000.0,52.77553431903411,0,0,52.77553431903411,0.0,0.0,0,0
434012,61.0,62.0,20.5,0.0,0.0,0.0,40.0,1.0,1.0,1.0,0.0,0.0,0.0,0.0,0.0,0.0,100.0,100.0,100.0,1000.0,1000.0,1000.0,52.77553431903411,0,0,52.77553431903411,0.0,0.0,0,0
434212,61.0,62.0,20.5,0.0,0.0,0.0,40.0,1.0,1.0,1.0,0.0,0.0,0.0,0.0,0.0,0.0,100.0,100.0,100.0,1000.0,1000.0,1000.0,52.77553431903411,0,0,52.77553431903411,0.0,0.0,0,0
434412,61.0,62.0,20.5,0.0,0.0,0.0,40.0,1.0,1.0,1.0,0.0,0.0,0.0,0.0,0.0,0.0,100.0,100.0,100.0,1000.0,1000.0,1000.0,52.77553431903411,0,0,52.77553431903411,0.0,0.0,0,0
434612,61.0,62.0,20.5,0.0,0.0,0.0,40.0,1.0,1.0,1.0,0.0,0.0,0.0,0.0,0.0,0.0,100.0,100.0,100.0,1000.0,1000.0,1000.0,52.77553431903411,0,0,52.77553431903411,0.0,0.0,0,0
434812,61.0,62.0,20.5,0.0,0.0,0.0,40.0,1.0,1.0,1.0,0.0,0.0,0.0,0.0,0.0,0.0,100.0,100.0,100.0,1000.0,1000.0,1000.0,52.77553431903411,0,0,52.77553431903411,0.0,0.0,0,0
435012,61.0,62.0,20.5,0.0,0.0,0.0,40.0,1.0,1.0,1.0,0.0,0.0,0.0,0.0,0.0,0.0,100.0,100.0,100.0,1000.0,1000.0,1000.0,52.77553431903411,0,0,52.77553431903411,0.0,0.0,0,0
435212,61.0,62.0,20.5,0.0,0.0,0.0,40.0,1.0,1.0,1.0,0.0,0.0,0.0,0.0,0.0,0.0,100.0,100.0,100.0,1000.0,1000.0,1000.0,52.054982744284096,0,0,52.054982744284096,0.0,0.0,1,0
435412,61.0,62.0,20.5,0.0,0.0,0.0,40.0,1.0,1.0,1.0,0.0,0.0,0.0,0.0,0.0,0.0,100.0,100.0,100.0,1000.0,1000.0,1000.0,52.054982744284096,0,0,52.054982744284096,0.0,0.0,0,0
435612,61.0,62.0,20.5,0.0,0.0,0.0,40.0,1.0,1.0,1.0,0.0,0.0,0.0,0.0,0.0,0.0,100.0,100.0,100.0,1000.0,1000.0,1000.0,52.054982744284096,0,0,52.054982744284096,0.0,0.0,0,0
435812,61.0,62.0,20.5,0.0,0.0,0.0,40.0,1.0,1.0,1.0,0.0,0.0,0.0,0.0,0.0,0.0,100.0,100.0,100.0,1000.0,1000.0,1000.0,52.054982744284096,0,0,52.054982744284096,0.0,0.0,0,0
436012,61.0,62.0,20.5,0.0,0.0,0.0,40.0,1.0,1.0,1.0,0.0,0.0,0.0,0.0,0.0,0.0,100.0,100.0,100.0,1000.0,1000.0,1000.0,52.054982744284096,0,0,52.054982744284096,0.0,0.0,0,0
436212,61.0,62.0,20.5,0.0,0.0,0.0,40.0,1.0,1.0,1.0,0.0,0.0,0.0,0.0,0.0,0.0,100.0,100.0,100.0,1000.0,1000.0,1000.0,52.054982744284096,0,0,52.054982744284096,0.0,0.0,0,0
436412,61.0,62.0,20.5,0.0,0.0,0.0,40.0,1.0,1.0,1.0,0.0,0.0,0.0,0.0,0.0,0.0,100.0,100.0,100.0,1000.0,1000.0,1000.0,52.054982744284096,0,0,52.054982744284096,0.0,0.0,0,0
436612,61.0,62.0,20.5,0.0,0.0,0.0,40.0,1.0,1.0,1.0,0.0,0.0,0.0,0.0,0.0,0.0,100.0,100.0,100.0,1000.0,1000.0,1000.0,52.054982744284096,0,0,52.054982744284096,0.0,0.0,0,0
436812,61.0,62.0,20.5,0.0,0.0,0.0,40.0,1.0,1.0,1.0,0.0,0.0,0.0,0.0,0.0,0.0,100.0,100.0,100.0,1000.0,1000.0,1000.0,52.054982744284096,0,0,52.054982744284096,0.0,0.0,0,0
437012,61.0,62.0,20.5,0.0,0.0,0.0,40.0,1.0,1.0,1.0,0.0,0.0,0.0,0.0,0.0,0.0,100.0,100.0,100.0,1000.0,1000.0,1000.0,52.054982744284096,0,0,52.054982744284096,0.0,0.0,0,0
437212,61.0,62.0,20.5,0.0,0.0,0.0,40.0,1.0,1.0,1.0,0.0,0.0,0.0,0.0,0.0,0.0,100.0,100.0,100.0,1000.0,1000.0,1000.0,52.054982744284096,0,0,52.054982744284096,0.0,0.0,0,0
437412,61.0,62.0,20.5,0.0,0.0,0.0,40.0,1.0,1.0,1.0,0.0,0.0,0.0,0.0,0.0,0.0,100.0,100.0,100.0,1000.0,1000.0,1000.0,52.054982744284096,0,0,52.054982744284096,0.0,0.0,0,0
437612,61.0,62.0,20.5,0.0,0.0,0.0,40.0,1.0,1.0,1.0,0.0,0.0,0.0,0.0,0.0,0.0,100.0,100.0,100.0,1000.0,1000.0,1000.0,52.054982744284096,0,0,52.054982744284096,0.0,0.0,0,0
437812,61.0,62.0,20.5,0.0,0.0,0.0,40.0,1.0,1.0,1.0,0.0,0.0,0.0,0.0,0.0,0.0,100.0,100.0,100.0,1000.0,1000.0,1000.0,52.054982744284096,0,0,52.054982744284096,0.0,0.0,0,0
438012,61.0,62.0,20.5,0.0,0.0,0.0,40.0,1.0,1.0,1.0,0.0,0.0,0.0,0.0,0.0,0.0,100.0,100.0,100.0,1000.0,1000.0,1000.0,52.054982744284096,0,0,52.054982744284096,0.0,0.0,0,0
438212,61.0,62.0,20.5,0.0,0.0,0.0,40.0,1.0,1.0,1.0,0.0,0.0,0.0,0.0,0.0,0.0,100.0,100.0,100.0,1000.0,1000.0,1000.0,52.054982744284096,0,0,52.054982744284096,0.0,0.0,0,0
438412,61.0,62.0,20.5,0.0,0.0,0.0,40.0,1.0,1.0,1.0,0.0,0.0,0.0,0.0,0.0,0.0,100.0,100.0,100.0,1000.0,1000.0,1000.0,52.054982744284096,0,0,52.054982744284096,0.0,0.0,0,0
438612,61.0,62.0,20.5,0.0,0.0,0.0,40.0,1.0,1.0,1.0,0.0,0.0,0.0,0.0,0.0,0.0,100.0,100.0,100.0,1000.0,1000.0,1000.0,52.054982744284096,0,0,52.054982744284096,0.0,0.0,0,0
438812,61.0,62.0,20.5,0.0,0.0,0.0,40.0,1.0,1.0,1.0,0.0,0.0,0.0,0.0,0.0,0.0,100.0,100.0,100.0,1000.0,1000.0,1000.0,52.054982744284096,0,0,52.054982744284096,0.0,0.0,0,0
439012,61.0,62.0,20.5,0.0,0.0,0.0,40.0,1.0,1.0,1.0,0.0,0.0,0.0,0.0,0.0,0.0,100.0,100.0,100.0,1000.0,1000.0,1000.0,52.054982744284096,0,0,52.054982744284096,0.0,0.0,0,0
439212,61.0,62.0,20.5,0.0,0.0,0.0,40.0,1.0,1.0,1.0,0.0,0.0,0.0,0.0,0.0,0.0,100.0,100.0,100.0,1000.0,1000.0,1000.0,52.054982744284096,0,0,52.054982744284096,0.0,0.0,0,0
439412,61.0,62.0,20.5,0.0,0.0,0.0,40.0,1.0,1.0,1.0,0.0,0.0,0.0,0.0,0.0,0.0,100.0,100.0,100.0,1000.0,1000.0,1000.0,52.054982744284096,0,0,52.054982744284096,0.0,0.0,0,0
439612,61.0,62.0,20.5,0.0,0.0,0.0,40.0,1.0,1.0,1.0,0.0,0.0,0.0,0.0,0.0,0.0,100.0,100.0,100.0,1000.0,1000.0,1000.0,52.054982744284096,0,0,52.054982744284096,0.0,0.0,0,0
439812,61.0,62.0,20.5,0.0,0.0,0.0,40.0,1.0,1.0,1.0,0.0,0.0,0.0,0.0,0.0,0.0,100.0,100.0,100.0,1000.0,1000.0,1000.0,52.054982744284096,0,0,52.054982744284096,0.0,0.0,0,0
440012,61.0,62.0,20.5,0.0,0.0,0.0,40.0,1.0,1.0,1.0,0.0,0.0,0.0,0.0,0.0,0.0,100.0,100.0,100.0,1000.0,1000.0,1000.0,52.054982744284096,0,0,52.054982744284096,0.0,0.0,0,0
440212,61.0,62.0,20.5,0.0,0.0,0.0,40.0,1.0,1.0,1.0,0.0,0.0,0.0,0.0,0.0,0.0,100.0,100.0,100.0,1000.0,1000.0,1000.0,52.054982744284096,0,0,52.054982744284096,0.0,0.0,0,0
440412,61.0,62.0,20.5,0.0,0.0,0.0,40.0,1.0,1.0,1.0,0.0,0.0,0.0,0.0,0.0,0.0,100.0,100.0,100.0,1000.0,1000.0,1000.0,52.054982744284096,0,0,52.054982744284096,0.0,0.0,0,0
440612,61.0,62.0,20.5,0.0,0.0,0.0,40.0,1.0,1.0,1.0,0.0,0.0,0.0,0.0,0.0,0.0,100.0,100.0,100.0,1000.0,1000.0,1000.0,52.054982744284096,0,0,52.054982744284096,0.0,0.0,0,0
440812,61.0,62.0,20.5,0.0,0.0,0.0,40.0,1.0,1.0,1.0,0.0,0.0,0.0,0.0,0.0,0.0,100.0,100.0,100.0,1000.0,1000.0,1000.0,52.054982744284096,0,0,52.054982744284096,0.0,0.0,0,0
441012,61.0,62.0,20.5,0.0,0.0,0.0,40.0,1.0,1.0,1.0,0.0,0.0,0.0,0.0,0.0,0.0,100.0,100.0,100.0,1000.0,1000.0,1000.0,52.054982744284096,0,0,52.054982744284096,0.0,0.0,0,0
441212,61.0,62.0,20.5,0.0,0.0,0.0,40.0,1.0,1.0,1.0,0.0,0.0,0.0,0.0,0.0,0.0,100.0,100.0,100.0,1000.0,1000.0,1000.0,52.054982744284096,0,0,52.054982744284096,0.0,0.0,0,0
441412,61.0,62.0,20.5,0.0,0.0,0.0,40.0,1.0,1.0,1.0,0.0,0.0,0.0,0.0,0.0,0.0,100.0,100.0,100.0,1000.0,1000.0,1000.0,52.054982744284096,0,0,52.054982744284096,0.0,0.0,0,0
441612,61.0,62.0,20.5,0.0,0.0,0.0,40.0,1.0,1.0,1.0,0.0,0.0,0.0,0.0,0.0,0.0,100.0,100.0,100.0,1000.0,1000.0,1000.0,52.054982744284096,0,0,52.054982744284096,0.0,0.0,0,0
441812,61.0,62.0,20.5,0.0,0.0,0.0,40.0,1.0,1.0,1.0,0.0,0.0,0.0,0.0,0.0,0.0,100.0,100.0,100.0,1000.0,1000.0,1000.0,52.054982744284096,0,0,52.054982744284096,0.0,0.0,0,0
442012,61.0,62.0,20.5,0.0,0.0,0.0,40.0,1.0,1.0,1.0,0.0,0.0,0.0,0.0,0.0,0.0,100.0,100.0,100.0,1000.0,1000.0,1000.0,52.054982744284096,0,0,52.054982744284096,0.0,0.0,0,0
442212,61.0,62.0,20.5,0.0,0.0,0.0,40.0,1.0,1.0,1.0,0.0,0.0,0.0,0.0,0.0,0.0,100.0,100.0,100.0,1000.0,1000.0,1000.0,52.054982744284096,0,0,52.054982744284096,0.0,0.0,0,0
442412,61.0,62.0,20.5,0.0,0.0,0.0,40.0,1.0,1.0,1.0,0.0,0.0,0.0,0.0,0.0,0.0,100.0,100.0,100.0,1000.0,1000.0,1000.0,52.054982744284096,0,0,52.054982744284096,0.0,0.0,0,0
442612,61.0,62.0,20.5,0.0,0.0,0.0,40.0,1.0,1.0,1.0,0.0,0.0,0.0,0.0,0.0,0.0,100.0,100.0,100.0,1000.0,1000.0,1000.0,52.054982744284096,0,0,52.054982744284096,0.0,0.0,0,0
442812,61.0,62.0,20.5,0.0,0.0,0.0,40.0,1.0,1.0,1.0,0.0,0.0,0.0,0.0,0.0,0.0,100.0,100.0,100.0,1000.0,1000.0,1000.0,52.054982744284096,0,0,52.054982744284096,0.0,0.0,0,0
443012,61.0,62.0,20.5,0.0,0.0,0.0,40.0,1.0,1.0,1.0,0.0,0.0,0.0,0.0,0.0,0.0,100.0,100.0,100.0,1000.0,1000.0,1000.0,52.054982744284096,0,0,52.054982744284096,0.0,0.0,0,0
443212,61.0,62.0,20.5,0.0,0.0,0.0,40.0,1.0,1.0,1.0,0.0,0.0,0.0,0.0,0.0,0.0,100.0,100.0,100.0,1000.0,1000.0,1000.0,52.054982744284096,0,0,52.054982744284096,0.0,0.0,0,0
443412,61.0,62.0,20.5,0.0,0.0,0.0,40.0,1.0,1.0,1.0,0.0,0.0,0.0,0.0,0.0,0.0,100.0,100.0,100.0,1000.0,1000.0,1000.0,52.054982744284096,0,0,52.054982744284096,0.0,0.0,0,0
443612,61.0,62.0,20.5,0.0,0.0,0.0,40.0,1.0,1.0,1.0,0.0,0.0,0.0,0.0,0.0,0.0,100.0,100.0,100.0,1000.0,1000.0,1000.0,52.054982744284096,0,0,52.054982744284096,0.0,0.0,0,0
443812,61.0,62.0,20.5,0.0,0.0,0.0,40.0,1.0,1.0,1.0,0.0,0.0,0.0,0.0,0.0,0.0,100.0,100.0,100.0,1000.0,1000.0,1000.0,52.054982744284096,0,0,52.054982744284096,0.0,0.0,0,0
444012,61.0,62.0,20.5,0.0,0.0,0.0,40.0,1.0,1.0,1.0,0.0,0.0,0.0,0.0,0.0,0.0,100.0,100.0,100.0,1000.0,1000.0,1000.0,52.054982744284096,0,0,52.054982744284096,0.0,0.0,0,0
444212,61.0,62.0,20.5,0.0,0.0,0.0,40.0,1.0,1.0,1.0,0.0,0.0,0.0,0.0,0.0,0.0,100.0,100.0,100.0,1000.0,1000.0,1000.0,52.054982744284096,0,0,52.054982744284096,0.0,0.0,0,0
444412,61.0,62.0,20.5,0.0,0.0,0.0,40.0,1.0,1.0,1.0,0.0,0.0,0.0,0.0,0.0,0.0,100.0,100.0,100.0,1000.0,1000.0,1000.0,52.054982744284096,0,0,52.054982744284096,0.0,0.0,0,0
444612,61.0,62.0,20.5,0.0,0.0,0.0,40.0,1.0,1.0,1.0,0.0,0.0,0.0,0.0,0.0,0.0,100.0,100.0,100.0,1000.0,1000.0,1000.0,52.054982744284096,0,0,52.054982744284096,0.0,0.0,0,0
444812,61.0,62.0,20.5,0.0,0.0,0.0,40.0,1.0,1.0,1.0,0.0,0.0,0.0,0.0,0.0,0.0,100.0,100.0,100.0,1000.0,1000.0,1000.0,52.054982744284096,0,0,52.054982744284096,0.0,0.0,0,0
445012,61.0,62.0,20.5,0.0,0.0,0.0,40.0,1.0,1.0,1.0,0.0,0.0,0.0,0.0,0.0,0.0,100.0,100.0,100.0,1000.0,1000.0,1000.0,52.054982744284096,0,0,52.054982744284096,0.0,0.0,0,0
445212,61.0,62.0,20.5,0.0,0.0,0.0,40.0,1.0,1.0,1.0,0.0,0.0,0.0,0.0,0.0,0.0,100.0,100.0,100.0,1000.0,1000.0,1000.0,52.054982744284096,0,0,52.054982744284096,0.0,0.0,0,0
445412,61.0,62.0,20.5,0.0,0.0,0.0,40.0,1.0,1.0,1.0,0.0,0.0,0.0,0.0,0.0,0.0,100.0,100.0,100.0,1000.0,1000.0,1000.0,52.054982744284096,0,0,52.054982744284096,0.0,0.0,0,0
445612,61.0,62.0,20.5,0.0,0.0,0.0,40.0,1.0,1.0,1.0,0.0,0.0,0.0,0.0,0.0,0.0,100.0,100.0,100.0,1000.0,1000.0,1000.0,52.054982744284096,0,0,52.054982744284096,0.0,0.0,0,0
445812,61.0,62.0,20.5,0.0,0.0,0.0,40.0,1.0,1.0,1.0,0.0,0.0,0.0,0.0,0.0,0.0,100.0,100.0,100.0,1000.0,1000.0,1000.0,52.054982744284096,0,0,52.054982744284096,0.0,0.0,0,0
446012,61.0,62.0,20.5,0.0,0.0,0.0,40.0,1.0,1.0,1.0,0.0,0.0,0.0,0.0,0.0,0.0,100.0,100.0,100.0,1000.0,1000.0,1000.0,52.054982744284096,0,0,52.054982744284096,0.0,0.0,0,0
446212,61.0,62.0,20.5,0.0,0.0,0.0,40.0,1.0,1.0,1.0,0.0,0.0,0.0,0.0,0.0,0.0,100.0,100.0,100.0,1000.0,1000.0,1000.0,52.054982744284096,0,0,52.054982744284096,0.0,0.0,0,0
446412,61.0,62.0,20.5,0.0,0.0,0.0,40.0,1.0,1.0,1.0,0.0,0.0,0.0,0.0,0.0,0.0,100.0,100.0,100.0,1000.0,1000.0,1000.0,52.054982744284096,0,0,52.054982744284096,0.0,0.0,0,0
446612,61.0,62.0,21.0,0.0,0.0,0.0,40.0,1.0,1.0,1.0,0.0,0.0,0.0,0.0,0.0,0.0,100.0,100.0,100.0,1000.0,1000.0,1000.0,52.054982744284096,0,0,52.054982744284096,0.0,0.0,0,0
446812,61.0,62.0,21.0,0.0,0.0,0.0,40.0,1.0,1.0,1.0,0.0,0.0,0.0,0.0,0.0,0.0,100.0,100.0,100.0,1000.0,1000.0,1000.0,52.054982744284096,0,0,52.054982744284096,0.0,0.0,0,0
447012,61.0,62.0,21.0,0.0,0.0,0.0,40.0,1.0,1.0,1.0,0.0,0.0,0.0,0.0,0.0,0.0,100.0,100.0,100.0,1000.0,1000.0,1000.0,52.054982744284096,0,0,52.054982744284096,0.0,0.0,0,0
447212,61.0,62.0,21.0,0.0,0.0,0.0,40.0,1.0,1.0,1.0,0.0,0.0,0.0,0.0,0.0,0.0,100.0,100.0,100.0,1000.0,1000.0,1000.0,52.054982744284096,0,0,52.054982744284096,0.0,0.0,0,0
447412,61.0,62.0,21.0,0.0,0.0,0.0,40.0,1.0,1.0,1.0,0.0,0.0,0.0,0.0,0.0,0.0,100.0,100.0,100.0,1000.0,1000.0,1000.0,52.054982744284096,0,0,52.054982744284096,0.0,0.0,0,0
447612,61.0,62.0,21.0,0.0,0.0,0.0,40.0,1.0,1.0,1.0,0.0,0.0,0.0,0.0,0.0,0.0,100.0,100.0,100.0,1000.0,1000.0,1000.0,52.054982744284096,0,0,52.054982744284096,0.0,0.0,0,0
447812,61.0,62.0,21.0,0.0,0.0,0.0,40.0,1.0,1.0,1.0,0.0,0.0,0.0,0.0,0.0,0.0,100.0,100.0,100.0,1000.0,1000.0,1000.0,52.054982744284096,0,0,52.054982744284096,0.0,0.0,0,0
448012,61.0,62.0,21.0,0.0,0.0,0.0,40.0,1.0,1.0,1.0,0.0,0.0,0.0,0.0,0.0,0.0,100.0,100.0,100.0,1000.0,1000.0,1000.0,52.054982744284096,0,0,52.054982744284096,0.0,0.0,0,0
448212,61.0,62.0,21.0,0.0,0.0,0.0,40.0,1.0,1.0,1.0,0.0,0.0,0.0,0.0,0.0,0.0,100.0,100.0,100.0,1000.0,1000.0,1000.0,52.054982744284096,0,0,52.054982744284096,0.0,0.0,0,0
448412,61.0,62.0,21.0,0.0,0.0,0.0,40.0,1.0,1.0,1.0,0.0,0.0,0.0,0.0,0.0,0.0,100.0,100.0,100.0,1000.0,1000.0,1000.0,52.054982744284096,0,0,52.054982744284096,0.0,0.0,0,0
448612,61.0,62.0,21.0,0.0,0.0,0.0,40.0,1.0,1.0,1.0,0.0,0.0,0.0,0.0,0.0,0.0,100.0,100.0,100.0,1000.0,1000.0,1000.0,52.054982744284096,0,0,52.054982744284096,0.0,0.0,0,0
448812,61.0,62.0,21.0,0.0,0.0,0.0,40.0,1.0,1.0,1.0,0.0,0.0,0.0,0.0,0.0,0.0,100.0,100.0,100.0,1000.0,1000.0,1000.0,52.054982744284096,0,0,52.054982744284096,0.0,0.0,0,0
449012,61.0,62.0,21.0,0.0,0.0,0.0,40.0,1.0,1.0,1.0,0.0,0.0,0.0,0.0,0.0,0.0,100.0,100.0,100.0,1000.0,1000.0,1000.0,52.054982744284096,0,0,52.054982744284096,0.0,0.0,0,0
449212,61.0,62.0,21.0,0.0,0.0,0.0,40.0,1.0,1.0,1.0,0.0,0.0,0.0,0.0,0.0,0.0,100.0,100.0,100.0,1000.0,1000.0,1000.0,52.054982744284096,0,0,52.054982744284096,0.0,0.0,0,0
449412,61.0,62.0,21.0,0.0,0.0,0.0,40.0,1.0,1.0,1.0,0.0,0.0,0.0,0.0,0.0,0.0,100.0,100.0,100.0,1000.0,1000.0,1000.0,52.054982744284096,0,0,52.054982744284096,0.0,0.0,0,0
449612,61.0,62.0,20.5,0.0,0.0,0.0,40.0,1.0,1.0,1.0,0.0,0.0,0.0,0.0,0.0,0.0,100.0,100.0,100.0,1000.0,1000.0,1000.0,52.054982744284096,0,0,52.054982744284096,0.0,0.0,0,0
449812,61.0,62.0,20.5,0.0,0.0,0.0,40.0,1.0,1.0,1.0,0.0,0.0,0.0,0.0,0.0,0.0,100.0,100.0,100.0,1000.0,1000.0,1000.0,52.054982744284096,0,0,52.054982744284096,0.0,0.0,0,0
450012,61.0,62.0,21.0,0.0,0.0,0.0,40.0,1.0,1.0,1.0,0.0,0.0,0.0,0.0,0.0,0.0,100.0,100.0,100.0,1000.0,1000.0,1000.0,52.054982744284096,0,0,52.054982744284096,0.0,0.0,0,0
450212,61.0,62.0,21.0,0.0,0.0,0.0,40.0,1.0,1.0,1.0,0.0,0.0,0.0,0.0,0.0,0.0,100.0,100.0,100.0,1000.0,1000.0,1000.0,57.01237561700325,0,0,57.01237561700325,0.0,0.0,1,0
450412,61.0,62.0,21.0,0.0,0.0,0.0,40.0,1.0,1.0,1.0,0.0,0.0,0.0,0.0,0.0,0.0,100.0,100.0,100.0,1000.0,1000.0,1000.0,57.01237561700325,0,0,57.01237561700325,0.0,0.0,0,0
450612,61.0,62.0,21.0,0.0,0.0,0.0,40.0,1.0,1.0,1.0,0.0,0.0,0.0,0.0,0.0,0.0,100.0,100.0,100.0,1000.0,1000.0,1000.0,57.01237561700325,0,0,57.01237561700325,0.0,0.0,0,0
450812,61.0,62.0,21.0,0.0,0.0,0.0,40.0,1.0,1.0,1.0,0.0,0.0,0.0,0.0,0.0,0.0,100.0,100.0,100.0,1000.0,1000.0,1000.0,57.01237561700325,0,0,57.01237561700325,0.0,0.0,0,0
451012,61.0,62.0,21.0,0.0,0.0,0.0,40.0,1.0,1.0,1.0,0.0,0.0,0.0,0.0,0.0,0.0,100.0,100.0,100.0,1000.0,1000.0,1000.0,57.01237561700325,0,0,57.01237561700325,0.0,0.0,0,0
451212,61.0,62.0,21.0,0.0,0.0,0.0,40.0,1.0,1.0,1.0,0.0,0.0,0.0,0.0,0.0,0.0,100.0,100.0,100.0,1000.0,1000.0,1000.0,57.01237561700325,0,0,57.01237561700325,0.0,0.0,0,0
451412,61.0,62.0,21.0,0.0,0.0,0.0,40.0,1.0,1.0,1.0,0.0,0.0,0.0,0.0,0.0,0.0,100.0,100.0,100.0,1000.0,1000.0,1000.0,57.01237561700325,0,0,57.01237561700325,0.0,0.0,0,0
451612,61.0,62.0,21.0,0.0,0.0,0.0,40.0,1.0,1.0,1.0,0.0,0.0,0.0,0.0,0.0,0.0,100.0,100.0,100.0,1000.0,1000.0,1000.0,57.01237561700325,0,0,57.01237561700325,0.0,0.0,0,0
451812,61.0,62.0,21.0,0.0,0.0,0.0,40.0,1.0,1.0,1.0,0.0,0.0,0.0,0.0,0.0,0.0,100.0,100.0,100.0,1000.0,1000.0,1000.0,57.01237561700325,0,0,57.01237561700325,0.0,0.0,0,0
452012,61.0,62.0,21.0,0.0,0.0,0.0,40.0,1.0,1.0,1.0,0.0,0.0,0.0,0.0,0.0,0.0,100.0,100.0,100.0,1000.0,1000.0,1000.0,57.01237561700325,0,0,57.01237561700325,0.0,0.0,0,0
452212,61.0,62.0,21.0,0.0,0.0,0.0,40.0,1.0,1.0,1.0,0.0,0.0,0.0,0.0,0.0,0.0,100.0,100.0,100.0,1000.0,1000.0,1000.0,57.01237561700325,0,0,57.01237561700325,0.0,0.0,0,0
452412,61.0,62.0,21.0,0.0,0.0,0.0,40.0,1.0,1.0,1.0,0.0,0.0,0.0,0.0,0.0,0.0,100.0,100.0,100.0,1000.0,1000.0,1000.0,57.01237561700325,0,0,57.01237561700325,0.0,0.0,0,0
452612,61.0,62.0,21.0,0.0,0.0,0.0,40.0,1.0,1.0,1.0,0.0,0.0,0.0,0.0,0.0,0.0,100.0,100.0,100.0,1000.0,1000.0,1000.0,57.01237561700325,0,0,57.01237561700325,0.0,0.0,0,0
452812,61.0,62.0,21.0,0.0,0.0,0.0,40.0,1.0,1.0,1.0,0.0,0.0,0.0,0.0,0.0,0.0,100.0,100.0,100.0,1000.0,1000.0,1000.0,57.01237561700325,0,0,57.01237561700325,0.0,0.0,0,0
453012,61.0,62.0,21.0,0.0,0.0,0.0,40.0,1.0,1.0,1.0,0.0,0.0,0.0,0.0,0.0,0.0,100.0,100.0,100.0,1000.0,1000.0,1000.0,57.01237561700325,0,0,57.01237561700325,0.0,0.0,0,0
453212,61.0,62.0,21.0,0.0,0.0,0.0,40.0,1.0,1.0,1.0,0.0,0.0,0.0,0.0,0.0,0.0,100.0,100.0,100.0,1000.0,1000.0,1000.0,57.01237561700325,0,0,57.01237561700325,0.0,0.0,0,0
453412,61.0,62.0,21.0,0.0,0.0,0.0,40.0,1.0,1.0,1.0,0.0,0.0,0.0,0.0,0.0,0.0,100.0,100.0,100.0,1000.0,1000.0,1000.0,57.01237561700325,0,0,57.01237561700325,0.0,0.0,0,0
453612,61.0,62.5,21.0,0.0,0.0,0.0,40.0,1.0,1.0,1.0,0.0,0.0,0.0,0.0,0.0,0.0,100.0,100.0,100.0,1000.0,1000.0,1000.0,57.01237561700325,0,0,57.01237561700325,0.0,0.0,0,0
453812,61.0,62.5,21.0,0.0,0.0,0.0,40.0,1.0,1.0,1.0,0.0,0.0,0.0,0.0,0.0,0.0,100.0,100.0,100.0,1000.0,1000.0,1000.0,57.01237561700325,0,0,57.01237561700325,0.0,0.0,0,0
454012,61.0,62.5,21.0,0.0,0.0,0.0,40.0,1.0,1.0,1.0,0.0,0.0,0.0,0.0,0.0,0.0,100.0,100.0,100.0,1000.0,1000.0,1000.0,57.01237561700325,0,0,57.01237561700325,0.0,0.0,0,0
454212,61.0,62.5,21.0,0.0,0.0,0.0,40.0,1.0,1.0,1.0,0.0,0.0,0.0,0.0,0.0,0.0,100.0,100.0,100.0,1000.0,1000.0,1000.0,57.01237561700325,0,0,57.01237561700325,0.0,0.0,0,0
454412,61.0,62.5,21.0,0.0,0.0,0.0,40.0,1.0,1.0,1.0,0.0,0.0,0.0,0.0,0.0,0.0,100.0,100.0,100.0,1000.0,1000.0,1000.0,57.01237561700325,0,0,57.01237561700325,0.0,0.0,0,0
454612,61.0,62.5,21.0,0.0,0.0,0.0,40.0,1.0,1.0,1.0,0.0,0.0,0.0,0.0,0.0,0.0,100.0,100.0,100.0,1000.0,1000.0,1000.0,57.01237561700325,0,0,57.01237561700325,0.0,0.0,0,0
454812,61.0,62.5,21.0,0.0,0.0,0.0,40.0,1.0,1.0,1.0,0.0,0.0,0.0,0.0,0.0,0.0,100.0,100.0,100.0,1000.0,1000.0,1000.0,57.01237561700325,0,0,57.01237561700325,0.0,0.0,0,0
455012,61.0,62.5,21.0,0.0,0.0,0.0,40.0,1.0,1.0,1.0,0.0,0.0,0.0,0.0,0.0,0.0,100.0,100.0,100.0,1000.0,1000.0,1000.0,57.01237561700325,0,0,57.01237561700325,0.0,0.0,0,0
455212,61.0,62.5,21.0,0.0,0.0,0.0,40.0,1.0,1.0,1.0,0.0,0.0,0.0,0.0,0.0,0.0,100.0,100.0,100.0,1000.0,1000.0,1000.0,57.01237561700325,0,0,57.01237561700325,0.0,0.0,0,0
455412,61.0,62.5,21.0,0.0,0.0,0.0,40.0,1.0,1.0,1.0,0.0,0.0,0.0,0.0,0.0,0.0,100.0,100.0,100.0,1000.0,1000.0,1000.0,57.01237561700325,0,0,57.01237561700325,0.0,0.0,0,0
455612,61.0,62.5,21.0,0.0,0.0,0.0,40.0,1.0,1.0,1.0,0.0,0.0,0.0,0.0,0.0,0.0,100.0,100.0,100.0,1000.0,1000.0,1000.0,57.01237561700325,0,0,57.01237561700325,0.0,0.0,0,0
455812,61.0,62.5,21.0,0.0,0.0,0.0,40.0,1.0,1.0,1.0,0.0,0.0,0.0,0.0,0.0,0.0,100.0,100.0,100.0,1000.0,1000.0,1000.0,57.01237561700325,0,0,57.01237561700325,0.0,0.0,0,0
456012,61.0,62.5,21.0,0.0,0.0,0.0,40.0,1.0,1.0,1.0,0.0,0.0,0.0,0.0,0.0,0.0,100.0,100.0,100.0,1000.0,1000.0,1000.0,57.01237561700325,0,0,57.01237561700325,0.0,0.0,0,0
456212,61.0,62.5,21.0,0.0,0.0,0.0,40.0,1.0,1.0,1.0,0.0,0.0,0.0,0.0,0.0,0.0,100.0,100.0,100.0,1000.0,1000.0,1000.0,57.01237561700325,0,0,57.01237561700325,0.0,0.0,0,0
456412,61.0,62.5,21.0,0.0,0.0,0.0,40.0,1.0,1.0,1.0,0.0,0.0,0.0,0.0,0.0,0.0,100.0,100.0,100.0,1000.0,1000.0,1000.0,57.01237561700325,0,0,57.01237561700325,0.0,0.0,0,0
456612,61.0,62.5,21.0,0.0,0.0,0.0,40.0,1.0,1.0,1.0,0.0,0.0,0.0,0.0,0.0,0.0,100.0,100.0,100.0,1000.0,1000.0,1000.0,57.01237561700325,0,0,57.01237561700325,0.0,0.0,0,0
456812,61.5,62.5,21.0,0.0,0.0,0.0,40.0,1.0,1.0,1.0,0.0,0.0,0.0,0.0,0.0,0.0,100.0,100.0,100.0,1000.0,1000.0,1000.0,57.01237561700325,0,0,57.01237561700325,0.0,0.0,0,0
457012,61.5,62.5,21.0,0.0,0.0,0.0,40.0,1.0,1.0,1.0,0.0,0.0,0.0,0.0,0.0,0.0,100.0,100.0,100.0,1000.0,1000.0,1000.0,57.01237561700325,0,0,57.01237561700325,0.0,0.0,0,0
457212,61.5,62.5,21.0,0.0,0.0,0.0,40.0,1.0,1.0,1.0,0.0,0.0,0.0,0.0,0.0,0.0,100.0,100.0,100.0,1000.0,1000.0,1000.0,57.01237561700325,0,0,57.01237561700325,0.0,0.0,0,0
457412,61.5,62.5,21.0,0.0,0.0,0.0,40.0,1.0,1.0,1.0,0.0,0.0,0.0,0.0,0.0,0.0,100.0,100.0,100.0,1000.0,1000.0,1000.0,57.01237561700325,0,0,57.01237561700325,0.0,0.0,0,0
457612,61.5,62.5,21.0,0.0,0.0,0.0,40.0,1.0,1.0,1.0,0.0,0.0,0.0,0.0,0.0,0.0,100.0,100.0,100.0,1000.0,1000.0,1000.0,57.01237561700325,0,0,57.01237561700325,0.0,0.0,0,0
457812,61.5,62.5,21.0,0.0,0.0,0.0,40.0,1.0,1.0,1.0,0.0,0.0,0.0,0.0,0.0,0.0,100.0,100.0,100.0,1000.0,1000.0,1000.0,57.01237561700325,0,0,57.01237561700325,0.0,0.0,0,0
458012,61.5,62.5,21.0,0.0,0.0,0.0,40.0,1.0,1.0,1.0,0.0,0.0,0.0,0.0,0.0,0.0,100.0,100.0,100.0,1000.0,1000.0,1000.0,57.01237561700325,0,0,57.01237561700325,0.0,0.0,0,0
458212,61.5,62.5,21.0,0.0,0.0,0.0,40.0,1.0,1.0,1.0,0.0,0.0,0.0,0.0,0.0,0.0,100.0,100.0,100.0,1000.0,1000.0,1000.0,57.01237561700325,0,0,57.01237561700325,0.0,0.0,0,0
458412,61.5,62.5,21.0,0.0,0.0,0.0,40.0,1.0,1.0,1.0,0.0,0.0,0.0,0.0,0.0,0.0,100.0,100.0,100.0,1000.0,1000.0,1000.0,57.01237561700325,0,0,57.01237561700325,0.0,0.0,0,0
458612,61.5,62.5,21.0,0.0,0.0,0.0,40.0,1.0,1.0,1.0,0.0,0.0,0.0,0.0,0.0,0.0,100.0,100.0,100.0,1000.0,1000.0,1000.0,57.01237561700325,0,0,57.01237561700325,0.0,0.0,0,0
458812,61.5,62.5,21.0,0.0,0.0,0.0,40.0,1.0,1.0,1.0,0.0,0.0,0.0,0.0,0.0,0.0,100.0,100.0,100.0,1000.0,1000.0,1000.0,57.01237561700325,0,0,57.01237561700325,0.0,0.0,0,0
459012,61.5,62.5,21.0,0.0,0.0,0.0,40.0,1.0,1.0,1.0,0.0,0.0,0.0,0.0,0.0,0.0,100.0,100.0,100.0,1000.0,1000.0,1000.0,57.01237561700325,0,0,57.01237561700325,0.0,0.0,0,0
459212,61.5,62.5,21.0,0.0,0.0,0.0,40.0,1.0,1.0,1.0,0.0,0.0,0.0,0.0,0.0,0.0,100.0,100.0,100.0,1000.0,1000.0,1000.0,57.01237561700325,0,0,57.01237561700325,0.0,0.0,0,0
459412,61.5,62.5,21.0,0.0,0.0,0.0,40.0,1.0,1.0,1.0,0.0,0.0,0.0,0.0,0.0,0.0,100.0,100.0,100.0,1000.0,1000.0,1000.0,57.01237561700325,0,0,57.01237561700325,0.0,0.0,0,0
459612,61.5,62.5,21.0,0.0,0.0,0.0,40.0,1.0,1.0,1.0,0.0,0.0,0.0,0.0,0.0,0.0,100.0,100.0,100.0,1000.0,1000.0,1000.0,57.01237561700325,0,0,57.01237561700325,0.0,0.0,0,0
459812,61.5,62.5,21.0,0.0,0.0,0.0,40.0,1.0,1.0,1.0,0.0,0.0,0.0,0.0,0.0,0.0,100.0,100.0,100.0,1000.0,1000.0,1000.0,57.01237561700325,0,0,57.01237561700325,0.0,0.0,0,0
460012,61.5,62.5,21.0,0.0,0.0,0.0,40.0,1.0,1.0,1.0,0.0,0.0,0.0,0.0,0.0,0.0,100.0,100.0,100.0,1000.0,1000.0,1000.0,57.01237561700325,0,0,57.01237561700325,0.0,0.0,0,0
460212,61.5,62.5,21.0,0.0,0.0,0.0,40.0,1.0,1.0,1.0,0.0,0.0,0.0,0.0,0.0,0.0,100.0,100.0,100.0,1000.0,1000.0,1000.0,57.01237561700325,0,0,57.01237561700325,0.0,0.0,0,0
460412,61.5,62.5,21.0,0.0,0.0,0.0,40.0,1.0,1.0,1.0,0.0,0.0,0.0,0.0,0.0,0.0,100.0,100.0,100.0,1000.0,1000.0,1000.0,57.01237561700325,0,0,57.01237561700325,0.0,0.0,0,0
460612,61.5,62.5,21.0,0.0,0.0,0.0,40.0,1.0,1.0,1.0,0.0,0.0,0.0,0.0,0.0,0.0,100.0,100.0,100.0,1000.0,1000.0,1000.0,57.01237561700325,0,0,57.01237561700325,0.0,0.0,0,0
460812,61.5,62.5,21.0,0.0,0.0,0.0,40.0,1.0,1.0,1.0,0.0,0.0,0.0,0.0,0.0,0.0,100.0,100.0,100.0,1000.0,1000.0,1000.0,57.01237561700325,0,0,57.01237561700325,0.0,0.0,0,0
461012,61.5,62.5,21.0,0.0,0.0,0.0,40.0,1.0,1.0,1.0,0.0,0.0,0.0,0.0,0.0,0.0,100.0,100.0,100.0,1000.0,1000.0,1000.0,57.01237561700325,0,0,57.01237561700325,0.0,0.0,0,0
461212,61.5,62.5,21.0,0.0,0.0,0.0,40.0,1.0,1.0,1.0,0.0,0.0,0.0,0.0,0.0,0.0,100.0,100.0,100.0,1000.0,1000.0,1000.0,57.01237561700325,0,0,57.01237561700325,0.0,0.0,0,0
461412,61.5,62.5,21.0,0.0,0.0,0.0,40.0,1.0,1.0,1.0,0.0,0.0,0.0,0.0,0.0,0.0,100.0,100.0,100.0,1000.0,1000.0,1000.0,57.01237561700325,0,0,57.01237561700325,0.0,0.0,0,0
461612,61.5,62.5,21.0,0.0,0.0,0.0,40.0,1.0,1.0,1.0,0.0,0.0,0.0,0.0,0.0,0.0,100.0,100.0,100.0,1000.0,1000.0,1000.0,57.01237561700325,0,0,57.01237561700325,0.0,0.0,0,0
461812,61.5,62.5,21.0,0.0,0.0,0.0,40.0,1.0,1.0,1.0,0.0,0.0,0.0,0.0,0.0,0.0,100.0,100.0,100.0,1000.0,1000.0,1000.0,57.01237561700325,0,0,57.01237561700325,0.0,0.0,0,0
462012,61.5,62.5,21.0,0.0,0.0,0.0,40.0,1.0,1.0,1.0,0.0,0.0,0.0,0.0,0.0,0.0,100.0,100.0,100.0,1000.0,1000.0,1000.0,57.01237561700325,0,0,57.01237561700325,0.0,0.0,0,0
462212,61.5,62.5,21.0,0.0,0.0,0.0,40.0,1.0,1.0,1.0,0.0,0.0,0.0,0.0,0.0,0.0,100.0,100.0,100.0,1000.0,1000.0,1000.0,57.01237561700325,0,0,57.01237561700325,0.0,0.0,0,0
462412,61.5,62.5,21.0,0.0,0.0,0.0,40.0,1.0,1.0,1.0,0.0,0.0,0.0,0.0,0.0,0.0,100.0,100.0,100.0,1000.0,1000.0,1000.0,57.01237561700325,0,0,57.01237561700325,0.0,0.0,0,0
462612,61.5,62.5,21.0,0.0,0.0,0.0,40.0,1.0,1.0,1.0,0.0,0.0,0.0,0.0,0.0,0.0,100.0,100.0,100.0,1000.0,1000.0,1000.0,57.01237561700325,0,0,57.01237561700325,0.0,0.0,0,0
462812,61.5,62.5,21.0,0.0,0.0,0.0,40.0,1.0,1.0,1.0,0.0,0.0,0.0,0.0,0.0,0.0,100.0,100.0,100.0,1000.0,1000.0,1000.0,57.01237561700325,0,0,57.01237561700325,0.0,0.0,0,0
463012,61.5,62.5,21.0,0.0,0.0,0.0,40.0,1.0,1.0,1.0,0.0,0.0,0.0,0.0,0.0,0.0,100.0,100.0,100.0,1000.0,1000.0,1000.0,57.01237561700325,0,0,57.01237561700325,0.0,0.0,0,0
463212,61.5,62.5,21.0,0.0,0.0,0.0,40.0,1.0,1.0,1.0,0.0,0.0,0.0,0.0,0.0,0.0,100.0,100.0,100.0,1000.0,1000.0,1000.0,57.01237561700325,0,0,57.01237561700325,0.0,0.0,0,0
463412,61.5,62.5,21.0,0.0,0.0,0.0,40.0,1.0,1.0,1.0,0.0,0.0,0.0,0.0,0.0,0.0,100.0,100.0,100.0,1000.0,1000.0,1000.0,57.01237561700325,0,0,57.01237561700325,0.0,0.0,0,0
463612,61.5,62.5,21.0,0.0,0.0,0.0,40.0,1.0,1.0,1.0,0.0,0.0,0.0,0.0,0.0,0.0,100.0,100.0,100.0,1000.0,1000.0,1000.0,57.01237561700325,0,0,57.01237561700325,0.0,0.0,0,0
463812,61.5,62.5,21.0,0.0,0.0,0.0,40.0,1.0,1.0,1.0,0.0,0.0,0.0,0.0,0.0,0.0,100.0,100.0,100.0,1000.0,1000.0,1000.0,57.01237561700325,0,0,57.01237561700325,0.0,0.0,0,0
464012,61.5,62.5,21.0,0.0,0.0,0.0,40.0,1.0,1.0,1.0,0.0,0.0,0.0,0.0,0.0,0.0,100.0,100.0,100.0,1000.0,1000.0,1000.0,57.01237561700325,0,0,57.01237561700325,0.0,0.0,0,0
464212,61.5,62.5,21.0,0.0,0.0,0.0,40.0,1.0,1.0,1.0,0.0,0.0,0.0,0.0,0.0,0.0,100.0,100.0,100.0,1000.0,1000.0,1000.0,57.01237561700325,0,0,57.01237561700325,0.0,0.0,0,0
464412,61.5,62.5,21.0,0.0,0.0,0.0,40.0,1.0,1.0,1.0,0.0,0.0,0.0,0.0,0.0,0.0,100.0,100.0,100.0,1000.0,1000.0,1000.0,57.01237561700325,0,0,57.01237561700325,0.0,0.0,0,0
464612,61.5,62.5,21.0,0.0,0.0,0.0,40.0,1.0,1.0,1.0,0.0,0.0,0.0,0.0,0.0,0.0,100.0,100.0,100.0,1000.0,1000.0,1000.0,57.01237561700325,0,0,57.01237561700325,0.0,0.0,0,0
464812,61.5,62.5,21.0,0.0,0.0,0.0,40.0,1.0,1.0,1.0,0.0,0.0,0.0,0.0,0.0,0.0,100.0,100.0,100.0,1000.0,1000.0,1000.0,57.01237561700325,0,0,57.01237561700325,0.0,0.0,0,0
465012,61.5,62.5,21.0,0.0,0.0,0.0,40.0,1.0,1.0,1.0,0.0,0.0,0.0,0.0,0.0,0.0,100.0,100.0,100.0,1000.0,1000.0,1000.0,57.01237561700325,0,0,57.01237561700325,0.0,0.0,0,0
465212,61.5,62.5,21.0,0.0,0.0,0.0,40.0,1.0,1.0,1.0,0.0,0.0,0.0,0.0,0.0,0.0,100.0,100.0,100.0,1000.0,1000.0,1000.0,51.53449641081388,0,0,51.53449641081388,0.0,0.0,1,0
465412,61.5,62.5,21.0,0.0,0.0,0.0,40.0,1.0,1.0,1.0,0.0,0.0,0.0,0.0,0.0,0.0,100.0,100.0,100.0,1000.0,1000.0,1000.0,51.53449641081388,0,0,51.53449641081388,0.0,0.0,0,0
465612,61.5,62.5,21.0,0.0,0.0,0.0,40.0,1.0,1.0,1.0,0.0,0.0,0.0,0.0,0.0,0.0,100.0,100.0,100.0,1000.0,1000.0,1000.0,51.53449641081388,0,0,51.53449641081388,0.0,0.0,0,0
465812,61.5,62.5,21.0,0.0,0.0,0.0,40.0,1.0,1.0,1.0,0.0,0.0,0.0,0.0,0.0,0.0,100.0,100.0,100.0,1000.0,1000.0,1000.0,51.53449641081388,0,0,51.53449641081388,0.0,0.0,0,0
466012,61.5,62.5,21.0,0.0,0.0,0.0,40.0,1.0,1.0,1.0,0.0,0.0,0.0,0.0,0.0,0.0,100.0,100.0,100.0,1000.0,1000.0,1000.0,51.53449641081388,0,0,51.53449641081388,0.0,0.0,0,0
466212,61.5,62.5,21.0,0.0,0.0,0.0,40.0,1.0,1.0,1.0,0.0,0.0,0.0,0.0,0.0,0.0,100.0,100.0,100.0,1000.0,1000.0,1000.0,51.53449641081388,0,0,51.53449641081388,0.0,0.0,0,0
466412,61.5,62.5,21.0,0.0,0.0,0.0,40.0,1.0,1.0,1.0,0.0,0.0,0.0,0.0,0.0,0.0,100.0,100.0,100.0,1000.0,1000.0,1000.0,51.53449641081388,0,0,51.53449641081388,0.0,0.0,0,0
466612,61.5,62.5,21.0,0.0,0.0,0.0,40.0,1.0,1.0,1.0,0.0,0.0,0.0,0.0,0.0,0.0,100.0,100.0,100.0,1000.0,1000.0,1000.0,51.53449641081388,0,0,51.53449641081388,0.0,0.0,0,0
466812,61.5,62.5,21.0,0.0,0.0,0.0,40.0,1.0,1.0,1.0,0.0,0.0,0.0,0.0,0.0,0.0,100.0,100.0,100.0,1000.0,1000.0,1000.0,51.53449641081388,0,0,51.53449641081388,0.0,0.0,0,0
467012,61.5,62.5,21.0,0.0,0.0,0.0,40.0,1.0,1.0,1.0,0.0,0.0,0.0,0.0,0.0,0.0,100.0,100.0,100.0,1000.0,1000.0,1000.0,51.53449641081388,0,0,51.53449641081388,0.0,0.0,0,0
467212,61.5,62.5,21.0,0.0,0.0,0.0,40.0,1.0,1.0,1.0,0.0,0.0,0.0,0.0,0.0,0.0,100.0,100.0,100.0,1000.0,1000.0,1000.0,51.53449641081388,0,0,51.53449641081388,0.0,0.0,0,0
467412,61.5,62.5,21.0,0.0,0.0,0.0,40.0,1.0,1.0,1.0,0.0,0.0,0.0,0.0,0.0,0.0,100.0,100.0,100.0,1000.0,1000.0,1000.0,51.53449641081388,0,0,51.53449641081388,0.0,0.0,0,0
467612,61.5,62.5,21.0,0.0,0.0,0.0,40.0,1.0,1.0,1.0,0.0,0.0,0.0,0.0,0.0,0.0,100.0,100.0,100.0,1000.0,1000.0,1000.0,51.53449641081388,0,0,51.53449641081388,0.0,0.0,0,0
467812,61.5,62.5,21.0,0.0,0.0,0.0,40.0,1.0,1.0,1.0,0.0,0.0,0.0,0.0,0.0,0.0,100.0,100.0,100.0,1000.0,1000.0,1000.0,51.53449641081388,0,0,51.53449641081388,0.0,0.0,0,0
468012,61.5,62.5,21.0,0.0,0.0,0.0,40.0,1.0,1.0,1.0,0.0,0.0,0.0,0.0,0.0,0.0,100.0,100.0,100.0,1000.0,1000.0,1000.0,51.53449641081388,0,0,51.53449641081388,0.0,0.0,0,0
468212,61.5,62.5,21.0,0.0,0.0,0.0,40.0,1.0,1.0,1.0,0.0,0.0,0.0,0.0,0.0,0.0,100.0,100.0,100.0,1000.0,1000.0,1000.0,51.53449641081388,0,0,51.53449641081388,0.0,0.0,0,0
468412,61.5,62.5,21.0,0.0,0.0,0.0,40.0,1.0,1.0,1.0,0.0,0.0,0.0,0.0,0.0,0.0,100.0,100.0,100.0,1000.0,1000.0,1000.0,51.53449641081388,0,0,51.53449641081388,0.0,0.0,0,0
468612,61.5,62.5,21.0,0.0,0.0,0.0,40.0,1.0,1.0,1.0,0.0,0.0,0.0,0.0,0.0,0.0,100.0,100.0,100.0,1000.0,1000.0,1000.0,51.53449641081388,0,0,51.53449641081388,0.0,0.0,0,0
468812,61.5,62.5,21.0,0.0,0.0,0.0,40.0,1.0,1.0,1.0,0.0,0.0,0.0,0.0,0.0,0.0,100.0,100.0,100.0,1000.0,1000.0,1000.0,51.53449641081388,0,0,51.53449641081388,0.0,0.0,0,0
469012,61.5,62.5,21.0,0.0,0.0,0.0,40.0,1.0,1.0,1.0,0.0,0.0,0.0,0.0,0.0,0.0,100.0,100.0,100.0,1000.0,1000.0,1000.0,51.53449641081388,0,0,51.53449641081388,0.0,0.0,0,0
469212,61.5,62.5,21.0,0.0,0.0,0.0,40.0,1.0,1.0,1.0,0.0,0.0,0.0,0.0,0.0,0.0,100.0,100.0,100.0,1000.0,1000.0,1000.0,51.53449641081388,0,0,51.53449641081388,0.0,0.0,0,0
469412,61.5,62.5,21.0,0.0,0.0,0.0,40.0,1.0,1.0,1.0,0.0,0.0,0.0,0.0,0.0,0.0,100.0,100.0,100.0,1000.0,1000.0,1000.0,51.53449641081388,0,0,51.53449641081388,0.0,0.0,0,0
469612,61.5,62.5,21.0,0.0,0.0,0.0,40.0,1.0,1.0,1.0,0.0,0.0,0.0,0.0,0.0,0.0,100.0,100.0,100.0,1000.0,1000.0,1000.0,51.53449641081388,0,0,51.53449641081388,0.0,0.0,0,0
469812,61.5,62.5,21.0,0.0,0.0,0.0,40.0,1.0,1.0,1.0,0.0,0.0,0.0,0.0,0.0,0.0,100.0,100.0,100.0,1000.0,1000.0,1000.0,51.53449641081388,0,0,51.53449641081388,0.0,0.0,0,0
470012,61.5,62.5,21.0,0.0,0.0,0.0,40.0,1.0,1.0,1.0,0.0,0.0,0.0,0.0,0.0,0.0,100.0,100.0,100.0,1000.0,1000.0,1000.0,51.53449641081388,0,0,51.53449641081388,0.0,0.0,0,0
470212,61.5,62.5,21.0,0.0,0.0,0.0,40.0,1.0,1.0,1.0,0.0,0.0,0.0,0.0,0.0,0.0,100.0,100.0,100.0,1000.0,1000.0,1000.0,51.53449641081388,0,0,51.53449641081388,0.0,0.0,0,0
470412,61.5,62.5,21.0,0.0,0.0,0.0,40.0,1.0,1.0,1.0,0.0,0.0,0.0,0.0,0.0,0.0,100.0,100.0,100.0,1000.0,1000.0,1000.0,51.53449641081388,0,0,51.53449641081388,0.0,0.0,0,0
470612,61.5,62.5,21.0,0.0,0.0,0.0,40.0,1.0,1.0,1.0,0.0,0.0,0.0,0.0,0.0,0.0,100.0,100.0,100.0,1000.0,1000.0,1000.0,51.53449641081388,0,0,51.53449641081388,0.0,0.0,0,0
470812,61.5,62.5,21.0,0.0,0.0,0.0,40.0,1.0,1.0,1.0,0.0,0.0,0.0,0.0,0.0,0.0,100.0,100.0,100.0,1000.0,1000.0,1000.0,51.53449641081388,0,0,51.53449641081388,0.0,0.0,0,0
471012,61.5,62.5,21.0,0.0,0.0,0.0,40.0,1.0,1.0,1.0,0.0,0.0,0.0,0.0,0.0,0.0,100.0,100.0,100.0,1000.0,1000.0,1000.0,51.53449641081388,0,0,51.53449641081388,0.0,0.0,0,0
471212,61.5,62.5,21.0,0.0,0.0,0.0,40.0,1.0,1.0,1.0,0.0,0.0,0.0,0.0,0.0,0.0,100.0,100.0,100.0,1000.0,1000.0,1000.0,51.53449641081388,0,0,51.53449641081388,0.0,0.0,0,0
471412,61.5,62.5,21.0,0.0,0.0,0.0,40.0,1.0,1.0,1.0,0.0,0.0,0.0,0.0,0.0,0.0,100.0,100.0,100.0,1000.0,1000.0,1000.0,51.53449641081388,0,0,51.53449641081388,0.0,0.0,0,0
471612,61.5,62.5,21.0,0.0,0.0,0.0,40.0,1.0,1.0,1.0,0.0,0.0,0.0,0.0,0.0,0.0,100.0,100.0,100.0,1000.0,1000.0,1000.0,51.53449641081388,0,0,51.53449641081388,0.0,0.0,0,0
471812,61.5,62.5,21.0,0.0,0.0,0.0,40.0,1.0,1.0,1.0,0.0,0.0,0.0,0.0,0.0,0.0,100.0,100.0,100.0,1000.0,1000.0,1000.0,51.53449641081388,0,0,51.53449641081388,0.0,0.0,0,0
472012,62.0,62.5,21.0,0.0,0.0,0.0,40.0,1.0,1.0,1.0,0.0,0.0,0.0,0.0,0.0,0.0,100.0,100.0,100.0,1000.0,1000.0,1000.0,51.53449641081388,0,0,51.53449641081388,0.0,0.0,0,0
472212,62.0,62.5,21.0,0.0,0.0,0.0,40.0,1.0,1.0,1.0,0.0,0.0,0.0,0.0,0.0,0.0,100.0,100.0,100.0,1000.0,1000.0,1000.0,51.53449641081388,0,0,51.53449641081388,0.0,0.0,0,0
472412,62.0,62.5,21.0,0.0,0.0,0.0,40.0,1.0,1.0,1.0,0.0,0.0,0.0,0.0,0.0,0.0,100.0,100.0,100.0,1000.0,1000.0,1000.0,51.53449641081388,0,0,51.53449641081388,0.0,0.0,0,0
472612,62.0,62.5,21.0,0.0,0.0,0.0,40.0,1.0,1.0,1.0,0.0,0.0,0.0,0.0,0.0,0.0,100.0,100.0,100.0,1000.0,1000.0,1000.0,51.53449641081388,0,0,51.53449641081388,0.0,0.0,0,1
472812,62.0,62.5,21.0,0.0,0.0,0.0,40.0,1.0,1.0,1.0,0.0,0.0,0.0,0.0,0.0,0.0,100.0,100.0,100.0,1000.0,1000.0,1000.0,51.53449641081388,0,0,51.53449641081388,0.0,0.0,0,0
473012,62.0,62.5,21.0,0.0,0.0,0.0,40.0,1.0,1.0,1.0,0.0,0.0,0.0,0.0,0.0,0.0,100.0,100.0,100.0,1000.0,1000.0,1000.0,51.53449641081388,0,0,51.53449641081388,0.0,0.0,0,0
473212,62.0,62.5,21.0,0.0,0.0,0.0,40.0,1.0,1.0,1.0,0.0,0.0,0.0,0.0,0.0,0.0,100.0,100.0,100.0,1000.0,1000.0,1000.0,51.53449641081388,0,0,51.53449641081388,0.0,0.0,0,0
473412,62.0,62.5,21.0,0.0,0.0,0.0,40.0,1.0,1.0,1.0,0.0,0.0,0.0,0.0,0.0,0.0,100.0,100.0,100.0,1000.0,1000.0,1000.0,51.53449641081388,0,0,51.53449641081388,0.0,0.0,0,0
473612,62.0,62.5,21.0,0.0,0.0,0.0,40.0,1.0,1.0,1.0,0.0,0.0,0.0,0.0,0.0,0.0,100.0,100.0,100.0,1000.0,1000.0,1000.0,51.53449641081388,0,0,51.53449641081388,0.0,0.0,0,0
473812,62.0,62.5,21.0,0.0,0.0,0.0,40.0,1.0,1.0,1.0,0.0,0.0,0.0,0.0,0.0,0.0,100.0,100.0,100.0,1000.0,1000.0,1000.0,51.53449641081388,0,0,51.53449641081388,0.0,0.0,0,0
474012,62.0,62.5,21.0,0.0,0.0,0.0,40.0,1.0,1.0,1.0,0.0,0.0,0.0,0.0,0.0,0.0,100.0,100.0,100.0,1000.0,1000.0,1000.0,51.53449641081388,0,0,51.53449641081388,0.0,0.0,0,0
474212,62.0,62.5,21.0,0.0,0.0,0.0,40.0,1.0,1.0,1.0,0.0,0.0,0.0,0.0,0.0,0.0,100.0,100.0,100.0,1000.0,1000.0,1000.0,51.53449641081388,0,0,51.53449641081388,0.0,0.0,0,0
474412,62.0,62.5,21.0,0.0,0.0,0.0,40.0,1.0,1.0,1.0,0.0,0.0,0.0,0.0,0.0,0.0,100.0,100.0,100.0,1000.0,1000.0,1000.0,51.53449641081388,0,0,51.53449641081388,0.0,0.0,0,0
474612,62.0,62.5,21.0,0.0,0.0,0.0,40.0,1.0,1.0,1.0,0.0,0.0,0.0,0.0,0.0,0.0,100.0,100.0,100.0,1000.0,1000.0,1000.0,51.53449641081388,0,0,51.53449641081388,0.0,0.0,0,0
474812,62.0,62.5,21.0,0.0,0.0,0.0,40.0,1.0,1.0,1.0,0.0,0.0,0.0,0.0,0.0,0.0,100.0,100.0,100.0,1000.0,1000.0,1000.0,51.53449641081388,0,0,51.53449641081388,0.0,0.0,0,0
475012,62.0,62.5,21.0,0.0,0.0,0.0,40.0,1.0,1.0,1.0,0.0,0.0,0.0,0.0,0.0,0.0,100.0,100.0,100.0,1000.0,1000.0,1000.0,51.53449641081388,0,0,51.53449641081388,0.0,0.0,0,0
475212,62.0,62.5,21.0,0.0,0.0,0.0,40.0,1.0,1.0,1.0,0.0,0.0,0.0,0.0,0.0,0.0,100.0,100.0,100.0,1000.0,1000.0,1000.0,51.53449641081388,0,0,51.53449641081388,0.0,0.0,0,0
475412,62.0,62.5,21.0,0.0,0.0,0.0,40.0,1.0,1.0,1.0,0.0,0.0,0.0,0.0,0.0,0.0,100.0,100.0,100.0,1000.0,1000.0,1000.0,51.53449641081388,0,0,51.53449641081388,0.0,0.0,0,0
475612,62.0,62.5,21.0,0.0,0.0,0.0,40.0,1.0,1.0,1.0,0.0,0.0,0.0,0.0,0.0,0.0,100.0,100.0,100.0,1000.0,1000.0,1000.0,51.53449641081388,0,0,51.53449641081388,0.0,0.0,0,0
475812,62.0,62.5,21.0,0.0,0.0,0.0,40.0,1.0,1.0,1.0,0.0,0.0,0.0,0.0,0.0,0.0,100.0,100.0,100.0,1000.0,1000.0,1000.0,51.53449641081388,0,0,51.53449641081388,0.0,0.0,0,0
476012,62.0,62.5,21.0,0.0,0.0,0.0,40.0,1.0,1.0,1.0,0.0,0.0,0.0,0.0,0.0,0.0,100.0,100.0,100.0,1000.0,1000.0,1000.0,51.53449641081388,0,0,51.53449641081388,0.0,0.0,0,0
476212,62.0,62.5,21.0,0.0,0.0,0.0,40.0,1.0,1.0,1.0,0.0,0.0,0.0,0.0,0.0,0.0,100.0,100.0,100.0,1000.0,1000.0,1000.0,51.53449641081388,0,0,51.53449641081388,0.0,0.0,0,0
476412,62.0,62.5,21.0,0.0,0.0,0.0,40.0,1.0,1.0,1.0,0.0,0.0,0.0,0.0,0.0,0.0,100.0,100.0,100.0,1000.0,1000.0,1000.0,51.53449641081388,0,0,51.53449641081388,0.0,0.0,0,0
476612,62.0,62.5,21.0,0.0,0.0,0.0,40.0,1.0,1.0,1.0,0.0,0.0,0.0,0.0,0.0,0.0,100.0,100.0,100.0,1000.0,1000.0,1000.0,51.53449641081388,0,0,51.53449641081388,0.0,0.0,0,0
476812,62.0,62.5,21.0,0.0,0.0,0.0,40.0,1.0,1.0,1.0,0.0,0.0,0.0,0.0,0.0,0.0,100.0,100.0,100.0,1000.0,1000.0,1000.0,51.53449641081388,0,0,51.53449641081388,0.0,0.0,0,0
477012,62.0,62.5,21.0,0.0,0.0,0.0,40.0,1.0,1.0,1.0,0.0,0.0,0.0,0.0,0.0,0.0,100.0,100.0,100.0,1000.0,1000.0,1000.0,51.53449641081388,0,0,51.53449641081388,0.0,0.0,0,0
477212,62.0,62.5,21.0,0.0,0.0,0.0,40.0,1.0,1.0,1.0,0.0,0.0,0.0,0.0,0.0,0.0,100.0,100.0,100.0,1000.0,1000.0,1000.0,51.53449641081388,0,0,51.53449641081388,0.0,0.0,0,0
477412,62.0,62.5,21.0,0.0,0.0,0.0,40.0,1.0,1.0,1.0,0.0,0.0,0.0,0.0,0.0,0.0,100.0,100.0,100.0,1000.0,1000.0,1000.0,51.53449641081388,0,0,51.53449641081388,0.0,0.0,0,0
477612,62.0,62.5,21.0,0.0,0.0,0.0,40.0,1.0,1.0,1.0,0.0,0.0,0.0,0.0,0.0,0.0,100.0,100.0,100.0,1000.0,1000.0,1000.0,51.53449641081388,0,0,51.53449641081388,0.0,0.0,0,0
477812,62.0,62.5,21.0,0.0,0.0,0.0,40.0,1.0,1.0,1.0,0.0,0.0,0.0,0.0,0.0,0.0,100.0,100.0,100.0,1000.0,1000.0,1000.0,51.53449641081388,0,0,51.53449641081388,0.0,0.0,0,0
478012,62.0,62.5,21.0,0.0,0.0,0.0,40.0,1.0,1.0,1.0,0.0,0.0,0.0,0.0,0.0,0.0,100.0,100.0,100.0,1000.0,1000.0,1000.0,51.53449641081388,0,0,51.53449641081388,0.0,0.0,0,0
478212,62.0,62.5,21.0,0.0,0.0,0.0,40.0,1.0,1.0,1.0,0.0,0.0,0.0,0.0,0.0,0.0,100.0,100.0,100.0,1000.0,1000.0,1000.0,51.53449641081388,0,0,51.53449641081388,0.0,0.0,0,0
478412,62.0,62.5,21.0,0.0,0.0,0.0,40.0,1.0,1.0,1.0,0.0,0.0,0.0,0.0,0.0,0.0,100.0,100.0,100.0,1000.0,1000.0,1000.0,51.53449641081388,0,0,51.53449641081388,0.0,0.0,0,0
478612,62.0,62.5,21.0,0.0,0.0,0.0,40.0,1.0,1.0,1.0,0.0,0.0,0.0,0.0,0.0,0.0,100.0,100.0,100.0,1000.0,1000.0,1000.0,51.53449641081388,0,0,51.53449641081388,0.0,0.0,0,0
478812,62.0,62.5,21.0,0.0,0.0,0.0,40.0,1.0,1.0,1.0,0.0,0.0,0.0,0.0,0.0,0.0,100.0,100.0,100.0,1000.0,1000.0,1000.0,51.53449641081388,0,0,51.53449641081388,0.0,0.0,0,0
479012,62.0,62.5,21.0,0.0,0.0,0.0,40.0,1.0,1.0,1.0,0.0,0.0,0.0,0.0,0.0,0.0,100.0,100.0,100.0,1000.0,1000.0,1000.0,51.53449641081388,0,0,51.53449641081388,0.0,0.0,0,0
479212,62.0,62.5,21.0,0.0,0.0,0.0,40.0,1.0,1.0,1.0,0.0,0.0,0.0,0.0,0.0,0.0,100.0,100.0,100.0,1000.0,1000.0,1000.0,51.53449641081388,0,0,51.53449641081388,0.0,0.0,0,0
479412,62.0,62.5,21.0,0.0,0.0,0.0,40.0,1.0,1.0,1.0,0.0,0.0,0.0,0.0,0.0,0.0,100.0,100.0,100.0,1000.0,1000.0,1000.0,51.53449641081388,0,0,51.53449641081388,0.0,0.0,0,0
479612,62.0,62.5,21.0,0.0,0.0,0.0,40.0,1.0,1.0,1.0,0.0,0.0,0.0,0.0,0.0,0.0,100.0,100.0,100.0,1000.0,1000.0,1000.0,51.53449641081388,0,0,51.53449641081388,0.0,0.0,0,0
479812,62.0,62.5,21.0,0.0,0.0,0.0,40.0,1.0,1.0,1.0,0.0,0.0,0.0,0.0,0.0,0.0,100.0,100.0,100.0,1000.0,1000.0,1000.0,51.53449641081388,0,0,51.53449641081388,0.0,0.0,0,0
480012,62.0,62.5,21.0,0.0,0.0,0.0,40.0,1.0,1.0,1.0,0.0,0.0,0.0,0.0,0.0,0.0,100.0,100.0,100.0,1000.0,1000.0,1000.0,51.53449641081388,0,0,51.53449641081388,0.0,0.0,0,0
480212,62.0,62.5,21.0,0.0,0.0,0.0,40.0,1.0,1.0,1.0,0.0,0.0,0.0,0.0,0.0,0.0,100.0,100.0,100.0,1000.0,1000.0,1000.0,46.124541435640964,0,0,46.124541435640964,0.0,0.0,1,0
480412,62.0,62.5,21.0,0.0,0.0,0.0,40.0,1.0,1.0,1.0,0.0,0.0,0.0,0.0,0.0,0.0,100.0,100.0,100.0,1000.0,1000.0,1000.0,46.124541435640964,0,0,46.124541435640964,0.0,0.0,0,0
480612,62.0,62.5,21.0,0.0,0.0,0.0,40.0,1.0,1.0,1.0,0.0,0.0,0.0,0.0,0.0,0.0,100.0,100.0,100.0,1000.0,1000.0,1000.0,46.124541435640964,0,0,46.124541435640964,0.0,0.0,0,0
480812,62.0,62.5,21.0,0.0,0.0,0.0,40.0,1.0,1.0,1.0,0.0,0.0,0.0,0.0,0.0,0.0,100.0,100.0,100.0,1000.0,1000.0,1000.0,46.124541435640964,0,0,46.124541435640964,0.0,0.0,0,0
481012,62.0,62.5,21.0,0.0,0.0,0.0,40.0,1.0,1.0,1.0,0.0,0.0,0.0,0.0,0.0,0.0,100.0,100.0,100.0,1000.0,1000.0,1000.0,46.124541435640964,0,0,46.124541435640964,0.0,0.0,0,0
481212,62.0,62.5,21.0,0.0,0.0,0.0,40.0,1.0,1.0,1.0,0.0,0.0,0.0,0.0,0.0,0.0,100.0,100.0,100.0,1000.0,1000.0,1000.0,46.124541435640964,0,0,46.124541435640964,0.0,0.0,0,0
481412,62.0,62.5,21.0,0.0,0.0,0.0,40.0,1.0,1.0,1.0,0.0,0.0,0.0,0.0,0.0,0.0,100.0,100.0,100.0,1000.0,1000.0,1000.0,46.124541435640964,0,0,46.124541435640964,0.0,0.0,0,0
481612,62.0,62.5,21.0,0.0,0.0,0.0,40.0,1.0,1.0,1.0,0.0,0.0,0.0,0.0,0.0,0.0,100.0,100.0,100.0,1000.0,1000.0,1000.0,46.124541435640964,0,0,46.124541435640964,0.0,0.0,0,0
481812,62.0,62.5,21.0,0.0,0.0,0.0,40.0,1.0,1.0,1.0,0.0,0.0,0.0,0.0,0.0,0.0,100.0,100.0,100.0,1000.0,1000.0,1000.0,46.124541435640964,0,0,46.124541435640964,0.0,0.0,0,0
482012,62.0,62.5,21.0,0.0,0.0,0.0,40.0,1.0,1.0,1.0,0.0,0.0,0.0,0.0,0.0,0.0,100.0,100.0,100.0,1000.0,1000.0,1000.0,46.124541435640964,0,0,46.124541435640964,0.0,0.0,0,0
482212,62.0,62.5,21.0,0.0,0.0,0.0,40.0,1.0,1.0,1.0,0.0,0.0,0.0,0.0,0.0,0.0,100.0,100.0,100.0,1000.0,1000.0,1000.0,46.124541435640964,0,0,46.124541435640964,0.0,0.0,0,0
482412,62.0,62.5,21.0,0.0,0.0,0.0,40.0,1.0,1.0,1.0,0.0,0.0,0.0,0.0,0.0,0.0,100.0,100.0,100.0,1000.0,1000.0,1000.0,46.124541435640964,0,0,46.124541435640964,0.0,0.0,0,0
482612,62.0,62.5,21.0,0.0,0.0,0.0,40.0,1.0,1.0,1.0,0.0,0.0,0.0,0.0,0.0,0.0,100.0,100.0,100.0,1000.0,1000.0,1000.0,46.124541435640964,0,0,46.124541435640964,0.0,0.0,0,0
482812,62.0,62.5,21.0,0.0,0.0,0.0,40.0,1.0,1.0,1.0,0.0,0.0,0.0,0.0,0.0,0.0,100.0,100.0,100.0,1000.0,1000.0,1000.0,46.124541435640964,0,0,46.124541435640964,0.0,0.0,0,0
483012,62.0,62.5,21.0,0.0,0.0,0.0,40.0,1.0,1.0,1.0,0.0,0.0,0.0,0.0,0.0,0.0,100.0,100.0,100.0,1000.0,1000.0,1000.0,46.124541435640964,0,0,46.124541435640964,0.0,0.0,0,0
483212,62.0,62.5,21.0,0.0,0.0,0.0,40.0,1.0,1.0,1.0,0.0,0.0,0.0,0.0,0.0,0.0,100.0,100.0,100.0,1000.0,1000.0,1000.0,46.124541435640964,0,0,46.124541435640964,0.0,0.0,0,0
483412,62.0,62.5,21.0,0.0,0.0,0.0,40.0,1.0,1.0,1.0,0.0,0.0,0.0,0.0,0.0,0.0,100.0,100.0,100.0,1000.0,1000.0,1000.0,46.124541435640964,0,0,46.124541435640964,0.0,0.0,0,0
483612,62.0,62.5,21.0,0.0,0.0,0.0,40.0,1.0,1.0,1.0,0.0,0.0,0.0,0.0,0.0,0.0,100.0,100.0,100.0,1000.0,1000.0,1000.0,46.124541435640964,0,0,46.124541435640964,0.0,0.0,0,0
483812,62.0,62.5,21.0,0.0,0.0,0.0,40.0,1.0,1.0,1.0,0.0,0.0,0.0,0.0,0.0,0.0,100.0,100.0,100.0,1000.0,1000.0,1000.0,46.124541435640964,0,0,46.124541435640964,0.0,0.0,0,0
484012,62.0,62.5,21.0,0.0,0.0,0.0,40.0,1.0,1.0,1.0,0.0,0.0,0.0,0.0,0.0,0.0,100.0,100.0,100.0,1000.0,1000.0,1000.0,46.124541435640964,0,0,46.124541435640964,0.0,0.0,0,0
484212,62.0,62.5,21.0,0.0,0.0,0.0,40.0,1.0,1.0,1.0,0.0,0.0,0.0,0.0,0.0,0.0,100.0,100.0,100.0,1000.0,1000.0,1000.0,46.124541435640964,0,0,46.124541435640964,0.0,0.0,0,0
484412,62.0,62.5,21.0,0.0,0.0,0.0,40.0,1.0,1.0,1.0,0.0,0.0,0.0,0.0,0.0,0.0,100.0,100.0,100.0,1000.0,1000.0,1000.0,46.124541435640964,0,0,46.124541435640964,0.0,0.0,0,0
484612,62.0,62.5,21.0,0.0,0.0,0.0,40.0,1.0,1.0,1.0,0.0,0.0,0.0,0.0,0.0,0.0,100.0,100.0,100.0,1000.0,1000.0,1000.0,46.124541435640964,0,0,46.124541435640964,0.0,0.0,0,0
484812,62.0,62.5,21.0,0.0,0.0,0.0,40.0,1.0,1.0,1.0,0.0,0.0,0.0,0.0,0.0,0.0,100.0,100.0,100.0,1000.0,1000.0,1000.0,46.124541435640964,0,0,46.124541435640964,0.0,0.0,0,0
485012,62.0,62.5,21.0,0.0,0.0,0.0,40.0,1.0,1.0,1.0,0.0,0.0,0.0,0.0,0.0,0.0,100.0,100.0,100.0,1000.0,1000.0,1000.0,46.124541435640964,0,0,46.124541435640964,0.0,0.0,0,0
485212,62.0,62.5,21.0,0.0,0.0,0.0,40.0,1.0,1.0,1.0,0.0,0.0,0.0,0.0,0.0,0.0,100.0,100.0,100.0,1000.0,1000.0,1000.0,46.124541435640964,0,0,46.124541435640964,0.0,0.0,0,0
485412,62.0,62.5,21.0,0.0,0.0,0.0,40.0,1.0,1.0,1.0,0.0,0.0,0.0,0.0,0.0,0.0,100.0,100.0,100.0,1000.0,1000.0,1000.0,46.124541435640964,0,0,46.124541435640964,0.0,0.0,0,0
485612,62.0,62.5,21.0,0.0,0.0,0.0,40.0,1.0,1.0,1.0,0.0,0.0,0.0,0.0,0.0,0.0,100.0,100.0,100.0,1000.0,1000.0,1000.0,46.124541435640964,0,0,46.124541435640964,0.0,0.0,0,0
485812,62.0,62.5,21.0,0.0,0.0,0.0,40.0,1.0,1.0,1.0,0.0,0.0,0.0,0.0,0.0,0.0,100.0,100.0,100.0,1000.0,1000.0,1000.0,46.124541435640964,0,0,46.124541435640964,0.0,0.0,0,0
486012,62.0,62.5,21.0,0.0,0.0,0.0,40.0,1.0,1.0,1.0,0.0,0.0,0.0,0.0,0.0,0.0,100.0,100.0,100.0,1000.0,1000.0,1000.0,46.124541435640964,0,0,46.124541435640964,0.0,0.0,0,0
486212,62.0,62.5,21.0,0.0,0.0,0.0,40.0,1.0,1.0,1.0,0.0,0.0,0.0,0.0,0.0,0.0,100.0,100.0,100.0,1000.0,1000.0,1000.0,46.124541435640964,0,0,46.124541435640964,0.0,0.0,0,0
486412,62.0,62.5,21.0,0.0,0.0,0.0,40.0,1.0,1.0,1.0,0.0,0.0,0.0,0.0,0.0,0.0,100.0,100.0,100.0,1000.0,1000.0,1000.0,46.124541435640964,0,0,46.124541435640964,0.0,0.0,0,0
486612,62.0,62.5,21.0,0.0,0.0,0.0,40.0,1.0,1.0,1.0,0.0,0.0,0.0,0.0,0.0,0.0,100.0,100.0,100.0,1000.0,1000.0,1000.0,46.124541435640964,0,0,46.124541435640964,0.0,0.0,0,0
486812,62.0,62.5,21.0,0.0,0.0,0.0,40.0,1.0,1.0,1.0,0.0,0.0,0.0,0.0,0.0,0.0,100.0,100.0,100.0,1000.0,1000.0,1000.0,46.124541435640964,0,0,46.124541435640964,0.0,0.0,0,0
487012,62.0,62.5,21.0,0.0,0.0,0.0,40.0,1.0,1.0,1.0,0.0,0.0,0.0,0.0,0.0,0.0,100.0,100.0,100.0,1000.0,1000.0,1000.0,46.124541435640964,0,0,46.124541435640964,0.0,0.0,0,0
487212,62.0,62.5,21.0,0.0,0.0,0.0,40.0,1.0,1.0,1.0,0.0,0.0,0.0,0.0,0.0,0.0,100.0,100.0,100.0,1000.0,1000.0,1000.0,46.124541435640964,0,0,46.124541435640964,0.0,0.0,0,0
487412,62.0,62.5,21.0,0.0,0.0,0.0,40.0,1.0,1.0,1.0,0.0,0.0,0.0,0.0,0.0,0.0,100.0,100.0,100.0,1000.0,1000.0,1000.0,46.124541435640964,0,0,46.124541435640964,0.0,0.0,0,0
487612,62.0,62.5,21.0,0.0,0.0,0.0,40.0,1.0,1.0,1.0,0.0,0.0,0.0,0.0,0.0,0.0,100.0,100.0,100.0,1000.0,1000.0,1000.0,46.124541435640964,0,0,46.124541435640964,0.0,0.0,0,0
487812,62.0,62.5,21.0,0.0,0.0,0.0,40.0,1.0,1.0,1.0,0.0,0.0,0.0,0.0,0.0,0.0,100.0,100.0,100.0,1000.0,1000.0,1000.0,46.124541435640964,0,0,46.124541435640964,0.0,0.0,0,0
488012,62.0,62.5,21.0,0.0,0.0,0.0,40.0,1.0,1.0,1.0,0.0,0.0,0.0,0.0,0.0,0.0,100.0,100.0,100.0,1000.0,1000.0,1000.0,46.124541435640964,0,0,46.124541435640964,0.0,0.0,0,0
488212,62.0,62.5,21.0,0.0,0.0,0.0,40.0,1.0,1.0,1.0,0.0,0.0,0.0,0.0,0.0,0.0,100.0,100.0,100.0,1000.0,1000.0,1000.0,46.124541435640964,0,0,46.124541435640964,0.0,0.0,0,0
488412,62.0,62.5,21.0,0.0,0.0,0.0,40.0,1.0,1.0,1.0,0.0,0.0,0.0,0.0,0.0,0.0,100.0,100.0,100.0,1000.0,1000.0,1000.0,46.124541435640964,0,0,46.124541435640964,0.0,0.0,0,0
488612,62.0,62.5,21.0,0.0,0.0,0.0,40.0,1.0,1.0,1.0,0.0,0.0,0.0,0.0,0.0,0.0,100.0,100.0,100.0,1000.0,1000.0,1000.0,46.124541435640964,0,0,46.124541435640964,0.0,0.0,0,0
488812,62.0,62.5,21.0,0.0,0.0,0.0,40.0,1.0,1.0,1.0,0.0,0.0,0.0,0.0,0.0,0.0,100.0,100.0,100.0,1000.0,1000.0,1000.0,46.124541435640964,0,0,46.124541435640964,0.0,0.0,0,0
489012,62.0,62.5,21.0,0.0,0.0,0.0,40.0,1.0,1.0,1.0,0.0,0.0,0.0,0.0,0.0,0.0,100.0,100.0,100.0,1000.0,1000.0,1000.0,46.124541435640964,0,0,46.124541435640964,0.0,0.0,0,0
489212,62.0,62.5,21.0,0.0,0.0,0.0,40.0,1.0,1.0,1.0,0.0,0.0,0.0,0.0,0.0,0.0,100.0,100.0,100.0,1000.0,1000.0,1000.0,46.124541435640964,0,0,46.124541435640964,0.0,0.0,0,0
489412,62.0,62.5,21.0,0.0,0.0,0.0,40.0,1.0,1.0,1.0,0.0,0.0,0.0,0.0,0.0,0.0,100.0,100.0,100.0,1000.0,1000.0,1000.0,46.124541435640964,0,0,46.124541435640964,0.0,0.0,0,0
489612,62.0,62.5,21.0,0.0,0.0,0.0,40.0,1.0,1.0,1.0,0.0,0.0,0.0,0.0,0.0,0.0,100.0,100.0,100.0,1000.0,1000.0,1000.0,46.124541435640964,0,0,46.124541435640964,0.0,0.0,0,0
489812,62.0,62.5,21.0,0.0,0.0,0.0,40.0,1.0,1.0,1.0,0.0,0.0,0.0,0.0,0.0,0.0,100.0,100.0,100.0,1000.0,1000.0,1000.0,46.124541435640964,0,0,46.124541435640964,0.0,0.0,0,0
490012,62.0,62.5,21.0,0.0,0.0,0.0,40.0,1.0,1.0,1.0,0.0,0.0,0.0,0.0,0.0,0.0,100.0,100.0,100.0,1000.0,1000.0,1000.0,46.124541435640964,0,0,46.124541435640964,0.0,0.0,0,0
490212,62.0,62.5,21.0,0.0,0.0,0.0,40.0,1.0,1.0,1.0,0.0,0.0,0.0,0.0,0.0,0.0,100.0,100.0,100.0,1000.0,1000.0,1000.0,46.124541435640964,0,0,46.124541435640964,0.0,0.0,0,0
490412,62.0,62.5,21.0,0.0,0.0,0.0,40.0,1.0,1.0,1.0,0.0,0.0,0.0,0.0,0.0,0.0,100.0,100.0,100.0,1000.0,1000.0,1000.0,46.124541435640964,0,0,46.124541435640964,0.0,0.0,0,0
490612,62.0,62.5,21.0,0.0,0.0,0.0,40.0,1.0,1.0,1.0,0.0,0.0,0.0,0.0,0.0,0.0,100.0,100.0,100.0,1000.0,1000.0,1000.0,46.124541435640964,0,0,46.124541435640964,0.0,0.0,0,0
490812,62.0,62.5,21.0,0.0,0.0,0.0,40.0,1.0,1.0,1.0,0.0,0.0,0.0,0.0,0.0,0.0,100.0,100.0,100.0,1000.0,1000.0,1000.0,46.124541435640964,0,0,46.124541435640964,0.0,0.0,0,0
491012,62.0,62.5,21.0,0.0,0.0,0.0,40.0,1.0,1.0,1.0,0.0,0.0,0.0,0.0,0.0,0.0,100.0,100.0,100.0,1000.0,1000.0,1000.0,46.124541435640964,0,0,46.124541435640964,0.0,0.0,0,0
491212,62.0,62.5,21.0,0.0,0.0,0.0,40.0,1.0,1.0,1.0,0.0,0.0,0.0,0.0,0.0,0.0,100.0,100.0,100.0,1000.0,1000.0,1000.0,46.124541435640964,0,0,46.124541435640964,0.0,0.0,0,0
491412,62.0,62.5,21.0,0.0,0.0,0.0,40.0,1.0,1.0,1.0,0.0,0.0,0.0,0.0,0.0,0.0,100.0,100.0,100.0,1000.0,1000.0,1000.0,46.124541435640964,0,0,46.124541435640964,0.0,0.0,0,0
491612,62.0,62.5,21.0,0.0,0.0,0.0,40.0,1.0,1.0,1.0,0.0,0.0,0.0,0.0,0.0,0.0,100.0,100.0,100.0,1000.0,1000.0,1000.0,46.124541435640964,0,0,46.124541435640964,0.0,0.0,0,0
491812,62.0,62.5,21.0,0.0,0.0,0.0,40.0,1.0,1.0,1.0,0.0,0.0,0.0,0.0,0.0,0.0,100.0,100.0,100.0,1000.0,1000.0,1000.0,46.124541435640964,0,0,46.124541435640964,0.0,0.0,0,0
492012,62.0,62.5,21.0,0.0,0.0,0.0,40.0,1.0,1.0,1.0,0.0,0.0,0.0,0.0,0.0,0.0,100.0,100.0,100.0,1000.0,1000.0,1000.0,46.124541435640964,0,0,46.124541435640964,0.0,0.0,0,0
492212,62.0,62.5,21.0,0.0,0.0,0.0,40.0,1.0,1.0,1.0,0.0,0.0,0.0,0.0,0.0,0.0,100.0,100.0,100.0,1000.0,1000.0,1000.0,46.124541435640964,0,0,46.124541435640964,0.0,0.0,0,0
492412,62.0,62.5,21.0,0.0,0.0,0.0,40.0,1.0,1.0,1.0,0.0,0.0,0.0,0.0,0.0,0.0,100.0,100.0,100.0,1000.0,1000.0,1000.0,46.124541435640964,0,0,46.124541435640964,0.0,0.0,0,0
492612,62.0,62.5,21.0,0.0,0.0,0.0,40.0,1.0,1.0,1.0,0.0,0.0,0.0,0.0,0.0,0.0,100.0,100.0,100.0,1000.0,1000.0,1000.0,46.124541435640964,0,0,46.124541435640964,0.0,0.0,0,0
492812,62.0,62.5,21.0,0.0,0.0,0.0,40.0,1.0,1.0,1.0,0.0,0.0,0.0,0.0,0.0,0.0,100.0,100.0,100.0,1000.0,1000.0,1000.0,46.124541435640964,0,0,46.124541435640964,0.0,0.0,0,0
493012,62.0,62.5,21.0,0.0,0.0,0.0,40.0,1.0,1.0,1.0,0.0,0.0,0.0,0.0,0.0,0.0,100.0,100.0,100.0,1000.0,1000.0,1000.0,46.124541435640964,0,0,46.124541435640964,0.0,0.0,0,0
493212,62.0,62.5,21.0,0.0,0.0,0.0,40.0,1.0,1.0,1.0,0.0,0.0,0.0,0.0,0.0,0.0,100.0,100.0,100.0,1000.0,1000.0,1000.0,46.124541435640964,0,0,46.124541435640964,0.0,0.0,0,0
493412,62.0,62.5,21.0,0.0,0.0,0.0,40.0,1.0,1.0,1.0,0.0,0.0,0.0,0.0,0.0,0.0,100.0,100.0,100.0,1000.0,1000.0,1000.0,46.124541435640964,0,0,46.124541435640964,0.0,0.0,0,0
493612,62.0,62.5,21.0,0.0,0.0,0.0,40.0,1.0,1.0,1.0,0.0,0.0,0.0,0.0,0.0,0.0,100.0,100.0,100.0,1000.0,1000.0,1000.0,46.124541435640964,0,0,46.124541435640964,0.0,0.0,0,0
493812,62.0,62.5,21.0,0.0,0.0,0.0,40.0,1.0,1.0,1.0,0.0,0.0,0.0,0.0,0.0,0.0,100.0,100.0,100.0,1000.0,1000.0,1000.0,46.124541435640964,0,0,46.124541435640964,0.0,0.0,0,0
494012,62.0,62.5,21.0,0.0,0.0,0.0,40.0,1.0,1.0,1.0,0.0,0.0,0.0,0.0,0.0,0.0,100.0,100.0,100.0,1000.0,1000.0,1000.0,46.124541435640964,0,0,46.124541435640964,0.0,0.0,0,0
494212,62.0,62.5,21.0,0.0,0.0,0.0,40.0,1.0,1.0,1.0,0.0,0.0,0.0,0.0,0.0,0.0,100.0,100.0,100.0,1000.0,1000.0,1000.0,46.124541435640964,0,0,46.124541435640964,0.0,0.0,0,0
494412,62.0,62.5,21.0,0.0,0.0,0.0,40.0,1.0,1.0,1.0,0.0,0.0,0.0,0.0,0.0,0.0,100.0,100.0,100.0,1000.0,1000.0,1000.0,46.124541435640964,0,0,46.124541435640964,0.0,0.0,0,0
494612,62.0,62.5,21.0,0.0,0.0,0.0,40.0,1.0,1.0,1.0,0.0,0.0,0.0,0.0,0.0,0.0,100.0,100.0,100.0,1000.0,1000.0,1000.0,46.124541435640964,0,0,46.124541435640964,0.0,0.0,0,0
494812,62.0,62.5,21.0,0.0,0.0,0.0,40.0,1.0,1.0,1.0,0.0,0.0,0.0,0.0,0.0,0.0,100.0,100.0,100.0,1000.0,1000.0,1000.0,46.124541435640964,0,0,46.124541435640964,0.0,0.0,0,0
495012,62.0,62.5,21.0,0.0,0.0,0.0,40.0,1.0,1.0,1.0,0.0,0.0,0.0,0.0,0.0,0.0,100.0,100.0,100.0,1000.0,1000.0,1000.0,46.124541435640964,0,0,46.124541435640964,0.0,0.0,0,0
495212,62.0,62.5,21.0,0.0,0.0,0.0,40.0,1.0,1.0,1.0,0.0,0.0,0.0,0.0,0.0,0.0,100.0,100.0,100.0,1000.0,1000.0,1000.0,45.67565312324916,0,0,45.67565312324916,0.0,0.0,1,0
495412,62.0,62.5,21.0,0.0,0.0,0.0,40.0,1.0,1.0,1.0,0.0,0.0,0.0,0.0,0.0,0.0,100.0,100.0,100.0,1000.0,1000.0,1000.0,45.67565312324916,0,0,45.67565312324916,0.0,0.0,0,0
495612,62.0,62.5,21.0,0.0,0.0,0.0,40.0,1.0,1.0,1.0,0.0,0.0,0.0,0.0,0.0,0.0,100.0,100.0,100.0,1000.0,1000.0,1000.0,45.67565312324916,0,0,45.67565312324916,0.0,0.0,0,0
495812,62.0,62.5,21.0,0.0,0.0,0.0,40.0,1.0,1.0,1.0,0.0,0.0,0.0,0.0,0.0,0.0,100.0,100.0,100.0,1000.0,1000.0,1000.0,45.67565312324916,0,0,45.67565312324916,0.0,0.0,0,0
496012,62.0,62.5,21.0,0.0,0.0,0.0,40.0,1.0,1.0,1.0,0.0,0.0,0.0,0.0,0.0,0.0,100.0,100.0,100.0,1000.0,1000.0,1000.0,45.67565312324916,0,0,45.67565312324916,0.0,0.0,0,0
496212,62.0,62.5,21.0,0.0,0.0,0.0,40.0,1.0,1.0,1.0,0.0,0.0,0.0,0.0,0.0,0.0,100.0,100.0,100.0,1000.0,1000.0,1000.0,45.67565312324916,0,0,45.67565312324916,0.0,0.0,0,0
496412,62.0,62.5,21.0,0.0,0.0,0.0,40.0,1.0,1.0,1.0,0.0,0.0,0.0,0.0,0.0,0.0,100.0,100.0,100.0,1000.0,1000.0,1000.0,45.67565312324916,0,0,45.67565312324916,0.0,0.0,0,0
496612,62.0,62.5,21.0,0.0,0.0,0.0,40.0,1.0,1.0,1.0,0.0,0.0,0.0,0.0,0.0,0.0,100.0,100.0,100.0,1000.0,1000.0,1000.0,45.67565312324916,0,0,45.67565312324916,0.0,0.0,0,0
496812,62.0,62.5,21.0,0.0,0.0,0.0,40.0,1.0,1.0,1.0,0.0,0.0,0.0,0.0,0.0,0.0,100.0,100.0,100.0,1000.0,1000.0,1000.0,45.67565312324916,0,0,45.67565312324916,0.0,0.0,0,0
497012,62.0,62.5,21.0,0.0,0.0,0.0,40.0,1.0,1.0,1.0,0.0,0.0,0.0,0.0,0.0,0.0,100.0,100.0,100.0,1000.0,1000.0,1000.0,45.67565312324916,0,0,45.67565312324916,0.0,0.0,0,0
497212,62.0,62.5,21.0,0.0,0.0,0.0,40.0,1.0,1.0,1.0,0.0,0.0,0.0,0.0,0.0,0.0,100.0,100.0,100.0,1000.0,1000.0,1000.0,45.67565312324916,0,0,45.67565312324916,0.0,0.0,0,0
497412,62.0,62.5,21.0,0.0,0.0,0.0,40.0,1.0,1.0,1.0,0.0,0.0,0.0,0.0,0.0,0.0,100.0,100.0,100.0,1000.0,1000.0,1000.0,45.67565312324916,0,0,45.67565312324916,0.0,0.0,0,0
497612,62.0,62.5,21.0,0.0,0.0,0.0,40.0,1.0,1.0,1.0,0.0,0.0,0.0,0.0,0.0,0.0,100.0,100.0,100.0,1000.0,1000.0,1000.0,45.67565312324916,0,0,45.67565312324916,0.0,0.0,0,0
497812,62.0,62.5,21.0,0.0,0.0,0.0,40.0,1.0,1.0,1.0,0.0,0.0,0.0,0.0,0.0,0.0,100.0,100.0,100.0,1000.0,1000.0,1000.0,45.67565312324916,0,0,45.67565312324916,0.0,0.0,0,0
498012,62.0,62.5,21.0,0.0,0.0,0.0,40.0,1.0,1.0,1.0,0.0,0.0,0.0,0.0,0.0,0.0,100.0,100.0,100.0,1000.0,1000.0,1000.0,45.67565312324916,0,0,45.67565312324916,0.0,0.0,0,0
498212,62.0,62.5,21.0,0.0,0.0,0.0,40.0,1.0,1.0,1.0,0.0,0.0,0.0,0.0,0.0,0.0,100.0,100.0,100.0,1000.0,1000.0,1000.0,45.67565312324916,0,0,45.67565312324916,0.0,0.0,0,0
498412,62.0,62.5,21.0,0.0,0.0,0.0,40.0,1.0,1.0,1.0,0.0,0.0,0.0,0.0,0.0,0.0,100.0,100.0,100.0,1000.0,1000.0,1000.0,45.67565312324916,0,0,45.67565312324916,0.0,0.0,0,0
498612,62.0,62.5,21.0,0.0,0.0,0.0,40.0,1.0,1.0,1.0,0.0,0.0,0.0,0.0,0.0,0.0,100.0,100.0,100.0,1000.0,1000.0,1000.0,45.67565312324916,0,0,45.67565312324916,0.0,0.0,0,0
498812,62.0,62.5,21.0,0.0,0.0,0.0,40.0,1.0,1.0,1.0,0.0,0.0,0.0,0.0,0.0,0.0,100.0,100.0,100.0,1000.0,1000.0,1000.0,45.67565312324916,0,0,45.67565312324916,0.0,0.0,0,0
499012,62.0,62.5,21.0,0.0,0.0,0.0,40.0,1.0,1.0,1.0,0.0,0.0,0.0,0.0,0.0,0.0,100.0,100.0,100.0,1000.0,1000.0,1000.0,45.67565312324916,0,0,45.67565312324916,0.0,0.0,0,0
499212,62.0,62.5,21.0,0.0,0.0,0.0,40.0,1.0,1.0,1.0,0.0,0.0,0.0,0.0,0.0,0.0,100.0,100.0,100.0,1000.0,1000.0,1000.0,45.67565312324916,0,0,45.67565312324916,0.0,0.0,0,0
499412,62.0,62.5,21.0,0.0,0.0,0.0,40.0,1.0,1.0,1.0,0.0,0.0,0.0,0.0,0.0,0.0,100.0,100.0,100.0,1000.0,1000.0,1000.0,45.67565312324916,0,0,45.67565312324916,0.0,0.0,0,0
499612,62.0,62.5,21.0,0.0,0.0,0.0,40.0,1.0,1.0,1.0,0.0,0.0,0.0,0.0,0.0,0.0,100.0,100.0,100.0,1000.0,1000.0,1000.0,45.67565312324916,0,0,45.67565312324916,0.0,0.0,0,0
499812,62.0,62.5,21.0,0.0,0.0,0.0,40.0,1.0,1.0,1.0,0.0,0.0,0.0,0.0,0.0,0.0,100.0,100.0,100.0,1000.0,1000.0,1000.0,45.67565312324916,0,0,45.67565312324916,0.0,0.0,0,0
500012,62.0,62.5,21.0,0.0,0.0,0.0,40.0,1.0,1.0,1.0,0.0,0.0,0.0,0.0,0.0,0.0,100.0,100.0,100.0,1000.0,1000.0,1000.0,45.67565312324916,0,0,45.67565312324916,0.0,0.0,0,0
500212,62.0,62.5,21.0,0.0,0.0,0.0,40.0,1.0,1.0,1.0,0.0,0.0,0.0,0.0,0.0,0.0,100.0,100.0,100.0,1000.0,1000.0,1000.0,45.67565312324916,0,0,45.67565312324916,0.0,0.0,0,0
500412,62.0,62.5,21.0,0.0,0.0,0.0,40.0,1.0,1.0,1.0,0.0,0.0,0.0,0.0,0.0,0.0,100.0,100.0,100.0,1000.0,1000.0,1000.0,45.67565312324916,0,0,45.67565312324916,0.0,0.0,0,0
500612,62.0,62.5,21.0,0.0,0.0,0.0,40.0,1.0,1.0,1.0,0.0,0.0,0.0,0.0,0.0,0.0,100.0,100.0,100.0,1000.0,1000.0,1000.0,45.67565312324916,0,0,45.67565312324916,0.0,0.0,0,0
500812,62.0,62.5,21.0,0.0,0.0,0.0,40.0,1.0,1.0,1.0,0.0,0.0,0.0,0.0,0.0,0.0,100.0,100.0,100.0,1000.0,1000.0,1000.0,45.67565312324916,0,0,45.67565312324916,0.0,0.0,0,0
501012,62.0,62.5,21.0,0.0,0.0,0.0,40.0,1.0,1.0,1.0,0.0,0.0,0.0,0.0,0.0,0.0,100.0,100.0,100.0,1000.0,1000.0,1000.0,45.67565312324916,0,0,45.67565312324916,0.0,0.0,0,0
501212,62.0,62.5,21.0,0.0,0.0,0.0,40.0,1.0,1.0,1.0,0.0,0.0,0.0,0.0,0.0,0.0,100.0,100.0,100.0,1000.0,1000.0,1000.0,45.67565312324916,0,0,45.67565312324916,0.0,0.0,0,0
501412,62.0,62.5,21.0,0.0,0.0,0.0,40.0,1.0,1.0,1.0,0.0,0.0,0.0,0.0,0.0,0.0,100.0,100.0,100.0,1000.0,1000.0,1000.0,45.67565312324916,0,0,45.67565312324916,0.0,0.0,0,0
501612,62.0,62.5,21.0,0.0,0.0,0.0,40.0,1.0,1.0,1.0,0.0,0.0,0.0,0.0,0.0,0.0,100.0,100.0,100.0,1000.0,1000.0,1000.0,45.67565312324916,0,0,45.67565312324916,0.0,0.0,0,0
501812,62.0,62.5,21.0,0.0,0.0,0.0,40.0,1.0,1.0,1.0,0.0,0.0,0.0,0.0,0.0,0.0,100.0,100.0,100.0,1000.0,1000.0,1000.0,45.67565312324916,0,0,45.67565312324916,0.0,0.0,0,0
502012,62.0,62.5,21.0,0.0,0.0,0.0,40.0,1.0,1.0,1.0,0.0,0.0,0.0,0.0,0.0,0.0,100.0,100.0,100.0,1000.0,1000.0,1000.0,45.67565312324916,0,0,45.67565312324916,0.0,0.0,0,0
502212,62.0,62.5,21.0,0.0,0.0,0.0,40.0,1.0,1.0,1.0,0.0,0.0,0.0,0.0,0.0,0.0,100.0,100.0,100.0,1000.0,1000.0,1000.0,45.67565312324916,0,0,45.67565312324916,0.0,0.0,0,0
502412,62.0,62.5,21.0,0.0,0.0,0.0,40.0,1.0,1.0,1.0,0.0,0.0,0.0,0.0,0.0,0.0,100.0,100.0,100.0,1000.0,1000.0,1000.0,45.67565312324916,0,0,45.67565312324916,0.0,0.0,0,0
502612,62.0,62.5,21.0,0.0,0.0,0.0,40.0,1.0,1.0,1.0,0.0,0.0,0.0,0.0,0.0,0.0,100.0,100.0,100.0,1000.0,1000.0,1000.0,45.67565312324916,0,0,45.67565312324916,0.0,0.0,0,0
502812,62.0,62.5,21.0,0.0,0.0,0.0,40.0,1.0,1.0,1.0,0.0,0.0,0.0,0.0,0.0,0.0,100.0,100.0,100.0,1000.0,1000.0,1000.0,45.67565312324916,0,0,45.67565312324916,0.0,0.0,0,0
503012,62.0,62.5,21.0,0.0,0.0,0.0,40.0,1.0,1.0,1.0,0.0,0.0,0.0,0.0,0.0,0.0,100.0,100.0,100.0,1000.0,1000.0,1000.0,45.67565312324916,0,0,45.67565312324916,0.0,0.0,0,0
503212,62.0,62.5,21.0,0.0,0.0,0.0,40.0,1.0,1.0,1.0,0.0,0.0,0.0,0.0,0.0,0.0,100.0,100.0,100.0,1000.0,1000.0,1000.0,45.67565312324916,0,0,45.67565312324916,0.0,0.0,0,0
503412,62.0,62.5,21.0,0.0,0.0,0.0,40.0,1.0,1.0,1.0,0.0,0.0,0.0,0.0,0.0,0.0,100.0,100.0,100.0,1000.0,1000.0,1000.0,45.67565312324916,0,0,45.67565312324916,0.0,0.0,0,0
503612,62.0,62.5,21.0,0.0,0.0,0.0,40.0,1.0,1.0,1.0,0.0,0.0,0.0,0.0,0.0,0.0,100.0,100.0,100.0,1000.0,1000.0,1000.0,45.67565312324916,0,0,45.67565312324916,0.0,0.0,0,0
503812,62.0,62.5,21.0,0.0,0.0,0.0,40.0,1.0,1.0,1.0,0.0,0.0,0.0,0.0,0.0,0.0,100.0,100.0,100.0,1000.0,1000.0,1000.0,45.67565312324916,0,0,45.67565312324916,0.0,0.0,0,0
504012,62.0,62.5,21.0,0.0,0.0,0.0,40.0,1.0,1.0,1.0,0.0,0.0,0.0,0.0,0.0,0.0,100.0,100.0,100.0,1000.0,1000.0,1000.0,45.67565312324916,0,0,45.67565312324916,0.0,0.0,0,0
504212,62.0,62.5,21.0,0.0,0.0,0.0,40.0,1.0,1.0,1.0,0.0,0.0,0.0,0.0,0.0,0.0,100.0,100.0,100.0,1000.0,1000.0,1000.0,45.67565312324916,0,0,45.67565312324916,0.0,0.0,0,0
504412,62.0,62.5,21.0,0.0,0.0,0.0,40.0,1.0,1.0,1.0,0.0,0.0,0.0,0.0,0.0,0.0,100.0,100.0,100.0,1000.0,1000.0,1000.0,45.67565312324916,0,0,45.67565312324916,0.0,0.0,0,0
504612,62.0,62.5,21.0,0.0,0.0,0.0,40.0,1.0,1.0,1.0,0.0,0.0,0.0,0.0,0.0,0.0,100.0,100.0,100.0,1000.0,1000.0,1000.0,45.67565312324916,0,0,45.67565312324916,0.0,0.0,0,0
504812,62.0,62.5,21.0,0.0,0.0,0.0,40.0,1.0,1.0,1.0,0.0,0.0,0.0,0.0,0.0,0.0,100.0,100.0,100.0,1000.0,1000.0,1000.0,45.67565312324916,0,0,45.67565312324916,0.0,0.0,0,0
505012,62.0,62.5,21.0,0.0,0.0,0.0,40.0,1.0,1.0,1.0,0.0,0.0,0.0,0.0,0.0,0.0,100.0,100.0,100.0,1000.0,1000.0,1000.0,45.67565312324916,0,0,45.67565312324916,0.0,0.0,0,0
505212,62.0,62.5,21.0,0.0,0.0,0.0,40.0,1.0,1.0,1.0,0.0,0.0,0.0,0.0,0.0,0.0,100.0,100.0,100.0,1000.0,1000.0,1000.0,45.67565312324916,0,0,45.67565312324916,0.0,0.0,0,0
505412,62.0,62.5,21.0,0.0,0.0,0.0,40.0,1.0,1.0,1.0,0.0,0.0,0.0,0.0,0.0,0.0,100.0,100.0,100.0,1000.0,1000.0,1000.0,45.67565312324916,0,0,45.67565312324916,0.0,0.0,0,0
505612,62.0,62.0,21.0,0.0,0.0,0.0,40.0,1.0,1.0,1.0,0.0,0.0,0.0,0.0,0.0,0.0,100.0,100.0,100.0,1000.0,1000.0,1000.0,45.67565312324916,0,0,45.67565312324916,0.0,0.0,0,0
505812,62.0,62.0,21.0,0.0,0.0,0.0,40.0,1.0,1.0,1.0,0.0,0.0,0.0,0.0,0.0,0.0,100.0,100.0,100.0,1000.0,1000.0,1000.0,45.67565312324916,0,0,45.67565312324916,0.0,0.0,0,0
506012,62.0,62.0,21.0,0.0,0.0,0.0,40.0,1.0,1.0,1.0,0.0,0.0,0.0,0.0,0.0,0.0,100.0,100.0,100.0,1000.0,1000.0,1000.0,45.67565312324916,0,0,45.67565312324916,0.0,0.0,0,0
506212,62.0,62.0,21.0,0.0,0.0,0.0,40.0,1.0,1.0,1.0,0.0,0.0,0.0,0.0,0.0,0.0,100.0,100.0,100.0,1000.0,1000.0,1000.0,45.67565312324916,0,0,45.67565312324916,0.0,0.0,0,0
506412,62.0,62.0,21.0,0.0,0.0,0.0,40.0,1.0,1.0,1.0,0.0,0.0,0.0,0.0,0.0,0.0,100.0,100.0,100.0,1000.0,1000.0,1000.0,45.67565312324916,0,0,45.67565312324916,0.0,0.0,0,0
506612,62.0,62.0,21.0,0.0,0.0,0.0,40.0,1.0,1.0,1.0,0.0,0.0,0.0,0.0,0.0,0.0,100.0,100.0,100.0,1000.0,1000.0,1000.0,45.67565312324916,0,0,45.67565312324916,0.0,0.0,0,0
506812,62.0,62.0,21.0,0.0,0.0,0.0,40.0,1.0,1.0,1.0,0.0,0.0,0.0,0.0,0.0,0.0,100.0,100.0,100.0,1000.0,1000.0,1000.0,45.67565312324916,0,0,45.67565312324916,0.0,0.0,0,0
507012,62.0,62.0,21.0,0.0,0.0,0.0,40.0,1.0,1.0,1.0,0.0,0.0,0.0,0.0,0.0,0.0,100.0,100.0,100.0,1000.0,1000.0,1000.0,45.67565312324916,0,0,45.67565312324916,0.0,0.0,0,0
507212,62.0,62.0,21.0,0.0,0.0,0.0,40.0,1.0,1.0,1.0,0.0,0.0,0.0,0.0,0.0,0.0,100.0,100.0,100.0,1000.0,1000.0,1000.0,45.67565312324916,0,0,45.67565312324916,0.0,0.0,0,0
507412,62.0,62.0,21.0,0.0,0.0,0.0,40.0,1.0,1.0,1.0,0.0,0.0,0.0,0.0,0.0,0.0,100.0,100.0,100.0,1000.0,1000.0,1000.0,45.67565312324916,0,0,45.67565312324916,0.0,0.0,0,0
507612,62.0,62.0,21.0,0.0,0.0,0.0,40.0,1.0,1.0,1.0,0.0,0.0,0.0,0.0,0.0,0.0,100.0,100.0,100.0,1000.0,1000.0,1000.0,45.67565312324916,0,0,45.67565312324916,0.0,0.0,0,0
507812,62.0,62.0,21.0,0.0,0.0,0.0,40.0,1.0,1.0,1.0,0.0,0.0,0.0,0.0,0.0,0.0,100.0,100.0,100.0,1000.0,1000.0,1000.0,45.67565312324916,0,0,45.67565312324916,0.0,0.0,0,0
508012,62.0,62.0,21.0,0.0,0.0,0.0,40.0,1.0,1.0,1.0,0.0,0.0,0.0,0.0,0.0,0.0,100.0,100.0,100.0,1000.0,1000.0,1000.0,45.67565312324916,0,0,45.67565312324916,0.0,0.0,0,0
508212,62.0,62.0,21.0,0.0,0.0,0.0,40.0,1.0,1.0,1.0,0.0,0.0,0.0,0.0,0.0,0.0,100.0,100.0,100.0,1000.0,1000.0,1000.0,45.67565312324916,0,0,45.67565312324916,0.0,0.0,0,0
508412,62.0,62.0,21.0,0.0,0.0,0.0,40.0,1.0,1.0,1.0,0.0,0.0,0.0,0.0,0.0,0.0,100.0,100.0,100.0,1000.0,1000.0,1000.0,45.67565312324916,0,0,45.67565312324916,0.0,0.0,0,0
508612,62.0,62.0,21.0,0.0,0.0,0.0,40.0,1.0,1.0,1.0,0.0,0.0,0.0,0.0,0.0,0.0,100.0,100.0,100.0,1000.0,1000.0,1000.0,45.67565312324916,0,0,45.67565312324916,0.0,0.0,0,0
508812,62.0,62.0,21.0,0.0,0.0,0.0,40.0,1.0,1.0,1.0,0.0,0.0,0.0,0.0,0.0,0.0,100.0,100.0,100.0,1000.0,1000.0,1000.0,45.67565312324916,0,0,45.67565312324916,0.0,0.0,0,0
509012,62.0,62.0,21.0,0.0,0.0,0.0,40.0,1.0,1.0,1.0,0.0,0.0,0.0,0.0,0.0,0.0,100.0,100.0,100.0,1000.0,1000.0,1000.0,45.67565312324916,0,0,45.67565312324916,0.0,0.0,0,0
509212,62.0,62.0,21.0,0.0,0.0,0.0,40.0,1.0,1.0,1.0,0.0,0.0,0.0,0.0,0.0,0.0,100.0,100.0,100.0,1000.0,1000.0,1000.0,45.67565312324916,0,0,45.67565312324916,0.0,0.0,0,0
509412,62.0,62.0,21.0,0.0,0.0,0.0,40.0,1.0,1.0,1.0,0.0,0.0,0.0,0.0,0.0,0.0,100.0,100.0,100.0,1000.0,1000.0,1000.0,45.67565312324916,0,0,45.67565312324916,0.0,0.0,0,0
509612,62.0,62.0,21.0,0.0,0.0,0.0,40.0,1.0,1.0,1.0,0.0,0.0,0.0,0.0,0.0,0.0,100.0,100.0,100.0,1000.0,1000.0,1000.0,45.67565312324916,0,0,45.67565312324916,0.0,0.0,0,0
509812,62.0,62.0,21.0,0.0,0.0,0.0,40.0,1.0,1.0,1.0,0.0,0.0,0.0,0.0,0.0,0.0,100.0,100.0,100.0,1000.0,1000.0,1000.0,45.67565312324916,0,0,45.67565312324916,0.0,0.0,0,0
510012,62.0,62.0,21.0,0.0,0.0,0.0,40.0,1.0,1.0,1.0,0.0,0.0,0.0,0.0,0.0,0.0,100.0,100.0,100.0,1000.0,1000.0,1000.0,45.67565312324916,0,0,45.67565312324916,0.0,0.0,0,0
510212,62.0,62.0,21.0,0.0,0.0,0.0,40.0,1.0,1.0,1.0,0.0,0.0,0.0,0.0,0.0,0.0,100.0,100.0,100.0,1000.0,1000.0,1000.0,45.03248591222898,0,0,45.03248591222898,0.0,0.0,1,0
510412,62.0,62.0,21.0,0.0,0.0,0.0,40.0,1.0,1.0,1.0,0.0,0.0,0.0,0.0,0.0,0.0,100.0,100.0,100.0,1000.0,1000.0,1000.0,45.03248591222898,0,0,45.03248591222898,0.0,0.0,0,0
510612,62.0,62.0,21.0,0.0,0.0,0.0,40.0,1.0,1.0,1.0,0.0,0.0,0.0,0.0,0.0,0.0,100.0,100.0,100.0,1000.0,1000.0,1000.0,45.03248591222898,0,0,45.03248591222898,0.0,0.0,0,0
510812,62.0,62.0,21.0,0.0,0.0,0.0,40.0,1.0,1.0,1.0,0.0,0.0,0.0,0.0,0.0,0.0,100.0,100.0,100.0,1000.0,1000.0,1000.0,45.03248591222898,0,0,45.03248591222898,0.0,0.0,0,0
511012,62.0,62.0,21.0,0.0,0.0,0.0,40.0,1.0,1.0,1.0,0.0,0.0,0.0,0.0,0.0,0.0,100.0,100.0,100.0,1000.0,1000.0,1000.0,45.03248591222898,0,0,45.03248591222898,0.0,0.0,0,0
511212,62.0,62.0,21.0,0.0,0.0,0.0,40.0,1.0,1.0,1.0,0.0,0.0,0.0,0.0,0.0,0.0,100.0,100.0,100.0,1000.0,1000.0,1000.0,45.03248591222898,0,0,45.03248591222898,0.0,0.0,0,0
511412,62.0,62.0,21.0,0.0,0.0,0.0,40.0,1.0,1.0,1.0,0.0,0.0,0.0,0.0,0.0,0.0,100.0,100.0,100.0,1000.0,1000.0,1000.0,45.03248591222898,0,0,45.03248591222898,0.0,0.0,0,0
511612,62.0,62.0,21.0,0.0,0.0,0.0,40.0,1.0,1.0,1.0,0.0,0.0,0.0,0.0,0.0,0.0,100.0,100.0,100.0,1000.0,1000.0,1000.0,45.03248591222898,0,0,45.03248591222898,0.0,0.0,0,0
511812,62.0,62.0,21.0,0.0,0.0,0.0,40.0,1.0,1.0,1.0,0.0,0.0,0.0,0.0,0.0,0.0,100.0,100.0,100.0,1000.0,1000.0,1000.0,45.03248591222898,0,0,45.03248591222898,0.0,0.0,0,0
512012,62.0,62.0,21.0,0.0,0.0,0.0,40.0,1.0,1.0,1.0,0.0,0.0,0.0,0.0,0.0,0.0,100.0,100.0,100.0,1000.0,1000.0,1000.0,45.03248591222898,0,0,45.03248591222898,0.0,0.0,0,0
512212,62.0,62.0,21.0,0.0,0.0,0.0,40.0,1.0,1.0,1.0,0.0,0.0,0.0,0.0,0.0,0.0,100.0,100.0,100.0,1000.0,1000.0,1000.0,45.03248591222898,0,0,45.03248591222898,0.0,0.0,0,0
512412,62.0,62.0,21.0,0.0,0.0,0.0,40.0,1.0,1.0,1.0,0.0,0.0,0.0,0.0,0.0,0.0,100.0,100.0,100.0,1000.0,1000.0,1000.0,45.03248591222898,0,0,45.03248591222898,0.0,0.0,0,0
512612,62.0,62.0,21.0,0.0,0.0,0.0,40.0,1.0,1.0,1.0,0.0,0.0,0.0,0.0,0.0,0.0,100.0,100.0,100.0,1000.0,1000.0,1000.0,45.03248591222898,0,0,45.03248591222898,0.0,0.0,0,0
512812,62.0,62.0,21.0,0.0,0.0,0.0,40.0,1.0,1.0,1.0,0.0,0.0,0.0,0.0,0.0,0.0,100.0,100.0,100.0,1000.0,1000.0,1000.0,45.03248591222898,0,0,45.03248591222898,0.0,0.0,0,0
513012,62.0,62.0,21.0,0.0,0.0,0.0,40.0,1.0,1.0,1.0,0.0,0.0,0.0,0.0,0.0,0.0,100.0,100.0,100.0,1000.0,1000.0,1000.0,45.03248591222898,0,0,45.03248591222898,0.0,0.0,0,0
513212,62.0,62.0,21.0,0.0,0.0,0.0,40.0,1.0,1.0,1.0,0.0,0.0,0.0,0.0,0.0,0.0,100.0,100.0,100.0,1000.0,1000.0,1000.0,45.03248591222898,0,0,45.03248591222898,0.0,0.0,0,0
513412,62.0,62.0,21.0,0.0,0.0,0.0,40.0,1.0,1.0,1.0,0.0,0.0,0.0,0.0,0.0,0.0,100.0,100.0,100.0,1000.0,1000.0,1000.0,45.03248591222898,0,0,45.03248591222898,0.0,0.0,0,0
513612,62.0,62.0,21.0,0.0,0.0,0.0,40.0,1.0,1.0,1.0,0.0,0.0,0.0,0.0,0.0,0.0,100.0,100.0,100.0,1000.0,1000.0,1000.0,45.03248591222898,0,0,45.03248591222898,0.0,0.0,0,0
513812,62.0,62.0,21.0,0.0,0.0,0.0,40.0,1.0,1.0,1.0,0.0,0.0,0.0,0.0,0.0,0.0,100.0,100.0,100.0,1000.0,1000.0,1000.0,45.03248591222898,0,0,45.03248591222898,0.0,0.0,0,0
514012,62.0,62.0,21.0,0.0,0.0,0.0,40.0,1.0,1.0,1.0,0.0,0.0,0.0,0.0,0.0,0.0,100.0,100.0,100.0,1000.0,1000.0,1000.0,45.03248591222898,0,0,45.03248591222898,0.0,0.0,0,0
514212,62.0,62.0,21.0,0.0,0.0,0.0,40.0,1.0,1.0,1.0,0.0,0.0,0.0,0.0,0.0,0.0,100.0,100.0,100.0,1000.0,1000.0,1000.0,45.03248591222898,0,0,45.03248591222898,0.0,0.0,0,0
514412,62.0,62.0,21.0,0.0,0.0,0.0,40.0,1.0,1.0,1.0,0.0,0.0,0.0,0.0,0.0,0.0,100.0,100.0,100.0,1000.0,1000.0,1000.0,45.03248591222898,0,0,45.03248591222898,0.0,0.0,0,0
514612,62.0,62.5,21.0,0.0,0.0,0.0,40.0,1.0,1.0,1.0,0.0,0.0,0.0,0.0,0.0,0.0,100.0,100.0,100.0,1000.0,1000.0,1000.0,45.03248591222898,0,0,45.03248591222898,0.0,0.0,0,0
514812,62.0,62.5,21.0,0.0,0.0,0.0,40.0,1.0,1.0,1.0,0.0,0.0,0.0,0.0,0.0,0.0,100.0,100.0,100.0,1000.0,1000.0,1000.0,45.03248591222898,0,0,45.03248591222898,0.0,0.0,0,0
515012,62.0,62.0,21.0,0.0,0.0,0.0,40.0,1.0,1.0,1.0,0.0,0.0,0.0,0.0,0.0,0.0,100.0,100.0,100.0,1000.0,1000.0,1000.0,45.03248591222898,0,0,45.03248591222898,0.0,0.0,0,0
515212,62.0,62.0,21.0,0.0,0.0,0.0,40.0,1.0,1.0,1.0,0.0,0.0,0.0,0.0,0.0,0.0,100.0,100.0,100.0,1000.0,1000.0,1000.0,45.03248591222898,0,0,45.03248591222898,0.0,0.0,0,0
515412,62.0,62.0,21.0,0.0,0.0,0.0,40.0,1.0,1.0,1.0,0.0,0.0,0.0,0.0,0.0,0.0,100.0,100.0,100.0,1000.0,1000.0,1000.0,45.03248591222898,0,0,45.03248591222898,0.0,0.0,0,0
515612,62.0,62.5,21.0,0.0,0.0,0.0,40.0,1.0,1.0,1.0,0.0,0.0,0.0,0.0,0.0,0.0,100.0,100.0,100.0,1000.0,1000.0,1000.0,45.03248591222898,0,0,45.03248591222898,0.0,0.0,0,0
515812,62.0,62.5,21.0,0.0,0.0,0.0,40.0,1.0,1.0,1.0,0.0,0.0,0.0,0.0,0.0,0.0,100.0,100.0,100.0,1000.0,1000.0,1000.0,45.03248591222898,0,0,45.03248591222898,0.0,0.0,0,0
516012,62.0,62.5,21.0,0.0,0.0,0.0,40.0,1.0,1.0,1.0,0.0,0.0,0.0,0.0,0.0,0.0,100.0,100.0,100.0,1000.0,1000.0,1000.0,45.03248591222898,0,0,45.03248591222898,0.0,0.0,0,0
516212,62.0,62.5,21.0,0.0,0.0,0.0,40.0,1.0,1.0,1.0,0.0,0.0,0.0,0.0,0.0,0.0,100.0,100.0,100.0,1000.0,1000.0,1000.0,45.03248591222898,0,0,45.03248591222898,0.0,0.0,0,0
516412,62.0,62.5,21.0,0.0,0.0,0.0,40.0,1.0,1.0,1.0,0.0,0.0,0.0,0.0,0.0,0.0,100.0,100.0,100.0,1000.0,1000.0,1000.0,45.03248591222898,0,0,45.03248591222898,0.0,0.0,0,0
516612,62.0,62.5,21.0,0.0,0.0,0.0,40.0,1.0,1.0,1.0,0.0,0.0,0.0,0.0,0.0,0.0,100.0,100.0,100.0,1000.0,1000.0,1000.0,45.03248591222898,0,0,45.03248591222898,0.0,0.0,0,0
516812,62.0,62.5,21.0,0.0,0.0,0.0,40.0,1.0,1.0,1.0,0.0,0.0,0.0,0.0,0.0,0.0,100.0,100.0,100.0,1000.0,1000.0,1000.0,45.03248591222898,0,0,45.03248591222898,0.0,0.0,0,0
517012,62.0,62.0,21.0,0.0,0.0,0.0,40.0,1.0,1.0,1.0,0.0,0.0,0.0,0.0,0.0,0.0,100.0,100.0,100.0,1000.0,1000.0,1000.0,45.03248591222898,0,0,45.03248591222898,0.0,0.0,0,0
517212,62.0,62.0,21.0,0.0,0.0,0.0,40.0,1.0,1.0,1.0,0.0,0.0,0.0,0.0,0.0,0.0,100.0,100.0,100.0,1000.0,1000.0,1000.0,45.03248591222898,0,0,45.03248591222898,0.0,0.0,0,1
517412,62.0,62.0,21.0,0.0,0.0,0.0,40.0,1.0,1.0,1.0,0.0,0.0,0.0,0.0,0.0,0.0,100.0,100.0,100.0,1000.0,1000.0,1000.0,45.03248591222898,0,0,45.03248591222898,0.0,0.0,0,0
517612,62.0,62.0,21.0,0.0,0.0,0.0,40.0,1.0,1.0,1.0,0.0,0.0,0.0,0.0,0.0,0.0,100.0,100.0,100.0,1000.0,1000.0,1000.0,45.03248591222898,0,0,45.03248591222898,0.0,0.0,0,0
517812,62.0,62.0,21.0,0.0,0.0,0.0,40.0,1.0,1.0,1.0,0.0,0.0,0.0,0.0,0.0,0.0,100.0,100.0,100.0,1000.0,1000.0,1000.0,45.03248591222898,0,0,45.03248591222898,0.0,0.0,0,0
518012,62.0,62.0,21.0,0.0,0.0,0.0,40.0,1.0,1.0,1.0,0.0,0.0,0.0,0.0,0.0,0.0,100.0,100.0,100.0,1000.0,1000.0,1000.0,45.03248591222898,0,0,45.03248591222898,0.0,0.0,0,0
518212,62.0,62.0,21.0,0.0,0.0,0.0,40.0,1.0,1.0,1.0,0.0,0.0,0.0,0.0,0.0,0.0,100.0,100.0,100.0,1000.0,1000.0,1000.0,45.03248591222898,0,0,45.03248591222898,0.0,0.0,0,0
518412,62.0,62.0,21.0,0.0,0.0,0.0,40.0,1.0,1.0,1.0,0.0,0.0,0.0,0.0,0.0,0.0,100.0,100.0,100.0,1000.0,1000.0,1000.0,45.03248591222898,0,0,45.03248591222898,0.0,0.0,0,0
518612,62.0,62.5,21.0,0.0,0.0,0.0,40.0,1.0,1.0,1.0,0.0,0.0,0.0,0.0,0.0,0.0,100.0,100.0,100.0,1000.0,1000.0,1000.0,45.03248591222898,0,0,45.03248591222898,0.0,0.0,0,0
518812,62.0,62.5,21.0,0.0,0.0,0.0,40.0,1.0,1.0,1.0,0.0,0.0,0.0,0.0,0.0,0.0,100.0,100.0,100.0,1000.0,1000.0,1000.0,45.03248591222898,0,0,45.03248591222898,0.0,0.0,0,0
519012,62.0,62.0,21.0,0.0,0.0,0.0,40.0,1.0,1.0,1.0,0.0,0.0,0.0,0.0,0.0,0.0,100.0,100.0,100.0,1000.0,1000.0,1000.0,45.03248591222898,0,0,45.03248591222898,0.0,0.0,0,0
519212,62.0,62.0,21.0,0.0,0.0,0.0,40.0,1.0,1.0,1.0,0.0,0.0,0.0,0.0,0.0,0.0,100.0,100.0,100.0,1000.0,1000.0,1000.0,45.03248591222898,0,0,45.03248591222898,0.0,0.0,0,0
519412,62.0,62.0,21.0,0.0,0.0,0.0,40.0,1.0,1.0,1.0,0.0,0.0,0.0,0.0,0.0,0.0,100.0,100.0,100.0,1000.0,1000.0,1000.0,45.03248591222898,0,0,45.03248591222898,0.0,0.0,0,0
519612,62.0,62.0,21.0,0.0,0.0,0.0,40.0,1.0,1.0,1.0,0.0,0.0,0.0,0.0,0.0,0.0,100.0,100.0,100.0,1000.0,1000.0,1000.0,45.03248591222898,0,0,45.03248591222898,0.0,0.0,0,0
519812,62.0,62.0,21.0,0.0,0.0,0.0,40.0,1.0,1.0,1.0,0.0,0.0,0.0,0.0,0.0,0.0,100.0,100.0,100.0,1000.0,1000.0,1000.0,45.03248591222898,0,0,45.03248591222898,0.0,0.0,0,0
520012,62.0,62.0,21.0,0.0,0.0,0.0,40.0,1.0,1.0,1.0,0.0,0.0,0.0,0.0,0.0,0.0,100.0,100.0,100.0,1000.0,1000.0,1000.0,45.03248591222898,0,0,45.03248591222898,0.0,0.0,0,0
520212,62.0,62.0,21.0,0.0,0.0,0.0,40.0,1.0,1.0,1.0,0.0,0.0,0.0,0.0,0.0,0.0,100.0,100.0,100.0,1000.0,1000.0,1000.0,45.03248591222898,0,0,45.03248591222898,0.0,0.0,0,0
520412,62.0,62.0,21.0,0.0,0.0,0.0,40.0,1.0,1.0,1.0,0.0,0.0,0.0,0.0,0.0,0.0,100.0,100.0,100.0,1000.0,1000.0,1000.0,45.03248591222898,0,0,45.03248591222898,0.0,0.0,0,0
520612,62.0,62.0,21.0,0.0,0.0,0.0,40.0,1.0,1.0,1.0,0.0,0.0,0.0,0.0,0.0,0.0,100.0,100.0,100.0,1000.0,1000.0,1000.0,45.03248591222898,0,0,45.03248591222898,0.0,0.0,0,0
520812,62.0,62.0,21.0,0.0,0.0,0.0,40.0,1.0,1.0,1.0,0.0,0.0,0.0,0.0,0.0,0.0,100.0,100.0,100.0,1000.0,1000.0,1000.0,45.03248591222898,0,0,45.03248591222898,0.0,0.0,0,0
521012,62.0,62.0,21.0,0.0,0.0,0.0,40.0,1.0,1.0,1.0,0.0,0.0,0.0,0.0,0.0,0.0,100.0,100.0,100.0,1000.0,1000.0,1000.0,45.03248591222898,0,0,45.03248591222898,0.0,0.0,0,0
521212,62.0,62.0,21.0,0.0,0.0,0.0,40.0,1.0,1.0,1.0,0.0,0.0,0.0,0.0,0.0,0.0,100.0,100.0,100.0,1000.0,1000.0,1000.0,45.03248591222898,0,0,45.03248591222898,0.0,0.0,0,0
521412,62.0,62.0,21.0,0.0,0.0,0.0,40.0,1.0,1.0,1.0,0.0,0.0,0.0,0.0,0.0,0.0,100.0,100.0,100.0,1000.0,1000.0,1000.0,45.03248591222898,0,0,45.03248591222898,0.0,0.0,0,0
521612,62.0,62.0,21.0,0.0,0.0,0.0,40.0,1.0,1.0,1.0,0.0,0.0,0.0,0.0,0.0,0.0,100.0,100.0,100.0,1000.0,1000.0,1000.0,45.03248591222898,0,0,45.03248591222898,0.0,0.0,0,0
521812,62.0,62.0,21.0,0.0,0.0,0.0,40.0,1.0,1.0,1.0,0.0,0.0,0.0,0.0,0.0,0.0,100.0,100.0,100.0,1000.0,1000.0,1000.0,45.03248591222898,0,0,45.03248591222898,0.0,0.0,0,0
522012,61.5,62.0,21.0,0.0,0.0,0.0,40.0,1.0,1.0,1.0,0.0,0.0,0.0,0.0,0.0,0.0,100.0,100.0,100.0,1000.0,1000.0,1000.0,45.03248591222898,0,0,45.03248591222898,0.0,0.0,0,0
522212,61.5,62.0,21.0,0.0,0.0,0.0,40.0,1.0,1.0,1.0,0.0,0.0,0.0,0.0,0.0,0.0,100.0,100.0,100.0,1000.0,1000.0,1000.0,45.03248591222898,0,0,45.03248591222898,0.0,0.0,0,0
522412,61.5,62.0,21.0,0.0,0.0,0.0,40.0,1.0,1.0,1.0,0.0,0.0,0.0,0.0,0.0,0.0,100.0,100.0,100.0,1000.0,1000.0,1000.0,45.03248591222898,0,0,45.03248591222898,0.0,0.0,0,0
522612,61.5,62.0,21.0,0.0,0.0,0.0,40.0,1.0,1.0,1.0,0.0,0.0,0.0,0.0,0.0,0.0,100.0,100.0,100.0,1000.0,1000.0,1000.0,45.03248591222898,0,0,45.03248591222898,0.0,0.0,0,0
522812,61.5,62.0,21.0,0.0,0.0,0.0,40.0,1.0,1.0,1.0,0.0,0.0,0.0,0.0,0.0,0.0,100.0,100.0,100.0,1000.0,1000.0,1000.0,45.03248591222898,0,0,45.03248591222898,0.0,0.0,0,0
523012,61.5,62.0,21.0,0.0,0.0,0.0,40.0,1.0,1.0,1.0,0.0,0.0,0.0,0.0,0.0,0.0,100.0,100.0,100.0,1000.0,1000.0,1000.0,45.03248591222898,0,0,45.03248591222898,0.0,0.0,0,0
523212,61.5,62.0,21.0,0.0,0.0,0.0,40.0,1.0,1.0,1.0,0.0,0.0,0.0,0.0,0.0,0.0,100.0,100.0,100.0,1000.0,1000.0,1000.0,45.03248591222898,0,0,45.03248591222898,0.0,0.0,0,0
523412,61.5,62.0,21.0,0.0,0.0,0.0,40.0,1.0,1.0,1.0,0.0,0.0,0.0,0.0,0.0,0.0,100.0,100.0,100.0,1000.0,1000.0,1000.0,45.03248591222898,0,0,45.03248591222898,0.0,0.0,0,0
523612,61.5,62.0,21.0,0.0,0.0,0.0,40.0,1.0,1.0,1.0,0.0,0.0,0.0,0.0,0.0,0.0,100.0,100.0,100.0,1000.0,1000.0,1000.0,45.03248591222898,0,0,45.03248591222898,0.0,0.0,0,0
523812,61.5,62.0,21.0,0.0,0.0,0.0,40.0,1.0,1.0,1.0,0.0,0.0,0.0,0.0,0.0,0.0,100.0,100.0,100.0,1000.0,1000.0,1000.0,45.03248591222898,0,0,45.03248591222898,0.0,0.0,0,0
524012,61.5,62.0,21.0,0.0,0.0,0.0,40.0,1.0,1.0,1.0,0.0,0.0,0.0,0.0,0.0,0.0,100.0,100.0,100.0,1000.0,1000.0,1000.0,45.03248591222898,0,0,45.03248591222898,0.0,0.0,0,0
524212,61.5,62.0,21.0,0.0,0.0,0.0,40.0,1.0,1.0,1.0,0.0,0.0,0.0,0.0,0.0,0.0,100.0,100.0,100.0,1000.0,1000.0,1000.0,45.03248591222898,0,0,45.03248591222898,0.0,0.0,0,0
524412,62.0,62.0,21.0,0.0,0.0,0.0,40.0,1.0,1.0,1.0,0.0,0.0,0.0,0.0,0.0,0.0,100.0,100.0,100.0,1000.0,1000.0,1000.0,45.03248591222898,0,0,45.03248591222898,0.0,0.0,0,0
524612,62.0,62.0,21.0,0.0,0.0,0.0,40.0,1.0,1.0,1.0,0.0,0.0,0.0,0.0,0.0,0.0,100.0,100.0,100.0,1000.0,1000.0,1000.0,45.03248591222898,0,0,45.03248591222898,0.0,0.0,0,0
524812,62.0,62.0,21.0,0.0,0.0,0.0,40.0,1.0,1.0,1.0,0.0,0.0,0.0,0.0,0.0,0.0,100.0,100.0,100.0,1000.0,1000.0,1000.0,45.03248591222898,0,0,45.03248591222898,0.0,0.0,0,0
525012,62.0,62.0,21.0,0.0,0.0,0.0,40.0,1.0,1.0,1.0,0.0,0.0,0.0,0.0,0.0,0.0,100.0,100.0,100.0,1000.0,1000.0,1000.0,45.03248591222898,0,0,45.03248591222898,0.0,0.0,0,0
525212,62.0,62.0,21.0,0.0,0.0,0.0,40.0,1.0,1.0,1.0,0.0,0.0,0.0,0.0,0.0,0.0,100.0,100.0,100.0,1000.0,1000.0,1000.0,44.38934684329595,0,0,44.38934684329595,0.0,0.0,1,0
525412,61.5,62.0,21.0,0.0,0.0,0.0,40.0,1.0,1.0,1.0,0.0,0.0,0.0,0.0,0.0,0.0,100.0,100.0,100.0,1000.0,1000.0,1000.0,44.38934684329595,0,0,44.38934684329595,0.0,0.0,0,0
525612,61.5,62.0,21.0,0.0,0.0,0.0,40.0,1.0,1.0,1.0,0.0,0.0,0.0,0.0,0.0,0.0,100.0,100.0,100.0,1000.0,1000.0,1000.0,44.38934684329595,0,0,44.38934684329595,0.0,0.0,0,0
525812,61.5,62.0,21.0,0.0,0.0,0.0,40.0,1.0,1.0,1.0,0.0,0.0,0.0,0.0,0.0,0.0,100.0,100.0,100.0,1000.0,1000.0,1000.0,44.38934684329595,0,0,44.38934684329595,0.0,0.0,0,0
526012,61.5,62.0,21.0,0.0,0.0,0.0,40.0,1.0,1.0,1.0,0.0,0.0,0.0,0.0,0.0,0.0,100.0,100.0,100.0,1000.0,1000.0,1000.0,44.38934684329595,0,0,44.38934684329595,0.0,0.0,0,0
526212,61.5,62.0,21.0,0.0,0.0,0.0,40.0,1.0,1.0,1.0,0.0,0.0,0.0,0.0,0.0,0.0,100.0,100.0,100.0,1000.0,1000.0,1000.0,44.38934684329595,0,0,44.38934684329595,0.0,0.0,0,0
526412,61.5,62.0,21.0,0.0,0.0,0.0,40.0,1.0,1.0,1.0,0.0,0.0,0.0,0.0,0.0,0.0,100.0,100.0,100.0,1000.0,1000.0,1000.0,44.38934684329595,0,0,44.38934684329595,0.0,0.0,0,0
526612,61.5,62.0,21.0,0.0,0.0,0.0,40.0,1.0,1.0,1.0,0.0,0.0,0.0,0.0,0.0,0.0,100.0,100.0,100.0,1000.0,1000.0,1000.0,44.38934684329595,0,0,44.38934684329595,0.0,0.0,0,0
526812,61.5,62.0,21.0,0.0,0.0,0.0,40.0,1.0,1.0,1.0,0.0,0.0,0.0,0.0,0.0,0.0,100.0,100.0,100.0,1000.0,1000.0,1000.0,44.38934684329595,0,0,44.38934684329595,0.0,0.0,0,0
527012,61.5,62.0,21.0,0.0,0.0,0.0,40.0,1.0,1.0,1.0,0.0,0.0,0.0,0.0,0.0,0.0,100.0,100.0,100.0,1000.0,1000.0,1000.0,44.38934684329595,0,0,44.38934684329595,0.0,0.0,0,0
527212,61.5,62.0,21.0,0.0,0.0,0.0,40.0,1.0,1.0,1.0,0.0,0.0,0.0,0.0,0.0,0.0,100.0,100.0,100.0,1000.0,1000.0,1000.0,44.38934684329595,0,0,44.38934684329595,0.0,0.0,0,0
527412,61.5,62.0,21.0,0.0,0.0,0.0,40.0,1.0,1.0,1.0,0.0,0.0,0.0,0.0,0.0,0.0,100.0,100.0,100.0,1000.0,1000.0,1000.0,44.38934684329595,0,0,44.38934684329595,0.0,0.0,0,0
527612,61.5,62.0,21.0,0.0,0.0,0.0,40.0,1.0,1.0,1.0,0.0,0.0,0.0,0.0,0.0,0.0,100.0,100.0,100.0,1000.0,1000.0,1000.0,44.38934684329595,0,0,44.38934684329595,0.0,0.0,0,0
527812,61.5,62.0,21.0,0.0,0.0,0.0,40.0,1.0,1.0,1.0,0.0,0.0,0.0,0.0,0.0,0.0,100.0,100.0,100.0,1000.0,1000.0,1000.0,44.38934684329595,0,0,44.38934684329595,0.0,0.0,0,0
528012,61.5,62.0,21.0,0.0,0.0,0.0,40.0,1.0,1.0,1.0,0.0,0.0,0.0,0.0,0.0,0.0,100.0,100.0,100.0,1000.0,1000.0,1000.0,44.38934684329595,0,0,44.38934684329595,0.0,0.0,0,0
528212,61.5,62.0,21.0,0.0,0.0,0.0,40.0,1.0,1.0,1.0,0.0,0.0,0.0,0.0,0.0,0.0,100.0,100.0,100.0,1000.0,1000.0,1000.0,44.38934684329595,0,0,44.38934684329595,0.0,0.0,0,0
528412,61.5,62.0,21.0,0.0,0.0,0.0,40.0,1.0,1.0,1.0,0.0,0.0,0.0,0.0,0.0,0.0,100.0,100.0,100.0,1000.0,1000.0,1000.0,44.38934684329595,0,0,44.38934684329595,0.0,0.0,0,0
528612,61.5,62.0,21.0,0.0,0.0,0.0,40.0,1.0,1.0,1.0,0.0,0.0,0.0,0.0,0.0,0.0,100.0,100.0,100.0,1000.0,1000.0,1000.0,44.38934684329595,0,0,44.38934684329595,0.0,0.0,0,0
528812,61.5,62.0,21.0,0.0,0.0,0.0,40.0,1.0,1.0,1.0,0.0,0.0,0.0,0.0,0.0,0.0,100.0,100.0,100.0,1000.0,1000.0,1000.0,44.38934684329595,0,0,44.38934684329595,0.0,0.0,0,0
529012,61.5,62.0,21.0,0.0,0.0,0.0,40.0,1.0,1.0,1.0,0.0,0.0,0.0,0.0,0.0,0.0,100.0,100.0,100.0,1000.0,1000.0,1000.0,44.38934684329595,0,0,44.38934684329595,0.0,0.0,0,0
529212,61.5,62.0,21.0,0.0,0.0,0.0,40.0,1.0,1.0,1.0,0.0,0.0,0.0,0.0,0.0,0.0,100.0,100.0,100.0,1000.0,1000.0,1000.0,44.38934684329595,0,0,44.38934684329595,0.0,0.0,0,0
529412,61.5,62.0,21.0,0.0,0.0,0.0,40.0,1.0,1.0,1.0,0.0,0.0,0.0,0.0,0.0,0.0,100.0,100.0,100.0,1000.0,1000.0,1000.0,44.38934684329595,0,0,44.38934684329595,0.0,0.0,0,0
529612,61.5,62.0,21.0,0.0,0.0,0.0,40.0,1.0,1.0,1.0,0.0,0.0,0.0,0.0,0.0,0.0,100.0,100.0,100.0,1000.0,1000.0,1000.0,44.38934684329595,0,0,44.38934684329595,0.0,0.0,0,0
529812,61.5,62.0,21.0,0.0,0.0,0.0,40.0,1.0,1.0,1.0,0.0,0.0,0.0,0.0,0.0,0.0,100.0,100.0,100.0,1000.0,1000.0,1000.0,44.38934684329595,0,0,44.38934684329595,0.0,0.0,0,0
530012,61.5,62.0,21.0,0.0,0.0,0.0,40.0,1.0,1.0,1.0,0.0,0.0,0.0,0.0,0.0,0.0,100.0,100.0,100.0,1000.0,1000.0,1000.0,44.38934684329595,0,0,44.38934684329595,0.0,0.0,0,0
530212,61.5,62.0,21.0,0.0,0.0,0.0,40.0,1.0,1.0,1.0,0.0,0.0,0.0,0.0,0.0,0.0,100.0,100.0,100.0,1000.0,1000.0,1000.0,44.38934684329595,0,0,44.38934684329595,0.0,0.0,0,0
530412,61.5,62.0,21.0,0.0,0.0,0.0,40.0,1.0,1.0,1.0,0.0,0.0,0.0,0.0,0.0,0.0,100.0,100.0,100.0,1000.0,1000.0,1000.0,44.38934684329595,0,0,44.38934684329595,0.0,0.0,0,0
530612,61.5,62.0,21.0,0.0,0.0,0.0,40.0,1.0,1.0,1.0,0.0,0.0,0.0,0.0,0.0,0.0,100.0,100.0,100.0,1000.0,1000.0,1000.0,44.38934684329595,0,0,44.38934684329595,0.0,0.0,0,0
530812,61.5,62.0,21.0,0.0,0.0,0.0,40.0,1.0,1.0,1.0,0.0,0.0,0.0,0.0,0.0,0.0,100.0,100.0,100.0,1000.0,1000.0,1000.0,44.38934684329595,0,0,44.38934684329595,0.0,0.0,0,0
531012,61.5,62.0,21.0,0.0,0.0,0.0,40.0,1.0,1.0,1.0,0.0,0.0,0.0,0.0,0.0,0.0,100.0,100.0,100.0,1000.0,1000.0,1000.0,44.38934684329595,0,0,44.38934684329595,0.0,0.0,0,0
531212,61.5,62.0,21.0,0.0,0.0,0.0,40.0,1.0,1.0,1.0,0.0,0.0,0.0,0.0,0.0,0.0,100.0,100.0,100.0,1000.0,1000.0,1000.0,44.38934684329595,0,0,44.38934684329595,0.0,0.0,0,0
531412,61.5,62.0,21.0,0.0,0.0,0.0,40.0,1.0,1.0,1.0,0.0,0.0,0.0,0.0,0.0,0.0,100.0,100.0,100.0,1000.0,1000.0,1000.0,44.38934684329595,0,0,44.38934684329595,0.0,0.0,0,0
531612,61.5,62.0,21.0,0.0,0.0,0.0,40.0,1.0,1.0,1.0,0.0,0.0,0.0,0.0,0.0,0.0,100.0,100.0,100.0,1000.0,1000.0,1000.0,44.38934684329595,0,0,44.38934684329595,0.0,0.0,0,0
531812,61.5,62.0,21.0,0.0,0.0,0.0,40.0,1.0,1.0,1.0,0.0,0.0,0.0,0.0,0.0,0.0,100.0,100.0,100.0,1000.0,1000.0,1000.0,44.38934684329595,0,0,44.38934684329595,0.0,0.0,0,0
532012,61.5,62.0,21.0,0.0,0.0,0.0,40.0,1.0,1.0,1.0,0.0,0.0,0.0,0.0,0.0,0.0,100.0,100.0,100.0,1000.0,1000.0,1000.0,44.38934684329595,0,0,44.38934684329595,0.0,0.0,0,0
532212,61.5,62.0,21.0,0.0,0.0,0.0,40.0,1.0,1.0,1.0,0.0,0.0,0.0,0.0,0.0,0.0,100.0,100.0,100.0,1000.0,1000.0,1000.0,44.38934684329595,0,0,44.38934684329595,0.0,0.0,0,0
532412,61.5,62.0,21.0,0.0,0.0,0.0,40.0,1.0,1.0,1.0,0.0,0.0,0.0,0.0,0.0,0.0,100.0,100.0,100.0,1000.0,1000.0,1000.0,44.38934684329595,0,0,44.38934684329595,0.0,0.0,0,0
532612,61.5,62.0,21.0,0.0,0.0,0.0,40.0,1.0,1.0,1.0,0.0,0.0,0.0,0.0,0.0,0.0,100.0,100.0,100.0,1000.0,1000.0,1000.0,44.38934684329595,0,0,44.38934684329595,0.0,0.0,0,0
532812,61.5,62.0,21.0,0.0,0.0,0.0,40.0,1.0,1.0,1.0,0.0,0.0,0.0,0.0,0.0,0.0,100.0,100.0,100.0,1000.0,1000.0,1000.0,44.38934684329595,0,0,44.38934684329595,0.0,0.0,0,0
533012,61.5,62.0,21.0,0.0,0.0,0.0,40.0,1.0,1.0,1.0,0.0,0.0,0.0,0.0,0.0,0.0,100.0,100.0,100.0,1000.0,1000.0,1000.0,44.38934684329595,0,0,44.38934684329595,0.0,0.0,0,0
533212,61.5,62.0,21.0,0.0,0.0,0.0,40.0,1.0,1.0,1.0,0.0,0.0,0.0,0.0,0.0,0.0,100.0,100.0,100.0,1000.0,1000.0,1000.0,44.38934684329595,0,0,44.38934684329595,0.0,0.0,0,0
533412,61.5,62.0,21.0,0.0,0.0,0.0,40.0,1.0,1.0,1.0,0.0,0.0,0.0,0.0,0.0,0.0,100.0,100.0,100.0,1000.0,1000.0,1000.0,44.38934684329595,0,0,44.38934684329595,0.0,0.0,0,0
533612,61.5,62.0,21.0,0.0,0.0,0.0,40.0,1.0,1.0,1.0,0.0,0.0,0.0,0.0,0.0,0.0,100.0,100.0,100.0,1000.0,1000.0,1000.0,44.38934684329595,0,0,44.38934684329595,0.0,0.0,0,0
533812,61.5,62.0,21.0,0.0,0.0,0.0,40.0,1.0,1.0,1.0,0.0,0.0,0.0,0.0,0.0,0.0,100.0,100.0,100.0,1000.0,1000.0,1000.0,44.38934684329595,0,0,44.38934684329595,0.0,0.0,0,0
534012,61.5,62.0,21.0,0.0,0.0,0.0,40.0,1.0,1.0,1.0,0.0,0.0,0.0,0.0,0.0,0.0,100.0,100.0,100.0,1000.0,1000.0,1000.0,44.38934684329595,0,0,44.38934684329595,0.0,0.0,0,0
534212,61.5,62.0,21.0,0.0,0.0,0.0,40.0,1.0,1.0,1.0,0.0,0.0,0.0,0.0,0.0,0.0,100.0,100.0,100.0,1000.0,1000.0,1000.0,44.38934684329595,0,0,44.38934684329595,0.0,0.0,0,0
534412,61.5,62.0,21.0,0.0,0.0,0.0,40.0,1.0,1.0,1.0,0.0,0.0,0.0,0.0,0.0,0.0,100.0,100.0,100.0,1000.0,1000.0,1000.0,44.38934684329595,0,0,44.38934684329595,0.0,0.0,0,0
534612,61.5,62.0,21.0,0.0,0.0,0.0,40.0,1.0,1.0,1.0,0.0,0.0,0.0,0.0,0.0,0.0,100.0,100.0,100.0,1000.0,1000.0,1000.0,44.38934684329595,0,0,44.38934684329595,0.0,0.0,0,0
534812,61.5,62.0,21.0,0.0,0.0,0.0,40.0,1.0,1.0,1.0,0.0,0.0,0.0,0.0,0.0,0.0,100.0,100.0,100.0,1000.0,1000.0,1000.0,44.38934684329595,0,0,44.38934684329595,0.0,0.0,0,0
535012,61.5,62.0,21.0,0.0,0.0,0.0,40.0,1.0,1.0,1.0,0.0,0.0,0.0,0.0,0.0,0.0,100.0,100.0,100.0,1000.0,1000.0,1000.0,44.38934684329595,0,0,44.38934684329595,0.0,0.0,0,0
535212,61.5,62.0,21.0,0.0,0.0,0.0,40.0,1.0,1.0,1.0,0.0,0.0,0.0,0.0,0.0,0.0,100.0,100.0,100.0,1000.0,1000.0,1000.0,44.38934684329595,0,0,44.38934684329595,0.0,0.0,0,0
535412,61.5,62.0,21.0,0.0,0.0,0.0,40.0,1.0,1.0,1.0,0.0,0.0,0.0,0.0,0.0,0.0,100.0,100.0,100.0,1000.0,1000.0,1000.0,44.38934684329595,0,0,44.38934684329595,0.0,0.0,0,0
535612,61.5,62.0,21.0,0.0,0.0,0.0,40.0,1.0,1.0,1.0,0.0,0.0,0.0,0.0,0.0,0.0,100.0,100.0,100.0,1000.0,1000.0,1000.0,44.38934684329595,0,0,44.38934684329595,0.0,0.0,0,0
535812,61.5,62.0,21.0,0.0,0.0,0.0,40.0,1.0,1.0,1.0,0.0,0.0,0.0,0.0,0.0,0.0,100.0,100.0,100.0,1000.0,1000.0,1000.0,44.38934684329595,0,0,44.38934684329595,0.0,0.0,0,0
536012,61.5,62.0,21.0,0.0,0.0,0.0,40.0,1.0,1.0,1.0,0.0,0.0,0.0,0.0,0.0,0.0,100.0,100.0,100.0,1000.0,1000.0,1000.0,44.38934684329595,0,0,44.38934684329595,0.0,0.0,0,0
536212,61.5,62.0,21.0,0.0,0.0,0.0,40.0,1.0,1.0,1.0,0.0,0.0,0.0,0.0,0.0,0.0,100.0,100.0,100.0,1000.0,1000.0,1000.0,44.38934684329595,0,0,44.38934684329595,0.0,0.0,0,0
536412,61.5,62.0,21.0,0.0,0.0,0.0,40.0,1.0,1.0,1.0,0.0,0.0,0.0,0.0,0.0,0.0,100.0,100.0,100.0,1000.0,1000.0,1000.0,44.38934684329595,0,0,44.38934684329595,0.0,0.0,0,0
536612,61.5,62.0,21.0,0.0,0.0,0.0,40.0,1.0,1.0,1.0,0.0,0.0,0.0,0.0,0.0,0.0,100.0,100.0,100.0,1000.0,1000.0,1000.0,44.38934684329595,0,0,44.38934684329595,0.0,0.0,0,0
536812,61.5,62.0,21.0,0.0,0.0,0.0,40.0,1.0,1.0,1.0,0.0,0.0,0.0,0.0,0.0,0.0,100.0,100.0,100.0,1000.0,1000.0,1000.0,44.38934684329595,0,0,44.38934684329595,0.0,0.0,0,0
537012,61.5,62.0,21.0,0.0,0.0,0.0,40.0,1.0,1.0,1.0,0.0,0.0,0.0,0.0,0.0,0.0,100.0,100.0,100.0,1000.0,1000.0,1000.0,44.38934684329595,0,0,44.38934684329595,0.0,0.0,0,0
537212,61.5,62.0,21.0,0.0,0.0,0.0,40.0,1.0,1.0,1.0,0.0,0.0,0.0,0.0,0.0,0.0,100.0,100.0,100.0,1000.0,1000.0,1000.0,44.38934684329595,0,0,44.38934684329595,0.0,0.0,0,0
537412,61.5,62.0,21.0,0.0,0.0,0.0,40.0,1.0,1.0,1.0,0.0,0.0,0.0,0.0,0.0,0.0,100.0,100.0,100.0,1000.0,1000.0,1000.0,44.38934684329595,0,0,44.38934684329595,0.0,0.0,0,0
537612,61.5,62.0,21.0,0.0,0.0,0.0,40.0,1.0,1.0,1.0,0.0,0.0,0.0,0.0,0.0,0.0,100.0,100.0,100.0,1000.0,1000.0,1000.0,44.38934684329595,0,0,44.38934684329595,0.0,0.0,0,0
537812,61.5,62.0,21.0,0.0,0.0,0.0,40.0,1.0,1.0,1.0,0.0,0.0,0.0,0.0,0.0,0.0,100.0,100.0,100.0,1000.0,1000.0,1000.0,44.38934684329595,0,0,44.38934684329595,0.0,0.0,0,0
538012,61.5,62.0,21.0,0.0,0.0,0.0,40.0,1.0,1.0,1.0,0.0,0.0,0.0,0.0,0.0,0.0,100.0,100.0,100.0,1000.0,1000.0,1000.0,44.38934684329595,0,0,44.38934684329595,0.0,0.0,0,0
538212,61.5,62.0,21.0,0.0,0.0,0.0,40.0,1.0,1.0,1.0,0.0,0.0,0.0,0.0,0.0,0.0,100.0,100.0,100.0,1000.0,1000.0,1000.0,44.38934684329595,0,0,44.38934684329595,0.0,0.0,0,0
538412,61.5,62.0,21.0,0.0,0.0,0.0,40.0,1.0,1.0,1.0,0.0,0.0,0.0,0.0,0.0,0.0,100.0,100.0,100.0,1000.0,1000.0,1000.0,44.38934684329595,0,0,44.38934684329595,0.0,0.0,0,0
538612,61.5,62.0,21.0,0.0,0.0,0.0,40.0,1.0,1.0,1.0,0.0,0.0,0.0,0.0,0.0,0.0,100.0,100.0,100.0,1000.0,1000.0,1000.0,44.38934684329595,0,0,44.38934684329595,0.0,0.0,0,0
538812,61.5,62.0,21.0,0.0,0.0,0.0,40.0,1.0,1.0,1.0,0.0,0.0,0.0,0.0,0.0,0.0,100.0,100.0,100.0,1000.0,1000.0,1000.0,44.38934684329595,0,0,44.38934684329595,0.0,0.0,0,0
539012,61.5,62.0,21.0,0.0,0.0,0.0,40.0,1.0,1.0,1.0,0.0,0.0,0.0,0.0,0.0,0.0,100.0,100.0,100.0,1000.0,1000.0,1000.0,44.38934684329595,0,0,44.38934684329595,0.0,0.0,0,0
539212,61.5,62.0,21.0,0.0,0.0,0.0,40.0,1.0,1.0,1.0,0.0,0.0,0.0,0.0,0.0,0.0,100.0,100.0,100.0,1000.0,1000.0,1000.0,44.38934684329595,0,0,44.38934684329595,0.0,0.0,0,0
539412,61.5,62.0,21.0,0.0,0.0,0.0,40.0,1.0,1.0,1.0,0.0,0.0,0.0,0.0,0.0,0.0,100.0,100.0,100.0,1000.0,1000.0,1000.0,44.38934684329595,0,0,44.38934684329595,0.0,0.0,0,0
539612,61.5,62.0,21.0,0.0,0.0,0.0,40.0,1.0,1.0,1.0,0.0,0.0,0.0,0.0,0.0,0.0,100.0,100.0,100.0,1000.0,1000.0,1000.0,44.38934684329595,0,0,44.38934684329595,0.0,0.0,0,0
539812,61.5,62.0,21.0,0.0,0.0,0.0,40.0,1.0,1.0,1.0,0.0,0.0,0.0,0.0,0.0,0.0,100.0,100.0,100.0,1000.0,1000.0,1000.0,44.38934684329595,0,0,44.38934684329595,0.0,0.0,0,0
540012,61.5,62.0,21.0,0.0,0.0,0.0,40.0,1.0,1.0,1.0,0.0,0.0,0.0,0.0,0.0,0.0,100.0,100.0,100.0,1000.0,1000.0,1000.0,44.38934684329595,0,0,44.38934684329595,0.0,0.0,0,0
540212,61.5,62.0,21.0,0.0,0.0,0.0,40.0,1.0,1.0,1.0,0.0,0.0,0.0,0.0,0.0,0.0,100.0,100.0,100.0,1000.0,1000.0,1000.0,49.0285929874539,0,0,49.0285929874539,0.0,0.0,1,0
540412,61.5,62.0,21.0,0.0,0.0,0.0,40.0,1.0,1.0,1.0,0.0,0.0,0.0,0.0,0.0,0.0,100.0,100.0,100.0,1000.0,1000.0,1000.0,49.0285929874539,0,0,49.0285929874539,0.0,0.0,0,0
540612,61.5,62.0,21.0,0.0,0.0,0.0,40.0,1.0,1.0,1.0,0.0,0.0,0.0,0.0,0.0,0.0,100.0,100.0,100.0,1000.0,1000.0,1000.0,49.0285929874539,0,0,49.0285929874539,0.0,0.0,0,0
540812,61.5,62.0,21.0,0.0,0.0,0.0,40.0,1.0,1.0,1.0,0.0,0.0,0.0,0.0,0.0,0.0,100.0,100.0,100.0,1000.0,1000.0,1000.0,49.0285929874539,0,0,49.0285929874539,0.0,0.0,0,0
541012,61.5,62.0,21.0,0.0,0.0,0.0,40.0,1.0,1.0,1.0,0.0,0.0,0.0,0.0,0.0,0.0,100.0,100.0,100.0,1000.0,1000.0,1000.0,49.0285929874539,0,0,49.0285929874539,0.0,0.0,0,0
541212,61.5,62.0,21.0,0.0,0.0,0.0,40.0,1.0,1.0,1.0,0.0,0.0,0.0,0.0,0.0,0.0,100.0,100.0,100.0,1000.0,1000.0,1000.0,49.0285929874539,0,0,49.0285929874539,0.0,0.0,0,0
541412,61.5,62.0,21.0,0.0,0.0,0.0,40.0,1.0,1.0,1.0,0.0,0.0,0.0,0.0,0.0,0.0,100.0,100.0,100.0,1000.0,1000.0,1000.0,49.0285929874539,0,0,49.0285929874539,0.0,0.0,0,0
541612,61.5,62.0,21.0,0.0,0.0,0.0,40.0,1.0,1.0,1.0,0.0,0.0,0.0,0.0,0.0,0.0,100.0,100.0,100.0,1000.0,1000.0,1000.0,49.0285929874539,0,0,49.0285929874539,0.0,0.0,0,0
541812,61.5,62.0,21.0,0.0,0.0,0.0,40.0,1.0,1.0,1.0,0.0,0.0,0.0,0.0,0.0,0.0,100.0,100.0,100.0,1000.0,1000.0,1000.0,49.0285929874539,0,0,49.0285929874539,0.0,0.0,0,0
542012,61.5,62.0,21.0,0.0,0.0,0.0,40.0,1.0,1.0,1.0,0.0,0.0,0.0,0.0,0.0,0.0,100.0,100.0,100.0,1000.0,1000.0,1000.0,49.0285929874539,0,0,49.0285929874539,0.0,0.0,0,0
542212,61.5,62.0,21.0,0.0,0.0,0.0,40.0,1.0,1.0,1.0,0.0,0.0,0.0,0.0,0.0,0.0,100.0,100.0,100.0,1000.0,1000.0,1000.0,49.0285929874539,0,0,49.0285929874539,0.0,0.0,0,0
542412,61.5,62.0,21.0,0.0,0.0,0.0,40.0,1.0,1.0,1.0,0.0,0.0,0.0,0.0,0.0,0.0,100.0,100.0,100.0,1000.0,1000.0,1000.0,49.0285929874539,0,0,49.0285929874539,0.0,0.0,0,0
542612,61.5,62.0,21.0,0.0,0.0,0.0,40.0,1.0,1.0,1.0,0.0,0.0,0.0,0.0,0.0,0.0,100.0,100.0,100.0,1000.0,1000.0,1000.0,49.0285929874539,0,0,49.0285929874539,0.0,0.0,0,0
542812,61.5,62.0,21.0,0.0,0.0,0.0,40.0,1.0,1.0,1.0,0.0,0.0,0.0,0.0,0.0,0.0,100.0,100.0,100.0,1000.0,1000.0,1000.0,49.0285929874539,0,0,49.0285929874539,0.0,0.0,0,0
543012,61.5,62.0,21.0,0.0,0.0,0.0,40.0,1.0,1.0,1.0,0.0,0.0,0.0,0.0,0.0,0.0,100.0,100.0,100.0,1000.0,1000.0,1000.0,49.0285929874539,0,0,49.0285929874539,0.0,0.0,0,0
543212,61.5,62.0,21.0,0.0,0.0,0.0,40.0,1.0,1.0,1.0,0.0,0.0,0.0,0.0,0.0,0.0,100.0,100.0,100.0,1000.0,1000.0,1000.0,49.0285929874539,0,0,49.0285929874539,0.0,0.0,0,0
543412,61.5,62.0,21.0,0.0,0.0,0.0,40.0,1.0,1.0,1.0,0.0,0.0,0.0,0.0,0.0,0.0,100.0,100.0,100.0,1000.0,1000.0,1000.0,49.0285929874539,0,0,49.0285929874539,0.0,0.0,0,0
543612,61.5,62.0,21.0,0.0,0.0,0.0,40.0,1.0,1.0,1.0,0.0,0.0,0.0,0.0,0.0,0.0,100.0,100.0,100.0,1000.0,1000.0,1000.0,49.0285929874539,0,0,49.0285929874539,0.0,0.0,0,0
543812,61.5,62.0,21.0,0.0,0.0,0.0,40.0,1.0,1.0,1.0,0.0,0.0,0.0,0.0,0.0,0.0,100.0,100.0,100.0,1000.0,1000.0,1000.0,49.0285929874539,0,0,49.0285929874539,0.0,0.0,0,0
544012,61.5,62.0,21.0,0.0,0.0,0.0,40.0,1.0,1.0,1.0,0.0,0.0,0.0,0.0,0.0,0.0,100.0,100.0,100.0,1000.0,1000.0,1000.0,49.0285929874539,0,0,49.0285929874539,0.0,0.0,0,0
544212,61.5,62.0,21.0,0.0,0.0,0.0,40.0,1.0,1.0,1.0,0.0,0.0,0.0,0.0,0.0,0.0,100.0,100.0,100.0,1000.0,1000.0,1000.0,49.0285929874539,0,0,49.0285929874539,0.0,0.0,0,0
544412,61.5,62.0,21.0,0.0,0.0,0.0,40.0,1.0,1.0,1.0,0.0,0.0,0.0,0.0,0.0,0.0,100.0,100.0,100.0,1000.0,1000.0,1000.0,49.0285929874539,0,0,49.0285929874539,0.0,0.0,0,0
544612,61.5,62.0,21.0,0.0,0.0,0.0,40.0,1.0,1.0,1.0,0.0,0.0,0.0,0.0,0.0,0.0,100.0,100.0,100.0,1000.0,1000.0,1000.0,49.0285929874539,0,0,49.0285929874539,0.0,0.0,0,0
544812,61.5,62.0,21.0,0.0,0.0,0.0,40.0,1.0,1.0,1.0,0.0,0.0,0.0,0.0,0.0,0.0,100.0,100.0,100.0,1000.0,1000.0,1000.0,49.0285929874539,0,0,49.0285929874539,0.0,0.0,0,0
545012,61.5,62.0,21.0,0.0,0.0,0.0,40.0,1.0,1.0,1.0,0.0,0.0,0.0,0.0,0.0,0.0,100.0,100.0,100.0,1000.0,1000.0,1000.0,49.0285929874539,0,0,49.0285929874539,0.0,0.0,0,0
545212,61.5,62.0,21.0,0.0,0.0,0.0,40.0,1.0,1.0,1.0,0.0,0.0,0.0,0.0,0.0,0.0,100.0,100.0,100.0,1000.0,1000.0,1000.0,49.0285929874539,0,0,49.0285929874539,0.0,0.0,0,0
545412,61.5,62.0,21.0,0.0,0.0,0.0,40.0,1.0,1.0,1.0,0.0,0.0,0.0,0.0,0.0,0.0,100.0,100.0,100.0,1000.0,1000.0,1000.0,49.0285929874539,0,0,49.0285929874539,0.0,0.0,0,0
545612,61.5,61.5,21.0,0.0,0.0,0.0,40.0,1.0,1.0,1.0,0.0,0.0,0.0,0.0,0.0,0.0,100.0,100.0,100.0,1000.0,1000.0,1000.0,49.0285929874539,0,0,49.0285929874539,0.0,0.0,0,0
545812,61.5,61.5,21.0,0.0,0.0,0.0,40.0,1.0,1.0,1.0,0.0,0.0,0.0,0.0,0.0,0.0,100.0,100.0,100.0,1000.0,1000.0,1000.0,49.0285929874539,0,0,49.0285929874539,0.0,0.0,0,0
546012,61.5,61.5,21.0,0.0,0.0,0.0,40.0,1.0,1.0,1.0,0.0,0.0,0.0,0.0,0.0,0.0,100.0,100.0,100.0,1000.0,1000.0,1000.0,49.0285929874539,0,0,49.0285929874539,0.0,0.0,0,0
546212,61.5,61.5,21.0,0.0,0.0,0.0,40.0,1.0,1.0,1.0,0.0,0.0,0.0,0.0,0.0,0.0,100.0,100.0,100.0,1000.0,1000.0,1000.0,49.0285929874539,0,0,49.0285929874539,0.0,0.0,0,0
546412,61.5,61.5,21.0,0.0,0.0,0.0,40.0,1.0,1.0,1.0,0.0,0.0,0.0,0.0,0.0,0.0,100.0,100.0,100.0,1000.0,1000.0,1000.0,49.0285929874539,0,0,49.0285929874539,0.0,0.0,0,0
546612,61.5,61.5,21.0,0.0,0.0,0.0,40.0,1.0,1.0,1.0,0.0,0.0,0.0,0.0,0.0,0.0,100.0,100.0,100.0,1000.0,1000.0,1000.0,49.0285929874539,0,0,49.0285929874539,0.0,0.0,0,0
546812,61.5,61.5,21.0,0.0,0.0,0.0,40.0,1.0,1.0,1.0,0.0,0.0,0.0,0.0,0.0,0.0,100.0,100.0,100.0,1000.0,1000.0,1000.0,49.0285929874539,0,0,49.0285929874539,0.0,0.0,0,0
547012,61.5,61.5,21.0,0.0,0.0,0.0,40.0,1.0,1.0,1.0,0.0,0.0,0.0,0.0,0.0,0.0,100.0,100.0,100.0,1000.0,1000.0,1000.0,49.0285929874539,0,0,49.0285929874539,0.0,0.0,0,0
547212,61.5,61.5,21.0,0.0,0.0,0.0,40.0,1.0,1.0,1.0,0.0,0.0,0.0,0.0,0.0,0.0,100.0,100.0,100.0,1000.0,1000.0,1000.0,49.0285929874539,0,0,49.0285929874539,0.0,0.0,0,0
547412,61.5,61.5,21.0,0.0,0.0,0.0,40.0,1.0,1.0,1.0,0.0,0.0,0.0,0.0,0.0,0.0,100.0,100.0,100.0,1000.0,1000.0,1000.0,49.0285929874539,0,0,49.0285929874539,0.0,0.0,0,0
547612,61.5,61.5,21.0,0.0,0.0,0.0,40.0,1.0,1.0,1.0,0.0,0.0,0.0,0.0,0.0,0.0,100.0,100.0,100.0,1000.0,1000.0,1000.0,49.0285929874539,0,0,49.0285929874539,0.0,0.0,0,0
547812,61.5,61.5,21.0,0.0,0.0,0.0,40.0,1.0,1.0,1.0,0.0,0.0,0.0,0.0,0.0,0.0,100.0,100.0,100.0,1000.0,1000.0,1000.0,49.0285929874539,0,0,49.0285929874539,0.0,0.0,0,0
548012,61.5,61.5,21.0,0.0,0.0,0.0,40.0,1.0,1.0,1.0,0.0,0.0,0.0,0.0,0.0,0.0,100.0,100.0,100.0,1000.0,1000.0,1000.0,49.0285929874539,0,0,49.0285929874539,0.0,0.0,0,0
548212,61.5,61.5,21.0,0.0,0.0,0.0,40.0,1.0,1.0,1.0,0.0,0.0,0.0,0.0,0.0,0.0,100.0,100.0,100.0,1000.0,1000.0,1000.0,49.0285929874539,0,0,49.0285929874539,0.0,0.0,0,0
548412,61.5,61.5,21.0,0.0,0.0,0.0,40.0,1.0,1.0,1.0,0.0,0.0,0.0,0.0,0.0,0.0,100.0,100.0,100.0,1000.0,1000.0,1000.0,49.0285929874539,0,0,49.0285929874539,0.0,0.0,0,0
548612,61.5,61.5,21.0,0.0,0.0,0.0,40.0,1.0,1.0,1.0,0.0,0.0,0.0,0.0,0.0,0.0,100.0,100.0,100.0,1000.0,1000.0,1000.0,49.0285929874539,0,0,49.0285929874539,0.0,0.0,0,0
548812,61.5,61.5,21.0,0.0,0.0,0.0,40.0,1.0,1.0,1.0,0.0,0.0,0.0,0.0,0.0,0.0,100.0,100.0,100.0,1000.0,1000.0,1000.0,49.0285929874539,0,0,49.0285929874539,0.0,0.0,0,0
549012,61.5,61.5,21.0,0.0,0.0,0.0,40.0,1.0,1.0,1.0,0.0,0.0,0.0,0.0,0.0,0.0,100.0,100.0,100.0,1000.0,1000.0,1000.0,49.0285929874539,0,0,49.0285929874539,0.0,0.0,0,0
549212,61.5,61.5,21.0,0.0,0.0,0.0,40.0,1.0,1.0,1.0,0.0,0.0,0.0,0.0,0.0,0.0,100.0,100.0,100.0,1000.0,1000.0,1000.0,49.0285929874539,0,0,49.0285929874539,0.0,0.0,0,0
549412,61.5,61.5,21.0,0.0,0.0,0.0,40.0,1.0,1.0,1.0,0.0,0.0,0.0,0.0,0.0,0.0,100.0,100.0,100.0,1000.0,1000.0,1000.0,49.0285929874539,0,0,49.0285929874539,0.0,0.0,0,0
549612,61.5,61.5,21.0,0.0,0.0,0.0,40.0,1.0,1.0,1.0,0.0,0.0,0.0,0.0,0.0,0.0,100.0,100.0,100.0,1000.0,1000.0,1000.0,49.0285929874539,0,0,49.0285929874539,0.0,0.0,0,0
549812,61.5,61.5,21.0,0.0,0.0,0.0,40.0,1.0,1.0,1.0,0.0,0.0,0.0,0.0,0.0,0.0,100.0,100.0,100.0,1000.0,1000.0,1000.0,49.0285929874539,0,0,49.0285929874539,0.0,0.0,0,0
550012,61.5,62.0,21.0,0.0,0.0,0.0,40.0,1.0,1.0,1.0,0.0,0.0,0.0,0.0,0.0,0.0,100.0,100.0,100.0,1000.0,1000.0,1000.0,49.0285929874539,0,0,49.0285929874539,0.0,0.0,0,0
550212,61.5,62.0,21.0,0.0,0.0,0.0,40.0,1.0,1.0,1.0,0.0,0.0,0.0,0.0,0.0,0.0,100.0,100.0,100.0,1000.0,1000.0,1000.0,49.0285929874539,0,0,49.0285929874539,0.0,0.0,0,0
550412,61.5,62.0,21.0,0.0,0.0,0.0,40.0,1.0,1.0,1.0,0.0,0.0,0.0,0.0,0.0,0.0,100.0,100.0,100.0,1000.0,1000.0,1000.0,49.0285929874539,0,0,49.0285929874539,0.0,0.0,0,0
550612,61.5,61.5,21.0,0.0,0.0,0.0,40.0,1.0,1.0,1.0,0.0,0.0,0.0,0.0,0.0,0.0,100.0,100.0,100.0,1000.0,1000.0,1000.0,49.0285929874539,0,0,49.0285929874539,0.0,0.0,0,0
550812,61.5,61.5,21.0,0.0,0.0,0.0,40.0,1.0,1.0,1.0,0.0,0.0,0.0,0.0,0.0,0.0,100.0,100.0,100.0,1000.0,1000.0,1000.0,49.0285929874539,0,0,49.0285929874539,0.0,0.0,0,0
551012,61.5,62.0,21.0,0.0,0.0,0.0,40.0,1.0,1.0,1.0,0.0,0.0,0.0,0.0,0.0,0.0,100.0,100.0,100.0,1000.0,1000.0,1000.0,49.0285929874539,0,0,49.0285929874539,0.0,0.0,0,0
551212,61.5,62.0,21.0,0.0,0.0,0.0,40.0,1.0,1.0,1.0,0.0,0.0,0.0,0.0,0.0,0.0,100.0,100.0,100.0,1000.0,1000.0,1000.0,49.0285929874539,0,0,49.0285929874539,0.0,0.0,0,0
551412,61.0,62.0,21.0,0.0,0.0,0.0,40.0,1.0,1.0,1.0,0.0,0.0,0.0,0.0,0.0,0.0,100.0,100.0,100.0,1000.0,1000.0,1000.0,49.0285929874539,0,0,49.0285929874539,0.0,0.0,0,0
551612,61.0,62.0,21.0,0.0,0.0,0.0,40.0,1.0,1.0,1.0,0.0,0.0,0.0,0.0,0.0,0.0,100.0,100.0,100.0,1000.0,1000.0,1000.0,49.0285929874539,0,0,49.0285929874539,0.0,0.0,0,0
551812,61.0,62.0,21.0,0.0,0.0,0.0,40.0,1.0,1.0,1.0,0.0,0.0,0.0,0.0,0.0,0.0,100.0,100.0,100.0,1000.0,1000.0,1000.0,49.0285929874539,0,0,49.0285929874539,0.0,0.0,0,0
552012,61.0,62.0,21.0,0.0,0.0,0.0,40.0,1.0,1.0,1.0,0.0,0.0,0.0,0.0,0.0,0.0,100.0,100.0,100.0,1000.0,1000.0,1000.0,49.0285929874539,0,0,49.0285929874539,0.0,0.0,0,0
552212,61.0,62.0,21.0,0.0,0.0,0.0,40.0,1.0,1.0,1.0,0.0,0.0,0.0,0.0,0.0,0.0,100.0,100.0,100.0,1000.0,1000.0,1000.0,49.0285929874539,0,0,49.0285929874539,0.0,0.0,0,0
552412,61.0,62.0,21.0,0.0,0.0,0.0,40.0,1.0,1.0,1.0,0.0,0.0,0.0,0.0,0.0,0.0,100.0,100.0,100.0,1000.0,1000.0,1000.0,49.0285929874539,0,0,49.0285929874539,0.0,0.0,0,0
552612,61.0,61.5,21.0,0.0,0.0,0.0,40.0,1.0,1.0,1.0,0.0,0.0,0.0,0.0,0.0,0.0,100.0,100.0,100.0,1000.0,1000.0,1000.0,49.0285929874539,0,0,49.0285929874539,0.0,0.0,0,0
552812,61.0,61.5,21.0,0.0,0.0,0.0,40.0,1.0,1.0,1.0,0.0,0.0,0.0,0.0,0.0,0.0,100.0,100.0,100.0,1000.0,1000.0,1000.0,49.0285929874539,0,0,49.0285929874539,0.0,0.0,0,0
553012,61.0,62.0,21.0,0.0,0.0,0.0,40.0,1.0,1.0,1.0,0.0,0.0,0.0,0.0,0.0,0.0,100.0,100.0,100.0,1000.0,1000.0,1000.0,49.0285929874539,0,0,49.0285929874539,0.0,0.0,0,0
553212,61.0,62.0,21.0,0.0,0.0,0.0,40.0,1.0,1.0,1.0,0.0,0.0,0.0,0.0,0.0,0.0,100.0,100.0,100.0,1000.0,1000.0,1000.0,49.0285929874539,0,0,49.0285929874539,0.0,0.0,0,0
553412,61.0,62.0,21.0,0.0,0.0,0.0,40.0,1.0,1.0,1.0,0.0,0.0,0.0,0.0,0.0,0.0,100.0,100.0,100.0,1000.0,1000.0,1000.0,49.0285929874539,0,0,49.0285929874539,0.0,0.0,0,0
553612,61.0,62.0,21.0,0.0,0.0,0.0,40.0,1.0,1.0,1.0,0.0,0.0,0.0,0.0,0.0,0.0,100.0,100.0,100.0,1000.0,1000.0,1000.0,49.0285929874539,0,0,49.0285929874539,0.0,0.0,0,0
553812,61.0,62.0,21.0,0.0,0.0,0.0,40.0,1.0,1.0,1.0,0.0,0.0,0.0,0.0,0.0,0.0,100.0,100.0,100.0,1000.0,1000.0,1000.0,49.0285929874539,0,0,49.0285929874539,0.0,0.0,0,0
554012,61.0,62.0,21.0,0.0,0.0,0.0,40.0,1.0,1.0,1.0,0.0,0.0,0.0,0.0,0.0,0.0,100.0,100.0,100.0,1000.0,1000.0,1000.0,49.0285929874539,0,0,49.0285929874539,0.0,0.0,0,0
554212,61.0,62.0,21.0,0.0,0.0,0.0,40.0,1.0,1.0,1.0,0.0,0.0,0.0,0.0,0.0,0.0,100.0,100.0,100.0,1000.0,1000.0,1000.0,49.0285929874539,0,0,49.0285929874539,0.0,0.0,0,0
554412,61.0,62.0,21.0,0.0,0.0,0.0,40.0,1.0,1.0,1.0,0.0,0.0,0.0,0.0,0.0,0.0,100.0,100.0,100.0,1000.0,1000.0,1000.0,49.0285929874539,0,0,49.0285929874539,0.0,0.0,0,0
554612,61.0,62.0,21.0,0.0,0.0,0.0,40.0,1.0,1.0,1.0,0.0,0.0,0.0,0.0,0.0,0.0,100.0,100.0,100.0,1000.0,1000.0,1000.0,49.0285929874539,0,0,49.0285929874539,0.0,0.0,0,0
554812,61.0,62.0,21.0,0.0,0.0,0.0,40.0,1.0,1.0,1.0,0.0,0.0,0.0,0.0,0.0,0.0,100.0,100.0,100.0,1000.0,1000.0,1000.0,49.0285929874539,0,0,49.0285929874539,0.0,0.0,0,0
555012,61.0,62.0,21.0,0.0,0.0,0.0,40.0,1.0,1.0,1.0,0.0,0.0,0.0,0.0,0.0,0.0,100.0,100.0,100.0,1000.0,1000.0,1000.0,49.0285929874539,0,0,49.0285929874539,0.0,0.0,0,0
555212,61.0,62.0,21.0,0.0,0.0,0.0,40.0,1.0,1.0,1.0,0.0,0.0,0.0,0.0,0.0,0.0,100.0,100.0,100.0,1000.0,1000.0,1000.0,53.795041424551755,0,0,53.795041424551755,0.0,0.0,1,1
555412,61.0,62.0,21.0,0.0,0.0,0.0,40.0,1.0,1.0,1.0,0.0,0.0,0.0,0.0,0.0,0.0,100.0,100.0,100.0,1000.0,1000.0,1000.0,53.795041424551755,0,0,53.795041424551755,0.0,0.0,0,0
555612,61.0,62.0,21.0,0.0,0.0,0.0,40.0,1.0,1.0,1.0,0.0,0.0,0.0,0.0,0.0,0.0,100.0,100.0,100.0,1000.0,1000.0,1000.0,53.795041424551755,0,0,53.795041424551755,0.0,0.0,0,0
555812,61.0,62.0,21.0,0.0,0.0,0.0,40.0,1.0,1.0,1.0,0.0,0.0,0.0,0.0,0.0,0.0,100.0,100.0,100.0,1000.0,1000.0,1000.0,53.795041424551755,0,0,53.795041424551755,0.0,0.0,0,0
556012,61.0,62.0,21.0,0.0,0.0,0.0,40.0,1.0,1.0,1.0,0.0,0.0,0.0,0.0,0.0,0.0,100.0,100.0,100.0,1000.0,1000.0,1000.0,53.795041424551755,0,0,53.795041424551755,0.0,0.0,0,0
556212,61.0,62.0,21.0,0.0,0.0,0.0,40.0,1.0,1.0,1.0,0.0,0.0,0.0,0.0,0.0,0.0,100.0,100.0,100.0,1000.0,1000.0,1000.0,53.795041424551755,0,0,53.795041424551755,0.0,0.0,0,0
556412,61.0,62.0,21.0,0.0,0.0,0.0,40.0,1.0,1.0,1.0,0.0,0.0,0.0,0.0,0.0,0.0,100.0,100.0,100.0,1000.0,1000.0,1000.0,53.795041424551755,0,0,53.795041424551755,0.0,0.0,0,0
556612,61.0,62.0,21.0,0.0,0.0,0.0,40.0,1.0,1.0,1.0,0.0,0.0,0.0,0.0,0.0,0.0,100.0,100.0,100.0,1000.0,1000.0,1000.0,53.795041424551755,0,0,53.795041424551755,0.0,0.0,0,0
556812,61.0,62.0,21.0,0.0,0.0,0.0,40.0,1.0,1.0,1.0,0.0,0.0,0.0,0.0,0.0,0.0,100.0,100.0,100.0,1000.0,1000.0,1000.0,53.795041424551755,0,0,53.795041424551755,0.0,0.0,0,0
557012,61.0,62.0,21.0,0.0,0.0,0.0,40.0,1.0,1.0,1.0,0.0,0.0,0.0,0.0,0.0,0.0,100.0,100.0,100.0,1000.0,1000.0,1000.0,53.795041424551755,0,0,53.795041424551755,0.0,0.0,0,0
557212,61.0,62.0,21.0,0.0,0.0,0.0,40.0,1.0,1.0,1.0,0.0,0.0,0.0,0.0,0.0,0.0,100.0,100.0,100.0,1000.0,1000.0,1000.0,53.795041424551755,0,0,53.795041424551755,0.0,0.0,0,0
557412,61.0,62.0,21.0,0.0,0.0,0.0,40.0,1.0,1.0,1.0,0.0,0.0,0.0,0.0,0.0,0.0,100.0,100.0,100.0,1000.0,1000.0,1000.0,53.795041424551755,0,0,53.795041424551755,0.0,0.0,0,0
557612,61.0,62.0,21.0,0.0,0.0,0.0,40.0,1.0,1.0,1.0,0.0,0.0,0.0,0.0,0.0,0.0,100.0,100.0,100.0,1000.0,1000.0,1000.0,53.795041424551755,0,0,53.795041424551755,0.0,0.0,0,0
557812,61.0,62.0,21.0,0.0,0.0,0.0,40.0,1.0,1.0,1.0,0.0,0.0,0.0,0.0,0.0,0.0,100.0,100.0,100.0,1000.0,1000.0,1000.0,53.795041424551755,0,0,53.795041424551755,0.0,0.0,0,0
558012,61.0,62.0,21.0,0.0,0.0,0.0,40.0,1.0,1.0,1.0,0.0,0.0,0.0,0.0,0.0,0.0,100.0,100.0,100.0,1000.0,1000.0,1000.0,53.795041424551755,0,0,53.795041424551755,0.0,0.0,0,0
558212,61.0,62.0,21.0,0.0,0.0,0.0,40.0,1.0,1.0,1.0,0.0,0.0,0.0,0.0,0.0,0.0,100.0,100.0,100.0,1000.0,1000.0,1000.0,53.795041424551755,0,0,53.795041424551755,0.0,0.0,0,0
558412,61.0,62.0,21.0,0.0,0.0,0.0,40.0,1.0,1.0,1.0,0.0,0.0,0.0,0.0,0.0,0.0,100.0,100.0,100.0,1000.0,1000.0,1000.0,53.795041424551755,0,0,53.795041424551755,0.0,0.0,0,0
558612,61.0,62.0,21.0,0.0,0.0,0.0,40.0,1.0,1.0,1.0,0.0,0.0,0.0,0.0,0.0,0.0,100.0,100.0,100.0,1000.0,1000.0,1000.0,53.795041424551755,0,0,53.795041424551755,0.0,0.0,0,0
558812,61.0,62.0,21.0,0.0,0.0,0.0,40.0,1.0,1.0,1.0,0.0,0.0,0.0,0.0,0.0,0.0,100.0,100.0,100.0,1000.0,1000.0,1000.0,53.795041424551755,0,0,53.795041424551755,0.0,0.0,0,0
559012,61.0,62.0,21.0,0.0,0.0,0.0,40.0,1.0,1.0,1.0,0.0,0.0,0.0,0.0,0.0,0.0,100.0,100.0,100.0,1000.0,1000.0,1000.0,53.795041424551755,0,0,53.795041424551755,0.0,0.0,0,0
559212,61.0,62.0,21.0,0.0,0.0,0.0,40.0,1.0,1.0,1.0,0.0,0.0,0.0,0.0,0.0,0.0,100.0,100.0,100.0,1000.0,1000.0,1000.0,53.795041424551755,0,0,53.795041424551755,0.0,0.0,0,0
559412,61.0,62.0,21.0,0.0,0.0,0.0,40.0,1.0,1.0,1.0,0.0,0.0,0.0,0.0,0.0,0.0,100.0,100.0,100.0,1000.0,1000.0,1000.0,53.795041424551755,0,0,53.795041424551755,0.0,0.0,0,0
559612,61.0,62.0,21.0,0.0,0.0,0.0,40.0,1.0,1.0,1.0,0.0,0.0,0.0,0.0,0.0,0.0,100.0,100.0,100.0,1000.0,1000.0,1000.0,53.795041424551755,0,0,53.795041424551755,0.0,0.0,0,0
559812,61.0,62.0,21.0,0.0,0.0,0.0,40.0,1.0,1.0,1.0,0.0,0.0,0.0,0.0,0.0,0.0,100.0,100.0,100.0,1000.0,1000.0,1000.0,53.795041424551755,0,0,53.795041424551755,0.0,0.0,0,0
560012,61.5,62.0,21.0,0.0,0.0,0.0,40.0,1.0,1.0,1.0,0.0,0.0,0.0,0.0,0.0,0.0,100.0,100.0,100.0,1000.0,1000.0,1000.0,53.795041424551755,0,0,53.795041424551755,0.0,0.0,0,0
560212,61.5,62.0,21.0,0.0,0.0,0.0,40.0,1.0,1.0,1.0,0.0,0.0,0.0,0.0,0.0,0.0,100.0,100.0,100.0,1000.0,1000.0,1000.0,53.795041424551755,0,0,53.795041424551755,0.0,0.0,0,0
560412,61.5,62.0,21.0,0.0,0.0,0.0,40.0,1.0,1.0,1.0,0.0,0.0,0.0,0.0,0.0,0.0,100.0,100.0,100.0,1000.0,1000.0,1000.0,53.795041424551755,0,0,53.795041424551755,0.0,0.0,0,0
560612,61.5,62.0,21.0,0.0,0.0,0.0,40.0,1.0,1.0,1.0,0.0,0.0,0.0,0.0,0.0,0.0,100.0,100.0,100.0,1000.0,1000.0,1000.0,53.795041424551755,0,0,53.795041424551755,0.0,0.0,0,0
560812,61.5,62.0,21.0,0.0,0.0,0.0,40.0,1.0,1.0,1.0,0.0,0.0,0.0,0.0,0.0,0.0,100.0,100.0,100.0,1000.0,1000.0,1000.0,53.795041424551755,0,0,53.795041424551755,0.0,0.0,0,0
561012,61.5,62.0,21.0,0.0,0.0,0.0,40.0,1.0,1.0,1.0,0.0,0.0,0.0,0.0,0.0,0.0,100.0,100.0,100.0,1000.0,1000.0,1000.0,53.795041424551755,0,0,53.795041424551755,0.0,0.0,0,0
561212,61.5,62.0,21.0,0.0,0.0,0.0,40.0,1.0,1.0,1.0,0.0,0.0,0.0,0.0,0.0,0.0,100.0,100.0,100.0,1000.0,1000.0,1000.0,53.795041424551755,0,0,53.795041424551755,0.0,0.0,0,0
561412,61.5,62.0,21.0,0.0,0.0,0.0,40.0,1.0,1.0,1.0,0.0,0.0,0.0,0.0,0.0,0.0,100.0,100.0,100.0,1000.0,1000.0,1000.0,53.795041424551755,0,0,53.795041424551755,0.0,0.0,0,0
561612,61.5,62.0,21.0,0.0,0.0,0.0,40.0,1.0,1.0,1.0,0.0,0.0,0.0,0.0,0.0,0.0,100.0,100.0,100.0,1000.0,1000.0,1000.0,53.795041424551755,0,0,53.795041424551755,0.0,0.0,0,0
561812,61.5,62.0,21.0,0.0,0.0,0.0,40.0,1.0,1.0,1.0,0.0,0.0,0.0,0.0,0.0,0.0,100.0,100.0,100.0,1000.0,1000.0,1000.0,53.795041424551755,0,0,53.795041424551755,0.0,0.0,0,0
562012,61.5,62.0,21.0,0.0,0.0,0.0,40.0,1.0,1.0,1.0,0.0,0.0,0.0,0.0,0.0,0.0,100.0,100.0,100.0,1000.0,1000.0,1000.0,53.795041424551755,0,0,53.795041424551755,0.0,0.0,0,0
562212,61.5,62.0,21.0,0.0,0.0,0.0,40.0,1.0,1.0,1.0,0.0,0.0,0.0,0.0,0.0,0.0,100.0,100.0,100.0,1000.0,1000.0,1000.0,53.795041424551755,0,0,53.795041424551755,0.0,0.0,0,0
562412,61.5,62.0,21.0,0.0,0.0,0.0,40.0,1.0,1.0,1.0,0.0,0.0,0.0,0.0,0.0,0.0,100.0,100.0,100.0,1000.0,1000.0,1000.0,53.795041424551755,0,0,53.795041424551755,0.0,0.0,0,0
562612,61.5,62.0,21.0,0.0,0.0,0.0,40.0,1.0,1.0,1.0,0.0,0.0,0.0,0.0,0.0,0.0,100.0,100.0,100.0,1000.0,1000.0,1000.0,53.795041424551755,0,0,53.795041424551755,0.0,0.0,0,0
562812,61.5,62.0,21.0,0.0,0.0,0.0,40.0,1.0,1.0,1.0,0.0,0.0,0.0,0.0,0.0,0.0,100.0,100.0,100.0,1000.0,1000.0,1000.0,53.795041424551755,0,0,53.795041424551755,0.0,0.0,0,0
563012,61.5,62.0,21.0,0.0,0.0,0.0,40.0,1.0,1.0,1.0,0.0,0.0,0.0,0.0,0.0,0.0,100.0,100.0,100.0,1000.0,1000.0,1000.0,53.795041424551755,0,0,53.795041424551755,0.0,0.0,0,0
563212,61.5,62.0,21.0,0.0,0.0,0.0,40.0,1.0,1.0,1.0,0.0,0.0,0.0,0.0,0.0,0.0,100.0,100.0,100.0,1000.0,1000.0,1000.0,53.795041424551755,0,0,53.795041424551755,0.0,0.0,0,0
563412,61.5,62.0,21.0,0.0,0.0,0.0,40.0,1.0,1.0,1.0,0.0,0.0,0.0,0.0,0.0,0.0,100.0,100.0,100.0,1000.0,1000.0,1000.0,53.795041424551755,0,0,53.795041424551755,0.0,0.0,0,0
563612,61.5,62.0,21.0,0.0,0.0,0.0,40.0,1.0,1.0,1.0,0.0,0.0,0.0,0.0,0.0,0.0,100.0,100.0,100.0,1000.0,1000.0,1000.0,53.795041424551755,0,0,53.795041424551755,0.0,0.0,0,0
563812,61.5,62.0,21.0,0.0,0.0,0.0,40.0,1.0,1.0,1.0,0.0,0.0,0.0,0.0,0.0,0.0,100.0,100.0,100.0,1000.0,1000.0,1000.0,53.795041424551755,0,0,53.795041424551755,0.0,0.0,0,0
564012,61.5,62.0,21.0,0.0,0.0,0.0,40.0,1.0,1.0,1.0,0.0,0.0,0.0,0.0,0.0,0.0,100.0,100.0,100.0,1000.0,1000.0,1000.0,53.795041424551755,0,0,53.795041424551755,0.0,0.0,0,0
564212,61.5,62.0,21.0,0.0,0.0,0.0,40.0,1.0,1.0,1.0,0.0,0.0,0.0,0.0,0.0,0.0,100.0,100.0,100.0,1000.0,1000.0,1000.0,53.795041424551755,0,0,53.795041424551755,0.0,0.0,0,0
564412,61.5,62.0,21.0,0.0,0.0,0.0,40.0,1.0,1.0,1.0,0.0,0.0,0.0,0.0,0.0,0.0,100.0,100.0,100.0,1000.0,1000.0,1000.0,53.795041424551755,0,0,53.795041424551755,0.0,0.0,0,0
564612,61.5,62.0,21.0,0.0,0.0,0.0,40.0,1.0,1.0,1.0,0.0,0.0,0.0,0.0,0.0,0.0,100.0,100.0,100.0,1000.0,1000.0,1000.0,53.795041424551755,0,0,53.795041424551755,0.0,0.0,0,0
564812,61.5,62.0,21.0,0.0,0.0,0.0,40.0,1.0,1.0,1.0,0.0,0.0,0.0,0.0,0.0,0.0,100.0,100.0,100.0,1000.0,1000.0,1000.0,53.795041424551755,0,0,53.795041424551755,0.0,0.0,0,0
565012,61.5,62.0,21.0,0.0,0.0,0.0,40.0,1.0,1.0,1.0,0.0,0.0,0.0,0.0,0.0,0.0,100.0,100.0,100.0,1000.0,1000.0,1000.0,53.795041424551755,0,0,53.795041424551755,0.0,0.0,0,0
565212,61.5,62.0,21.0,0.0,0.0,0.0,40.0,1.0,1.0,1.0,0.0,0.0,0.0,0.0,0.0,0.0,100.0,100.0,100.0,1000.0,1000.0,1000.0,53.795041424551755,0,0,53.795041424551755,0.0,0.0,0,0
565412,61.5,62.0,21.0,0.0,0.0,0.0,40.0,1.0,1.0,1.0,0.0,0.0,0.0,0.0,0.0,0.0,100.0,100.0,100.0,1000.0,1000.0,1000.0,53.795041424551755,0,0,53.795041424551755,0.0,0.0,0,0
565612,61.5,62.0,21.0,0.0,0.0,0.0,40.0,1.0,1.0,1.0,0.0,0.0,0.0,0.0,0.0,0.0,100.0,100.0,100.0,1000.0,1000.0,1000.0,53.795041424551755,0,0,53.795041424551755,0.0,0.0,0,0
565812,61.5,62.0,21.0,0.0,0.0,0.0,40.0,1.0,1.0,1.0,0.0,0.0,0.0,0.0,0.0,0.0,100.0,100.0,100.0,1000.0,1000.0,1000.0,53.795041424551755,0,0,53.795041424551755,0.0,0.0,0,0
566012,61.5,62.0,21.0,0.0,0.0,0.0,40.0,1.0,1.0,1.0,0.0,0.0,0.0,0.0,0.0,0.0,100.0,100.0,100.0,1000.0,1000.0,1000.0,53.795041424551755,0,0,53.795041424551755,0.0,0.0,0,0
566212,61.5,62.0,21.0,0.0,0.0,0.0,40.0,1.0,1.0,1.0,0.0,0.0,0.0,0.0,0.0,0.0,100.0,100.0,100.0,1000.0,1000.0,1000.0,53.795041424551755,0,0,53.795041424551755,0.0,0.0,0,0
566412,61.5,62.0,21.0,0.0,0.0,0.0,40.0,1.0,1.0,1.0,0.0,0.0,0.0,0.0,0.0,0.0,100.0,100.0,100.0,1000.0,1000.0,1000.0,53.795041424551755,0,0,53.795041424551755,0.0,0.0,0,0
566612,61.5,62.0,21.0,0.0,0.0,0.0,40.0,1.0,1.0,1.0,0.0,0.0,0.0,0.0,0.0,0.0,100.0,100.0,100.0,1000.0,1000.0,1000.0,53.795041424551755,0,0,53.795041424551755,0.0,0.0,0,0
566812,61.5,62.0,21.0,0.0,0.0,0.0,40.0,1.0,1.0,1.0,0.0,0.0,0.0,0.0,0.0,0.0,100.0,100.0,100.0,1000.0,1000.0,1000.0,53.795041424551755,0,0,53.795041424551755,0.0,0.0,0,0
567012,61.5,62.0,21.0,0.0,0.0,0.0,40.0,1.0,1.0,1.0,0.0,0.0,0.0,0.0,0.0,0.0,100.0,100.0,100.0,1000.0,1000.0,1000.0,53.795041424551755,0,0,53.795041424551755,0.0,0.0,0,0
567212,61.5,62.0,21.0,0.0,0.0,0.0,40.0,1.0,1.0,1.0,0.0,0.0,0.0,0.0,0.0,0.0,100.0,100.0,100.0,1000.0,1000.0,1000.0,53.795041424551755,0,0,53.795041424551755,0.0,0.0,0,0
567412,61.5,62.0,21.0,0.0,0.0,0.0,40.0,1.0,1.0,1.0,0.0,0.0,0.0,0.0,0.0,0.0,100.0,100.0,100.0,1000.0,1000.0,1000.0,53.795041424551755,0,0,53.795041424551755,0.0,0.0,0,0
567612,61.5,62.0,21.0,0.0,0.0,0.0,40.0,1.0,1.0,1.0,0.0,0.0,0.0,0.0,0.0,0.0,100.0,100.0,100.0,1000.0,1000.0,1000.0,53.795041424551755,0,0,53.795041424551755,0.0,0.0,0,0
567812,61.5,62.0,21.0,0.0,0.0,0.0,40.0,1.0,1.0,1.0,0.0,0.0,0.0,0.0,0.0,0.0,100.0,100.0,100.0,1000.0,1000.0,1000.0,53.795041424551755,0,0,53.795041424551755,0.0,0.0,0,0
568012,61.5,62.0,21.0,0.0,0.0,0.0,40.0,1.0,1.0,1.0,0.0,0.0,0.0,0.0,0.0,0.0,100.0,100.0,100.0,1000.0,1000.0,1000.0,53.795041424551755,0,0,53.795041424551755,0.0,0.0,0,0
568212,61.5,62.0,21.0,0.0,0.0,0.0,40.0,1.0,1.0,1.0,0.0,0.0,0.0,0.0,0.0,0.0,100.0,100.0,100.0,1000.0,1000.0,1000.0,53.795041424551755,0,0,53.795041424551755,0.0,0.0,0,0
568412,61.5,62.0,21.0,0.0,0.0,0.0,40.0,1.0,1.0,1.0,0.0,0.0,0.0,0.0,0.0,0.0,100.0,100.0,100.0,1000.0,1000.0,1000.0,53.795041424551755,0,0,53.795041424551755,0.0,0.0,0,0
568612,61.5,62.0,21.0,0.0,0.0,0.0,40.0,1.0,1.0,1.0,0.0,0.0,0.0,0.0,0.0,0.0,100.0,100.0,100.0,1000.0,1000.0,1000.0,53.795041424551755,0,0,53.795041424551755,0.0,0.0,0,0
568812,61.5,62.0,21.0,0.0,0.0,0.0,40.0,1.0,1.0,1.0,0.0,0.0,0.0,0.0,0.0,0.0,100.0,100.0,100.0,1000.0,1000.0,1000.0,53.795041424551755,0,0,53.795041424551755,0.0,0.0,0,0
569012,61.5,62.0,21.0,0.0,0.0,0.0,40.0,1.0,1.0,1.0,0.0,0.0,0.0,0.0,0.0,0.0,100.0,100.0,100.0,1000.0,1000.0,1000.0,53.795041424551755,0,0,53.795041424551755,0.0,0.0,0,0
569212,61.5,62.0,21.0,0.0,0.0,0.0,40.0,1.0,1.0,1.0,0.0,0.0,0.0,0.0,0.0,0.0,100.0,100.0,100.0,1000.0,1000.0,1000.0,53.795041424551755,0,0,53.795041424551755,0.0,0.0,0,0
569412,61.5,62.0,21.0,0.0,0.0,0.0,40.0,1.0,1.0,1.0,0.0,0.0,0.0,0.0,0.0,0.0,100.0,100.0,100.0,1000.0,1000.0,1000.0,53.795041424551755,0,0,53.795041424551755,0.0,0.0,0,0
569612,61.5,62.0,21.0,0.0,0.0,0.0,40.0,1.0,1.0,1.0,0.0,0.0,0.0,0.0,0.0,0.0,100.0,100.0,100.0,1000.0,1000.0,1000.0,53.795041424551755,0,0,53.795041424551755,0.0,0.0,0,0
569812,61.5,62.0,21.0,0.0,0.0,0.0,40.0,1.0,1.0,1.0,0.0,0.0,0.0,0.0,0.0,0.0,100.0,100.0,100.0,1000.0,1000.0,1000.0,53.795041424551755,0,0,53.795041424551755,0.0,0.0,0,0
570012,61.5,62.0,21.0,0.0,0.0,0.0,40.0,1.0,1.0,1.0,0.0,0.0,0.0,0.0,0.0,0.0,100.0,100.0,100.0,1000.0,1000.0,1000.0,53.795041424551755,0,0,53.795041424551755,0.0,0.0,0,0
570212,61.5,62.0,21.0,0.0,0.0,0.0,40.0,1.0,1.0,1.0,0.0,0.0,0.0,0.0,0.0,0.0,100.0,100.0,100.0,1000.0,1000.0,1000.0,48.318301736969794,0,0,48.318301736969794,0.0,0.0,1,0
570412,61.5,62.0,21.0,0.0,0.0,0.0,40.0,1.0,1.0,1.0,0.0,0.0,0.0,0.0,0.0,0.0,100.0,100.0,100.0,1000.0,1000.0,1000.0,48.318301736969794,0,0,48.318301736969794,0.0,0.0,0,0
570612,61.5,62.0,21.0,0.0,0.0,0.0,40.0,1.0,1.0,1.0,0.0,0.0,0.0,0.0,0.0,0.0,100.0,100.0,100.0,1000.0,1000.0,1000.0,48.318301736969794,0,0,48.318301736969794,0.0,0.0,0,0
570812,61.5,62.0,21.0,0.0,0.0,0.0,40.0,1.0,1.0,1.0,0.0,0.0,0.0,0.0,0.0,0.0,100.0,100.0,100.0,1000.0,1000.0,1000.0,48.318301736969794,0,0,48.318301736969794,0.0,0.0,0,0
571012,61.5,62.0,21.0,0.0,0.0,0.0,40.0,1.0,1.0,1.0,0.0,0.0,0.0,0.0,0.0,0.0,100.0,100.0,100.0,1000.0,1000.0,1000.0,48.318301736969794,0,0,48.318301736969794,0.0,0.0,0,0
571212,61.5,62.0,21.0,0.0,0.0,0.0,40.0,1.0,1.0,1.0,0.0,0.0,0.0,0.0,0.0,0.0,100.0,100.0,100.0,1000.0,1000.0,1000.0,48.318301736969794,0,0,48.318301736969794,0.0,0.0,0,0
571412,61.5,62.0,21.0,0.0,0.0,0.0,40.0,1.0,1.0,1.0,0.0,0.0,0.0,0.0,0.0,0.0,100.0,100.0,100.0,1000.0,1000.0,1000.0,48.318301736969794,0,0,48.318301736969794,0.0,0.0,0,0
571612,61.5,62.0,21.0,0.0,0.0,0.0,40.0,1.0,1.0,1.0,0.0,0.0,0.0,0.0,0.0,0.0,100.0,100.0,100.0,1000.0,1000.0,1000.0,48.318301736969794,0,0,48.318301736969794,0.0,0.0,0,0
571812,61.5,62.0,21.0,0.0,0.0,0.0,40.0,1.0,1.0,1.0,0.0,0.0,0.0,0.0,0.0,0.0,100.0,100.0,100.0,1000.0,1000.0,1000.0,48.318301736969794,0,0,48.318301736969794,0.0,0.0,0,0
572012,61.5,62.0,21.0,0.0,0.0,0.0,40.0,1.0,1.0,1.0,0.0,0.0,0.0,0.0,0.0,0.0,100.0,100.0,100.0,1000.0,1000.0,1000.0,48.318301736969794,0,0,48.318301736969794,0.0,0.0,0,0
572212,61.5,62.0,21.0,0.0,0.0,0.0,40.0,1.0,1.0,1.0,0.0,0.0,0.0,0.0,0.0,0.0,100.0,100.0,100.0,1000.0,1000.0,1000.0,48.318301736969794,0,0,48.318301736969794,0.0,0.0,0,0
572412,61.5,62.0,21.0,0.0,0.0,0.0,40.0,1.0,1.0,1.0,0.0,0.0,0.0,0.0,0.0,0.0,100.0,100.0,100.0,1000.0,1000.0,1000.0,48.318301736969794,0,0,48.318301736969794,0.0,0.0,0,0
572612,61.5,62.0,21.0,0.0,0.0,0.0,40.0,1.0,1.0,1.0,0.0,0.0,0.0,0.0,0.0,0.0,100.0,100.0,100.0,1000.0,1000.0,1000.0,48.318301736969794,0,0,48.318301736969794,0.0,0.0,0,0
572812,61.5,62.0,21.0,0.0,0.0,0.0,40.0,1.0,1.0,1.0,0.0,0.0,0.0,0.0,0.0,0.0,100.0,100.0,100.0,1000.0,1000.0,1000.0,48.318301736969794,0,0,48.318301736969794,0.0,0.0,0,0
573012,61.5,62.0,21.0,0.0,0.0,0.0,40.0,1.0,1.0,1.0,0.0,0.0,0.0,0.0,0.0,0.0,100.0,100.0,100.0,1000.0,1000.0,1000.0,48.318301736969794,0,0,48.318301736969794,0.0,0.0,0,0
573212,61.5,62.0,21.0,0.0,0.0,0.0,40.0,1.0,1.0,1.0,0.0,0.0,0.0,0.0,0.0,0.0,100.0,100.0,100.0,1000.0,1000.0,1000.0,48.318301736969794,0,0,48.318301736969794,0.0,0.0,0,0
573412,61.5,62.0,21.0,0.0,0.0,0.0,40.0,1.0,1.0,1.0,0.0,0.0,0.0,0.0,0.0,0.0,100.0,100.0,100.0,1000.0,1000.0,1000.0,48.318301736969794,0,0,48.318301736969794,0.0,0.0,0,0
573612,61.5,62.0,21.0,0.0,0.0,0.0,40.0,1.0,1.0,1.0,0.0,0.0,0.0,0.0,0.0,0.0,100.0,100.0,100.0,1000.0,1000.0,1000.0,48.318301736969794,0,0,48.318301736969794,0.0,0.0,0,0
573812,61.5,62.0,21.0,0.0,0.0,0.0,40.0,1.0,1.0,1.0,0.0,0.0,0.0,0.0,0.0,0.0,100.0,100.0,100.0,1000.0,1000.0,1000.0,48.318301736969794,0,0,48.318301736969794,0.0,0.0,0,0
574012,61.5,62.0,21.0,0.0,0.0,0.0,40.0,1.0,1.0,1.0,0.0,0.0,0.0,0.0,0.0,0.0,100.0,100.0,100.0,1000.0,1000.0,1000.0,48.318301736969794,0,0,48.318301736969794,0.0,0.0,0,0
574212,61.5,62.0,21.0,0.0,0.0,0.0,40.0,1.0,1.0,1.0,0.0,0.0,0.0,0.0,0.0,0.0,100.0,100.0,100.0,1000.0,1000.0,1000.0,48.318301736969794,0,0,48.318301736969794,0.0,0.0,0,0
574412,61.5,62.0,21.0,0.0,0.0,0.0,40.0,1.0,1.0,1.0,0.0,0.0,0.0,0.0,0.0,0.0,100.0,100.0,100.0,1000.0,1000.0,1000.0,48.318301736969794,0,0,48.318301736969794,0.0,0.0,0,0
574612,61.5,62.0,21.0,0.0,0.0,0.0,40.0,1.0,1.0,1.0,0.0,0.0,0.0,0.0,0.0,0.0,100.0,100.0,100.0,1000.0,1000.0,1000.0,48.318301736969794,0,0,48.318301736969794,0.0,0.0,0,0
574812,61.5,62.0,21.0,0.0,0.0,0.0,40.0,1.0,1.0,1.0,0.0,0.0,0.0,0.0,0.0,0.0,100.0,100.0,100.0,1000.0,1000.0,1000.0,48.318301736969794,0,0,48.318301736969794,0.0,0.0,0,0
575012,61.5,62.0,21.0,0.0,0.0,0.0,40.0,1.0,1.0,1.0,0.0,0.0,0.0,0.0,0.0,0.0,100.0,100.0,100.0,1000.0,1000.0,1000.0,48.318301736969794,0,0,48.318301736969794,0.0,0.0,0,0
575212,61.5,62.0,21.0,0.0,0.0,0.0,40.0,1.0,1.0,1.0,0.0,0.0,0.0,0.0,0.0,0.0,100.0,100.0,100.0,1000.0,1000.0,1000.0,48.318301736969794,0,0,48.318301736969794,0.0,0.0,0,0
575412,61.5,62.0,21.0,0.0,0.0,0.0,40.0,1.0,1.0,1.0,0.0,0.0,0.0,0.0,0.0,0.0,100.0,100.0,100.0,1000.0,1000.0,1000.0,48.318301736969794,0,0,48.318301736969794,0.0,0.0,0,0
575612,61.5,62.0,21.0,0.0,0.0,0.0,40.0,1.0,1.0,1.0,0.0,0.0,0.0,0.0,0.0,0.0,100.0,100.0,100.0,1000.0,1000.0,1000.0,48.318301736969794,0,0,48.318301736969794,0.0,0.0,0,0
575812,61.5,62.0,21.0,0.0,0.0,0.0,40.0,1.0,1.0,1.0,0.0,0.0,0.0,0.0,0.0,0.0,100.0,100.0,100.0,1000.0,1000.0,1000.0,48.318301736969794,0,0,48.318301736969794,0.0,0.0,0,0
576012,61.5,62.0,21.0,0.0,0.0,0.0,40.0,1.0,1.0,1.0,0.0,0.0,0.0,0.0,0.0,0.0,100.0,100.0,100.0,1000.0,1000.0,1000.0,48.318301736969794,0,0,48.318301736969794,0.0,0.0,0,0
576212,61.5,62.0,21.0,0.0,0.0,0.0,40.0,1.0,1.0,1.0,0.0,0.0,0.0,0.0,0.0,0.0,100.0,100.0,100.0,1000.0,1000.0,1000.0,48.318301736969794,0,0,48.318301736969794,0.0,0.0,0,0
576412,61.5,62.0,21.0,0.0,0.0,0.0,40.0,1.0,1.0,1.0,0.0,0.0,0.0,0.0,0.0,0.0,100.0,100.0,100.0,1000.0,1000.0,1000.0,48.318301736969794,0,0,48.318301736969794,0.0,0.0,0,0
576612,61.5,62.0,21.0,0.0,0.0,0.0,40.0,1.0,1.0,1.0,0.0,0.0,0.0,0.0,0.0,0.0,100.0,100.0,100.0,1000.0,1000.0,1000.0,48.318301736969794,0,0,48.318301736969794,0.0,0.0,0,0
576812,61.5,62.0,21.0,0.0,0.0,0.0,40.0,1.0,1.0,1.0,0.0,0.0,0.0,0.0,0.0,0.0,100.0,100.0,100.0,1000.0,1000.0,1000.0,48.318301736969794,0,0,48.318301736969794,0.0,0.0,0,0
577012,61.5,62.0,21.0,0.0,0.0,0.0,40.0,1.0,1.0,1.0,0.0,0.0,0.0,0.0,0.0,0.0,100.0,100.0,100.0,1000.0,1000.0,1000.0,48.318301736969794,0,0,48.318301736969794,0.0,0.0,0,0
577212,61.5,62.0,21.0,0.0,0.0,0.0,40.0,1.0,1.0,1.0,0.0,0.0,0.0,0.0,0.0,0.0,100.0,100.0,100.0,1000.0,1000.0,1000.0,48.318301736969794,0,0,48.318301736969794,0.0,0.0,0,0
577412,61.5,62.0,21.0,0.0,0.0,0.0,40.0,1.0,1.0,1.0,0.0,0.0,0.0,0.0,0.0,0.0,100.0,100.0,100.0,1000.0,1000.0,1000.0,48.318301736969794,0,0,48.318301736969794,0.0,0.0,0,0
577612,61.5,62.0,21.0,0.0,0.0,0.0,40.0,1.0,1.0,1.0,0.0,0.0,0.0,0.0,0.0,0.0,100.0,100.0,100.0,1000.0,1000.0,1000.0,48.318301736969794,0,0,48.318301736969794,0.0,0.0,0,0
577812,61.5,62.0,21.0,0.0,0.0,0.0,40.0,1.0,1.0,1.0,0.0,0.0,0.0,0.0,0.0,0.0,100.0,100.0,100.0,1000.0,1000.0,1000.0,48.318301736969794,0,0,48.318301736969794,0.0,0.0,0,0
578012,61.5,62.0,21.0,0.0,0.0,0.0,40.0,1.0,1.0,1.0,0.0,0.0,0.0,0.0,0.0,0.0,100.0,100.0,100.0,1000.0,1000.0,1000.0,48.318301736969794,0,0,48.318301736969794,0.0,0.0,0,0
578212,61.5,62.0,21.0,0.0,0.0,0.0,40.0,1.0,1.0,1.0,0.0,0.0,0.0,0.0,0.0,0.0,100.0,100.0,100.0,1000.0,1000.0,1000.0,48.318301736969794,0,0,48.318301736969794,0.0,0.0,0,0
578412,61.5,62.0,21.0,0.0,0.0,0.0,40.0,1.0,1.0,1.0,0.0,0.0,0.0,0.0,0.0,0.0,100.0,100.0,100.0,1000.0,1000.0,1000.0,48.318301736969794,0,0,48.318301736969794,0.0,0.0,0,0
578612,61.5,62.0,21.0,0.0,0.0,0.0,40.0,1.0,1.0,1.0,0.0,0.0,0.0,0.0,0.0,0.0,100.0,100.0,100.0,1000.0,1000.0,1000.0,48.318301736969794,0,0,48.318301736969794,0.0,0.0,0,0
578812,61.5,62.0,21.0,0.0,0.0,0.0,40.0,1.0,1.0,1.0,0.0,0.0,0.0,0.0,0.0,0.0,100.0,100.0,100.0,1000.0,1000.0,1000.0,48.318301736969794,0,0,48.318301736969794,0.0,0.0,0,0
579012,61.5,62.0,21.0,0.0,0.0,0.0,40.0,1.0,1.0,1.0,0.0,0.0,0.0,0.0,0.0,0.0,100.0,100.0,100.0,1000.0,1000.0,1000.0,48.318301736969794,0,0,48.318301736969794,0.0,0.0,0,0
579212,61.5,62.0,21.0,0.0,0.0,0.0,40.0,1.0,1.0,1.0,0.0,0.0,0.0,0.0,0.0,0.0,100.0,100.0,100.0,1000.0,1000.0,1000.0,48.318301736969794,0,0,48.318301736969794,0.0,0.0,0,0
579412,61.5,62.0,21.0,0.0,0.0,0.0,40.0,1.0,1.0,1.0,0.0,0.0,0.0,0.0,0.0,0.0,100.0,100.0,100.0,1000.0,1000.0,1000.0,48.318301736969794,0,0,48.318301736969794,0.0,0.0,0,0
579612,61.5,62.0,21.0,0.0,0.0,0.0,40.0,1.0,1.0,1.0,0.0,0.0,0.0,0.0,0.0,0.0,100.0,100.0,100.0,1000.0,1000.0,1000.0,48.318301736969794,0,0,48.318301736969794,0.0,0.0,0,0
579812,61.5,62.0,21.0,0.0,0.0,0.0,40.0,1.0,1.0,1.0,0.0,0.0,0.0,0.0,0.0,0.0,100.0,100.0,100.0,1000.0,1000.0,1000.0,48.318301736969794,0,0,48.318301736969794,0.0,0.0,0,0
580012,61.5,62.0,21.0,0.0,0.0,0.0,40.0,1.0,1.0,1.0,0.0,0.0,0.0,0.0,0.0,0.0,100.0,100.0,100.0,1000.0,1000.0,1000.0,48.318301736969794,0,0,48.318301736969794,0.0,0.0,0,0
580212,61.5,62.0,21.0,0.0,0.0,0.0,40.0,1.0,1.0,1.0,0.0,0.0,0.0,0.0,0.0,0.0,100.0,100.0,100.0,1000.0,1000.0,1000.0,48.318301736969794,0,0,48.318301736969794,0.0,0.0,0,0
580412,61.5,62.0,21.0,0.0,0.0,0.0,40.0,1.0,1.0,1.0,0.0,0.0,0.0,0.0,0.0,0.0,100.0,100.0,100.0,1000.0,1000.0,1000.0,48.318301736969794,0,0,48.318301736969794,0.0,0.0,0,0
580612,61.5,62.0,21.0,0.0,0.0,0.0,40.0,1.0,1.0,1.0,0.0,0.0,0.0,0.0,0.0,0.0,100.0,100.0,100.0,1000.0,1000.0,1000.0,48.318301736969794,0,0,48.318301736969794,0.0,0.0,0,0
580812,61.5,62.0,21.0,0.0,0.0,0.0,40.0,1.0,1.0,1.0,0.0,0.0,0.0,0.0,0.0,0.0,100.0,100.0,100.0,1000.0,1000.0,1000.0,48.318301736969794,0,0,48.318301736969794,0.0,0.0,0,0
581012,61.5,62.0,21.0,0.0,0.0,0.0,40.0,1.0,1.0,1.0,0.0,0.0,0.0,0.0,0.0,0.0,100.0,100.0,100.0,1000.0,1000.0,1000.0,48.318301736969794,0,0,48.318301736969794,0.0,0.0,0,0
581212,61.5,62.0,21.0,0.0,0.0,0.0,40.0,1.0,1.0,1.0,0.0,0.0,0.0,0.0,0.0,0.0,100.0,100.0,100.0,1000.0,1000.0,1000.0,48.318301736969794,0,0,48.318301736969794,0.0,0.0,0,0
581412,61.5,62.0,21.0,0.0,0.0,0.0,40.0,1.0,1.0,1.0,0.0,0.0,0.0,0.0,0.0,0.0,100.0,100.0,100.0,1000.0,1000.0,1000.0,48.318301736969794,0,0,48.318301736969794,0.0,0.0,0,0
581612,61.5,62.0,21.0,0.0,0.0,0.0,40.0,1.0,1.0,1.0,0.0,0.0,0.0,0.0,0.0,0.0,100.0,100.0,100.0,1000.0,1000.0,1000.0,48.318301736969794,0,0,48.318301736969794,0.0,0.0,0,0
581812,61.5,62.0,21.0,0.0,0.0,0.0,40.0,1.0,1.0,1.0,0.0,0.0,0.0,0.0,0.0,0.0,100.0,100.0,100.0,1000.0,1000.0,1000.0,48.318301736969794,0,0,48.318301736969794,0.0,0.0,0,0
582012,61.5,62.0,21.0,0.0,0.0,0.0,40.0,1.0,1.0,1.0,0.0,0.0,0.0,0.0,0.0,0.0,100.0,100.0,100.0,1000.0,1000.0,1000.0,48.318301736969794,0,0,48.318301736969794,0.0,0.0,0,0
582212,61.5,62.0,21.0,0.0,0.0,0.0,40.0,1.0,1.0,1.0,0.0,0.0,0.0,0.0,0.0,0.0,100.0,100.0,100.0,1000.0,1000.0,1000.0,48.318301736969794,0,0,48.318301736969794,0.0,0.0,0,0
582412,61.5,62.0,21.0,0.0,0.0,0.0,40.0,1.0,1.0,1.0,0.0,0.0,0.0,0.0,0.0,0.0,100.0,100.0,100.0,1000.0,1000.0,1000.0,48.318301736969794,0,0,48.318301736969794,0.0,0.0,0,0
582612,61.5,62.0,21.0,0.0,0.0,0.0,40.0,1.0,1.0,1.0,0.0,0.0,0.0,0.0,0.0,0.0,100.0,100.0,100.0,1000.0,1000.0,1000.0,48.318301736969794,0,0,48.318301736969794,0.0,0.0,0,0
582812,61.5,62.0,21.0,0.0,0.0,0.0,40.0,1.0,1.0,1.0,0.0,0.0,0.0,0.0,0.0,0.0,100.0,100.0,100.0,1000.0,1000.0,1000.0,48.318301736969794,0,0,48.318301736969794,0.0,0.0,0,0
583012,61.5,62.0,21.0,0.0,0.0,0.0,40.0,1.0,1.0,1.0,0.0,0.0,0.0,0.0,0.0,0.0,100.0,100.0,100.0,1000.0,1000.0,1000.0,48.318301736969794,0,0,48.318301736969794,0.0,0.0,0,0
583212,61.5,62.0,21.0,0.0,0.0,0.0,40.0,1.0,1.0,1.0,0.0,0.0,0.0,0.0,0.0,0.0,100.0,100.0,100.0,1000.0,1000.0,1000.0,48.318301736969794,0,0,48.318301736969794,0.0,0.0,0,0
583412,61.5,62.0,21.0,0.0,0.0,0.0,40.0,1.0,1.0,1.0,0.0,0.0,0.0,0.0,0.0,0.0,100.0,100.0,100.0,1000.0,1000.0,1000.0,48.318301736969794,0,0,48.318301736969794,0.0,0.0,0,0
583612,61.5,62.0,21.0,0.0,0.0,0.0,40.0,1.0,1.0,1.0,0.0,0.0,0.0,0.0,0.0,0.0,100.0,100.0,100.0,1000.0,1000.0,1000.0,48.318301736969794,0,0,48.318301736969794,0.0,0.0,0,0
583812,61.5,62.0,21.0,0.0,0.0,0.0,40.0,1.0,1.0,1.0,0.0,0.0,0.0,0.0,0.0,0.0,100.0,100.0,100.0,1000.0,1000.0,1000.0,48.318301736969794,0,0,48.318301736969794,0.0,0.0,0,0
584012,61.5,62.0,21.0,0.0,0.0,0.0,40.0,1.0,1.0,1.0,0.0,0.0,0.0,0.0,0.0,0.0,100.0,100.0,100.0,1000.0,1000.0,1000.0,48.318301736969794,0,0,48.318301736969794,0.0,0.0,0,0
584212,61.5,62.0,21.0,0.0,0.0,0.0,40.0,1.0,1.0,1.0,0.0,0.0,0.0,0.0,0.0,0.0,100.0,100.0,100.0,1000.0,1000.0,1000.0,48.318301736969794,0,0,48.318301736969794,0.0,0.0,0,0
584412,61.5,62.0,21.0,0.0,0.0,0.0,40.0,1.0,1.0,1.0,0.0,0.0,0.0,0.0,0.0,0.0,100.0,100.0,100.0,1000.0,1000.0,1000.0,48.318301736969794,0,0,48.318301736969794,0.0,0.0,0,0
584612,61.5,62.0,21.0,0.0,0.0,0.0,40.0,1.0,1.0,1.0,0.0,0.0,0.0,0.0,0.0,0.0,100.0,100.0,100.0,1000.0,1000.0,1000.0,48.318301736969794,0,0,48.318301736969794,0.0,0.0,0,0
584812,61.5,62.0,21.0,0.0,0.0,0.0,40.0,1.0,1.0,1.0,0.0,0.0,0.0,0.0,0.0,0.0,100.0,100.0,100.0,1000.0,1000.0,1000.0,48.318301736969794,0,0,48.318301736969794,0.0,0.0,0,0
585012,61.5,62.0,21.0,0.0,0.0,0.0,40.0,1.0,1.0,1.0,0.0,0.0,0.0,0.0,0.0,0.0,100.0,100.0,100.0,1000.0,1000.0,1000.0,48.318301736969794,0,0,48.318301736969794,0.0,0.0,0,0
585212,61.5,62.0,21.0,0.0,0.0,0.0,40.0,1.0,1.0,1.0,0.0,0.0,0.0,0.0,0.0,0.0,100.0,100.0,100.0,1000.0,1000.0,1000.0,48.19110239668206,0,0,48.19110239668206,0.0,0.0,1,0
585412,61.5,62.0,21.0,0.0,0.0,0.0,40.0,1.0,1.0,1.0,0.0,0.0,0.0,0.0,0.0,0.0,100.0,100.0,100.0,1000.0,1000.0,1000.0,48.19110239668206,0,0,48.19110239668206,0.0,0.0,0,0
585612,61.5,62.0,21.0,0.0,0.0,0.0,40.0,1.0,1.0,1.0,0.0,0.0,0.0,0.0,0.0,0.0,100.0,100.0,100.0,1000.0,1000.0,1000.0,48.19110239668206,0,0,48.19110239668206,0.0,0.0,0,0
585812,61.5,62.0,21.0,0.0,0.0,0.0,40.0,1.0,1.0,1.0,0.0,0.0,0.0,0.0,0.0,0.0,100.0,100.0,100.0,1000.0,1000.0,1000.0,48.19110239668206,0,0,48.19110239668206,0.0,0.0,0,0
586012,61.5,62.0,21.0,0.0,0.0,0.0,40.0,1.0,1.0,1.0,0.0,0.0,0.0,0.0,0.0,0.0,100.0,100.0,100.0,1000.0,1000.0,1000.0,48.19110239668206,0,0,48.19110239668206,0.0,0.0,0,0
586212,61.5,62.0,21.0,0.0,0.0,0.0,40.0,1.0,1.0,1.0,0.0,0.0,0.0,0.0,0.0,0.0,100.0,100.0,100.0,1000.0,1000.0,1000.0,48.19110239668206,0,0,48.19110239668206,0.0,0.0,0,0
586412,61.5,62.0,21.0,0.0,0.0,0.0,40.0,1.0,1.0,1.0,0.0,0.0,0.0,0.0,0.0,0.0,100.0,100.0,100.0,1000.0,1000.0,1000.0,48.19110239668206,0,0,48.19110239668206,0.0,0.0,0,0
586612,61.5,62.0,21.0,0.0,0.0,0.0,40.0,1.0,1.0,1.0,0.0,0.0,0.0,0.0,0.0,0.0,100.0,100.0,100.0,1000.0,1000.0,1000.0,48.19110239668206,0,0,48.19110239668206,0.0,0.0,0,0
586812,61.5,62.0,21.0,0.0,0.0,0.0,40.0,1.0,1.0,1.0,0.0,0.0,0.0,0.0,0.0,0.0,100.0,100.0,100.0,1000.0,1000.0,1000.0,48.19110239668206,0,0,48.19110239668206,0.0,0.0,0,0
587012,61.5,62.0,21.0,0.0,0.0,0.0,40.0,1.0,1.0,1.0,0.0,0.0,0.0,0.0,0.0,0.0,100.0,100.0,100.0,1000.0,1000.0,1000.0,48.19110239668206,0,0,48.19110239668206,0.0,0.0,0,0
587212,61.5,62.0,21.0,0.0,0.0,0.0,40.0,1.0,1.0,1.0,0.0,0.0,0.0,0.0,0.0,0.0,100.0,100.0,100.0,1000.0,1000.0,1000.0,48.19110239668206,0,0,48.19110239668206,0.0,0.0,0,0
587412,61.5,62.0,21.0,0.0,0.0,0.0,40.0,1.0,1.0,1.0,0.0,0.0,0.0,0.0,0.0,0.0,100.0,100.0,100.0,1000.0,1000.0,1000.0,48.19110239668206,0,0,48.19110239668206,0.0,0.0,0,0
587612,61.5,62.0,21.0,0.0,0.0,0.0,40.0,1.0,1.0,1.0,0.0,0.0,0.0,0.0,0.0,0.0,100.0,100.0,100.0,1000.0,1000.0,1000.0,48.19110239668206,0,0,48.19110239668206,0.0,0.0,0,0
587812,61.5,62.0,21.0,0.0,0.0,0.0,40.0,1.0,1.0,1.0,0.0,0.0,0.0,0.0,0.0,0.0,100.0,100.0,100.0,1000.0,1000.0,1000.0,48.19110239668206,0,0,48.19110239668206,0.0,0.0,0,0
588012,61.5,62.0,21.0,0.0,0.0,0.0,40.0,1.0,1.0,1.0,0.0,0.0,0.0,0.0,0.0,0.0,100.0,100.0,100.0,1000.0,1000.0,1000.0,48.19110239668206,0,0,48.19110239668206,0.0,0.0,0,0
588212,61.5,62.0,21.0,0.0,0.0,0.0,40.0,1.0,1.0,1.0,0.0,0.0,0.0,0.0,0.0,0.0,100.0,100.0,100.0,1000.0,1000.0,1000.0,48.19110239668206,0,0,48.19110239668206,0.0,0.0,0,0
588412,61.5,62.0,21.0,0.0,0.0,0.0,40.0,1.0,1.0,1.0,0.0,0.0,0.0,0.0,0.0,0.0,100.0,100.0,100.0,1000.0,1000.0,1000.0,48.19110239668206,0,0,48.19110239668206,0.0,0.0,0,0
588612,61.5,62.0,21.0,0.0,0.0,0.0,40.0,1.0,1.0,1.0,0.0,0.0,0.0,0.0,0.0,0.0,100.0,100.0,100.0,1000.0,1000.0,1000.0,48.19110239668206,0,0,48.19110239668206,0.0,0.0,0,0
588812,61.5,62.0,21.0,0.0,0.0,0.0,40.0,1.0,1.0,1.0,0.0,0.0,0.0,0.0,0.0,0.0,100.0,100.0,100.0,1000.0,1000.0,1000.0,48.19110239668206,0,0,48.19110239668206,0.0,0.0,0,0
589012,61.5,62.0,21.0,0.0,0.0,0.0,40.0,1.0,1.0,1.0,0.0,0.0,0.0,0.0,0.0,0.0,100.0,100.0,100.0,1000.0,1000.0,1000.0,48.19110239668206,0,0,48.19110239668206,0.0,0.0,0,0
589212,61.5,62.0,21.0,0.0,0.0,0.0,40.0,1.0,1.0,1.0,0.0,0.0,0.0,0.0,0.0,0.0,100.0,100.0,100.0,1000.0,1000.0,1000.0,48.19110239668206,0,0,48.19110239668206,0.0,0.0,0,0
589412,61.5,62.0,21.0,0.0,0.0,0.0,40.0,1.0,1.0,1.0,0.0,0.0,0.0,0.0,0.0,0.0,100.0,100.0,100.0,1000.0,1000.0,1000.0,48.19110239668206,0,0,48.19110239668206,0.0,0.0,0,0
589612,61.5,62.0,21.0,0.0,0.0,0.0,40.0,1.0,1.0,1.0,0.0,0.0,0.0,0.0,0.0,0.0,100.0,100.0,100.0,1000.0,1000.0,1000.0,48.19110239668206,0,0,48.19110239668206,0.0,0.0,0,0
589812,61.5,62.0,21.0,0.0,0.0,0.0,40.0,1.0,1.0,1.0,0.0,0.0,0.0,0.0,0.0,0.0,100.0,100.0,100.0,1000.0,1000.0,1000.0,48.19110239668206,0,0,48.19110239668206,0.0,0.0,0,0
590012,61.5,62.0,21.0,0.0,0.0,0.0,40.0,1.0,1.0,1.0,0.0,0.0,0.0,0.0,0.0,0.0,100.0,100.0,100.0,1000.0,1000.0,1000.0,48.19110239668206,0,0,48.19110239668206,0.0,0.0,0,0
590212,61.5,62.0,21.0,0.0,0.0,0.0,40.0,1.0,1.0,1.0,0.0,0.0,0.0,0.0,0.0,0.0,100.0,100.0,100.0,1000.0,1000.0,1000.0,48.19110239668206,0,0,48.19110239668206,0.0,0.0,0,0
590412,61.5,62.0,21.0,0.0,0.0,0.0,40.0,1.0,1.0,1.0,0.0,0.0,0.0,0.0,0.0,0.0,100.0,100.0,100.0,1000.0,1000.0,1000.0,48.19110239668206,0,0,48.19110239668206,0.0,0.0,0,0
590612,61.5,62.0,21.0,0.0,0.0,0.0,40.0,1.0,1.0,1.0,0.0,0.0,0.0,0.0,0.0,0.0,100.0,100.0,100.0,1000.0,1000.0,1000.0,48.19110239668206,0,0,48.19110239668206,0.0,0.0,0,0
590812,61.5,62.0,21.0,0.0,0.0,0.0,40.0,1.0,1.0,1.0,0.0,0.0,0.0,0.0,0.0,0.0,100.0,100.0,100.0,1000.0,1000.0,1000.0,48.19110239668206,0,0,48.19110239668206,0.0,0.0,0,0
591012,61.5,62.0,21.0,0.0,0.0,0.0,40.0,1.0,1.0,1.0,0.0,0.0,0.0,0.0,0.0,0.0,100.0,100.0,100.0,1000.0,1000.0,1000.0,48.19110239668206,0,0,48.19110239668206,0.0,0.0,0,0
591212,61.5,62.0,21.0,0.0,0.0,0.0,40.0,1.0,1.0,1.0,0.0,0.0,0.0,0.0,0.0,0.0,100.0,100.0,100.0,1000.0,1000.0,1000.0,48.19110239668206,0,0,48.19110239668206,0.0,0.0,0,0
591412,61.5,62.0,21.0,0.0,0.0,0.0,40.0,1.0,1.0,1.0,0.0,0.0,0.0,0.0,0.0,0.0,100.0,100.0,100.0,1000.0,1000.0,1000.0,48.19110239668206,0,0,48.19110239668206,0.0,0.0,0,0
591612,61.5,62.0,21.0,0.0,0.0,0.0,40.0,1.0,1.0,1.0,0.0,0.0,0.0,0.0,0.0,0.0,100.0,100.0,100.0,1000.0,1000.0,1000.0,48.19110239668206,0,0,48.19110239668206,0.0,0.0,0,0
591812,61.5,62.0,21.0,0.0,0.0,0.0,40.0,1.0,1.0,1.0,0.0,0.0,0.0,0.0,0.0,0.0,100.0,100.0,100.0,1000.0,1000.0,1000.0,48.19110239668206,0,0,48.19110239668206,0.0,0.0,0,0
592012,61.5,62.0,21.0,0.0,0.0,0.0,40.0,1.0,1.0,1.0,0.0,0.0,0.0,0.0,0.0,0.0,100.0,100.0,100.0,1000.0,1000.0,1000.0,48.19110239668206,0,0,48.19110239668206,0.0,0.0,0,0
592212,61.5,62.0,21.0,0.0,0.0,0.0,40.0,1.0,1.0,1.0,0.0,0.0,0.0,0.0,0.0,0.0,100.0,100.0,100.0,1000.0,1000.0,1000.0,48.19110239668206,0,0,48.19110239668206,0.0,0.0,0,0
592412,61.5,62.0,21.0,0.0,0.0,0.0,40.0,1.0,1.0,1.0,0.0,0.0,0.0,0.0,0.0,0.0,100.0,100.0,100.0,1000.0,1000.0,1000.0,48.19110239668206,0,0,48.19110239668206,0.0,0.0,0,0
592612,61.5,62.0,21.0,0.0,0.0,0.0,40.0,1.0,1.0,1.0,0.0,0.0,0.0,0.0,0.0,0.0,100.0,100.0,100.0,1000.0,1000.0,1000.0,48.19110239668206,0,0,48.19110239668206,0.0,0.0,0,0
592812,61.5,62.0,21.0,0.0,0.0,0.0,40.0,1.0,1.0,1.0,0.0,0.0,0.0,0.0,0.0,0.0,100.0,100.0,100.0,1000.0,1000.0,1000.0,48.19110239668206,0,0,48.19110239668206,0.0,0.0,0,0
593012,61.5,62.0,21.0,0.0,0.0,0.0,40.0,1.0,1.0,1.0,0.0,0.0,0.0,0.0,0.0,0.0,100.0,100.0,100.0,1000.0,1000.0,1000.0,48.19110239668206,0,0,48.19110239668206,0.0,0.0,0,0
593212,61.5,62.0,21.0,0.0,0.0,0.0,40.0,1.0,1.0,1.0,0.0,0.0,0.0,0.0,0.0,0.0,100.0,100.0,100.0,1000.0,1000.0,1000.0,48.19110239668206,0,0,48.19110239668206,0.0,0.0,0,0
593412,61.5,62.0,21.0,0.0,0.0,0.0,40.0,1.0,1.0,1.0,0.0,0.0,0.0,0.0,0.0,0.0,100.0,100.0,100.0,1000.0,1000.0,1000.0,48.19110239668206,0,0,48.19110239668206,0.0,0.0,0,0
593612,61.5,62.0,21.0,0.0,0.0,0.0,40.0,1.0,1.0,1.0,0.0,0.0,0.0,0.0,0.0,0.0,100.0,100.0,100.0,1000.0,1000.0,1000.0,48.19110239668206,0,0,48.19110239668206,0.0,0.0,0,0
593812,61.5,62.0,21.0,0.0,0.0,0.0,40.0,1.0,1.0,1.0,0.0,0.0,0.0,0.0,0.0,0.0,100.0,100.0,100.0,1000.0,1000.0,1000.0,48.19110239668206,0,0,48.19110239668206,0.0,0.0,0,0
594012,61.5,62.0,21.0,0.0,0.0,0.0,40.0,1.0,1.0,1.0,0.0,0.0,0.0,0.0,0.0,0.0,100.0,100.0,100.0,1000.0,1000.0,1000.0,48.19110239668206,0,0,48.19110239668206,0.0,0.0,0,0
594212,61.5,62.0,21.0,0.0,0.0,0.0,40.0,1.0,1.0,1.0,0.0,0.0,0.0,0.0,0.0,0.0,100.0,100.0,100.0,1000.0,1000.0,1000.0,48.19110239668206,0,0,48.19110239668206,0.0,0.0,0,0
594412,61.5,62.0,21.0,0.0,0.0,0.0,40.0,1.0,1.0,1.0,0.0,0.0,0.0,0.0,0.0,0.0,100.0,100.0,100.0,1000.0,1000.0,1000.0,48.19110239668206,0,0,48.19110239668206,0.0,0.0,0,0
594612,61.5,62.0,21.0,0.0,0.0,0.0,40.0,1.0,1.0,1.0,0.0,0.0,0.0,0.0,0.0,0.0,100.0,100.0,100.0,1000.0,1000.0,1000.0,48.19110239668206,0,0,48.19110239668206,0.0,0.0,0,0
594812,61.5,62.0,21.0,0.0,0.0,0.0,40.0,1.0,1.0,1.0,0.0,0.0,0.0,0.0,0.0,0.0,100.0,100.0,100.0,1000.0,1000.0,1000.0,48.19110239668206,0,0,48.19110239668206,0.0,0.0,0,0
595012,61.5,62.0,21.0,0.0,0.0,0.0,40.0,1.0,1.0,1.0,0.0,0.0,0.0,0.0,0.0,0.0,100.0,100.0,100.0,1000.0,1000.0,1000.0,48.19110239668206,0,0,48.19110239668206,0.0,0.0,0,0
595212,61.5,62.0,21.0,0.0,0.0,0.0,40.0,1.0,1.0,1.0,0.0,0.0,0.0,0.0,0.0,0.0,100.0,100.0,100.0,1000.0,1000.0,1000.0,48.19110239668206,0,0,48.19110239668206,0.0,0.0,0,0
595412,61.5,62.0,21.0,0.0,0.0,0.0,40.0,1.0,1.0,1.0,0.0,0.0,0.0,0.0,0.0,0.0,100.0,100.0,100.0,1000.0,1000.0,1000.0,48.19110239668206,0,0,48.19110239668206,0.0,0.0,0,0
595612,61.5,62.0,21.0,0.0,0.0,0.0,40.0,1.0,1.0,1.0,0.0,0.0,0.0,0.0,0.0,0.0,100.0,100.0,100.0,1000.0,1000.0,1000.0,48.19110239668206,0,0,48.19110239668206,0.0,0.0,0,0
595812,61.5,62.0,21.0,0.0,0.0,0.0,40.0,1.0,1.0,1.0,0.0,0.0,0.0,0.0,0.0,0.0,100.0,100.0,100.0,1000.0,1000.0,1000.0,48.19110239668206,0,0,48.19110239668206,0.0,0.0,0,0
596012,61.5,62.0,21.0,0.0,0.0,0.0,40.0,1.0,1.0,1.0,0.0,0.0,0.0,0.0,0.0,0.0,100.0,100.0,100.0,1000.0,1000.0,1000.0,48.19110239668206,0,0,48.19110239668206,0.0,0.0,0,0
596212,61.5,62.0,21.0,0.0,0.0,0.0,40.0,1.0,1.0,1.0,0.0,0.0,0.0,0.0,0.0,0.0,100.0,100.0,100.0,1000.0,1000.0,1000.0,48.19110239668206,0,0,48.19110239668206,0.0,0.0,0,0
596412,61.5,62.0,21.0,0.0,0.0,0.0,40.0,1.0,1.0,1.0,0.0,0.0,0.0,0.0,0.0,0.0,100.0,100.0,100.0,1000.0,1000.0,1000.0,48.19110239668206,0,0,48.19110239668206,0.0,0.0,0,0
596612,61.5,62.0,21.0,0.0,0.0,0.0,40.0,1.0,1.0,1.0,0.0,0.0,0.0,0.0,0.0,0.0,100.0,100.0,100.0,1000.0,1000.0,1000.0,48.19110239668206,0,0,48.19110239668206,0.0,0.0,0,0
596812,61.5,62.0,21.0,0.0,0.0,0.0,40.0,1.0,1.0,1.0,0.0,0.0,0.0,0.0,0.0,0.0,100.0,100.0,100.0,1000.0,1000.0,1000.0,48.19110239668206,0,0,48.19110239668206,0.0,0.0,0,0
597012,61.5,62.0,21.0,0.0,0.0,0.0,40.0,1.0,1.0,1.0,0.0,0.0,0.0,0.0,0.0,0.0,100.0,100.0,100.0,1000.0,1000.0,1000.0,48.19110239668206,0,0,48.19110239668206,0.0,0.0,0,0
597212,61.5,62.0,21.0,0.0,0.0,0.0,40.0,1.0,1.0,1.0,0.0,0.0,0.0,0.0,0.0,0.0,100.0,100.0,100.0,1000.0,1000.0,1000.0,48.19110239668206,0,0,48.19110239668206,0.0,0.0,0,0
597412,61.5,62.0,21.0,0.0,0.0,0.0,40.0,1.0,1.0,1.0,0.0,0.0,0.0,0.0,0.0,0.0,100.0,100.0,100.0,1000.0,1000.0,1000.0,48.19110239668206,0,0,48.19110239668206,0.0,0.0,0,0
597612,61.5,62.0,21.0,0.0,0.0,0.0,40.0,1.0,1.0,1.0,0.0,0.0,0.0,0.0,0.0,0.0,100.0,100.0,100.0,1000.0,1000.0,1000.0,48.19110239668206,0,0,48.19110239668206,0.0,0.0,0,0
597812,61.5,62.0,21.0,0.0,0.0,0.0,40.0,1.0,1.0,1.0,0.0,0.0,0.0,0.0,0.0,0.0,100.0,100.0,100.0,1000.0,1000.0,1000.0,48.19110239668206,0,0,48.19110239668206,0.0,0.0,0,0
598012,61.5,62.0,21.0,0.0,0.0,0.0,40.0,1.0,1.0,1.0,0.0,0.0,0.0,0.0,0.0,0.0,100.0,100.0,100.0,1000.0,1000.0,1000.0,48.19110239668206,0,0,48.19110239668206,0.0,0.0,0,0
598212,61.5,62.0,21.0,0.0,0.0,0.0,40.0,1.0,1.0,1.0,0.0,0.0,0.0,0.0,0.0,0.0,100.0,100.0,100.0,1000.0,1000.0,1000.0,48.19110239668206,0,0,48.19110239668206,0.0,0.0,0,0
598412,61.5,62.0,21.0,0.0,0.0,0.0,40.0,1.0,1.0,1.0,0.0,0.0,0.0,0.0,0.0,0.0,100.0,100.0,100.0,1000.0,1000.0,1000.0,48.19110239668206,0,0,48.19110239668206,0.0,0.0,0,0
598612,61.5,62.0,21.0,0.0,0.0,0.0,40.0,1.0,1.0,1.0,0.0,0.0,0.0,0.0,0.0,0.0,100.0,100.0,100.0,1000.0,1000.0,1000.0,48.19110239668206,0,0,48.19110239668206,0.0,0.0,0,0
598812,61.5,62.0,21.0,0.0,0.0,0.0,40.0,1.0,1.0,1.0,0.0,0.0,0.0,0.0,0.0,0.0,100.0,100.0,100.0,1000.0,1000.0,1000.0,48.19110239668206,0,0,48.19110239668206,0.0,0.0,0,0
599012,61.5,62.0,21.0,0.0,0.0,0.0,40.0,1.0,1.0,1.0,0.0,0.0,0.0,0.0,0.0,0.0,100.0,100.0,100.0,1000.0,1000.0,1000.0,48.19110239668206,0,0,48.19110239668206,0.0,0.0,0,0
599212,61.5,62.0,21.0,0.0,0.0,0.0,40.0,1.0,1.0,1.0,0.0,0.0,0.0,0.0,0.0,0.0,100.0,100.0,100.0,1000.0,1000.0,1000.0,48.19110239668206,0,0,48.19110239668206,0.0,0.0,0,0
599412,61.5,62.0,21.0,0.0,0.0,0.0,40.0,1.0,1.0,1.0,0.0,0.0,0.0,0.0,0.0,0.0,100.0,100.0,100.0,1000.0,1000.0,1000.0,48.19110239668206,0,0,48.19110239668206,0.0,0.0,0,0
599612,61.5,62.0,21.0,0.0,0.0,0.0,40.0,1.0,1.0,1.0,0.0,0.0,0.0,0.0,0.0,0.0,100.0,100.0,100.0,1000.0,1000.0,1000.0,48.19110239668206,0,0,48.19110239668206,0.0,0.0,0,0
599812,61.5,62.0,21.0,0.0,0.0,0.0,40.0,1.0,1.0,1.0,0.0,0.0,0.0,0.0,0.0,0.0,100.0,100.0,100.0,1000.0,1000.0,1000.0,48.19110239668206,0,0,48.19110239668206,0.0,0.0,0,0
600012,61.5,62.0,21.0,0.0,0.0,0.0,40.0,1.0,1.0,1.0,0.0,0.0,100.0,0.0,0.0,0.0,100.0,100.0,100.0,1000.0,1000.0,1000.0,48.19110239668206,0,0,48.19110239668206,0.0,100.0,0,0
600212,61.5,62.0,21.0,0.0,0.0,0.0,40.0,1.0,1.0,1.0,0.0,0.0,100.0,0.0,0.0,0.0,100.0,100.0,100.0,1000.0,1000.0,1000.0,47.86953983881416,0,0,47.86953983881416,0.0,100.0,1,0
600412,61.5,62.0,21.0,0.0,0.0,0.0,40.0,1.0,1.0,1.0,0.0,0.0,100.0,0.0,0.0,0.0,100.0,100.0,100.0,1000.0,1000.0,1000.0,47.86953983881416,0,0,47.86953983881416,0.0,100.0,0,0
600612,61.5,62.0,21.0,0.0,0.0,0.0,40.0,1.0,1.0,1.0,0.0,0.0,100.0,0.0,0.0,0.0,100.0,100.0,100.0,1000.0,1000.0,1000.0,47.86953983881416,0,0,47.86953983881416,0.0,100.0,0,0
600812,61.5,62.0,21.0,0.0,0.0,0.0,40.0,1.0,1.0,1.0,0.0,0.0,100.0,0.0,0.0,0.0,100.0,100.0,100.0,1000.0,1000.0,1000.0,47.86953983881416,0,0,47.86953983881416,0.0,100.0,0,0
601012,61.5,62.0,21.0,0.0,0.0,0.0,40.0,1.0,1.0,1.0,0.0,0.0,100.0,0.0,0.0,0.0,100.0,100.0,100.0,1000.0,1000.0,1000.0,47.86953983881416,0,0,47.86953983881416,0.0,100.0,0,0
601212,61.5,62.0,21.0,0.0,0.0,0.0,40.0,1.0,1.0,1.0,0.0,0.0,100.0,0.0,0.0,0.0,100.0,100.0,100.0,1000.0,1000.0,1000.0,47.86953983881416,0,0,47.86953983881416,0.0,100.0,0,0
601412,61.0,62.0,21.0,0.0,0.0,0.0,40.0,1.0,1.0,1.0,0.0,0.0,100.0,0.0,0.0,0.0,100.0,100.0,100.0,1000.0,1000.0,1000.0,47.86953983881416,0,0,47.86953983881416,0.0,100.0,0,0
601612,61.0,62.0,21.0,0.0,0.0,0.0,40.0,1.0,1.0,1.0,0.0,0.0,100.0,0.0,0.0,0.0,100.0,100.0,100.0,1000.0,1000.0,1000.0,47.86953983881416,0,0,47.86953983881416,0.0,100.0,0,0
601812,61.0,62.0,21.0,0.0,0.0,0.0,40.0,1.0,1.0,1.0,0.0,0.0,100.0,0.0,0.0,0.0,100.0,100.0,100.0,1000.0,1000.0,1000.0,47.86953983881416,0,0,47.86953983881416,0.0,100.0,0,0
602012,60.5,61.5,21.0,0.0,0.0,0.0,40.0,1.0,1.0,1.0,0.0,0.0,100.0,0.0,0.0,0.0,100.0,100.0,100.0,1000.0,1000.0,1000.0,47.86953983881416,0,0,47.86953983881416,0.0,100.0,0,0
602212,60.5,61.5,21.0,0.0,0.0,0.0,40.0,1.0,1.0,1.0,0.0,0.0,100.0,0.0,0.0,0.0,100.0,100.0,100.0,1000.0,1000.0,1000.0,47.86953983881416,0,0,47.86953983881416,0.0,100.0,0,0
602412,60.0,61.5,21.0,0.0,0.0,0.0,40.0,1.0,1.0,1.0,0.0,0.0,100.0,0.0,0.0,0.0,100.0,100.0,100.0,1000.0,1000.0,1000.0,47.86953983881416,0,0,47.86953983881416,0.0,100.0,0,0
602612,60.0,61.5,21.0,0.0,0.0,0.0,40.0,1.0,1.0,1.0,0.0,0.0,100.0,0.0,0.0,0.0,100.0,100.0,100.0,1000.0,1000.0,1000.0,47.86953983881416,0,0,47.86953983881416,0.0,100.0,0,0
602812,60.0,61.5,21.0,0.0,0.0,0.0,40.0,1.0,1.0,1.0,0.0,0.0,100.0,0.0,0.0,0.0,100.0,100.0,100.0,1000.0,1000.0,1000.0,47.86953983881416,0,0,47.86953983881416,0.0,100.0,0,0
603012,59.0,61.0,21.0,0.0,0.0,0.0,40.0,1.0,1.0,1.0,0.0,0.0,100.0,0.0,0.0,0.0,100.0,100.0,100.0,1000.0,1000.0,1000.0,47.86953983881416,0,0,47.86953983881416,0.0,100.0,0,0
603212,59.0,61.0,21.0,0.0,0.0,0.0,40.0,1.0,1.0,1.0,0.0,0.0,100.0,0.0,0.0,0.0,100.0,100.0,100.0,1000.0,1000.0,1000.0,47.86953983881416,0,0,47.86953983881416,0.0,100.0,0,0
603412,58.5,61.0,21.0,0.0,0.0,0.0,40.0,1.0,1.0,1.0,0.0,0.0,100.0,0.0,0.0,0.0,100.0,100.0,100.0,1000.0,1000.0,1000.0,47.86953983881416,0,0,47.86953983881416,0.0,100.0,0,0
603612,58.5,60.5,21.0,0.0,0.0,0.0,40.0,1.0,1.0,1.0,0.0,0.0,100.0,0.0,0.0,0.0,100.0,100.0,100.0,1000.0,1000.0,1000.0,47.86953983881416,0,0,47.86953983881416,0.0,100.0,0,0
603812,58.5,60.5,21.0,0.0,0.0,0.0,40.0,1.0,1.0,1.0,0.0,0.0,100.0,0.0,0.0,0.0,100.0,100.0,100.0,1000.0,1000.0,1000.0,47.86953983881416,0,0,47.86953983881416,0.0,100.0,0,0
604012,58.0,60.0,21.0,0.0,0.0,0.0,40.0,1.0,1.0,1.0,0.0,0.0,100.0,0.0,0.0,0.0,100.0,100.0,100.0,1000.0,1000.0,1000.0,47.86953983881416,0,0,47.86953983881416,0.0,100.0,0,0
604212,58.0,60.0,21.0,0.0,0.0,0.0,40.0,1.0,1.0,1.0,0.0,0.0,100.0,0.0,0.0,0.0,100.0,100.0,100.0,1000.0,1000.0,1000.0,47.86953983881416,0,0,47.86953983881416,0.0,100.0,0,0
604412,57.5,60.0,21.0,0.0,0.0,0.0,40.0,1.0,1.0,1.0,0.0,0.0,100.0,0.0,0.0,0.0,100.0,100.0,100.0,1000.0,1000.0,1000.0,47.86953983881416,0,0,47.86953983881416,0.0,100.0,0,0
604612,57.5,60.0,21.0,0.0,0.0,0.0,40.0,1.0,1.0,1.0,0.0,0.0,100.0,0.0,0.0,0.0,100.0,100.0,100.0,1000.0,1000.0,1000.0,47.86953983881416,0,0,47.86953983881416,0.0,100.0,0,0
604812,57.5,60.0,21.0,0.0,0.0,0.0,40.0,1.0,1.0,1.0,0.0,0.0,100.0,0.0,0.0,0.0,100.0,100.0,100.0,1000.0,1000.0,1000.0,47.86953983881416,0,0,47.86953983881416,0.0,100.0,0,0
605012,57.0,59.5,21.0,0.0,0.0,0.0,40.0,1.0,1.0,1.0,0.0,0.0,100.0,0.0,0.0,0.0,100.0,100.0,100.0,1000.0,1000.0,1000.0,47.86953983881416,0,0,47.86953983881416,0.0,100.0,0,0
605212,57.0,59.5,21.0,0.0,0.0,0.0,40.0,1.0,1.0,1.0,0.0,0.0,100.0,0.0,0.0,0.0,100.0,100.0,100.0,1000.0,1000.0,1000.0,47.86953983881416,0,0,47.86953983881416,0.0,100.0,0,0
605412,56.5,59.5,21.0,0.0,0.0,0.0,40.0,1.0,1.0,1.0,0.0,0.0,100.0,0.0,0.0,0.0,100.0,100.0,100.0,1000.0,1000.0,1000.0,47.86953983881416,0,0,47.86953983881416,0.0,100.0,0,0
605612,56.5,59.0,21.0,0.0,0.0,0.0,40.0,1.0,1.0,1.0,0.0,0.0,100.0,0.0,0.0,0.0,100.0,100.0,100.0,1000.0,1000.0,1000.0,47.86953983881416,0,0,47.86953983881416,0.0,100.0,0,0
605812,56.5,59.0,21.0,0.0,0.0,0.0,40.0,1.0,1.0,1.0,0.0,0.0,100.0,0.0,0.0,0.0,100.0,100.0,100.0,1000.0,1000.0,1000.0,47.86953983881416,0,0,47.86953983881416,0.0,100.0,0,0
606012,55.5,59.0,21.0,0.0,0.0,0.0,40.0,1.0,1.0,1.0,0.0,0.0,100.0,0.0,0.0,0.0,100.0,100.0,100.0,1000.0,1000.0,1000.0,47.86953983881416,0,0,47.86953983881416,0.0,100.0,0,0
606212,55.5,59.0,21.0,0.0,0.0,0.0,40.0,1.0,1.0,1.0,0.0,0.0,100.0,0.0,0.0,0.0,100.0,100.0,100.0,1000.0,1000.0,1000.0,47.86953983881416,0,0,47.86953983881416,0.0,100.0,0,0
606412,55.0,59.0,21.0,0.0,0.0,0.0,40.0,1.0,1.0,1.0,0.0,0.0,100.0,0.0,0.0,0.0,100.0,100.0,100.0,1000.0,1000.0,1000.0,47.86953983881416,0,0,47.86953983881416,0.0,100.0,0,0
606612,55.0,58.5,21.0,0.0,0.0,0.0,40.0,1.0,1.0,1.0,0.0,0.0,100.0,0.0,0.0,0.0,100.0,100.0,100.0,1000.0,1000.0,1000.0,47.86953983881416,0,0,47.86953983881416,0.0,100.0,0,0
606812,55.0,58.5,21.0,0.0,0.0,0.0,40.0,1.0,1.0,1.0,0.0,0.0,100.0,0.0,0.0,0.0,100.0,100.0,100.0,1000.0,1000.0,1000.0,47.86953983881416,0,0,47.86953983881416,0.0,100.0,0,0
607012,54.5,58.0,21.0,0.0,0.0,0.0,40.0,1.0,1.0,1.0,0.0,0.0,100.0,0.0,0.0,0.0,100.0,100.0,100.0,1000.0,1000.0,1000.0,47.86953983881416,0,0,47.86953983881416,0.0,100.0,0,0
607212,54.5,58.0,21.0,0.0,0.0,0.0,40.0,1.0,1.0,1.0,0.0,0.0,100.0,0.0,0.0,0.0,100.0,100.0,100.0,1000.0,1000.0,1000.0,47.86953983881416,0,0,47.86953983881416,0.0,100.0,0,0
607412,54.0,58.0,21.0,0.0,0.0,0.0,40.0,1.0,1.0,1.0,0.0,0.0,100.0,0.0,0.0,0.0,100.0,100.0,100.0,1000.0,1000.0,1000.0,47.86953983881416,0,0,47.86953983881416,0.0,100.0,0,0
607612,54.0,58.0,21.0,0.0,0.0,0.0,40.0,1.0,1.0,1.0,0.0,0.0,100.0,0.0,0.0,0.0,100.0,100.0,100.0,1000.0,1000.0,1000.0,47.86953983881416,0,0,47.86953983881416,0.0,100.0,0,0
607812,54.0,58.0,21.0,0.0,0.0,0.0,40.0,1.0,1.0,1.0,0.0,0.0,100.0,0.0,0.0,0.0,100.0,100.0,100.0,1000.0,1000.0,1000.0,47.86953983881416,0,0,47.86953983881416,0.0,100.0,0,0
608012,53.5,57.5,21.0,0.0,0.0,0.0,40.0,1.0,1.0,1.0,0.0,0.0,100.0,0.0,0.0,0.0,100.0,100.0,100.0,1000.0,1000.0,1000.0,47.86953983881416,0,0,47.86953983881416,0.0,100.0,0,0
608212,53.5,57.5,21.0,0.0,0.0,0.0,40.0,1.0,1.0,1.0,0.0,0.0,100.0,0.0,0.0,0.0,100.0,100.0,100.0,1000.0,1000.0,1000.0,47.86953983881416,0,0,47.86953983881416,0.0,100.0,0,0
608412,53.0,57.5,21.0,0.0,0.0,0.0,40.0,1.0,1.0,1.0,0.0,0.0,100.0,0.0,0.0,0.0,100.0,100.0,100.0,1000.0,1000.0,1000.0,47.86953983881416,0,0,47.86953983881416,0.0,100.0,0,0
608612,53.0,57.0,21.0,0.0,0.0,0.0,40.0,1.0,1.0,1.0,0.0,0.0,100.0,0.0,0.0,0.0,100.0,100.0,100.0,1000.0,1000.0,1000.0,47.86953983881416,0,0,47.86953983881416,0.0,100.0,0,0
608812,53.0,57.0,21.0,0.0,0.0,0.0,40.0,1.0,1.0,1.0,0.0,0.0,100.0,0.0,0.0,0.0,100.0,100.0,100.0,1000.0,1000.0,1000.0,47.86953983881416,0,0,47.86953983881416,0.0,100.0,0,0
609012,53.0,57.0,21.0,0.0,0.0,0.0,40.0,1.0,1.0,1.0,0.0,0.0,100.0,0.0,0.0,0.0,100.0,100.0,100.0,1000.0,1000.0,1000.0,47.86953983881416,0,0,47.86953983881416,0.0,100.0,0,0
609212,53.0,57.0,21.0,0.0,0.0,0.0,40.0,1.0,1.0,1.0,0.0,0.0,100.0,0.0,0.0,0.0,100.0,100.0,100.0,1000.0,1000.0,1000.0,47.86953983881416,0,0,47.86953983881416,0.0,100.0,0,0
609412,52.5,57.0,21.0,0.0,0.0,0.0,40.0,1.0,1.0,1.0,0.0,0.0,100.0,0.0,0.0,0.0,100.0,100.0,100.0,1000.0,1000.0,1000.0,47.86953983881416,0,0,47.86953983881416,0.0,100.0,0,0
609612,52.5,56.5,21.0,0.0,0.0,0.0,40.0,1.0,1.0,1.0,0.0,0.0,100.0,0.0,0.0,0.0,100.0,100.0,100.0,1000.0,1000.0,1000.0,47.86953983881416,0,0,47.86953983881416,0.0,100.0,0,0
609812,52.5,56.5,21.0,0.0,0.0,0.0,40.0,1.0,1.0,1.0,0.0,0.0,100.0,0.0,0.0,0.0,100.0,100.0,100.0,1000.0,1000.0,1000.0,47.86953983881416,0,0,47.86953983881416,0.0,100.0,0,0
610012,52.0,56.0,21.0,0.0,0.0,0.0,40.0,1.0,1.0,1.0,0.0,0.0,100.0,0.0,0.0,0.0,100.0,100.0,100.0,1000.0,1000.0,1000.0,47.86953983881416,0,0,47.86953983881416,0.0,100.0,0,0
610212,52.0,56.0,21.0,0.0,0.0,0.0,40.0,1.0,1.0,1.0,0.0,0.0,100.0,0.0,0.0,0.0,100.0,100.0,100.0,1000.0,1000.0,1000.0,47.86953983881416,0,0,47.86953983881416,0.0,100.0,0,0
610412,51.5,56.0,21.0,0.0,0.0,0.0,40.0,1.0,1.0,1.0,0.0,0.0,100.0,0.0,0.0,0.0,100.0,100.0,100.0,1000.0,1000.0,1000.0,47.86953983881416,0,0,47.86953983881416,0.0,100.0,0,0
610612,51.5,56.0,21.0,0.0,0.0,0.0,40.0,1.0,1.0,1.0,0.0,0.0,100.0,0.0,0.0,0.0,100.0,100.0,100.0,1000.0,1000.0,1000.0,47.86953983881416,0,0,47.86953983881416,0.0,100.0,0,0
610812,51.5,56.0,21.0,0.0,0.0,0.0,40.0,1.0,1.0,1.0,0.0,0.0,100.0,0.0,0.0,0.0,100.0,100.0,100.0,1000.0,1000.0,1000.0,47.86953983881416,0,0,47.86953983881416,0.0,100.0,0,0
611012,51.0,55.5,21.0,0.0,0.0,0.0,40.0,1.0,1.0,1.0,0.0,0.0,100.0,0.0,0.0,0.0,100.0,100.0,100.0,1000.0,1000.0,1000.0,47.86953983881416,0,0,47.86953983881416,0.0,100.0,0,0
611212,51.0,55.5,21.0,0.0,0.0,0.0,40.0,1.0,1.0,1.0,0.0,0.0,100.0,0.0,0.0,0.0,100.0,100.0,100.0,1000.0,1000.0,1000.0,47.86953983881416,0,0,47.86953983881416,0.0,100.0,0,0
611412,50.5,55.5,21.0,0.0,0.0,0.0,40.0,1.0,1.0,1.0,0.0,0.0,100.0,0.0,0.0,0.0,100.0,100.0,100.0,1000.0,1000.0,1000.0,47.86953983881416,0,0,47.86953983881416,0.0,100.0,0,0
611612,50.5,55.5,21.0,0.0,0.0,0.0,40.0,1.0,1.0,1.0,0.0,0.0,100.0,0.0,0.0,0.0,100.0,100.0,100.0,1000.0,1000.0,1000.0,47.86953983881416,0,0,47.86953983881416,0.0,100.0,0,0
611812,50.5,55.5,21.0,0.0,0.0,0.0,40.0,1.0,1.0,1.0,0.0,0.0,100.0,0.0,0.0,0.0,100.0,100.0,100.0,1000.0,1000.0,1000.0,47.86953983881416,0,0,47.86953983881416,0.0,100.0,0,0
612012,50.5,55.0,21.0,0.0,0.0,0.0,40.0,1.0,1.0,1.0,0.0,0.0,100.0,0.0,0.0,0.0,100.0,100.0,100.0,1000.0,1000.0,1000.0,47.86953983881416,0,0,47.86953983881416,0.0,100.0,0,0
612212,50.5,55.0,21.0,0.0,0.0,0.0,40.0,1.0,1.0,1.0,0.0,0.0,100.0,0.0,0.0,0.0,100.0,100.0,100.0,1000.0,1000.0,1000.0,47.86953983881416,0,0,47.86953983881416,0.0,100.0,0,0
612412,50.0,55.0,21.0,0.0,0.0,0.0,40.0,1.0,1.0,1.0,0.0,0.0,100.0,0.0,0.0,0.0,100.0,100.0,100.0,1000.0,1000.0,1000.0,47.86953983881416,0,0,47.86953983881416,0.0,100.0,0,0
612612,50.0,54.5,21.0,0.0,0.0,0.0,40.0,1.0,1.0,1.0,0.0,0.0,100.0,0.0,0.0,0.0,100.0,100.0,100.0,1000.0,1000.0,1000.0,47.86953983881416,0,0,47.86953983881416,0.0,100.0,0,0
612812,50.0,54.5,21.0,0.0,0.0,0.0,40.0,1.0,1.0,1.0,0.0,0.0,100.0,0.0,0.0,0.0,100.0,100.0,100.0,1000.0,1000.0,1000.0,47.86953983881416,0,0,47.86953983881416,0.0,100.0,0,0
613012,49.5,54.5,21.0,0.0,0.0,0.0,40.0,1.0,1.0,1.0,0.0,0.0,100.0,0.0,0.0,0.0,100.0,100.0,100.0,1000.0,1000.0,1000.0,47.86953983881416,0,0,47.86953983881416,0.0,100.0,0,0
613212,49.5,54.5,21.0,0.0,0.0,0.0,40.0,1.0,1.0,1.0,0.0,0.0,100.0,0.0,0.0,0.0,100.0,100.0,100.0,1000.0,1000.0,1000.0,47.86953983881416,0,0,47.86953983881416,0.0,100.0,0,0
613412,49.0,54.5,21.0,0.0,0.0,0.0,40.0,1.0,1.0,1.0,0.0,0.0,100.0,0.0,0.0,0.0,100.0,100.0,100.0,1000.0,1000.0,1000.0,47.86953983881416,0,0,47.86953983881416,0.0,100.0,0,0
613612,49.0,54.0,21.0,0.0,0.0,0.0,40.0,1.0,1.0,1.0,0.0,0.0,100.0,0.0,0.0,0.0,100.0,100.0,100.0,1000.0,1000.0,1000.0,47.86953983881416,0,0,47.86953983881416,0.0,100.0,0,0
613812,49.0,54.0,21.0,0.0,0.0,0.0,40.0,1.0,1.0,1.0,0.0,0.0,100.0,0.0,0.0,0.0,100.0,100.0,100.0,1000.0,1000.0,1000.0,47.86953983881416,0,0,47.86953983881416,0.0,100.0,0,0
614012,49.0,53.5,21.0,0.0,0.0,0.0,40.0,1.0,1.0,1.0,0.0,0.0,100.0,0.0,0.0,0.0,100.0,100.0,100.0,1000.0,1000.0,1000.0,47.86953983881416,0,0,47.86953983881416,0.0,100.0,0,0
614212,49.0,53.5,21.0,0.0,0.0,0.0,40.0,1.0,1.0,1.0,0.0,0.0,100.0,0.0,0.0,0.0,100.0,100.0,100.0,1000.0,1000.0,1000.0,47.86953983881416,0,0,47.86953983881416,0.0,100.0,0,0
614412,48.5,53.5,21.0,0.0,0.0,0.0,40.0,1.0,1.0,1.0,0.0,0.0,100.0,0.0,0.0,0.0,100.0,100.0,100.0,1000.0,1000.0,1000.0,47.86953983881416,0,0,47.86953983881416,0.0,100.0,0,0
614612,48.5,53.5,21.0,0.0,0.0,0.0,40.0,1.0,1.0,1.0,0.0,0.0,100.0,0.0,0.0,0.0,100.0,100.0,100.0,1000.0,1000.0,1000.0,47.86953983881416,0,0,47.86953983881416,0.0,100.0,0,0
614812,48.5,53.5,21.0,0.0,0.0,0.0,40.0,1.0,1.0,1.0,0.0,0.0,100.0,0.0,0.0,0.0,100.0,100.0,100.0,1000.0,1000.0,1000.0,47.86953983881416,0,0,47.86953983881416,0.0,100.0,0,0
615012,48.0,53.0,21.0,0.0,0.0,0.0,40.0,1.0,1.0,1.0,0.0,0.0,0.0,0.0,0.0,0.0,100.0,100.0,100.0,1000.0,1000.0,1000.0,47.86953983881416,0,0,47.86953983881416,0.0,0.0,0,0
615212,48.0,53.0,21.0,0.0,0.0,0.0,40.0,1.0,1.0,1.0,0.0,0.0,0.0,0.0,0.0,0.0,100.0,100.0,100.0,1000.0,1000.0,1000.0,190.17212481952674,0,0,100.0,0.0,0.0,1,0
615412,48.0,53.0,21.0,0.0,0.0,0.0,40.0,1.0,1.0,1.0,0.0,0.0,0.0,0.0,0.0,0.0,100.0,100.0,100.0,1000.0,1000.0,1000.0,190.17212481952674,0,0,100.0,0.0,0.0,0,0
615612,48.0,53.0,21.0,0.0,0.0,0.0,40.0,1.0,1.0,1.0,0.0,0.0,0.0,0.0,0.0,0.0,100.0,100.0,100.0,1000.0,1000.0,1000.0,190.17212481952674,0,0,100.0,0.0,0.0,0,0
615812,48.0,53.0,21.0,0.0,0.0,0.0,40.0,1.0,1.0,1.0,0.0,0.0,0.0,0.0,0.0,0.0,100.0,100.0,100.0,1000.0,1000.0,1000.0,190.17212481952674,0,0,100.0,0.0,0.0,0,0
616012,47.5,52.5,21.0,0.0,0.0,0.0,40.0,1.0,1.0,1.0,0.0,0.0,0.0,0.0,0.0,0.0,100.0,100.0,100.0,1000.0,1000.0,1000.0,190.17212481952674,0,0,100.0,0.0,0.0,0,0
616212,47.5,52.5,21.0,0.0,0.0,0.0,40.0,1.0,1.0,1.0,0.0,0.0,0.0,0.0,0.0,0.0,100.0,100.0,100.0,1000.0,1000.0,1000.0,190.17212481952674,0,0,100.0,0.0,0.0,0,0
616412,47.5,52.5,21.0,0.0,0.0,0.0,40.0,1.0,1.0,1.0,0.0,0.0,0.0,0.0,0.0,0.0,100.0,100.0,100.0,1000.0,1000.0,1000.0,190.17212481952674,0,0,100.0,0.0,0.0,0,0
616612,47.5,52.5,21.0,0.0,0.0,0.0,40.0,1.0,1.0,1.0,0.0,0.0,0.0,0.0,0.0,0.0,100.0,100.0,100.0,1000.0,1000.0,1000.0,190.17212481952674,0,0,100.0,0.0,0.0,0,0
616812,47.5,52.5,21.0,0.0,0.0,0.0,40.0,1.0,1.0,1.0,0.0,0.0,0.0,0.0,0.0,0.0,100.0,100.0,100.0,1000.0,1000.0,1000.0,190.17212481952674,0,0,100.0,0.0,0.0,0,0
617012,47.5,52.5,21.0,0.0,0.0,0.0,40.0,1.0,1.0,1.0,0.0,0.0,0.0,0.0,0.0,0.0,100.0,100.0,100.0,1000.0,1000.0,1000.0,190.17212481952674,0,0,100.0,0.0,0.0,0,0
617212,47.5,52.5,21.0,0.0,0.0,0.0,40.0,1.0,1.0,1.0,0.0,0.0,0.0,0.0,0.0,0.0,100.0,100.0,100.0,1000.0,1000.0,1000.0,190.17212481952674,0,0,100.0,0.0,0.0,0,0
617412,47.5,52.5,21.0,0.0,0.0,0.0,40.0,1.0,1.0,1.0,0.0,0.0,0.0,0.0,0.0,0.0,100.0,100.0,100.0,1000.0,1000.0,1000.0,190.17212481952674,0,0,100.0,0.0,0.0,0,0
617612,47.5,52.5,21.0,0.0,0.0,0.0,40.0,1.0,1.0,1.0,0.0,0.0,0.0,0.0,0.0,0.0,100.0,100.0,100.0,1000.0,1000.0,1000.0,190.17212481952674,0,0,100.0,0.0,0.0,0,0
617812,47.5,52.5,21.0,0.0,0.0,0.0,40.0,1.0,1.0,1.0,0.0,0.0,0.0,0.0,0.0,0.0,100.0,100.0,100.0,1000.0,1000.0,1000.0,190.17212481952674,0,0,100.0,0.0,0.0,0,0
618012,47.5,52.5,21.0,0.0,0.0,0.0,40.0,1.0,1.0,1.0,0.0,0.0,0.0,0.0,0.0,0.0,100.0,100.0,100.0,1000.0,1000.0,1000.0,190.17212481952674,0,0,100.0,0.0,0.0,0,0
618212,47.5,52.5,21.0,0.0,0.0,0.0,40.0,1.0,1.0,1.0,0.0,0.0,0.0,0.0,0.0,0.0,100.0,100.0,100.0,1000.0,1000.0,1000.0,190.17212481952674,0,0,100.0,0.0,0.0,0,0
618412,47.5,52.5,21.0,0.0,0.0,0.0,40.0,1.0,1.0,1.0,0.0,0.0,0.0,0.0,0.0,0.0,100.0,100.0,100.0,1000.0,1000.0,1000.0,190.17212481952674,0,0,100.0,0.0,0.0,0,0
618612,47.5,52.5,21.0,0.0,0.0,0.0,40.0,1.0,1.0,1.0,0.0,0.0,0.0,0.0,0.0,0.0,100.0,100.0,100.0,1000.0,1000.0,1000.0,190.17212481952674,0,0,100.0,0.0,0.0,0,0
618812,47.5,52.5,21.0,0.0,0.0,0.0,40.0,1.0,1.0,1.0,0.0,0.0,0.0,0.0,0.0,0.0,100.0,100.0,100.0,1000.0,1000.0,1000.0,190.17212481952674,0,0,100.0,0.0,0.0,0,0
619012,48.0,52.5,21.0,0.0,0.0,0.0,40.0,1.0,1.0,1.0,0.0,0.0,0.0,0.0,0.0,0.0,100.0,100.0,100.0,1000.0,1000.0,1000.0,190.17212481952674,0,0,100.0,0.0,0.0,0,0
619212,48.0,52.5,21.0,0.0,0.0,0.0,40.0,1.0,1.0,1.0,0.0,0.0,0.0,0.0,0.0,0.0,100.0,100.0,100.0,1000.0,1000.0,1000.0,190.17212481952674,0,0,100.0,0.0,0.0,0,0
619412,48.0,52.5,21.0,0.0,0.0,0.0,40.0,1.0,1.0,1.0,0.0,0.0,0.0,0.0,0.0,0.0,100.0,100.0,100.0,1000.0,1000.0,1000.0,190.17212481952674,0,0,100.0,0.0,0.0,0,0
619612,48.0,52.5,21.0,0.0,0.0,0.0,40.0,1.0,1.0,1.0,0.0,0.0,0.0,0.0,0.0,0.0,100.0,100.0,100.0,1000.0,1000.0,1000.0,190.17212481952674,0,0,100.0,0.0,0.0,0,0
619812,48.0,52.5,21.0,0.0,0.0,0.0,40.0,1.0,1.0,1.0,0.0,0.0,0.0,0.0,0.0,0.0,100.0,100.0,100.0,1000.0,1000.0,1000.0,190.17212481952674,0,0,100.0,0.0,0.0,0,0
620012,48.5,53.0,21.0,0.0,0.0,0.0,40.0,1.0,1.0,1.0,0.0,0.0,0.0,0.0,0.0,0.0,100.0,100.0,100.0,1000.0,1000.0,1000.0,190.17212481952674,0,0,100.0,0.0,0.0,0,0
620212,48.5,53.0,21.0,0.0,0.0,0.0,40.0,1.0,1.0,1.0,0.0,0.0,0.0,0.0,0.0,0.0,100.0,100.0,100.0,1000.0,1000.0,1000.0,190.17212481952674,0,0,100.0,0.0,0.0,0,0
620412,48.5,53.0,21.0,0.0,0.0,0.0,40.0,1.0,1.0,1.0,0.0,0.0,0.0,0.0,0.0,0.0,100.0,100.0,100.0,1000.0,1000.0,1000.0,190.17212481952674,0,0,100.0,0.0,0.0,0,0
620612,48.5,53.0,21.0,0.0,0.0,0.0,40.0,1.0,1.0,1.0,0.0,0.0,0.0,0.0,0.0,0.0,100.0,100.0,100.0,1000.0,1000.0,1000.0,190.17212481952674,0,0,100.0,0.0,0.0,0,0
620812,48.5,53.0,21.0,0.0,0.0,0.0,40.0,1.0,1.0,1.0,0.0,0.0,0.0,0.0,0.0,0.0,100.0,100.0,100.0,1000.0,1000.0,1000.0,190.17212481952674,0,0,100.0,0.0,0.0,0,0
621012,49.0,53.0,21.0,0.0,0.0,0.0,40.0,1.0,1.0,1.0,0.0,0.0,0.0,0.0,0.0,0.0,100.0,100.0,100.0,1000.0,1000.0,1000.0,190.17212481952674,0,0,100.0,0.0,0.0,0,0
621212,49.0,53.0,21.0,0.0,0.0,0.0,40.0,1.0,1.0,1.0,0.0,0.0,0.0,0.0,0.0,0.0,100.0,100.0,100.0,1000.0,1000.0,1000.0,190.17212481952674,0,0,100.0,0.0,0.0,0,0
621412,49.0,53.0,21.0,0.0,0.0,0.0,40.0,1.0,1.0,1.0,0.0,0.0,0.0,0.0,0.0,0.0,100.0,100.0,100.0,1000.0,1000.0,1000.0,190.17212481952674,0,0,100.0,0.0,0.0,0,0
621612,49.0,53.0,21.0,0.0,0.0,0.0,40.0,1.0,1.0,1.0,0.0,0.0,0.0,0.0,0.0,0.0,100.0,100.0,100.0,1000.0,1000.0,1000.0,190.17212481952674,0,0,100.0,0.0,0.0,0,0
621812,49.0,53.0,21.0,0.0,0.0,0.0,40.0,1.0,1.0,1.0,0.0,0.0,0.0,0.0,0.0,0.0,100.0,100.0,100.0,1000.0,1000.0,1000.0,190.17212481952674,0,0,100.0,0.0,0.0,0,0
622012,49.0,53.0,21.0,0.0,0.0,0.0,40.0,1.0,1.0,1.0,0.0,0.0,0.0,0.0,0.0,0.0,100.0,100.0,100.0,1000.0,1000.0,1000.0,190.17212481952674,0,0,100.0,0.0,0.0,0,0
622212,49.0,53.0,21.0,0.0,0.0,0.0,40.0,1.0,1.0,1.0,0.0,0.0,0.0,0.0,0.0,0.0,100.0,100.0,100.0,1000.0,1000.0,1000.0,190.17212481952674,0,0,100.0,0.0,0.0,0,0
622412,49.5,53.0,21.0,0.0,0.0,0.0,40.0,1.0,1.0,1.0,0.0,0.0,0.0,0.0,0.0,0.0,100.0,100.0,100.0,1000.0,1000.0,1000.0,190.17212481952674,0,0,100.0,0.0,0.0,0,0
622612,49.5,53.0,21.0,0.0,0.0,0.0,40.0,1.0,1.0,1.0,0.0,0.0,0.0,0.0,0.0,0.0,100.0,100.0,100.0,1000.0,1000.0,1000.0,190.17212481952674,0,0,100.0,0.0,0.0,0,0
622812,49.5,53.0,21.0,0.0,0.0,0.0,40.0,1.0,1.0,1.0,0.0,0.0,0.0,0.0,0.0,0.0,100.0,100.0,100.0,1000.0,1000.0,1000.0,190.17212481952674,0,0,100.0,0.0,0.0,0,0
623012,49.5,53.0,21.0,0.0,0.0,0.0,40.0,1.0,1.0,1.0,0.0,0.0,0.0,0.0,0.0,0.0,100.0,100.0,100.0,1000.0,1000.0,1000.0,190.17212481952674,0,0,100.0,0.0,0.0,0,0
623212,49.5,53.0,21.0,0.0,0.0,0.0,40.0,1.0,1.0,1.0,0.0,0.0,0.0,0.0,0.0,0.0,100.0,100.0,100.0,1000.0,1000.0,1000.0,190.17212481952674,0,0,100.0,0.0,0.0,0,0
623412,50.0,53.0,21.0,0.0,0.0,0.0,40.0,1.0,1.0,1.0,0.0,0.0,0.0,0.0,0.0,0.0,100.0,100.0,100.0,1000.0,1000.0,1000.0,190.17212481952674,0,0,100.0,0.0,0.0,0,0
623612,50.0,53.0,21.0,0.0,0.0,0.0,40.0,1.0,1.0,1.0,0.0,0.0,0.0,0.0,0.0,0.0,100.0,100.0,100.0,1000.0,1000.0,1000.0,190.17212481952674,0,0,100.0,0.0,0.0,0,0
623812,50.0,53.0,21.0,0.0,0.0,0.0,40.0,1.0,1.0,1.0,0.0,0.0,0.0,0.0,0.0,0.0,100.0,100.0,100.0,1000.0,1000.0,1000.0,190.17212481952674,0,0,100.0,0.0,0.0,0,0
624012,50.0,53.0,21.0,0.0,0.0,0.0,40.0,1.0,1.0,1.0,0.0,0.0,0.0,0.0,0.0,0.0,100.0,100.0,100.0,1000.0,1000.0,1000.0,190.17212481952674,0,0,100.0,0.0,0.0,0,0
624212,50.0,53.0,21.0,0.0,0.0,0.0,40.0,1.0,1.0,1.0,0.0,0.0,0.0,0.0,0.0,0.0,100.0,100.0,100.0,1000.0,1000.0,1000.0,190.17212481952674,0,0,100.0,0.0,0.0,0,0
624412,50.5,53.0,21.0,0.0,0.0,0.0,40.0,1.0,1.0,1.0,0.0,0.0,0.0,0.0,0.0,0.0,100.0,100.0,100.0,1000.0,1000.0,1000.0,190.17212481952674,0,0,100.0,0.0,0.0,0,0
624612,50.5,53.5,21.0,0.0,0.0,0.0,40.0,1.0,1.0,1.0,0.0,0.0,0.0,0.0,0.0,0.0,100.0,100.0,100.0,1000.0,1000.0,1000.0,190.17212481952674,0,0,100.0,0.0,0.0,0,0
624812,50.5,53.5,21.0,0.0,0.0,0.0,40.0,1.0,1.0,1.0,0.0,0.0,0.0,0.0,0.0,0.0,100.0,100.0,100.0,1000.0,1000.0,1000.0,190.17212481952674,0,0,100.0,0.0,0.0,0,0
625012,50.5,53.5,21.0,0.0,0.0,0.0,40.0,1.0,1.0,1.0,0.0,0.0,0.0,0.0,0.0,0.0,100.0,100.0,100.0,1000.0,1000.0,1000.0,190.17212481952674,0,0,100.0,0.0,0.0,0,0
625212,50.5,53.5,21.0,0.0,0.0,0.0,40.0,1.0,1.0,1.0,0.0,0.0,0.0,0.0,0.0,0.0,100.0,100.0,100.0,1000.0,1000.0,1000.0,190.17212481952674,0,0,100.0,0.0,0.0,0,0
625412,50.5,53.5,21.0,0.0,0.0,0.0,40.0,1.0,1.0,1.0,0.0,0.0,0.0,0.0,0.0,0.0,100.0,100.0,100.0,1000.0,1000.0,1000.0,190.17212481952674,0,0,100.0,0.0,0.0,0,0
625612,50.5,53.5,21.0,0.0,0.0,0.0,40.0,1.0,1.0,1.0,0.0,0.0,0.0,0.0,0.0,0.0,100.0,100.0,100.0,1000.0,1000.0,1000.0,190.17212481952674,0,0,100.0,0.0,0.0,0,0
625812,50.5,53.5,21.0,0.0,0.0,0.0,40.0,1.0,1.0,1.0,0.0,0.0,0.0,0.0,0.0,0.0,100.0,100.0,100.0,1000.0,1000.0,1000.0,190.17212481952674,0,0,100.0,0.0,0.0,0,0
626012,51.0,53.5,21.0,0.0,0.0,0.0,40.0,1.0,1.0,1.0,0.0,0.0,0.0,0.0,0.0,0.0,100.0,100.0,100.0,1000.0,1000.0,1000.0,190.17212481952674,0,0,100.0,0.0,0.0,0,0
626212,51.0,53.5,21.0,0.0,0.0,0.0,40.0,1.0,1.0,1.0,0.0,0.0,0.0,0.0,0.0,0.0,100.0,100.0,100.0,1000.0,1000.0,1000.0,190.17212481952674,0,0,100.0,0.0,0.0,0,0
626412,51.0,53.5,21.0,0.0,0.0,0.0,40.0,1.0,1.0,1.0,0.0,0.0,0.0,0.0,0.0,0.0,100.0,100.0,100.0,1000.0,1000.0,1000.0,190.17212481952674,0,0,100.0,0.0,0.0,0,0
626612,51.0,53.5,21.0,0.0,0.0,0.0,40.0,1.0,1.0,1.0,0.0,0.0,0.0,0.0,0.0,0.0,100.0,100.0,100.0,1000.0,1000.0,1000.0,190.17212481952674,0,0,100.0,0.0,0.0,0,0
626812,51.0,53.5,21.0,0.0,0.0,0.0,40.0,1.0,1.0,1.0,0.0,0.0,0.0,0.0,0.0,0.0,100.0,100.0,100.0,1000.0,1000.0,1000.0,190.17212481952674,0,0,100.0,0.0,0.0,0,0
627012,51.5,53.5,21.0,0.0,0.0,0.0,40.0,1.0,1.0,1.0,0.0,0.0,0.0,0.0,0.0,0.0,100.0,100.0,100.0,1000.0,1000.0,1000.0,190.17212481952674,0,0,100.0,0.0,0.0,0,0
627212,51.5,53.5,21.0,0.0,0.0,0.0,40.0,1.0,1.0,1.0,0.0,0.0,0.0,0.0,0.0,0.0,100.0,100.0,100.0,1000.0,1000.0,1000.0,190.17212481952674,0,0,100.0,0.0,0.0,0,0
627412,51.5,53.5,21.0,0.0,0.0,0.0,40.0,1.0,1.0,1.0,0.0,0.0,0.0,0.0,0.0,0.0,100.0,100.0,100.0,1000.0,1000.0,1000.0,190.17212481952674,0,0,100.0,0.0,0.0,0,0
627612,51.5,54.0,21.0,0.0,0.0,0.0,40.0,1.0,1.0,1.0,0.0,0.0,0.0,0.0,0.0,0.0,100.0,100.0,100.0,1000.0,1000.0,1000.0,190.17212481952674,0,0,100.0,0.0,0.0,0,0
627812,51.5,54.0,21.0,0.0,0.0,0.0,40.0,1.0,1.0,1.0,0.0,0.0,0.0,0.0,0.0,0.0,100.0,100.0,100.0,1000.0,1000.0,1000.0,190.17212481952674,0,0,100.0,0.0,0.0,0,0
628012,51.5,54.0,21.0,0.0,0.0,0.0,40.0,1.0,1.0,1.0,0.0,0.0,0.0,0.0,0.0,0.0,100.0,100.0,100.0,1000.0,1000.0,1000.0,190.17212481952674,0,0,100.0,0.0,0.0,0,0
628212,51.5,54.0,21.0,0.0,0.0,0.0,40.0,1.0,1.0,1.0,0.0,0.0,0.0,0.0,0.0,0.0,100.0,100.0,100.0,1000.0,1000.0,1000.0,190.17212481952674,0,0,100.0,0.0,0.0,0,0
628412,51.5,54.0,21.0,0.0,0.0,0.0,40.0,1.0,1.0,1.0,0.0,0.0,0.0,0.0,0.0,0.0,100.0,100.0,100.0,1000.0,1000.0,1000.0,190.17212481952674,0,0,100.0,0.0,0.0,0,0
628612,52.0,54.0,21.0,0.0,0.0,0.0,40.0,1.0,1.0,1.0,0.0,0.0,0.0,0.0,0.0,0.0,100.0,100.0,100.0,1000.0,1000.0,1000.0,190.17212481952674,0,0,100.0,0.0,0.0,0,0
628812,52.0,54.0,21.0,0.0,0.0,0.0,40.0,1.0,1.0,1.0,0.0,0.0,0.0,0.0,0.0,0.0,100.0,100.0,100.0,1000.0,1000.0,1000.0,190.17212481952674,0,0,100.0,0.0,0.0,0,0
629012,52.0,54.0,21.0,0.0,0.0,0.0,40.0,1.0,1.0,1.0,0.0,0.0,0.0,0.0,0.0,0.0,100.0,100.0,100.0,1000.0,1000.0,1000.0,190.17212481952674,0,0,100.0,0.0,0.0,0,0
629212,52.0,54.0,21.0,0.0,0.0,0.0,40.0,1.0,1.0,1.0,0.0,0.0,0.0,0.0,0.0,0.0,100.0,100.0,100.0,1000.0,1000.0,1000.0,190.17212481952674,0,0,100.0,0.0,0.0,0,0
629412,52.0,54.0,21.0,0.0,0.0,0.0,40.0,1.0,1.0,1.0,0.0,0.0,0.0,0.0,0.0,0.0,100.0,100.0,100.0,1000.0,1000.0,1000.0,190.17212481952674,0,0,100.0,0.0,0.0,0,0
629612,52.5,54.0,21.0,0.0,0.0,0.0,40.0,1.0,1.0,1.0,0.0,0.0,0.0,0.0,0.0,0.0,100.0,100.0,100.0,1000.0,1000.0,1000.0,190.17212481952674,0,0,100.0,0.0,0.0,0,0
629812,52.5,54.0,21.0,0.0,0.0,0.0,40.0,1.0,1.0,1.0,0.0,0.0,0.0,0.0,0.0,0.0,100.0,100.0,100.0,1000.0,1000.0,1000.0,190.17212481952674,0,0,100.0,0.0,0.0,0,0
630012,52.5,54.0,21.0,0.0,0.0,0.0,40.0,1.0,1.0,1.0,0.0,0.0,0.0,0.0,0.0,0.0,100.0,100.0,100.0,1000.0,1000.0,1000.0,190.17212481952674,0,0,100.0,0.0,0.0,0,0
630212,52.5,54.0,21.0,0.0,0.0,0.0,40.0,1.0,1.0,1.0,0.0,0.0,0.0,0.0,0.0,0.0,100.0,100.0,100.0,1000.0,1000.0,1000.0,145.74355731309834,0,0,100.0,0.0,0.0,1,0
630412,52.5,54.0,21.0,0.0,0.0,0.0,40.0,1.0,1.0,1.0,0.0,0.0,0.0,0.0,0.0,0.0,100.0,100.0,100.0,1000.0,1000.0,1000.0,145.74355731309834,0,0,100.0,0.0,0.0,0,0
630612,52.5,54.5,21.0,0.0,0.0,0.0,40.0,1.0,1.0,1.0,0.0,0.0,0.0,0.0,0.0,0.0,100.0,100.0,100.0,1000.0,1000.0,1000.0,145.74355731309834,0,0,100.0,0.0,0.0,0,0
630812,52.5,54.5,21.0,0.0,0.0,0.0,40.0,1.0,1.0,1.0,0.0,0.0,0.0,0.0,0.0,0.0,100.0,100.0,100.0,1000.0,1000.0,1000.0,145.74355731309834,0,0,100.0,0.0,0.0,0,0
631012,53.0,54.5,21.0,0.0,0.0,0.0,40.0,1.0,1.0,1.0,0.0,0.0,0.0,0.0,0.0,0.0,100.0,100.0,100.0,1000.0,1000.0,1000.0,145.74355731309834,0,0,100.0,0.0,0.0,0,0
631212,53.0,54.5,21.0,0.0,0.0,0.0,40.0,1.0,1.0,1.0,0.0,0.0,0.0,0.0,0.0,0.0,100.0,100.0,100.0,1000.0,1000.0,1000.0,145.74355731309834,0,0,100.0,0.0,0.0,0,0
631412,53.0,54.5,21.0,0.0,0.0,0.0,40.0,1.0,1.0,1.0,0.0,0.0,0.0,0.0,0.0,0.0,100.0,100.0,100.0,1000.0,1000.0,1000.0,145.74355731309834,0,0,100.0,0.0,0.0,0,0
631612,53.0,54.5,21.0,0.0,0.0,0.0,40.0,1.0,1.0,1.0,0.0,0.0,0.0,0.0,0.0,0.0,100.0,100.0,100.0,1000.0,1000.0,1000.0,145.74355731309834,0,0,100.0,0.0,0.0,0,0
631812,53.0,54.5,21.0,0.0,0.0,0.0,40.0,1.0,1.0,1.0,0.0,0.0,0.0,0.0,0.0,0.0,100.0,100.0,100.0,1000.0,1000.0,1000.0,145.74355731309834,0,0,100.0,0.0,0.0,0,0
632012,53.0,54.5,21.0,0.0,0.0,0.0,40.0,1.0,1.0,1.0,0.0,0.0,0.0,0.0,0.0,0.0,100.0,100.0,100.0,1000.0,1000.0,1000.0,145.74355731309834,0,0,100.0,0.0,0.0,0,0
632212,53.0,54.5,21.0,0.0,0.0,0.0,40.0,1.0,1.0,1.0,0.0,0.0,0.0,0.0,0.0,0.0,100.0,100.0,100.0,1000.0,1000.0,1000.0,145.74355731309834,0,0,100.0,0.0,0.0,0,0
632412,53.0,54.5,21.0,0.0,0.0,0.0,40.0,1.0,1.0,1.0,0.0,0.0,0.0,0.0,0.0,0.0,100.0,100.0,100.0,1000.0,1000.0,1000.0,145.74355731309834,0,0,100.0,0.0,0.0,0,0
632612,53.5,54.5,21.0,0.0,0.0,0.0,40.0,1.0,1.0,1.0,0.0,0.0,0.0,0.0,0.0,0.0,100.0,100.0,100.0,1000.0,1000.0,1000.0,145.74355731309834,0,0,100.0,0.0,0.0,0,0
632812,53.5,54.5,21.0,0.0,0.0,0.0,40.0,1.0,1.0,1.0,0.0,0.0,0.0,0.0,0.0,0.0,100.0,100.0,100.0,1000.0,1000.0,1000.0,145.74355731309834,0,0,100.0,0.0,0.0,0,0
633012,53.5,54.5,21.0,0.0,0.0,0.0,40.0,1.0,1.0,1.0,0.0,0.0,0.0,0.0,0.0,0.0,100.0,100.0,100.0,1000.0,1000.0,1000.0,145.74355731309834,0,0,100.0,0.0,0.0,0,0
633212,53.5,55.0,21.0,0.0,0.0,0.0,40.0,1.0,1.0,1.0,0.0,0.0,0.0,0.0,0.0,0.0,100.0,100.0,100.0,1000.0,1000.0,1000.0,145.74355731309834,0,0,100.0,0.0,0.0,0,0
633412,53.5,55.0,21.0,0.0,0.0,0.0,40.0,1.0,1.0,1.0,0.0,0.0,0.0,0.0,0.0,0.0,100.0,100.0,100.0,1000.0,1000.0,1000.0,145.74355731309834,0,0,100.0,0.0,0.0,0,0
633612,54.0,55.0,21.0,0.0,0.0,0.0,40.0,1.0,1.0,1.0,0.0,0.0,0.0,0.0,0.0,0.0,100.0,100.0,100.0,1000.0,1000.0,1000.0,145.74355731309834,0,0,100.0,0.0,0.0,0,0
633812,54.0,55.0,21.0,0.0,0.0,0.0,40.0,1.0,1.0,1.0,0.0,0.0,0.0,0.0,0.0,0.0,100.0,100.0,100.0,1000.0,1000.0,1000.0,145.74355731309834,0,0,100.0,0.0,0.0,0,0
634012,54.0,55.0,21.0,0.0,0.0,0.0,40.0,1.0,1.0,1.0,0.0,0.0,0.0,0.0,0.0,0.0,100.0,100.0,100.0,1000.0,1000.0,1000.0,145.74355731309834,0,0,100.0,0.0,0.0,0,0
634212,54.0,55.0,21.0,0.0,0.0,0.0,40.0,1.0,1.0,1.0,0.0,0.0,0.0,0.0,0.0,0.0,100.0,100.0,100.0,1000.0,1000.0,1000.0,145.74355731309834,0,0,100.0,0.0,0.0,0,0
634412,54.0,55.0,21.0,0.0,0.0,0.0,40.0,1.0,1.0,1.0,0.0,0.0,0.0,0.0,0.0,0.0,100.0,100.0,100.0,1000.0,1000.0,1000.0,145.74355731309834,0,0,100.0,0.0,0.0,0,0
634612,54.0,55.0,21.0,0.0,0.0,0.0,40.0,1.0,1.0,1.0,0.0,0.0,0.0,0.0,0.0,0.0,100.0,100.0,100.0,1000.0,1000.0,1000.0,145.74355731309834,0,0,100.0,0.0,0.0,0,0
634812,54.0,55.0,21.0,0.0,0.0,0.0,40.0,1.0,1.0,1.0,0.0,0.0,0.0,0.0,0.0,0.0,100.0,100.0,100.0,1000.0,1000.0,1000.0,145.74355731309834,0,0,100.0,0.0,0.0,0,0
635012,54.5,55.0,21.0,0.0,0.0,0.0,40.0,1.0,1.0,1.0,0.0,0.0,0.0,0.0,0.0,0.0,100.0,100.0,100.0,1000.0,1000.0,1000.0,145.74355731309834,0,0,100.0,0.0,0.0,0,0
635212,54.5,55.0,21.0,0.0,0.0,0.0,40.0,1.0,1.0,1.0,0.0,0.0,0.0,0.0,0.0,0.0,100.0,100.0,100.0,1000.0,1000.0,1000.0,145.74355731309834,0,0,100.0,0.0,0.0,0,0
635412,54.5,55.0,21.0,0.0,0.0,0.0,40.0,1.0,1.0,1.0,0.0,0.0,0.0,0.0,0.0,0.0,100.0,100.0,100.0,1000.0,1000.0,1000.0,145.74355731309834,0,0,100.0,0.0,0.0,0,0
635612,54.5,55.5,21.0,0.0,0.0,0.0,40.0,1.0,1.0,1.0,0.0,0.0,0.0,0.0,0.0,0.0,100.0,100.0,100.0,1000.0,1000.0,1000.0,145.74355731309834,0,0,100.0,0.0,0.0,0,0
635812,54.5,55.5,21.0,0.0,0.0,0.0,40.0,1.0,1.0,1.0,0.0,0.0,0.0,0.0,0.0,0.0,100.0,100.0,100.0,1000.0,1000.0,1000.0,145.74355731309834,0,0,100.0,0.0,0.0,0,0
636012,54.5,55.5,21.0,0.0,0.0,0.0,40.0,1.0,1.0,1.0,0.0,0.0,0.0,0.0,0.0,0.0,100.0,100.0,100.0,1000.0,1000.0,1000.0,145.74355731309834,0,0,100.0,0.0,0.0,0,0
636212,54.5,55.5,21.0,0.0,0.0,0.0,40.0,1.0,1.0,1.0,0.0,0.0,0.0,0.0,0.0,0.0,100.0,100.0,100.0,1000.0,1000.0,1000.0,145.74355731309834,0,0,100.0,0.0,0.0,0,0
636412,54.5,55.5,21.0,0.0,0.0,0.0,40.0,1.0,1.0,1.0,0.0,0.0,0.0,0.0,0.0,0.0,100.0,100.0,100.0,1000.0,1000.0,1000.0,145.74355731309834,0,0,100.0,0.0,0.0,0,0
636612,55.0,55.5,21.0,0.0,0.0,0.0,40.0,1.0,1.0,1.0,0.0,0.0,0.0,0.0,0.0,0.0,100.0,100.0,100.0,1000.0,1000.0,1000.0,145.74355731309834,0,0,100.0,0.0,0.0,0,0
636812,55.0,55.5,21.0,0.0,0.0,0.0,40.0,1.0,1.0,1.0,0.0,0.0,0.0,0.0,0.0,0.0,100.0,100.0,100.0,1000.0,1000.0,1000.0,145.74355731309834,0,0,100.0,0.0,0.0,0,0
637012,55.0,55.5,21.0,0.0,0.0,0.0,40.0,1.0,1.0,1.0,0.0,0.0,0.0,0.0,0.0,0.0,100.0,100.0,100.0,1000.0,1000.0,1000.0,145.74355731309834,0,0,100.0,0.0,0.0,0,0
637212,55.0,55.5,21.0,0.0,0.0,0.0,40.0,1.0,1.0,1.0,0.0,0.0,0.0,0.0,0.0,0.0,100.0,100.0,100.0,1000.0,1000.0,1000.0,145.74355731309834,0,0,100.0,0.0,0.0,0,0
637412,55.0,55.5,21.0,0.0,0.0,0.0,40.0,1.0,1.0,1.0,0.0,0.0,0.0,0.0,0.0,0.0,100.0,100.0,100.0,1000.0,1000.0,1000.0,145.74355731309834,0,0,100.0,0.0,0.0,0,0
637612,55.0,56.0,21.0,0.0,0.0,0.0,40.0,1.0,1.0,1.0,0.0,0.0,0.0,0.0,0.0,0.0,100.0,100.0,100.0,1000.0,1000.0,1000.0,145.74355731309834,0,0,100.0,0.0,0.0,0,0
637812,55.0,56.0,21.0,0.0,0.0,0.0,40.0,1.0,1.0,1.0,0.0,0.0,0.0,0.0,0.0,0.0,100.0,100.0,100.0,1000.0,1000.0,1000.0,145.74355731309834,0,0,100.0,0.0,0.0,0,0
638012,55.5,56.0,21.0,0.0,0.0,0.0,40.0,1.0,1.0,1.0,0.0,0.0,0.0,0.0,0.0,0.0,100.0,100.0,100.0,1000.0,1000.0,1000.0,145.74355731309834,0,0,100.0,0.0,0.0,0,0
638212,55.5,56.0,21.0,0.0,0.0,0.0,40.0,1.0,1.0,1.0,0.0,0.0,0.0,0.0,0.0,0.0,100.0,100.0,100.0,1000.0,1000.0,1000.0,145.74355731309834,0,0,100.0,0.0,0.0,0,0
638412,55.5,56.0,21.0,0.0,0.0,0.0,40.0,1.0,1.0,1.0,0.0,0.0,0.0,0.0,0.0,0.0,100.0,100.0,100.0,1000.0,1000.0,1000.0,145.74355731309834,0,0,100.0,0.0,0.0,0,0
638612,55.5,56.0,21.0,0.0,0.0,0.0,40.0,1.0,1.0,1.0,0.0,0.0,0.0,0.0,0.0,0.0,100.0,100.0,100.0,1000.0,1000.0,1000.0,145.74355731309834,0,0,100.0,0.0,0.0,0,0
638812,55.5,56.0,21.0,0.0,0.0,0.0,40.0,1.0,1.0,1.0,0.0,0.0,0.0,0.0,0.0,0.0,100.0,100.0,100.0,1000.0,1000.0,1000.0,145.74355731309834,0,0,100.0,0.0,0.0,0,0
639012,55.5,56.0,21.0,0.0,0.0,0.0,40.0,1.0,1.0,1.0,0.0,0.0,0.0,0.0,0.0,0.0,100.0,100.0,100.0,1000.0,1000.0,1000.0,145.74355731309834,0,0,100.0,0.0,0.0,0,0
639212,55.5,56.0,21.0,0.0,0.0,0.0,40.0,1.0,1.0,1.0,0.0,0.0,0.0,0.0,0.0,0.0,100.0,100.0,100.0,1000.0,1000.0,1000.0,145.74355731309834,0,0,100.0,0.0,0.0,0,0
639412,55.5,56.0,21.0,0.0,0.0,0.0,40.0,1.0,1.0,1.0,0.0,0.0,0.0,0.0,0.0,0.0,100.0,100.0,100.0,1000.0,1000.0,1000.0,145.74355731309834,0,0,100.0,0.0,0.0,0,0
639612,55.5,56.0,21.0,0.0,0.0,0.0,40.0,1.0,1.0,1.0,0.0,0.0,0.0,0.0,0.0,0.0,100.0,100.0,100.0,1000.0,1000.0,1000.0,145.74355731309834,0,0,100.0,0.0,0.0,0,0
639812,55.5,56.0,21.0,0.0,0.0,0.0,40.0,1.0,1.0,1.0,0.0,0.0,0.0,0.0,0.0,0.0,100.0,100.0,100.0,1000.0,1000.0,1000.0,145.74355731309834,0,0,100.0,0.0,0.0,0,0
640012,56.0,56.0,21.0,0.0,0.0,0.0,40.0,1.0,1.0,1.0,0.0,0.0,0.0,0.0,0.0,0.0,100.0,100.0,100.0,1000.0,1000.0,1000.0,145.74355731309834,0,0,100.0,0.0,0.0,0,0
640212,56.0,56.5,21.0,0.0,0.0,0.0,40.0,1.0,1.0,1.0,0.0,0.0,0.0,0.0,0.0,0.0,100.0,100.0,100.0,1000.0,1000.0,1000.0,145.74355731309834,0,0,100.0,0.0,0.0,0,0
640412,56.0,56.5,21.0,0.0,0.0,0.0,40.0,1.0,1.0,1.0,0.0,0.0,0.0,0.0,0.0,0.0,100.0,100.0,100.0,1000.0,1000.0,1000.0,145.74355731309834,0,0,100.0,0.0,0.0,0,0
640612,56.0,56.5,21.0,0.0,0.0,0.0,40.0,1.0,1.0,1.0,0.0,0.0,0.0,0.0,0.0,0.0,100.0,100.0,100.0,1000.0,1000.0,1000.0,145.74355731309834,0,0,100.0,0.0,0.0,0,0
640812,56.0,56.5,21.0,0.0,0.0,0.0,40.0,1.0,1.0,1.0,0.0,0.0,0.0,0.0,0.0,0.0,100.0,100.0,100.0,1000.0,1000.0,1000.0,145.74355731309834,0,0,100.0,0.0,0.0,0,0
641012,56.0,56.5,21.0,0.0,0.0,0.0,40.0,1.0,1.0,1.0,0.0,0.0,0.0,0.0,0.0,0.0,100.0,100.0,100.0,1000.0,1000.0,1000.0,145.74355731309834,0,0,100.0,0.0,0.0,0,0
641212,56.0,56.5,21.0,0.0,0.0,0.0,40.0,1.0,1.0,1.0,0.0,0.0,0.0,0.0,0.0,0.0,100.0,100.0,100.0,1000.0,1000.0,1000.0,145.74355731309834,0,0,100.0,0.0,0.0,0,0
641412,56.0,56.5,21.0,0.0,0.0,0.0,40.0,1.0,1.0,1.0,0.0,0.0,0.0,0.0,0.0,0.0,100.0,100.0,100.0,1000.0,1000.0,1000.0,145.74355731309834,0,0,100.0,0.0,0.0,0,0
641612,56.5,56.5,21.0,0.0,0.0,0.0,40.0,1.0,1.0,1.0,0.0,0.0,0.0,0.0,0.0,0.0,100.0,100.0,100.0,1000.0,1000.0,1000.0,145.74355731309834,0,0,100.0,0.0,0.0,0,0
641812,56.5,56.5,21.0,0.0,0.0,0.0,40.0,1.0,1.0,1.0,0.0,0.0,0.0,0.0,0.0,0.0,100.0,100.0,100.0,1000.0,1000.0,1000.0,145.74355731309834,0,0,100.0,0.0,0.0,0,0
642012,56.5,56.5,21.0,0.0,0.0,0.0,40.0,1.0,1.0,1.0,0.0,0.0,0.0,0.0,0.0,0.0,100.0,100.0,100.0,1000.0,1000.0,1000.0,145.74355731309834,0,0,100.0,0.0,0.0,0,0
642212,56.5,57.0,21.0,0.0,0.0,0.0,40.0,1.0,1.0,1.0,0.0,0.0,0.0,0.0,0.0,0.0,100.0,100.0,100.0,1000.0,1000.0,1000.0,145.74355731309834,0,0,100.0,0.0,0.0,0,0
642412,56.5,57.0,21.0,0.0,0.0,0.0,40.0,1.0,1.0,1.0,0.0,0.0,0.0,0.0,0.0,0.0,100.0,100.0,100.0,1000.0,1000.0,1000.0,145.74355731309834,0,0,100.0,0.0,0.0,0,0
642612,56.5,57.0,21.0,0.0,0.0,0.0,40.0,1.0,1.0,1.0,0.0,0.0,0.0,0.0,0.0,0.0,100.0,100.0,100.0,1000.0,1000.0,1000.0,145.74355731309834,0,0,100.0,0.0,0.0,0,0
642812,56.5,57.0,21.0,0.0,0.0,0.0,40.0,1.0,1.0,1.0,0.0,0.0,0.0,0.0,0.0,0.0,100.0,100.0,100.0,1000.0,1000.0,1000.0,145.74355731309834,0,0,100.0,0.0,0.0,0,0
643012,57.0,57.0,21.0,0.0,0.0,0.0,40.0,1.0,1.0,1.0,0.0,0.0,0.0,0.0,0.0,0.0,100.0,100.0,100.0,1000.0,1000.0,1000.0,145.74355731309834,0,0,100.0,0.0,0.0,0,0
643212,57.0,57.0,21.0,0.0,0.0,0.0,40.0,1.0,1.0,1.0,0.0,0.0,0.0,0.0,0.0,0.0,100.0,100.0,100.0,1000.0,1000.0,1000.0,145.74355731309834,0,0,100.0,0.0,0.0,0,0
643412,57.0,57.0,21.0,0.0,0.0,0.0,40.0,1.0,1.0,1.0,0.0,0.0,0.0,0.0,0.0,0.0,100.0,100.0,100.0,1000.0,1000.0,1000.0,145.74355731309834,0,0,100.0,0.0,0.0,0,0
643612,57.0,57.0,21.0,0.0,0.0,0.0,40.0,1.0,1.0,1.0,0.0,0.0,0.0,0.0,0.0,0.0,100.0,100.0,100.0,1000.0,1000.0,1000.0,145.74355731309834,0,0,100.0,0.0,0.0,0,0
643812,57.0,57.0,21.0,0.0,0.0,0.0,40.0,1.0,1.0,1.0,0.0,0.0,0.0,0.0,0.0,0.0,100.0,100.0,100.0,1000.0,1000.0,1000.0,145.74355731309834,0,0,100.0,0.0,0.0,0,0
644012,57.0,57.0,21.0,0.0,0.0,0.0,40.0,1.0,1.0,1.0,0.0,0.0,0.0,0.0,0.0,0.0,100.0,100.0,100.0,1000.0,1000.0,1000.0,145.74355731309834,0,0,100.0,0.0,0.0,0,0
644212,57.0,57.5,21.0,0.0,0.0,0.0,40.0,1.0,1.0,1.0,0.0,0.0,0.0,0.0,0.0,0.0,100.0,100.0,100.0,1000.0,1000.0,1000.0,145.74355731309834,0,0,100.0,0.0,0.0,0,0
644412,57.0,57.5,21.0,0.0,0.0,0.0,40.0,1.0,1.0,1.0,0.0,0.0,0.0,0.0,0.0,0.0,100.0,100.0,100.0,1000.0,1000.0,1000.0,145.74355731309834,0,0,100.0,0.0,0.0,0,0
644612,57.0,57.5,21.0,0.0,0.0,0.0,40.0,1.0,1.0,1.0,0.0,0.0,0.0,0.0,0.0,0.0,100.0,100.0,100.0,1000.0,1000.0,1000.0,145.74355731309834,0,0,100.0,0.0,0.0,0,0
644812,57.0,57.5,21.0,0.0,0.0,0.0,40.0,1.0,1.0,1.0,0.0,0.0,0.0,0.0,0.0,0.0,100.0,100.0,100.0,1000.0,1000.0,1000.0,145.74355731309834,0,0,100.0,0.0,0.0,0,0
645012,57.5,57.5,21.0,0.0,0.0,0.0,40.0,1.0,1.0,1.0,0.0,0.0,0.0,0.0,0.0,0.0,100.0,100.0,100.0,1000.0,1000.0,1000.0,145.74355731309834,0,0,100.0,0.0,0.0,0,0
645212,57.5,57.5,21.0,0.0,0.0,0.0,40.0,1.0,1.0,1.0,0.0,0.0,0.0,0.0,0.0,0.0,100.0,100.0,100.0,1000.0,1000.0,1000.0,100.13563147762235,0,0,100.0,0.0,0.0,1,0
645412,57.5,57.5,21.0,0.0,0.0,0.0,40.0,1.0,1.0,1.0,0.0,0.0,0.0,0.0,0.0,0.0,100.0,100.0,100.0,1000.0,1000.0,1000.0,100.13563147762235,0,0,100.0,0.0,0.0,0,0
645612,57.5,57.5,21.0,0.0,0.0,0.0,40.0,1.0,1.0,1.0,0.0,0.0,0.0,0.0,0.0,0.0,100.0,100.0,100.0,1000.0,1000.0,1000.0,100.13563147762235,0,0,100.0,0.0,0.0,0,0
645812,57.5,57.5,21.0,0.0,0.0,0.0,40.0,1.0,1.0,1.0,0.0,0.0,0.0,0.0,0.0,0.0,100.0,100.0,100.0,1000.0,1000.0,1000.0,100.13563147762235,0,0,100.0,0.0,0.0,0,0
646012,57.5,57.5,21.0,0.0,0.0,0.0,40.0,1.0,1.0,1.0,0.0,0.0,0.0,0.0,0.0,0.0,100.0,100.0,100.0,1000.0,1000.0,1000.0,100.13563147762235,0,0,100.0,0.0,0.0,0,0
646212,57.5,57.5,21.0,0.0,0.0,0.0,40.0,1.0,1.0,1.0,0.0,0.0,0.0,0.0,0.0,0.0,100.0,100.0,100.0,1000.0,1000.0,1000.0,100.13563147762235,0,0,100.0,0.0,0.0,0,0
646412,57.5,57.5,21.0,0.0,0.0,0.0,40.0,1.0,1.0,1.0,0.0,0.0,0.0,0.0,0.0,0.0,100.0,100.0,100.0,1000.0,1000.0,1000.0,100.13563147762235,0,0,100.0,0.0,0.0,0,0
646612,57.5,58.0,21.0,0.0,0.0,0.0,40.0,1.0,1.0,1.0,0.0,0.0,0.0,0.0,0.0,0.0,100.0,100.0,100.0,1000.0,1000.0,1000.0,100.13563147762235,0,0,100.0,0.0,0.0,0,0
646812,57.5,58.0,21.0,0.0,0.0,0.0,40.0,1.0,1.0,1.0,0.0,0.0,0.0,0.0,0.0,0.0,100.0,100.0,100.0,1000.0,1000.0,1000.0,100.13563147762235,0,0,100.0,0.0,0.0,0,0
647012,58.0,58.0,21.0,0.0,0.0,0.0,40.0,1.0,1.0,1.0,0.0,0.0,0.0,0.0,0.0,0.0,100.0,100.0,100.0,1000.0,1000.0,1000.0,100.13563147762235,0,0,100.0,0.0,0.0,0,0
647212,58.0,58.0,21.0,0.0,0.0,0.0,40.0,1.0,1.0,1.0,0.0,0.0,0.0,0.0,0.0,0.0,100.0,100.0,100.0,1000.0,1000.0,1000.0,100.13563147762235,0,0,100.0,0.0,0.0,0,0
647412,58.0,58.0,21.0,0.0,0.0,0.0,40.0,1.0,1.0,1.0,0.0,0.0,0.0,0.0,0.0,0.0,100.0,100.0,100.0,1000.0,1000.0,1000.0,100.13563147762235,0,0,100.0,0.0,0.0,0,0
647612,58.0,58.0,21.0,0.0,0.0,0.0,40.0,1.0,1.0,1.0,0.0,0.0,0.0,0.0,0.0,0.0,100.0,100.0,100.0,1000.0,1000.0,1000.0,100.13563147762235,0,0,100.0,0.0,0.0,0,0
647812,58.0,58.0,21.0,0.0,0.0,0.0,40.0,1.0,1.0,1.0,0.0,0.0,0.0,0.0,0.0,0.0,100.0,100.0,100.0,1000.0,1000.0,1000.0,100.13563147762235,0,0,100.0,0.0,0.0,0,0
648012,58.0,58.0,21.0,0.0,0.0,0.0,40.0,1.0,1.0,1.0,0.0,0.0,0.0,0.0,0.0,0.0,100.0,100.0,100.0,1000.0,1000.0,1000.0,100.13563147762235,0,0,100.0,0.0,0.0,0,0
648212,58.0,58.0,21.0,0.0,0.0,0.0,40.0,1.0,1.0,1.0,0.0,0.0,0.0,0.0,0.0,0.0,100.0,100.0,100.0,1000.0,1000.0,1000.0,100.13563147762235,0,0,100.0,0.0,0.0,0,0
648412,58.0,58.0,21.0,0.0,0.0,0.0,40.0,1.0,1.0,1.0,0.0,0.0,0.0,0.0,0.0,0.0,100.0,100.0,100.0,1000.0,1000.0,1000.0,100.13563147762235,0,0,100.0,0.0,0.0,0,0
648612,58.5,58.5,21.0,0.0,0.0,0.0,40.0,1.0,1.0,1.0,0.0,0.0,0.0,0.0,0.0,0.0,100.0,100.0,100.0,1000.0,1000.0,1000.0,100.13563147762235,0,0,100.0,0.0,0.0,0,0
648812,58.5,58.5,21.0,0.0,0.0,0.0,40.0,1.0,1.0,1.0,0.0,0.0,0.0,0.0,0.0,0.0,100.0,100.0,100.0,1000.0,1000.0,1000.0,100.13563147762235,0,0,100.0,0.0,0.0,0,0
649012,58.5,58.5,21.0,0.0,0.0,0.0,40.0,1.0,1.0,1.0,0.0,0.0,0.0,0.0,0.0,0.0,100.0,100.0,100.0,1000.0,1000.0,1000.0,100.13563147762235,0,0,100.0,0.0,0.0,0,0
649212,58.5,58.5,21.0,0.0,0.0,0.0,40.0,1.0,1.0,1.0,0.0,0.0,0.0,0.0,0.0,0.0,100.0,100.0,100.0,1000.0,1000.0,1000.0,100.13563147762235,0,0,100.0,0.0,0.0,0,0
649412,58.5,58.5,21.0,0.0,0.0,0.0,40.0,1.0,1.0,1.0,0.0,0.0,0.0,0.0,0.0,0.0,100.0,100.0,100.0,1000.0,1000.0,1000.0,100.13563147762235,0,0,100.0,0.0,0.0,0,0
649612,58.5,58.5,21.0,0.0,0.0,0.0,40.0,1.0,1.0,1.0,0.0,0.0,0.0,0.0,0.0,0.0,100.0,100.0,100.0,1000.0,1000.0,1000.0,100.13563147762235,0,0,100.0,0.0,0.0,0,0
649812,58.5,58.5,21.0,0.0,0.0,0.0,40.0,1.0,1.0,1.0,0.0,0.0,0.0,0.0,0.0,0.0,100.0,100.0,100.0,1000.0,1000.0,1000.0,100.13563147762235,0,0,100.0,0.0,0.0,0,0
650012,58.5,58.5,21.0,0.0,0.0,0.0,40.0,1.0,1.0,1.0,0.0,0.0,0.0,0.0,0.0,0.0,100.0,100.0,100.0,1000.0,1000.0,1000.0,100.13563147762235,0,0,100.0,0.0,0.0,0,0
650212,58.5,58.5,21.0,0.0,0.0,0.0,40.0,1.0,1.0,1.0,0.0,0.0,0.0,0.0,0.0,0.0,100.0,100.0,100.0,1000.0,1000.0,1000.0,100.13563147762235,0,0,100.0,0.0,0.0,0,0
650412,58.5,58.5,21.0,0.0,0.0,0.0,40.0,1.0,1.0,1.0,0.0,0.0,0.0,0.0,0.0,0.0,100.0,100.0,100.0,1000.0,1000.0,1000.0,100.13563147762235,0,0,100.0,0.0,0.0,0,0
650612,59.0,59.0,21.0,0.0,0.0,0.0,40.0,1.0,1.0,1.0,0.0,0.0,0.0,0.0,0.0,0.0,100.0,100.0,100.0,1000.0,1000.0,1000.0,100.13563147762235,0,0,100.0,0.0,0.0,0,0
650812,59.0,59.0,21.0,0.0,0.0,0.0,40.0,1.0,1.0,1.0,0.0,0.0,0.0,0.0,0.0,0.0,100.0,100.0,100.0,1000.0,1000.0,1000.0,100.13563147762235,0,0,100.0,0.0,0.0,0,0
651012,59.0,59.0,21.0,0.0,0.0,0.0,40.0,1.0,1.0,1.0,0.0,0.0,0.0,0.0,0.0,0.0,100.0,100.0,100.0,1000.0,1000.0,1000.0,100.13563147762235,0,0,100.0,0.0,0.0,0,0
651212,59.0,59.0,21.0,0.0,0.0,0.0,40.0,1.0,1.0,1.0,0.0,0.0,0.0,0.0,0.0,0.0,100.0,100.0,100.0,1000.0,1000.0,1000.0,100.13563147762235,0,0,100.0,0.0,0.0,0,0
651412,59.0,59.0,21.0,0.0,0.0,0.0,40.0,1.0,1.0,1.0,0.0,0.0,0.0,0.0,0.0,0.0,100.0,100.0,100.0,1000.0,1000.0,1000.0,100.13563147762235,0,0,100.0,0.0,0.0,0,0
651612,59.0,59.0,21.0,0.0,0.0,0.0,40.0,1.0,1.0,1.0,0.0,0.0,0.0,0.0,0.0,0.0,100.0,100.0,100.0,1000.0,1000.0,1000.0,100.13563147762235,0,0,100.0,0.0,0.0,0,0
651812,59.0,59.0,21.0,0.0,0.0,0.0,40.0,1.0,1.0,1.0,0.0,0.0,0.0,0.0,0.0,0.0,100.0,100.0,100.0,1000.0,1000.0,1000.0,100.13563147762235,0,0,100.0,0.0,0.0,0,0
652012,59.0,59.0,21.0,0.0,0.0,0.0,40.0,1.0,1.0,1.0,0.0,0.0,0.0,0.0,0.0,0.0,100.0,100.0,100.0,1000.0,1000.0,1000.0,100.13563147762235,0,0,100.0,0.0,0.0,0,0
652212,59.0,59.0,21.0,0.0,0.0,0.0,40.0,1.0,1.0,1.0,0.0,0.0,0.0,0.0,0.0,0.0,100.0,100.0,100.0,1000.0,1000.0,1000.0,100.13563147762235,0,0,100.0,0.0,0.0,0,0
652412,59.0,59.0,21.0,0.0,0.0,0.0,40.0,1.0,1.0,1.0,0.0,0.0,0.0,0.0,0.0,0.0,100.0,100.0,100.0,1000.0,1000.0,1000.0,100.13563147762235,0,0,100.0,0.0,0.0,0,0
652612,59.5,59.0,21.0,0.0,0.0,0.0,40.0,1.0,1.0,1.0,0.0,0.0,0.0,0.0,0.0,0.0,100.0,100.0,100.0,1000.0,1000.0,1000.0,100.13563147762235,0,0,100.0,0.0,0.0,0,0
652812,59.5,59.0,21.0,0.0,0.0,0.0,40.0,1.0,1.0,1.0,0.0,0.0,0.0,0.0,0.0,0.0,100.0,100.0,100.0,1000.0,1000.0,1000.0,100.13563147762235,0,0,100.0,0.0,0.0,0,0
653012,59.5,59.0,21.0,0.0,0.0,0.0,40.0,1.0,1.0,1.0,0.0,0.0,0.0,0.0,0.0,0.0,100.0,100.0,100.0,1000.0,1000.0,1000.0,100.13563147762235,0,0,100.0,0.0,0.0,0,0
653212,59.5,59.0,21.0,0.0,0.0,0.0,40.0,1.0,1.0,1.0,0.0,0.0,0.0,0.0,0.0,0.0,100.0,100.0,100.0,1000.0,1000.0,1000.0,100.13563147762235,0,0,100.0,0.0,0.0,0,0
653412,59.5,59.0,21.0,0.0,0.0,0.0,40.0,1.0,1.0,1.0,0.0,0.0,0.0,0.0,0.0,0.0,100.0,100.0,100.0,1000.0,1000.0,1000.0,100.13563147762235,0,0,100.0,0.0,0.0,0,0
653612,59.5,59.5,21.0,0.0,0.0,0.0,40.0,1.0,1.0,1.0,0.0,0.0,0.0,0.0,0.0,0.0,100.0,100.0,100.0,1000.0,1000.0,1000.0,100.13563147762235,0,0,100.0,0.0,0.0,0,0
653812,59.5,59.5,21.0,0.0,0.0,0.0,40.0,1.0,1.0,1.0,0.0,0.0,0.0,0.0,0.0,0.0,100.0,100.0,100.0,1000.0,1000.0,1000.0,100.13563147762235,0,0,100.0,0.0,0.0,0,0
654012,59.5,59.5,21.0,0.0,0.0,0.0,40.0,1.0,1.0,1.0,0.0,0.0,0.0,0.0,0.0,0.0,100.0,100.0,100.0,1000.0,1000.0,1000.0,100.13563147762235,0,0,100.0,0.0,0.0,0,0
654212,59.5,59.5,21.0,0.0,0.0,0.0,40.0,1.0,1.0,1.0,0.0,0.0,0.0,0.0,0.0,0.0,100.0,100.0,100.0,1000.0,1000.0,1000.0,100.13563147762235,0,0,100.0,0.0,0.0,0,0
654412,59.5,59.5,21.0,0.0,0.0,0.0,40.0,1.0,1.0,1.0,0.0,0.0,0.0,0.0,0.0,0.0,100.0,100.0,100.0,1000.0,1000.0,1000.0,100.13563147762235,0,0,100.0,0.0,0.0,0,0
654612,60.0,59.5,21.0,0.0,0.0,0.0,40.0,1.0,1.0,1.0,0.0,0.0,0.0,0.0,0.0,0.0,100.0,100.0,100.0,1000.0,1000.0,1000.0,100.13563147762235,0,0,100.0,0.0,0.0,0,0
654812,60.0,59.5,21.0,0.0,0.0,0.0,40.0,1.0,1.0,1.0,0.0,0.0,0.0,0.0,0.0,0.0,100.0,100.0,100.0,1000.0,1000.0,1000.0,100.13563147762235,0,0,100.0,0.0,0.0,0,0
655012,60.0,59.5,21.0,0.0,0.0,0.0,40.0,1.0,1.0,1.0,0.0,0.0,0.0,0.0,0.0,0.0,100.0,100.0,100.0,1000.0,1000.0,1000.0,100.13563147762235,0,0,100.0,0.0,0.0,0,0
655212,60.0,59.5,21.0,0.0,0.0,0.0,40.0,1.0,1.0,1.0,0.0,0.0,0.0,0.0,0.0,0.0,100.0,100.0,100.0,1000.0,1000.0,1000.0,100.13563147762235,0,0,100.0,0.0,0.0,0,0
655412,60.0,59.5,21.0,0.0,0.0,0.0,40.0,1.0,1.0,1.0,0.0,0.0,0.0,0.0,0.0,0.0,100.0,100.0,100.0,1000.0,1000.0,1000.0,100.13563147762235,0,0,100.0,0.0,0.0,0,0
655612,60.0,59.5,21.0,0.0,0.0,0.0,40.0,1.0,1.0,1.0,0.0,0.0,0.0,0.0,0.0,0.0,100.0,100.0,100.0,1000.0,1000.0,1000.0,100.13563147762235,0,0,100.0,0.0,0.0,0,0
655812,60.0,59.5,21.0,0.0,0.0,0.0,40.0,1.0,1.0,1.0,0.0,0.0,0.0,0.0,0.0,0.0,100.0,100.0,100.0,1000.0,1000.0,1000.0,100.13563147762235,0,0,100.0,0.0,0.0,0,0
656012,60.0,59.5,21.0,0.0,0.0,0.0,40.0,1.0,1.0,1.0,0.0,0.0,0.0,0.0,0.0,0.0,100.0,100.0,100.0,1000.0,1000.0,1000.0,100.13563147762235,0,0,100.0,0.0,0.0,0,0
656212,60.0,60.0,21.0,0.0,0.0,0.0,40.0,1.0,1.0,1.0,0.0,0.0,0.0,0.0,0.0,0.0,100.0,100.0,100.0,1000.0,1000.0,1000.0,100.13563147762235,0,0,100.0,0.0,0.0,0,0
656412,60.0,60.0,21.0,0.0,0.0,0.0,40.0,1.0,1.0,1.0,0.0,0.0,0.0,0.0,0.0,0.0,100.0,100.0,100.0,1000.0,1000.0,1000.0,100.13563147762235,0,0,100.0,0.0,0.0,0,0
656612,60.5,60.0,21.0,0.0,0.0,0.0,40.0,1.0,1.0,1.0,0.0,0.0,0.0,0.0,0.0,0.0,100.0,100.0,100.0,1000.0,1000.0,1000.0,100.13563147762235,0,0,100.0,0.0,0.0,0,0
656812,60.5,60.0,21.0,0.0,0.0,0.0,40.0,1.0,1.0,1.0,0.0,0.0,0.0,0.0,0.0,0.0,100.0,100.0,100.0,1000.0,1000.0,1000.0,100.13563147762235,0,0,100.0,0.0,0.0,0,0
657012,60.5,60.0,21.0,0.0,0.0,0.0,40.0,1.0,1.0,1.0,0.0,0.0,0.0,0.0,0.0,0.0,100.0,100.0,100.0,1000.0,1000.0,1000.0,100.13563147762235,0,0,100.0,0.0,0.0,0,0
657212,60.5,60.0,21.0,0.0,0.0,0.0,40.0,1.0,1.0,1.0,0.0,0.0,0.0,0.0,0.0,0.0,100.0,100.0,100.0,1000.0,1000.0,1000.0,100.13563147762235,0,0,100.0,0.0,0.0,0,0
657412,60.5,60.0,21.0,0.0,0.0,0.0,40.0,1.0,1.0,1.0,0.0,0.0,0.0,0.0,0.0,0.0,100.0,100.0,100.0,1000.0,1000.0,1000.0,100.13563147762235,0,0,100.0,0.0,0.0,0,0
657612,60.5,60.0,21.0,0.0,0.0,0.0,40.0,1.0,1.0,1.0,0.0,0.0,0.0,0.0,0.0,0.0,100.0,100.0,100.0,1000.0,1000.0,1000.0,100.13563147762235,0,0,100.0,0.0,0.0,0,0
657812,60.5,60.0,21.0,0.0,0.0,0.0,40.0,1.0,1.0,1.0,0.0,0.0,0.0,0.0,0.0,0.0,100.0,100.0,100.0,1000.0,1000.0,1000.0,100.13563147762235,0,0,100.0,0.0,0.0,0,0
658012,60.5,60.0,21.0,0.0,0.0,0.0,40.0,1.0,1.0,1.0,0.0,0.0,0.0,0.0,0.0,0.0,100.0,100.0,100.0,1000.0,1000.0,1000.0,100.13563147762235,0,0,100.0,0.0,0.0,0,0
658212,60.5,60.5,21.0,0.0,0.0,0.0,40.0,1.0,1.0,1.0,0.0,0.0,0.0,0.0,0.0,0.0,100.0,100.0,100.0,1000.0,1000.0,1000.0,100.13563147762235,0,0,100.0,0.0,0.0,0,0
658412,60.5,60.5,21.0,0.0,0.0,0.0,40.0,1.0,1.0,1.0,0.0,0.0,0.0,0.0,0.0,0.0,100.0,100.0,100.0,1000.0,1000.0,1000.0,100.13563147762235,0,0,100.0,0.0,0.0,0,0
658612,60.5,60.5,21.0,0.0,0.0,0.0,40.0,1.0,1.0,1.0,0.0,0.0,0.0,0.0,0.0,0.0,100.0,100.0,100.0,1000.0,1000.0,1000.0,100.13563147762235,0,0,100.0,0.0,0.0,0,0
658812,60.5,60.5,21.0,0.0,0.0,0.0,40.0,1.0,1.0,1.0,0.0,0.0,0.0,0.0,0.0,0.0,100.0,100.0,100.0,1000.0,1000.0,1000.0,100.13563147762235,0,0,100.0,0.0,0.0,0,0
659012,61.0,60.5,21.0,0.0,0.0,0.0,40.0,1.0,1.0,1.0,0.0,0.0,0.0,0.0,0.0,0.0,100.0,100.0,100.0,1000.0,1000.0,1000.0,100.13563147762235,0,0,100.0,0.0,0.0,0,0
659212,61.0,60.5,21.0,0.0,0.0,0.0,40.0,1.0,1.0,1.0,0.0,0.0,0.0,0.0,0.0,0.0,100.0,100.0,100.0,1000.0,1000.0,1000.0,100.13563147762235,0,0,100.0,0.0,0.0,0,0
659412,61.0,60.5,21.0,0.0,0.0,0.0,40.0,1.0,1.0,1.0,0.0,0.0,0.0,0.0,0.0,0.0,100.0,100.0,100.0,1000.0,1000.0,1000.0,100.13563147762235,0,0,100.0,0.0,0.0,0,0
659612,61.0,60.5,21.0,0.0,0.0,0.0,40.0,1.0,1.0,1.0,0.0,0.0,0.0,0.0,0.0,0.0,100.0,100.0,100.0,1000.0,1000.0,1000.0,100.13563147762235,0,0,100.0,0.0,0.0,0,0
659812,61.0,60.5,21.0,0.0,0.0,0.0,40.0,1.0,1.0,1.0,0.0,0.0,0.0,0.0,0.0,0.0,100.0,100.0,100.0,1000.0,1000.0,1000.0,100.13563147762235,0,0,100.0,0.0,0.0,0,0
660012,61.0,60.5,21.0,0.0,0.0,0.0,40.0,1.0,1.0,1.0,0.0,0.0,0.0,0.0,0.0,0.0,100.0,100.0,100.0,1000.0,1000.0,1000.0,100.13563147762235,0,0,100.0,0.0,0.0,0,0
660212,61.0,61.0,21.0,0.0,0.0,0.0,40.0,1.0,1.0,1.0,0.0,0.0,0.0,0.0,0.0,0.0,100.0,100.0,100.0,1000.0,1000.0,1000.0,67.35357147690823,0,0,67.35357147690823,0.0,0.0,1,0
660412,61.0,61.0,21.0,0.0,0.0,0.0,40.0,1.0,1.0,1.0,0.0,0.0,0.0,0.0,0.0,0.0,100.0,100.0,100.0,1000.0,1000.0,1000.0,67.35357147690823,0,0,67.35357147690823,0.0,0.0,0,0
660612,61.0,61.0,21.0,0.0,0.0,0.0,40.0,1.0,1.0,1.0,0.0,0.0,0.0,0.0,0.0,0.0,100.0,100.0,100.0,1000.0,1000.0,1000.0,67.35357147690823,0,0,67.35357147690823,0.0,0.0,0,0
660812,61.0,61.0,21.0,0.0,0.0,0.0,40.0,1.0,1.0,1.0,0.0,0.0,0.0,0.0,0.0,0.0,100.0,100.0,100.0,1000.0,1000.0,1000.0,67.35357147690823,0,0,67.35357147690823,0.0,0.0,0,0
661012,61.5,61.0,21.0,0.0,0.0,0.0,40.0,1.0,1.0,1.0,0.0,0.0,0.0,0.0,0.0,0.0,100.0,100.0,100.0,1000.0,1000.0,1000.0,67.35357147690823,0,0,67.35357147690823,0.0,0.0,0,0
661212,61.5,61.0,21.0,0.0,0.0,0.0,40.0,1.0,1.0,1.0,0.0,0.0,0.0,0.0,0.0,0.0,100.0,100.0,100.0,1000.0,1000.0,1000.0,67.35357147690823,0,0,67.35357147690823,0.0,0.0,0,0
661412,61.5,61.0,21.0,0.0,0.0,0.0,40.0,1.0,1.0,1.0,0.0,0.0,0.0,0.0,0.0,0.0,100.0,100.0,100.0,1000.0,1000.0,1000.0,67.35357147690823,0,0,67.35357147690823,0.0,0.0,0,0
661612,61.5,61.0,21.0,0.0,0.0,0.0,40.0,1.0,1.0,1.0,0.0,0.0,0.0,0.0,0.0,0.0,100.0,100.0,100.0,1000.0,1000.0,1000.0,67.35357147690823,0,0,67.35357147690823,0.0,0.0,0,0
661812,61.5,61.0,21.0,0.0,0.0,0.0,40.0,1.0,1.0,1.0,0.0,0.0,0.0,0.0,0.0,0.0,100.0,100.0,100.0,1000.0,1000.0,1000.0,67.35357147690823,0,0,67.35357147690823,0.0,0.0,0,0
662012,61.5,61.0,21.0,0.0,0.0,0.0,40.0,1.0,1.0,1.0,0.0,0.0,0.0,0.0,0.0,0.0,100.0,100.0,100.0,1000.0,1000.0,1000.0,67.35357147690823,0,0,67.35357147690823,0.0,0.0,0,0
662212,61.5,61.0,21.0,0.0,0.0,0.0,40.0,1.0,1.0,1.0,0.0,0.0,0.0,0.0,0.0,0.0,100.0,100.0,100.0,1000.0,1000.0,1000.0,67.35357147690823,0,0,67.35357147690823,0.0,0.0,0,0
662412,61.5,61.0,21.0,0.0,0.0,0.0,40.0,1.0,1.0,1.0,0.0,0.0,0.0,0.0,0.0,0.0,100.0,100.0,100.0,1000.0,1000.0,1000.0,67.35357147690823,0,0,67.35357147690823,0.0,0.0,0,0
662612,61.5,61.5,21.0,0.0,0.0,0.0,40.0,1.0,1.0,1.0,0.0,0.0,0.0,0.0,0.0,0.0,100.0,100.0,100.0,1000.0,1000.0,1000.0,67.35357147690823,0,0,67.35357147690823,0.0,0.0,0,0
662812,61.5,61.5,21.0,0.0,0.0,0.0,40.0,1.0,1.0,1.0,0.0,0.0,0.0,0.0,0.0,0.0,100.0,100.0,100.0,1000.0,1000.0,1000.0,67.35357147690823,0,0,67.35357147690823,0.0,0.0,0,0
663012,61.5,61.5,21.0,0.0,0.0,0.0,40.0,1.0,1.0,1.0,0.0,0.0,0.0,0.0,0.0,0.0,100.0,100.0,100.0,1000.0,1000.0,1000.0,67.35357147690823,0,0,67.35357147690823,0.0,0.0,0,0
663212,62.0,61.5,21.0,0.0,0.0,0.0,40.0,1.0,1.0,1.0,0.0,0.0,0.0,0.0,0.0,0.0,100.0,100.0,100.0,1000.0,1000.0,1000.0,67.35357147690823,0,0,67.35357147690823,0.0,0.0,0,0
663412,62.0,61.5,21.0,0.0,0.0,0.0,40.0,1.0,1.0,1.0,0.0,0.0,0.0,0.0,0.0,0.0,100.0,100.0,100.0,1000.0,1000.0,1000.0,67.35357147690823,0,0,67.35357147690823,0.0,0.0,0,0
663612,62.0,61.5,21.0,0.0,0.0,0.0,40.0,1.0,1.0,1.0,0.0,0.0,0.0,0.0,0.0,0.0,100.0,100.0,100.0,1000.0,1000.0,1000.0,67.35357147690823,0,0,67.35357147690823,0.0,0.0,0,0
663812,62.0,61.5,21.0,0.0,0.0,0.0,40.0,1.0,1.0,1.0,0.0,0.0,0.0,0.0,0.0,0.0,100.0,100.0,100.0,1000.0,1000.0,1000.0,67.35357147690823,0,0,67.35357147690823,0.0,0.0,0,0
664012,62.0,61.5,21.0,0.0,0.0,0.0,40.0,1.0,1.0,1.0,0.0,0.0,0.0,0.0,0.0,0.0,100.0,100.0,100.0,1000.0,1000.0,1000.0,67.35357147690823,0,0,67.35357147690823,0.0,0.0,0,0
664212,62.0,61.5,21.0,0.0,0.0,0.0,40.0,1.0,1.0,1.0,0.0,0.0,0.0,0.0,0.0,0.0,100.0,100.0,100.0,1000.0,1000.0,1000.0,67.35357147690823,0,0,67.35357147690823,0.0,0.0,0,0
664412,62.0,61.5,21.0,0.0,0.0,0.0,40.0,1.0,1.0,1.0,0.0,0.0,0.0,0.0,0.0,0.0,100.0,100.0,100.0,1000.0,1000.0,1000.0,67.35357147690823,0,0,67.35357147690823,0.0,0.0,0,0
664612,62.0,61.5,21.0,0.0,0.0,0.0,40.0,1.0,1.0,1.0,0.0,0.0,0.0,0.0,0.0,0.0,100.0,100.0,100.0,1000.0,1000.0,1000.0,67.35357147690823,0,0,67.35357147690823,0.0,0.0,0,0
664812,62.0,61.5,21.0,0.0,0.0,0.0,40.0,1.0,1.0,1.0,0.0,0.0,0.0,0.0,0.0,0.0,100.0,100.0,100.0,1000.0,1000.0,1000.0,67.35357147690823,0,0,67.35357147690823,0.0,0.0,0,0
665012,62.0,61.5,21.0,0.0,0.0,0.0,40.0,1.0,1.0,1.0,0.0,0.0,0.0,0.0,0.0,0.0,100.0,100.0,100.0,1000.0,1000.0,1000.0,67.35357147690823,0,0,67.35357147690823,0.0,0.0,0,0
665212,62.0,62.0,21.0,0.0,0.0,0.0,40.0,1.0,1.0,1.0,0.0,0.0,0.0,0.0,0.0,0.0,100.0,100.0,100.0,1000.0,1000.0,1000.0,67.35357147690823,0,0,67.35357147690823,0.0,0.0,0,0
665412,62.0,62.0,21.0,0.0,0.0,0.0,40.0,1.0,1.0,1.0,0.0,0.0,0.0,0.0,0.0,0.0,100.0,100.0,100.0,1000.0,1000.0,1000.0,67.35357147690823,0,0,67.35357147690823,0.0,0.0,0,0
665612,62.0,62.0,21.0,0.0,0.0,0.0,40.0,1.0,1.0,1.0,0.0,0.0,0.0,0.0,0.0,0.0,100.0,100.0,100.0,1000.0,1000.0,1000.0,67.35357147690823,0,0,67.35357147690823,0.0,0.0,0,0
665812,62.0,62.0,21.0,0.0,0.0,0.0,40.0,1.0,1.0,1.0,0.0,0.0,0.0,0.0,0.0,0.0,100.0,100.0,100.0,1000.0,1000.0,1000.0,67.35357147690823,0,0,67.35357147690823,0.0,0.0,0,0
666012,62.0,62.0,21.0,0.0,0.0,0.0,40.0,1.0,1.0,1.0,0.0,0.0,0.0,0.0,0.0,0.0,100.0,100.0,100.0,1000.0,1000.0,1000.0,67.35357147690823,0,0,67.35357147690823,0.0,0.0,0,0
666212,62.5,62.0,21.0,0.0,0.0,0.0,40.0,1.0,1.0,1.0,0.0,0.0,0.0,0.0,0.0,0.0,100.0,100.0,100.0,1000.0,1000.0,1000.0,67.35357147690823,0,0,67.35357147690823,0.0,0.0,0,0
666412,62.5,62.0,21.0,0.0,0.0,0.0,40.0,1.0,1.0,1.0,0.0,0.0,0.0,0.0,0.0,0.0,100.0,100.0,100.0,1000.0,1000.0,1000.0,67.35357147690823,0,0,67.35357147690823,0.0,0.0,0,0
666612,62.5,62.0,21.0,0.0,0.0,0.0,40.0,1.0,1.0,1.0,0.0,0.0,0.0,0.0,0.0,0.0,100.0,100.0,100.0,1000.0,1000.0,1000.0,67.35357147690823,0,0,67.35357147690823,0.0,0.0,0,0
666812,62.5,62.0,21.0,0.0,0.0,0.0,40.0,1.0,1.0,1.0,0.0,0.0,0.0,0.0,0.0,0.0,100.0,100.0,100.0,1000.0,1000.0,1000.0,67.35357147690823,0,0,67.35357147690823,0.0,0.0,0,0
667012,62.5,62.0,21.0,0.0,0.0,0.0,40.0,1.0,1.0,1.0,0.0,0.0,0.0,0.0,0.0,0.0,100.0,100.0,100.0,1000.0,1000.0,1000.0,67.35357147690823,0,0,67.35357147690823,0.0,0.0,0,0
667212,62.5,62.0,21.0,0.0,0.0,0.0,40.0,1.0,1.0,1.0,0.0,0.0,0.0,0.0,0.0,0.0,100.0,100.0,100.0,1000.0,1000.0,1000.0,67.35357147690823,0,0,67.35357147690823,0.0,0.0,0,0
667412,62.5,62.0,21.0,0.0,0.0,0.0,40.0,1.0,1.0,1.0,0.0,0.0,0.0,0.0,0.0,0.0,100.0,100.0,100.0,1000.0,1000.0,1000.0,67.35357147690823,0,0,67.35357147690823,0.0,0.0,0,0
667612,62.5,62.5,21.0,0.0,0.0,0.0,40.0,1.0,1.0,1.0,0.0,0.0,0.0,0.0,0.0,0.0,100.0,100.0,100.0,1000.0,1000.0,1000.0,67.35357147690823,0,0,67.35357147690823,0.0,0.0,0,0
667812,62.5,62.5,21.0,0.0,0.0,0.0,40.0,1.0,1.0,1.0,0.0,0.0,0.0,0.0,0.0,0.0,100.0,100.0,100.0,1000.0,1000.0,1000.0,67.35357147690823,0,0,67.35357147690823,0.0,0.0,0,0
668012,62.5,62.5,21.0,0.0,0.0,0.0,40.0,1.0,1.0,1.0,0.0,0.0,0.0,0.0,0.0,0.0,100.0,100.0,100.0,1000.0,1000.0,1000.0,67.35357147690823,0,0,67.35357147690823,0.0,0.0,0,0
668212,62.5,62.5,21.0,0.0,0.0,0.0,40.0,1.0,1.0,1.0,0.0,0.0,0.0,0.0,0.0,0.0,100.0,100.0,100.0,1000.0,1000.0,1000.0,67.35357147690823,0,0,67.35357147690823,0.0,0.0,0,0
668412,62.5,62.5,21.0,0.0,0.0,0.0,40.0,1.0,1.0,1.0,0.0,0.0,0.0,0.0,0.0,0.0,100.0,100.0,100.0,1000.0,1000.0,1000.0,67.35357147690823,0,0,67.35357147690823,0.0,0.0,0,0
668612,62.5,62.5,21.0,0.0,0.0,0.0,40.0,1.0,1.0,1.0,0.0,0.0,0.0,0.0,0.0,0.0,100.0,100.0,100.0,1000.0,1000.0,1000.0,67.35357147690823,0,0,67.35357147690823,0.0,0.0,0,0
668812,62.5,62.5,21.0,0.0,0.0,0.0,40.0,1.0,1.0,1.0,0.0,0.0,0.0,0.0,0.0,0.0,100.0,100.0,100.0,1000.0,1000.0,1000.0,67.35357147690823,0,0,67.35357147690823,0.0,0.0,0,0
669012,63.0,62.5,21.0,0.0,0.0,0.0,40.0,1.0,1.0,1.0,0.0,0.0,0.0,0.0,0.0,0.0,100.0,100.0,100.0,1000.0,1000.0,1000.0,67.35357147690823,0,0,67.35357147690823,0.0,0.0,0,0
669212,63.0,62.5,21.0,0.0,0.0,0.0,40.0,1.0,1.0,1.0,0.0,0.0,0.0,0.0,0.0,0.0,100.0,100.0,100.0,1000.0,1000.0,1000.0,67.35357147690823,0,0,67.35357147690823,0.0,0.0,0,0
669412,63.0,62.5,21.0,0.0,0.0,0.0,40.0,1.0,1.0,1.0,0.0,0.0,0.0,0.0,0.0,0.0,100.0,100.0,100.0,1000.0,1000.0,1000.0,67.35357147690823,0,0,67.35357147690823,0.0,0.0,0,0
669612,63.0,62.5,21.0,0.0,0.0,0.0,40.0,1.0,1.0,1.0,0.0,0.0,0.0,0.0,0.0,0.0,100.0,100.0,100.0,1000.0,1000.0,1000.0,67.35357147690823,0,0,67.35357147690823,0.0,0.0,0,0
669812,63.0,62.5,21.0,0.0,0.0,0.0,40.0,1.0,1.0,1.0,0.0,0.0,0.0,0.0,0.0,0.0,100.0,100.0,100.0,1000.0,1000.0,1000.0,67.35357147690823,0,0,67.35357147690823,0.0,0.0,0,0
670012,63.0,62.5,21.0,0.0,0.0,0.0,40.0,1.0,1.0,1.0,0.0,0.0,0.0,0.0,0.0,0.0,100.0,100.0,100.0,1000.0,1000.0,1000.0,67.35357147690823,0,0,67.35357147690823,0.0,0.0,0,0
670212,63.0,62.5,21.0,0.0,0.0,0.0,40.0,1.0,1.0,1.0,0.0,0.0,0.0,0.0,0.0,0.0,100.0,100.0,100.0,1000.0,1000.0,1000.0,67.35357147690823,0,0,67.35357147690823,0.0,0.0,0,0
670412,63.0,62.5,21.0,0.0,0.0,0.0,40.0,1.0,1.0,1.0,0.0,0.0,0.0,0.0,0.0,0.0,100.0,100.0,100.0,1000.0,1000.0,1000.0,67.35357147690823,0,0,67.35357147690823,0.0,0.0,0,0
670612,63.0,62.5,21.0,0.0,0.0,0.0,40.0,1.0,1.0,1.0,0.0,0.0,0.0,0.0,0.0,0.0,100.0,100.0,100.0,1000.0,1000.0,1000.0,67.35357147690823,0,0,67.35357147690823,0.0,0.0,0,0
670812,63.0,62.5,21.0,0.0,0.0,0.0,40.0,1.0,1.0,1.0,0.0,0.0,0.0,0.0,0.0,0.0,100.0,100.0,100.0,1000.0,1000.0,1000.0,67.35357147690823,0,0,67.35357147690823,0.0,0.0,0,0
671012,63.0,62.5,21.0,0.0,0.0,0.0,40.0,1.0,1.0,1.0,0.0,0.0,0.0,0.0,0.0,0.0,100.0,100.0,100.0,1000.0,1000.0,1000.0,67.35357147690823,0,0,67.35357147690823,0.0,0.0,0,0
671212,63.0,62.5,21.0,0.0,0.0,0.0,40.0,1.0,1.0,1.0,0.0,0.0,0.0,0.0,0.0,0.0,100.0,100.0,100.0,1000.0,1000.0,1000.0,67.35357147690823,0,0,67.35357147690823,0.0,0.0,0,0
671412,63.0,62.5,21.0,0.0,0.0,0.0,40.0,1.0,1.0,1.0,0.0,0.0,0.0,0.0,0.0,0.0,100.0,100.0,100.0,1000.0,1000.0,1000.0,67.35357147690823,0,0,67.35357147690823,0.0,0.0,0,0
671612,63.0,63.0,21.0,0.0,0.0,0.0,40.0,1.0,1.0,1.0,0.0,0.0,0.0,0.0,0.0,0.0,100.0,100.0,100.0,1000.0,1000.0,1000.0,67.35357147690823,0,0,67.35357147690823,0.0,0.0,0,0
671812,63.0,63.0,21.0,0.0,0.0,0.0,40.0,1.0,1.0,1.0,0.0,0.0,0.0,0.0,0.0,0.0,100.0,100.0,100.0,1000.0,1000.0,1000.0,67.35357147690823,0,0,67.35357147690823,0.0,0.0,0,0
672012,63.0,63.0,21.0,0.0,0.0,0.0,40.0,1.0,1.0,1.0,0.0,0.0,0.0,0.0,0.0,0.0,100.0,100.0,100.0,1000.0,1000.0,1000.0,67.35357147690823,0,0,67.35357147690823,0.0,0.0,0,0
672212,63.0,63.0,21.0,0.0,0.0,0.0,40.0,1.0,1.0,1.0,0.0,0.0,0.0,0.0,0.0,0.0,100.0,100.0,100.0,1000.0,1000.0,1000.0,67.35357147690823,0,0,67.35357147690823,0.0,0.0,0,0
672412,63.0,63.0,21.0,0.0,0.0,0.0,40.0,1.0,1.0,1.0,0.0,0.0,0.0,0.0,0.0,0.0,100.0,100.0,100.0,1000.0,1000.0,1000.0,67.35357147690823,0,0,67.35357147690823,0.0,0.0,0,0
672612,63.0,63.0,21.0,0.0,0.0,0.0,40.0,1.0,1.0,1.0,0.0,0.0,0.0,0.0,0.0,0.0,100.0,100.0,100.0,1000.0,1000.0,1000.0,67.35357147690823,0,0,67.35357147690823,0.0,0.0,0,0
672812,63.0,63.0,21.0,0.0,0.0,0.0,40.0,1.0,1.0,1.0,0.0,0.0,0.0,0.0,0.0,0.0,100.0,100.0,100.0,1000.0,1000.0,1000.0,67.35357147690823,0,0,67.35357147690823,0.0,0.0,0,0
673012,63.5,63.0,21.0,0.0,0.0,0.0,40.0,1.0,1.0,1.0,0.0,0.0,0.0,0.0,0.0,0.0,100.0,100.0,100.0,1000.0,1000.0,1000.0,67.35357147690823,0,0,67.35357147690823,0.0,0.0,0,0
673212,63.5,63.0,21.0,0.0,0.0,0.0,40.0,1.0,1.0,1.0,0.0,0.0,0.0,0.0,0.0,0.0,100.0,100.0,100.0,1000.0,1000.0,1000.0,67.35357147690823,0,0,67.35357147690823,0.0,0.0,0,0
673412,63.5,63.0,21.0,0.0,0.0,0.0,40.0,1.0,1.0,1.0,0.0,0.0,0.0,0.0,0.0,0.0,100.0,100.0,100.0,1000.0,1000.0,1000.0,67.35357147690823,0,0,67.35357147690823,0.0,0.0,0,0
673612,63.5,63.0,21.0,0.0,0.0,0.0,40.0,1.0,1.0,1.0,0.0,0.0,0.0,0.0,0.0,0.0,100.0,100.0,100.0,1000.0,1000.0,1000.0,67.35357147690823,0,0,67.35357147690823,0.0,0.0,0,0
673812,63.5,63.0,21.0,0.0,0.0,0.0,40.0,1.0,1.0,1.0,0.0,0.0,0.0,0.0,0.0,0.0,100.0,100.0,100.0,1000.0,1000.0,1000.0,67.35357147690823,0,0,67.35357147690823,0.0,0.0,0,0
674012,63.5,63.0,21.0,0.0,0.0,0.0,40.0,1.0,1.0,1.0,0.0,0.0,0.0,0.0,0.0,0.0,100.0,100.0,100.0,1000.0,1000.0,1000.0,67.35357147690823,0,0,67.35357147690823,0.0,0.0,0,0
674212,63.5,63.0,21.0,0.0,0.0,0.0,40.0,1.0,1.0,1.0,0.0,0.0,0.0,0.0,0.0,0.0,100.0,100.0,100.0,1000.0,1000.0,1000.0,67.35357147690823,0,0,67.35357147690823,0.0,0.0,0,0
674412,63.5,63.0,21.0,0.0,0.0,0.0,40.0,1.0,1.0,1.0,0.0,0.0,0.0,0.0,0.0,0.0,100.0,100.0,100.0,1000.0,1000.0,1000.0,67.35357147690823,0,0,67.35357147690823,0.0,0.0,0,0
674612,63.5,63.0,21.0,0.0,0.0,0.0,40.0,1.0,1.0,1.0,0.0,0.0,0.0,0.0,0.0,0.0,100.0,100.0,100.0,1000.0,1000.0,1000.0,67.35357147690823,0,0,67.35357147690823,0.0,0.0,0,0
674812,63.5,63.0,21.0,0.0,0.0,0.0,40.0,1.0,1.0,1.0,0.0,0.0,0.0,0.0,0.0,0.0,100.0,100.0,100.0,1000.0,1000.0,1000.0,67.35357147690823,0,0,67.35357147690823,0.0,0.0,0,0
675012,63.5,63.0,21.0,0.0,0.0,0.0,40.0,1.0,1.0,1.0,0.0,0.0,0.0,0.0,0.0,0.0,100.0,100.0,100.0,1000.0,1000.0,1000.0,67.35357147690823,0,0,67.35357147690823,0.0,0.0,0,1
675212,63.5,63.0,21.0,0.0,0.0,0.0,40.0,1.0,1.0,1.0,0.0,0.0,0.0,0.0,0.0,0.0,100.0,100.0,100.0,1000.0,1000.0,1000.0,42.30223564333687,0,0,42.30223564333687,0.0,0.0,1,0
675412,63.5,63.0,21.0,0.0,0.0,0.0,40.0,1.0,1.0,1.0,0.0,0.0,0.0,0.0,0.0,0.0,100.0,100.0,100.0,1000.0,1000.0,1000.0,42.30223564333687,0,0,42.30223564333687,0.0,0.0,0,0
675612,63.5,63.5,21.0,0.0,0.0,0.0,40.0,1.0,1.0,1.0,0.0,0.0,0.0,0.0,0.0,0.0,100.0,100.0,100.0,1000.0,1000.0,1000.0,42.30223564333687,0,0,42.30223564333687,0.0,0.0,0,0
675812,63.5,63.5,21.0,0.0,0.0,0.0,40.0,1.0,1.0,1.0,0.0,0.0,0.0,0.0,0.0,0.0,100.0,100.0,100.0,1000.0,1000.0,1000.0,42.30223564333687,0,0,42.30223564333687,0.0,0.0,0,0
676012,63.5,63.5,21.0,0.0,0.0,0.0,40.0,1.0,1.0,1.0,0.0,0.0,0.0,0.0,0.0,0.0,100.0,100.0,100.0,1000.0,1000.0,1000.0,42.30223564333687,0,0,42.30223564333687,0.0,0.0,0,0
676212,63.5,63.5,21.0,0.0,0.0,0.0,40.0,1.0,1.0,1.0,0.0,0.0,0.0,0.0,0.0,0.0,100.0,100.0,100.0,1000.0,1000.0,1000.0,42.30223564333687,0,0,42.30223564333687,0.0,0.0,0,0
676412,63.5,63.5,21.0,0.0,0.0,0.0,40.0,1.0,1.0,1.0,0.0,0.0,0.0,0.0,0.0,0.0,100.0,100.0,100.0,1000.0,1000.0,1000.0,42.30223564333687,0,0,42.30223564333687,0.0,0.0,0,0
676612,63.5,63.5,21.0,0.0,0.0,0.0,40.0,1.0,1.0,1.0,0.0,0.0,0.0,0.0,0.0,0.0,100.0,100.0,100.0,1000.0,1000.0,1000.0,42.30223564333687,0,0,42.30223564333687,0.0,0.0,0,0
676812,63.5,63.5,21.0,0.0,0.0,0.0,40.0,1.0,1.0,1.0,0.0,0.0,0.0,0.0,0.0,0.0,100.0,100.0,100.0,1000.0,1000.0,1000.0,42.30223564333687,0,0,42.30223564333687,0.0,0.0,0,0
677012,63.5,63.5,21.0,0.0,0.0,0.0,40.0,1.0,1.0,1.0,0.0,0.0,0.0,0.0,0.0,0.0,100.0,100.0,100.0,1000.0,1000.0,1000.0,42.30223564333687,0,0,42.30223564333687,0.0,0.0,0,0
677212,64.0,63.5,21.0,0.0,0.0,0.0,40.0,1.0,1.0,1.0,0.0,0.0,0.0,0.0,0.0,0.0,100.0,100.0,100.0,1000.0,1000.0,1000.0,42.30223564333687,0,0,42.30223564333687,0.0,0.0,0,0
677412,64.0,63.5,21.0,0.0,0.0,0.0,40.0,1.0,1.0,1.0,0.0,0.0,0.0,0.0,0.0,0.0,100.0,100.0,100.0,1000.0,1000.0,1000.0,42.30223564333687,0,0,42.30223564333687,0.0,0.0,0,0
677612,64.0,63.5,21.0,0.0,0.0,0.0,40.0,1.0,1.0,1.0,0.0,0.0,0.0,0.0,0.0,0.0,100.0,100.0,100.0,1000.0,1000.0,1000.0,42.30223564333687,0,0,42.30223564333687,0.0,0.0,0,0
677812,64.0,63.5,21.0,0.0,0.0,0.0,40.0,1.0,1.0,1.0,0.0,0.0,0.0,0.0,0.0,0.0,100.0,100.0,100.0,1000.0,1000.0,1000.0,42.30223564333687,0,0,42.30223564333687,0.0,0.0,0,0
678012,64.0,63.5,21.0,0.0,0.0,0.0,40.0,1.0,1.0,1.0,0.0,0.0,0.0,0.0,0.0,0.0,100.0,100.0,100.0,1000.0,1000.0,1000.0,42.30223564333687,0,0,42.30223564333687,0.0,0.0,0,0
678212,64.0,63.5,21.0,0.0,0.0,0.0,40.0,1.0,1.0,1.0,0.0,0.0,0.0,0.0,0.0,0.0,100.0,100.0,100.0,1000.0,1000.0,1000.0,42.30223564333687,0,0,42.30223564333687,0.0,0.0,0,0
678412,64.0,63.5,21.0,0.0,0.0,0.0,40.0,1.0,1.0,1.0,0.0,0.0,0.0,0.0,0.0,0.0,100.0,100.0,100.0,1000.0,1000.0,1000.0,42.30223564333687,0,0,42.30223564333687,0.0,0.0,0,0
678612,64.0,63.5,21.0,0.0,0.0,0.0,40.0,1.0,1.0,1.0,0.0,0.0,0.0,0.0,0.0,0.0,100.0,100.0,100.0,1000.0,1000.0,1000.0,42.30223564333687,0,0,42.30223564333687,0.0,0.0,0,0
678812,64.0,63.5,21.0,0.0,0.0,0.0,40.0,1.0,1.0,1.0,0.0,0.0,0.0,0.0,0.0,0.0,100.0,100.0,100.0,1000.0,1000.0,1000.0,42.30223564333687,0,0,42.30223564333687,0.0,0.0,0,0
679012,64.0,63.5,21.0,0.0,0.0,0.0,40.0,1.0,1.0,1.0,0.0,0.0,0.0,0.0,0.0,0.0,100.0,100.0,100.0,1000.0,1000.0,1000.0,42.30223564333687,0,0,42.30223564333687,0.0,0.0,0,0
679212,64.0,63.5,21.0,0.0,0.0,0.0,40.0,1.0,1.0,1.0,0.0,0.0,0.0,0.0,0.0,0.0,100.0,100.0,100.0,1000.0,1000.0,1000.0,42.30223564333687,0,0,42.30223564333687,0.0,0.0,0,0
679412,64.0,63.5,21.0,0.0,0.0,0.0,40.0,1.0,1.0,1.0,0.0,0.0,0.0,0.0,0.0,0.0,100.0,100.0,100.0,1000.0,1000.0,1000.0,42.30223564333687,0,0,42.30223564333687,0.0,0.0,0,0
679612,64.0,63.5,21.0,0.0,0.0,0.0,40.0,1.0,1.0,1.0,0.0,0.0,0.0,0.0,0.0,0.0,100.0,100.0,100.0,1000.0,1000.0,1000.0,42.30223564333687,0,0,42.30223564333687,0.0,0.0,0,0
679812,64.0,63.5,21.0,0.0,0.0,0.0,40.0,1.0,1.0,1.0,0.0,0.0,0.0,0.0,0.0,0.0,100.0,100.0,100.0,1000.0,1000.0,1000.0,42.30223564333687,0,0,42.30223564333687,0.0,0.0,0,0
680012,64.0,63.5,21.0,0.0,0.0,0.0,40.0,1.0,1.0,1.0,0.0,0.0,0.0,0.0,0.0,0.0,100.0,100.0,100.0,1000.0,1000.0,1000.0,42.30223564333687,0,0,42.30223564333687,0.0,0.0,0,0
680212,64.0,63.5,21.0,0.0,0.0,0.0,40.0,1.0,1.0,1.0,0.0,0.0,0.0,0.0,0.0,0.0,100.0,100.0,100.0,1000.0,1000.0,1000.0,42.30223564333687,0,0,42.30223564333687,0.0,0.0,0,0
680412,64.0,63.5,21.0,0.0,0.0,0.0,40.0,1.0,1.0,1.0,0.0,0.0,0.0,0.0,0.0,0.0,100.0,100.0,100.0,1000.0,1000.0,1000.0,42.30223564333687,0,0,42.30223564333687,0.0,0.0,0,0
680612,64.0,63.5,21.0,0.0,0.0,0.0,40.0,1.0,1.0,1.0,0.0,0.0,0.0,0.0,0.0,0.0,100.0,100.0,100.0,1000.0,1000.0,1000.0,42.30223564333687,0,0,42.30223564333687,0.0,0.0,0,0
680812,64.0,63.5,21.0,0.0,0.0,0.0,40.0,1.0,1.0,1.0,0.0,0.0,0.0,0.0,0.0,0.0,100.0,100.0,100.0,1000.0,1000.0,1000.0,42.30223564333687,0,0,42.30223564333687,0.0,0.0,0,0
681012,64.0,63.5,21.0,0.0,0.0,0.0,40.0,1.0,1.0,1.0,0.0,0.0,0.0,0.0,0.0,0.0,100.0,100.0,100.0,1000.0,1000.0,1000.0,42.30223564333687,0,0,42.30223564333687,0.0,0.0,0,0
681212,64.0,64.0,21.0,0.0,0.0,0.0,40.0,1.0,1.0,1.0,0.0,0.0,0.0,0.0,0.0,0.0,100.0,100.0,100.0,1000.0,1000.0,1000.0,42.30223564333687,0,0,42.30223564333687,0.0,0.0,0,0
681412,64.0,64.0,21.0,0.0,0.0,0.0,40.0,1.0,1.0,1.0,0.0,0.0,0.0,0.0,0.0,0.0,100.0,100.0,100.0,1000.0,1000.0,1000.0,42.30223564333687,0,0,42.30223564333687,0.0,0.0,0,0
681612,64.0,64.0,21.0,0.0,0.0,0.0,40.0,1.0,1.0,1.0,0.0,0.0,0.0,0.0,0.0,0.0,100.0,100.0,100.0,1000.0,1000.0,1000.0,42.30223564333687,0,0,42.30223564333687,0.0,0.0,0,0
681812,64.0,64.0,21.0,0.0,0.0,0.0,40.0,1.0,1.0,1.0,0.0,0.0,0.0,0.0,0.0,0.0,100.0,100.0,100.0,1000.0,1000.0,1000.0,42.30223564333687,0,0,42.30223564333687,0.0,0.0,0,0
682012,64.0,64.0,21.0,0.0,0.0,0.0,40.0,1.0,1.0,1.0,0.0,0.0,0.0,0.0,0.0,0.0,100.0,100.0,100.0,1000.0,1000.0,1000.0,42.30223564333687,0,0,42.30223564333687,0.0,0.0,0,0
682212,64.0,64.0,21.0,0.0,0.0,0.0,40.0,1.0,1.0,1.0,0.0,0.0,0.0,0.0,0.0,0.0,100.0,100.0,100.0,1000.0,1000.0,1000.0,42.30223564333687,0,0,42.30223564333687,0.0,0.0,0,0
682412,64.0,64.0,21.0,0.0,0.0,0.0,40.0,1.0,1.0,1.0,0.0,0.0,0.0,0.0,0.0,0.0,100.0,100.0,100.0,1000.0,1000.0,1000.0,42.30223564333687,0,0,42.30223564333687,0.0,0.0,0,0
682612,64.0,64.0,21.0,0.0,0.0,0.0,40.0,1.0,1.0,1.0,0.0,0.0,0.0,0.0,0.0,0.0,100.0,100.0,100.0,1000.0,1000.0,1000.0,42.30223564333687,0,0,42.30223564333687,0.0,0.0,0,0
682812,64.0,64.0,21.0,0.0,0.0,0.0,40.0,1.0,1.0,1.0,0.0,0.0,0.0,0.0,0.0,0.0,100.0,100.0,100.0,1000.0,1000.0,1000.0,42.30223564333687,0,0,42.30223564333687,0.0,0.0,0,0
683012,64.0,64.0,21.0,0.0,0.0,0.0,40.0,1.0,1.0,1.0,0.0,0.0,0.0,0.0,0.0,0.0,100.0,100.0,100.0,1000.0,1000.0,1000.0,42.30223564333687,0,0,42.30223564333687,0.0,0.0,0,0
683212,64.0,64.0,21.0,0.0,0.0,0.0,40.0,1.0,1.0,1.0,0.0,0.0,0.0,0.0,0.0,0.0,100.0,100.0,100.0,1000.0,1000.0,1000.0,42.30223564333687,0,0,42.30223564333687,0.0,0.0,0,0
683412,64.0,64.0,21.0,0.0,0.0,0.0,40.0,1.0,1.0,1.0,0.0,0.0,0.0,0.0,0.0,0.0,100.0,100.0,100.0,1000.0,1000.0,1000.0,42.30223564333687,0,0,42.30223564333687,0.0,0.0,0,0
683612,64.0,64.0,21.0,0.0,0.0,0.0,40.0,1.0,1.0,1.0,0.0,0.0,0.0,0.0,0.0,0.0,100.0,100.0,100.0,1000.0,1000.0,1000.0,42.30223564333687,0,0,42.30223564333687,0.0,0.0,0,0
683812,64.0,64.0,21.0,0.0,0.0,0.0,40.0,1.0,1.0,1.0,0.0,0.0,0.0,0.0,0.0,0.0,100.0,100.0,100.0,1000.0,1000.0,1000.0,42.30223564333687,0,0,42.30223564333687,0.0,0.0,0,0
684012,64.0,64.0,21.0,0.0,0.0,0.0,40.0,1.0,1.0,1.0,0.0,0.0,0.0,0.0,0.0,0.0,100.0,100.0,100.0,1000.0,1000.0,1000.0,42.30223564333687,0,0,42.30223564333687,0.0,0.0,0,0
684212,64.0,64.0,21.0,0.0,0.0,0.0,40.0,1.0,1.0,1.0,0.0,0.0,0.0,0.0,0.0,0.0,100.0,100.0,100.0,1000.0,1000.0,1000.0,42.30223564333687,0,0,42.30223564333687,0.0,0.0,0,0
684412,64.0,64.0,21.0,0.0,0.0,0.0,40.0,1.0,1.0,1.0,0.0,0.0,0.0,0.0,0.0,0.0,100.0,100.0,100.0,1000.0,1000.0,1000.0,42.30223564333687,0,0,42.30223564333687,0.0,0.0,0,0
684612,64.0,64.0,21.0,0.0,0.0,0.0,40.0,1.0,1.0,1.0,0.0,0.0,0.0,0.0,0.0,0.0,100.0,100.0,100.0,1000.0,1000.0,1000.0,42.30223564333687,0,0,42.30223564333687,0.0,0.0,0,0
684812,64.0,64.0,21.0,0.0,0.0,0.0,40.0,1.0,1.0,1.0,0.0,0.0,0.0,0.0,0.0,0.0,100.0,100.0,100.0,1000.0,1000.0,1000.0,42.30223564333687,0,0,42.30223564333687,0.0,0.0,0,0
685012,64.0,64.0,21.0,0.0,0.0,0.0,40.0,1.0,1.0,1.0,0.0,0.0,0.0,0.0,0.0,0.0,100.0,100.0,100.0,1000.0,1000.0,1000.0,42.30223564333687,0,0,42.30223564333687,0.0,0.0,0,0
685212,64.0,64.0,21.0,0.0,0.0,0.0,40.0,1.0,1.0,1.0,0.0,0.0,0.0,0.0,0.0,0.0,100.0,100.0,100.0,1000.0,1000.0,1000.0,42.30223564333687,0,0,42.30223564333687,0.0,0.0,0,0
685412,64.0,64.0,21.0,0.0,0.0,0.0,40.0,1.0,1.0,1.0,0.0,0.0,0.0,0.0,0.0,0.0,100.0,100.0,100.0,1000.0,1000.0,1000.0,42.30223564333687,0,0,42.30223564333687,0.0,0.0,0,0
685612,64.0,64.0,21.0,0.0,0.0,0.0,40.0,1.0,1.0,1.0,0.0,0.0,0.0,0.0,0.0,0.0,100.0,100.0,100.0,1000.0,1000.0,1000.0,42.30223564333687,0,0,42.30223564333687,0.0,0.0,0,0
685812,64.0,64.0,21.0,0.0,0.0,0.0,40.0,1.0,1.0,1.0,0.0,0.0,0.0,0.0,0.0,0.0,100.0,100.0,100.0,1000.0,1000.0,1000.0,42.30223564333687,0,0,42.30223564333687,0.0,0.0,0,0
686012,64.0,64.0,21.0,0.0,0.0,0.0,40.0,1.0,1.0,1.0,0.0,0.0,0.0,0.0,0.0,0.0,100.0,100.0,100.0,1000.0,1000.0,1000.0,42.30223564333687,0,0,42.30223564333687,0.0,0.0,0,0
686212,64.0,64.0,21.0,0.0,0.0,0.0,40.0,1.0,1.0,1.0,0.0,0.0,0.0,0.0,0.0,0.0,100.0,100.0,100.0,1000.0,1000.0,1000.0,42.30223564333687,0,0,42.30223564333687,0.0,0.0,0,0
686412,64.0,64.0,21.0,0.0,0.0,0.0,40.0,1.0,1.0,1.0,0.0,0.0,0.0,0.0,0.0,0.0,100.0,100.0,100.0,1000.0,1000.0,1000.0,42.30223564333687,0,0,42.30223564333687,0.0,0.0,0,0
686612,64.0,64.0,21.0,0.0,0.0,0.0,40.0,1.0,1.0,1.0,0.0,0.0,0.0,0.0,0.0,0.0,100.0,100.0,100.0,1000.0,1000.0,1000.0,42.30223564333687,0,0,42.30223564333687,0.0,0.0,0,0
686812,64.0,64.0,21.0,0.0,0.0,0.0,40.0,1.0,1.0,1.0,0.0,0.0,0.0,0.0,0.0,0.0,100.0,100.0,100.0,1000.0,1000.0,1000.0,42.30223564333687,0,0,42.30223564333687,0.0,0.0,0,0
687012,64.0,64.0,21.0,0.0,0.0,0.0,40.0,1.0,1.0,1.0,0.0,0.0,0.0,0.0,0.0,0.0,100.0,100.0,100.0,1000.0,1000.0,1000.0,42.30223564333687,0,0,42.30223564333687,0.0,0.0,0,0
687212,64.0,64.0,21.0,0.0,0.0,0.0,40.0,1.0,1.0,1.0,0.0,0.0,0.0,0.0,0.0,0.0,100.0,100.0,100.0,1000.0,1000.0,1000.0,42.30223564333687,0,0,42.30223564333687,0.0,0.0,0,0
687412,64.0,64.0,21.0,0.0,0.0,0.0,40.0,1.0,1.0,1.0,0.0,0.0,0.0,0.0,0.0,0.0,100.0,100.0,100.0,1000.0,1000.0,1000.0,42.30223564333687,0,0,42.30223564333687,0.0,0.0,0,0
687612,64.0,64.0,21.0,0.0,0.0,0.0,40.0,1.0,1.0,1.0,0.0,0.0,0.0,0.0,0.0,0.0,100.0,100.0,100.0,1000.0,1000.0,1000.0,42.30223564333687,0,0,42.30223564333687,0.0,0.0,0,0
687812,64.0,64.0,21.0,0.0,0.0,0.0,40.0,1.0,1.0,1.0,0.0,0.0,0.0,0.0,0.0,0.0,100.0,100.0,100.0,1000.0,1000.0,1000.0,42.30223564333687,0,0,42.30223564333687,0.0,0.0,0,0
688012,64.0,64.0,21.0,0.0,0.0,0.0,40.0,1.0,1.0,1.0,0.0,0.0,0.0,0.0,0.0,0.0,100.0,100.0,100.0,1000.0,1000.0,1000.0,42.30223564333687,0,0,42.30223564333687,0.0,0.0,0,0
688212,64.0,64.0,21.0,0.0,0.0,0.0,40.0,1.0,1.0,1.0,0.0,0.0,0.0,0.0,0.0,0.0,100.0,100.0,100.0,1000.0,1000.0,1000.0,42.30223564333687,0,0,42.30223564333687,0.0,0.0,0,0
688412,64.0,64.0,21.0,0.0,0.0,0.0,40.0,1.0,1.0,1.0,0.0,0.0,0.0,0.0,0.0,0.0,100.0,100.0,100.0,1000.0,1000.0,1000.0,42.30223564333687,0,0,42.30223564333687,0.0,0.0,0,0
688612,64.0,64.0,21.0,0.0,0.0,0.0,40.0,1.0,1.0,1.0,0.0,0.0,0.0,0.0,0.0,0.0,100.0,100.0,100.0,1000.0,1000.0,1000.0,42.30223564333687,0,0,42.30223564333687,0.0,0.0,0,0
688812,64.0,64.0,21.0,0.0,0.0,0.0,40.0,1.0,1.0,1.0,0.0,0.0,0.0,0.0,0.0,0.0,100.0,100.0,100.0,1000.0,1000.0,1000.0,42.30223564333687,0,0,42.30223564333687,0.0,0.0,0,0
689012,64.0,64.0,21.0,0.0,0.0,0.0,40.0,1.0,1.0,1.0,0.0,0.0,0.0,0.0,0.0,0.0,100.0,100.0,100.0,1000.0,1000.0,1000.0,42.30223564333687,0,0,42.30223564333687,0.0,0.0,0,0
689212,64.0,64.0,21.0,0.0,0.0,0.0,40.0,1.0,1.0,1.0,0.0,0.0,0.0,0.0,0.0,0.0,100.0,100.0,100.0,1000.0,1000.0,1000.0,42.30223564333687,0,0,42.30223564333687,0.0,0.0,0,0
689412,64.0,64.0,21.0,0.0,0.0,0.0,40.0,1.0,1.0,1.0,0.0,0.0,0.0,0.0,0.0,0.0,100.0,100.0,100.0,1000.0,1000.0,1000.0,42.30223564333687,0,0,42.30223564333687,0.0,0.0,0,0
689612,64.0,64.0,21.0,0.0,0.0,0.0,40.0,1.0,1.0,1.0,0.0,0.0,0.0,0.0,0.0,0.0,100.0,100.0,100.0,1000.0,1000.0,1000.0,42.30223564333687,0,0,42.30223564333687,0.0,0.0,0,0
689812,64.0,64.0,21.0,0.0,0.0,0.0,40.0,1.0,1.0,1.0,0.0,0.0,0.0,0.0,0.0,0.0,100.0,100.0,100.0,1000.0,1000.0,1000.0,42.30223564333687,0,0,42.30223564333687,0.0,0.0,0,0
690012,64.0,64.0,21.0,0.0,0.0,0.0,40.0,1.0,1.0,1.0,0.0,0.0,0.0,0.0,0.0,0.0,100.0,100.0,100.0,1000.0,1000.0,1000.0,42.30223564333687,0,0,42.30223564333687,0.0,0.0,0,0
690212,64.0,64.0,21.0,0.0,0.0,0.0,40.0,1.0,1.0,1.0,0.0,0.0,0.0,0.0,0.0,0.0,100.0,100.0,100.0,1000.0,1000.0,1000.0,36.38386397659087,0,0,36.38386397659087,0.0,0.0,1,0
690412,64.0,64.0,21.0,0.0,0.0,0.0,40.0,1.0,1.0,1.0,0.0,0.0,0.0,0.0,0.0,0.0,100.0,100.0,100.0,1000.0,1000.0,1000.0,36.38386397659087,0,0,36.38386397659087,0.0,0.0,0,0
690612,64.0,64.0,21.0,0.0,0.0,0.0,40.0,1.0,1.0,1.0,0.0,0.0,0.0,0.0,0.0,0.0,100.0,100.0,100.0,1000.0,1000.0,1000.0,36.38386397659087,0,0,36.38386397659087,0.0,0.0,0,0
690812,64.0,64.0,21.0,0.0,0.0,0.0,40.0,1.0,1.0,1.0,0.0,0.0,0.0,0.0,0.0,0.0,100.0,100.0,100.0,1000.0,1000.0,1000.0,36.38386397659087,0,0,36.38386397659087,0.0,0.0,0,0
691012,64.0,64.0,21.0,0.0,0.0,0.0,40.0,1.0,1.0,1.0,0.0,0.0,0.0,0.0,0.0,0.0,100.0,100.0,100.0,1000.0,1000.0,1000.0,36.38386397659087,0,0,36.38386397659087,0.0,0.0,0,0
691212,64.0,64.0,21.0,0.0,0.0,0.0,40.0,1.0,1.0,1.0,0.0,0.0,0.0,0.0,0.0,0.0,100.0,100.0,100.0,1000.0,1000.0,1000.0,36.38386397659087,0,0,36.38386397659087,0.0,0.0,0,0
691412,64.0,64.0,21.0,0.0,0.0,0.0,40.0,1.0,1.0,1.0,0.0,0.0,0.0,0.0,0.0,0.0,100.0,100.0,100.0,1000.0,1000.0,1000.0,36.38386397659087,0,0,36.38386397659087,0.0,0.0,0,0
691612,64.0,64.0,21.0,0.0,0.0,0.0,40.0,1.0,1.0,1.0,0.0,0.0,0.0,0.0,0.0,0.0,100.0,100.0,100.0,1000.0,1000.0,1000.0,36.38386397659087,0,0,36.38386397659087,0.0,0.0,0,0
691812,64.0,64.0,21.0,0.0,0.0,0.0,40.0,1.0,1.0,1.0,0.0,0.0,0.0,0.0,0.0,0.0,100.0,100.0,100.0,1000.0,1000.0,1000.0,36.38386397659087,0,0,36.38386397659087,0.0,0.0,0,0
692012,64.0,64.0,21.0,0.0,0.0,0.0,40.0,1.0,1.0,1.0,0.0,0.0,0.0,0.0,0.0,0.0,100.0,100.0,100.0,1000.0,1000.0,1000.0,36.38386397659087,0,0,36.38386397659087,0.0,0.0,0,0
692212,64.0,64.0,21.0,0.0,0.0,0.0,40.0,1.0,1.0,1.0,0.0,0.0,0.0,0.0,0.0,0.0,100.0,100.0,100.0,1000.0,1000.0,1000.0,36.38386397659087,0,0,36.38386397659087,0.0,0.0,0,0
692412,64.0,64.0,21.0,0.0,0.0,0.0,40.0,1.0,1.0,1.0,0.0,0.0,0.0,0.0,0.0,0.0,100.0,100.0,100.0,1000.0,1000.0,1000.0,36.38386397659087,0,0,36.38386397659087,0.0,0.0,0,0
692612,64.0,64.0,21.0,0.0,0.0,0.0,40.0,1.0,1.0,1.0,0.0,0.0,0.0,0.0,0.0,0.0,100.0,100.0,100.0,1000.0,1000.0,1000.0,36.38386397659087,0,0,36.38386397659087,0.0,0.0,0,0
692812,64.0,64.0,21.0,0.0,0.0,0.0,40.0,1.0,1.0,1.0,0.0,0.0,0.0,0.0,0.0,0.0,100.0,100.0,100.0,1000.0,1000.0,1000.0,36.38386397659087,0,0,36.38386397659087,0.0,0.0,0,0
693012,64.0,64.0,21.0,0.0,0.0,0.0,40.0,1.0,1.0,1.0,0.0,0.0,0.0,0.0,0.0,0.0,100.0,100.0,100.0,1000.0,1000.0,1000.0,36.38386397659087,0,0,36.38386397659087,0.0,0.0,0,0
693212,64.0,64.0,21.0,0.0,0.0,0.0,40.0,1.0,1.0,1.0,0.0,0.0,0.0,0.0,0.0,0.0,100.0,100.0,100.0,1000.0,1000.0,1000.0,36.38386397659087,0,0,36.38386397659087,0.0,0.0,0,0
693412,64.0,64.0,21.0,0.0,0.0,0.0,40.0,1.0,1.0,1.0,0.0,0.0,0.0,0.0,0.0,0.0,100.0,100.0,100.0,1000.0,1000.0,1000.0,36.38386397659087,0,0,36.38386397659087,0.0,0.0,0,0
693612,64.0,64.0,21.0,0.0,0.0,0.0,40.0,1.0,1.0,1.0,0.0,0.0,0.0,0.0,0.0,0.0,100.0,100.0,100.0,1000.0,1000.0,1000.0,36.38386397659087,0,0,36.38386397659087,0.0,0.0,0,0
693812,64.0,64.0,21.0,0.0,0.0,0.0,40.0,1.0,1.0,1.0,0.0,0.0,0.0,0.0,0.0,0.0,100.0,100.0,100.0,1000.0,1000.0,1000.0,36.38386397659087,0,0,36.38386397659087,0.0,0.0,0,0
694012,64.0,64.0,21.0,0.0,0.0,0.0,40.0,1.0,1.0,1.0,0.0,0.0,0.0,0.0,0.0,0.0,100.0,100.0,100.0,1000.0,1000.0,1000.0,36.38386397659087,0,0,36.38386397659087,0.0,0.0,0,0
694212,64.0,64.0,21.0,0.0,0.0,0.0,40.0,1.0,1.0,1.0,0.0,0.0,0.0,0.0,0.0,0.0,100.0,100.0,100.0,1000.0,1000.0,1000.0,36.38386397659087,0,0,36.38386397659087,0.0,0.0,0,0
694412,64.0,64.0,21.0,0.0,0.0,0.0,40.0,1.0,1.0,1.0,0.0,0.0,0.0,0.0,0.0,0.0,100.0,100.0,100.0,1000.0,1000.0,1000.0,36.38386397659087,0,0,36.38386397659087,0.0,0.0,0,0
694612,64.0,64.0,21.0,0.0,0.0,0.0,40.0,1.0,1.0,1.0,0.0,0.0,0.0,0.0,0.0,0.0,100.0,100.0,100.0,1000.0,1000.0,1000.0,36.38386397659087,0,0,36.38386397659087,0.0,0.0,0,0
694812,64.0,64.0,21.0,0.0,0.0,0.0,40.0,1.0,1.0,1.0,0.0,0.0,0.0,0.0,0.0,0.0,100.0,100.0,100.0,1000.0,1000.0,1000.0,36.38386397659087,0,0,36.38386397659087,0.0,0.0,0,0
695012,64.0,64.0,21.0,0.0,0.0,0.0,40.0,1.0,1.0,1.0,0.0,0.0,0.0,0.0,0.0,0.0,100.0,100.0,100.0,1000.0,1000.0,1000.0,36.38386397659087,0,0,36.38386397659087,0.0,0.0,0,0
695212,63.5,64.0,21.0,0.0,0.0,0.0,40.0,1.0,1.0,1.0,0.0,0.0,0.0,0.0,0.0,0.0,100.0,100.0,100.0,1000.0,1000.0,1000.0,36.38386397659087,0,0,36.38386397659087,0.0,0.0,0,0
695412,63.5,64.0,21.0,0.0,0.0,0.0,40.0,1.0,1.0,1.0,0.0,0.0,0.0,0.0,0.0,0.0,100.0,100.0,100.0,1000.0,1000.0,1000.0,36.38386397659087,0,0,36.38386397659087,0.0,0.0,0,0
695612,63.5,64.0,21.5,0.0,0.0,0.0,40.0,1.0,1.0,1.0,0.0,0.0,0.0,0.0,0.0,0.0,100.0,100.0,100.0,1000.0,1000.0,1000.0,36.38386397659087,0,0,36.38386397659087,0.0,0.0,0,0
695812,63.5,64.0,21.5,0.0,0.0,0.0,40.0,1.0,1.0,1.0,0.0,0.0,0.0,0.0,0.0,0.0,100.0,100.0,100.0,1000.0,1000.0,1000.0,36.38386397659087,0,0,36.38386397659087,0.0,0.0,0,0
696012,63.5,64.0,21.5,0.0,0.0,0.0,40.0,1.0,1.0,1.0,0.0,0.0,0.0,0.0,0.0,0.0,100.0,100.0,100.0,1000.0,1000.0,1000.0,36.38386397659087,0,0,36.38386397659087,0.0,0.0,0,0
696212,63.5,64.0,21.0,0.0,0.0,0.0,40.0,1.0,1.0,1.0,0.0,0.0,0.0,0.0,0.0,0.0,100.0,100.0,100.0,1000.0,1000.0,1000.0,36.38386397659087,0,0,36.38386397659087,0.0,0.0,0,0
696412,63.5,64.0,21.0,0.0,0.0,0.0,40.0,1.0,1.0,1.0,0.0,0.0,0.0,0.0,0.0,0.0,100.0,100.0,100.0,1000.0,1000.0,1000.0,36.38386397659087,0,0,36.38386397659087,0.0,0.0,0,0
696612,63.5,64.0,21.0,0.0,0.0,0.0,40.0,1.0,1.0,1.0,0.0,0.0,0.0,0.0,0.0,0.0,100.0,100.0,100.0,1000.0,1000.0,1000.0,36.38386397659087,0,0,36.38386397659087,0.0,0.0,0,0
696812,63.5,64.0,21.0,0.0,0.0,0.0,40.0,1.0,1.0,1.0,0.0,0.0,0.0,0.0,0.0,0.0,100.0,100.0,100.0,1000.0,1000.0,1000.0,36.38386397659087,0,0,36.38386397659087,0.0,0.0,0,0
697012,63.5,64.0,21.0,0.0,0.0,0.0,40.0,1.0,1.0,1.0,0.0,0.0,0.0,0.0,0.0,0.0,100.0,100.0,100.0,1000.0,1000.0,1000.0,36.38386397659087,0,0,36.38386397659087,0.0,0.0,0,0
697212,63.5,64.0,21.0,0.0,0.0,0.0,40.0,1.0,1.0,1.0,0.0,0.0,0.0,0.0,0.0,0.0,100.0,100.0,100.0,1000.0,1000.0,1000.0,36.38386397659087,0,0,36.38386397659087,0.0,0.0,0,0
697412,63.5,64.0,21.0,0.0,0.0,0.0,40.0,1.0,1.0,1.0,0.0,0.0,0.0,0.0,0.0,0.0,100.0,100.0,100.0,1000.0,1000.0,1000.0,36.38386397659087,0,0,36.38386397659087,0.0,0.0,0,0
697612,63.5,64.0,21.0,0.0,0.0,0.0,40.0,1.0,1.0,1.0,0.0,0.0,0.0,0.0,0.0,0.0,100.0,100.0,100.0,1000.0,1000.0,1000.0,36.38386397659087,0,0,36.38386397659087,0.0,0.0,0,0
697812,63.5,64.0,21.0,0.0,0.0,0.0,40.0,1.0,1.0,1.0,0.0,0.0,0.0,0.0,0.0,0.0,100.0,100.0,100.0,1000.0,1000.0,1000.0,36.38386397659087,0,0,36.38386397659087,0.0,0.0,0,0
698012,63.5,64.0,21.0,0.0,0.0,0.0,40.0,1.0,1.0,1.0,0.0,0.0,0.0,0.0,0.0,0.0,100.0,100.0,100.0,1000.0,1000.0,1000.0,36.38386397659087,0,0,36.38386397659087,0.0,0.0,0,0
698212,63.5,63.5,21.0,0.0,0.0,0.0,40.0,1.0,1.0,1.0,0.0,0.0,0.0,0.0,0.0,0.0,100.0,100.0,100.0,1000.0,1000.0,1000.0,36.38386397659087,0,0,36.38386397659087,0.0,0.0,0,0
698412,63.5,63.5,21.0,0.0,0.0,0.0,40.0,1.0,1.0,1.0,0.0,0.0,0.0,0.0,0.0,0.0,100.0,100.0,100.0,1000.0,1000.0,1000.0,36.38386397659087,0,0,36.38386397659087,0.0,0.0,0,0
698612,63.5,63.5,21.0,0.0,0.0,0.0,40.0,1.0,1.0,1.0,0.0,0.0,0.0,0.0,0.0,0.0,100.0,100.0,100.0,1000.0,1000.0,1000.0,36.38386397659087,0,0,36.38386397659087,0.0,0.0,0,0
698812,63.5,63.5,21.0,0.0,0.0,0.0,40.0,1.0,1.0,1.0,0.0,0.0,0.0,0.0,0.0,0.0,100.0,100.0,100.0,1000.0,1000.0,1000.0,36.38386397659087,0,0,36.38386397659087,0.0,0.0,0,0
699012,63.5,63.5,21.0,0.0,0.0,0.0,40.0,1.0,1.0,1.0,0.0,0.0,0.0,0.0,0.0,0.0,100.0,100.0,100.0,1000.0,1000.0,1000.0,36.38386397659087,0,0,36.38386397659087,0.0,0.0,0,0
699212,63.5,64.0,21.0,0.0,0.0,0.0,40.0,1.0,1.0,1.0,0.0,0.0,0.0,0.0,0.0,0.0,100.0,100.0,100.0,1000.0,1000.0,1000.0,36.38386397659087,0,0,36.38386397659087,0.0,0.0,0,0
699412,63.5,64.0,21.0,0.0,0.0,0.0,40.0,1.0,1.0,1.0,0.0,0.0,0.0,0.0,0.0,0.0,100.0,100.0,100.0,1000.0,1000.0,1000.0,36.38386397659087,0,0,36.38386397659087,0.0,0.0,0,0
699612,63.5,64.0,21.0,0.0,0.0,0.0,40.0,1.0,1.0,1.0,0.0,0.0,0.0,0.0,0.0,0.0,100.0,100.0,100.0,1000.0,1000.0,1000.0,36.38386397659087,0,0,36.38386397659087,0.0,0.0,0,0
699812,63.5,64.0,21.0,0.0,0.0,0.0,40.0,1.0,1.0,1.0,0.0,0.0,0.0,0.0,0.0,0.0,100.0,100.0,100.0,1000.0,1000.0,1000.0,36.38386397659087,0,0,36.38386397659087,0.0,0.0,0,0
700012,63.5,64.0,21.0,0.0,0.0,0.0,40.0,1.0,1.0,1.0,0.0,0.0,0.0,0.0,0.0,0.0,100.0,100.0,100.0,1000.0,1000.0,1000.0,36.38386397659087,0,0,36.38386397659087,0.0,0.0,0,0
700212,63.5,64.0,21.0,0.0,0.0,0.0,40.0,1.0,1.0,1.0,0.0,0.0,0.0,0.0,0.0,0.0,100.0,100.0,100.0,1000.0,1000.0,1000.0,36.38386397659087,0,0,36.38386397659087,0.0,0.0,0,0
700412,63.5,64.0,21.0,0.0,0.0,0.0,40.0,1.0,1.0,1.0,0.0,0.0,0.0,0.0,0.0,0.0,100.0,100.0,100.0,1000.0,1000.0,1000.0,36.38386397659087,0,0,36.38386397659087,0.0,0.0,0,0
700612,63.5,63.5,21.0,0.0,0.0,0.0,40.0,1.0,1.0,1.0,0.0,0.0,0.0,0.0,0.0,0.0,100.0,100.0,100.0,1000.0,1000.0,1000.0,36.38386397659087,0,0,36.38386397659087,0.0,0.0,0,0
700812,63.5,63.5,21.0,0.0,0.0,0.0,40.0,1.0,1.0,1.0,0.0,0.0,0.0,0.0,0.0,0.0,100.0,100.0,100.0,1000.0,1000.0,1000.0,36.38386397659087,0,0,36.38386397659087,0.0,0.0,0,0
701012,63.5,63.5,21.0,0.0,0.0,0.0,40.0,1.0,1.0,1.0,0.0,0.0,0.0,0.0,0.0,0.0,100.0,100.0,100.0,1000.0,1000.0,1000.0,36.38386397659087,0,0,36.38386397659087,0.0,0.0,0,0
701212,63.5,63.5,21.0,0.0,0.0,0.0,40.0,1.0,1.0,1.0,0.0,0.0,0.0,0.0,0.0,0.0,100.0,100.0,100.0,1000.0,1000.0,1000.0,36.38386397659087,0,0,36.38386397659087,0.0,0.0,0,0
701412,63.5,63.5,21.0,0.0,0.0,0.0,40.0,1.0,1.0,1.0,0.0,0.0,0.0,0.0,0.0,0.0,100.0,100.0,100.0,1000.0,1000.0,1000.0,36.38386397659087,0,0,36.38386397659087,0.0,0.0,0,0
701612,63.5,63.5,21.0,0.0,0.0,0.0,40.0,1.0,1.0,1.0,0.0,0.0,0.0,0.0,0.0,0.0,100.0,100.0,100.0,1000.0,1000.0,1000.0,36.38386397659087,0,0,36.38386397659087,0.0,0.0,0,0
701812,63.5,63.5,21.0,0.0,0.0,0.0,40.0,1.0,1.0,1.0,0.0,0.0,0.0,0.0,0.0,0.0,100.0,100.0,100.0,1000.0,1000.0,1000.0,36.38386397659087,0,0,36.38386397659087,0.0,0.0,0,0
702012,63.5,63.5,21.0,0.0,0.0,0.0,40.0,1.0,1.0,1.0,0.0,0.0,0.0,0.0,0.0,0.0,100.0,100.0,100.0,1000.0,1000.0,1000.0,36.38386397659087,0,0,36.38386397659087,0.0,0.0,0,0
702212,63.5,63.5,21.0,0.0,0.0,0.0,40.0,1.0,1.0,1.0,0.0,0.0,0.0,0.0,0.0,0.0,100.0,100.0,100.0,1000.0,1000.0,1000.0,36.38386397659087,0,0,36.38386397659087,0.0,0.0,0,0
702412,63.5,63.5,21.0,0.0,0.0,0.0,40.0,1.0,1.0,1.0,0.0,0.0,0.0,0.0,0.0,0.0,100.0,100.0,100.0,1000.0,1000.0,1000.0,36.38386397659087,0,0,36.38386397659087,0.0,0.0,0,0
702612,63.5,63.5,21.0,0.0,0.0,0.0,40.0,1.0,1.0,1.0,0.0,0.0,0.0,0.0,0.0,0.0,100.0,100.0,100.0,1000.0,1000.0,1000.0,36.38386397659087,0,0,36.38386397659087,0.0,0.0,0,0
702812,63.5,63.5,21.0,0.0,0.0,0.0,40.0,1.0,1.0,1.0,0.0,0.0,0.0,0.0,0.0,0.0,100.0,100.0,100.0,1000.0,1000.0,1000.0,36.38386397659087,0,0,36.38386397659087,0.0,0.0,0,0
703012,63.5,63.5,21.0,0.0,0.0,0.0,40.0,1.0,1.0,1.0,0.0,0.0,0.0,0.0,0.0,0.0,100.0,100.0,100.0,1000.0,1000.0,1000.0,36.38386397659087,0,0,36.38386397659087,0.0,0.0,0,0
703212,63.5,63.5,21.0,0.0,0.0,0.0,40.0,1.0,1.0,1.0,0.0,0.0,0.0,0.0,0.0,0.0,100.0,100.0,100.0,1000.0,1000.0,1000.0,36.38386397659087,0,0,36.38386397659087,0.0,0.0,0,0
703412,63.5,63.5,21.0,0.0,0.0,0.0,40.0,1.0,1.0,1.0,0.0,0.0,0.0,0.0,0.0,0.0,100.0,100.0,100.0,1000.0,1000.0,1000.0,36.38386397659087,0,0,36.38386397659087,0.0,0.0,0,0
703612,63.5,63.5,21.0,0.0,0.0,0.0,40.0,1.0,1.0,1.0,0.0,0.0,0.0,0.0,0.0,0.0,100.0,100.0,100.0,1000.0,1000.0,1000.0,36.38386397659087,0,0,36.38386397659087,0.0,0.0,0,0
703812,63.5,63.5,21.0,0.0,0.0,0.0,40.0,1.0,1.0,1.0,0.0,0.0,0.0,0.0,0.0,0.0,100.0,100.0,100.0,1000.0,1000.0,1000.0,36.38386397659087,0,0,36.38386397659087,0.0,0.0,0,0
704012,63.5,63.5,21.0,0.0,0.0,0.0,40.0,1.0,1.0,1.0,0.0,0.0,0.0,0.0,0.0,0.0,100.0,100.0,100.0,1000.0,1000.0,1000.0,36.38386397659087,0,0,36.38386397659087,0.0,0.0,0,0
704212,63.5,63.5,21.0,0.0,0.0,0.0,40.0,1.0,1.0,1.0,0.0,0.0,0.0,0.0,0.0,0.0,100.0,100.0,100.0,1000.0,1000.0,1000.0,36.38386397659087,0,0,36.38386397659087,0.0,0.0,0,0
704412,63.5,63.5,21.0,0.0,0.0,0.0,40.0,1.0,1.0,1.0,0.0,0.0,0.0,0.0,0.0,0.0,100.0,100.0,100.0,1000.0,1000.0,1000.0,36.38386397659087,0,0,36.38386397659087,0.0,0.0,0,0
704612,63.0,63.5,21.5,0.0,0.0,0.0,40.0,1.0,1.0,1.0,0.0,0.0,0.0,0.0,0.0,0.0,100.0,100.0,100.0,1000.0,1000.0,1000.0,36.38386397659087,0,0,36.38386397659087,0.0,0.0,0,0
704812,63.0,63.5,21.5,0.0,0.0,0.0,40.0,1.0,1.0,1.0,0.0,0.0,0.0,0.0,0.0,0.0,100.0,100.0,100.0,1000.0,1000.0,1000.0,36.38386397659087,0,0,36.38386397659087,0.0,0.0,0,0
705012,63.0,63.5,21.5,0.0,0.0,0.0,40.0,1.0,1.0,1.0,0.0,0.0,0.0,0.0,0.0,0.0,100.0,100.0,100.0,1000.0,1000.0,1000.0,36.38386397659087,0,0,36.38386397659087,0.0,0.0,0,0
705212,63.0,63.5,21.5,0.0,0.0,0.0,40.0,1.0,1.0,1.0,0.0,0.0,0.0,0.0,0.0,0.0,100.0,100.0,100.0,1000.0,1000.0,1000.0,50.49597980989776,0,0,50.49597980989776,0.0,0.0,1,0
705412,63.0,63.5,21.5,0.0,0.0,0.0,40.0,1.0,1.0,1.0,0.0,0.0,0.0,0.0,0.0,0.0,100.0,100.0,100.0,1000.0,1000.0,1000.0,50.49597980989776,0,0,50.49597980989776,0.0,0.0,0,0
705612,63.0,63.5,21.5,0.0,0.0,0.0,40.0,1.0,1.0,1.0,0.0,0.0,0.0,0.0,0.0,0.0,100.0,100.0,100.0,1000.0,1000.0,1000.0,50.49597980989776,0,0,50.49597980989776,0.0,0.0,0,0
705812,63.0,63.5,21.5,0.0,0.0,0.0,40.0,1.0,1.0,1.0,0.0,0.0,0.0,0.0,0.0,0.0,100.0,100.0,100.0,1000.0,1000.0,1000.0,50.49597980989776,0,0,50.49597980989776,0.0,0.0,0,0
706012,63.0,63.5,21.5,0.0,0.0,0.0,40.0,1.0,1.0,1.0,0.0,0.0,0.0,0.0,0.0,0.0,100.0,100.0,100.0,1000.0,1000.0,1000.0,50.49597980989776,0,0,50.49597980989776,0.0,0.0,0,0
706212,63.0,63.5,21.5,0.0,0.0,0.0,40.0,1.0,1.0,1.0,0.0,0.0,0.0,0.0,0.0,0.0,100.0,100.0,100.0,1000.0,1000.0,1000.0,50.49597980989776,0,0,50.49597980989776,0.0,0.0,0,0
706412,63.0,63.5,21.5,0.0,0.0,0.0,40.0,1.0,1.0,1.0,0.0,0.0,0.0,0.0,0.0,0.0,100.0,100.0,100.0,1000.0,1000.0,1000.0,50.49597980989776,0,0,50.49597980989776,0.0,0.0,0,0
706612,63.0,63.5,21.5,0.0,0.0,0.0,40.0,1.0,1.0,1.0,0.0,0.0,0.0,0.0,0.0,0.0,100.0,100.0,100.0,1000.0,1000.0,1000.0,50.49597980989776,0,0,50.49597980989776,0.0,0.0,0,0
706812,63.0,63.5,21.5,0.0,0.0,0.0,40.0,1.0,1.0,1.0,0.0,0.0,0.0,0.0,0.0,0.0,100.0,100.0,100.0,1000.0,1000.0,1000.0,50.49597980989776,0,0,50.49597980989776,0.0,0.0,0,0
707012,63.0,63.5,21.5,0.0,0.0,0.0,40.0,1.0,1.0,1.0,0.0,0.0,0.0,0.0,0.0,0.0,100.0,100.0,100.0,1000.0,1000.0,1000.0,50.49597980989776,0,0,50.49597980989776,0.0,0.0,0,0
707212,63.0,63.5,21.0,0.0,0.0,0.0,40.0,1.0,1.0,1.0,0.0,0.0,0.0,0.0,0.0,0.0,100.0,100.0,100.0,1000.0,1000.0,1000.0,50.49597980989776,0,0,50.49597980989776,0.0,0.0,0,0
707412,63.0,63.5,21.0,0.0,0.0,0.0,40.0,1.0,1.0,1.0,0.0,0.0,0.0,0.0,0.0,0.0,100.0,100.0,100.0,1000.0,1000.0,1000.0,50.49597980989776,0,0,50.49597980989776,0.0,0.0,0,0
707612,63.0,63.5,21.0,0.0,0.0,0.0,40.0,1.0,1.0,1.0,0.0,0.0,0.0,0.0,0.0,0.0,100.0,100.0,100.0,1000.0,1000.0,1000.0,50.49597980989776,0,0,50.49597980989776,0.0,0.0,0,0
707812,63.0,63.5,21.0,0.0,0.0,0.0,40.0,1.0,1.0,1.0,0.0,0.0,0.0,0.0,0.0,0.0,100.0,100.0,100.0,1000.0,1000.0,1000.0,50.49597980989776,0,0,50.49597980989776,0.0,0.0,0,0
708012,63.0,63.5,21.0,0.0,0.0,0.0,40.0,1.0,1.0,1.0,0.0,0.0,0.0,0.0,0.0,0.0,100.0,100.0,100.0,1000.0,1000.0,1000.0,50.49597980989776,0,0,50.49597980989776,0.0,0.0,0,0
708212,63.0,63.5,21.5,0.0,0.0,0.0,40.0,1.0,1.0,1.0,0.0,0.0,0.0,0.0,0.0,0.0,100.0,100.0,100.0,1000.0,1000.0,1000.0,50.49597980989776,0,0,50.49597980989776,0.0,0.0,0,0
708412,63.0,63.5,21.5,0.0,0.0,0.0,40.0,1.0,1.0,1.0,0.0,0.0,0.0,0.0,0.0,0.0,100.0,100.0,100.0,1000.0,1000.0,1000.0,50.49597980989776,0,0,50.49597980989776,0.0,0.0,0,0
708612,63.0,63.5,21.5,0.0,0.0,0.0,40.0,1.0,1.0,1.0,0.0,0.0,0.0,0.0,0.0,0.0,100.0,100.0,100.0,1000.0,1000.0,1000.0,50.49597980989776,0,0,50.49597980989776,0.0,0.0,0,0
708812,63.0,63.5,21.5,0.0,0.0,0.0,40.0,1.0,1.0,1.0,0.0,0.0,0.0,0.0,0.0,0.0,100.0,100.0,100.0,1000.0,1000.0,1000.0,50.49597980989776,0,0,50.49597980989776,0.0,0.0,0,0
709012,63.0,63.5,21.5,0.0,0.0,0.0,40.0,1.0,1.0,1.0,0.0,0.0,0.0,0.0,0.0,0.0,100.0,100.0,100.0,1000.0,1000.0,1000.0,50.49597980989776,0,0,50.49597980989776,0.0,0.0,0,0
709212,63.0,63.5,21.0,0.0,0.0,0.0,40.0,1.0,1.0,1.0,0.0,0.0,0.0,0.0,0.0,0.0,100.0,100.0,100.0,1000.0,1000.0,1000.0,50.49597980989776,0,0,50.49597980989776,0.0,0.0,0,0
709412,63.0,63.5,21.0,0.0,0.0,0.0,40.0,1.0,1.0,1.0,0.0,0.0,0.0,0.0,0.0,0.0,100.0,100.0,100.0,1000.0,1000.0,1000.0,50.49597980989776,0,0,50.49597980989776,0.0,0.0,0,0
709612,63.0,63.5,21.0,0.0,0.0,0.0,40.0,1.0,1.0,1.0,0.0,0.0,0.0,0.0,0.0,0.0,100.0,100.0,100.0,1000.0,1000.0,1000.0,50.49597980989776,0,0,50.49597980989776,0.0,0.0,0,0
709812,63.0,63.5,21.0,0.0,0.0,0.0,40.0,1.0,1.0,1.0,0.0,0.0,0.0,0.0,0.0,0.0,100.0,100.0,100.0,1000.0,1000.0,1000.0,50.49597980989776,0,0,50.49597980989776,0.0,0.0,0,0
710012,63.0,63.5,21.0,0.0,0.0,0.0,40.0,1.0,1.0,1.0,0.0,0.0,0.0,0.0,0.0,0.0,100.0,100.0,100.0,1000.0,1000.0,1000.0,50.49597980989776,0,0,50.49597980989776,0.0,0.0,0,0
710212,63.0,63.5,21.5,0.0,0.0,0.0,40.0,1.0,1.0,1.0,0.0,0.0,0.0,0.0,0.0,0.0,100.0,100.0,100.0,1000.0,1000.0,1000.0,50.49597980989776,0,0,50.49597980989776,0.0,0.0,0,0
710412,63.0,63.5,21.5,0.0,0.0,0.0,40.0,1.0,1.0,1.0,0.0,0.0,0.0,0.0,0.0,0.0,100.0,100.0,100.0,1000.0,1000.0,1000.0,50.49597980989776,0,0,50.49597980989776,0.0,0.0,0,0
710612,63.0,63.5,21.5,0.0,0.0,0.0,40.0,1.0,1.0,1.0,0.0,0.0,0.0,0.0,0.0,0.0,100.0,100.0,100.0,1000.0,1000.0,1000.0,50.49597980989776,0,0,50.49597980989776,0.0,0.0,0,0
710812,63.0,63.5,21.5,0.0,0.0,0.0,40.0,1.0,1.0,1.0,0.0,0.0,0.0,0.0,0.0,0.0,100.0,100.0,100.0,1000.0,1000.0,1000.0,50.49597980989776,0,0,50.49597980989776,0.0,0.0,0,0
711012,63.0,63.5,21.5,0.0,0.0,0.0,40.0,1.0,1.0,1.0,0.0,0.0,0.0,0.0,0.0,0.0,100.0,100.0,100.0,1000.0,1000.0,1000.0,50.49597980989776,0,0,50.49597980989776,0.0,0.0,0,0
711212,63.0,63.5,21.5,0.0,0.0,0.0,40.0,1.0,1.0,1.0,0.0,0.0,0.0,0.0,0.0,0.0,100.0,100.0,100.0,1000.0,1000.0,1000.0,50.49597980989776,0,0,50.49597980989776,0.0,0.0,0,0
711412,63.0,63.5,21.5,0.0,0.0,0.0,40.0,1.0,1.0,1.0,0.0,0.0,0.0,0.0,0.0,0.0,100.0,100.0,100.0,1000.0,1000.0,1000.0,50.49597980989776,0,0,50.49597980989776,0.0,0.0,0,0
711612,63.0,63.5,21.5,0.0,0.0,0.0,40.0,1.0,1.0,1.0,0.0,0.0,0.0,0.0,0.0,0.0,100.0,100.0,100.0,1000.0,1000.0,1000.0,50.49597980989776,0,0,50.49597980989776,0.0,0.0,0,0
711812,63.0,63.5,21.5,0.0,0.0,0.0,40.0,1.0,1.0,1.0,0.0,0.0,0.0,0.0,0.0,0.0,100.0,100.0,100.0,1000.0,1000.0,1000.0,50.49597980989776,0,0,50.49597980989776,0.0,0.0,0,0
712012,63.0,63.5,21.5,0.0,0.0,0.0,40.0,1.0,1.0,1.0,0.0,0.0,0.0,0.0,0.0,0.0,100.0,100.0,100.0,1000.0,1000.0,1000.0,50.49597980989776,0,0,50.49597980989776,0.0,0.0,0,0
712212,63.0,63.5,21.0,0.0,0.0,0.0,40.0,1.0,1.0,1.0,0.0,0.0,0.0,0.0,0.0,0.0,100.0,100.0,100.0,1000.0,1000.0,1000.0,50.49597980989776,0,0,50.49597980989776,0.0,0.0,0,0
712412,63.0,63.5,21.0,0.0,0.0,0.0,40.0,1.0,1.0,1.0,0.0,0.0,0.0,0.0,0.0,0.0,100.0,100.0,100.0,1000.0,1000.0,1000.0,50.49597980989776,0,0,50.49597980989776,0.0,0.0,0,0
712612,63.0,63.5,21.0,0.0,0.0,0.0,40.0,1.0,1.0,1.0,0.0,0.0,0.0,0.0,0.0,0.0,100.0,100.0,100.0,1000.0,1000.0,1000.0,50.49597980989776,0,0,50.49597980989776,0.0,0.0,0,0
712812,63.0,63.5,21.0,0.0,0.0,0.0,40.0,1.0,1.0,1.0,0.0,0.0,0.0,0.0,0.0,0.0,100.0,100.0,100.0,1000.0,1000.0,1000.0,50.49597980989776,0,0,50.49597980989776,0.0,0.0,0,0
713012,63.0,63.5,21.0,0.0,0.0,0.0,40.0,1.0,1.0,1.0,0.0,0.0,0.0,0.0,0.0,0.0,100.0,100.0,100.0,1000.0,1000.0,1000.0,50.49597980989776,0,0,50.49597980989776,0.0,0.0,0,0
713212,63.0,63.0,21.5,0.0,0.0,0.0,40.0,1.0,1.0,1.0,0.0,0.0,0.0,0.0,0.0,0.0,100.0,100.0,100.0,1000.0,1000.0,1000.0,50.49597980989776,0,0,50.49597980989776,0.0,0.0,0,0
713412,63.0,63.0,21.5,0.0,0.0,0.0,40.0,1.0,1.0,1.0,0.0,0.0,0.0,0.0,0.0,0.0,100.0,100.0,100.0,1000.0,1000.0,1000.0,50.49597980989776,0,0,50.49597980989776,0.0,0.0,0,0
713612,63.0,63.0,21.5,0.0,0.0,0.0,40.0,1.0,1.0,1.0,0.0,0.0,0.0,0.0,0.0,0.0,100.0,100.0,100.0,1000.0,1000.0,1000.0,50.49597980989776,0,0,50.49597980989776,0.0,0.0,0,0
713812,63.0,63.0,21.5,0.0,0.0,0.0,40.0,1.0,1.0,1.0,0.0,0.0,0.0,0.0,0.0,0.0,100.0,100.0,100.0,1000.0,1000.0,1000.0,50.49597980989776,0,0,50.49597980989776,0.0,0.0,0,0
714012,63.0,63.0,21.5,0.0,0.0,0.0,40.0,1.0,1.0,1.0,0.0,0.0,0.0,0.0,0.0,0.0,100.0,100.0,100.0,1000.0,1000.0,1000.0,50.49597980989776,0,0,50.49597980989776,0.0,0.0,0,0
714212,63.0,63.0,21.5,0.0,0.0,0.0,40.0,1.0,1.0,1.0,0.0,0.0,0.0,0.0,0.0,0.0,100.0,100.0,100.0,1000.0,1000.0,1000.0,50.49597980989776,0,0,50.49597980989776,0.0,0.0,0,0
714412,63.0,63.0,21.5,0.0,0.0,0.0,40.0,1.0,1.0,1.0,0.0,0.0,0.0,0.0,0.0,0.0,100.0,100.0,100.0,1000.0,1000.0,1000.0,50.49597980989776,0,0,50.49597980989776,0.0,0.0,0,0
714612,63.0,63.0,21.5,0.0,0.0,0.0,40.0,1.0,1.0,1.0,0.0,0.0,0.0,0.0,0.0,0.0,100.0,100.0,100.0,1000.0,1000.0,1000.0,50.49597980989776,0,0,50.49597980989776,0.0,0.0,0,0
714812,63.0,63.0,21.5,0.0,0.0,0.0,40.0,1.0,1.0,1.0,0.0,0.0,0.0,0.0,0.0,0.0,100.0,100.0,100.0,1000.0,1000.0,1000.0,50.49597980989776,0,0,50.49597980989776,0.0,0.0,0,0
715012,63.0,63.0,21.5,0.0,0.0,0.0,40.0,1.0,1.0,1.0,0.0,0.0,0.0,0.0,0.0,0.0,100.0,100.0,100.0,1000.0,1000.0,1000.0,50.49597980989776,0,0,50.49597980989776,0.0,0.0,0,0
715212,63.0,63.0,21.5,0.0,0.0,0.0,40.0,1.0,1.0,1.0,0.0,0.0,0.0,0.0,0.0,0.0,100.0,100.0,100.0,1000.0,1000.0,1000.0,50.49597980989776,0,0,50.49597980989776,0.0,0.0,0,0
715412,63.0,63.0,21.5,0.0,0.0,0.0,40.0,1.0,1.0,1.0,0.0,0.0,0.0,0.0,0.0,0.0,100.0,100.0,100.0,1000.0,1000.0,1000.0,50.49597980989776,0,0,50.49597980989776,0.0,0.0,0,0
715612,63.0,63.0,21.5,0.0,0.0,0.0,40.0,1.0,1.0,1.0,0.0,0.0,0.0,0.0,0.0,0.0,100.0,100.0,100.0,1000.0,1000.0,1000.0,50.49597980989776,0,0,50.49597980989776,0.0,0.0,0,0
715812,63.0,63.0,21.5,0.0,0.0,0.0,40.0,1.0,1.0,1.0,0.0,0.0,0.0,0.0,0.0,0.0,100.0,100.0,100.0,1000.0,1000.0,1000.0,50.49597980989776,0,0,50.49597980989776,0.0,0.0,0,0
716012,63.0,63.0,21.5,0.0,0.0,0.0,40.0,1.0,1.0,1.0,0.0,0.0,0.0,0.0,0.0,0.0,100.0,100.0,100.0,1000.0,1000.0,1000.0,50.49597980989776,0,0,50.49597980989776,0.0,0.0,0,0
716212,63.0,63.0,21.5,0.0,0.0,0.0,40.0,1.0,1.0,1.0,0.0,0.0,0.0,0.0,0.0,0.0,100.0,100.0,100.0,1000.0,1000.0,1000.0,50.49597980989776,0,0,50.49597980989776,0.0,0.0,0,0
716412,63.0,63.0,21.5,0.0,0.0,0.0,40.0,1.0,1.0,1.0,0.0,0.0,0.0,0.0,0.0,0.0,100.0,100.0,100.0,1000.0,1000.0,1000.0,50.49597980989776,0,0,50.49597980989776,0.0,0.0,0,0
716612,63.0,63.0,21.5,0.0,0.0,0.0,40.0,1.0,1.0,1.0,0.0,0.0,0.0,0.0,0.0,0.0,100.0,100.0,100.0,1000.0,1000.0,1000.0,50.49597980989776,0,0,50.49597980989776,0.0,0.0,0,0
716812,63.0,63.0,21.5,0.0,0.0,0.0,40.0,1.0,1.0,1.0,0.0,0.0,0.0,0.0,0.0,0.0,100.0,100.0,100.0,1000.0,1000.0,1000.0,50.49597980989776,0,0,50.49597980989776,0.0,0.0,0,0
717012,63.0,63.0,21.5,0.0,0.0,0.0,40.0,1.0,1.0,1.0,0.0,0.0,0.0,0.0,0.0,0.0,100.0,100.0,100.0,1000.0,1000.0,1000.0,50.49597980989776,0,0,50.49597980989776,0.0,0.0,0,0
717212,63.0,63.0,21.0,0.0,0.0,0.0,40.0,1.0,1.0,1.0,0.0,0.0,0.0,0.0,0.0,0.0,100.0,100.0,100.0,1000.0,1000.0,1000.0,50.49597980989776,0,0,50.49597980989776,0.0,0.0,0,0
717412,62.5,63.0,21.0,0.0,0.0,0.0,40.0,1.0,1.0,1.0,0.0,0.0,0.0,0.0,0.0,0.0,100.0,100.0,100.0,1000.0,1000.0,1000.0,50.49597980989776,0,0,50.49597980989776,0.0,0.0,0,0
717612,62.5,63.0,21.5,0.0,0.0,0.0,40.0,1.0,1.0,1.0,0.0,0.0,0.0,0.0,0.0,0.0,100.0,100.0,100.0,1000.0,1000.0,1000.0,50.49597980989776,0,0,50.49597980989776,0.0,0.0,0,0
717812,62.5,63.0,21.5,0.0,0.0,0.0,40.0,1.0,1.0,1.0,0.0,0.0,0.0,0.0,0.0,0.0,100.0,100.0,100.0,1000.0,1000.0,1000.0,50.49597980989776,0,0,50.49597980989776,0.0,0.0,0,0
718012,62.5,63.0,21.5,0.0,0.0,0.0,40.0,1.0,1.0,1.0,0.0,0.0,0.0,0.0,0.0,0.0,100.0,100.0,100.0,1000.0,1000.0,1000.0,50.49597980989776,0,0,50.49597980989776,0.0,0.0,0,0
718212,62.5,63.0,21.5,0.0,0.0,0.0,40.0,1.0,1.0,1.0,0.0,0.0,0.0,0.0,0.0,0.0,100.0,100.0,100.0,1000.0,1000.0,1000.0,50.49597980989776,0,0,50.49597980989776,0.0,0.0,0,0
718412,62.5,63.0,21.5,0.0,0.0,0.0,40.0,1.0,1.0,1.0,0.0,0.0,0.0,0.0,0.0,0.0,100.0,100.0,100.0,1000.0,1000.0,1000.0,50.49597980989776,0,0,50.49597980989776,0.0,0.0,0,0
718612,62.5,63.0,21.5,0.0,0.0,0.0,40.0,1.0,1.0,1.0,0.0,0.0,0.0,0.0,0.0,0.0,100.0,100.0,100.0,1000.0,1000.0,1000.0,50.49597980989776,0,0,50.49597980989776,0.0,0.0,0,0
718812,62.5,63.0,21.5,0.0,0.0,0.0,40.0,1.0,1.0,1.0,0.0,0.0,0.0,0.0,0.0,0.0,100.0,100.0,100.0,1000.0,1000.0,1000.0,50.49597980989776,0,0,50.49597980989776,0.0,0.0,0,0
719012,62.5,63.0,21.5,0.0,0.0,0.0,40.0,1.0,1.0,1.0,0.0,0.0,0.0,0.0,0.0,0.0,100.0,100.0,100.0,1000.0,1000.0,1000.0,50.49597980989776,0,0,50.49597980989776,0.0,0.0,0,0
719212,62.5,63.0,21.5,0.0,0.0,0.0,40.0,1.0,1.0,1.0,0.0,0.0,0.0,0.0,0.0,0.0,100.0,100.0,100.0,1000.0,1000.0,1000.0,50.49597980989776,0,0,50.49597980989776,0.0,0.0,0,0
719412,62.5,63.0,21.5,0.0,0.0,0.0,40.0,1.0,1.0,1.0,0.0,0.0,0.0,0.0,0.0,0.0,100.0,100.0,100.0,1000.0,1000.0,1000.0,50.49597980989776,0,0,50.49597980989776,0.0,0.0,0,0
719612,62.5,63.0,21.0,0.0,0.0,0.0,40.0,1.0,1.0,1.0,0.0,0.0,0.0,0.0,0.0,0.0,100.0,100.0,100.0,1000.0,1000.0,1000.0,50.49597980989776,0,0,50.49597980989776,0.0,0.0,0,0
719812,62.5,63.0,21.0,0.0,0.0,0.0,40.0,1.0,1.0,1.0,0.0,0.0,0.0,0.0,0.0,0.0,100.0,100.0,100.0,1000.0,1000.0,1000.0,50.49597980989776,0,0,50.49597980989776,0.0,0.0,0,0
720012,62.5,63.0,21.0,0.0,0.0,0.0,40.0,1.0,1.0,1.0,0.0,0.0,0.0,0.0,0.0,0.0,100.0,100.0,100.0,1000.0,1000.0,1000.0,50.49597980989776,0,0,50.49597980989776,0.0,0.0,0,0
720212,62.5,63.0,21.5,0.0,0.0,0.0,40.0,1.0,1.0,1.0,0.0,0.0,0.0,0.0,0.0,0.0,100.0,100.0,100.0,1000.0,1000.0,1000.0,54.23057814322229,0,0,54.23057814322229,0.0,0.0,1,0
720412,62.5,63.0,21.5,0.0,0.0,0.0,40.0,1.0,1.0,1.0,0.0,0.0,0.0,0.0,0.0,0.0,100.0,100.0,100.0,1000.0,1000.0,1000.0,54.23057814322229,0,0,54.23057814322229,0.0,0.0,0,0
720612,62.5,63.0,21.5,0.0,0.0,0.0,40.0,1.0,1.0,1.0,0.0,0.0,0.0,0.0,0.0,0.0,100.0,100.0,100.0,1000.0,1000.0,1000.0,54.23057814322229,0,0,54.23057814322229,0.0,0.0,0,0
720812,62.5,63.0,21.5,0.0,0.0,0.0,40.0,1.0,1.0,1.0,0.0,0.0,0.0,0.0,0.0,0.0,100.0,100.0,100.0,1000.0,1000.0,1000.0,54.23057814322229,0,0,54.23057814322229,0.0,0.0,0,0
721012,62.5,63.0,21.5,0.0,0.0,0.0,40.0,1.0,1.0,1.0,0.0,0.0,0.0,0.0,0.0,0.0,100.0,100.0,100.0,1000.0,1000.0,1000.0,54.23057814322229,0,0,54.23057814322229,0.0,0.0,0,0
721212,62.5,63.0,21.5,0.0,0.0,0.0,40.0,1.0,1.0,1.0,0.0,0.0,0.0,0.0,0.0,0.0,100.0,100.0,100.0,1000.0,1000.0,1000.0,54.23057814322229,0,0,54.23057814322229,0.0,0.0,0,0
721412,62.5,63.0,21.5,0.0,0.0,0.0,40.0,1.0,1.0,1.0,0.0,0.0,0.0,0.0,0.0,0.0,100.0,100.0,100.0,1000.0,1000.0,1000.0,54.23057814322229,0,0,54.23057814322229,0.0,0.0,0,0
721612,62.5,63.0,21.5,0.0,0.0,0.0,40.0,1.0,1.0,1.0,0.0,0.0,0.0,0.0,0.0,0.0,100.0,100.0,100.0,1000.0,1000.0,1000.0,54.23057814322229,0,0,54.23057814322229,0.0,0.0,0,0
721812,62.5,63.0,21.5,0.0,0.0,0.0,40.0,1.0,1.0,1.0,0.0,0.0,0.0,0.0,0.0,0.0,100.0,100.0,100.0,1000.0,1000.0,1000.0,54.23057814322229,0,0,54.23057814322229,0.0,0.0,0,0
722012,62.5,63.0,21.5,0.0,0.0,0.0,40.0,1.0,1.0,1.0,0.0,0.0,0.0,0.0,0.0,0.0,100.0,100.0,100.0,1000.0,1000.0,1000.0,54.23057814322229,0,0,54.23057814322229,0.0,0.0,0,0
722212,62.5,63.0,21.5,0.0,0.0,0.0,40.0,1.0,1.0,1.0,0.0,0.0,0.0,0.0,0.0,0.0,100.0,100.0,100.0,1000.0,1000.0,1000.0,54.23057814322229,0,0,54.23057814322229,0.0,0.0,0,0
722412,62.5,63.0,21.5,0.0,0.0,0.0,40.0,1.0,1.0,1.0,0.0,0.0,0.0,0.0,0.0,0.0,100.0,100.0,100.0,1000.0,1000.0,1000.0,54.23057814322229,0,0,54.23057814322229,0.0,0.0,0,0
722612,62.5,63.0,21.5,0.0,0.0,0.0,40.0,1.0,1.0,1.0,0.0,0.0,0.0,0.0,0.0,0.0,100.0,100.0,100.0,1000.0,1000.0,1000.0,54.23057814322229,0,0,54.23057814322229,0.0,0.0,0,0
722812,62.5,63.0,21.5,0.0,0.0,0.0,40.0,1.0,1.0,1.0,0.0,0.0,0.0,0.0,0.0,0.0,100.0,100.0,100.0,1000.0,1000.0,1000.0,54.23057814322229,0,0,54.23057814322229,0.0,0.0,0,0
723012,62.5,63.0,21.5,0.0,0.0,0.0,40.0,1.0,1.0,1.0,0.0,0.0,0.0,0.0,0.0,0.0,100.0,100.0,100.0,1000.0,1000.0,1000.0,54.23057814322229,0,0,54.23057814322229,0.0,0.0,0,0
723212,62.5,63.0,21.5,0.0,0.0,0.0,40.0,1.0,1.0,1.0,0.0,0.0,0.0,0.0,0.0,0.0,100.0,100.0,100.0,1000.0,1000.0,1000.0,54.23057814322229,0,0,54.23057814322229,0.0,0.0,0,0
723412,62.5,63.0,21.5,0.0,0.0,0.0,40.0,1.0,1.0,1.0,0.0,0.0,0.0,0.0,0.0,0.0,100.0,100.0,100.0,1000.0,1000.0,1000.0,54.23057814322229,0,0,54.23057814322229,0.0,0.0,0,0
723612,62.5,63.0,21.5,0.0,0.0,0.0,40.0,1.0,1.0,1.0,0.0,0.0,0.0,0.0,0.0,0.0,100.0,100.0,100.0,1000.0,1000.0,1000.0,54.23057814322229,0,0,54.23057814322229,0.0,0.0,0,0
723812,62.5,63.0,21.5,0.0,0.0,0.0,40.0,1.0,1.0,1.0,0.0,0.0,0.0,0.0,0.0,0.0,100.0,100.0,100.0,1000.0,1000.0,1000.0,54.23057814322229,0,0,54.23057814322229,0.0,0.0,0,0
724012,62.5,63.0,21.5,0.0,0.0,0.0,40.0,1.0,1.0,1.0,0.0,0.0,0.0,0.0,0.0,0.0,100.0,100.0,100.0,1000.0,1000.0,1000.0,54.23057814322229,0,0,54.23057814322229,0.0,0.0,0,0
724212,62.5,63.0,21.5,0.0,0.0,0.0,40.0,1.0,1.0,1.0,0.0,0.0,0.0,0.0,0.0,0.0,100.0,100.0,100.0,1000.0,1000.0,1000.0,54.23057814322229,0,0,54.23057814322229,0.0,0.0,0,0
724412,62.5,63.0,21.5,0.0,0.0,0.0,40.0,1.0,1.0,1.0,0.0,0.0,0.0,0.0,0.0,0.0,100.0,100.0,100.0,1000.0,1000.0,1000.0,54.23057814322229,0,0,54.23057814322229,0.0,0.0,0,0
724612,62.5,63.0,21.5,0.0,0.0,0.0,40.0,1.0,1.0,1.0,0.0,0.0,0.0,0.0,0.0,0.0,100.0,100.0,100.0,1000.0,1000.0,1000.0,54.23057814322229,0,0,54.23057814322229,0.0,0.0,0,0
724812,62.5,63.0,21.5,0.0,0.0,0.0,40.0,1.0,1.0,1.0,0.0,0.0,0.0,0.0,0.0,0.0,100.0,100.0,100.0,1000.0,1000.0,1000.0,54.23057814322229,0,0,54.23057814322229,0.0,0.0,0,0
725012,62.5,63.0,21.5,0.0,0.0,0.0,40.0,1.0,1.0,1.0,0.0,0.0,0.0,0.0,0.0,0.0,100.0,100.0,100.0,1000.0,1000.0,1000.0,54.23057814322229,0,0,54.23057814322229,0.0,0.0,0,0
725212,62.5,63.0,21.5,0.0,0.0,0.0,40.0,1.0,1.0,1.0,0.0,0.0,0.0,0.0,0.0,0.0,100.0,100.0,100.0,1000.0,1000.0,1000.0,54.23057814322229,0,0,54.23057814322229,0.0,0.0,0,0
725412,62.5,63.0,21.5,0.0,0.0,0.0,40.0,1.0,1.0,1.0,0.0,0.0,0.0,0.0,0.0,0.0,100.0,100.0,100.0,1000.0,1000.0,1000.0,54.23057814322229,0,0,54.23057814322229,0.0,0.0,0,0
725612,62.5,63.0,21.5,0.0,0.0,0.0,40.0,1.0,1.0,1.0,0.0,0.0,0.0,0.0,0.0,0.0,100.0,100.0,100.0,1000.0,1000.0,1000.0,54.23057814322229,0,0,54.23057814322229,0.0,0.0,0,0
725812,62.5,63.0,21.5,0.0,0.0,0.0,40.0,1.0,1.0,1.0,0.0,0.0,0.0,0.0,0.0,0.0,100.0,100.0,100.0,1000.0,1000.0,1000.0,54.23057814322229,0,0,54.23057814322229,0.0,0.0,0,0
726012,62.5,63.0,21.5,0.0,0.0,0.0,40.0,1.0,1.0,1.0,0.0,0.0,0.0,0.0,0.0,0.0,100.0,100.0,100.0,1000.0,1000.0,1000.0,54.23057814322229,0,0,54.23057814322229,0.0,0.0,0,0
726212,62.5,63.0,21.5,0.0,0.0,0.0,40.0,1.0,1.0,1.0,0.0,0.0,0.0,0.0,0.0,0.0,100.0,100.0,100.0,1000.0,1000.0,1000.0,54.23057814322229,0,0,54.23057814322229,0.0,0.0,0,0
726412,62.5,63.0,21.5,0.0,0.0,0.0,40.0,1.0,1.0,1.0,0.0,0.0,0.0,0.0,0.0,0.0,100.0,100.0,100.0,1000.0,1000.0,1000.0,54.23057814322229,0,0,54.23057814322229,0.0,0.0,0,0
726612,62.5,63.0,21.5,0.0,0.0,0.0,40.0,1.0,1.0,1.0,0.0,0.0,0.0,0.0,0.0,0.0,100.0,100.0,100.0,1000.0,1000.0,1000.0,54.23057814322229,0,0,54.23057814322229,0.0,0.0,0,0
726812,62.5,63.0,21.5,0.0,0.0,0.0,40.0,1.0,1.0,1.0,0.0,0.0,0.0,0.0,0.0,0.0,100.0,100.0,100.0,1000.0,1000.0,1000.0,54.23057814322229,0,0,54.23057814322229,0.0,0.0,0,0
727012,62.5,63.0,21.5,0.0,0.0,0.0,40.0,1.0,1.0,1.0,0.0,0.0,0.0,0.0,0.0,0.0,100.0,100.0,100.0,1000.0,1000.0,1000.0,54.23057814322229,0,0,54.23057814322229,0.0,0.0,0,0
727212,62.5,63.0,21.5,0.0,0.0,0.0,40.0,1.0,1.0,1.0,0.0,0.0,0.0,0.0,0.0,0.0,100.0,100.0,100.0,1000.0,1000.0,1000.0,54.23057814322229,0,0,54.23057814322229,0.0,0.0,0,0
727412,62.5,63.0,21.5,0.0,0.0,0.0,40.0,1.0,1.0,1.0,0.0,0.0,0.0,0.0,0.0,0.0,100.0,100.0,100.0,1000.0,1000.0,1000.0,54.23057814322229,0,0,54.23057814322229,0.0,0.0,0,0
727612,62.5,63.0,21.5,0.0,0.0,0.0,40.0,1.0,1.0,1.0,0.0,0.0,0.0,0.0,0.0,0.0,100.0,100.0,100.0,1000.0,1000.0,1000.0,54.23057814322229,0,0,54.23057814322229,0.0,0.0,0,0
727812,62.5,63.0,21.5,0.0,0.0,0.0,40.0,1.0,1.0,1.0,0.0,0.0,0.0,0.0,0.0,0.0,100.0,100.0,100.0,1000.0,1000.0,1000.0,54.23057814322229,0,0,54.23057814322229,0.0,0.0,0,0
728012,62.5,63.0,21.5,0.0,0.0,0.0,40.0,1.0,1.0,1.0,0.0,0.0,0.0,0.0,0.0,0.0,100.0,100.0,100.0,1000.0,1000.0,1000.0,54.23057814322229,0,0,54.23057814322229,0.0,0.0,0,0
728212,62.5,63.0,21.5,0.0,0.0,0.0,40.0,1.0,1.0,1.0,0.0,0.0,0.0,0.0,0.0,0.0,100.0,100.0,100.0,1000.0,1000.0,1000.0,54.23057814322229,0,0,54.23057814322229,0.0,0.0,0,0
728412,62.5,63.0,21.5,0.0,0.0,0.0,40.0,1.0,1.0,1.0,0.0,0.0,0.0,0.0,0.0,0.0,100.0,100.0,100.0,1000.0,1000.0,1000.0,54.23057814322229,0,0,54.23057814322229,0.0,0.0,0,0
728612,62.5,63.0,21.5,0.0,0.0,0.0,40.0,1.0,1.0,1.0,0.0,0.0,0.0,0.0,0.0,0.0,100.0,100.0,100.0,1000.0,1000.0,1000.0,54.23057814322229,0,0,54.23057814322229,0.0,0.0,0,0
728812,62.5,63.0,21.5,0.0,0.0,0.0,40.0,1.0,1.0,1.0,0.0,0.0,0.0,0.0,0.0,0.0,100.0,100.0,100.0,1000.0,1000.0,1000.0,54.23057814322229,0,0,54.23057814322229,0.0,0.0,0,0
729012,62.5,63.0,21.5,0.0,0.0,0.0,40.0,1.0,1.0,1.0,0.0,0.0,0.0,0.0,0.0,0.0,100.0,100.0,100.0,1000.0,1000.0,1000.0,54.23057814322229,0,0,54.23057814322229,0.0,0.0,0,0
729212,62.5,63.0,21.5,0.0,0.0,0.0,40.0,1.0,1.0,1.0,0.0,0.0,0.0,0.0,0.0,0.0,100.0,100.0,100.0,1000.0,1000.0,1000.0,54.23057814322229,0,0,54.23057814322229,0.0,0.0,0,0
729412,62.5,63.0,21.5,0.0,0.0,0.0,40.0,1.0,1.0,1.0,0.0,0.0,0.0,0.0,0.0,0.0,100.0,100.0,100.0,1000.0,1000.0,1000.0,54.23057814322229,0,0,54.23057814322229,0.0,0.0,0,0
729612,62.5,63.0,21.5,0.0,0.0,0.0,40.0,1.0,1.0,1.0,0.0,0.0,0.0,0.0,0.0,0.0,100.0,100.0,100.0,1000.0,1000.0,1000.0,54.23057814322229,0,0,54.23057814322229,0.0,0.0,0,0
729812,62.5,63.0,21.5,0.0,0.0,0.0,40.0,1.0,1.0,1.0,0.0,0.0,0.0,0.0,0.0,0.0,100.0,100.0,100.0,1000.0,1000.0,1000.0,54.23057814322229,0,0,54.23057814322229,0.0,0.0,0,0
730012,62.5,63.0,21.5,0.0,0.0,0.0,40.0,1.0,1.0,1.0,0.0,0.0,0.0,0.0,0.0,0.0,100.0,100.0,100.0,1000.0,1000.0,1000.0,54.23057814322229,0,0,54.23057814322229,0.0,0.0,0,0
730212,62.5,63.0,21.5,0.0,0.0,0.0,40.0,1.0,1.0,1.0,0.0,0.0,0.0,0.0,0.0,0.0,100.0,100.0,100.0,1000.0,1000.0,1000.0,54.23057814322229,0,0,54.23057814322229,0.0,0.0,0,0
730412,62.5,63.0,21.5,0.0,0.0,0.0,40.0,1.0,1.0,1.0,0.0,0.0,0.0,0.0,0.0,0.0,100.0,100.0,100.0,1000.0,1000.0,1000.0,54.23057814322229,0,0,54.23057814322229,0.0,0.0,0,0
730612,62.5,63.0,21.5,0.0,0.0,0.0,40.0,1.0,1.0,1.0,0.0,0.0,0.0,0.0,0.0,0.0,100.0,100.0,100.0,1000.0,1000.0,1000.0,54.23057814322229,0,0,54.23057814322229,0.0,0.0,0,0
730812,62.5,63.0,21.5,0.0,0.0,0.0,40.0,1.0,1.0,1.0,0.0,0.0,0.0,0.0,0.0,0.0,100.0,100.0,100.0,1000.0,1000.0,1000.0,54.23057814322229,0,0,54.23057814322229,0.0,0.0,0,0
731012,62.5,63.0,21.5,0.0,0.0,0.0,40.0,1.0,1.0,1.0,0.0,0.0,0.0,0.0,0.0,0.0,100.0,100.0,100.0,1000.0,1000.0,1000.0,54.23057814322229,0,0,54.23057814322229,0.0,0.0,0,0
731212,62.5,63.0,21.5,0.0,0.0,0.0,40.0,1.0,1.0,1.0,0.0,0.0,0.0,0.0,0.0,0.0,100.0,100.0,100.0,1000.0,1000.0,1000.0,54.23057814322229,0,0,54.23057814322229,0.0,0.0,0,0
731412,62.5,63.0,21.5,0.0,0.0,0.0,40.0,1.0,1.0,1.0,0.0,0.0,0.0,0.0,0.0,0.0,100.0,100.0,100.0,1000.0,1000.0,1000.0,54.23057814322229,0,0,54.23057814322229,0.0,0.0,0,0
731612,62.5,63.0,21.5,0.0,0.0,0.0,40.0,1.0,1.0,1.0,0.0,0.0,0.0,0.0,0.0,0.0,100.0,100.0,100.0,1000.0,1000.0,1000.0,54.23057814322229,0,0,54.23057814322229,0.0,0.0,0,0
731812,62.5,63.0,21.5,0.0,0.0,0.0,40.0,1.0,1.0,1.0,0.0,0.0,0.0,0.0,0.0,0.0,100.0,100.0,100.0,1000.0,1000.0,1000.0,54.23057814322229,0,0,54.23057814322229,0.0,0.0,0,0
732012,62.5,63.0,21.5,0.0,0.0,0.0,40.0,1.0,1.0,1.0,0.0,0.0,0.0,0.0,0.0,0.0,100.0,100.0,100.0,1000.0,1000.0,1000.0,54.23057814322229,0,0,54.23057814322229,0.0,0.0,0,0
732212,62.5,63.0,21.5,0.0,0.0,0.0,40.0,1.0,1.0,1.0,0.0,0.0,0.0,0.0,0.0,0.0,100.0,100.0,100.0,1000.0,1000.0,1000.0,54.23057814322229,0,0,54.23057814322229,0.0,0.0,0,0
732412,62.5,63.0,21.5,0.0,0.0,0.0,40.0,1.0,1.0,1.0,0.0,0.0,0.0,0.0,0.0,0.0,100.0,100.0,100.0,1000.0,1000.0,1000.0,54.23057814322229,0,0,54.23057814322229,0.0,0.0,0,0
732612,62.5,63.0,21.5,0.0,0.0,0.0,40.0,1.0,1.0,1.0,0.0,0.0,0.0,0.0,0.0,0.0,100.0,100.0,100.0,1000.0,1000.0,1000.0,54.23057814322229,0,0,54.23057814322229,0.0,0.0,0,0
732812,62.5,63.0,21.5,0.0,0.0,0.0,40.0,1.0,1.0,1.0,0.0,0.0,0.0,0.0,0.0,0.0,100.0,100.0,100.0,1000.0,1000.0,1000.0,54.23057814322229,0,0,54.23057814322229,0.0,0.0,0,0
733012,62.5,63.0,21.5,0.0,0.0,0.0,40.0,1.0,1.0,1.0,0.0,0.0,0.0,0.0,0.0,0.0,100.0,100.0,100.0,1000.0,1000.0,1000.0,54.23057814322229,0,0,54.23057814322229,0.0,0.0,0,0
733212,62.5,63.0,21.5,0.0,0.0,0.0,40.0,1.0,1.0,1.0,0.0,0.0,0.0,0.0,0.0,0.0,100.0,100.0,100.0,1000.0,1000.0,1000.0,54.23057814322229,0,0,54.23057814322229,0.0,0.0,0,0
733412,62.5,63.0,21.5,0.0,0.0,0.0,40.0,1.0,1.0,1.0,0.0,0.0,0.0,0.0,0.0,0.0,100.0,100.0,100.0,1000.0,1000.0,1000.0,54.23057814322229,0,0,54.23057814322229,0.0,0.0,0,0
733612,62.5,63.0,21.5,0.0,0.0,0.0,40.0,1.0,1.0,1.0,0.0,0.0,0.0,0.0,0.0,0.0,100.0,100.0,100.0,1000.0,1000.0,1000.0,54.23057814322229,0,0,54.23057814322229,0.0,0.0,0,0
733812,62.5,63.0,21.5,0.0,0.0,0.0,40.0,1.0,1.0,1.0,0.0,0.0,0.0,0.0,0.0,0.0,100.0,100.0,100.0,1000.0,1000.0,1000.0,54.23057814322229,0,0,54.23057814322229,0.0,0.0,0,0
734012,62.5,63.0,21.5,0.0,0.0,0.0,40.0,1.0,1.0,1.0,0.0,0.0,0.0,0.0,0.0,0.0,100.0,100.0,100.0,1000.0,1000.0,1000.0,54.23057814322229,0,0,54.23057814322229,0.0,0.0,0,0
734212,62.5,63.0,21.5,0.0,0.0,0.0,40.0,1.0,1.0,1.0,0.0,0.0,0.0,0.0,0.0,0.0,100.0,100.0,100.0,1000.0,1000.0,1000.0,54.23057814322229,0,0,54.23057814322229,0.0,0.0,0,0
734412,62.5,63.0,21.5,0.0,0.0,0.0,40.0,1.0,1.0,1.0,0.0,0.0,0.0,0.0,0.0,0.0,100.0,100.0,100.0,1000.0,1000.0,1000.0,54.23057814322229,0,0,54.23057814322229,0.0,0.0,0,0
734612,62.5,63.0,21.5,0.0,0.0,0.0,40.0,1.0,1.0,1.0,0.0,0.0,0.0,0.0,0.0,0.0,100.0,100.0,100.0,1000.0,1000.0,1000.0,54.23057814322229,0,0,54.23057814322229,0.0,0.0,0,0
734812,62.5,63.0,21.5,0.0,0.0,0.0,40.0,1.0,1.0,1.0,0.0,0.0,0.0,0.0,0.0,0.0,100.0,100.0,100.0,1000.0,1000.0,1000.0,54.23057814322229,0,0,54.23057814322229,0.0,0.0,0,0
735012,62.5,63.0,21.5,0.0,0.0,0.0,40.0,1.0,1.0,1.0,0.0,0.0,0.0,0.0,0.0,0.0,100.0,100.0,100.0,1000.0,1000.0,1000.0,54.23057814322229,0,0,54.23057814322229,0.0,0.0,0,0
735212,62.5,63.0,21.5,0.0,0.0,0.0,40.0,1.0,1.0,1.0,0.0,0.0,0.0,0.0,0.0,0.0,100.0,100.0,100.0,1000.0,1000.0,1000.0,53.39308980988601,0,0,53.39308980988601,0.0,0.0,1,0
735412,62.5,63.0,21.5,0.0,0.0,0.0,40.0,1.0,1.0,1.0,0.0,0.0,0.0,0.0,0.0,0.0,100.0,100.0,100.0,1000.0,1000.0,1000.0,53.39308980988601,0,0,53.39308980988601,0.0,0.0,0,0
735612,62.5,63.0,21.5,0.0,0.0,0.0,40.0,1.0,1.0,1.0,0.0,0.0,0.0,0.0,0.0,0.0,100.0,100.0,100.0,1000.0,1000.0,1000.0,53.39308980988601,0,0,53.39308980988601,0.0,0.0,0,0
735812,62.5,63.0,21.5,0.0,0.0,0.0,40.0,1.0,1.0,1.0,0.0,0.0,0.0,0.0,0.0,0.0,100.0,100.0,100.0,1000.0,1000.0,1000.0,53.39308980988601,0,0,53.39308980988601,0.0,0.0,0,0
736012,62.5,63.0,21.5,0.0,0.0,0.0,40.0,1.0,1.0,1.0,0.0,0.0,0.0,0.0,0.0,0.0,100.0,100.0,100.0,1000.0,1000.0,1000.0,53.39308980988601,0,0,53.39308980988601,0.0,0.0,0,0
736212,62.5,63.0,21.5,0.0,0.0,0.0,40.0,1.0,1.0,1.0,0.0,0.0,0.0,0.0,0.0,0.0,100.0,100.0,100.0,1000.0,1000.0,1000.0,53.39308980988601,0,0,53.39308980988601,0.0,0.0,0,0
736412,62.5,63.0,21.5,0.0,0.0,0.0,40.0,1.0,1.0,1.0,0.0,0.0,0.0,0.0,0.0,0.0,100.0,100.0,100.0,1000.0,1000.0,1000.0,53.39308980988601,0,0,53.39308980988601,0.0,0.0,0,0
736612,62.5,63.0,21.5,0.0,0.0,0.0,40.0,1.0,1.0,1.0,0.0,0.0,0.0,0.0,0.0,0.0,100.0,100.0,100.0,1000.0,1000.0,1000.0,53.39308980988601,0,0,53.39308980988601,0.0,0.0,0,0
736812,62.5,63.0,21.5,0.0,0.0,0.0,40.0,1.0,1.0,1.0,0.0,0.0,0.0,0.0,0.0,0.0,100.0,100.0,100.0,1000.0,1000.0,1000.0,53.39308980988601,0,0,53.39308980988601,0.0,0.0,0,0
737012,62.5,63.0,21.5,0.0,0.0,0.0,40.0,1.0,1.0,1.0,0.0,0.0,0.0,0.0,0.0,0.0,100.0,100.0,100.0,1000.0,1000.0,1000.0,53.39308980988601,0,0,53.39308980988601,0.0,0.0,0,0
737212,62.5,63.0,21.5,0.0,0.0,0.0,40.0,1.0,1.0,1.0,0.0,0.0,0.0,0.0,0.0,0.0,100.0,100.0,100.0,1000.0,1000.0,1000.0,53.39308980988601,0,0,53.39308980988601,0.0,0.0,0,0
737412,62.5,63.0,21.5,0.0,0.0,0.0,40.0,1.0,1.0,1.0,0.0,0.0,0.0,0.0,0.0,0.0,100.0,100.0,100.0,1000.0,1000.0,1000.0,53.39308980988601,0,0,53.39308980988601,0.0,0.0,0,0
737612,62.5,63.0,21.5,0.0,0.0,0.0,40.0,1.0,1.0,1.0,0.0,0.0,0.0,0.0,0.0,0.0,100.0,100.0,100.0,1000.0,1000.0,1000.0,53.39308980988601,0,0,53.39308980988601,0.0,0.0,0,0
737812,62.5,63.0,21.5,0.0,0.0,0.0,40.0,1.0,1.0,1.0,0.0,0.0,0.0,0.0,0.0,0.0,100.0,100.0,100.0,1000.0,1000.0,1000.0,53.39308980988601,0,0,53.39308980988601,0.0,0.0,0,0
738012,62.5,63.0,21.5,0.0,0.0,0.0,40.0,1.0,1.0,1.0,0.0,0.0,0.0,0.0,0.0,0.0,100.0,100.0,100.0,1000.0,1000.0,1000.0,53.39308980988601,0,0,53.39308980988601,0.0,0.0,0,0
738212,62.5,63.0,21.5,0.0,0.0,0.0,40.0,1.0,1.0,1.0,0.0,0.0,0.0,0.0,0.0,0.0,100.0,100.0,100.0,1000.0,1000.0,1000.0,53.39308980988601,0,0,53.39308980988601,0.0,0.0,0,0
738412,62.5,63.0,21.5,0.0,0.0,0.0,40.0,1.0,1.0,1.0,0.0,0.0,0.0,0.0,0.0,0.0,100.0,100.0,100.0,1000.0,1000.0,1000.0,53.39308980988601,0,0,53.39308980988601,0.0,0.0,0,0
738612,62.5,63.0,21.5,0.0,0.0,0.0,40.0,1.0,1.0,1.0,0.0,0.0,0.0,0.0,0.0,0.0,100.0,100.0,100.0,1000.0,1000.0,1000.0,53.39308980988601,0,0,53.39308980988601,0.0,0.0,0,0
738812,62.5,63.0,21.5,0.0,0.0,0.0,40.0,1.0,1.0,1.0,0.0,0.0,0.0,0.0,0.0,0.0,100.0,100.0,100.0,1000.0,1000.0,1000.0,53.39308980988601,0,0,53.39308980988601,0.0,0.0,0,0
739012,62.5,63.0,21.5,0.0,0.0,0.0,40.0,1.0,1.0,1.0,0.0,0.0,0.0,0.0,0.0,0.0,100.0,100.0,100.0,1000.0,1000.0,1000.0,53.39308980988601,0,0,53.39308980988601,0.0,0.0,0,0
739212,62.5,63.0,21.5,0.0,0.0,0.0,40.0,1.0,1.0,1.0,0.0,0.0,0.0,0.0,0.0,0.0,100.0,100.0,100.0,1000.0,1000.0,1000.0,53.39308980988601,0,0,53.39308980988601,0.0,0.0,0,0
739412,62.5,63.0,21.5,0.0,0.0,0.0,40.0,1.0,1.0,1.0,0.0,0.0,0.0,0.0,0.0,0.0,100.0,100.0,100.0,1000.0,1000.0,1000.0,53.39308980988601,0,0,53.39308980988601,0.0,0.0,0,0
739612,62.5,63.0,21.5,0.0,0.0,0.0,40.0,1.0,1.0,1.0,0.0,0.0,0.0,0.0,0.0,0.0,100.0,100.0,100.0,1000.0,1000.0,1000.0,53.39308980988601,0,0,53.39308980988601,0.0,0.0,0,0
739812,62.5,63.0,21.5,0.0,0.0,0.0,40.0,1.0,1.0,1.0,0.0,0.0,0.0,0.0,0.0,0.0,100.0,100.0,100.0,1000.0,1000.0,1000.0,53.39308980988601,0,0,53.39308980988601,0.0,0.0,0,0
740012,62.5,63.0,21.5,0.0,0.0,0.0,40.0,1.0,1.0,1.0,0.0,0.0,0.0,0.0,0.0,0.0,100.0,100.0,100.0,1000.0,1000.0,1000.0,53.39308980988601,0,0,53.39308980988601,0.0,0.0,0,0
740212,62.5,63.0,21.5,0.0,0.0,0.0,40.0,1.0,1.0,1.0,0.0,0.0,0.0,0.0,0.0,0.0,100.0,100.0,100.0,1000.0,1000.0,1000.0,53.39308980988601,0,0,53.39308980988601,0.0,0.0,0,0
740412,62.5,63.0,21.5,0.0,0.0,0.0,40.0,1.0,1.0,1.0,0.0,0.0,0.0,0.0,0.0,0.0,100.0,100.0,100.0,1000.0,1000.0,1000.0,53.39308980988601,0,0,53.39308980988601,0.0,0.0,0,0
740612,62.5,63.0,21.5,0.0,0.0,0.0,40.0,1.0,1.0,1.0,0.0,0.0,0.0,0.0,0.0,0.0,100.0,100.0,100.0,1000.0,1000.0,1000.0,53.39308980988601,0,0,53.39308980988601,0.0,0.0,0,0
740812,62.5,63.0,21.5,0.0,0.0,0.0,40.0,1.0,1.0,1.0,0.0,0.0,0.0,0.0,0.0,0.0,100.0,100.0,100.0,1000.0,1000.0,1000.0,53.39308980988601,0,0,53.39308980988601,0.0,0.0,0,0
741012,62.5,63.0,21.5,0.0,0.0,0.0,40.0,1.0,1.0,1.0,0.0,0.0,0.0,0.0,0.0,0.0,100.0,100.0,100.0,1000.0,1000.0,1000.0,53.39308980988601,0,0,53.39308980988601,0.0,0.0,0,0
741212,62.5,63.0,21.5,0.0,0.0,0.0,40.0,1.0,1.0,1.0,0.0,0.0,0.0,0.0,0.0,0.0,100.0,100.0,100.0,1000.0,1000.0,1000.0,53.39308980988601,0,0,53.39308980988601,0.0,0.0,0,0
741412,62.5,63.0,21.5,0.0,0.0,0.0,40.0,1.0,1.0,1.0,0.0,0.0,0.0,0.0,0.0,0.0,100.0,100.0,100.0,1000.0,1000.0,1000.0,53.39308980988601,0,0,53.39308980988601,0.0,0.0,0,0
741612,62.5,63.0,21.5,0.0,0.0,0.0,40.0,1.0,1.0,1.0,0.0,0.0,0.0,0.0,0.0,0.0,100.0,100.0,100.0,1000.0,1000.0,1000.0,53.39308980988601,0,0,53.39308980988601,0.0,0.0,0,0
741812,62.5,63.0,21.5,0.0,0.0,0.0,40.0,1.0,1.0,1.0,0.0,0.0,0.0,0.0,0.0,0.0,100.0,100.0,100.0,1000.0,1000.0,1000.0,53.39308980988601,0,0,53.39308980988601,0.0,0.0,0,0
742012,62.5,63.0,21.5,0.0,0.0,0.0,40.0,1.0,1.0,1.0,0.0,0.0,0.0,0.0,0.0,0.0,100.0,100.0,100.0,1000.0,1000.0,1000.0,53.39308980988601,0,0,53.39308980988601,0.0,0.0,0,0
742212,62.5,63.0,21.5,0.0,0.0,0.0,40.0,1.0,1.0,1.0,0.0,0.0,0.0,0.0,0.0,0.0,100.0,100.0,100.0,1000.0,1000.0,1000.0,53.39308980988601,0,0,53.39308980988601,0.0,0.0,0,0
742412,62.5,63.0,21.5,0.0,0.0,0.0,40.0,1.0,1.0,1.0,0.0,0.0,0.0,0.0,0.0,0.0,100.0,100.0,100.0,1000.0,1000.0,1000.0,53.39308980988601,0,0,53.39308980988601,0.0,0.0,0,0
742612,62.5,63.0,21.5,0.0,0.0,0.0,40.0,1.0,1.0,1.0,0.0,0.0,0.0,0.0,0.0,0.0,100.0,100.0,100.0,1000.0,1000.0,1000.0,53.39308980988601,0,0,53.39308980988601,0.0,0.0,0,0
742812,62.5,63.0,21.5,0.0,0.0,0.0,40.0,1.0,1.0,1.0,0.0,0.0,0.0,0.0,0.0,0.0,100.0,100.0,100.0,1000.0,1000.0,1000.0,53.39308980988601,0,0,53.39308980988601,0.0,0.0,0,0
743012,62.5,63.0,21.5,0.0,0.0,0.0,40.0,1.0,1.0,1.0,0.0,0.0,0.0,0.0,0.0,0.0,100.0,100.0,100.0,1000.0,1000.0,1000.0,53.39308980988601,0,0,53.39308980988601,0.0,0.0,0,0
743212,62.5,63.0,21.5,0.0,0.0,0.0,40.0,1.0,1.0,1.0,0.0,0.0,0.0,0.0,0.0,0.0,100.0,100.0,100.0,1000.0,1000.0,1000.0,53.39308980988601,0,0,53.39308980988601,0.0,0.0,0,0
743412,62.5,63.0,21.5,0.0,0.0,0.0,40.0,1.0,1.0,1.0,0.0,0.0,0.0,0.0,0.0,0.0,100.0,100.0,100.0,1000.0,1000.0,1000.0,53.39308980988601,0,0,53.39308980988601,0.0,0.0,0,0
743612,62.5,63.0,21.5,0.0,0.0,0.0,40.0,1.0,1.0,1.0,0.0,0.0,0.0,0.0,0.0,0.0,100.0,100.0,100.0,1000.0,1000.0,1000.0,53.39308980988601,0,0,53.39308980988601,0.0,0.0,0,0
743812,62.5,63.0,21.5,0.0,0.0,0.0,40.0,1.0,1.0,1.0,0.0,0.0,0.0,0.0,0.0,0.0,100.0,100.0,100.0,1000.0,1000.0,1000.0,53.39308980988601,0,0,53.39308980988601,0.0,0.0,0,0
744012,62.5,63.0,21.5,0.0,0.0,0.0,40.0,1.0,1.0,1.0,0.0,0.0,0.0,0.0,0.0,0.0,100.0,100.0,100.0,1000.0,1000.0,1000.0,53.39308980988601,0,0,53.39308980988601,0.0,0.0,0,0
744212,62.5,63.0,21.5,0.0,0.0,0.0,40.0,1.0,1.0,1.0,0.0,0.0,0.0,0.0,0.0,0.0,100.0,100.0,100.0,1000.0,1000.0,1000.0,53.39308980988601,0,0,53.39308980988601,0.0,0.0,0,0
744412,62.5,63.0,21.5,0.0,0.0,0.0,40.0,1.0,1.0,1.0,0.0,0.0,0.0,0.0,0.0,0.0,100.0,100.0,100.0,1000.0,1000.0,1000.0,53.39308980988601,0,0,53.39308980988601,0.0,0.0,0,0
744612,62.5,63.0,21.5,0.0,0.0,0.0,40.0,1.0,1.0,1.0,0.0,0.0,0.0,0.0,0.0,0.0,100.0,100.0,100.0,1000.0,1000.0,1000.0,53.39308980988601,0,0,53.39308980988601,0.0,0.0,0,0
744812,62.5,63.0,21.5,0.0,0.0,0.0,40.0,1.0,1.0,1.0,0.0,0.0,0.0,0.0,0.0,0.0,100.0,100.0,100.0,1000.0,1000.0,1000.0,53.39308980988601,0,0,53.39308980988601,0.0,0.0,0,0
745012,62.5,63.0,21.5,0.0,0.0,0.0,40.0,1.0,1.0,1.0,0.0,0.0,0.0,0.0,0.0,0.0,100.0,100.0,100.0,1000.0,1000.0,1000.0,53.39308980988601,0,0,53.39308980988601,0.0,0.0,0,0
745212,62.5,63.0,21.5,0.0,0.0,0.0,40.0,1.0,1.0,1.0,0.0,0.0,0.0,0.0,0.0,0.0,100.0,100.0,100.0,1000.0,1000.0,1000.0,53.39308980988601,0,0,53.39308980988601,0.0,0.0,0,0
745412,62.5,63.0,21.5,0.0,0.0,0.0,40.0,1.0,1.0,1.0,0.0,0.0,0.0,0.0,0.0,0.0,100.0,100.0,100.0,1000.0,1000.0,1000.0,53.39308980988601,0,0,53.39308980988601,0.0,0.0,0,0
745612,62.5,63.0,21.5,0.0,0.0,0.0,40.0,1.0,1.0,1.0,0.0,0.0,0.0,0.0,0.0,0.0,100.0,100.0,100.0,1000.0,1000.0,1000.0,53.39308980988601,0,0,53.39308980988601,0.0,0.0,0,0
745812,62.5,63.0,21.5,0.0,0.0,0.0,40.0,1.0,1.0,1.0,0.0,0.0,0.0,0.0,0.0,0.0,100.0,100.0,100.0,1000.0,1000.0,1000.0,53.39308980988601,0,0,53.39308980988601,0.0,0.0,0,0
746012,62.5,63.0,21.5,0.0,0.0,0.0,40.0,1.0,1.0,1.0,0.0,0.0,0.0,0.0,0.0,0.0,100.0,100.0,100.0,1000.0,1000.0,1000.0,53.39308980988601,0,0,53.39308980988601,0.0,0.0,0,0
746212,62.5,63.0,21.5,0.0,0.0,0.0,40.0,1.0,1.0,1.0,0.0,0.0,0.0,0.0,0.0,0.0,100.0,100.0,100.0,1000.0,1000.0,1000.0,53.39308980988601,0,0,53.39308980988601,0.0,0.0,0,0
746412,62.5,63.0,21.5,0.0,0.0,0.0,40.0,1.0,1.0,1.0,0.0,0.0,0.0,0.0,0.0,0.0,100.0,100.0,100.0,1000.0,1000.0,1000.0,53.39308980988601,0,0,53.39308980988601,0.0,0.0,0,0
746612,62.5,63.0,21.5,0.0,0.0,0.0,40.0,1.0,1.0,1.0,0.0,0.0,0.0,0.0,0.0,0.0,100.0,100.0,100.0,1000.0,1000.0,1000.0,53.39308980988601,0,0,53.39308980988601,0.0,0.0,0,0
746812,62.5,63.0,21.5,0.0,0.0,0.0,40.0,1.0,1.0,1.0,0.0,0.0,0.0,0.0,0.0,0.0,100.0,100.0,100.0,1000.0,1000.0,1000.0,53.39308980988601,0,0,53.39308980988601,0.0,0.0,0,0
747012,62.5,63.0,21.5,0.0,0.0,0.0,40.0,1.0,1.0,1.0,0.0,0.0,0.0,0.0,0.0,0.0,100.0,100.0,100.0,1000.0,1000.0,1000.0,53.39308980988601,0,0,53.39308980988601,0.0,0.0,0,0
747212,62.5,63.0,21.5,0.0,0.0,0.0,40.0,1.0,1.0,1.0,0.0,0.0,0.0,0.0,0.0,0.0,100.0,100.0,100.0,1000.0,1000.0,1000.0,53.39308980988601,0,0,53.39308980988601,0.0,0.0,0,0
747412,62.5,63.0,21.5,0.0,0.0,0.0,40.0,1.0,1.0,1.0,0.0,0.0,0.0,0.0,0.0,0.0,100.0,100.0,100.0,1000.0,1000.0,1000.0,53.39308980988601,0,0,53.39308980988601,0.0,0.0,0,0
747612,63.0,63.0,21.5,0.0,0.0,0.0,40.0,1.0,1.0,1.0,0.0,0.0,0.0,0.0,0.0,0.0,100.0,100.0,100.0,1000.0,1000.0,1000.0,53.39308980988601,0,0,53.39308980988601,0.0,0.0,0,0
747812,63.0,63.0,21.5,0.0,0.0,0.0,40.0,1.0,1.0,1.0,0.0,0.0,0.0,0.0,0.0,0.0,100.0,100.0,100.0,1000.0,1000.0,1000.0,53.39308980988601,0,0,53.39308980988601,0.0,0.0,0,0
748012,63.0,63.0,21.5,0.0,0.0,0.0,40.0,1.0,1.0,1.0,0.0,0.0,0.0,0.0,0.0,0.0,100.0,100.0,100.0,1000.0,1000.0,1000.0,53.39308980988601,0,0,53.39308980988601,0.0,0.0,0,0
748212,63.0,63.0,21.5,0.0,0.0,0.0,40.0,1.0,1.0,1.0,0.0,0.0,0.0,0.0,0.0,0.0,100.0,100.0,100.0,1000.0,1000.0,1000.0,53.39308980988601,0,0,53.39308980988601,0.0,0.0,0,0
748412,63.0,63.0,21.5,0.0,0.0,0.0,40.0,1.0,1.0,1.0,0.0,0.0,0.0,0.0,0.0,0.0,100.0,100.0,100.0,1000.0,1000.0,1000.0,53.39308980988601,0,0,53.39308980988601,0.0,0.0,0,0
748612,63.0,63.0,21.5,0.0,0.0,0.0,40.0,1.0,1.0,1.0,0.0,0.0,0.0,0.0,0.0,0.0,100.0,100.0,100.0,1000.0,1000.0,1000.0,53.39308980988601,0,0,53.39308980988601,0.0,0.0,0,0
748812,63.0,63.0,21.5,0.0,0.0,0.0,40.0,1.0,1.0,1.0,0.0,0.0,0.0,0.0,0.0,0.0,100.0,100.0,100.0,1000.0,1000.0,1000.0,53.39308980988601,0,0,53.39308980988601,0.0,0.0,0,0
749012,63.0,63.0,21.5,0.0,0.0,0.0,40.0,1.0,1.0,1.0,0.0,0.0,0.0,0.0,0.0,0.0,100.0,100.0,100.0,1000.0,1000.0,1000.0,53.39308980988601,0,0,53.39308980988601,0.0,0.0,0,0
749212,63.0,63.0,21.5,0.0,0.0,0.0,40.0,1.0,1.0,1.0,0.0,0.0,0.0,0.0,0.0,0.0,100.0,100.0,100.0,1000.0,1000.0,1000.0,53.39308980988601,0,0,53.39308980988601,0.0,0.0,0,0
749412,63.0,63.0,21.5,0.0,0.0,0.0,40.0,1.0,1.0,1.0,0.0,0.0,0.0,0.0,0.0,0.0,100.0,100.0,100.0,1000.0,1000.0,1000.0,53.39308980988601,0,0,53.39308980988601,0.0,0.0,0,0
749612,63.0,63.0,21.5,0.0,0.0,0.0,40.0,1.0,1.0,1.0,0.0,0.0,0.0,0.0,0.0,0.0,100.0,100.0,100.0,1000.0,1000.0,1000.0,53.39308980988601,0,0,53.39308980988601,0.0,0.0,0,0
749812,63.0,63.0,21.5,0.0,0.0,0.0,40.0,1.0,1.0,1.0,0.0,0.0,0.0,0.0,0.0,0.0,100.0,100.0,100.0,1000.0,1000.0,1000.0,53.39308980988601,0,0,53.39308980988601,0.0,0.0,0,0
750012,63.0,63.0,21.5,0.0,0.0,0.0,40.0,1.0,1.0,1.0,0.0,0.0,0.0,0.0,0.0,0.0,100.0,100.0,100.0,1000.0,1000.0,1000.0,53.39308980988601,0,0,53.39308980988601,0.0,0.0,0,0
750212,63.0,63.0,21.5,0.0,0.0,0.0,40.0,1.0,1.0,1.0,0.0,0.0,0.0,0.0,0.0,0.0,100.0,100.0,100.0,1000.0,1000.0,1000.0,47.467588976551696,0,0,47.467588976551696,0.0,0.0,1,0
750412,63.0,63.0,21.5,0.0,0.0,0.0,40.0,1.0,1.0,1.0,0.0,0.0,0.0,0.0,0.0,0.0,100.0,100.0,100.0,1000.0,1000.0,1000.0,47.467588976551696,0,0,47.467588976551696,0.0,0.0,0,0
750612,63.0,63.0,21.5,0.0,0.0,0.0,40.0,1.0,1.0,1.0,0.0,0.0,0.0,0.0,0.0,0.0,100.0,100.0,100.0,1000.0,1000.0,1000.0,47.467588976551696,0,0,47.467588976551696,0.0,0.0,0,0
750812,63.0,63.0,21.5,0.0,0.0,0.0,40.0,1.0,1.0,1.0,0.0,0.0,0.0,0.0,0.0,0.0,100.0,100.0,100.0,1000.0,1000.0,1000.0,47.467588976551696,0,0,47.467588976551696,0.0,0.0,0,0
751012,63.0,63.0,21.5,0.0,0.0,0.0,40.0,1.0,1.0,1.0,0.0,0.0,0.0,0.0,0.0,0.0,100.0,100.0,100.0,1000.0,1000.0,1000.0,47.467588976551696,0,0,47.467588976551696,0.0,0.0,0,0
751212,63.0,63.0,21.5,0.0,0.0,0.0,40.0,1.0,1.0,1.0,0.0,0.0,0.0,0.0,0.0,0.0,100.0,100.0,100.0,1000.0,1000.0,1000.0,47.467588976551696,0,0,47.467588976551696,0.0,0.0,0,0
751412,63.0,63.0,21.5,0.0,0.0,0.0,40.0,1.0,1.0,1.0,0.0,0.0,0.0,0.0,0.0,0.0,100.0,100.0,100.0,1000.0,1000.0,1000.0,47.467588976551696,0,0,47.467588976551696,0.0,0.0,0,0
751612,63.0,63.0,21.5,0.0,0.0,0.0,40.0,1.0,1.0,1.0,0.0,0.0,0.0,0.0,0.0,0.0,100.0,100.0,100.0,1000.0,1000.0,1000.0,47.467588976551696,0,0,47.467588976551696,0.0,0.0,0,0
751812,63.0,63.0,21.5,0.0,0.0,0.0,40.0,1.0,1.0,1.0,0.0,0.0,0.0,0.0,0.0,0.0,100.0,100.0,100.0,1000.0,1000.0,1000.0,47.467588976551696,0,0,47.467588976551696,0.0,0.0,0,0
752012,63.0,63.0,21.5,0.0,0.0,0.0,40.0,1.0,1.0,1.0,0.0,0.0,0.0,0.0,0.0,0.0,100.0,100.0,100.0,1000.0,1000.0,1000.0,47.467588976551696,0,0,47.467588976551696,0.0,0.0,0,0
752212,63.0,63.0,21.5,0.0,0.0,0.0,40.0,1.0,1.0,1.0,0.0,0.0,0.0,0.0,0.0,0.0,100.0,100.0,100.0,1000.0,1000.0,1000.0,47.467588976551696,0,0,47.467588976551696,0.0,0.0,0,0
752412,63.0,63.0,21.5,0.0,0.0,0.0,40.0,1.0,1.0,1.0,0.0,0.0,0.0,0.0,0.0,0.0,100.0,100.0,100.0,1000.0,1000.0,1000.0,47.467588976551696,0,0,47.467588976551696,0.0,0.0,0,0
752612,63.0,63.0,21.5,0.0,0.0,0.0,40.0,1.0,1.0,1.0,0.0,0.0,0.0,0.0,0.0,0.0,100.0,100.0,100.0,1000.0,1000.0,1000.0,47.467588976551696,0,0,47.467588976551696,0.0,0.0,0,0
752812,63.0,63.0,21.5,0.0,0.0,0.0,40.0,1.0,1.0,1.0,0.0,0.0,0.0,0.0,0.0,0.0,100.0,100.0,100.0,1000.0,1000.0,1000.0,47.467588976551696,0,0,47.467588976551696,0.0,0.0,0,0
753012,63.0,63.0,21.5,0.0,0.0,0.0,40.0,1.0,1.0,1.0,0.0,0.0,0.0,0.0,0.0,0.0,100.0,100.0,100.0,1000.0,1000.0,1000.0,47.467588976551696,0,0,47.467588976551696,0.0,0.0,0,0
753212,63.0,63.0,21.5,0.0,0.0,0.0,40.0,1.0,1.0,1.0,0.0,0.0,0.0,0.0,0.0,0.0,100.0,100.0,100.0,1000.0,1000.0,1000.0,47.467588976551696,0,0,47.467588976551696,0.0,0.0,0,0
753412,63.0,63.0,21.5,0.0,0.0,0.0,40.0,1.0,1.0,1.0,0.0,0.0,0.0,0.0,0.0,0.0,100.0,100.0,100.0,1000.0,1000.0,1000.0,47.467588976551696,0,0,47.467588976551696,0.0,0.0,0,0
753612,63.0,63.0,21.5,0.0,0.0,0.0,40.0,1.0,1.0,1.0,0.0,0.0,0.0,0.0,0.0,0.0,100.0,100.0,100.0,1000.0,1000.0,1000.0,47.467588976551696,0,0,47.467588976551696,0.0,0.0,0,0
753812,63.0,63.0,21.5,0.0,0.0,0.0,40.0,1.0,1.0,1.0,0.0,0.0,0.0,0.0,0.0,0.0,100.0,100.0,100.0,1000.0,1000.0,1000.0,47.467588976551696,0,0,47.467588976551696,0.0,0.0,0,0
754012,63.0,63.0,21.5,0.0,0.0,0.0,40.0,1.0,1.0,1.0,0.0,0.0,0.0,0.0,0.0,0.0,100.0,100.0,100.0,1000.0,1000.0,1000.0,47.467588976551696,0,0,47.467588976551696,0.0,0.0,0,0
754212,63.0,63.0,21.5,0.0,0.0,0.0,40.0,1.0,1.0,1.0,0.0,0.0,0.0,0.0,0.0,0.0,100.0,100.0,100.0,1000.0,1000.0,1000.0,47.467588976551696,0,0,47.467588976551696,0.0,0.0,0,0
754412,63.0,63.0,21.5,0.0,0.0,0.0,40.0,1.0,1.0,1.0,0.0,0.0,0.0,0.0,0.0,0.0,100.0,100.0,100.0,1000.0,1000.0,1000.0,47.467588976551696,0,0,47.467588976551696,0.0,0.0,0,0
754612,63.0,63.0,21.5,0.0,0.0,0.0,40.0,1.0,1.0,1.0,0.0,0.0,0.0,0.0,0.0,0.0,100.0,100.0,100.0,1000.0,1000.0,1000.0,47.467588976551696,0,0,47.467588976551696,0.0,0.0,0,0
754812,63.0,63.0,21.5,0.0,0.0,0.0,40.0,1.0,1.0,1.0,0.0,0.0,0.0,0.0,0.0,0.0,100.0,100.0,100.0,1000.0,1000.0,1000.0,47.467588976551696,0,0,47.467588976551696,0.0,0.0,0,0
755012,63.0,63.0,21.5,0.0,0.0,0.0,40.0,1.0,1.0,1.0,0.0,0.0,0.0,0.0,0.0,0.0,100.0,100.0,100.0,1000.0,1000.0,1000.0,47.467588976551696,0,0,47.467588976551696,0.0,0.0,0,0
755212,63.0,63.0,21.5,0.0,0.0,0.0,40.0,1.0,1.0,1.0,0.0,0.0,0.0,0.0,0.0,0.0,100.0,100.0,100.0,1000.0,1000.0,1000.0,47.467588976551696,0,0,47.467588976551696,0.0,0.0,0,0
755412,63.0,63.0,21.5,0.0,0.0,0.0,40.0,1.0,1.0,1.0,0.0,0.0,0.0,0.0,0.0,0.0,100.0,100.0,100.0,1000.0,1000.0,1000.0,47.467588976551696,0,0,47.467588976551696,0.0,0.0,0,0
755612,63.0,63.0,21.5,0.0,0.0,0.0,40.0,1.0,1.0,1.0,0.0,0.0,0.0,0.0,0.0,0.0,100.0,100.0,100.0,1000.0,1000.0,1000.0,47.467588976551696,0,0,47.467588976551696,0.0,0.0,0,0
755812,63.0,63.0,21.5,0.0,0.0,0.0,40.0,1.0,1.0,1.0,0.0,0.0,0.0,0.0,0.0,0.0,100.0,100.0,100.0,1000.0,1000.0,1000.0,47.467588976551696,0,0,47.467588976551696,0.0,0.0,0,0
756012,63.0,63.0,21.5,0.0,0.0,0.0,40.0,1.0,1.0,1.0,0.0,0.0,0.0,0.0,0.0,0.0,100.0,100.0,100.0,1000.0,1000.0,1000.0,47.467588976551696,0,0,47.467588976551696,0.0,0.0,0,0
756212,63.0,63.0,21.5,0.0,0.0,0.0,40.0,1.0,1.0,1.0,0.0,0.0,0.0,0.0,0.0,0.0,100.0,100.0,100.0,1000.0,1000.0,1000.0,47.467588976551696,0,0,47.467588976551696,0.0,0.0,0,0
756412,63.0,63.0,21.5,0.0,0.0,0.0,40.0,1.0,1.0,1.0,0.0,0.0,0.0,0.0,0.0,0.0,100.0,100.0,100.0,1000.0,1000.0,1000.0,47.467588976551696,0,0,47.467588976551696,0.0,0.0,0,0
756612,63.0,63.0,21.5,0.0,0.0,0.0,40.0,1.0,1.0,1.0,0.0,0.0,0.0,0.0,0.0,0.0,100.0,100.0,100.0,1000.0,1000.0,1000.0,47.467588976551696,0,0,47.467588976551696,0.0,0.0,0,0
756812,63.0,63.0,21.5,0.0,0.0,0.0,40.0,1.0,1.0,1.0,0.0,0.0,0.0,0.0,0.0,0.0,100.0,100.0,100.0,1000.0,1000.0,1000.0,47.467588976551696,0,0,47.467588976551696,0.0,0.0,0,0
757012,63.0,63.0,21.5,0.0,0.0,0.0,40.0,1.0,1.0,1.0,0.0,0.0,0.0,0.0,0.0,0.0,100.0,100.0,100.0,1000.0,1000.0,1000.0,47.467588976551696,0,0,47.467588976551696,0.0,0.0,0,0
757212,63.0,63.0,21.5,0.0,0.0,0.0,40.0,1.0,1.0,1.0,0.0,0.0,0.0,0.0,0.0,0.0,100.0,100.0,100.0,1000.0,1000.0,1000.0,47.467588976551696,0,0,47.467588976551696,0.0,0.0,0,0
757412,63.0,63.0,21.5,0.0,0.0,0.0,40.0,1.0,1.0,1.0,0.0,0.0,0.0,0.0,0.0,0.0,100.0,100.0,100.0,1000.0,1000.0,1000.0,47.467588976551696,0,0,47.467588976551696,0.0,0.0,0,0
757612,63.0,63.0,21.5,0.0,0.0,0.0,40.0,1.0,1.0,1.0,0.0,0.0,0.0,0.0,0.0,0.0,100.0,100.0,100.0,1000.0,1000.0,1000.0,47.467588976551696,0,0,47.467588976551696,0.0,0.0,0,0
757812,63.0,63.0,21.5,0.0,0.0,0.0,40.0,1.0,1.0,1.0,0.0,0.0,0.0,0.0,0.0,0.0,100.0,100.0,100.0,1000.0,1000.0,1000.0,47.467588976551696,0,0,47.467588976551696,0.0,0.0,0,0
758012,63.0,63.0,21.5,0.0,0.0,0.0,40.0,1.0,1.0,1.0,0.0,0.0,0.0,0.0,0.0,0.0,100.0,100.0,100.0,1000.0,1000.0,1000.0,47.467588976551696,0,0,47.467588976551696,0.0,0.0,0,0
758212,63.0,63.0,21.5,0.0,0.0,0.0,40.0,1.0,1.0,1.0,0.0,0.0,0.0,0.0,0.0,0.0,100.0,100.0,100.0,1000.0,1000.0,1000.0,47.467588976551696,0,0,47.467588976551696,0.0,0.0,0,0
758412,63.0,63.0,21.5,0.0,0.0,0.0,40.0,1.0,1.0,1.0,0.0,0.0,0.0,0.0,0.0,0.0,100.0,100.0,100.0,1000.0,1000.0,1000.0,47.467588976551696,0,0,47.467588976551696,0.0,0.0,0,0
758612,63.0,63.0,21.5,0.0,0.0,0.0,40.0,1.0,1.0,1.0,0.0,0.0,0.0,0.0,0.0,0.0,100.0,100.0,100.0,1000.0,1000.0,1000.0,47.467588976551696,0,0,47.467588976551696,0.0,0.0,0,0
758812,63.0,63.0,21.5,0.0,0.0,0.0,40.0,1.0,1.0,1.0,0.0,0.0,0.0,0.0,0.0,0.0,100.0,100.0,100.0,1000.0,1000.0,1000.0,47.467588976551696,0,0,47.467588976551696,0.0,0.0,0,0
759012,63.0,63.0,21.5,0.0,0.0,0.0,40.0,1.0,1.0,1.0,0.0,0.0,0.0,0.0,0.0,0.0,100.0,100.0,100.0,1000.0,1000.0,1000.0,47.467588976551696,0,0,47.467588976551696,0.0,0.0,0,0
759212,63.0,63.0,21.5,0.0,0.0,0.0,40.0,1.0,1.0,1.0,0.0,0.0,0.0,0.0,0.0,0.0,100.0,100.0,100.0,1000.0,1000.0,1000.0,47.467588976551696,0,0,47.467588976551696,0.0,0.0,0,0
759412,63.0,63.0,21.5,0.0,0.0,0.0,40.0,1.0,1.0,1.0,0.0,0.0,0.0,0.0,0.0,0.0,100.0,100.0,100.0,1000.0,1000.0,1000.0,47.467588976551696,0,0,47.467588976551696,0.0,0.0,0,0
759612,63.0,63.0,21.5,0.0,0.0,0.0,40.0,1.0,1.0,1.0,0.0,0.0,0.0,0.0,0.0,0.0,100.0,100.0,100.0,1000.0,1000.0,1000.0,47.467588976551696,0,0,47.467588976551696,0.0,0.0,0,0
759812,63.0,63.0,21.5,0.0,0.0,0.0,40.0,1.0,1.0,1.0,0.0,0.0,0.0,0.0,0.0,0.0,100.0,100.0,100.0,1000.0,1000.0,1000.0,47.467588976551696,0,0,47.467588976551696,0.0,0.0,0,0
760012,63.0,63.0,21.5,0.0,0.0,0.0,40.0,1.0,1.0,1.0,0.0,0.0,0.0,0.0,0.0,0.0,100.0,100.0,100.0,1000.0,1000.0,1000.0,47.467588976551696,0,0,47.467588976551696,0.0,0.0,0,0
760212,63.0,63.0,21.5,0.0,0.0,0.0,40.0,1.0,1.0,1.0,0.0,0.0,0.0,0.0,0.0,0.0,100.0,100.0,100.0,1000.0,1000.0,1000.0,47.467588976551696,0,0,47.467588976551696,0.0,0.0,0,0
760412,63.0,63.0,21.5,0.0,0.0,0.0,40.0,1.0,1.0,1.0,0.0,0.0,0.0,0.0,0.0,0.0,100.0,100.0,100.0,1000.0,1000.0,1000.0,47.467588976551696,0,0,47.467588976551696,0.0,0.0,0,0
760612,63.0,63.0,21.5,0.0,0.0,0.0,40.0,1.0,1.0,1.0,0.0,0.0,0.0,0.0,0.0,0.0,100.0,100.0,100.0,1000.0,1000.0,1000.0,47.467588976551696,0,0,47.467588976551696,0.0,0.0,0,0
760812,63.0,63.0,21.5,0.0,0.0,0.0,40.0,1.0,1.0,1.0,0.0,0.0,0.0,0.0,0.0,0.0,100.0,100.0,100.0,1000.0,1000.0,1000.0,47.467588976551696,0,0,47.467588976551696,0.0,0.0,0,0
761012,63.0,63.0,21.5,0.0,0.0,0.0,40.0,1.0,1.0,1.0,0.0,0.0,0.0,0.0,0.0,0.0,100.0,100.0,100.0,1000.0,1000.0,1000.0,47.467588976551696,0,0,47.467588976551696,0.0,0.0,0,0
761212,63.0,63.0,21.5,0.0,0.0,0.0,40.0,1.0,1.0,1.0,0.0,0.0,0.0,0.0,0.0,0.0,100.0,100.0,100.0,1000.0,1000.0,1000.0,47.467588976551696,0,0,47.467588976551696,0.0,0.0,0,0
761412,63.0,63.0,21.5,0.0,0.0,0.0,40.0,1.0,1.0,1.0,0.0,0.0,0.0,0.0,0.0,0.0,100.0,100.0,100.0,1000.0,1000.0,1000.0,47.467588976551696,0,0,47.467588976551696,0.0,0.0,0,0
761612,63.0,63.0,21.5,0.0,0.0,0.0,40.0,1.0,1.0,1.0,0.0,0.0,0.0,0.0,0.0,0.0,100.0,100.0,100.0,1000.0,1000.0,1000.0,47.467588976551696,0,0,47.467588976551696,0.0,0.0,0,0
761812,63.0,63.0,21.5,0.0,0.0,0.0,40.0,1.0,1.0,1.0,0.0,0.0,0.0,0.0,0.0,0.0,100.0,100.0,100.0,1000.0,1000.0,1000.0,47.467588976551696,0,0,47.467588976551696,0.0,0.0,0,0
762012,63.0,63.0,21.5,0.0,0.0,0.0,40.0,1.0,1.0,1.0,0.0,0.0,0.0,0.0,0.0,0.0,100.0,100.0,100.0,1000.0,1000.0,1000.0,47.467588976551696,0,0,47.467588976551696,0.0,0.0,0,0
762212,63.0,63.0,21.5,0.0,0.0,0.0,40.0,1.0,1.0,1.0,0.0,0.0,0.0,0.0,0.0,0.0,100.0,100.0,100.0,1000.0,1000.0,1000.0,47.467588976551696,0,0,47.467588976551696,0.0,0.0,0,0
762412,63.0,63.0,21.5,0.0,0.0,0.0,40.0,1.0,1.0,1.0,0.0,0.0,0.0,0.0,0.0,0.0,100.0,100.0,100.0,1000.0,1000.0,1000.0,47.467588976551696,0,0,47.467588976551696,0.0,0.0,0,0
762612,63.0,63.0,21.5,0.0,0.0,0.0,40.0,1.0,1.0,1.0,0.0,0.0,0.0,0.0,0.0,0.0,100.0,100.0,100.0,1000.0,1000.0,1000.0,47.467588976551696,0,0,47.467588976551696,0.0,0.0,0,0
762812,63.0,63.0,21.5,0.0,0.0,0.0,40.0,1.0,1.0,1.0,0.0,0.0,0.0,0.0,0.0,0.0,100.0,100.0,100.0,1000.0,1000.0,1000.0,47.467588976551696,0,0,47.467588976551696,0.0,0.0,0,0
763012,63.0,63.0,21.5,0.0,0.0,0.0,40.0,1.0,1.0,1.0,0.0,0.0,0.0,0.0,0.0,0.0,100.0,100.0,100.0,1000.0,1000.0,1000.0,47.467588976551696,0,0,47.467588976551696,0.0,0.0,0,0
763212,63.0,63.0,21.5,0.0,0.0,0.0,40.0,1.0,1.0,1.0,0.0,0.0,0.0,0.0,0.0,0.0,100.0,100.0,100.0,1000.0,1000.0,1000.0,47.467588976551696,0,0,47.467588976551696,0.0,0.0,0,0
763412,63.0,63.0,21.5,0.0,0.0,0.0,40.0,1.0,1.0,1.0,0.0,0.0,0.0,0.0,0.0,0.0,100.0,100.0,100.0,1000.0,1000.0,1000.0,47.467588976551696,0,0,47.467588976551696,0.0,0.0,0,0
763612,63.0,63.0,21.5,0.0,0.0,0.0,40.0,1.0,1.0,1.0,0.0,0.0,0.0,0.0,0.0,0.0,100.0,100.0,100.0,1000.0,1000.0,1000.0,47.467588976551696,0,0,47.467588976551696,0.0,0.0,0,0
763812,63.0,63.0,21.5,0.0,0.0,0.0,40.0,1.0,1.0,1.0,0.0,0.0,0.0,0.0,0.0,0.0,100.0,100.0,100.0,1000.0,1000.0,1000.0,47.467588976551696,0,0,47.467588976551696,0.0,0.0,0,0
764012,63.0,63.0,21.5,0.0,0.0,0.0,40.0,1.0,1.0,1.0,0.0,0.0,0.0,0.0,0.0,0.0,100.0,100.0,100.0,1000.0,1000.0,1000.0,47.467588976551696,0,0,47.467588976551696,0.0,0.0,0,0
764212,63.0,63.0,21.5,0.0,0.0,0.0,40.0,1.0,1.0,1.0,0.0,0.0,0.0,0.0,0.0,0.0,100.0,100.0,100.0,1000.0,1000.0,1000.0,47.467588976551696,0,0,47.467588976551696,0.0,0.0,0,0
764412,63.0,63.0,21.5,0.0,0.0,0.0,40.0,1.0,1.0,1.0,0.0,0.0,0.0,0.0,0.0,0.0,100.0,100.0,100.0,1000.0,1000.0,1000.0,47.467588976551696,0,0,47.467588976551696,0.0,0.0,0,0
764612,63.0,63.0,21.5,0.0,0.0,0.0,40.0,1.0,1.0,1.0,0.0,0.0,0.0,0.0,0.0,0.0,100.0,100.0,100.0,1000.0,1000.0,1000.0,47.467588976551696,0,0,47.467588976551696,0.0,0.0,0,0
764812,63.0,63.0,21.5,0.0,0.0,0.0,40.0,1.0,1.0,1.0,0.0,0.0,0.0,0.0,0.0,0.0,100.0,100.0,100.0,1000.0,1000.0,1000.0,47.467588976551696,0,0,47.467588976551696,0.0,0.0,0,0
765012,63.0,63.0,21.5,0.0,0.0,0.0,40.0,1.0,1.0,1.0,0.0,0.0,0.0,0.0,0.0,0.0,100.0,100.0,100.0,1000.0,1000.0,1000.0,47.467588976551696,0,0,47.467588976551696,0.0,0.0,0,0
765212,63.0,63.0,21.5,0.0,0.0,0.0,40.0,1.0,1.0,1.0,0.0,0.0,0.0,0.0,0.0,0.0,100.0,100.0,100.0,1000.0,1000.0,1000.0,46.6972648098847,0,0,46.6972648098847,0.0,0.0,1,0
765412,63.0,63.0,21.5,0.0,0.0,0.0,40.0,1.0,1.0,1.0,0.0,0.0,0.0,0.0,0.0,0.0,100.0,100.0,100.0,1000.0,1000.0,1000.0,46.6972648098847,0,0,46.6972648098847,0.0,0.0,0,0
765612,62.5,63.0,21.5,0.0,0.0,0.0,40.0,1.0,1.0,1.0,0.0,0.0,0.0,0.0,0.0,0.0,100.0,100.0,100.0,1000.0,1000.0,1000.0,46.6972648098847,0,0,46.6972648098847,0.0,0.0,0,0
765812,62.5,63.0,21.5,0.0,0.0,0.0,40.0,1.0,1.0,1.0,0.0,0.0,0.0,0.0,0.0,0.0,100.0,100.0,100.0,1000.0,1000.0,1000.0,46.6972648098847,0,0,46.6972648098847,0.0,0.0,0,0
766012,62.5,63.0,21.5,0.0,0.0,0.0,40.0,1.0,1.0,1.0,0.0,0.0,0.0,0.0,0.0,0.0,100.0,100.0,100.0,1000.0,1000.0,1000.0,46.6972648098847,0,0,46.6972648098847,0.0,0.0,0,0
766212,62.5,63.5,21.5,0.0,0.0,0.0,40.0,1.0,1.0,1.0,0.0,0.0,0.0,0.0,0.0,0.0,100.0,100.0,100.0,1000.0,1000.0,1000.0,46.6972648098847,0,0,46.6972648098847,0.0,0.0,0,0
766412,62.5,63.5,21.5,0.0,0.0,0.0,40.0,1.0,1.0,1.0,0.0,0.0,0.0,0.0,0.0,0.0,100.0,100.0,100.0,1000.0,1000.0,1000.0,46.6972648098847,0,0,46.6972648098847,0.0,0.0,0,0
766612,62.5,63.5,21.5,0.0,0.0,0.0,40.0,1.0,1.0,1.0,0.0,0.0,0.0,0.0,0.0,0.0,100.0,100.0,100.0,1000.0,1000.0,1000.0,46.6972648098847,0,0,46.6972648098847,0.0,0.0,0,0
766812,62.5,63.5,21.5,0.0,0.0,0.0,40.0,1.0,1.0,1.0,0.0,0.0,0.0,0.0,0.0,0.0,100.0,100.0,100.0,1000.0,1000.0,1000.0,46.6972648098847,0,0,46.6972648098847,0.0,0.0,0,0
767012,62.5,63.5,21.5,0.0,0.0,0.0,40.0,1.0,1.0,1.0,0.0,0.0,0.0,0.0,0.0,0.0,100.0,100.0,100.0,1000.0,1000.0,1000.0,46.6972648098847,0,0,46.6972648098847,0.0,0.0,0,0
767212,62.5,63.5,21.5,0.0,0.0,0.0,40.0,1.0,1.0,1.0,0.0,0.0,0.0,0.0,0.0,0.0,100.0,100.0,100.0,1000.0,1000.0,1000.0,46.6972648098847,0,0,46.6972648098847,0.0,0.0,0,0
767412,62.5,63.5,21.5,0.0,0.0,0.0,40.0,1.0,1.0,1.0,0.0,0.0,0.0,0.0,0.0,0.0,100.0,100.0,100.0,1000.0,1000.0,1000.0,46.6972648098847,0,0,46.6972648098847,0.0,0.0,0,0
767612,62.5,63.5,21.5,0.0,0.0,0.0,40.0,1.0,1.0,1.0,0.0,0.0,0.0,0.0,0.0,0.0,100.0,100.0,100.0,1000.0,1000.0,1000.0,46.6972648098847,0,0,46.6972648098847,0.0,0.0,0,0
767812,62.5,63.5,21.5,0.0,0.0,0.0,40.0,1.0,1.0,1.0,0.0,0.0,0.0,0.0,0.0,0.0,100.0,100.0,100.0,1000.0,1000.0,1000.0,46.6972648098847,0,0,46.6972648098847,0.0,0.0,0,0
768012,63.0,63.5,21.5,0.0,0.0,0.0,40.0,1.0,1.0,1.0,0.0,0.0,0.0,0.0,0.0,0.0,100.0,100.0,100.0,1000.0,1000.0,1000.0,46.6972648098847,0,0,46.6972648098847,0.0,0.0,0,0
768212,63.0,63.5,21.5,0.0,0.0,0.0,40.0,1.0,1.0,1.0,0.0,0.0,0.0,0.0,0.0,0.0,100.0,100.0,100.0,1000.0,1000.0,1000.0,46.6972648098847,0,0,46.6972648098847,0.0,0.0,0,0
768412,63.0,63.5,21.5,0.0,0.0,0.0,40.0,1.0,1.0,1.0,0.0,0.0,0.0,0.0,0.0,0.0,100.0,100.0,100.0,1000.0,1000.0,1000.0,46.6972648098847,0,0,46.6972648098847,0.0,0.0,0,0
768612,63.0,63.5,21.5,0.0,0.0,0.0,40.0,1.0,1.0,1.0,0.0,0.0,0.0,0.0,0.0,0.0,100.0,100.0,100.0,1000.0,1000.0,1000.0,46.6972648098847,0,0,46.6972648098847,0.0,0.0,0,0
768812,63.0,63.5,21.5,0.0,0.0,0.0,40.0,1.0,1.0,1.0,0.0,0.0,0.0,0.0,0.0,0.0,100.0,100.0,100.0,1000.0,1000.0,1000.0,46.6972648098847,0,0,46.6972648098847,0.0,0.0,0,0
769012,63.0,63.5,21.5,0.0,0.0,0.0,40.0,1.0,1.0,1.0,0.0,0.0,0.0,0.0,0.0,0.0,100.0,100.0,100.0,1000.0,1000.0,1000.0,46.6972648098847,0,0,46.6972648098847,0.0,0.0,0,0
769212,63.0,63.5,21.5,0.0,0.0,0.0,40.0,1.0,1.0,1.0,0.0,0.0,0.0,0.0,0.0,0.0,100.0,100.0,100.0,1000.0,1000.0,1000.0,46.6972648098847,0,0,46.6972648098847,0.0,0.0,0,0
769412,63.0,63.5,21.5,0.0,0.0,0.0,40.0,1.0,1.0,1.0,0.0,0.0,0.0,0.0,0.0,0.0,100.0,100.0,100.0,1000.0,1000.0,1000.0,46.6972648098847,0,0,46.6972648098847,0.0,0.0,0,0
769612,63.0,63.5,21.5,0.0,0.0,0.0,40.0,1.0,1.0,1.0,0.0,0.0,0.0,0.0,0.0,0.0,100.0,100.0,100.0,1000.0,1000.0,1000.0,46.6972648098847,0,0,46.6972648098847,0.0,0.0,0,0
769812,63.0,63.5,21.5,0.0,0.0,0.0,40.0,1.0,1.0,1.0,0.0,0.0,0.0,0.0,0.0,0.0,100.0,100.0,100.0,1000.0,1000.0,1000.0,46.6972648098847,0,0,46.6972648098847,0.0,0.0,0,0
770012,63.0,63.5,21.5,0.0,0.0,0.0,40.0,1.0,1.0,1.0,0.0,0.0,0.0,0.0,0.0,0.0,100.0,100.0,100.0,1000.0,1000.0,1000.0,46.6972648098847,0,0,46.6972648098847,0.0,0.0,0,0
770212,63.0,63.0,21.5,0.0,0.0,0.0,40.0,1.0,1.0,1.0,0.0,0.0,0.0,0.0,0.0,0.0,100.0,100.0,100.0,1000.0,1000.0,1000.0,46.6972648098847,0,0,46.6972648098847,0.0,0.0,0,0
770412,63.0,63.0,21.5,0.0,0.0,0.0,40.0,1.0,1.0,1.0,0.0,0.0,0.0,0.0,0.0,0.0,100.0,100.0,100.0,1000.0,1000.0,1000.0,46.6972648098847,0,0,46.6972648098847,0.0,0.0,0,0
770612,63.0,63.0,21.5,0.0,0.0,0.0,40.0,1.0,1.0,1.0,0.0,0.0,0.0,0.0,0.0,0.0,100.0,100.0,100.0,1000.0,1000.0,1000.0,46.6972648098847,0,0,46.6972648098847,0.0,0.0,0,0
770812,63.0,63.0,21.5,0.0,0.0,0.0,40.0,1.0,1.0,1.0,0.0,0.0,0.0,0.0,0.0,0.0,100.0,100.0,100.0,1000.0,1000.0,1000.0,46.6972648098847,0,0,46.6972648098847,0.0,0.0,0,0
771012,63.0,63.0,21.5,0.0,0.0,0.0,40.0,1.0,1.0,1.0,0.0,0.0,0.0,0.0,0.0,0.0,100.0,100.0,100.0,1000.0,1000.0,1000.0,46.6972648098847,0,0,46.6972648098847,0.0,0.0,0,0
771212,63.0,63.0,21.5,0.0,0.0,0.0,40.0,1.0,1.0,1.0,0.0,0.0,0.0,0.0,0.0,0.0,100.0,100.0,100.0,1000.0,1000.0,1000.0,46.6972648098847,0,0,46.6972648098847,0.0,0.0,0,0
771412,63.0,63.0,21.5,0.0,0.0,0.0,40.0,1.0,1.0,1.0,0.0,0.0,0.0,0.0,0.0,0.0,100.0,100.0,100.0,1000.0,1000.0,1000.0,46.6972648098847,0,0,46.6972648098847,0.0,0.0,0,0
771612,63.0,63.0,21.5,0.0,0.0,0.0,40.0,1.0,1.0,1.0,0.0,0.0,0.0,0.0,0.0,0.0,100.0,100.0,100.0,1000.0,1000.0,1000.0,46.6972648098847,0,0,46.6972648098847,0.0,0.0,0,0
771812,63.0,63.0,21.5,0.0,0.0,0.0,40.0,1.0,1.0,1.0,0.0,0.0,0.0,0.0,0.0,0.0,100.0,100.0,100.0,1000.0,1000.0,1000.0,46.6972648098847,0,0,46.6972648098847,0.0,0.0,0,0
772012,63.0,63.0,21.5,0.0,0.0,0.0,40.0,1.0,1.0,1.0,0.0,0.0,0.0,0.0,0.0,0.0,100.0,100.0,100.0,1000.0,1000.0,1000.0,46.6972648098847,0,0,46.6972648098847,0.0,0.0,0,0
772212,63.0,63.0,21.5,0.0,0.0,0.0,40.0,1.0,1.0,1.0,0.0,0.0,0.0,0.0,0.0,0.0,100.0,100.0,100.0,1000.0,1000.0,1000.0,46.6972648098847,0,0,46.6972648098847,0.0,0.0,0,0
772412,63.0,63.0,21.5,0.0,0.0,0.0,40.0,1.0,1.0,1.0,0.0,0.0,0.0,0.0,0.0,0.0,100.0,100.0,100.0,1000.0,1000.0,1000.0,46.6972648098847,0,0,46.6972648098847,0.0,0.0,0,0
772612,63.0,63.0,21.5,0.0,0.0,0.0,40.0,1.0,1.0,1.0,0.0,0.0,0.0,0.0,0.0,0.0,100.0,100.0,100.0,1000.0,1000.0,1000.0,46.6972648098847,0,0,46.6972648098847,0.0,0.0,0,0
772812,63.0,63.0,21.5,0.0,0.0,0.0,40.0,1.0,1.0,1.0,0.0,0.0,0.0,0.0,0.0,0.0,100.0,100.0,100.0,1000.0,1000.0,1000.0,46.6972648098847,0,0,46.6972648098847,0.0,0.0,0,0
773012,63.0,63.0,21.5,0.0,0.0,0.0,40.0,1.0,1.0,1.0,0.0,0.0,0.0,0.0,0.0,0.0,100.0,100.0,100.0,1000.0,1000.0,1000.0,46.6972648098847,0,0,46.6972648098847,0.0,0.0,0,0
773212,63.0,63.0,21.5,0.0,0.0,0.0,40.0,1.0,1.0,1.0,0.0,0.0,0.0,0.0,0.0,0.0,100.0,100.0,100.0,1000.0,1000.0,1000.0,46.6972648098847,0,0,46.6972648098847,0.0,0.0,0,0
773412,63.0,63.0,21.5,0.0,0.0,0.0,40.0,1.0,1.0,1.0,0.0,0.0,0.0,0.0,0.0,0.0,100.0,100.0,100.0,1000.0,1000.0,1000.0,46.6972648098847,0,0,46.6972648098847,0.0,0.0,0,0
773612,63.0,63.0,21.5,0.0,0.0,0.0,40.0,1.0,1.0,1.0,0.0,0.0,0.0,0.0,0.0,0.0,100.0,100.0,100.0,1000.0,1000.0,1000.0,46.6972648098847,0,0,46.6972648098847,0.0,0.0,0,0
773812,63.0,63.0,21.5,0.0,0.0,0.0,40.0,1.0,1.0,1.0,0.0,0.0,0.0,0.0,0.0,0.0,100.0,100.0,100.0,1000.0,1000.0,1000.0,46.6972648098847,0,0,46.6972648098847,0.0,0.0,0,0
774012,63.0,63.0,21.5,0.0,0.0,0.0,40.0,1.0,1.0,1.0,0.0,0.0,0.0,0.0,0.0,0.0,100.0,100.0,100.0,1000.0,1000.0,1000.0,46.6972648098847,0,0,46.6972648098847,0.0,0.0,0,0
774212,63.0,63.0,21.5,0.0,0.0,0.0,40.0,1.0,1.0,1.0,0.0,0.0,0.0,0.0,0.0,0.0,100.0,100.0,100.0,1000.0,1000.0,1000.0,46.6972648098847,0,0,46.6972648098847,0.0,0.0,0,0
774412,63.0,63.0,21.5,0.0,0.0,0.0,40.0,1.0,1.0,1.0,0.0,0.0,0.0,0.0,0.0,0.0,100.0,100.0,100.0,1000.0,1000.0,1000.0,46.6972648098847,0,0,46.6972648098847,0.0,0.0,0,0
774612,63.0,63.0,21.5,0.0,0.0,0.0,40.0,1.0,1.0,1.0,0.0,0.0,0.0,0.0,0.0,0.0,100.0,100.0,100.0,1000.0,1000.0,1000.0,46.6972648098847,0,0,46.6972648098847,0.0,0.0,0,0
774812,63.0,63.0,21.5,0.0,0.0,0.0,40.0,1.0,1.0,1.0,0.0,0.0,0.0,0.0,0.0,0.0,100.0,100.0,100.0,1000.0,1000.0,1000.0,46.6972648098847,0,0,46.6972648098847,0.0,0.0,0,0
775012,63.0,63.0,21.5,0.0,0.0,0.0,40.0,1.0,1.0,1.0,0.0,0.0,0.0,0.0,0.0,0.0,100.0,100.0,100.0,1000.0,1000.0,1000.0,46.6972648098847,0,0,46.6972648098847,0.0,0.0,0,0
775212,63.0,63.0,21.5,0.0,0.0,0.0,40.0,1.0,1.0,1.0,0.0,0.0,0.0,0.0,0.0,0.0,100.0,100.0,100.0,1000.0,1000.0,1000.0,46.6972648098847,0,0,46.6972648098847,0.0,0.0,0,0
775412,63.0,63.0,21.5,0.0,0.0,0.0,40.0,1.0,1.0,1.0,0.0,0.0,0.0,0.0,0.0,0.0,100.0,100.0,100.0,1000.0,1000.0,1000.0,46.6972648098847,0,0,46.6972648098847,0.0,0.0,0,0
775612,63.0,63.0,21.5,0.0,0.0,0.0,40.0,1.0,1.0,1.0,0.0,0.0,0.0,0.0,0.0,0.0,100.0,100.0,100.0,1000.0,1000.0,1000.0,46.6972648098847,0,0,46.6972648098847,0.0,0.0,0,0
775812,63.0,63.0,21.5,0.0,0.0,0.0,40.0,1.0,1.0,1.0,0.0,0.0,0.0,0.0,0.0,0.0,100.0,100.0,100.0,1000.0,1000.0,1000.0,46.6972648098847,0,0,46.6972648098847,0.0,0.0,0,0
776012,63.0,63.0,21.5,0.0,0.0,0.0,40.0,1.0,1.0,1.0,0.0,0.0,0.0,0.0,0.0,0.0,100.0,100.0,100.0,1000.0,1000.0,1000.0,46.6972648098847,0,0,46.6972648098847,0.0,0.0,0,0
776212,63.0,63.0,21.5,0.0,0.0,0.0,40.0,1.0,1.0,1.0,0.0,0.0,0.0,0.0,0.0,0.0,100.0,100.0,100.0,1000.0,1000.0,1000.0,46.6972648098847,0,0,46.6972648098847,0.0,0.0,0,0
776412,63.0,63.0,21.5,0.0,0.0,0.0,40.0,1.0,1.0,1.0,0.0,0.0,0.0,0.0,0.0,0.0,100.0,100.0,100.0,1000.0,1000.0,1000.0,46.6972648098847,0,0,46.6972648098847,0.0,0.0,0,0
776612,63.0,63.0,21.5,0.0,0.0,0.0,40.0,1.0,1.0,1.0,0.0,0.0,0.0,0.0,0.0,0.0,100.0,100.0,100.0,1000.0,1000.0,1000.0,46.6972648098847,0,0,46.6972648098847,0.0,0.0,0,0
776812,63.0,63.0,21.5,0.0,0.0,0.0,40.0,1.0,1.0,1.0,0.0,0.0,0.0,0.0,0.0,0.0,100.0,100.0,100.0,1000.0,1000.0,1000.0,46.6972648098847,0,0,46.6972648098847,0.0,0.0,0,0
777012,63.0,63.0,21.5,0.0,0.0,0.0,40.0,1.0,1.0,1.0,0.0,0.0,0.0,0.0,0.0,0.0,100.0,100.0,100.0,1000.0,1000.0,1000.0,46.6972648098847,0,0,46.6972648098847,0.0,0.0,0,0
777212,63.0,63.0,21.5,0.0,0.0,0.0,40.0,1.0,1.0,1.0,0.0,0.0,0.0,0.0,0.0,0.0,100.0,100.0,100.0,1000.0,1000.0,1000.0,46.6972648098847,0,0,46.6972648098847,0.0,0.0,0,0
777412,63.0,63.0,21.5,0.0,0.0,0.0,40.0,1.0,1.0,1.0,0.0,0.0,0.0,0.0,0.0,0.0,100.0,100.0,100.0,1000.0,1000.0,1000.0,46.6972648098847,0,0,46.6972648098847,0.0,0.0,0,0
777612,63.0,63.0,21.5,0.0,0.0,0.0,40.0,1.0,1.0,1.0,0.0,0.0,0.0,0.0,0.0,0.0,100.0,100.0,100.0,1000.0,1000.0,1000.0,46.6972648098847,0,0,46.6972648098847,0.0,0.0,0,0
777812,63.0,63.0,21.5,0.0,0.0,0.0,40.0,1.0,1.0,1.0,0.0,0.0,0.0,0.0,0.0,0.0,100.0,100.0,100.0,1000.0,1000.0,1000.0,46.6972648098847,0,0,46.6972648098847,0.0,0.0,0,0
778012,63.0,63.0,21.5,0.0,0.0,0.0,40.0,1.0,1.0,1.0,0.0,0.0,0.0,0.0,0.0,0.0,100.0,100.0,100.0,1000.0,1000.0,1000.0,46.6972648098847,0,0,46.6972648098847,0.0,0.0,0,0
778212,63.0,63.0,21.5,0.0,0.0,0.0,40.0,1.0,1.0,1.0,0.0,0.0,0.0,0.0,0.0,0.0,100.0,100.0,100.0,1000.0,1000.0,1000.0,46.6972648098847,0,0,46.6972648098847,0.0,0.0,0,0
778412,63.0,63.0,21.5,0.0,0.0,0.0,40.0,1.0,1.0,1.0,0.0,0.0,0.0,0.0,0.0,0.0,100.0,100.0,100.0,1000.0,1000.0,1000.0,46.6972648098847,0,0,46.6972648098847,0.0,0.0,0,0
778612,63.0,63.0,21.5,0.0,0.0,0.0,40.0,1.0,1.0,1.0,0.0,0.0,0.0,0.0,0.0,0.0,100.0,100.0,100.0,1000.0,1000.0,1000.0,46.6972648098847,0,0,46.6972648098847,0.0,0.0,0,0
778812,63.0,63.0,21.5,0.0,0.0,0.0,40.0,1.0,1.0,1.0,0.0,0.0,0.0,0.0,0.0,0.0,100.0,100.0,100.0,1000.0,1000.0,1000.0,46.6972648098847,0,0,46.6972648098847,0.0,0.0,0,0
779012,63.0,63.0,21.5,0.0,0.0,0.0,40.0,1.0,1.0,1.0,0.0,0.0,0.0,0.0,0.0,0.0,100.0,100.0,100.0,1000.0,1000.0,1000.0,46.6972648098847,0,0,46.6972648098847,0.0,0.0,0,0
779212,63.0,63.0,21.5,0.0,0.0,0.0,40.0,1.0,1.0,1.0,0.0,0.0,0.0,0.0,0.0,0.0,100.0,100.0,100.0,1000.0,1000.0,1000.0,46.6972648098847,0,0,46.6972648098847,0.0,0.0,0,0
779412,63.0,63.0,21.5,0.0,0.0,0.0,40.0,1.0,1.0,1.0,0.0,0.0,0.0,0.0,0.0,0.0,100.0,100.0,100.0,1000.0,1000.0,1000.0,46.6972648098847,0,0,46.6972648098847,0.0,0.0,0,0
779612,63.0,63.0,21.5,0.0,0.0,0.0,40.0,1.0,1.0,1.0,0.0,0.0,0.0,0.0,0.0,0.0,100.0,100.0,100.0,1000.0,1000.0,1000.0,46.6972648098847,0,0,46.6972648098847,0.0,0.0,0,0
779812,63.0,63.0,21.5,0.0,0.0,0.0,40.0,1.0,1.0,1.0,0.0,0.0,0.0,0.0,0.0,0.0,100.0,100.0,100.0,1000.0,1000.0,1000.0,46.6972648098847,0,0,46.6972648098847,0.0,0.0,0,0
780012,63.0,63.0,21.5,0.0,0.0,0.0,40.0,1.0,1.0,1.0,0.0,0.0,0.0,0.0,0.0,0.0,100.0,100.0,100.0,1000.0,1000.0,1000.0,46.6972648098847,0,0,46.6972648098847,0.0,0.0,0,0
780212,63.0,63.0,21.5,0.0,0.0,0.0,40.0,1.0,1.0,1.0,0.0,0.0,0.0,0.0,0.0,0.0,100.0,100.0,100.0,1000.0,1000.0,1000.0,45.73257730988459,0,0,45.73257730988459,0.0,0.0,1,0
780412,63.0,63.0,21.5,0.0,0.0,0.0,40.0,1.0,1.0,1.0,0.0,0.0,0.0,0.0,0.0,0.0,100.0,100.0,100.0,1000.0,1000.0,1000.0,45.73257730988459,0,0,45.73257730988459,0.0,0.0,0,0
780612,63.0,63.0,21.5,0.0,0.0,0.0,40.0,1.0,1.0,1.0,0.0,0.0,0.0,0.0,0.0,0.0,100.0,100.0,100.0,1000.0,1000.0,1000.0,45.73257730988459,0,0,45.73257730988459,0.0,0.0,0,0
780812,63.0,63.0,21.5,0.0,0.0,0.0,40.0,1.0,1.0,1.0,0.0,0.0,0.0,0.0,0.0,0.0,100.0,100.0,100.0,1000.0,1000.0,1000.0,45.73257730988459,0,0,45.73257730988459,0.0,0.0,0,0
781012,63.0,63.0,21.5,0.0,0.0,0.0,40.0,1.0,1.0,1.0,0.0,0.0,0.0,0.0,0.0,0.0,100.0,100.0,100.0,1000.0,1000.0,1000.0,45.73257730988459,0,0,45.73257730988459,0.0,0.0,0,0
781212,63.0,63.0,21.5,0.0,0.0,0.0,40.0,1.0,1.0,1.0,0.0,0.0,0.0,0.0,0.0,0.0,100.0,100.0,100.0,1000.0,1000.0,1000.0,45.73257730988459,0,0,45.73257730988459,0.0,0.0,0,0
781412,63.0,63.0,21.5,0.0,0.0,0.0,40.0,1.0,1.0,1.0,0.0,0.0,0.0,0.0,0.0,0.0,100.0,100.0,100.0,1000.0,1000.0,1000.0,45.73257730988459,0,0,45.73257730988459,0.0,0.0,0,0
781612,63.0,63.0,21.5,0.0,0.0,0.0,40.0,1.0,1.0,1.0,0.0,0.0,0.0,0.0,0.0,0.0,100.0,100.0,100.0,1000.0,1000.0,1000.0,45.73257730988459,0,0,45.73257730988459,0.0,0.0,0,0
781812,63.0,63.0,21.5,0.0,0.0,0.0,40.0,1.0,1.0,1.0,0.0,0.0,0.0,0.0,0.0,0.0,100.0,100.0,100.0,1000.0,1000.0,1000.0,45.73257730988459,0,0,45.73257730988459,0.0,0.0,0,0
782012,63.0,63.0,21.5,0.0,0.0,0.0,40.0,1.0,1.0,1.0,0.0,0.0,0.0,0.0,0.0,0.0,100.0,100.0,100.0,1000.0,1000.0,1000.0,45.73257730988459,0,0,45.73257730988459,0.0,0.0,0,0
782212,63.0,63.0,21.5,0.0,0.0,0.0,40.0,1.0,1.0,1.0,0.0,0.0,0.0,0.0,0.0,0.0,100.0,100.0,100.0,1000.0,1000.0,1000.0,45.73257730988459,0,0,45.73257730988459,0.0,0.0,0,0
782412,63.0,63.0,21.5,0.0,0.0,0.0,40.0,1.0,1.0,1.0,0.0,0.0,0.0,0.0,0.0,0.0,100.0,100.0,100.0,1000.0,1000.0,1000.0,45.73257730988459,0,0,45.73257730988459,0.0,0.0,0,0
782612,63.0,63.0,21.5,0.0,0.0,0.0,40.0,1.0,1.0,1.0,0.0,0.0,0.0,0.0,0.0,0.0,100.0,100.0,100.0,1000.0,1000.0,1000.0,45.73257730988459,0,0,45.73257730988459,0.0,0.0,0,0
782812,63.0,63.0,21.5,0.0,0.0,0.0,40.0,1.0,1.0,1.0,0.0,0.0,0.0,0.0,0.0,0.0,100.0,100.0,100.0,1000.0,1000.0,1000.0,45.73257730988459,0,0,45.73257730988459,0.0,0.0,0,0
783012,63.0,63.0,21.5,0.0,0.0,0.0,40.0,1.0,1.0,1.0,0.0,0.0,0.0,0.0,0.0,0.0,100.0,100.0,100.0,1000.0,1000.0,1000.0,45.73257730988459,0,0,45.73257730988459,0.0,0.0,0,0
783212,63.0,63.0,21.5,0.0,0.0,0.0,40.0,1.0,1.0,1.0,0.0,0.0,0.0,0.0,0.0,0.0,100.0,100.0,100.0,1000.0,1000.0,1000.0,45.73257730988459,0,0,45.73257730988459,0.0,0.0,0,0
783412,63.0,63.0,21.5,0.0,0.0,0.0,40.0,1.0,1.0,1.0,0.0,0.0,0.0,0.0,0.0,0.0,100.0,100.0,100.0,1000.0,1000.0,1000.0,45.73257730988459,0,0,45.73257730988459,0.0,0.0,0,0
783612,63.0,63.0,21.5,0.0,0.0,0.0,40.0,1.0,1.0,1.0,0.0,0.0,0.0,0.0,0.0,0.0,100.0,100.0,100.0,1000.0,1000.0,1000.0,45.73257730988459,0,0,45.73257730988459,0.0,0.0,0,0
783812,63.0,63.0,21.5,0.0,0.0,0.0,40.0,1.0,1.0,1.0,0.0,0.0,0.0,0.0,0.0,0.0,100.0,100.0,100.0,1000.0,1000.0,1000.0,45.73257730988459,0,0,45.73257730988459,0.0,0.0,0,0
784012,63.0,63.0,21.5,0.0,0.0,0.0,40.0,1.0,1.0,1.0,0.0,0.0,0.0,0.0,0.0,0.0,100.0,100.0,100.0,1000.0,1000.0,1000.0,45.73257730988459,0,0,45.73257730988459,0.0,0.0,0,0
784212,63.0,63.0,21.5,0.0,0.0,0.0,40.0,1.0,1.0,1.0,0.0,0.0,0.0,0.0,0.0,0.0,100.0,100.0,100.0,1000.0,1000.0,1000.0,45.73257730988459,0,0,45.73257730988459,0.0,0.0,0,0
784412,63.0,63.0,21.5,0.0,0.0,0.0,40.0,1.0,1.0,1.0,0.0,0.0,0.0,0.0,0.0,0.0,100.0,100.0,100.0,1000.0,1000.0,1000.0,45.73257730988459,0,0,45.73257730988459,0.0,0.0,0,0
784612,63.0,63.0,21.5,0.0,0.0,0.0,40.0,1.0,1.0,1.0,0.0,0.0,0.0,0.0,0.0,0.0,100.0,100.0,100.0,1000.0,1000.0,1000.0,45.73257730988459,0,0,45.73257730988459,0.0,0.0,0,0
784812,63.0,63.0,21.5,0.0,0.0,0.0,40.0,1.0,1.0,1.0,0.0,0.0,0.0,0.0,0.0,0.0,100.0,100.0,100.0,1000.0,1000.0,1000.0,45.73257730988459,0,0,45.73257730988459,0.0,0.0,0,0
785012,63.0,63.0,21.5,0.0,0.0,0.0,40.0,1.0,1.0,1.0,0.0,0.0,0.0,0.0,0.0,0.0,100.0,100.0,100.0,1000.0,1000.0,1000.0,45.73257730988459,0,0,45.73257730988459,0.0,0.0,0,0
785212,63.0,63.0,21.5,0.0,0.0,0.0,40.0,1.0,1.0,1.0,0.0,0.0,0.0,0.0,0.0,0.0,100.0,100.0,100.0,1000.0,1000.0,1000.0,45.73257730988459,0,0,45.73257730988459,0.0,0.0,0,0
785412,63.0,63.0,21.5,0.0,0.0,0.0,40.0,1.0,1.0,1.0,0.0,0.0,0.0,0.0,0.0,0.0,100.0,100.0,100.0,1000.0,1000.0,1000.0,45.73257730988459,0,0,45.73257730988459,0.0,0.0,0,0
785612,63.0,63.0,21.5,0.0,0.0,0.0,40.0,1.0,1.0,1.0,0.0,0.0,0.0,0.0,0.0,0.0,100.0,100.0,100.0,1000.0,1000.0,1000.0,45.73257730988459,0,0,45.73257730988459,0.0,0.0,0,0
785812,63.0,63.0,21.5,0.0,0.0,0.0,40.0,1.0,1.0,1.0,0.0,0.0,0.0,0.0,0.0,0.0,100.0,100.0,100.0,1000.0,1000.0,1000.0,45.73257730988459,0,0,45.73257730988459,0.0,0.0,0,0
786012,63.0,63.0,21.5,0.0,0.0,0.0,40.0,1.0,1.0,1.0,0.0,0.0,0.0,0.0,0.0,0.0,100.0,100.0,100.0,1000.0,1000.0,1000.0,45.73257730988459,0,0,45.73257730988459,0.0,0.0,0,0
786212,63.0,63.0,21.5,0.0,0.0,0.0,40.0,1.0,1.0,1.0,0.0,0.0,0.0,0.0,0.0,0.0,100.0,100.0,100.0,1000.0,1000.0,1000.0,45.73257730988459,0,0,45.73257730988459,0.0,0.0,0,0
786412,63.0,63.0,21.5,0.0,0.0,0.0,40.0,1.0,1.0,1.0,0.0,0.0,0.0,0.0,0.0,0.0,100.0,100.0,100.0,1000.0,1000.0,1000.0,45.73257730988459,0,0,45.73257730988459,0.0,0.0,0,0
786612,63.0,63.0,21.5,0.0,0.0,0.0,40.0,1.0,1.0,1.0,0.0,0.0,0.0,0.0,0.0,0.0,100.0,100.0,100.0,1000.0,1000.0,1000.0,45.73257730988459,0,0,45.73257730988459,0.0,0.0,0,0
786812,63.0,63.0,21.5,0.0,0.0,0.0,40.0,1.0,1.0,1.0,0.0,0.0,0.0,0.0,0.0,0.0,100.0,100.0,100.0,1000.0,1000.0,1000.0,45.73257730988459,0,0,45.73257730988459,0.0,0.0,0,0
787012,63.0,63.0,21.5,0.0,0.0,0.0,40.0,1.0,1.0,1.0,0.0,0.0,0.0,0.0,0.0,0.0,100.0,100.0,100.0,1000.0,1000.0,1000.0,45.73257730988459,0,0,45.73257730988459,0.0,0.0,0,0
787212,63.0,63.0,21.5,0.0,0.0,0.0,40.0,1.0,1.0,1.0,0.0,0.0,0.0,0.0,0.0,0.0,100.0,100.0,100.0,1000.0,1000.0,1000.0,45.73257730988459,0,0,45.73257730988459,0.0,0.0,0,0
787412,63.0,63.0,21.5,0.0,0.0,0.0,40.0,1.0,1.0,1.0,0.0,0.0,0.0,0.0,0.0,0.0,100.0,100.0,100.0,1000.0,1000.0,1000.0,45.73257730988459,0,0,45.73257730988459,0.0,0.0,0,0
787612,63.0,63.0,21.5,0.0,0.0,0.0,40.0,1.0,1.0,1.0,0.0,0.0,0.0,0.0,0.0,0.0,100.0,100.0,100.0,1000.0,1000.0,1000.0,45.73257730988459,0,0,45.73257730988459,0.0,0.0,0,0
787812,63.0,63.0,21.5,0.0,0.0,0.0,40.0,1.0,1.0,1.0,0.0,0.0,0.0,0.0,0.0,0.0,100.0,100.0,100.0,1000.0,1000.0,1000.0,45.73257730988459,0,0,45.73257730988459,0.0,0.0,0,0
788012,63.0,63.0,21.5,0.0,0.0,0.0,40.0,1.0,1.0,1.0,0.0,0.0,0.0,0.0,0.0,0.0,100.0,100.0,100.0,1000.0,1000.0,1000.0,45.73257730988459,0,0,45.73257730988459,0.0,0.0,0,0
788212,63.0,63.0,21.5,0.0,0.0,0.0,40.0,1.0,1.0,1.0,0.0,0.0,0.0,0.0,0.0,0.0,100.0,100.0,100.0,1000.0,1000.0,1000.0,45.73257730988459,0,0,45.73257730988459,0.0,0.0,0,0
788412,63.0,63.0,21.5,0.0,0.0,0.0,40.0,1.0,1.0,1.0,0.0,0.0,0.0,0.0,0.0,0.0,100.0,100.0,100.0,1000.0,1000.0,1000.0,45.73257730988459,0,0,45.73257730988459,0.0,0.0,0,0
788612,63.0,63.0,21.5,0.0,0.0,0.0,40.0,1.0,1.0,1.0,0.0,0.0,0.0,0.0,0.0,0.0,100.0,100.0,100.0,1000.0,1000.0,1000.0,45.73257730988459,0,0,45.73257730988459,0.0,0.0,0,0
788812,63.0,63.0,21.5,0.0,0.0,0.0,40.0,1.0,1.0,1.0,0.0,0.0,0.0,0.0,0.0,0.0,100.0,100.0,100.0,1000.0,1000.0,1000.0,45.73257730988459,0,0,45.73257730988459,0.0,0.0,0,0
789012,63.0,63.0,21.5,0.0,0.0,0.0,40.0,1.0,1.0,1.0,0.0,0.0,0.0,0.0,0.0,0.0,100.0,100.0,100.0,1000.0,1000.0,1000.0,45.73257730988459,0,0,45.73257730988459,0.0,0.0,0,0
789212,63.0,63.0,21.5,0.0,0.0,0.0,40.0,1.0,1.0,1.0,0.0,0.0,0.0,0.0,0.0,0.0,100.0,100.0,100.0,1000.0,1000.0,1000.0,45.73257730988459,0,0,45.73257730988459,0.0,0.0,0,0
789412,63.0,63.0,21.5,0.0,0.0,0.0,40.0,1.0,1.0,1.0,0.0,0.0,0.0,0.0,0.0,0.0,100.0,100.0,100.0,1000.0,1000.0,1000.0,45.73257730988459,0,0,45.73257730988459,0.0,0.0,0,0
789612,63.0,63.0,21.5,0.0,0.0,0.0,40.0,1.0,1.0,1.0,0.0,0.0,0.0,0.0,0.0,0.0,100.0,100.0,100.0,1000.0,1000.0,1000.0,45.73257730988459,0,0,45.73257730988459,0.0,0.0,0,0
789812,63.0,63.0,21.5,0.0,0.0,0.0,40.0,1.0,1.0,1.0,0.0,0.0,0.0,0.0,0.0,0.0,100.0,100.0,100.0,1000.0,1000.0,1000.0,45.73257730988459,0,0,45.73257730988459,0.0,0.0,0,0
790012,63.0,63.0,21.5,0.0,0.0,0.0,40.0,1.0,1.0,1.0,0.0,0.0,0.0,0.0,0.0,0.0,100.0,100.0,100.0,1000.0,1000.0,1000.0,45.73257730988459,0,0,45.73257730988459,0.0,0.0,0,0
790212,63.0,63.0,21.5,0.0,0.0,0.0,40.0,1.0,1.0,1.0,0.0,0.0,0.0,0.0,0.0,0.0,100.0,100.0,100.0,1000.0,1000.0,1000.0,45.73257730988459,0,0,45.73257730988459,0.0,0.0,0,0
790412,63.0,63.0,21.5,0.0,0.0,0.0,40.0,1.0,1.0,1.0,0.0,0.0,0.0,0.0,0.0,0.0,100.0,100.0,100.0,1000.0,1000.0,1000.0,45.73257730988459,0,0,45.73257730988459,0.0,0.0,0,0
790612,63.0,63.0,21.5,0.0,0.0,0.0,40.0,1.0,1.0,1.0,0.0,0.0,0.0,0.0,0.0,0.0,100.0,100.0,100.0,1000.0,1000.0,1000.0,45.73257730988459,0,0,45.73257730988459,0.0,0.0,0,0
790812,63.0,63.0,21.5,0.0,0.0,0.0,40.0,1.0,1.0,1.0,0.0,0.0,0.0,0.0,0.0,0.0,100.0,100.0,100.0,1000.0,1000.0,1000.0,45.73257730988459,0,0,45.73257730988459,0.0,0.0,0,0
791012,63.0,63.0,21.5,0.0,0.0,0.0,40.0,1.0,1.0,1.0,0.0,0.0,0.0,0.0,0.0,0.0,100.0,100.0,100.0,1000.0,1000.0,1000.0,45.73257730988459,0,0,45.73257730988459,0.0,0.0,0,0
791212,63.0,63.0,21.5,0.0,0.0,0.0,40.0,1.0,1.0,1.0,0.0,0.0,0.0,0.0,0.0,0.0,100.0,100.0,100.0,1000.0,1000.0,1000.0,45.73257730988459,0,0,45.73257730988459,0.0,0.0,0,0
791412,63.0,63.0,21.5,0.0,0.0,0.0,40.0,1.0,1.0,1.0,0.0,0.0,0.0,0.0,0.0,0.0,100.0,100.0,100.0,1000.0,1000.0,1000.0,45.73257730988459,0,0,45.73257730988459,0.0,0.0,0,0
791612,63.0,63.0,21.5,0.0,0.0,0.0,40.0,1.0,1.0,1.0,0.0,0.0,0.0,0.0,0.0,0.0,100.0,100.0,100.0,1000.0,1000.0,1000.0,45.73257730988459,0,0,45.73257730988459,0.0,0.0,0,0
791812,63.0,63.0,21.5,0.0,0.0,0.0,40.0,1.0,1.0,1.0,0.0,0.0,0.0,0.0,0.0,0.0,100.0,100.0,100.0,1000.0,1000.0,1000.0,45.73257730988459,0,0,45.73257730988459,0.0,0.0,0,0
792012,63.0,63.0,21.5,0.0,0.0,0.0,40.0,1.0,1.0,1.0,0.0,0.0,0.0,0.0,0.0,0.0,100.0,100.0,100.0,1000.0,1000.0,1000.0,45.73257730988459,0,0,45.73257730988459,0.0,0.0,0,0
792212,63.0,63.0,21.5,0.0,0.0,0.0,40.0,1.0,1.0,1.0,0.0,0.0,0.0,0.0,0.0,0.0,100.0,100.0,100.0,1000.0,1000.0,1000.0,45.73257730988459,0,0,45.73257730988459,0.0,0.0,0,0
792412,63.0,63.0,21.5,0.0,0.0,0.0,40.0,1.0,1.0,1.0,0.0,0.0,0.0,0.0,0.0,0.0,100.0,100.0,100.0,1000.0,1000.0,1000.0,45.73257730988459,0,0,45.73257730988459,0.0,0.0,0,0
792612,63.0,63.0,21.5,0.0,0.0,0.0,40.0,1.0,1.0,1.0,0.0,0.0,0.0,0.0,0.0,0.0,100.0,100.0,100.0,1000.0,1000.0,1000.0,45.73257730988459,0,0,45.73257730988459,0.0,0.0,0,0
792812,63.0,63.0,21.5,0.0,0.0,0.0,40.0,1.0,1.0,1.0,0.0,0.0,0.0,0.0,0.0,0.0,100.0,100.0,100.0,1000.0,1000.0,1000.0,45.73257730988459,0,0,45.73257730988459,0.0,0.0,0,0
793012,63.0,63.0,21.5,0.0,0.0,0.0,40.0,1.0,1.0,1.0,0.0,0.0,0.0,0.0,0.0,0.0,100.0,100.0,100.0,1000.0,1000.0,1000.0,45.73257730988459,0,0,45.73257730988459,0.0,0.0,0,0
793212,63.0,63.0,21.5,0.0,0.0,0.0,40.0,1.0,1.0,1.0,0.0,0.0,0.0,0.0,0.0,0.0,100.0,100.0,100.0,1000.0,1000.0,1000.0,45.73257730988459,0,0,45.73257730988459,0.0,0.0,0,0
793412,63.0,63.0,21.5,0.0,0.0,0.0,40.0,1.0,1.0,1.0,0.0,0.0,0.0,0.0,0.0,0.0,100.0,100.0,100.0,1000.0,1000.0,1000.0,45.73257730988459,0,0,45.73257730988459,0.0,0.0,0,0
793612,63.0,63.0,21.5,0.0,0.0,0.0,40.0,1.0,1.0,1.0,0.0,0.0,0.0,0.0,0.0,0.0,100.0,100.0,100.0,1000.0,1000.0,1000.0,45.73257730988459,0,0,45.73257730988459,0.0,0.0,0,0
793812,63.0,63.0,21.5,0.0,0.0,0.0,40.0,1.0,1.0,1.0,0.0,0.0,0.0,0.0,0.0,0.0,100.0,100.0,100.0,1000.0,1000.0,1000.0,45.73257730988459,0,0,45.73257730988459,0.0,0.0,0,0
794012,63.0,63.0,21.5,0.0,0.0,0.0,40.0,1.0,1.0,1.0,0.0,0.0,0.0,0.0,0.0,0.0,100.0,100.0,100.0,1000.0,1000.0,1000.0,45.73257730988459,0,0,45.73257730988459,0.0,0.0,0,0
794212,63.0,63.0,21.5,0.0,0.0,0.0,40.0,1.0,1.0,1.0,0.0,0.0,0.0,0.0,0.0,0.0,100.0,100.0,100.0,1000.0,1000.0,1000.0,45.73257730988459,0,0,45.73257730988459,0.0,0.0,0,0
794412,63.0,63.0,21.5,0.0,0.0,0.0,40.0,1.0,1.0,1.0,0.0,0.0,0.0,0.0,0.0,0.0,100.0,100.0,100.0,1000.0,1000.0,1000.0,45.73257730988459,0,0,45.73257730988459,0.0,0.0,0,0
794612,63.0,63.0,21.5,0.0,0.0,0.0,40.0,1.0,1.0,1.0,0.0,0.0,0.0,0.0,0.0,0.0,100.0,100.0,100.0,1000.0,1000.0,1000.0,45.73257730988459,0,0,45.73257730988459,0.0,0.0,0,0
794812,63.0,63.0,21.5,0.0,0.0,0.0,40.0,1.0,1.0,1.0,0.0,0.0,0.0,0.0,0.0,0.0,100.0,100.0,100.0,1000.0,1000.0,1000.0,45.73257730988459,0,0,45.73257730988459,0.0,0.0,0,0
795012,63.0,63.0,21.5,0.0,0.0,0.0,40.0,1.0,1.0,1.0,0.0,0.0,0.0,0.0,0.0,0.0,100.0,100.0,100.0,1000.0,1000.0,1000.0,45.73257730988459,0,0,45.73257730988459,0.0,0.0,0,0
795212,63.0,63.0,21.5,0.0,0.0,0.0,40.0,1.0,1.0,1.0,0.0,0.0,0.0,0.0,0.0,0.0,100.0,100.0,100.0,1000.0,1000.0,1000.0,44.76788980988456,0,0,44.76788980988456,0.0,0.0,1,0
795412,63.0,63.0,21.5,0.0,0.0,0.0,40.0,1.0,1.0,1.0,0.0,0.0,0.0,0.0,0.0,0.0,100.0,100.0,100.0,1000.0,1000.0,1000.0,44.76788980988456,0,0,44.76788980988456,0.0,0.0,0,0
795612,63.0,63.0,21.5,0.0,0.0,0.0,40.0,1.0,1.0,1.0,0.0,0.0,0.0,0.0,0.0,0.0,100.0,100.0,100.0,1000.0,1000.0,1000.0,44.76788980988456,0,0,44.76788980988456,0.0,0.0,0,0
795812,63.0,63.0,21.5,0.0,0.0,0.0,40.0,1.0,1.0,1.0,0.0,0.0,0.0,0.0,0.0,0.0,100.0,100.0,100.0,1000.0,1000.0,1000.0,44.76788980988456,0,0,44.76788980988456,0.0,0.0,0,0
796012,63.0,63.0,21.5,0.0,0.0,0.0,40.0,1.0,1.0,1.0,0.0,0.0,0.0,0.0,0.0,0.0,100.0,100.0,100.0,1000.0,1000.0,1000.0,44.76788980988456,0,0,44.76788980988456,0.0,0.0,0,0
796212,63.0,63.0,21.5,0.0,0.0,0.0,40.0,1.0,1.0,1.0,0.0,0.0,0.0,0.0,0.0,0.0,100.0,100.0,100.0,1000.0,1000.0,1000.0,44.76788980988456,0,0,44.76788980988456,0.0,0.0,0,0
796412,63.0,63.0,21.5,0.0,0.0,0.0,40.0,1.0,1.0,1.0,0.0,0.0,0.0,0.0,0.0,0.0,100.0,100.0,100.0,1000.0,1000.0,1000.0,44.76788980988456,0,0,44.76788980988456,0.0,0.0,0,0
796612,63.0,63.0,21.5,0.0,0.0,0.0,40.0,1.0,1.0,1.0,0.0,0.0,0.0,0.0,0.0,0.0,100.0,100.0,100.0,1000.0,1000.0,1000.0,44.76788980988456,0,0,44.76788980988456,0.0,0.0,0,0
796812,63.0,63.0,21.5,0.0,0.0,0.0,40.0,1.0,1.0,1.0,0.0,0.0,0.0,0.0,0.0,0.0,100.0,100.0,100.0,1000.0,1000.0,1000.0,44.76788980988456,0,0,44.76788980988456,0.0,0.0,0,0
797012,63.0,63.0,21.5,0.0,0.0,0.0,40.0,1.0,1.0,1.0,0.0,0.0,0.0,0.0,0.0,0.0,100.0,100.0,100.0,1000.0,1000.0,1000.0,44.76788980988456,0,0,44.76788980988456,0.0,0.0,0,0
797212,63.0,63.0,21.5,0.0,0.0,0.0,40.0,1.0,1.0,1.0,0.0,0.0,0.0,0.0,0.0,0.0,100.0,100.0,100.0,1000.0,1000.0,1000.0,44.76788980988456,0,0,44.76788980988456,0.0,0.0,0,0
797412,63.0,63.0,21.5,0.0,0.0,0.0,40.0,1.0,1.0,1.0,0.0,0.0,0.0,0.0,0.0,0.0,100.0,100.0,100.0,1000.0,1000.0,1000.0,44.76788980988456,0,0,44.76788980988456,0.0,0.0,0,0
797612,63.0,63.0,21.5,0.0,0.0,0.0,40.0,1.0,1.0,1.0,0.0,0.0,0.0,0.0,0.0,0.0,100.0,100.0,100.0,1000.0,1000.0,1000.0,44.76788980988456,0,0,44.76788980988456,0.0,0.0,0,0
797812,63.0,63.0,21.5,0.0,0.0,0.0,40.0,1.0,1.0,1.0,0.0,0.0,0.0,0.0,0.0,0.0,100.0,100.0,100.0,1000.0,1000.0,1000.0,44.76788980988456,0,0,44.76788980988456,0.0,0.0,0,0
798012,63.0,63.0,21.5,0.0,0.0,0.0,40.0,1.0,1.0,1.0,0.0,0.0,0.0,0.0,0.0,0.0,100.0,100.0,100.0,1000.0,1000.0,1000.0,44.76788980988456,0,0,44.76788980988456,0.0,0.0,0,0
798212,63.0,63.0,21.5,0.0,0.0,0.0,40.0,1.0,1.0,1.0,0.0,0.0,0.0,0.0,0.0,0.0,100.0,100.0,100.0,1000.0,1000.0,1000.0,44.76788980988456,0,0,44.76788980988456,0.0,0.0,0,0
798412,63.0,63.0,21.5,0.0,0.0,0.0,40.0,1.0,1.0,1.0,0.0,0.0,0.0,0.0,0.0,0.0,100.0,100.0,100.0,1000.0,1000.0,1000.0,44.76788980988456,0,0,44.76788980988456,0.0,0.0,0,0
798612,63.0,63.0,21.5,0.0,0.0,0.0,40.0,1.0,1.0,1.0,0.0,0.0,0.0,0.0,0.0,0.0,100.0,100.0,100.0,1000.0,1000.0,1000.0,44.76788980988456,0,0,44.76788980988456,0.0,0.0,0,0
798812,63.0,63.0,21.5,0.0,0.0,0.0,40.0,1.0,1.0,1.0,0.0,0.0,0.0,0.0,0.0,0.0,100.0,100.0,100.0,1000.0,1000.0,1000.0,44.76788980988456,0,0,44.76788980988456,0.0,0.0,0,0
799012,63.0,63.0,21.5,0.0,0.0,0.0,40.0,1.0,1.0,1.0,0.0,0.0,0.0,0.0,0.0,0.0,100.0,100.0,100.0,1000.0,1000.0,1000.0,44.76788980988456,0,0,44.76788980988456,0.0,0.0,0,0
799212,63.0,63.0,21.5,0.0,0.0,0.0,40.0,1.0,1.0,1.0,0.0,0.0,0.0,0.0,0.0,0.0,100.0,100.0,100.0,1000.0,1000.0,1000.0,44.76788980988456,0,0,44.76788980988456,0.0,0.0,0,0
799412,63.0,63.0,21.5,0.0,0.0,0.0,40.0,1.0,1.0,1.0,0.0,0.0,0.0,0.0,0.0,0.0,100.0,100.0,100.0,1000.0,1000.0,1000.0,44.76788980988456,0,0,44.76788980988456,0.0,0.0,0,0
799612,63.0,63.0,21.5,0.0,0.0,0.0,40.0,1.0,1.0,1.0,0.0,0.0,0.0,0.0,0.0,0.0,100.0,100.0,100.0,1000.0,1000.0,1000.0,44.76788980988456,0,0,44.76788980988456,0.0,0.0,0,0
799812,63.0,63.0,21.5,0.0,0.0,0.0,40.0,1.0,1.0,1.0,0.0,0.0,0.0,0.0,0.0,0.0,100.0,100.0,100.0,1000.0,1000.0,1000.0,44.76788980988456,0,0,44.76788980988456,0.0,0.0,0,0
800012,63.0,63.0,21.5,0.0,0.0,0.0,40.0,1.0,1.0,1.0,0.0,0.0,0.0,0.0,0.0,0.0,100.0,100.0,100.0,1000.0,1000.0,1000.0,44.76788980988456,0,0,44.76788980988456,0.0,0.0,0,0
800212,63.0,63.0,21.5,0.0,0.0,0.0,40.0,1.0,1.0,1.0,0.0,0.0,0.0,0.0,0.0,0.0,100.0,100.0,100.0,1000.0,1000.0,1000.0,44.76788980988456,0,0,44.76788980988456,0.0,0.0,0,0
800412,63.0,63.0,21.5,0.0,0.0,0.0,40.0,1.0,1.0,1.0,0.0,0.0,0.0,0.0,0.0,0.0,100.0,100.0,100.0,1000.0,1000.0,1000.0,44.76788980988456,0,0,44.76788980988456,0.0,0.0,0,0
800612,62.5,63.0,21.5,0.0,0.0,0.0,40.0,1.0,1.0,1.0,0.0,0.0,0.0,0.0,0.0,0.0,100.0,100.0,100.0,1000.0,1000.0,1000.0,44.76788980988456,0,0,44.76788980988456,0.0,0.0,0,0
800812,62.5,63.0,21.5,0.0,0.0,0.0,40.0,1.0,1.0,1.0,0.0,0.0,0.0,0.0,0.0,0.0,100.0,100.0,100.0,1000.0,1000.0,1000.0,44.76788980988456,0,0,44.76788980988456,0.0,0.0,0,0
801012,63.0,63.0,21.5,0.0,0.0,0.0,40.0,1.0,1.0,1.0,0.0,0.0,0.0,0.0,0.0,0.0,100.0,100.0,100.0,1000.0,1000.0,1000.0,44.76788980988456,0,0,44.76788980988456,0.0,0.0,0,0
801212,63.0,63.0,21.5,0.0,0.0,0.0,40.0,1.0,1.0,1.0,0.0,0.0,0.0,0.0,0.0,0.0,100.0,100.0,100.0,1000.0,1000.0,1000.0,44.76788980988456,0,0,44.76788980988456,0.0,0.0,0,0
801412,63.0,63.0,21.5,0.0,0.0,0.0,40.0,1.0,1.0,1.0,0.0,0.0,0.0,0.0,0.0,0.0,100.0,100.0,100.0,1000.0,1000.0,1000.0,44.76788980988456,0,0,44.76788980988456,0.0,0.0,0,0
801612,62.5,63.0,21.5,0.0,0.0,0.0,40.0,1.0,1.0,1.0,0.0,0.0,0.0,0.0,0.0,0.0,100.0,100.0,100.0,1000.0,1000.0,1000.0,44.76788980988456,0,0,44.76788980988456,0.0,0.0,0,0
801812,62.5,63.0,21.5,0.0,0.0,0.0,40.0,1.0,1.0,1.0,0.0,0.0,0.0,0.0,0.0,0.0,100.0,100.0,100.0,1000.0,1000.0,1000.0,44.76788980988456,0,0,44.76788980988456,0.0,0.0,0,0
802012,62.5,63.0,21.5,0.0,0.0,0.0,40.0,1.0,1.0,1.0,0.0,0.0,0.0,0.0,0.0,0.0,100.0,100.0,100.0,1000.0,1000.0,1000.0,44.76788980988456,0,0,44.76788980988456,0.0,0.0,0,0
802212,62.5,63.0,21.5,0.0,0.0,0.0,40.0,1.0,1.0,1.0,0.0,0.0,0.0,0.0,0.0,0.0,100.0,100.0,100.0,1000.0,1000.0,1000.0,44.76788980988456,0,0,44.76788980988456,0.0,0.0,0,0
802412,62.5,63.0,21.5,0.0,0.0,0.0,40.0,1.0,1.0,1.0,0.0,0.0,0.0,0.0,0.0,0.0,100.0,100.0,100.0,1000.0,1000.0,1000.0,44.76788980988456,0,0,44.76788980988456,0.0,0.0,0,0
802612,62.5,63.0,21.5,0.0,0.0,0.0,40.0,1.0,1.0,1.0,0.0,0.0,0.0,0.0,0.0,0.0,100.0,100.0,100.0,1000.0,1000.0,1000.0,44.76788980988456,0,0,44.76788980988456,0.0,0.0,0,0
802812,62.5,63.0,21.5,0.0,0.0,0.0,40.0,1.0,1.0,1.0,0.0,0.0,0.0,0.0,0.0,0.0,100.0,100.0,100.0,1000.0,1000.0,1000.0,44.76788980988456,0,0,44.76788980988456,0.0,0.0,0,0
803012,62.5,63.0,21.5,0.0,0.0,0.0,40.0,1.0,1.0,1.0,0.0,0.0,0.0,0.0,0.0,0.0,100.0,100.0,100.0,1000.0,1000.0,1000.0,44.76788980988456,0,0,44.76788980988456,0.0,0.0,0,0
803212,62.5,63.0,21.5,0.0,0.0,0.0,40.0,1.0,1.0,1.0,0.0,0.0,0.0,0.0,0.0,0.0,100.0,100.0,100.0,1000.0,1000.0,1000.0,44.76788980988456,0,0,44.76788980988456,0.0,0.0,0,0
803412,62.5,63.0,21.5,0.0,0.0,0.0,40.0,1.0,1.0,1.0,0.0,0.0,0.0,0.0,0.0,0.0,100.0,100.0,100.0,1000.0,1000.0,1000.0,44.76788980988456,0,0,44.76788980988456,0.0,0.0,0,0
803612,62.5,63.0,21.5,0.0,0.0,0.0,40.0,1.0,1.0,1.0,0.0,0.0,0.0,0.0,0.0,0.0,100.0,100.0,100.0,1000.0,1000.0,1000.0,44.76788980988456,0,0,44.76788980988456,0.0,0.0,0,0
803812,62.5,63.0,21.5,0.0,0.0,0.0,40.0,1.0,1.0,1.0,0.0,0.0,0.0,0.0,0.0,0.0,100.0,100.0,100.0,1000.0,1000.0,1000.0,44.76788980988456,0,0,44.76788980988456,0.0,0.0,0,0
804012,62.5,63.0,21.5,0.0,0.0,0.0,40.0,1.0,1.0,1.0,0.0,0.0,0.0,0.0,0.0,0.0,100.0,100.0,100.0,1000.0,1000.0,1000.0,44.76788980988456,0,0,44.76788980988456,0.0,0.0,0,0
804212,62.5,63.0,21.5,0.0,0.0,0.0,40.0,1.0,1.0,1.0,0.0,0.0,0.0,0.0,0.0,0.0,100.0,100.0,100.0,1000.0,1000.0,1000.0,44.76788980988456,0,0,44.76788980988456,0.0,0.0,0,0
804412,62.5,63.0,21.5,0.0,0.0,0.0,40.0,1.0,1.0,1.0,0.0,0.0,0.0,0.0,0.0,0.0,100.0,100.0,100.0,1000.0,1000.0,1000.0,44.76788980988456,0,0,44.76788980988456,0.0,0.0,0,0
804612,62.5,62.5,21.5,0.0,0.0,0.0,40.0,1.0,1.0,1.0,0.0,0.0,0.0,0.0,0.0,0.0,100.0,100.0,100.0,1000.0,1000.0,1000.0,44.76788980988456,0,0,44.76788980988456,0.0,0.0,0,0
804812,62.5,62.5,21.5,0.0,0.0,0.0,40.0,1.0,1.0,1.0,0.0,0.0,0.0,0.0,0.0,0.0,100.0,100.0,100.0,1000.0,1000.0,1000.0,44.76788980988456,0,0,44.76788980988456,0.0,0.0,0,0
805012,62.5,62.5,21.5,0.0,0.0,0.0,40.0,1.0,1.0,1.0,0.0,0.0,0.0,0.0,0.0,0.0,100.0,100.0,100.0,1000.0,1000.0,1000.0,44.76788980988456,0,0,44.76788980988456,0.0,0.0,0,0
805212,62.5,62.5,21.5,0.0,0.0,0.0,40.0,1.0,1.0,1.0,0.0,0.0,0.0,0.0,0.0,0.0,100.0,100.0,100.0,1000.0,1000.0,1000.0,44.76788980988456,0,0,44.76788980988456,0.0,0.0,0,0
805412,62.5,62.5,21.5,0.0,0.0,0.0,40.0,1.0,1.0,1.0,0.0,0.0,0.0,0.0,0.0,0.0,100.0,100.0,100.0,1000.0,1000.0,1000.0,44.76788980988456,0,0,44.76788980988456,0.0,0.0,0,0
805612,62.5,62.5,21.5,0.0,0.0,0.0,40.0,1.0,1.0,1.0,0.0,0.0,0.0,0.0,0.0,0.0,100.0,100.0,100.0,1000.0,1000.0,1000.0,44.76788980988456,0,0,44.76788980988456,0.0,0.0,0,0
805812,62.5,62.5,21.5,0.0,0.0,0.0,40.0,1.0,1.0,1.0,0.0,0.0,0.0,0.0,0.0,0.0,100.0,100.0,100.0,1000.0,1000.0,1000.0,44.76788980988456,0,0,44.76788980988456,0.0,0.0,0,0
806012,62.5,62.5,21.5,0.0,0.0,0.0,40.0,1.0,1.0,1.0,0.0,0.0,0.0,0.0,0.0,0.0,100.0,100.0,100.0,1000.0,1000.0,1000.0,44.76788980988456,0,0,44.76788980988456,0.0,0.0,0,0
806212,62.5,62.5,21.5,0.0,0.0,0.0,40.0,1.0,1.0,1.0,0.0,0.0,0.0,0.0,0.0,0.0,100.0,100.0,100.0,1000.0,1000.0,1000.0,44.76788980988456,0,0,44.76788980988456,0.0,0.0,0,0
806412,62.5,62.5,21.5,0.0,0.0,0.0,40.0,1.0,1.0,1.0,0.0,0.0,0.0,0.0,0.0,0.0,100.0,100.0,100.0,1000.0,1000.0,1000.0,44.76788980988456,0,0,44.76788980988456,0.0,0.0,0,0
806612,62.5,62.5,21.5,0.0,0.0,0.0,40.0,1.0,1.0,1.0,0.0,0.0,0.0,0.0,0.0,0.0,100.0,100.0,100.0,1000.0,1000.0,1000.0,44.76788980988456,0,0,44.76788980988456,0.0,0.0,0,0
806812,62.5,62.5,21.5,0.0,0.0,0.0,40.0,1.0,1.0,1.0,0.0,0.0,0.0,0.0,0.0,0.0,100.0,100.0,100.0,1000.0,1000.0,1000.0,44.76788980988456,0,0,44.76788980988456,0.0,0.0,0,0
807012,62.5,62.5,21.5,0.0,0.0,0.0,40.0,1.0,1.0,1.0,0.0,0.0,0.0,0.0,0.0,0.0,100.0,100.0,100.0,1000.0,1000.0,1000.0,44.76788980988456,0,0,44.76788980988456,0.0,0.0,0,0
807212,62.5,62.5,21.5,0.0,0.0,0.0,40.0,1.0,1.0,1.0,0.0,0.0,0.0,0.0,0.0,0.0,100.0,100.0,100.0,1000.0,1000.0,1000.0,44.76788980988456,0,0,44.76788980988456,0.0,0.0,0,0
807412,62.5,62.5,21.5,0.0,0.0,0.0,40.0,1.0,1.0,1.0,0.0,0.0,0.0,0.0,0.0,0.0,100.0,100.0,100.0,1000.0,1000.0,1000.0,44.76788980988456,0,0,44.76788980988456,0.0,0.0,0,0
807612,62.5,62.5,21.5,0.0,0.0,0.0,40.0,1.0,1.0,1.0,0.0,0.0,0.0,0.0,0.0,0.0,100.0,100.0,100.0,1000.0,1000.0,1000.0,44.76788980988456,0,0,44.76788980988456,0.0,0.0,0,0
807812,62.5,62.5,21.5,0.0,0.0,0.0,40.0,1.0,1.0,1.0,0.0,0.0,0.0,0.0,0.0,0.0,100.0,100.0,100.0,1000.0,1000.0,1000.0,44.76788980988456,0,0,44.76788980988456,0.0,0.0,0,0
808012,62.5,62.5,21.5,0.0,0.0,0.0,40.0,1.0,1.0,1.0,0.0,0.0,0.0,0.0,0.0,0.0,100.0,100.0,100.0,1000.0,1000.0,1000.0,44.76788980988456,0,0,44.76788980988456,0.0,0.0,0,0
808212,62.5,62.5,21.5,0.0,0.0,0.0,40.0,1.0,1.0,1.0,0.0,0.0,0.0,0.0,0.0,0.0,100.0,100.0,100.0,1000.0,1000.0,1000.0,44.76788980988456,0,0,44.76788980988456,0.0,0.0,0,0
808412,62.5,62.5,21.5,0.0,0.0,0.0,40.0,1.0,1.0,1.0,0.0,0.0,0.0,0.0,0.0,0.0,100.0,100.0,100.0,1000.0,1000.0,1000.0,44.76788980988456,0,0,44.76788980988456,0.0,0.0,0,0
808612,62.5,62.5,21.5,0.0,0.0,0.0,40.0,1.0,1.0,1.0,0.0,0.0,0.0,0.0,0.0,0.0,100.0,100.0,100.0,1000.0,1000.0,1000.0,44.76788980988456,0,0,44.76788980988456,0.0,0.0,0,0
808812,62.5,62.5,21.5,0.0,0.0,0.0,40.0,1.0,1.0,1.0,0.0,0.0,0.0,0.0,0.0,0.0,100.0,100.0,100.0,1000.0,1000.0,1000.0,44.76788980988456,0,0,44.76788980988456,0.0,0.0,0,0
809012,62.5,62.5,21.5,0.0,0.0,0.0,40.0,1.0,1.0,1.0,0.0,0.0,0.0,0.0,0.0,0.0,100.0,100.0,100.0,1000.0,1000.0,1000.0,44.76788980988456,0,0,44.76788980988456,0.0,0.0,0,0
809212,62.5,62.5,21.5,0.0,0.0,0.0,40.0,1.0,1.0,1.0,0.0,0.0,0.0,0.0,0.0,0.0,100.0,100.0,100.0,1000.0,1000.0,1000.0,44.76788980988456,0,0,44.76788980988456,0.0,0.0,0,0
809412,62.5,62.5,21.5,0.0,0.0,0.0,40.0,1.0,1.0,1.0,0.0,0.0,0.0,0.0,0.0,0.0,100.0,100.0,100.0,1000.0,1000.0,1000.0,44.76788980988456,0,0,44.76788980988456,0.0,0.0,0,0
809612,62.5,62.5,21.5,0.0,0.0,0.0,40.0,1.0,1.0,1.0,0.0,0.0,0.0,0.0,0.0,0.0,100.0,100.0,100.0,1000.0,1000.0,1000.0,44.76788980988456,0,0,44.76788980988456,0.0,0.0,0,0
809812,62.5,62.5,21.5,0.0,0.0,0.0,40.0,1.0,1.0,1.0,0.0,0.0,0.0,0.0,0.0,0.0,100.0,100.0,100.0,1000.0,1000.0,1000.0,44.76788980988456,0,0,44.76788980988456,0.0,0.0,0,0
810012,62.5,62.5,21.5,0.0,0.0,0.0,40.0,1.0,1.0,1.0,0.0,0.0,0.0,0.0,0.0,0.0,100.0,100.0,100.0,1000.0,1000.0,1000.0,44.76788980988456,0,0,44.76788980988456,0.0,0.0,0,0
810212,62.5,62.5,21.5,0.0,0.0,0.0,40.0,1.0,1.0,1.0,0.0,0.0,0.0,0.0,0.0,0.0,100.0,100.0,100.0,1000.0,1000.0,1000.0,49.08557814321788,0,0,49.08557814321788,0.0,0.0,1,0
810412,62.5,62.5,21.5,0.0,0.0,0.0,40.0,1.0,1.0,1.0,0.0,0.0,0.0,0.0,0.0,0.0,100.0,100.0,100.0,1000.0,1000.0,1000.0,49.08557814321788,0,0,49.08557814321788,0.0,0.0,0,0
810612,62.5,62.5,21.5,0.0,0.0,0.0,40.0,1.0,1.0,1.0,0.0,0.0,0.0,0.0,0.0,0.0,100.0,100.0,100.0,1000.0,1000.0,1000.0,49.08557814321788,0,0,49.08557814321788,0.0,0.0,0,0
810812,62.5,62.5,21.5,0.0,0.0,0.0,40.0,1.0,1.0,1.0,0.0,0.0,0.0,0.0,0.0,0.0,100.0,100.0,100.0,1000.0,1000.0,1000.0,49.08557814321788,0,0,49.08557814321788,0.0,0.0,0,0
811012,62.5,62.5,21.5,0.0,0.0,0.0,40.0,1.0,1.0,1.0,0.0,0.0,0.0,0.0,0.0,0.0,100.0,100.0,100.0,1000.0,1000.0,1000.0,49.08557814321788,0,0,49.08557814321788,0.0,0.0,0,0
811212,62.5,62.5,21.5,0.0,0.0,0.0,40.0,1.0,1.0,1.0,0.0,0.0,0.0,0.0,0.0,0.0,100.0,100.0,100.0,1000.0,1000.0,1000.0,49.08557814321788,0,0,49.08557814321788,0.0,0.0,0,0
811412,62.5,62.5,21.5,0.0,0.0,0.0,40.0,1.0,1.0,1.0,0.0,0.0,0.0,0.0,0.0,0.0,100.0,100.0,100.0,1000.0,1000.0,1000.0,49.08557814321788,0,0,49.08557814321788,0.0,0.0,0,0
811612,62.5,62.5,21.5,0.0,0.0,0.0,40.0,1.0,1.0,1.0,0.0,0.0,0.0,0.0,0.0,0.0,100.0,100.0,100.0,1000.0,1000.0,1000.0,49.08557814321788,0,0,49.08557814321788,0.0,0.0,0,0
811812,62.5,62.5,21.5,0.0,0.0,0.0,40.0,1.0,1.0,1.0,0.0,0.0,0.0,0.0,0.0,0.0,100.0,100.0,100.0,1000.0,1000.0,1000.0,49.08557814321788,0,0,49.08557814321788,0.0,0.0,0,0
812012,62.5,62.5,21.5,0.0,0.0,0.0,40.0,1.0,1.0,1.0,0.0,0.0,0.0,0.0,0.0,0.0,100.0,100.0,100.0,1000.0,1000.0,1000.0,49.08557814321788,0,0,49.08557814321788,0.0,0.0,0,0
812212,62.5,62.5,21.5,0.0,0.0,0.0,40.0,1.0,1.0,1.0,0.0,0.0,0.0,0.0,0.0,0.0,100.0,100.0,100.0,1000.0,1000.0,1000.0,49.08557814321788,0,0,49.08557814321788,0.0,0.0,0,0
812412,62.5,62.5,21.5,0.0,0.0,0.0,40.0,1.0,1.0,1.0,0.0,0.0,0.0,0.0,0.0,0.0,100.0,100.0,100.0,1000.0,1000.0,1000.0,49.08557814321788,0,0,49.08557814321788,0.0,0.0,0,0
812612,62.5,62.5,21.5,0.0,0.0,0.0,40.0,1.0,1.0,1.0,0.0,0.0,0.0,0.0,0.0,0.0,100.0,100.0,100.0,1000.0,1000.0,1000.0,49.08557814321788,0,0,49.08557814321788,0.0,0.0,0,0
812812,62.5,62.5,21.5,0.0,0.0,0.0,40.0,1.0,1.0,1.0,0.0,0.0,0.0,0.0,0.0,0.0,100.0,100.0,100.0,1000.0,1000.0,1000.0,49.08557814321788,0,0,49.08557814321788,0.0,0.0,0,0
813012,62.5,62.5,21.5,0.0,0.0,0.0,40.0,1.0,1.0,1.0,0.0,0.0,0.0,0.0,0.0,0.0,100.0,100.0,100.0,1000.0,1000.0,1000.0,49.08557814321788,0,0,49.08557814321788,0.0,0.0,0,0
813212,62.5,62.5,21.5,0.0,0.0,0.0,40.0,1.0,1.0,1.0,0.0,0.0,0.0,0.0,0.0,0.0,100.0,100.0,100.0,1000.0,1000.0,1000.0,49.08557814321788,0,0,49.08557814321788,0.0,0.0,0,0
813412,62.5,62.5,21.5,0.0,0.0,0.0,40.0,1.0,1.0,1.0,0.0,0.0,0.0,0.0,0.0,0.0,100.0,100.0,100.0,1000.0,1000.0,1000.0,49.08557814321788,0,0,49.08557814321788,0.0,0.0,0,0
813612,62.5,62.5,21.5,0.0,0.0,0.0,40.0,1.0,1.0,1.0,0.0,0.0,0.0,0.0,0.0,0.0,100.0,100.0,100.0,1000.0,1000.0,1000.0,49.08557814321788,0,0,49.08557814321788,0.0,0.0,0,0
813812,62.5,62.5,21.5,0.0,0.0,0.0,40.0,1.0,1.0,1.0,0.0,0.0,0.0,0.0,0.0,0.0,100.0,100.0,100.0,1000.0,1000.0,1000.0,49.08557814321788,0,0,49.08557814321788,0.0,0.0,0,0
814012,62.5,62.5,21.5,0.0,0.0,0.0,40.0,1.0,1.0,1.0,0.0,0.0,0.0,0.0,0.0,0.0,100.0,100.0,100.0,1000.0,1000.0,1000.0,49.08557814321788,0,0,49.08557814321788,0.0,0.0,0,0
814212,62.5,62.5,21.5,0.0,0.0,0.0,40.0,1.0,1.0,1.0,0.0,0.0,0.0,0.0,0.0,0.0,100.0,100.0,100.0,1000.0,1000.0,1000.0,49.08557814321788,0,0,49.08557814321788,0.0,0.0,0,0
814412,62.5,62.5,21.5,0.0,0.0,0.0,40.0,1.0,1.0,1.0,0.0,0.0,0.0,0.0,0.0,0.0,100.0,100.0,100.0,1000.0,1000.0,1000.0,49.08557814321788,0,0,49.08557814321788,0.0,0.0,0,0
814612,62.5,62.5,21.5,0.0,0.0,0.0,40.0,1.0,1.0,1.0,0.0,0.0,0.0,0.0,0.0,0.0,100.0,100.0,100.0,1000.0,1000.0,1000.0,49.08557814321788,0,0,49.08557814321788,0.0,0.0,0,0
814812,62.5,62.5,21.5,0.0,0.0,0.0,40.0,1.0,1.0,1.0,0.0,0.0,0.0,0.0,0.0,0.0,100.0,100.0,100.0,1000.0,1000.0,1000.0,49.08557814321788,0,0,49.08557814321788,0.0,0.0,0,0
815012,62.5,62.5,21.5,0.0,0.0,0.0,40.0,1.0,1.0,1.0,0.0,0.0,0.0,0.0,0.0,0.0,100.0,100.0,100.0,1000.0,1000.0,1000.0,49.08557814321788,0,0,49.08557814321788,0.0,0.0,0,0
815212,62.5,62.5,21.5,0.0,0.0,0.0,40.0,1.0,1.0,1.0,0.0,0.0,0.0,0.0,0.0,0.0,100.0,100.0,100.0,1000.0,1000.0,1000.0,49.08557814321788,0,0,49.08557814321788,0.0,0.0,0,0
815412,62.5,62.5,21.5,0.0,0.0,0.0,40.0,1.0,1.0,1.0,0.0,0.0,0.0,0.0,0.0,0.0,100.0,100.0,100.0,1000.0,1000.0,1000.0,49.08557814321788,0,0,49.08557814321788,0.0,0.0,0,0
815612,62.5,62.5,21.5,0.0,0.0,0.0,40.0,1.0,1.0,1.0,0.0,0.0,0.0,0.0,0.0,0.0,100.0,100.0,100.0,1000.0,1000.0,1000.0,49.08557814321788,0,0,49.08557814321788,0.0,0.0,0,0
815812,62.5,62.5,21.5,0.0,0.0,0.0,40.0,1.0,1.0,1.0,0.0,0.0,0.0,0.0,0.0,0.0,100.0,100.0,100.0,1000.0,1000.0,1000.0,49.08557814321788,0,0,49.08557814321788,0.0,0.0,0,0
816012,62.5,62.5,21.5,0.0,0.0,0.0,40.0,1.0,1.0,1.0,0.0,0.0,0.0,0.0,0.0,0.0,100.0,100.0,100.0,1000.0,1000.0,1000.0,49.08557814321788,0,0,49.08557814321788,0.0,0.0,0,0
816212,62.5,62.5,21.5,0.0,0.0,0.0,40.0,1.0,1.0,1.0,0.0,0.0,0.0,0.0,0.0,0.0,100.0,100.0,100.0,1000.0,1000.0,1000.0,49.08557814321788,0,0,49.08557814321788,0.0,0.0,0,0
816412,62.5,62.5,21.5,0.0,0.0,0.0,40.0,1.0,1.0,1.0,0.0,0.0,0.0,0.0,0.0,0.0,100.0,100.0,100.0,1000.0,1000.0,1000.0,49.08557814321788,0,0,49.08557814321788,0.0,0.0,0,0
816612,62.5,62.5,21.5,0.0,0.0,0.0,40.0,1.0,1.0,1.0,0.0,0.0,0.0,0.0,0.0,0.0,100.0,100.0,100.0,1000.0,1000.0,1000.0,49.08557814321788,0,0,49.08557814321788,0.0,0.0,0,0
816812,62.5,62.5,21.5,0.0,0.0,0.0,40.0,1.0,1.0,1.0,0.0,0.0,0.0,0.0,0.0,0.0,100.0,100.0,100.0,1000.0,1000.0,1000.0,49.08557814321788,0,0,49.08557814321788,0.0,0.0,0,0
817012,62.5,62.5,21.5,0.0,0.0,0.0,40.0,1.0,1.0,1.0,0.0,0.0,0.0,0.0,0.0,0.0,100.0,100.0,100.0,1000.0,1000.0,1000.0,49.08557814321788,0,0,49.08557814321788,0.0,0.0,0,0
817212,62.5,62.5,21.5,0.0,0.0,0.0,40.0,1.0,1.0,1.0,0.0,0.0,0.0,0.0,0.0,0.0,100.0,100.0,100.0,1000.0,1000.0,1000.0,49.08557814321788,0,0,49.08557814321788,0.0,0.0,0,0
817412,62.5,62.5,21.5,0.0,0.0,0.0,40.0,1.0,1.0,1.0,0.0,0.0,0.0,0.0,0.0,0.0,100.0,100.0,100.0,1000.0,1000.0,1000.0,49.08557814321788,0,0,49.08557814321788,0.0,0.0,0,0
817612,62.5,62.5,21.5,0.0,0.0,0.0,40.0,1.0,1.0,1.0,0.0,0.0,0.0,0.0,0.0,0.0,100.0,100.0,100.0,1000.0,1000.0,1000.0,49.08557814321788,0,0,49.08557814321788,0.0,0.0,0,0
817812,62.5,62.5,21.5,0.0,0.0,0.0,40.0,1.0,1.0,1.0,0.0,0.0,0.0,0.0,0.0,0.0,100.0,100.0,100.0,1000.0,1000.0,1000.0,49.08557814321788,0,0,49.08557814321788,0.0,0.0,0,0
818012,62.5,62.5,21.5,0.0,0.0,0.0,40.0,1.0,1.0,1.0,0.0,0.0,0.0,0.0,0.0,0.0,100.0,100.0,100.0,1000.0,1000.0,1000.0,49.08557814321788,0,0,49.08557814321788,0.0,0.0,0,0
818212,62.5,62.5,21.5,0.0,0.0,0.0,40.0,1.0,1.0,1.0,0.0,0.0,0.0,0.0,0.0,0.0,100.0,100.0,100.0,1000.0,1000.0,1000.0,49.08557814321788,0,0,49.08557814321788,0.0,0.0,0,0
818412,62.5,62.5,21.5,0.0,0.0,0.0,40.0,1.0,1.0,1.0,0.0,0.0,0.0,0.0,0.0,0.0,100.0,100.0,100.0,1000.0,1000.0,1000.0,49.08557814321788,0,0,49.08557814321788,0.0,0.0,0,0
818612,62.5,62.5,21.5,0.0,0.0,0.0,40.0,1.0,1.0,1.0,0.0,0.0,0.0,0.0,0.0,0.0,100.0,100.0,100.0,1000.0,1000.0,1000.0,49.08557814321788,0,0,49.08557814321788,0.0,0.0,0,0
818812,62.5,62.5,21.5,0.0,0.0,0.0,40.0,1.0,1.0,1.0,0.0,0.0,0.0,0.0,0.0,0.0,100.0,100.0,100.0,1000.0,1000.0,1000.0,49.08557814321788,0,0,49.08557814321788,0.0,0.0,0,0
819012,62.5,62.5,21.5,0.0,0.0,0.0,40.0,1.0,1.0,1.0,0.0,0.0,0.0,0.0,0.0,0.0,100.0,100.0,100.0,1000.0,1000.0,1000.0,49.08557814321788,0,0,49.08557814321788,0.0,0.0,0,0
819212,62.5,62.5,21.5,0.0,0.0,0.0,40.0,1.0,1.0,1.0,0.0,0.0,0.0,0.0,0.0,0.0,100.0,100.0,100.0,1000.0,1000.0,1000.0,49.08557814321788,0,0,49.08557814321788,0.0,0.0,0,0
819412,62.5,62.5,21.5,0.0,0.0,0.0,40.0,1.0,1.0,1.0,0.0,0.0,0.0,0.0,0.0,0.0,100.0,100.0,100.0,1000.0,1000.0,1000.0,49.08557814321788,0,0,49.08557814321788,0.0,0.0,0,0
819612,62.5,62.5,21.5,0.0,0.0,0.0,40.0,1.0,1.0,1.0,0.0,0.0,0.0,0.0,0.0,0.0,100.0,100.0,100.0,1000.0,1000.0,1000.0,49.08557814321788,0,0,49.08557814321788,0.0,0.0,0,0
819812,62.0,62.5,21.5,0.0,0.0,0.0,40.0,1.0,1.0,1.0,0.0,0.0,0.0,0.0,0.0,0.0,100.0,100.0,100.0,1000.0,1000.0,1000.0,49.08557814321788,0,0,49.08557814321788,0.0,0.0,0,0
820012,62.0,62.5,21.5,0.0,0.0,0.0,40.0,1.0,1.0,1.0,0.0,0.0,0.0,0.0,0.0,0.0,100.0,100.0,100.0,1000.0,1000.0,1000.0,49.08557814321788,0,0,49.08557814321788,0.0,0.0,0,0
820212,62.0,62.5,21.5,0.0,0.0,0.0,40.0,1.0,1.0,1.0,0.0,0.0,0.0,0.0,0.0,0.0,100.0,100.0,100.0,1000.0,1000.0,1000.0,49.08557814321788,0,0,49.08557814321788,0.0,0.0,0,0
820412,62.0,62.5,21.5,0.0,0.0,0.0,40.0,1.0,1.0,1.0,0.0,0.0,0.0,0.0,0.0,0.0,100.0,100.0,100.0,1000.0,1000.0,1000.0,49.08557814321788,0,0,49.08557814321788,0.0,0.0,0,0
820612,62.0,62.5,21.5,0.0,0.0,0.0,40.0,1.0,1.0,1.0,0.0,0.0,0.0,0.0,0.0,0.0,100.0,100.0,100.0,1000.0,1000.0,1000.0,49.08557814321788,0,0,49.08557814321788,0.0,0.0,0,0
820812,62.5,62.5,21.5,0.0,0.0,0.0,40.0,1.0,1.0,1.0,0.0,0.0,0.0,0.0,0.0,0.0,100.0,100.0,100.0,1000.0,1000.0,1000.0,49.08557814321788,0,0,49.08557814321788,0.0,0.0,0,0
821012,62.5,62.5,21.5,0.0,0.0,0.0,40.0,1.0,1.0,1.0,0.0,0.0,0.0,0.0,0.0,0.0,100.0,100.0,100.0,1000.0,1000.0,1000.0,49.08557814321788,0,0,49.08557814321788,0.0,0.0,0,0
821212,62.5,62.5,21.5,0.0,0.0,0.0,40.0,1.0,1.0,1.0,0.0,0.0,0.0,0.0,0.0,0.0,100.0,100.0,100.0,1000.0,1000.0,1000.0,49.08557814321788,0,0,49.08557814321788,0.0,0.0,0,0
821412,62.5,62.5,21.5,0.0,0.0,0.0,40.0,1.0,1.0,1.0,0.0,0.0,0.0,0.0,0.0,0.0,100.0,100.0,100.0,1000.0,1000.0,1000.0,49.08557814321788,0,0,49.08557814321788,0.0,0.0,0,0
821612,62.5,62.5,21.5,0.0,0.0,0.0,40.0,1.0,1.0,1.0,0.0,0.0,0.0,0.0,0.0,0.0,100.0,100.0,100.0,1000.0,1000.0,1000.0,49.08557814321788,0,0,49.08557814321788,0.0,0.0,0,0
821812,62.5,62.5,21.5,0.0,0.0,0.0,40.0,1.0,1.0,1.0,0.0,0.0,0.0,0.0,0.0,0.0,100.0,100.0,100.0,1000.0,1000.0,1000.0,49.08557814321788,0,0,49.08557814321788,0.0,0.0,0,0
822012,62.0,62.5,21.5,0.0,0.0,0.0,40.0,1.0,1.0,1.0,0.0,0.0,0.0,0.0,0.0,0.0,100.0,100.0,100.0,1000.0,1000.0,1000.0,49.08557814321788,0,0,49.08557814321788,0.0,0.0,0,0
822212,62.0,62.5,21.5,0.0,0.0,0.0,40.0,1.0,1.0,1.0,0.0,0.0,0.0,0.0,0.0,0.0,100.0,100.0,100.0,1000.0,1000.0,1000.0,49.08557814321788,0,0,49.08557814321788,0.0,0.0,0,0
822412,62.0,62.5,21.5,0.0,0.0,0.0,40.0,1.0,1.0,1.0,0.0,0.0,0.0,0.0,0.0,0.0,100.0,100.0,100.0,1000.0,1000.0,1000.0,49.08557814321788,0,0,49.08557814321788,0.0,0.0,0,0
822612,62.0,62.5,21.5,0.0,0.0,0.0,40.0,1.0,1.0,1.0,0.0,0.0,0.0,0.0,0.0,0.0,100.0,100.0,100.0,1000.0,1000.0,1000.0,49.08557814321788,0,0,49.08557814321788,0.0,0.0,0,0
822812,62.0,62.5,21.5,0.0,0.0,0.0,40.0,1.0,1.0,1.0,0.0,0.0,0.0,0.0,0.0,0.0,100.0,100.0,100.0,1000.0,1000.0,1000.0,49.08557814321788,0,0,49.08557814321788,0.0,0.0,0,0
823012,62.0,62.5,21.5,0.0,0.0,0.0,40.0,1.0,1.0,1.0,0.0,0.0,0.0,0.0,0.0,0.0,100.0,100.0,100.0,1000.0,1000.0,1000.0,49.08557814321788,0,0,49.08557814321788,0.0,0.0,0,0
823212,62.0,62.5,21.5,0.0,0.0,0.0,40.0,1.0,1.0,1.0,0.0,0.0,0.0,0.0,0.0,0.0,100.0,100.0,100.0,1000.0,1000.0,1000.0,49.08557814321788,0,0,49.08557814321788,0.0,0.0,0,0
823412,62.0,62.5,21.5,0.0,0.0,0.0,40.0,1.0,1.0,1.0,0.0,0.0,0.0,0.0,0.0,0.0,100.0,100.0,100.0,1000.0,1000.0,1000.0,49.08557814321788,0,0,49.08557814321788,0.0,0.0,0,0
823612,62.0,62.5,21.5,0.0,0.0,0.0,40.0,1.0,1.0,1.0,0.0,0.0,0.0,0.0,0.0,0.0,100.0,100.0,100.0,1000.0,1000.0,1000.0,49.08557814321788,0,0,49.08557814321788,0.0,0.0,0,0
823812,62.0,62.5,21.5,0.0,0.0,0.0,40.0,1.0,1.0,1.0,0.0,0.0,0.0,0.0,0.0,0.0,100.0,100.0,100.0,1000.0,1000.0,1000.0,49.08557814321788,0,0,49.08557814321788,0.0,0.0,0,0
824012,62.0,62.5,21.5,0.0,0.0,0.0,40.0,1.0,1.0,1.0,0.0,0.0,0.0,0.0,0.0,0.0,100.0,100.0,100.0,1000.0,1000.0,1000.0,49.08557814321788,0,0,49.08557814321788,0.0,0.0,0,0
824212,62.0,62.5,21.5,0.0,0.0,0.0,40.0,1.0,1.0,1.0,0.0,0.0,0.0,0.0,0.0,0.0,100.0,100.0,100.0,1000.0,1000.0,1000.0,49.08557814321788,0,0,49.08557814321788,0.0,0.0,0,0
824412,62.0,62.5,21.5,0.0,0.0,0.0,40.0,1.0,1.0,1.0,0.0,0.0,0.0,0.0,0.0,0.0,100.0,100.0,100.0,1000.0,1000.0,1000.0,49.08557814321788,0,0,49.08557814321788,0.0,0.0,0,0
824612,62.0,62.5,21.5,0.0,0.0,0.0,40.0,1.0,1.0,1.0,0.0,0.0,0.0,0.0,0.0,0.0,100.0,100.0,100.0,1000.0,1000.0,1000.0,49.08557814321788,0,0,49.08557814321788,0.0,0.0,0,0
824812,62.0,62.5,21.5,0.0,0.0,0.0,40.0,1.0,1.0,1.0,0.0,0.0,0.0,0.0,0.0,0.0,100.0,100.0,100.0,1000.0,1000.0,1000.0,49.08557814321788,0,0,49.08557814321788,0.0,0.0,0,0
825012,62.0,62.5,21.5,0.0,0.0,0.0,40.0,1.0,1.0,1.0,0.0,0.0,0.0,0.0,0.0,0.0,100.0,100.0,100.0,1000.0,1000.0,1000.0,49.08557814321788,0,0,49.08557814321788,0.0,0.0,0,0
825212,62.0,62.5,21.5,0.0,0.0,0.0,40.0,1.0,1.0,1.0,0.0,0.0,0.0,0.0,0.0,0.0,100.0,100.0,100.0,1000.0,1000.0,1000.0,53.53046564321788,0,0,53.53046564321788,0.0,0.0,1,0
825412,62.0,62.5,21.5,0.0,0.0,0.0,40.0,1.0,1.0,1.0,0.0,0.0,0.0,0.0,0.0,0.0,100.0,100.0,100.0,1000.0,1000.0,1000.0,53.53046564321788,0,0,53.53046564321788,0.0,0.0,0,0
825612,62.0,62.5,21.5,0.0,0.0,0.0,40.0,1.0,1.0,1.0,0.0,0.0,0.0,0.0,0.0,0.0,100.0,100.0,100.0,1000.0,1000.0,1000.0,53.53046564321788,0,0,53.53046564321788,0.0,0.0,0,0
825812,62.0,62.5,21.5,0.0,0.0,0.0,40.0,1.0,1.0,1.0,0.0,0.0,0.0,0.0,0.0,0.0,100.0,100.0,100.0,1000.0,1000.0,1000.0,53.53046564321788,0,0,53.53046564321788,0.0,0.0,0,0
826012,62.0,62.5,21.5,0.0,0.0,0.0,40.0,1.0,1.0,1.0,0.0,0.0,0.0,0.0,0.0,0.0,100.0,100.0,100.0,1000.0,1000.0,1000.0,53.53046564321788,0,0,53.53046564321788,0.0,0.0,0,0
826212,62.0,62.5,21.5,0.0,0.0,0.0,40.0,1.0,1.0,1.0,0.0,0.0,0.0,0.0,0.0,0.0,100.0,100.0,100.0,1000.0,1000.0,1000.0,53.53046564321788,0,0,53.53046564321788,0.0,0.0,0,0
826412,62.0,62.5,21.5,0.0,0.0,0.0,40.0,1.0,1.0,1.0,0.0,0.0,0.0,0.0,0.0,0.0,100.0,100.0,100.0,1000.0,1000.0,1000.0,53.53046564321788,0,0,53.53046564321788,0.0,0.0,0,0
826612,62.0,62.5,21.5,0.0,0.0,0.0,40.0,1.0,1.0,1.0,0.0,0.0,0.0,0.0,0.0,0.0,100.0,100.0,100.0,1000.0,1000.0,1000.0,53.53046564321788,0,0,53.53046564321788,0.0,0.0,0,0
826812,62.0,62.5,21.5,0.0,0.0,0.0,40.0,1.0,1.0,1.0,0.0,0.0,0.0,0.0,0.0,0.0,100.0,100.0,100.0,1000.0,1000.0,1000.0,53.53046564321788,0,0,53.53046564321788,0.0,0.0,0,0
827012,62.0,62.5,21.5,0.0,0.0,0.0,40.0,1.0,1.0,1.0,0.0,0.0,0.0,0.0,0.0,0.0,100.0,100.0,100.0,1000.0,1000.0,1000.0,53.53046564321788,0,0,53.53046564321788,0.0,0.0,0,0
827212,62.0,62.5,21.5,0.0,0.0,0.0,40.0,1.0,1.0,1.0,0.0,0.0,0.0,0.0,0.0,0.0,100.0,100.0,100.0,1000.0,1000.0,1000.0,53.53046564321788,0,0,53.53046564321788,0.0,0.0,0,0
827412,62.0,62.5,21.5,0.0,0.0,0.0,40.0,1.0,1.0,1.0,0.0,0.0,0.0,0.0,0.0,0.0,100.0,100.0,100.0,1000.0,1000.0,1000.0,53.53046564321788,0,0,53.53046564321788,0.0,0.0,0,0
827612,62.0,62.5,21.5,0.0,0.0,0.0,40.0,1.0,1.0,1.0,0.0,0.0,0.0,0.0,0.0,0.0,100.0,100.0,100.0,1000.0,1000.0,1000.0,53.53046564321788,0,0,53.53046564321788,0.0,0.0,0,0
827812,62.0,62.5,21.5,0.0,0.0,0.0,40.0,1.0,1.0,1.0,0.0,0.0,0.0,0.0,0.0,0.0,100.0,100.0,100.0,1000.0,1000.0,1000.0,53.53046564321788,0,0,53.53046564321788,0.0,0.0,0,0
828012,62.0,62.5,21.5,0.0,0.0,0.0,40.0,1.0,1.0,1.0,0.0,0.0,0.0,0.0,0.0,0.0,100.0,100.0,100.0,1000.0,1000.0,1000.0,53.53046564321788,0,0,53.53046564321788,0.0,0.0,0,0
828212,62.0,62.5,21.5,0.0,0.0,0.0,40.0,1.0,1.0,1.0,0.0,0.0,0.0,0.0,0.0,0.0,100.0,100.0,100.0,1000.0,1000.0,1000.0,53.53046564321788,0,0,53.53046564321788,0.0,0.0,0,0
828412,62.0,62.5,21.5,0.0,0.0,0.0,40.0,1.0,1.0,1.0,0.0,0.0,0.0,0.0,0.0,0.0,100.0,100.0,100.0,1000.0,1000.0,1000.0,53.53046564321788,0,0,53.53046564321788,0.0,0.0,0,0
828612,62.0,62.5,21.5,0.0,0.0,0.0,40.0,1.0,1.0,1.0,0.0,0.0,0.0,0.0,0.0,0.0,100.0,100.0,100.0,1000.0,1000.0,1000.0,53.53046564321788,0,0,53.53046564321788,0.0,0.0,0,0
828812,62.0,62.5,21.5,0.0,0.0,0.0,40.0,1.0,1.0,1.0,0.0,0.0,0.0,0.0,0.0,0.0,100.0,100.0,100.0,1000.0,1000.0,1000.0,53.53046564321788,0,0,53.53046564321788,0.0,0.0,0,0
829012,62.0,62.5,21.5,0.0,0.0,0.0,40.0,1.0,1.0,1.0,0.0,0.0,0.0,0.0,0.0,0.0,100.0,100.0,100.0,1000.0,1000.0,1000.0,53.53046564321788,0,0,53.53046564321788,0.0,0.0,0,0
829212,62.0,62.5,21.5,0.0,0.0,0.0,40.0,1.0,1.0,1.0,0.0,0.0,0.0,0.0,0.0,0.0,100.0,100.0,100.0,1000.0,1000.0,1000.0,53.53046564321788,0,0,53.53046564321788,0.0,0.0,0,0
829412,62.0,62.5,21.5,0.0,0.0,0.0,40.0,1.0,1.0,1.0,0.0,0.0,0.0,0.0,0.0,0.0,100.0,100.0,100.0,1000.0,1000.0,1000.0,53.53046564321788,0,0,53.53046564321788,0.0,0.0,0,0
829612,62.0,62.5,21.5,0.0,0.0,0.0,40.0,1.0,1.0,1.0,0.0,0.0,0.0,0.0,0.0,0.0,100.0,100.0,100.0,1000.0,1000.0,1000.0,53.53046564321788,0,0,53.53046564321788,0.0,0.0,0,0
829812,62.0,62.5,21.5,0.0,0.0,0.0,40.0,1.0,1.0,1.0,0.0,0.0,0.0,0.0,0.0,0.0,100.0,100.0,100.0,1000.0,1000.0,1000.0,53.53046564321788,0,0,53.53046564321788,0.0,0.0,0,0
830012,62.0,62.5,21.5,0.0,0.0,0.0,40.0,1.0,1.0,1.0,0.0,0.0,0.0,0.0,0.0,0.0,100.0,100.0,100.0,1000.0,1000.0,1000.0,53.53046564321788,0,0,53.53046564321788,0.0,0.0,0,0
830212,62.0,62.5,21.5,0.0,0.0,0.0,40.0,1.0,1.0,1.0,0.0,0.0,0.0,0.0,0.0,0.0,100.0,100.0,100.0,1000.0,1000.0,1000.0,53.53046564321788,0,0,53.53046564321788,0.0,0.0,0,0
830412,62.0,62.5,21.5,0.0,0.0,0.0,40.0,1.0,1.0,1.0,0.0,0.0,0.0,0.0,0.0,0.0,100.0,100.0,100.0,1000.0,1000.0,1000.0,53.53046564321788,0,0,53.53046564321788,0.0,0.0,0,0
830612,62.0,62.5,21.5,0.0,0.0,0.0,40.0,1.0,1.0,1.0,0.0,0.0,0.0,0.0,0.0,0.0,100.0,100.0,100.0,1000.0,1000.0,1000.0,53.53046564321788,0,0,53.53046564321788,0.0,0.0,0,0
830812,62.0,62.5,21.5,0.0,0.0,0.0,40.0,1.0,1.0,1.0,0.0,0.0,0.0,0.0,0.0,0.0,100.0,100.0,100.0,1000.0,1000.0,1000.0,53.53046564321788,0,0,53.53046564321788,0.0,0.0,0,0
831012,62.0,62.5,21.5,0.0,0.0,0.0,40.0,1.0,1.0,1.0,0.0,0.0,0.0,0.0,0.0,0.0,100.0,100.0,100.0,1000.0,1000.0,1000.0,53.53046564321788,0,0,53.53046564321788,0.0,0.0,0,0
831212,62.0,62.5,21.5,0.0,0.0,0.0,40.0,1.0,1.0,1.0,0.0,0.0,0.0,0.0,0.0,0.0,100.0,100.0,100.0,1000.0,1000.0,1000.0,53.53046564321788,0,0,53.53046564321788,0.0,0.0,0,0
831412,62.0,62.5,21.5,0.0,0.0,0.0,40.0,1.0,1.0,1.0,0.0,0.0,0.0,0.0,0.0,0.0,100.0,100.0,100.0,1000.0,1000.0,1000.0,53.53046564321788,0,0,53.53046564321788,0.0,0.0,0,0
831612,62.0,62.5,21.5,0.0,0.0,0.0,40.0,1.0,1.0,1.0,0.0,0.0,0.0,0.0,0.0,0.0,100.0,100.0,100.0,1000.0,1000.0,1000.0,53.53046564321788,0,0,53.53046564321788,0.0,0.0,0,0
831812,62.0,62.5,21.5,0.0,0.0,0.0,40.0,1.0,1.0,1.0,0.0,0.0,0.0,0.0,0.0,0.0,100.0,100.0,100.0,1000.0,1000.0,1000.0,53.53046564321788,0,0,53.53046564321788,0.0,0.0,0,0
832012,62.0,62.5,21.5,0.0,0.0,0.0,40.0,1.0,1.0,1.0,0.0,0.0,0.0,0.0,0.0,0.0,100.0,100.0,100.0,1000.0,1000.0,1000.0,53.53046564321788,0,0,53.53046564321788,0.0,0.0,0,0
832212,62.0,62.5,21.5,0.0,0.0,0.0,40.0,1.0,1.0,1.0,0.0,0.0,0.0,0.0,0.0,0.0,100.0,100.0,100.0,1000.0,1000.0,1000.0,53.53046564321788,0,0,53.53046564321788,0.0,0.0,0,0
832412,62.0,62.5,21.5,0.0,0.0,0.0,40.0,1.0,1.0,1.0,0.0,0.0,0.0,0.0,0.0,0.0,100.0,100.0,100.0,1000.0,1000.0,1000.0,53.53046564321788,0,0,53.53046564321788,0.0,0.0,0,0
832612,62.0,62.5,21.5,0.0,0.0,0.0,40.0,1.0,1.0,1.0,0.0,0.0,0.0,0.0,0.0,0.0,100.0,100.0,100.0,1000.0,1000.0,1000.0,53.53046564321788,0,0,53.53046564321788,0.0,0.0,0,0
832812,62.0,62.5,21.5,0.0,0.0,0.0,40.0,1.0,1.0,1.0,0.0,0.0,0.0,0.0,0.0,0.0,100.0,100.0,100.0,1000.0,1000.0,1000.0,53.53046564321788,0,0,53.53046564321788,0.0,0.0,0,0
833012,62.0,62.5,21.5,0.0,0.0,0.0,40.0,1.0,1.0,1.0,0.0,0.0,0.0,0.0,0.0,0.0,100.0,100.0,100.0,1000.0,1000.0,1000.0,53.53046564321788,0,0,53.53046564321788,0.0,0.0,0,0
833212,62.0,62.5,21.5,0.0,0.0,0.0,40.0,1.0,1.0,1.0,0.0,0.0,0.0,0.0,0.0,0.0,100.0,100.0,100.0,1000.0,1000.0,1000.0,53.53046564321788,0,0,53.53046564321788,0.0,0.0,0,0
833412,62.0,62.5,21.5,0.0,0.0,0.0,40.0,1.0,1.0,1.0,0.0,0.0,0.0,0.0,0.0,0.0,100.0,100.0,100.0,1000.0,1000.0,1000.0,53.53046564321788,0,0,53.53046564321788,0.0,0.0,0,0
833612,62.5,62.5,21.5,0.0,0.0,0.0,40.0,1.0,1.0,1.0,0.0,0.0,0.0,0.0,0.0,0.0,100.0,100.0,100.0,1000.0,1000.0,1000.0,53.53046564321788,0,0,53.53046564321788,0.0,0.0,0,0
833812,62.5,62.5,21.5,0.0,0.0,0.0,40.0,1.0,1.0,1.0,0.0,0.0,0.0,0.0,0.0,0.0,100.0,100.0,100.0,1000.0,1000.0,1000.0,53.53046564321788,0,0,53.53046564321788,0.0,0.0,0,0
834012,62.5,62.5,21.5,0.0,0.0,0.0,40.0,1.0,1.0,1.0,0.0,0.0,0.0,0.0,0.0,0.0,100.0,100.0,100.0,1000.0,1000.0,1000.0,53.53046564321788,0,0,53.53046564321788,0.0,0.0,0,0
834212,62.5,62.5,21.5,0.0,0.0,0.0,40.0,1.0,1.0,1.0,0.0,0.0,0.0,0.0,0.0,0.0,100.0,100.0,100.0,1000.0,1000.0,1000.0,53.53046564321788,0,0,53.53046564321788,0.0,0.0,0,0
834412,62.5,62.5,21.5,0.0,0.0,0.0,40.0,1.0,1.0,1.0,0.0,0.0,0.0,0.0,0.0,0.0,100.0,100.0,100.0,1000.0,1000.0,1000.0,53.53046564321788,0,0,53.53046564321788,0.0,0.0,0,0
834612,62.5,62.5,21.5,0.0,0.0,0.0,40.0,1.0,1.0,1.0,0.0,0.0,0.0,0.0,0.0,0.0,100.0,100.0,100.0,1000.0,1000.0,1000.0,53.53046564321788,0,0,53.53046564321788,0.0,0.0,0,0
834812,62.5,62.5,21.5,0.0,0.0,0.0,40.0,1.0,1.0,1.0,0.0,0.0,0.0,0.0,0.0,0.0,100.0,100.0,100.0,1000.0,1000.0,1000.0,53.53046564321788,0,0,53.53046564321788,0.0,0.0,0,0
835012,62.5,62.5,21.5,0.0,0.0,0.0,40.0,1.0,1.0,1.0,0.0,0.0,0.0,0.0,0.0,0.0,100.0,100.0,100.0,1000.0,1000.0,1000.0,53.53046564321788,0,0,53.53046564321788,0.0,0.0,0,0
835212,62.5,62.5,21.5,0.0,0.0,0.0,40.0,1.0,1.0,1.0,0.0,0.0,0.0,0.0,0.0,0.0,100.0,100.0,100.0,1000.0,1000.0,1000.0,53.53046564321788,0,0,53.53046564321788,0.0,0.0,0,0
835412,62.5,62.5,21.5,0.0,0.0,0.0,40.0,1.0,1.0,1.0,0.0,0.0,0.0,0.0,0.0,0.0,100.0,100.0,100.0,1000.0,1000.0,1000.0,53.53046564321788,0,0,53.53046564321788,0.0,0.0,0,0
835612,62.5,62.5,21.5,0.0,0.0,0.0,40.0,1.0,1.0,1.0,0.0,0.0,0.0,0.0,0.0,0.0,100.0,100.0,100.0,1000.0,1000.0,1000.0,53.53046564321788,0,0,53.53046564321788,0.0,0.0,0,0
835812,62.5,62.5,21.5,0.0,0.0,0.0,40.0,1.0,1.0,1.0,0.0,0.0,0.0,0.0,0.0,0.0,100.0,100.0,100.0,1000.0,1000.0,1000.0,53.53046564321788,0,0,53.53046564321788,0.0,0.0,0,0
836012,62.5,62.5,21.5,0.0,0.0,0.0,40.0,1.0,1.0,1.0,0.0,0.0,0.0,0.0,0.0,0.0,100.0,100.0,100.0,1000.0,1000.0,1000.0,53.53046564321788,0,0,53.53046564321788,0.0,0.0,0,0
836212,62.5,62.5,21.5,0.0,0.0,0.0,40.0,1.0,1.0,1.0,0.0,0.0,0.0,0.0,0.0,0.0,100.0,100.0,100.0,1000.0,1000.0,1000.0,53.53046564321788,0,0,53.53046564321788,0.0,0.0,0,0
836412,62.5,62.5,21.5,0.0,0.0,0.0,40.0,1.0,1.0,1.0,0.0,0.0,0.0,0.0,0.0,0.0,100.0,100.0,100.0,1000.0,1000.0,1000.0,53.53046564321788,0,0,53.53046564321788,0.0,0.0,0,0
836612,62.5,62.5,21.5,0.0,0.0,0.0,40.0,1.0,1.0,1.0,0.0,0.0,0.0,0.0,0.0,0.0,100.0,100.0,100.0,1000.0,1000.0,1000.0,53.53046564321788,0,0,53.53046564321788,0.0,0.0,0,0
836812,62.5,62.5,21.5,0.0,0.0,0.0,40.0,1.0,1.0,1.0,0.0,0.0,0.0,0.0,0.0,0.0,100.0,100.0,100.0,1000.0,1000.0,1000.0,53.53046564321788,0,0,53.53046564321788,0.0,0.0,0,0
837012,62.5,62.5,21.5,0.0,0.0,0.0,40.0,1.0,1.0,1.0,0.0,0.0,0.0,0.0,0.0,0.0,100.0,100.0,100.0,1000.0,1000.0,1000.0,53.53046564321788,0,0,53.53046564321788,0.0,0.0,0,0
837212,62.5,62.5,21.5,0.0,0.0,0.0,40.0,1.0,1.0,1.0,0.0,0.0,0.0,0.0,0.0,0.0,100.0,100.0,100.0,1000.0,1000.0,1000.0,53.53046564321788,0,0,53.53046564321788,0.0,0.0,0,0
837412,62.5,62.5,21.5,0.0,0.0,0.0,40.0,1.0,1.0,1.0,0.0,0.0,0.0,0.0,0.0,0.0,100.0,100.0,100.0,1000.0,1000.0,1000.0,53.53046564321788,0,0,53.53046564321788,0.0,0.0,0,0
837612,62.5,62.5,21.5,0.0,0.0,0.0,40.0,1.0,1.0,1.0,0.0,0.0,0.0,0.0,0.0,0.0,100.0,100.0,100.0,1000.0,1000.0,1000.0,53.53046564321788,0,0,53.53046564321788,0.0,0.0,0,0
837812,62.5,62.5,21.5,0.0,0.0,0.0,40.0,1.0,1.0,1.0,0.0,0.0,0.0,0.0,0.0,0.0,100.0,100.0,100.0,1000.0,1000.0,1000.0,53.53046564321788,0,0,53.53046564321788,0.0,0.0,0,0
838012,62.5,62.5,21.5,0.0,0.0,0.0,40.0,1.0,1.0,1.0,0.0,0.0,0.0,0.0,0.0,0.0,100.0,100.0,100.0,1000.0,1000.0,1000.0,53.53046564321788,0,0,53.53046564321788,0.0,0.0,0,0
838212,62.5,62.5,21.5,0.0,0.0,0.0,40.0,1.0,1.0,1.0,0.0,0.0,0.0,0.0,0.0,0.0,100.0,100.0,100.0,1000.0,1000.0,1000.0,53.53046564321788,0,0,53.53046564321788,0.0,0.0,0,0
838412,62.5,62.5,21.5,0.0,0.0,0.0,40.0,1.0,1.0,1.0,0.0,0.0,0.0,0.0,0.0,0.0,100.0,100.0,100.0,1000.0,1000.0,1000.0,53.53046564321788,0,0,53.53046564321788,0.0,0.0,0,0
838612,62.5,62.5,21.5,0.0,0.0,0.0,40.0,1.0,1.0,1.0,0.0,0.0,0.0,0.0,0.0,0.0,100.0,100.0,100.0,1000.0,1000.0,1000.0,53.53046564321788,0,0,53.53046564321788,0.0,0.0,0,0
838812,62.5,62.5,21.5,0.0,0.0,0.0,40.0,1.0,1.0,1.0,0.0,0.0,0.0,0.0,0.0,0.0,100.0,100.0,100.0,1000.0,1000.0,1000.0,53.53046564321788,0,0,53.53046564321788,0.0,0.0,0,0
839012,62.5,62.5,21.5,0.0,0.0,0.0,40.0,1.0,1.0,1.0,0.0,0.0,0.0,0.0,0.0,0.0,100.0,100.0,100.0,1000.0,1000.0,1000.0,53.53046564321788,0,0,53.53046564321788,0.0,0.0,0,0
839212,62.5,62.5,21.5,0.0,0.0,0.0,40.0,1.0,1.0,1.0,0.0,0.0,0.0,0.0,0.0,0.0,100.0,100.0,100.0,1000.0,1000.0,1000.0,53.53046564321788,0,0,53.53046564321788,0.0,0.0,0,0
839412,62.5,62.5,21.5,0.0,0.0,0.0,40.0,1.0,1.0,1.0,0.0,0.0,0.0,0.0,0.0,0.0,100.0,100.0,100.0,1000.0,1000.0,1000.0,53.53046564321788,0,0,53.53046564321788,0.0,0.0,0,0
839612,62.5,62.5,21.5,0.0,0.0,0.0,40.0,1.0,1.0,1.0,0.0,0.0,0.0,0.0,0.0,0.0,100.0,100.0,100.0,1000.0,1000.0,1000.0,53.53046564321788,0,0,53.53046564321788,0.0,0.0,0,0
839812,62.5,62.5,21.5,0.0,0.0,0.0,40.0,1.0,1.0,1.0,0.0,0.0,0.0,0.0,0.0,0.0,100.0,100.0,100.0,1000.0,1000.0,1000.0,53.53046564321788,0,0,53.53046564321788,0.0,0.0,0,0
840012,62.5,62.5,21.5,0.0,0.0,0.0,40.0,1.0,1.0,1.0,0.0,0.0,0.0,0.0,0.0,0.0,100.0,100.0,100.0,1000.0,1000.0,1000.0,53.53046564321788,0,0,53.53046564321788,0.0,0.0,0,0
840212,62.5,62.5,21.5,0.0,0.0,0.0,40.0,1.0,1.0,1.0,0.0,0.0,0.0,0.0,0.0,0.0,100.0,100.0,100.0,1000.0,1000.0,1000.0,47.73216397655121,0,0,47.73216397655121,0.0,0.0,1,0
840412,62.5,62.5,21.5,0.0,0.0,0.0,40.0,1.0,1.0,1.0,0.0,0.0,0.0,0.0,0.0,0.0,100.0,100.0,100.0,1000.0,1000.0,1000.0,47.73216397655121,0,0,47.73216397655121,0.0,0.0,0,0
840612,62.5,62.5,21.5,0.0,0.0,0.0,40.0,1.0,1.0,1.0,0.0,0.0,0.0,0.0,0.0,0.0,100.0,100.0,100.0,1000.0,1000.0,1000.0,47.73216397655121,0,0,47.73216397655121,0.0,0.0,0,0
840812,62.5,62.5,21.5,0.0,0.0,0.0,40.0,1.0,1.0,1.0,0.0,0.0,0.0,0.0,0.0,0.0,100.0,100.0,100.0,1000.0,1000.0,1000.0,47.73216397655121,0,0,47.73216397655121,0.0,0.0,0,0
841012,62.5,62.5,21.5,0.0,0.0,0.0,40.0,1.0,1.0,1.0,0.0,0.0,0.0,0.0,0.0,0.0,100.0,100.0,100.0,1000.0,1000.0,1000.0,47.73216397655121,0,0,47.73216397655121,0.0,0.0,0,0
841212,62.5,62.5,21.5,0.0,0.0,0.0,40.0,1.0,1.0,1.0,0.0,0.0,0.0,0.0,0.0,0.0,100.0,100.0,100.0,1000.0,1000.0,1000.0,47.73216397655121,0,0,47.73216397655121,0.0,0.0,0,0
841412,62.5,62.5,21.5,0.0,0.0,0.0,40.0,1.0,1.0,1.0,0.0,0.0,0.0,0.0,0.0,0.0,100.0,100.0,100.0,1000.0,1000.0,1000.0,47.73216397655121,0,0,47.73216397655121,0.0,0.0,0,0
841612,62.5,62.5,21.5,0.0,0.0,0.0,40.0,1.0,1.0,1.0,0.0,0.0,0.0,0.0,0.0,0.0,100.0,100.0,100.0,1000.0,1000.0,1000.0,47.73216397655121,0,0,47.73216397655121,0.0,0.0,0,0
841812,62.5,62.5,21.5,0.0,0.0,0.0,40.0,1.0,1.0,1.0,0.0,0.0,0.0,0.0,0.0,0.0,100.0,100.0,100.0,1000.0,1000.0,1000.0,47.73216397655121,0,0,47.73216397655121,0.0,0.0,0,0
842012,62.5,62.5,21.5,0.0,0.0,0.0,40.0,1.0,1.0,1.0,0.0,0.0,0.0,0.0,0.0,0.0,100.0,100.0,100.0,1000.0,1000.0,1000.0,47.73216397655121,0,0,47.73216397655121,0.0,0.0,0,0
842212,62.5,62.5,21.5,0.0,0.0,0.0,40.0,1.0,1.0,1.0,0.0,0.0,0.0,0.0,0.0,0.0,100.0,100.0,100.0,1000.0,1000.0,1000.0,47.73216397655121,0,0,47.73216397655121,0.0,0.0,0,0
842412,62.5,62.5,21.5,0.0,0.0,0.0,40.0,1.0,1.0,1.0,0.0,0.0,0.0,0.0,0.0,0.0,100.0,100.0,100.0,1000.0,1000.0,1000.0,47.73216397655121,0,0,47.73216397655121,0.0,0.0,0,0
842612,62.5,62.5,21.5,0.0,0.0,0.0,40.0,1.0,1.0,1.0,0.0,0.0,0.0,0.0,0.0,0.0,100.0,100.0,100.0,1000.0,1000.0,1000.0,47.73216397655121,0,0,47.73216397655121,0.0,0.0,0,0
842812,62.5,62.5,21.5,0.0,0.0,0.0,40.0,1.0,1.0,1.0,0.0,0.0,0.0,0.0,0.0,0.0,100.0,100.0,100.0,1000.0,1000.0,1000.0,47.73216397655121,0,0,47.73216397655121,0.0,0.0,0,0
843012,62.5,62.5,21.5,0.0,0.0,0.0,40.0,1.0,1.0,1.0,0.0,0.0,0.0,0.0,0.0,0.0,100.0,100.0,100.0,1000.0,1000.0,1000.0,47.73216397655121,0,0,47.73216397655121,0.0,0.0,0,0
843212,62.5,62.5,21.5,0.0,0.0,0.0,40.0,1.0,1.0,1.0,0.0,0.0,0.0,0.0,0.0,0.0,100.0,100.0,100.0,1000.0,1000.0,1000.0,47.73216397655121,0,0,47.73216397655121,0.0,0.0,0,0
843412,62.5,62.5,21.5,0.0,0.0,0.0,40.0,1.0,1.0,1.0,0.0,0.0,0.0,0.0,0.0,0.0,100.0,100.0,100.0,1000.0,1000.0,1000.0,47.73216397655121,0,0,47.73216397655121,0.0,0.0,0,0
843612,62.5,62.5,21.5,0.0,0.0,0.0,40.0,1.0,1.0,1.0,0.0,0.0,0.0,0.0,0.0,0.0,100.0,100.0,100.0,1000.0,1000.0,1000.0,47.73216397655121,0,0,47.73216397655121,0.0,0.0,0,0
843812,62.5,62.5,21.5,0.0,0.0,0.0,40.0,1.0,1.0,1.0,0.0,0.0,0.0,0.0,0.0,0.0,100.0,100.0,100.0,1000.0,1000.0,1000.0,47.73216397655121,0,0,47.73216397655121,0.0,0.0,0,0
844012,62.5,62.5,21.5,0.0,0.0,0.0,40.0,1.0,1.0,1.0,0.0,0.0,0.0,0.0,0.0,0.0,100.0,100.0,100.0,1000.0,1000.0,1000.0,47.73216397655121,0,0,47.73216397655121,0.0,0.0,0,0
844212,62.5,62.5,21.5,0.0,0.0,0.0,40.0,1.0,1.0,1.0,0.0,0.0,0.0,0.0,0.0,0.0,100.0,100.0,100.0,1000.0,1000.0,1000.0,47.73216397655121,0,0,47.73216397655121,0.0,0.0,0,0
844412,62.5,62.5,21.5,0.0,0.0,0.0,40.0,1.0,1.0,1.0,0.0,0.0,0.0,0.0,0.0,0.0,100.0,100.0,100.0,1000.0,1000.0,1000.0,47.73216397655121,0,0,47.73216397655121,0.0,0.0,0,0
844612,62.5,62.5,21.5,0.0,0.0,0.0,40.0,1.0,1.0,1.0,0.0,0.0,0.0,0.0,0.0,0.0,100.0,100.0,100.0,1000.0,1000.0,1000.0,47.73216397655121,0,0,47.73216397655121,0.0,0.0,0,0
844812,62.5,62.5,21.5,0.0,0.0,0.0,40.0,1.0,1.0,1.0,0.0,0.0,0.0,0.0,0.0,0.0,100.0,100.0,100.0,1000.0,1000.0,1000.0,47.73216397655121,0,0,47.73216397655121,0.0,0.0,0,0
845012,62.5,62.5,21.5,0.0,0.0,0.0,40.0,1.0,1.0,1.0,0.0,0.0,0.0,0.0,0.0,0.0,100.0,100.0,100.0,1000.0,1000.0,1000.0,47.73216397655121,0,0,47.73216397655121,0.0,0.0,0,0
845212,62.5,62.5,21.5,0.0,0.0,0.0,40.0,1.0,1.0,1.0,0.0,0.0,0.0,0.0,0.0,0.0,100.0,100.0,100.0,1000.0,1000.0,1000.0,47.73216397655121,0,0,47.73216397655121,0.0,0.0,0,0
845412,62.5,62.5,21.5,0.0,0.0,0.0,40.0,1.0,1.0,1.0,0.0,0.0,0.0,0.0,0.0,0.0,100.0,100.0,100.0,1000.0,1000.0,1000.0,47.73216397655121,0,0,47.73216397655121,0.0,0.0,0,0
845612,62.5,62.5,21.5,0.0,0.0,0.0,40.0,1.0,1.0,1.0,0.0,0.0,0.0,0.0,0.0,0.0,100.0,100.0,100.0,1000.0,1000.0,1000.0,47.73216397655121,0,0,47.73216397655121,0.0,0.0,0,0
845812,62.5,62.5,21.5,0.0,0.0,0.0,40.0,1.0,1.0,1.0,0.0,0.0,0.0,0.0,0.0,0.0,100.0,100.0,100.0,1000.0,1000.0,1000.0,47.73216397655121,0,0,47.73216397655121,0.0,0.0,0,0
846012,62.5,62.5,21.5,0.0,0.0,0.0,40.0,1.0,1.0,1.0,0.0,0.0,0.0,0.0,0.0,0.0,100.0,100.0,100.0,1000.0,1000.0,1000.0,47.73216397655121,0,0,47.73216397655121,0.0,0.0,0,0
846212,62.5,62.5,21.5,0.0,0.0,0.0,40.0,1.0,1.0,1.0,0.0,0.0,0.0,0.0,0.0,0.0,100.0,100.0,100.0,1000.0,1000.0,1000.0,47.73216397655121,0,0,47.73216397655121,0.0,0.0,0,0
846412,62.5,62.5,21.5,0.0,0.0,0.0,40.0,1.0,1.0,1.0,0.0,0.0,0.0,0.0,0.0,0.0,100.0,100.0,100.0,1000.0,1000.0,1000.0,47.73216397655121,0,0,47.73216397655121,0.0,0.0,0,0
846612,62.5,62.5,21.5,0.0,0.0,0.0,40.0,1.0,1.0,1.0,0.0,0.0,0.0,0.0,0.0,0.0,100.0,100.0,100.0,1000.0,1000.0,1000.0,47.73216397655121,0,0,47.73216397655121,0.0,0.0,0,0
846812,62.5,62.5,21.5,0.0,0.0,0.0,40.0,1.0,1.0,1.0,0.0,0.0,0.0,0.0,0.0,0.0,100.0,100.0,100.0,1000.0,1000.0,1000.0,47.73216397655121,0,0,47.73216397655121,0.0,0.0,0,0
847012,62.5,62.5,21.5,0.0,0.0,0.0,40.0,1.0,1.0,1.0,0.0,0.0,0.0,0.0,0.0,0.0,100.0,100.0,100.0,1000.0,1000.0,1000.0,47.73216397655121,0,0,47.73216397655121,0.0,0.0,0,0
847212,62.5,62.5,21.5,0.0,0.0,0.0,40.0,1.0,1.0,1.0,0.0,0.0,0.0,0.0,0.0,0.0,100.0,100.0,100.0,1000.0,1000.0,1000.0,47.73216397655121,0,0,47.73216397655121,0.0,0.0,0,0
847412,62.5,62.5,21.5,0.0,0.0,0.0,40.0,1.0,1.0,1.0,0.0,0.0,0.0,0.0,0.0,0.0,100.0,100.0,100.0,1000.0,1000.0,1000.0,47.73216397655121,0,0,47.73216397655121,0.0,0.0,0,0
847612,62.5,62.5,21.5,0.0,0.0,0.0,40.0,1.0,1.0,1.0,0.0,0.0,0.0,0.0,0.0,0.0,100.0,100.0,100.0,1000.0,1000.0,1000.0,47.73216397655121,0,0,47.73216397655121,0.0,0.0,0,0
847812,62.5,62.5,21.5,0.0,0.0,0.0,40.0,1.0,1.0,1.0,0.0,0.0,0.0,0.0,0.0,0.0,100.0,100.0,100.0,1000.0,1000.0,1000.0,47.73216397655121,0,0,47.73216397655121,0.0,0.0,0,0
848012,62.5,62.5,21.5,0.0,0.0,0.0,40.0,1.0,1.0,1.0,0.0,0.0,0.0,0.0,0.0,0.0,100.0,100.0,100.0,1000.0,1000.0,1000.0,47.73216397655121,0,0,47.73216397655121,0.0,0.0,0,0
848212,62.5,62.5,21.5,0.0,0.0,0.0,40.0,1.0,1.0,1.0,0.0,0.0,0.0,0.0,0.0,0.0,100.0,100.0,100.0,1000.0,1000.0,1000.0,47.73216397655121,0,0,47.73216397655121,0.0,0.0,0,0
848412,62.5,62.5,21.5,0.0,0.0,0.0,40.0,1.0,1.0,1.0,0.0,0.0,0.0,0.0,0.0,0.0,100.0,100.0,100.0,1000.0,1000.0,1000.0,47.73216397655121,0,0,47.73216397655121,0.0,0.0,0,0
848612,62.5,62.5,21.5,0.0,0.0,0.0,40.0,1.0,1.0,1.0,0.0,0.0,0.0,0.0,0.0,0.0,100.0,100.0,100.0,1000.0,1000.0,1000.0,47.73216397655121,0,0,47.73216397655121,0.0,0.0,0,0
848812,62.5,62.5,21.5,0.0,0.0,0.0,40.0,1.0,1.0,1.0,0.0,0.0,0.0,0.0,0.0,0.0,100.0,100.0,100.0,1000.0,1000.0,1000.0,47.73216397655121,0,0,47.73216397655121,0.0,0.0,0,0
849012,62.5,62.5,21.5,0.0,0.0,0.0,40.0,1.0,1.0,1.0,0.0,0.0,0.0,0.0,0.0,0.0,100.0,100.0,100.0,1000.0,1000.0,1000.0,47.73216397655121,0,0,47.73216397655121,0.0,0.0,0,0
849212,62.5,62.5,21.5,0.0,0.0,0.0,40.0,1.0,1.0,1.0,0.0,0.0,0.0,0.0,0.0,0.0,100.0,100.0,100.0,1000.0,1000.0,1000.0,47.73216397655121,0,0,47.73216397655121,0.0,0.0,0,0
849412,62.5,62.5,21.5,0.0,0.0,0.0,40.0,1.0,1.0,1.0,0.0,0.0,0.0,0.0,0.0,0.0,100.0,100.0,100.0,1000.0,1000.0,1000.0,47.73216397655121,0,0,47.73216397655121,0.0,0.0,0,0
849612,62.5,62.5,21.5,0.0,0.0,0.0,40.0,1.0,1.0,1.0,0.0,0.0,0.0,0.0,0.0,0.0,100.0,100.0,100.0,1000.0,1000.0,1000.0,47.73216397655121,0,0,47.73216397655121,0.0,0.0,0,0
849812,62.5,62.5,21.5,0.0,0.0,0.0,40.0,1.0,1.0,1.0,0.0,0.0,0.0,0.0,0.0,0.0,100.0,100.0,100.0,1000.0,1000.0,1000.0,47.73216397655121,0,0,47.73216397655121,0.0,0.0,0,0
850012,62.5,62.5,21.5,0.0,0.0,0.0,40.0,1.0,1.0,1.0,0.0,0.0,0.0,0.0,0.0,0.0,100.0,100.0,100.0,1000.0,1000.0,1000.0,47.73216397655121,0,0,47.73216397655121,0.0,0.0,0,1
850212,62.5,62.5,21.5,0.0,0.0,0.0,40.0,1.0,1.0,1.0,0.0,0.0,0.0,0.0,0.0,0.0,100.0,100.0,100.0,1000.0,1000.0,1000.0,47.73216397655121,0,0,47.73216397655121,0.0,0.0,0,0
850412,62.5,62.5,21.5,0.0,0.0,0.0,40.0,1.0,1.0,1.0,0.0,0.0,0.0,0.0,0.0,0.0,100.0,100.0,100.0,1000.0,1000.0,1000.0,47.73216397655121,0,0,47.73216397655121,0.0,0.0,0,0
850612,62.5,62.5,21.5,0.0,0.0,0.0,40.0,1.0,1.0,1.0,0.0,0.0,0.0,0.0,0.0,0.0,100.0,100.0,100.0,1000.0,1000.0,1000.0,47.73216397655121,0,0,47.73216397655121,0.0,0.0,0,0
850812,62.5,62.5,21.5,0.0,0.0,0.0,40.0,1.0,1.0,1.0,0.0,0.0,0.0,0.0,0.0,0.0,100.0,100.0,100.0,1000.0,1000.0,1000.0,47.73216397655121,0,0,47.73216397655121,0.0,0.0,0,0
851012,62.5,62.5,21.5,0.0,0.0,0.0,40.0,1.0,1.0,1.0,0.0,0.0,0.0,0.0,0.0,0.0,100.0,100.0,100.0,1000.0,1000.0,1000.0,47.73216397655121,0,0,47.73216397655121,0.0,0.0,0,0
851212,62.5,62.5,21.5,0.0,0.0,0.0,40.0,1.0,1.0,1.0,0.0,0.0,0.0,0.0,0.0,0.0,100.0,100.0,100.0,1000.0,1000.0,1000.0,47.73216397655121,0,0,47.73216397655121,0.0,0.0,0,0
851412,62.5,62.5,21.5,0.0,0.0,0.0,40.0,1.0,1.0,1.0,0.0,0.0,0.0,0.0,0.0,0.0,100.0,100.0,100.0,1000.0,1000.0,1000.0,47.73216397655121,0,0,47.73216397655121,0.0,0.0,0,0
851612,62.5,62.5,21.5,0.0,0.0,0.0,40.0,1.0,1.0,1.0,0.0,0.0,0.0,0.0,0.0,0.0,100.0,100.0,100.0,1000.0,1000.0,1000.0,47.73216397655121,0,0,47.73216397655121,0.0,0.0,0,0
851812,62.5,62.5,21.5,0.0,0.0,0.0,40.0,1.0,1.0,1.0,0.0,0.0,0.0,0.0,0.0,0.0,100.0,100.0,100.0,1000.0,1000.0,1000.0,47.73216397655121,0,0,47.73216397655121,0.0,0.0,0,0
852012,62.5,62.5,21.5,0.0,0.0,0.0,40.0,1.0,1.0,1.0,0.0,0.0,0.0,0.0,0.0,0.0,100.0,100.0,100.0,1000.0,1000.0,1000.0,47.73216397655121,0,0,47.73216397655121,0.0,0.0,0,0
852212,62.5,62.5,21.5,0.0,0.0,0.0,40.0,1.0,1.0,1.0,0.0,0.0,0.0,0.0,0.0,0.0,100.0,100.0,100.0,1000.0,1000.0,1000.0,47.73216397655121,0,0,47.73216397655121,0.0,0.0,0,0
852412,62.5,62.5,21.5,0.0,0.0,0.0,40.0,1.0,1.0,1.0,0.0,0.0,0.0,0.0,0.0,0.0,100.0,100.0,100.0,1000.0,1000.0,1000.0,47.73216397655121,0,0,47.73216397655121,0.0,0.0,0,0
852612,62.5,63.0,21.5,0.0,0.0,0.0,40.0,1.0,1.0,1.0,0.0,0.0,0.0,0.0,0.0,0.0,100.0,100.0,100.0,1000.0,1000.0,1000.0,47.73216397655121,0,0,47.73216397655121,0.0,0.0,0,0
852812,62.5,63.0,21.5,0.0,0.0,0.0,40.0,1.0,1.0,1.0,0.0,0.0,0.0,0.0,0.0,0.0,100.0,100.0,100.0,1000.0,1000.0,1000.0,47.73216397655121,0,0,47.73216397655121,0.0,0.0,0,0
853012,62.5,63.0,21.5,0.0,0.0,0.0,40.0,1.0,1.0,1.0,0.0,0.0,0.0,0.0,0.0,0.0,100.0,100.0,100.0,1000.0,1000.0,1000.0,47.73216397655121,0,0,47.73216397655121,0.0,0.0,0,0
853212,62.5,63.0,21.5,0.0,0.0,0.0,40.0,1.0,1.0,1.0,0.0,0.0,0.0,0.0,0.0,0.0,100.0,100.0,100.0,1000.0,1000.0,1000.0,47.73216397655121,0,0,47.73216397655121,0.0,0.0,0,0
853412,62.5,63.0,21.5,0.0,0.0,0.0,40.0,1.0,1.0,1.0,0.0,0.0,0.0,0.0,0.0,0.0,100.0,100.0,100.0,1000.0,1000.0,1000.0,47.73216397655121,0,0,47.73216397655121,0.0,0.0,0,0
853612,62.5,62.5,21.5,0.0,0.0,0.0,40.0,1.0,1.0,1.0,0.0,0.0,0.0,0.0,0.0,0.0,100.0,100.0,100.0,1000.0,1000.0,1000.0,47.73216397655121,0,0,47.73216397655121,0.0,0.0,0,0
853812,62.5,62.5,21.5,0.0,0.0,0.0,40.0,1.0,1.0,1.0,0.0,0.0,0.0,0.0,0.0,0.0,100.0,100.0,100.0,1000.0,1000.0,1000.0,47.73216397655121,0,0,47.73216397655121,0.0,0.0,0,0
854012,62.5,62.5,21.5,0.0,0.0,0.0,40.0,1.0,1.0,1.0,0.0,0.0,0.0,0.0,0.0,0.0,100.0,100.0,100.0,1000.0,1000.0,1000.0,47.73216397655121,0,0,47.73216397655121,0.0,0.0,0,0
854212,62.5,62.5,21.5,0.0,0.0,0.0,40.0,1.0,1.0,1.0,0.0,0.0,0.0,0.0,0.0,0.0,100.0,100.0,100.0,1000.0,1000.0,1000.0,47.73216397655121,0,0,47.73216397655121,0.0,0.0,0,0
854412,62.5,62.5,21.5,0.0,0.0,0.0,40.0,1.0,1.0,1.0,0.0,0.0,0.0,0.0,0.0,0.0,100.0,100.0,100.0,1000.0,1000.0,1000.0,47.73216397655121,0,0,47.73216397655121,0.0,0.0,0,0
854612,62.5,62.5,21.5,0.0,0.0,0.0,40.0,1.0,1.0,1.0,0.0,0.0,0.0,0.0,0.0,0.0,100.0,100.0,100.0,1000.0,1000.0,1000.0,47.73216397655121,0,0,47.73216397655121,0.0,0.0,0,0
854812,62.5,62.5,21.5,0.0,0.0,0.0,40.0,1.0,1.0,1.0,0.0,0.0,0.0,0.0,0.0,0.0,100.0,100.0,100.0,1000.0,1000.0,1000.0,47.73216397655121,0,0,47.73216397655121,0.0,0.0,0,0
855012,62.5,62.5,21.5,0.0,0.0,0.0,40.0,1.0,1.0,1.0,0.0,0.0,0.0,0.0,0.0,0.0,100.0,100.0,100.0,1000.0,1000.0,1000.0,47.73216397655121,0,0,47.73216397655121,0.0,0.0,0,0
855212,62.5,63.0,21.5,0.0,0.0,0.0,40.0,1.0,1.0,1.0,0.0,0.0,0.0,0.0,0.0,0.0,100.0,100.0,100.0,1000.0,1000.0,1000.0,47.28340230988454,0,0,47.28340230988454,0.0,0.0,1,0
855412,62.5,63.0,21.5,0.0,0.0,0.0,40.0,1.0,1.0,1.0,0.0,0.0,0.0,0.0,0.0,0.0,100.0,100.0,100.0,1000.0,1000.0,1000.0,47.28340230988454,0,0,47.28340230988454,0.0,0.0,0,0
855612,62.5,63.0,21.5,0.0,0.0,0.0,40.0,1.0,1.0,1.0,0.0,0.0,0.0,0.0,0.0,0.0,100.0,100.0,100.0,1000.0,1000.0,1000.0,47.28340230988454,0,0,47.28340230988454,0.0,0.0,0,0
855812,62.5,63.0,21.5,0.0,0.0,0.0,40.0,1.0,1.0,1.0,0.0,0.0,0.0,0.0,0.0,0.0,100.0,100.0,100.0,1000.0,1000.0,1000.0,47.28340230988454,0,0,47.28340230988454,0.0,0.0,0,0
856012,62.5,63.0,21.5,0.0,0.0,0.0,40.0,1.0,1.0,1.0,0.0,0.0,0.0,0.0,0.0,0.0,100.0,100.0,100.0,1000.0,1000.0,1000.0,47.28340230988454,0,0,47.28340230988454,0.0,0.0,0,0
856212,62.5,63.0,21.5,0.0,0.0,0.0,40.0,1.0,1.0,1.0,0.0,0.0,0.0,0.0,0.0,0.0,100.0,100.0,100.0,1000.0,1000.0,1000.0,47.28340230988454,0,0,47.28340230988454,0.0,0.0,0,0
856412,62.5,63.0,21.5,0.0,0.0,0.0,40.0,1.0,1.0,1.0,0.0,0.0,0.0,0.0,0.0,0.0,100.0,100.0,100.0,1000.0,1000.0,1000.0,47.28340230988454,0,0,47.28340230988454,0.0,0.0,0,0
856612,62.5,62.5,21.5,0.0,0.0,0.0,40.0,1.0,1.0,1.0,0.0,0.0,0.0,0.0,0.0,0.0,100.0,100.0,100.0,1000.0,1000.0,1000.0,47.28340230988454,0,0,47.28340230988454,0.0,0.0,0,0
856812,62.5,62.5,21.5,0.0,0.0,0.0,40.0,1.0,1.0,1.0,0.0,0.0,0.0,0.0,0.0,0.0,100.0,100.0,100.0,1000.0,1000.0,1000.0,47.28340230988454,0,0,47.28340230988454,0.0,0.0,0,0
857012,62.5,62.5,21.5,0.0,0.0,0.0,40.0,1.0,1.0,1.0,0.0,0.0,0.0,0.0,0.0,0.0,100.0,100.0,100.0,1000.0,1000.0,1000.0,47.28340230988454,0,0,47.28340230988454,0.0,0.0,0,0
857212,62.5,62.5,21.5,0.0,0.0,0.0,40.0,1.0,1.0,1.0,0.0,0.0,0.0,0.0,0.0,0.0,100.0,100.0,100.0,1000.0,1000.0,1000.0,47.28340230988454,0,0,47.28340230988454,0.0,0.0,0,0
857412,62.5,62.5,21.5,0.0,0.0,0.0,40.0,1.0,1.0,1.0,0.0,0.0,0.0,0.0,0.0,0.0,100.0,100.0,100.0,1000.0,1000.0,1000.0,47.28340230988454,0,0,47.28340230988454,0.0,0.0,0,0
857612,62.5,62.5,21.5,0.0,0.0,0.0,40.0,1.0,1.0,1.0,0.0,0.0,0.0,0.0,0.0,0.0,100.0,100.0,100.0,1000.0,1000.0,1000.0,47.28340230988454,0,0,47.28340230988454,0.0,0.0,0,0
857812,62.5,62.5,21.5,0.0,0.0,0.0,40.0,1.0,1.0,1.0,0.0,0.0,0.0,0.0,0.0,0.0,100.0,100.0,100.0,1000.0,1000.0,1000.0,47.28340230988454,0,0,47.28340230988454,0.0,0.0,0,0
858012,62.5,62.5,21.5,0.0,0.0,0.0,40.0,1.0,1.0,1.0,0.0,0.0,0.0,0.0,0.0,0.0,100.0,100.0,100.0,1000.0,1000.0,1000.0,47.28340230988454,0,0,47.28340230988454,0.0,0.0,0,0
858212,62.5,62.5,21.5,0.0,0.0,0.0,40.0,1.0,1.0,1.0,0.0,0.0,0.0,0.0,0.0,0.0,100.0,100.0,100.0,1000.0,1000.0,1000.0,47.28340230988454,0,0,47.28340230988454,0.0,0.0,0,0
858412,62.5,62.5,21.5,0.0,0.0,0.0,40.0,1.0,1.0,1.0,0.0,0.0,0.0,0.0,0.0,0.0,100.0,100.0,100.0,1000.0,1000.0,1000.0,47.28340230988454,0,0,47.28340230988454,0.0,0.0,0,0
858612,62.5,62.5,21.5,0.0,0.0,0.0,40.0,1.0,1.0,1.0,0.0,0.0,0.0,0.0,0.0,0.0,100.0,100.0,100.0,1000.0,1000.0,1000.0,47.28340230988454,0,0,47.28340230988454,0.0,0.0,0,0
858812,62.5,62.5,21.5,0.0,0.0,0.0,40.0,1.0,1.0,1.0,0.0,0.0,0.0,0.0,0.0,0.0,100.0,100.0,100.0,1000.0,1000.0,1000.0,47.28340230988454,0,0,47.28340230988454,0.0,0.0,0,0
859012,62.5,62.5,21.5,0.0,0.0,0.0,40.0,1.0,1.0,1.0,0.0,0.0,0.0,0.0,0.0,0.0,100.0,100.0,100.0,1000.0,1000.0,1000.0,47.28340230988454,0,0,47.28340230988454,0.0,0.0,0,0
859212,62.5,62.5,21.5,0.0,0.0,0.0,40.0,1.0,1.0,1.0,0.0,0.0,0.0,0.0,0.0,0.0,100.0,100.0,100.0,1000.0,1000.0,1000.0,47.28340230988454,0,0,47.28340230988454,0.0,0.0,0,0
859412,62.5,62.5,21.5,0.0,0.0,0.0,40.0,1.0,1.0,1.0,0.0,0.0,0.0,0.0,0.0,0.0,100.0,100.0,100.0,1000.0,1000.0,1000.0,47.28340230988454,0,0,47.28340230988454,0.0,0.0,0,0
859612,62.5,62.5,21.5,0.0,0.0,0.0,40.0,1.0,1.0,1.0,0.0,0.0,0.0,0.0,0.0,0.0,100.0,100.0,100.0,1000.0,1000.0,1000.0,47.28340230988454,0,0,47.28340230988454,0.0,0.0,0,0
859812,62.5,62.5,21.5,0.0,0.0,0.0,40.0,1.0,1.0,1.0,0.0,0.0,0.0,0.0,0.0,0.0,100.0,100.0,100.0,1000.0,1000.0,1000.0,47.28340230988454,0,0,47.28340230988454,0.0,0.0,0,0
860012,62.5,62.5,21.5,0.0,0.0,0.0,40.0,1.0,1.0,1.0,0.0,0.0,0.0,0.0,0.0,0.0,100.0,100.0,100.0,1000.0,1000.0,1000.0,47.28340230988454,0,0,47.28340230988454,0.0,0.0,0,0
860212,62.5,62.5,21.5,0.0,0.0,0.0,40.0,1.0,1.0,1.0,0.0,0.0,0.0,0.0,0.0,0.0,100.0,100.0,100.0,1000.0,1000.0,1000.0,47.28340230988454,0,0,47.28340230988454,0.0,0.0,0,0
860412,62.5,62.5,21.5,0.0,0.0,0.0,40.0,1.0,1.0,1.0,0.0,0.0,0.0,0.0,0.0,0.0,100.0,100.0,100.0,1000.0,1000.0,1000.0,47.28340230988454,0,0,47.28340230988454,0.0,0.0,0,0
860612,62.5,62.5,21.5,0.0,0.0,0.0,40.0,1.0,1.0,1.0,0.0,0.0,0.0,0.0,0.0,0.0,100.0,100.0,100.0,1000.0,1000.0,1000.0,47.28340230988454,0,0,47.28340230988454,0.0,0.0,0,0
860812,62.5,62.5,21.5,0.0,0.0,0.0,40.0,1.0,1.0,1.0,0.0,0.0,0.0,0.0,0.0,0.0,100.0,100.0,100.0,1000.0,1000.0,1000.0,47.28340230988454,0,0,47.28340230988454,0.0,0.0,0,0
861012,62.5,62.5,21.5,0.0,0.0,0.0,40.0,1.0,1.0,1.0,0.0,0.0,0.0,0.0,0.0,0.0,100.0,100.0,100.0,1000.0,1000.0,1000.0,47.28340230988454,0,0,47.28340230988454,0.0,0.0,0,0
861212,62.5,62.5,21.5,0.0,0.0,0.0,40.0,1.0,1.0,1.0,0.0,0.0,0.0,0.0,0.0,0.0,100.0,100.0,100.0,1000.0,1000.0,1000.0,47.28340230988454,0,0,47.28340230988454,0.0,0.0,0,0
861412,62.5,62.5,21.5,0.0,0.0,0.0,40.0,1.0,1.0,1.0,0.0,0.0,0.0,0.0,0.0,0.0,100.0,100.0,100.0,1000.0,1000.0,1000.0,47.28340230988454,0,0,47.28340230988454,0.0,0.0,0,0
861612,62.5,62.5,21.5,0.0,0.0,0.0,40.0,1.0,1.0,1.0,0.0,0.0,0.0,0.0,0.0,0.0,100.0,100.0,100.0,1000.0,1000.0,1000.0,47.28340230988454,0,0,47.28340230988454,0.0,0.0,0,0
861812,62.5,62.5,21.5,0.0,0.0,0.0,40.0,1.0,1.0,1.0,0.0,0.0,0.0,0.0,0.0,0.0,100.0,100.0,100.0,1000.0,1000.0,1000.0,47.28340230988454,0,0,47.28340230988454,0.0,0.0,0,0
862012,62.5,62.5,21.5,0.0,0.0,0.0,40.0,1.0,1.0,1.0,0.0,0.0,0.0,0.0,0.0,0.0,100.0,100.0,100.0,1000.0,1000.0,1000.0,47.28340230988454,0,0,47.28340230988454,0.0,0.0,0,0
862212,62.5,62.5,21.5,0.0,0.0,0.0,40.0,1.0,1.0,1.0,0.0,0.0,0.0,0.0,0.0,0.0,100.0,100.0,100.0,1000.0,1000.0,1000.0,47.28340230988454,0,0,47.28340230988454,0.0,0.0,0,0
862412,62.5,62.5,21.5,0.0,0.0,0.0,40.0,1.0,1.0,1.0,0.0,0.0,0.0,0.0,0.0,0.0,100.0,100.0,100.0,1000.0,1000.0,1000.0,47.28340230988454,0,0,47.28340230988454,0.0,0.0,0,0
862612,62.5,62.5,21.5,0.0,0.0,0.0,40.0,1.0,1.0,1.0,0.0,0.0,0.0,0.0,0.0,0.0,100.0,100.0,100.0,1000.0,1000.0,1000.0,47.28340230988454,0,0,47.28340230988454,0.0,0.0,0,0
862812,62.5,62.5,21.5,0.0,0.0,0.0,40.0,1.0,1.0,1.0,0.0,0.0,0.0,0.0,0.0,0.0,100.0,100.0,100.0,1000.0,1000.0,1000.0,47.28340230988454,0,0,47.28340230988454,0.0,0.0,0,0
863012,62.5,62.5,21.5,0.0,0.0,0.0,40.0,1.0,1.0,1.0,0.0,0.0,0.0,0.0,0.0,0.0,100.0,100.0,100.0,1000.0,1000.0,1000.0,47.28340230988454,0,0,47.28340230988454,0.0,0.0,0,0
863212,62.5,62.5,21.5,0.0,0.0,0.0,40.0,1.0,1.0,1.0,0.0,0.0,0.0,0.0,0.0,0.0,100.0,100.0,100.0,1000.0,1000.0,1000.0,47.28340230988454,0,0,47.28340230988454,0.0,0.0,0,0
863412,62.5,62.5,21.5,0.0,0.0,0.0,40.0,1.0,1.0,1.0,0.0,0.0,0.0,0.0,0.0,0.0,100.0,100.0,100.0,1000.0,1000.0,1000.0,47.28340230988454,0,0,47.28340230988454,0.0,0.0,0,0
863612,62.5,62.5,21.5,0.0,0.0,0.0,40.0,1.0,1.0,1.0,0.0,0.0,0.0,0.0,0.0,0.0,100.0,100.0,100.0,1000.0,1000.0,1000.0,47.28340230988454,0,0,47.28340230988454,0.0,0.0,0,0
863812,62.5,62.5,21.5,0.0,0.0,0.0,40.0,1.0,1.0,1.0,0.0,0.0,0.0,0.0,0.0,0.0,100.0,100.0,100.0,1000.0,1000.0,1000.0,47.28340230988454,0,0,47.28340230988454,0.0,0.0,0,0
864012,62.5,62.5,21.5,0.0,0.0,0.0,40.0,1.0,1.0,1.0,0.0,0.0,0.0,0.0,0.0,0.0,100.0,100.0,100.0,1000.0,1000.0,1000.0,47.28340230988454,0,0,47.28340230988454,0.0,0.0,0,0
864212,62.5,62.5,21.5,0.0,0.0,0.0,40.0,1.0,1.0,1.0,0.0,0.0,0.0,0.0,0.0,0.0,100.0,100.0,100.0,1000.0,1000.0,1000.0,47.28340230988454,0,0,47.28340230988454,0.0,0.0,0,0
864412,62.5,62.5,21.5,0.0,0.0,0.0,40.0,1.0,1.0,1.0,0.0,0.0,0.0,0.0,0.0,0.0,100.0,100.0,100.0,1000.0,1000.0,1000.0,47.28340230988454,0,0,47.28340230988454,0.0,0.0,0,0
864612,62.5,62.5,21.5,0.0,0.0,0.0,40.0,1.0,1.0,1.0,0.0,0.0,0.0,0.0,0.0,0.0,100.0,100.0,100.0,1000.0,1000.0,1000.0,47.28340230988454,0,0,47.28340230988454,0.0,0.0,0,0
864812,62.5,62.5,21.5,0.0,0.0,0.0,40.0,1.0,1.0,1.0,0.0,0.0,0.0,0.0,0.0,0.0,100.0,100.0,100.0,1000.0,1000.0,1000.0,47.28340230988454,0,0,47.28340230988454,0.0,0.0,0,0
865012,62.5,62.5,21.5,0.0,0.0,0.0,40.0,1.0,1.0,1.0,0.0,0.0,0.0,0.0,0.0,0.0,100.0,100.0,100.0,1000.0,1000.0,1000.0,47.28340230988454,0,0,47.28340230988454,0.0,0.0,0,0
865212,62.5,62.5,21.5,0.0,0.0,0.0,40.0,1.0,1.0,1.0,0.0,0.0,0.0,0.0,0.0,0.0,100.0,100.0,100.0,1000.0,1000.0,1000.0,47.28340230988454,0,0,47.28340230988454,0.0,0.0,0,0
865412,62.5,62.5,21.5,0.0,0.0,0.0,40.0,1.0,1.0,1.0,0.0,0.0,0.0,0.0,0.0,0.0,100.0,100.0,100.0,1000.0,1000.0,1000.0,47.28340230988454,0,0,47.28340230988454,0.0,0.0,0,0
865612,62.5,62.5,21.5,0.0,0.0,0.0,40.0,1.0,1.0,1.0,0.0,0.0,0.0,0.0,0.0,0.0,100.0,100.0,100.0,1000.0,1000.0,1000.0,47.28340230988454,0,0,47.28340230988454,0.0,0.0,0,0
865812,62.5,62.5,21.5,0.0,0.0,0.0,40.0,1.0,1.0,1.0,0.0,0.0,0.0,0.0,0.0,0.0,100.0,100.0,100.0,1000.0,1000.0,1000.0,47.28340230988454,0,0,47.28340230988454,0.0,0.0,0,0
866012,62.5,62.5,21.5,0.0,0.0,0.0,40.0,1.0,1.0,1.0,0.0,0.0,0.0,0.0,0.0,0.0,100.0,100.0,100.0,1000.0,1000.0,1000.0,47.28340230988454,0,0,47.28340230988454,0.0,0.0,0,0
866212,62.5,62.5,21.5,0.0,0.0,0.0,40.0,1.0,1.0,1.0,0.0,0.0,0.0,0.0,0.0,0.0,100.0,100.0,100.0,1000.0,1000.0,1000.0,47.28340230988454,0,0,47.28340230988454,0.0,0.0,0,0
866412,62.5,62.5,21.5,0.0,0.0,0.0,40.0,1.0,1.0,1.0,0.0,0.0,0.0,0.0,0.0,0.0,100.0,100.0,100.0,1000.0,1000.0,1000.0,47.28340230988454,0,0,47.28340230988454,0.0,0.0,0,0
866612,62.5,62.5,21.5,0.0,0.0,0.0,40.0,1.0,1.0,1.0,0.0,0.0,0.0,0.0,0.0,0.0,100.0,100.0,100.0,1000.0,1000.0,1000.0,47.28340230988454,0,0,47.28340230988454,0.0,0.0,0,0
866812,62.5,62.5,21.5,0.0,0.0,0.0,40.0,1.0,1.0,1.0,0.0,0.0,0.0,0.0,0.0,0.0,100.0,100.0,100.0,1000.0,1000.0,1000.0,47.28340230988454,0,0,47.28340230988454,0.0,0.0,0,0
867012,62.5,62.5,21.5,0.0,0.0,0.0,40.0,1.0,1.0,1.0,0.0,0.0,0.0,0.0,0.0,0.0,100.0,100.0,100.0,1000.0,1000.0,1000.0,47.28340230988454,0,0,47.28340230988454,0.0,0.0,0,0
867212,62.5,62.5,21.5,0.0,0.0,0.0,40.0,1.0,1.0,1.0,0.0,0.0,0.0,0.0,0.0,0.0,100.0,100.0,100.0,1000.0,1000.0,1000.0,47.28340230988454,0,0,47.28340230988454,0.0,0.0,0,0
867412,62.5,62.5,21.5,0.0,0.0,0.0,40.0,1.0,1.0,1.0,0.0,0.0,0.0,0.0,0.0,0.0,100.0,100.0,100.0,1000.0,1000.0,1000.0,47.28340230988454,0,0,47.28340230988454,0.0,0.0,0,0
867612,62.5,62.5,21.5,0.0,0.0,0.0,40.0,1.0,1.0,1.0,0.0,0.0,0.0,0.0,0.0,0.0,100.0,100.0,100.0,1000.0,1000.0,1000.0,47.28340230988454,0,0,47.28340230988454,0.0,0.0,0,0
867812,62.5,62.5,21.5,0.0,0.0,0.0,40.0,1.0,1.0,1.0,0.0,0.0,0.0,0.0,0.0,0.0,100.0,100.0,100.0,1000.0,1000.0,1000.0,47.28340230988454,0,0,47.28340230988454,0.0,0.0,0,0
868012,62.5,62.5,21.5,0.0,0.0,0.0,40.0,1.0,1.0,1.0,0.0,0.0,0.0,0.0,0.0,0.0,100.0,100.0,100.0,1000.0,1000.0,1000.0,47.28340230988454,0,0,47.28340230988454,0.0,0.0,0,0
868212,62.5,62.5,21.5,0.0,0.0,0.0,40.0,1.0,1.0,1.0,0.0,0.0,0.0,0.0,0.0,0.0,100.0,100.0,100.0,1000.0,1000.0,1000.0,47.28340230988454,0,0,47.28340230988454,0.0,0.0,0,0
868412,62.5,62.5,21.5,0.0,0.0,0.0,40.0,1.0,1.0,1.0,0.0,0.0,0.0,0.0,0.0,0.0,100.0,100.0,100.0,1000.0,1000.0,1000.0,47.28340230988454,0,0,47.28340230988454,0.0,0.0,0,0
868612,62.5,62.5,21.5,0.0,0.0,0.0,40.0,1.0,1.0,1.0,0.0,0.0,0.0,0.0,0.0,0.0,100.0,100.0,100.0,1000.0,1000.0,1000.0,47.28340230988454,0,0,47.28340230988454,0.0,0.0,0,0
868812,62.5,62.5,21.5,0.0,0.0,0.0,40.0,1.0,1.0,1.0,0.0,0.0,0.0,0.0,0.0,0.0,100.0,100.0,100.0,1000.0,1000.0,1000.0,47.28340230988454,0,0,47.28340230988454,0.0,0.0,0,0
869012,62.5,62.5,21.5,0.0,0.0,0.0,40.0,1.0,1.0,1.0,0.0,0.0,0.0,0.0,0.0,0.0,100.0,100.0,100.0,1000.0,1000.0,1000.0,47.28340230988454,0,0,47.28340230988454,0.0,0.0,0,0
869212,62.5,62.5,21.5,0.0,0.0,0.0,40.0,1.0,1.0,1.0,0.0,0.0,0.0,0.0,0.0,0.0,100.0,100.0,100.0,1000.0,1000.0,1000.0,47.28340230988454,0,0,47.28340230988454,0.0,0.0,0,0
869412,62.5,62.5,21.5,0.0,0.0,0.0,40.0,1.0,1.0,1.0,0.0,0.0,0.0,0.0,0.0,0.0,100.0,100.0,100.0,1000.0,1000.0,1000.0,47.28340230988454,0,0,47.28340230988454,0.0,0.0,0,0
869612,62.5,62.5,21.5,0.0,0.0,0.0,40.0,1.0,1.0,1.0,0.0,0.0,0.0,0.0,0.0,0.0,100.0,100.0,100.0,1000.0,1000.0,1000.0,47.28340230988454,0,0,47.28340230988454,0.0,0.0,0,0
869812,62.5,62.5,21.5,0.0,0.0,0.0,40.0,1.0,1.0,1.0,0.0,0.0,0.0,0.0,0.0,0.0,100.0,100.0,100.0,1000.0,1000.0,1000.0,47.28340230988454,0,0,47.28340230988454,0.0,0.0,0,0
870012,62.5,62.5,21.5,0.0,0.0,0.0,40.0,1.0,1.0,1.0,0.0,0.0,0.0,0.0,0.0,0.0,100.0,100.0,100.0,1000.0,1000.0,1000.0,47.28340230988454,0,0,47.28340230988454,0.0,0.0,0,0
870212,62.5,62.5,21.5,0.0,0.0,0.0,40.0,1.0,1.0,1.0,0.0,0.0,0.0,0.0,0.0,0.0,100.0,100.0,100.0,1000.0,1000.0,1000.0,46.640277309884546,0,0,46.640277309884546,0.0,0.0,1,0
870412,62.5,62.5,21.5,0.0,0.0,0.0,40.0,1.0,1.0,1.0,0.0,0.0,0.0,0.0,0.0,0.0,100.0,100.0,100.0,1000.0,1000.0,1000.0,46.640277309884546,0,0,46.640277309884546,0.0,0.0,0,0
870612,62.5,62.5,21.5,0.0,0.0,0.0,40.0,1.0,1.0,1.0,0.0,0.0,0.0,0.0,0.0,0.0,100.0,100.0,100.0,1000.0,1000.0,1000.0,46.640277309884546,0,0,46.640277309884546,0.0,0.0,0,0
870812,62.5,62.5,21.5,0.0,0.0,0.0,40.0,1.0,1.0,1.0,0.0,0.0,0.0,0.0,0.0,0.0,100.0,100.0,100.0,1000.0,1000.0,1000.0,46.640277309884546,0,0,46.640277309884546,0.0,0.0,0,0
871012,62.5,62.5,21.5,0.0,0.0,0.0,40.0,1.0,1.0,1.0,0.0,0.0,0.0,0.0,0.0,0.0,100.0,100.0,100.0,1000.0,1000.0,1000.0,46.640277309884546,0,0,46.640277309884546,0.0,0.0,0,0
871212,62.5,62.5,21.5,0.0,0.0,0.0,40.0,1.0,1.0,1.0,0.0,0.0,0.0,0.0,0.0,0.0,100.0,100.0,100.0,1000.0,1000.0,1000.0,46.640277309884546,0,0,46.640277309884546,0.0,0.0,0,0
871412,62.5,62.5,21.5,0.0,0.0,0.0,40.0,1.0,1.0,1.0,0.0,0.0,0.0,0.0,0.0,0.0,100.0,100.0,100.0,1000.0,1000.0,1000.0,46.640277309884546,0,0,46.640277309884546,0.0,0.0,0,0
871612,62.5,62.5,21.5,0.0,0.0,0.0,40.0,1.0,1.0,1.0,0.0,0.0,0.0,0.0,0.0,0.0,100.0,100.0,100.0,1000.0,1000.0,1000.0,46.640277309884546,0,0,46.640277309884546,0.0,0.0,0,0
871812,62.5,62.5,21.5,0.0,0.0,0.0,40.0,1.0,1.0,1.0,0.0,0.0,0.0,0.0,0.0,0.0,100.0,100.0,100.0,1000.0,1000.0,1000.0,46.640277309884546,0,0,46.640277309884546,0.0,0.0,0,0
872012,62.5,62.5,21.5,0.0,0.0,0.0,40.0,1.0,1.0,1.0,0.0,0.0,0.0,0.0,0.0,0.0,100.0,100.0,100.0,1000.0,1000.0,1000.0,46.640277309884546,0,0,46.640277309884546,0.0,0.0,0,0
872212,62.5,62.5,21.5,0.0,0.0,0.0,40.0,1.0,1.0,1.0,0.0,0.0,0.0,0.0,0.0,0.0,100.0,100.0,100.0,1000.0,1000.0,1000.0,46.640277309884546,0,0,46.640277309884546,0.0,0.0,0,0
872412,62.5,62.5,21.5,0.0,0.0,0.0,40.0,1.0,1.0,1.0,0.0,0.0,0.0,0.0,0.0,0.0,100.0,100.0,100.0,1000.0,1000.0,1000.0,46.640277309884546,0,0,46.640277309884546,0.0,0.0,0,0
872612,62.5,62.5,21.5,0.0,0.0,0.0,40.0,1.0,1.0,1.0,0.0,0.0,0.0,0.0,0.0,0.0,100.0,100.0,100.0,1000.0,1000.0,1000.0,46.640277309884546,0,0,46.640277309884546,0.0,0.0,0,0
872812,62.5,62.5,21.5,0.0,0.0,0.0,40.0,1.0,1.0,1.0,0.0,0.0,0.0,0.0,0.0,0.0,100.0,100.0,100.0,1000.0,1000.0,1000.0,46.640277309884546,0,0,46.640277309884546,0.0,0.0,0,0
873012,62.5,62.5,21.5,0.0,0.0,0.0,40.0,1.0,1.0,1.0,0.0,0.0,0.0,0.0,0.0,0.0,100.0,100.0,100.0,1000.0,1000.0,1000.0,46.640277309884546,0,0,46.640277309884546,0.0,0.0,0,0
873212,62.5,62.5,21.5,0.0,0.0,0.0,40.0,1.0,1.0,1.0,0.0,0.0,0.0,0.0,0.0,0.0,100.0,100.0,100.0,1000.0,1000.0,1000.0,46.640277309884546,0,0,46.640277309884546,0.0,0.0,0,0
873412,62.5,62.5,21.5,0.0,0.0,0.0,40.0,1.0,1.0,1.0,0.0,0.0,0.0,0.0,0.0,0.0,100.0,100.0,100.0,1000.0,1000.0,1000.0,46.640277309884546,0,0,46.640277309884546,0.0,0.0,0,0
873612,62.5,62.5,21.5,0.0,0.0,0.0,40.0,1.0,1.0,1.0,0.0,0.0,0.0,0.0,0.0,0.0,100.0,100.0,100.0,1000.0,1000.0,1000.0,46.640277309884546,0,0,46.640277309884546,0.0,0.0,0,0
873812,62.5,62.5,21.5,0.0,0.0,0.0,40.0,1.0,1.0,1.0,0.0,0.0,0.0,0.0,0.0,0.0,100.0,100.0,100.0,1000.0,1000.0,1000.0,46.640277309884546,0,0,46.640277309884546,0.0,0.0,0,0
874012,62.5,62.5,21.5,0.0,0.0,0.0,40.0,1.0,1.0,1.0,0.0,0.0,0.0,0.0,0.0,0.0,100.0,100.0,100.0,1000.0,1000.0,1000.0,46.640277309884546,0,0,46.640277309884546,0.0,0.0,0,0
874212,62.5,62.5,21.5,0.0,0.0,0.0,40.0,1.0,1.0,1.0,0.0,0.0,0.0,0.0,0.0,0.0,100.0,100.0,100.0,1000.0,1000.0,1000.0,46.640277309884546,0,0,46.640277309884546,0.0,0.0,0,0
874412,62.5,62.5,21.5,0.0,0.0,0.0,40.0,1.0,1.0,1.0,0.0,0.0,0.0,0.0,0.0,0.0,100.0,100.0,100.0,1000.0,1000.0,1000.0,46.640277309884546,0,0,46.640277309884546,0.0,0.0,0,0
874612,62.5,62.5,21.5,0.0,0.0,0.0,40.0,1.0,1.0,1.0,0.0,0.0,0.0,0.0,0.0,0.0,100.0,100.0,100.0,1000.0,1000.0,1000.0,46.640277309884546,0,0,46.640277309884546,0.0,0.0,0,0
874812,62.5,62.5,21.5,0.0,0.0,0.0,40.0,1.0,1.0,1.0,0.0,0.0,0.0,0.0,0.0,0.0,100.0,100.0,100.0,1000.0,1000.0,1000.0,46.640277309884546,0,0,46.640277309884546,0.0,0.0,0,0
875012,62.5,62.5,21.5,0.0,0.0,0.0,40.0,1.0,1.0,1.0,0.0,0.0,0.0,0.0,0.0,0.0,100.0,100.0,100.0,1000.0,1000.0,1000.0,46.640277309884546,0,0,46.640277309884546,0.0,0.0,0,0
875212,62.5,62.5,21.5,0.0,0.0,0.0,40.0,1.0,1.0,1.0,0.0,0.0,0.0,0.0,0.0,0.0,100.0,100.0,100.0,1000.0,1000.0,1000.0,46.640277309884546,0,0,46.640277309884546,0.0,0.0,0,0
875412,62.5,62.5,21.5,0.0,0.0,0.0,40.0,1.0,1.0,1.0,0.0,0.0,0.0,0.0,0.0,0.0,100.0,100.0,100.0,1000.0,1000.0,1000.0,46.640277309884546,0,0,46.640277309884546,0.0,0.0,0,0
875612,62.5,62.5,21.5,0.0,0.0,0.0,40.0,1.0,1.0,1.0,0.0,0.0,0.0,0.0,0.0,0.0,100.0,100.0,100.0,1000.0,1000.0,1000.0,46.640277309884546,0,0,46.640277309884546,0.0,0.0,0,0
875812,62.5,62.5,21.5,0.0,0.0,0.0,40.0,1.0,1.0,1.0,0.0,0.0,0.0,0.0,0.0,0.0,100.0,100.0,100.0,1000.0,1000.0,1000.0,46.640277309884546,0,0,46.640277309884546,0.0,0.0,0,0
876012,62.5,62.5,21.5,0.0,0.0,0.0,40.0,1.0,1.0,1.0,0.0,0.0,0.0,0.0,0.0,0.0,100.0,100.0,100.0,1000.0,1000.0,1000.0,46.640277309884546,0,0,46.640277309884546,0.0,0.0,0,0
876212,62.0,62.5,21.5,0.0,0.0,0.0,40.0,1.0,1.0,1.0,0.0,0.0,0.0,0.0,0.0,0.0,100.0,100.0,100.0,1000.0,1000.0,1000.0,46.640277309884546,0,0,46.640277309884546,0.0,0.0,0,0
876412,62.0,62.5,21.5,0.0,0.0,0.0,40.0,1.0,1.0,1.0,0.0,0.0,0.0,0.0,0.0,0.0,100.0,100.0,100.0,1000.0,1000.0,1000.0,46.640277309884546,0,0,46.640277309884546,0.0,0.0,0,0
876612,62.0,62.5,21.5,0.0,0.0,0.0,40.0,1.0,1.0,1.0,0.0,0.0,0.0,0.0,0.0,0.0,100.0,100.0,100.0,1000.0,1000.0,1000.0,46.640277309884546,0,0,46.640277309884546,0.0,0.0,0,0
876812,62.0,62.5,21.5,0.0,0.0,0.0,40.0,1.0,1.0,1.0,0.0,0.0,0.0,0.0,0.0,0.0,100.0,100.0,100.0,1000.0,1000.0,1000.0,46.640277309884546,0,0,46.640277309884546,0.0,0.0,0,0
877012,62.0,62.5,21.5,0.0,0.0,0.0,40.0,1.0,1.0,1.0,0.0,0.0,0.0,0.0,0.0,0.0,100.0,100.0,100.0,1000.0,1000.0,1000.0,46.640277309884546,0,0,46.640277309884546,0.0,0.0,0,0
877212,62.0,62.5,21.5,0.0,0.0,0.0,40.0,1.0,1.0,1.0,0.0,0.0,0.0,0.0,0.0,0.0,100.0,100.0,100.0,1000.0,1000.0,1000.0,46.640277309884546,0,0,46.640277309884546,0.0,0.0,0,0
877412,62.0,62.5,21.5,0.0,0.0,0.0,40.0,1.0,1.0,1.0,0.0,0.0,0.0,0.0,0.0,0.0,100.0,100.0,100.0,1000.0,1000.0,1000.0,46.640277309884546,0,0,46.640277309884546,0.0,0.0,0,0
877612,62.0,62.5,21.5,0.0,0.0,0.0,40.0,1.0,1.0,1.0,0.0,0.0,0.0,0.0,0.0,0.0,100.0,100.0,100.0,1000.0,1000.0,1000.0,46.640277309884546,0,0,46.640277309884546,0.0,0.0,0,0
877812,62.0,62.5,21.5,0.0,0.0,0.0,40.0,1.0,1.0,1.0,0.0,0.0,0.0,0.0,0.0,0.0,100.0,100.0,100.0,1000.0,1000.0,1000.0,46.640277309884546,0,0,46.640277309884546,0.0,0.0,0,0
878012,62.0,62.5,21.5,0.0,0.0,0.0,40.0,1.0,1.0,1.0,0.0,0.0,0.0,0.0,0.0,0.0,100.0,100.0,100.0,1000.0,1000.0,1000.0,46.640277309884546,0,0,46.640277309884546,0.0,0.0,0,0
878212,62.0,62.5,21.5,0.0,0.0,0.0,40.0,1.0,1.0,1.0,0.0,0.0,0.0,0.0,0.0,0.0,100.0,100.0,100.0,1000.0,1000.0,1000.0,46.640277309884546,0,0,46.640277309884546,0.0,0.0,0,0
878412,62.0,62.5,21.5,0.0,0.0,0.0,40.0,1.0,1.0,1.0,0.0,0.0,0.0,0.0,0.0,0.0,100.0,100.0,100.0,1000.0,1000.0,1000.0,46.640277309884546,0,0,46.640277309884546,0.0,0.0,0,0
878612,62.0,62.5,21.5,0.0,0.0,0.0,40.0,1.0,1.0,1.0,0.0,0.0,0.0,0.0,0.0,0.0,100.0,100.0,100.0,1000.0,1000.0,1000.0,46.640277309884546,0,0,46.640277309884546,0.0,0.0,0,0
878812,62.0,62.5,21.5,0.0,0.0,0.0,40.0,1.0,1.0,1.0,0.0,0.0,0.0,0.0,0.0,0.0,100.0,100.0,100.0,1000.0,1000.0,1000.0,46.640277309884546,0,0,46.640277309884546,0.0,0.0,0,0
879012,62.0,62.5,21.5,0.0,0.0,0.0,40.0,1.0,1.0,1.0,0.0,0.0,0.0,0.0,0.0,0.0,100.0,100.0,100.0,1000.0,1000.0,1000.0,46.640277309884546,0,0,46.640277309884546,0.0,0.0,0,0
879212,62.0,62.5,21.5,0.0,0.0,0.0,40.0,1.0,1.0,1.0,0.0,0.0,0.0,0.0,0.0,0.0,100.0,100.0,100.0,1000.0,1000.0,1000.0,46.640277309884546,0,0,46.640277309884546,0.0,0.0,0,0
879412,62.0,62.5,21.5,0.0,0.0,0.0,40.0,1.0,1.0,1.0,0.0,0.0,0.0,0.0,0.0,0.0,100.0,100.0,100.0,1000.0,1000.0,1000.0,46.640277309884546,0,0,46.640277309884546,0.0,0.0,0,0
879612,62.0,62.5,21.5,0.0,0.0,0.0,40.0,1.0,1.0,1.0,0.0,0.0,0.0,0.0,0.0,0.0,100.0,100.0,100.0,1000.0,1000.0,1000.0,46.640277309884546,0,0,46.640277309884546,0.0,0.0,0,0
879812,62.0,62.5,21.5,0.0,0.0,0.0,40.0,1.0,1.0,1.0,0.0,0.0,0.0,0.0,0.0,0.0,100.0,100.0,100.0,1000.0,1000.0,1000.0,46.640277309884546,0,0,46.640277309884546,0.0,0.0,0,0
880012,62.0,62.5,21.5,0.0,0.0,0.0,40.0,1.0,1.0,1.0,0.0,0.0,0.0,0.0,0.0,0.0,100.0,100.0,100.0,1000.0,1000.0,1000.0,46.640277309884546,0,0,46.640277309884546,0.0,0.0,0,0
880212,62.0,62.5,21.5,0.0,0.0,0.0,40.0,1.0,1.0,1.0,0.0,0.0,0.0,0.0,0.0,0.0,100.0,100.0,100.0,1000.0,1000.0,1000.0,46.640277309884546,0,0,46.640277309884546,0.0,0.0,0,0
880412,62.0,62.5,21.5,0.0,0.0,0.0,40.0,1.0,1.0,1.0,0.0,0.0,0.0,0.0,0.0,0.0,100.0,100.0,100.0,1000.0,1000.0,1000.0,46.640277309884546,0,0,46.640277309884546,0.0,0.0,0,0
880612,62.0,62.5,21.5,0.0,0.0,0.0,40.0,1.0,1.0,1.0,0.0,0.0,0.0,0.0,0.0,0.0,100.0,100.0,100.0,1000.0,1000.0,1000.0,46.640277309884546,0,0,46.640277309884546,0.0,0.0,0,0
880812,62.0,62.5,21.5,0.0,0.0,0.0,40.0,1.0,1.0,1.0,0.0,0.0,0.0,0.0,0.0,0.0,100.0,100.0,100.0,1000.0,1000.0,1000.0,46.640277309884546,0,0,46.640277309884546,0.0,0.0,0,0
881012,62.0,62.5,21.5,0.0,0.0,0.0,40.0,1.0,1.0,1.0,0.0,0.0,0.0,0.0,0.0,0.0,100.0,100.0,100.0,1000.0,1000.0,1000.0,46.640277309884546,0,0,46.640277309884546,0.0,0.0,0,0
881212,62.0,62.5,21.5,0.0,0.0,0.0,40.0,1.0,1.0,1.0,0.0,0.0,0.0,0.0,0.0,0.0,100.0,100.0,100.0,1000.0,1000.0,1000.0,46.640277309884546,0,0,46.640277309884546,0.0,0.0,0,0
881412,62.0,62.5,21.5,0.0,0.0,0.0,40.0,1.0,1.0,1.0,0.0,0.0,0.0,0.0,0.0,0.0,100.0,100.0,100.0,1000.0,1000.0,1000.0,46.640277309884546,0,0,46.640277309884546,0.0,0.0,0,0
881612,62.0,62.5,21.5,0.0,0.0,0.0,40.0,1.0,1.0,1.0,0.0,0.0,0.0,0.0,0.0,0.0,100.0,100.0,100.0,1000.0,1000.0,1000.0,46.640277309884546,0,0,46.640277309884546,0.0,0.0,0,0
881812,62.0,62.5,21.5,0.0,0.0,0.0,40.0,1.0,1.0,1.0,0.0,0.0,0.0,0.0,0.0,0.0,100.0,100.0,100.0,1000.0,1000.0,1000.0,46.640277309884546,0,0,46.640277309884546,0.0,0.0,0,0
882012,62.0,62.5,21.5,0.0,0.0,0.0,40.0,1.0,1.0,1.0,0.0,0.0,0.0,0.0,0.0,0.0,100.0,100.0,100.0,1000.0,1000.0,1000.0,46.640277309884546,0,0,46.640277309884546,0.0,0.0,0,0
882212,62.0,62.5,21.5,0.0,0.0,0.0,40.0,1.0,1.0,1.0,0.0,0.0,0.0,0.0,0.0,0.0,100.0,100.0,100.0,1000.0,1000.0,1000.0,46.640277309884546,0,0,46.640277309884546,0.0,0.0,0,0
882412,62.0,62.5,21.5,0.0,0.0,0.0,40.0,1.0,1.0,1.0,0.0,0.0,0.0,0.0,0.0,0.0,100.0,100.0,100.0,1000.0,1000.0,1000.0,46.640277309884546,0,0,46.640277309884546,0.0,0.0,0,0
882612,62.0,62.5,21.5,0.0,0.0,0.0,40.0,1.0,1.0,1.0,0.0,0.0,0.0,0.0,0.0,0.0,100.0,100.0,100.0,1000.0,1000.0,1000.0,46.640277309884546,0,0,46.640277309884546,0.0,0.0,0,0
882812,62.0,62.5,21.5,0.0,0.0,0.0,40.0,1.0,1.0,1.0,0.0,0.0,0.0,0.0,0.0,0.0,100.0,100.0,100.0,1000.0,1000.0,1000.0,46.640277309884546,0,0,46.640277309884546,0.0,0.0,0,0
883012,62.0,62.5,21.5,0.0,0.0,0.0,40.0,1.0,1.0,1.0,0.0,0.0,0.0,0.0,0.0,0.0,100.0,100.0,100.0,1000.0,1000.0,1000.0,46.640277309884546,0,0,46.640277309884546,0.0,0.0,0,0
883212,62.0,62.5,21.5,0.0,0.0,0.0,40.0,1.0,1.0,1.0,0.0,0.0,0.0,0.0,0.0,0.0,100.0,100.0,100.0,1000.0,1000.0,1000.0,46.640277309884546,0,0,46.640277309884546,0.0,0.0,0,0
883412,62.0,62.5,21.5,0.0,0.0,0.0,40.0,1.0,1.0,1.0,0.0,0.0,0.0,0.0,0.0,0.0,100.0,100.0,100.0,1000.0,1000.0,1000.0,46.640277309884546,0,0,46.640277309884546,0.0,0.0,0,0
883612,62.0,62.5,21.5,0.0,0.0,0.0,40.0,1.0,1.0,1.0,0.0,0.0,0.0,0.0,0.0,0.0,100.0,100.0,100.0,1000.0,1000.0,1000.0,46.640277309884546,0,0,46.640277309884546,0.0,0.0,0,0
883812,62.5,62.5,21.5,0.0,0.0,0.0,40.0,1.0,1.0,1.0,0.0,0.0,0.0,0.0,0.0,0.0,100.0,100.0,100.0,1000.0,1000.0,1000.0,46.640277309884546,0,0,46.640277309884546,0.0,0.0,0,0
884012,62.5,62.5,21.5,0.0,0.0,0.0,40.0,1.0,1.0,1.0,0.0,0.0,0.0,0.0,0.0,0.0,100.0,100.0,100.0,1000.0,1000.0,1000.0,46.640277309884546,0,0,46.640277309884546,0.0,0.0,0,0
884212,62.5,62.5,21.5,0.0,0.0,0.0,40.0,1.0,1.0,1.0,0.0,0.0,0.0,0.0,0.0,0.0,100.0,100.0,100.0,1000.0,1000.0,1000.0,46.640277309884546,0,0,46.640277309884546,0.0,0.0,0,0
884412,62.5,62.5,21.5,0.0,0.0,0.0,40.0,1.0,1.0,1.0,0.0,0.0,0.0,0.0,0.0,0.0,100.0,100.0,100.0,1000.0,1000.0,1000.0,46.640277309884546,0,0,46.640277309884546,0.0,0.0,0,0
884612,62.5,62.5,21.5,0.0,0.0,0.0,40.0,1.0,1.0,1.0,0.0,0.0,0.0,0.0,0.0,0.0,100.0,100.0,100.0,1000.0,1000.0,1000.0,46.640277309884546,0,0,46.640277309884546,0.0,0.0,0,0
884812,62.5,62.5,21.5,0.0,0.0,0.0,40.0,1.0,1.0,1.0,0.0,0.0,0.0,0.0,0.0,0.0,100.0,100.0,100.0,1000.0,1000.0,1000.0,46.640277309884546,0,0,46.640277309884546,0.0,0.0,0,0
885012,62.5,62.5,21.5,0.0,0.0,0.0,40.0,1.0,1.0,1.0,0.0,0.0,0.0,0.0,0.0,0.0,100.0,100.0,100.0,1000.0,1000.0,1000.0,46.640277309884546,0,0,46.640277309884546,0.0,0.0,0,0
885212,62.5,62.5,21.5,0.0,0.0,0.0,40.0,1.0,1.0,1.0,0.0,0.0,0.0,0.0,0.0,0.0,100.0,100.0,100.0,1000.0,1000.0,1000.0,45.99715230988455,0,0,45.99715230988455,0.0,0.0,1,0
885412,62.5,62.5,21.5,0.0,0.0,0.0,40.0,1.0,1.0,1.0,0.0,0.0,0.0,0.0,0.0,0.0,100.0,100.0,100.0,1000.0,1000.0,1000.0,45.99715230988455,0,0,45.99715230988455,0.0,0.0,0,0
885612,62.5,62.5,21.5,0.0,0.0,0.0,40.0,1.0,1.0,1.0,0.0,0.0,0.0,0.0,0.0,0.0,100.0,100.0,100.0,1000.0,1000.0,1000.0,45.99715230988455,0,0,45.99715230988455,0.0,0.0,0,0
885812,62.5,62.5,21.5,0.0,0.0,0.0,40.0,1.0,1.0,1.0,0.0,0.0,0.0,0.0,0.0,0.0,100.0,100.0,100.0,1000.0,1000.0,1000.0,45.99715230988455,0,0,45.99715230988455,0.0,0.0,0,0
886012,62.5,62.5,21.5,0.0,0.0,0.0,40.0,1.0,1.0,1.0,0.0,0.0,0.0,0.0,0.0,0.0,100.0,100.0,100.0,1000.0,1000.0,1000.0,45.99715230988455,0,0,45.99715230988455,0.0,0.0,0,0
886212,62.5,62.5,21.5,0.0,0.0,0.0,40.0,1.0,1.0,1.0,0.0,0.0,0.0,0.0,0.0,0.0,100.0,100.0,100.0,1000.0,1000.0,1000.0,45.99715230988455,0,0,45.99715230988455,0.0,0.0,0,0
886412,62.5,62.5,21.5,0.0,0.0,0.0,40.0,1.0,1.0,1.0,0.0,0.0,0.0,0.0,0.0,0.0,100.0,100.0,100.0,1000.0,1000.0,1000.0,45.99715230988455,0,0,45.99715230988455,0.0,0.0,0,0
886612,62.5,62.5,21.5,0.0,0.0,0.0,40.0,1.0,1.0,1.0,0.0,0.0,0.0,0.0,0.0,0.0,100.0,100.0,100.0,1000.0,1000.0,1000.0,45.99715230988455,0,0,45.99715230988455,0.0,0.0,0,0
886812,62.5,62.5,21.5,0.0,0.0,0.0,40.0,1.0,1.0,1.0,0.0,0.0,0.0,0.0,0.0,0.0,100.0,100.0,100.0,1000.0,1000.0,1000.0,45.99715230988455,0,0,45.99715230988455,0.0,0.0,0,0
887012,62.5,62.5,21.5,0.0,0.0,0.0,40.0,1.0,1.0,1.0,0.0,0.0,0.0,0.0,0.0,0.0,100.0,100.0,100.0,1000.0,1000.0,1000.0,45.99715230988455,0,0,45.99715230988455,0.0,0.0,0,0
887212,62.5,62.5,21.5,0.0,0.0,0.0,40.0,1.0,1.0,1.0,0.0,0.0,0.0,0.0,0.0,0.0,100.0,100.0,100.0,1000.0,1000.0,1000.0,45.99715230988455,0,0,45.99715230988455,0.0,0.0,0,0
887412,62.5,62.5,21.5,0.0,0.0,0.0,40.0,1.0,1.0,1.0,0.0,0.0,0.0,0.0,0.0,0.0,100.0,100.0,100.0,1000.0,1000.0,1000.0,45.99715230988455,0,0,45.99715230988455,0.0,0.0,0,0
887612,62.5,62.5,21.5,0.0,0.0,0.0,40.0,1.0,1.0,1.0,0.0,0.0,0.0,0.0,0.0,0.0,100.0,100.0,100.0,1000.0,1000.0,1000.0,45.99715230988455,0,0,45.99715230988455,0.0,0.0,0,0
887812,62.5,62.5,21.5,0.0,0.0,0.0,40.0,1.0,1.0,1.0,0.0,0.0,0.0,0.0,0.0,0.0,100.0,100.0,100.0,1000.0,1000.0,1000.0,45.99715230988455,0,0,45.99715230988455,0.0,0.0,0,0
888012,62.5,62.5,21.5,0.0,0.0,0.0,40.0,1.0,1.0,1.0,0.0,0.0,0.0,0.0,0.0,0.0,100.0,100.0,100.0,1000.0,1000.0,1000.0,45.99715230988455,0,0,45.99715230988455,0.0,0.0,0,0
888212,62.5,62.5,21.5,0.0,0.0,0.0,40.0,1.0,1.0,1.0,0.0,0.0,0.0,0.0,0.0,0.0,100.0,100.0,100.0,1000.0,1000.0,1000.0,45.99715230988455,0,0,45.99715230988455,0.0,0.0,0,0
888412,62.5,62.5,21.5,0.0,0.0,0.0,40.0,1.0,1.0,1.0,0.0,0.0,0.0,0.0,0.0,0.0,100.0,100.0,100.0,1000.0,1000.0,1000.0,45.99715230988455,0,0,45.99715230988455,0.0,0.0,0,0
888612,62.5,62.5,21.5,0.0,0.0,0.0,40.0,1.0,1.0,1.0,0.0,0.0,0.0,0.0,0.0,0.0,100.0,100.0,100.0,1000.0,1000.0,1000.0,45.99715230988455,0,0,45.99715230988455,0.0,0.0,0,0
888812,62.5,62.5,21.5,0.0,0.0,0.0,40.0,1.0,1.0,1.0,0.0,0.0,0.0,0.0,0.0,0.0,100.0,100.0,100.0,1000.0,1000.0,1000.0,45.99715230988455,0,0,45.99715230988455,0.0,0.0,0,0
889012,62.5,62.5,21.5,0.0,0.0,0.0,40.0,1.0,1.0,1.0,0.0,0.0,0.0,0.0,0.0,0.0,100.0,100.0,100.0,1000.0,1000.0,1000.0,45.99715230988455,0,0,45.99715230988455,0.0,0.0,0,0
889212,62.5,62.5,21.5,0.0,0.0,0.0,40.0,1.0,1.0,1.0,0.0,0.0,0.0,0.0,0.0,0.0,100.0,100.0,100.0,1000.0,1000.0,1000.0,45.99715230988455,0,0,45.99715230988455,0.0,0.0,0,0
889412,62.5,62.5,21.5,0.0,0.0,0.0,40.0,1.0,1.0,1.0,0.0,0.0,0.0,0.0,0.0,0.0,100.0,100.0,100.0,1000.0,1000.0,1000.0,45.99715230988455,0,0,45.99715230988455,0.0,0.0,0,0
889612,62.5,62.5,21.5,0.0,0.0,0.0,40.0,1.0,1.0,1.0,0.0,0.0,0.0,0.0,0.0,0.0,100.0,100.0,100.0,1000.0,1000.0,1000.0,45.99715230988455,0,0,45.99715230988455,0.0,0.0,0,0
889812,62.5,62.5,21.5,0.0,0.0,0.0,40.0,1.0,1.0,1.0,0.0,0.0,0.0,0.0,0.0,0.0,100.0,100.0,100.0,1000.0,1000.0,1000.0,45.99715230988455,0,0,45.99715230988455,0.0,0.0,0,0
890012,62.5,62.5,21.5,0.0,0.0,0.0,40.0,1.0,1.0,1.0,0.0,0.0,0.0,0.0,0.0,0.0,100.0,100.0,100.0,1000.0,1000.0,1000.0,45.99715230988455,0,0,45.99715230988455,0.0,0.0,0,0
890212,62.5,62.5,21.5,0.0,0.0,0.0,40.0,1.0,1.0,1.0,0.0,0.0,0.0,0.0,0.0,0.0,100.0,100.0,100.0,1000.0,1000.0,1000.0,45.99715230988455,0,0,45.99715230988455,0.0,0.0,0,0
890412,62.5,62.5,21.5,0.0,0.0,0.0,40.0,1.0,1.0,1.0,0.0,0.0,0.0,0.0,0.0,0.0,100.0,100.0,100.0,1000.0,1000.0,1000.0,45.99715230988455,0,0,45.99715230988455,0.0,0.0,0,0
890612,62.5,62.5,21.5,0.0,0.0,0.0,40.0,1.0,1.0,1.0,0.0,0.0,0.0,0.0,0.0,0.0,100.0,100.0,100.0,1000.0,1000.0,1000.0,45.99715230988455,0,0,45.99715230988455,0.0,0.0,0,0
890812,62.5,62.5,21.5,0.0,0.0,0.0,40.0,1.0,1.0,1.0,0.0,0.0,0.0,0.0,0.0,0.0,100.0,100.0,100.0,1000.0,1000.0,1000.0,45.99715230988455,0,0,45.99715230988455,0.0,0.0,0,0
891012,62.5,62.5,21.5,0.0,0.0,0.0,40.0,1.0,1.0,1.0,0.0,0.0,0.0,0.0,0.0,0.0,100.0,100.0,100.0,1000.0,1000.0,1000.0,45.99715230988455,0,0,45.99715230988455,0.0,0.0,0,0
891212,62.5,62.5,21.5,0.0,0.0,0.0,40.0,1.0,1.0,1.0,0.0,0.0,0.0,0.0,0.0,0.0,100.0,100.0,100.0,1000.0,1000.0,1000.0,45.99715230988455,0,0,45.99715230988455,0.0,0.0,0,0
891412,62.5,62.5,21.5,0.0,0.0,0.0,40.0,1.0,1.0,1.0,0.0,0.0,0.0,0.0,0.0,0.0,100.0,100.0,100.0,1000.0,1000.0,1000.0,45.99715230988455,0,0,45.99715230988455,0.0,0.0,0,0
891612,62.5,62.5,21.5,0.0,0.0,0.0,40.0,1.0,1.0,1.0,0.0,0.0,0.0,0.0,0.0,0.0,100.0,100.0,100.0,1000.0,1000.0,1000.0,45.99715230988455,0,0,45.99715230988455,0.0,0.0,0,0
891812,62.5,62.5,21.5,0.0,0.0,0.0,40.0,1.0,1.0,1.0,0.0,0.0,0.0,0.0,0.0,0.0,100.0,100.0,100.0,1000.0,1000.0,1000.0,45.99715230988455,0,0,45.99715230988455,0.0,0.0,0,0
892012,62.5,62.5,21.5,0.0,0.0,0.0,40.0,1.0,1.0,1.0,0.0,0.0,0.0,0.0,0.0,0.0,100.0,100.0,100.0,1000.0,1000.0,1000.0,45.99715230988455,0,0,45.99715230988455,0.0,0.0,0,0
892212,62.5,62.5,21.5,0.0,0.0,0.0,40.0,1.0,1.0,1.0,0.0,0.0,0.0,0.0,0.0,0.0,100.0,100.0,100.0,1000.0,1000.0,1000.0,45.99715230988455,0,0,45.99715230988455,0.0,0.0,0,0
892412,62.5,62.5,21.5,0.0,0.0,0.0,40.0,1.0,1.0,1.0,0.0,0.0,0.0,0.0,0.0,0.0,100.0,100.0,100.0,1000.0,1000.0,1000.0,45.99715230988455,0,0,45.99715230988455,0.0,0.0,0,0
892612,62.5,62.5,21.5,0.0,0.0,0.0,40.0,1.0,1.0,1.0,0.0,0.0,0.0,0.0,0.0,0.0,100.0,100.0,100.0,1000.0,1000.0,1000.0,45.99715230988455,0,0,45.99715230988455,0.0,0.0,0,0
892812,62.5,62.5,21.5,0.0,0.0,0.0,40.0,1.0,1.0,1.0,0.0,0.0,0.0,0.0,0.0,0.0,100.0,100.0,100.0,1000.0,1000.0,1000.0,45.99715230988455,0,0,45.99715230988455,0.0,0.0,0,0
893012,62.5,62.5,21.5,0.0,0.0,0.0,40.0,1.0,1.0,1.0,0.0,0.0,0.0,0.0,0.0,0.0,100.0,100.0,100.0,1000.0,1000.0,1000.0,45.99715230988455,0,0,45.99715230988455,0.0,0.0,0,0
893212,62.5,62.5,21.5,0.0,0.0,0.0,40.0,1.0,1.0,1.0,0.0,0.0,0.0,0.0,0.0,0.0,100.0,100.0,100.0,1000.0,1000.0,1000.0,45.99715230988455,0,0,45.99715230988455,0.0,0.0,0,0
893412,62.5,62.5,21.5,0.0,0.0,0.0,40.0,1.0,1.0,1.0,0.0,0.0,0.0,0.0,0.0,0.0,100.0,100.0,100.0,1000.0,1000.0,1000.0,45.99715230988455,0,0,45.99715230988455,0.0,0.0,0,0
893612,62.5,62.5,21.5,0.0,0.0,0.0,40.0,1.0,1.0,1.0,0.0,0.0,0.0,0.0,0.0,0.0,100.0,100.0,100.0,1000.0,1000.0,1000.0,45.99715230988455,0,0,45.99715230988455,0.0,0.0,0,0
893812,62.5,62.5,21.5,0.0,0.0,0.0,40.0,1.0,1.0,1.0,0.0,0.0,0.0,0.0,0.0,0.0,100.0,100.0,100.0,1000.0,1000.0,1000.0,45.99715230988455,0,0,45.99715230988455,0.0,0.0,0,0
894012,62.5,62.5,21.5,0.0,0.0,0.0,40.0,1.0,1.0,1.0,0.0,0.0,0.0,0.0,0.0,0.0,100.0,100.0,100.0,1000.0,1000.0,1000.0,45.99715230988455,0,0,45.99715230988455,0.0,0.0,0,0
894212,62.5,62.5,21.5,0.0,0.0,0.0,40.0,1.0,1.0,1.0,0.0,0.0,0.0,0.0,0.0,0.0,100.0,100.0,100.0,1000.0,1000.0,1000.0,45.99715230988455,0,0,45.99715230988455,0.0,0.0,0,0
894412,62.5,62.5,21.5,0.0,0.0,0.0,40.0,1.0,1.0,1.0,0.0,0.0,0.0,0.0,0.0,0.0,100.0,100.0,100.0,1000.0,1000.0,1000.0,45.99715230988455,0,0,45.99715230988455,0.0,0.0,0,0
894612,62.5,62.5,21.5,0.0,0.0,0.0,40.0,1.0,1.0,1.0,0.0,0.0,0.0,0.0,0.0,0.0,100.0,100.0,100.0,1000.0,1000.0,1000.0,45.99715230988455,0,0,45.99715230988455,0.0,0.0,0,0
894812,62.5,62.5,21.5,0.0,0.0,0.0,40.0,1.0,1.0,1.0,0.0,0.0,0.0,0.0,0.0,0.0,100.0,100.0,100.0,1000.0,1000.0,1000.0,45.99715230988455,0,0,45.99715230988455,0.0,0.0,0,0
895012,62.5,62.5,21.5,0.0,0.0,0.0,40.0,1.0,1.0,1.0,0.0,0.0,0.0,0.0,0.0,0.0,100.0,100.0,100.0,1000.0,1000.0,1000.0,45.99715230988455,0,0,45.99715230988455,0.0,0.0,0,0
